clave_municipio,clave_estado,ano,estado,municipio,sexo,grupo_edad,acciones,monto
017,07,2019,Chiapas,Cintalapa de Figueroa,Hombre,30 a 59,18,167232.0
017,07,2019,Chiapas,Cintalapa de Figueroa,Mujer,30 a 59,9,84223.0
017,07,2020,Chiapas,Cintalapa de Figueroa,Hombre,30 a 59,62,744000.0
017,07,2020,Chiapas,Cintalapa de Figueroa,Mujer,29 o menos,20,240000.0
017,07,2020,Chiapas,Cintalapa de Figueroa,Hombre,60 o más,16,192000.0
017,07,2020,Chiapas,Cintalapa de Figueroa,Hombre,29 o menos,13,156000.0
017,07,2019,Chiapas,Cintalapa de Figueroa,Mujer,29 o menos,3,29699.0
017,07,2020,Chiapas,Cintalapa de Figueroa,Mujer,60 o más,25,300000.0
017,07,2020,Chiapas,Cintalapa de Figueroa,Mujer,30 a 59,72,857492.0
017,07,2019,Chiapas,Cintalapa de Figueroa,Mujer,60 o más,1,9727.0
017,07,2019,Chiapas,Cintalapa de Figueroa,Hombre,60 o más,4,36987.0
001,01,2019,Aguascalientes,Aguascalientes,Mujer,29 o menos,11,132000.0
001,01,2019,Aguascalientes,Aguascalientes,Mujer,30 a 59,39,468000.0
001,01,2019,Aguascalientes,Aguascalientes,Mujer,60 o más,7,84000.0
001,01,2019,Aguascalientes,Aguascalientes,Hombre,60 o más,3,36000.0
001,01,2019,Aguascalientes,Aguascalientes,Hombre,30 a 59,43,516000.0
001,01,2019,Aguascalientes,Aguascalientes,Hombre,29 o menos,9,108000.0
005,01,2019,Aguascalientes,Jesús María,Mujer,30 a 59,25,300000.0
005,01,2019,Aguascalientes,Jesús María,Hombre,29 o menos,4,48000.0
005,01,2019,Aguascalientes,Jesús María,Mujer,29 o menos,6,72000.0
005,01,2019,Aguascalientes,Jesús María,Hombre,30 a 59,32,384000.0
005,01,2019,Aguascalientes,Jesús María,Hombre,60 o más,11,132000.0
005,01,2019,Aguascalientes,Jesús María,Mujer,60 o más,4,48000.0
010,01,2019,Aguascalientes,El Llano,Hombre,60 o más,2,24000.0
010,01,2019,Aguascalientes,El Llano,Mujer,30 a 59,5,60000.0
010,01,2019,Aguascalientes,El Llano,Hombre,30 a 59,9,108000.0
010,01,2019,Aguascalientes,El Llano,Mujer,60 o más,3,36000.0
010,01,2019,Aguascalientes,El Llano,Hombre,29 o menos,5,60000.0
010,01,2019,Aguascalientes,El Llano,Mujer,29 o menos,3,36000.0
001,04,2020,Campeche,Calkiní,Hombre,60 o más,11,132000.0
001,04,2019,Campeche,Calkiní,Mujer,60 o más,1,12000.0
001,04,2020,Campeche,Calkiní,Hombre,29 o menos,3,36000.0
001,04,2019,Campeche,Calkiní,Hombre,29 o menos,4,48000.0
001,04,2019,Campeche,Calkiní,Hombre,30 a 59,22,264000.0
001,04,2019,Campeche,Calkiní,Mujer,29 o menos,3,36000.0
001,04,2020,Campeche,Calkiní,Hombre,30 a 59,28,336000.0
001,04,2019,Campeche,Calkiní,Hombre,60 o más,5,60000.0
001,04,2020,Campeche,Calkiní,Mujer,60 o más,3,36000.0
001,04,2020,Campeche,Calkiní,Mujer,30 a 59,14,168000.0
001,04,2019,Campeche,Calkiní,Mujer,30 a 59,14,168000.0
017,05,2019,Coahuila de Zaragoza,Matamoros,Hombre,29 o menos,1,12000.0
017,05,2019,Coahuila de Zaragoza,Matamoros,Mujer,30 a 59,2,24000.0
017,05,2019,Coahuila de Zaragoza,Matamoros,Hombre,30 a 59,2,24000.0
025,05,2020,Coahuila de Zaragoza,Piedras Negras,Hombre,30 a 59,15,180000.0
025,05,2020,Coahuila de Zaragoza,Piedras Negras,Mujer,30 a 59,12,144000.0
025,05,2020,Coahuila de Zaragoza,Piedras Negras,Hombre,60 o más,3,36000.0
033,05,2020,Coahuila de Zaragoza,San Pedro,Mujer,60 o más,8,96000.0
033,05,2020,Coahuila de Zaragoza,San Pedro,Hombre,29 o menos,8,96000.0
033,05,2020,Coahuila de Zaragoza,San Pedro,Hombre,60 o más,5,60000.0
033,05,2020,Coahuila de Zaragoza,San Pedro,Mujer,29 o menos,4,48000.0
033,05,2020,Coahuila de Zaragoza,San Pedro,Mujer,30 a 59,32,384000.0
033,05,2020,Coahuila de Zaragoza,San Pedro,Hombre,30 a 59,21,252000.0
035,05,2019,Coahuila de Zaragoza,Torreón,Hombre,30 a 59,2,24000.0
008,06,2019,Colima,Minatitlán,Hombre,60 o más,1,12000.0
008,06,2019,Colima,Minatitlán,Mujer,30 a 59,7,84000.0
008,06,2019,Colima,Minatitlán,Mujer,29 o menos,1,12000.0
008,06,2019,Colima,Minatitlán,Mujer,60 o más,1,12000.0
008,06,2019,Colima,Minatitlán,Hombre,30 a 59,10,120000.0
008,06,2019,Colima,Minatitlán,Hombre,29 o menos,3,36000.0
002,07,2020,Chiapas,Acala,Mujer,29 o menos,10,120000.0
002,07,2020,Chiapas,Acala,Mujer,60 o más,11,132000.0
002,07,2020,Chiapas,Acala,Hombre,60 o más,10,120000.0
002,07,2020,Chiapas,Acala,Hombre,30 a 59,36,432000.0
002,07,2020,Chiapas,Acala,Hombre,29 o menos,6,72000.0
002,07,2020,Chiapas,Acala,Mujer,30 a 59,52,624000.0
012,07,2019,Chiapas,Berriozábal,Mujer,29 o menos,3,33567.0
012,07,2019,Chiapas,Berriozábal,Hombre,60 o más,15,175988.0
012,07,2020,Chiapas,Berriozábal,Hombre,29 o menos,1,12000.0
012,07,2020,Chiapas,Berriozábal,Mujer,29 o menos,3,36000.0
012,07,2019,Chiapas,Berriozábal,Hombre,30 a 59,25,284532.0
012,07,2020,Chiapas,Berriozábal,Hombre,30 a 59,8,96000.0
012,07,2020,Chiapas,Berriozábal,Mujer,60 o más,3,36000.0
012,07,2019,Chiapas,Berriozábal,Mujer,60 o más,7,77741.0
012,07,2020,Chiapas,Berriozábal,Mujer,30 a 59,4,48000.0
012,07,2020,Chiapas,Berriozábal,Hombre,60 o más,5,60000.0
012,07,2019,Chiapas,Berriozábal,Hombre,29 o menos,3,32888.0
012,07,2019,Chiapas,Berriozábal,Mujer,30 a 59,21,234735.0
101,07,2020,Chiapas,Tuxtla Gutiérrez,Mujer,30 a 59,2,24000.0
101,07,2020,Chiapas,Tuxtla Gutiérrez,Hombre,30 a 59,1,12000.0
101,07,2020,Chiapas,Tuxtla Gutiérrez,Mujer,60 o más,1,12000.0
101,07,2020,Chiapas,Tuxtla Gutiérrez,Hombre,60 o más,1,12000.0
107,07,2020,Chiapas,Villa Corzo,Mujer,29 o menos,15,180000.0
107,07,2020,Chiapas,Villa Corzo,Mujer,60 o más,29,348000.0
107,07,2020,Chiapas,Villa Corzo,Hombre,60 o más,28,336000.0
107,07,2020,Chiapas,Villa Corzo,Hombre,29 o menos,14,168000.0
107,07,2020,Chiapas,Villa Corzo,Hombre,30 a 59,58,696000.0
107,07,2020,Chiapas,Villa Corzo,Mujer,30 a 59,109,1308000.0
019,08,2020,Chihuahua,Chihuahua,Hombre,30 a 59,4,48000.0
019,08,2019,Chihuahua,Chihuahua,Mujer,30 a 59,1,12000.0
019,08,2020,Chihuahua,Chihuahua,Mujer,30 a 59,3,36000.0
037,08,2020,Chihuahua,Juárez,Hombre,29 o menos,1,12000.0
037,08,2020,Chihuahua,Juárez,Mujer,30 a 59,83,996000.0
037,08,2020,Chihuahua,Juárez,Mujer,29 o menos,4,48000.0
037,08,2020,Chihuahua,Juárez,Hombre,30 a 59,111,1332000.0
037,08,2020,Chihuahua,Juárez,Hombre,60 o más,22,264000.0
037,08,2020,Chihuahua,Juárez,Mujer,60 o más,22,264000.0
045,08,2020,Chihuahua,Meoqui,Mujer,30 a 59,6,72000.0
045,08,2020,Chihuahua,Meoqui,Hombre,29 o menos,1,12000.0
045,08,2020,Chihuahua,Meoqui,Hombre,30 a 59,5,60000.0
045,08,2020,Chihuahua,Meoqui,Mujer,60 o más,4,48000.0
045,08,2020,Chihuahua,Meoqui,Hombre,60 o más,1,12000.0
062,08,2019,Chihuahua,Saucillo,Mujer,60 o más,5,60000.0
062,08,2019,Chihuahua,Saucillo,Hombre,60 o más,1,12000.0
062,08,2020,Chihuahua,Saucillo,Mujer,30 a 59,1,12000.0
062,08,2019,Chihuahua,Saucillo,Hombre,29 o menos,4,48000.0
062,08,2019,Chihuahua,Saucillo,Mujer,29 o menos,3,36000.0
062,08,2019,Chihuahua,Saucillo,Mujer,30 a 59,14,168000.0
062,08,2019,Chihuahua,Saucillo,Hombre,30 a 59,11,132000.0
005,09,2020,Ciudad de México,Gustavo A. Madero,Mujer,29 o menos,2,24000.0
005,09,2020,Ciudad de México,Gustavo A. Madero,Hombre,30 a 59,21,252000.0
005,09,2020,Ciudad de México,Gustavo A. Madero,Hombre,60 o más,12,144000.0
005,09,2020,Ciudad de México,Gustavo A. Madero,Mujer,60 o más,12,144000.0
005,09,2020,Ciudad de México,Gustavo A. Madero,Mujer,30 a 59,18,216000.0
005,09,2020,Ciudad de México,Gustavo A. Madero,Hombre,29 o menos,2,24000.0
005,10,2019,Durango,Durango,Mujer,29 o menos,14,168000.0
005,10,2019,Durango,Durango,Hombre,29 o menos,18,216000.0
005,10,2019,Durango,Durango,Mujer,30 a 59,45,540000.0
005,10,2019,Durango,Durango,Hombre,30 a 59,29,348000.0
005,10,2019,Durango,Durango,Hombre,60 o más,4,48000.0
005,10,2019,Durango,Durango,Mujer,60 o más,9,108000.0
007,10,2019,Durango,Gómez Palacio,Hombre,29 o menos,3,36000.0
007,10,2019,Durango,Gómez Palacio,Mujer,60 o más,1,12000.0
007,10,2019,Durango,Gómez Palacio,Mujer,29 o menos,1,12000.0
007,10,2019,Durango,Gómez Palacio,Hombre,60 o más,1,12000.0
007,10,2019,Durango,Gómez Palacio,Mujer,30 a 59,3,36000.0
007,10,2019,Durango,Gómez Palacio,Hombre,30 a 59,3,36000.0
012,10,2019,Durango,Lerdo,Hombre,29 o menos,1,12000.0
012,10,2019,Durango,Lerdo,Mujer,30 a 59,1,12000.0
044,11,2019,Guanajuato,Villagrán,Hombre,30 a 59,26,312000.0
044,11,2019,Guanajuato,Villagrán,Mujer,30 a 59,33,396000.0
044,11,2019,Guanajuato,Villagrán,Hombre,60 o más,7,84000.0
044,11,2019,Guanajuato,Villagrán,Mujer,60 o más,5,60000.0
044,11,2019,Guanajuato,Villagrán,Mujer,29 o menos,5,60000.0
044,11,2019,Guanajuato,Villagrán,Hombre,29 o menos,1,12000.0
001,12,2019,Guerrero,Acapulco de Juárez,Mujer,30 a 59,5,60000.0
001,12,2019,Guerrero,Acapulco de Juárez,Mujer,29 o menos,2,24000.0
001,12,2019,Guerrero,Acapulco de Juárez,Hombre,30 a 59,8,96000.0
001,12,2019,Guerrero,Acapulco de Juárez,Mujer,60 o más,7,84000.0
001,12,2019,Guerrero,Acapulco de Juárez,Hombre,60 o más,5,60000.0
014,12,2020,Guerrero,Benito Juárez,Mujer,30 a 59,22,264000.0
014,12,2020,Guerrero,Benito Juárez,Hombre,30 a 59,16,192000.0
014,12,2020,Guerrero,Benito Juárez,Mujer,29 o menos,4,48000.0
014,12,2020,Guerrero,Benito Juárez,Hombre,29 o menos,3,36000.0
014,12,2020,Guerrero,Benito Juárez,Hombre,60 o más,10,120000.0
014,12,2020,Guerrero,Benito Juárez,Mujer,60 o más,15,180000.0
021,12,2020,Guerrero,Coyuca de Benítez,Hombre,29 o menos,3,36000.0
021,12,2020,Guerrero,Coyuca de Benítez,Mujer,30 a 59,25,300000.0
021,12,2020,Guerrero,Coyuca de Benítez,Mujer,60 o más,6,72000.0
021,12,2020,Guerrero,Coyuca de Benítez,Hombre,60 o más,10,120000.0
021,12,2020,Guerrero,Coyuca de Benítez,Hombre,30 a 59,19,228000.0
021,12,2020,Guerrero,Coyuca de Benítez,Mujer,29 o menos,4,48000.0
022,12,2020,Guerrero,Coyuca de Catalán,Mujer,60 o más,1,12000.0
022,12,2020,Guerrero,Coyuca de Catalán,Hombre,30 a 59,7,84000.0
022,12,2020,Guerrero,Coyuca de Catalán,Hombre,60 o más,2,24000.0
022,12,2020,Guerrero,Coyuca de Catalán,Hombre,29 o menos,1,12000.0
022,12,2020,Guerrero,Coyuca de Catalán,Mujer,29 o menos,3,36000.0
022,12,2020,Guerrero,Coyuca de Catalán,Mujer,30 a 59,10,120000.0
034,12,2019,Guerrero,Huitzuco de los Figueroa,Mujer,60 o más,9,108000.0
034,12,2020,Guerrero,Huitzuco de los Figueroa,Mujer,60 o más,2,24000.0
034,12,2020,Guerrero,Huitzuco de los Figueroa,Mujer,29 o menos,1,12000.0
034,12,2020,Guerrero,Huitzuco de los Figueroa,Hombre,60 o más,1,12000.0
034,12,2019,Guerrero,Huitzuco de los Figueroa,Hombre,60 o más,6,72000.0
034,12,2019,Guerrero,Huitzuco de los Figueroa,Mujer,30 a 59,8,96000.0
034,12,2020,Guerrero,Huitzuco de los Figueroa,Mujer,30 a 59,3,36000.0
034,12,2019,Guerrero,Huitzuco de los Figueroa,Hombre,29 o menos,3,36000.0
034,12,2019,Guerrero,Huitzuco de los Figueroa,Mujer,29 o menos,1,12000.0
034,12,2019,Guerrero,Huitzuco de los Figueroa,Hombre,30 a 59,10,120000.0
034,12,2020,Guerrero,Huitzuco de los Figueroa,Hombre,30 a 59,1,12000.0
035,12,2020,Guerrero,Iguala de la Independencia,Mujer,29 o menos,2,24000.0
035,12,2020,Guerrero,Iguala de la Independencia,Hombre,29 o menos,1,12000.0
035,12,2020,Guerrero,Iguala de la Independencia,Mujer,60 o más,4,48000.0
035,12,2020,Guerrero,Iguala de la Independencia,Mujer,30 a 59,19,228000.0
035,12,2020,Guerrero,Iguala de la Independencia,Hombre,60 o más,5,60000.0
035,12,2020,Guerrero,Iguala de la Independencia,Hombre,30 a 59,14,168000.0
075,12,2020,Guerrero,Eduardo Neri,Mujer,30 a 59,30,360000.0
075,12,2020,Guerrero,Eduardo Neri,Mujer,60 o más,10,120000.0
075,12,2020,Guerrero,Eduardo Neri,Hombre,60 o más,3,36000.0
075,12,2020,Guerrero,Eduardo Neri,Hombre,30 a 59,14,168000.0
075,12,2020,Guerrero,Eduardo Neri,Mujer,29 o menos,10,120000.0
075,12,2020,Guerrero,Eduardo Neri,Hombre,29 o menos,3,36000.0
008,13,2020,Hidalgo,Apan,Mujer,30 a 59,2,24000.0
008,13,2019,Hidalgo,Apan,Hombre,29 o menos,4,48000.0
008,13,2019,Hidalgo,Apan,Hombre,60 o más,7,84000.0
008,13,2019,Hidalgo,Apan,Mujer,30 a 59,47,564000.0
008,13,2019,Hidalgo,Apan,Mujer,60 o más,9,108000.0
008,13,2019,Hidalgo,Apan,Mujer,29 o menos,12,144000.0
008,13,2019,Hidalgo,Apan,Hombre,30 a 59,43,516000.0
028,13,2019,Hidalgo,Huejutla de Reyes,Mujer,30 a 59,10,120000.0
028,13,2019,Hidalgo,Huejutla de Reyes,Mujer,60 o más,2,24000.0
028,13,2020,Hidalgo,Huejutla de Reyes,Mujer,60 o más,1,12000.0
028,13,2019,Hidalgo,Huejutla de Reyes,Hombre,29 o menos,3,36000.0
028,13,2019,Hidalgo,Huejutla de Reyes,Hombre,30 a 59,6,72000.0
028,13,2019,Hidalgo,Huejutla de Reyes,Hombre,60 o más,1,12000.0
028,13,2019,Hidalgo,Huejutla de Reyes,Mujer,29 o menos,1,12000.0
048,13,2020,Hidalgo,Pachuca de Soto,Mujer,30 a 59,32,384000.0
048,13,2019,Hidalgo,Pachuca de Soto,Mujer,30 a 59,39,468000.0
048,13,2019,Hidalgo,Pachuca de Soto,Hombre,60 o más,9,108000.0
048,13,2020,Hidalgo,Pachuca de Soto,Mujer,29 o menos,3,36000.0
048,13,2019,Hidalgo,Pachuca de Soto,Mujer,29 o menos,3,36000.0
048,13,2020,Hidalgo,Pachuca de Soto,Hombre,30 a 59,22,264000.0
048,13,2020,Hidalgo,Pachuca de Soto,Hombre,60 o más,6,72000.0
048,13,2020,Hidalgo,Pachuca de Soto,Hombre,29 o menos,4,48000.0
048,13,2020,Hidalgo,Pachuca de Soto,Mujer,60 o más,6,72000.0
048,13,2019,Hidalgo,Pachuca de Soto,Hombre,30 a 59,37,444000.0
048,13,2019,Hidalgo,Pachuca de Soto,Hombre,29 o menos,5,60000.0
048,13,2019,Hidalgo,Pachuca de Soto,Mujer,60 o más,13,156000.0
082,13,2019,Hidalgo,Zapotlán de Juárez,Mujer,30 a 59,6,72000.0
082,13,2019,Hidalgo,Zapotlán de Juárez,Hombre,30 a 59,4,48000.0
082,13,2019,Hidalgo,Zapotlán de Juárez,Mujer,60 o más,2,24000.0
006,14,2020,Jalisco,Ameca,Hombre,60 o más,6,72000.0
006,14,2020,Jalisco,Ameca,Mujer,30 a 59,3,36000.0
006,14,2020,Jalisco,Ameca,Hombre,29 o menos,1,12000.0
006,14,2020,Jalisco,Ameca,Hombre,30 a 59,4,48000.0
006,14,2020,Jalisco,Ameca,Mujer,60 o más,1,12000.0
018,14,2019,Jalisco,La Barca,Hombre,30 a 59,2,20351.0
018,14,2019,Jalisco,La Barca,Hombre,60 o más,2,15777.0
018,14,2019,Jalisco,La Barca,Mujer,60 o más,1,12000.0
018,14,2019,Jalisco,La Barca,Mujer,30 a 59,2,19532.0
023,14,2019,Jalisco,Zapotlán el Grande,Mujer,60 o más,1,8424.0
023,14,2020,Jalisco,Zapotlán el Grande,Hombre,30 a 59,1,12000.0
023,14,2019,Jalisco,Zapotlán el Grande,Mujer,30 a 59,2,24000.0
023,14,2019,Jalisco,Zapotlán el Grande,Hombre,29 o menos,1,12000.0
023,14,2019,Jalisco,Zapotlán el Grande,Hombre,30 a 59,3,36000.0
023,14,2019,Jalisco,Zapotlán el Grande,Hombre,60 o más,1,8537.0
023,14,2020,Jalisco,Zapotlán el Grande,Mujer,30 a 59,1,12000.0
047,14,2019,Jalisco,Jamay,Mujer,60 o más,6,72000.0
047,14,2019,Jalisco,Jamay,Mujer,30 a 59,10,120000.0
047,14,2019,Jalisco,Jamay,Hombre,29 o menos,2,24000.0
047,14,2019,Jalisco,Jamay,Hombre,60 o más,5,60000.0
047,14,2019,Jalisco,Jamay,Mujer,29 o menos,1,12000.0
047,14,2019,Jalisco,Jamay,Hombre,30 a 59,12,144000.0
055,14,2019,Jalisco,Magdalena,Mujer,30 a 59,4,48000.0
055,14,2019,Jalisco,Magdalena,Hombre,30 a 59,6,72000.0
055,14,2019,Jalisco,Magdalena,Hombre,29 o menos,1,12000.0
067,14,2019,Jalisco,Puerto Vallarta,Hombre,60 o más,2,15632.0
067,14,2019,Jalisco,Puerto Vallarta,Mujer,30 a 59,5,51881.0
067,14,2019,Jalisco,Puerto Vallarta,Hombre,30 a 59,4,37499.0
067,14,2019,Jalisco,Puerto Vallarta,Mujer,29 o menos,1,8574.0
067,14,2019,Jalisco,Puerto Vallarta,Mujer,60 o más,3,31877.0
070,14,2020,Jalisco,El Salto,Hombre,30 a 59,23,276000.0
070,14,2019,Jalisco,El Salto,Mujer,60 o más,5,57795.0
070,14,2020,Jalisco,El Salto,Mujer,60 o más,10,120000.0
070,14,2019,Jalisco,El Salto,Mujer,29 o menos,4,48000.0
070,14,2020,Jalisco,El Salto,Hombre,29 o menos,4,48000.0
070,14,2019,Jalisco,El Salto,Hombre,30 a 59,27,307448.0
070,14,2020,Jalisco,El Salto,Mujer,30 a 59,22,264000.0
070,14,2020,Jalisco,El Salto,Mujer,29 o menos,2,24000.0
070,14,2019,Jalisco,El Salto,Mujer,30 a 59,19,227383.0
070,14,2020,Jalisco,El Salto,Hombre,60 o más,3,36000.0
070,14,2019,Jalisco,El Salto,Hombre,60 o más,6,71928.0
098,14,2019,Jalisco,San Pedro Tlaquepaque,Mujer,29 o menos,3,36000.0
098,14,2019,Jalisco,San Pedro Tlaquepaque,Mujer,30 a 59,35,416082.0
098,14,2020,Jalisco,San Pedro Tlaquepaque,Mujer,60 o más,11,132000.0
098,14,2020,Jalisco,San Pedro Tlaquepaque,Hombre,29 o menos,3,36000.0
098,14,2019,Jalisco,San Pedro Tlaquepaque,Hombre,29 o menos,1,12000.0
098,14,2019,Jalisco,San Pedro Tlaquepaque,Hombre,30 a 59,23,276000.0
098,14,2020,Jalisco,San Pedro Tlaquepaque,Hombre,60 o más,10,120000.0
098,14,2020,Jalisco,San Pedro Tlaquepaque,Hombre,30 a 59,35,420000.0
098,14,2019,Jalisco,San Pedro Tlaquepaque,Hombre,60 o más,7,84000.0
098,14,2019,Jalisco,San Pedro Tlaquepaque,Mujer,60 o más,8,96000.0
098,14,2020,Jalisco,San Pedro Tlaquepaque,Mujer,30 a 59,40,480000.0
100,14,2019,Jalisco,Tomatlán,Hombre,30 a 59,4,36396.0
100,14,2019,Jalisco,Tomatlán,Hombre,60 o más,1,7712.0
100,14,2019,Jalisco,Tomatlán,Mujer,30 a 59,7,66940.0
100,14,2019,Jalisco,Tomatlán,Mujer,60 o más,4,48000.0
100,14,2019,Jalisco,Tomatlán,Mujer,29 o menos,3,32025.0
101,14,2019,Jalisco,Tonalá,Hombre,29 o menos,1,12000.0
101,14,2019,Jalisco,Tonalá,Hombre,30 a 59,17,204000.0
101,14,2020,Jalisco,Tonalá,Mujer,60 o más,2,24000.0
101,14,2019,Jalisco,Tonalá,Hombre,60 o más,19,228000.0
101,14,2019,Jalisco,Tonalá,Mujer,30 a 59,30,360000.0
101,14,2019,Jalisco,Tonalá,Mujer,60 o más,22,264000.0
101,14,2020,Jalisco,Tonalá,Mujer,30 a 59,3,36000.0
101,14,2020,Jalisco,Tonalá,Mujer,29 o menos,1,12000.0
101,14,2020,Jalisco,Tonalá,Hombre,30 a 59,6,72000.0
120,14,2020,Jalisco,Zapopan,Hombre,30 a 59,41,492000.0
120,14,2019,Jalisco,Zapopan,Mujer,29 o menos,8,88586.0
120,14,2020,Jalisco,Zapopan,Hombre,60 o más,21,252000.0
120,14,2020,Jalisco,Zapopan,Mujer,29 o menos,3,36000.0
120,14,2019,Jalisco,Zapopan,Hombre,29 o menos,4,48000.0
120,14,2020,Jalisco,Zapopan,Hombre,29 o menos,3,36000.0
120,14,2019,Jalisco,Zapopan,Hombre,60 o más,19,216161.0
120,14,2020,Jalisco,Zapopan,Mujer,30 a 59,55,660000.0
120,14,2019,Jalisco,Zapopan,Mujer,60 o más,12,136477.0
120,14,2019,Jalisco,Zapopan,Hombre,30 a 59,34,400475.0
120,14,2019,Jalisco,Zapopan,Mujer,30 a 59,49,540016.0
120,14,2020,Jalisco,Zapopan,Mujer,60 o más,16,192000.0
002,15,2020,México,Acolman,Hombre,60 o más,1,12000.0
002,15,2019,México,Acolman,Mujer,60 o más,6,72000.0
002,15,2020,México,Acolman,Hombre,30 a 59,8,96000.0
002,15,2019,México,Acolman,Hombre,29 o menos,1,12000.0
002,15,2020,México,Acolman,Mujer,30 a 59,4,48000.0
002,15,2020,México,Acolman,Mujer,60 o más,1,12000.0
002,15,2019,México,Acolman,Mujer,30 a 59,14,168000.0
002,15,2019,México,Acolman,Hombre,60 o más,4,48000.0
002,15,2019,México,Acolman,Mujer,29 o menos,1,12000.0
002,15,2019,México,Acolman,Hombre,30 a 59,7,84000.0
013,15,2020,México,Atizapán de Zaragoza,Mujer,29 o menos,1,12000.0
013,15,2019,México,Atizapán de Zaragoza,Mujer,60 o más,3,36000.0
013,15,2019,México,Atizapán de Zaragoza,Mujer,30 a 59,21,252000.0
013,15,2020,México,Atizapán de Zaragoza,Hombre,30 a 59,6,72000.0
013,15,2019,México,Atizapán de Zaragoza,Hombre,60 o más,2,24000.0
013,15,2019,México,Atizapán de Zaragoza,Hombre,29 o menos,1,12000.0
013,15,2019,México,Atizapán de Zaragoza,Hombre,30 a 59,21,252000.0
013,15,2020,México,Atizapán de Zaragoza,Hombre,60 o más,2,24000.0
013,15,2020,México,Atizapán de Zaragoza,Mujer,30 a 59,6,72000.0
013,15,2020,México,Atizapán de Zaragoza,Hombre,29 o menos,3,36000.0
013,15,2020,México,Atizapán de Zaragoza,Mujer,60 o más,4,48000.0
025,15,2019,México,Chalco,Mujer,29 o menos,1,12000.0
025,15,2019,México,Chalco,Hombre,30 a 59,12,144000.0
025,15,2019,México,Chalco,Mujer,60 o más,3,36000.0
025,15,2019,México,Chalco,Mujer,30 a 59,15,180000.0
025,15,2019,México,Chalco,Hombre,29 o menos,1,12000.0
025,15,2019,México,Chalco,Hombre,60 o más,4,48000.0
033,15,2019,México,Ecatepec de Morelos,Hombre,29 o menos,1,12000.0
033,15,2019,México,Ecatepec de Morelos,Hombre,60 o más,2,24000.0
033,15,2019,México,Ecatepec de Morelos,Hombre,30 a 59,2,24000.0
033,15,2019,México,Ecatepec de Morelos,Mujer,30 a 59,3,36000.0
039,15,2019,México,Ixtapaluca,Hombre,29 o menos,1,12000.0
039,15,2020,México,Ixtapaluca,Mujer,60 o más,6,72000.0
039,15,2020,México,Ixtapaluca,Hombre,60 o más,4,48000.0
039,15,2020,México,Ixtapaluca,Hombre,30 a 59,14,168000.0
039,15,2020,México,Ixtapaluca,Hombre,29 o menos,3,36000.0
039,15,2020,México,Ixtapaluca,Mujer,30 a 59,26,312000.0
039,15,2019,México,Ixtapaluca,Mujer,60 o más,2,24000.0
039,15,2019,México,Ixtapaluca,Mujer,30 a 59,6,72000.0
039,15,2019,México,Ixtapaluca,Hombre,30 a 59,7,84000.0
039,15,2019,México,Ixtapaluca,Mujer,29 o menos,1,12000.0
057,15,2020,México,Naucalpan de Juárez,Mujer,60 o más,2,24000.0
057,15,2020,México,Naucalpan de Juárez,Mujer,29 o menos,1,12000.0
057,15,2020,México,Naucalpan de Juárez,Hombre,30 a 59,7,84000.0
057,15,2019,México,Naucalpan de Juárez,Mujer,30 a 59,8,96000.0
057,15,2020,México,Naucalpan de Juárez,Hombre,29 o menos,1,12000.0
057,15,2020,México,Naucalpan de Juárez,Mujer,30 a 59,3,36000.0
057,15,2019,México,Naucalpan de Juárez,Hombre,30 a 59,6,72000.0
057,15,2019,México,Naucalpan de Juárez,Mujer,60 o más,4,48000.0
057,15,2019,México,Naucalpan de Juárez,Hombre,60 o más,11,132000.0
070,15,2020,México,La Paz,Hombre,30 a 59,4,48000.0
070,15,2019,México,La Paz,Hombre,30 a 59,8,96000.0
070,15,2020,México,La Paz,Mujer,30 a 59,4,48000.0
070,15,2019,México,La Paz,Mujer,30 a 59,6,72000.0
070,15,2020,México,La Paz,Hombre,60 o más,1,12000.0
070,15,2019,México,La Paz,Mujer,60 o más,5,60000.0
070,15,2019,México,La Paz,Hombre,60 o más,4,48000.0
081,15,2019,México,Tecámac,Hombre,30 a 59,1,12000.0
081,15,2019,México,Tecámac,Mujer,29 o menos,1,12000.0
081,15,2020,México,Tecámac,Hombre,60 o más,1,12000.0
104,15,2019,México,Tlalnepantla de Baz,Hombre,60 o más,1,12000.0
104,15,2019,México,Tlalnepantla de Baz,Mujer,30 a 59,4,48000.0
104,15,2019,México,Tlalnepantla de Baz,Hombre,29 o menos,1,12000.0
104,15,2020,México,Tlalnepantla de Baz,Mujer,30 a 59,3,36000.0
104,15,2019,México,Tlalnepantla de Baz,Mujer,60 o más,8,96000.0
104,15,2019,México,Tlalnepantla de Baz,Hombre,30 a 59,4,48000.0
104,15,2020,México,Tlalnepantla de Baz,Hombre,60 o más,2,24000.0
104,15,2020,México,Tlalnepantla de Baz,Hombre,30 a 59,2,24000.0
106,15,2020,México,Toluca,Mujer,30 a 59,2,24000.0
106,15,2020,México,Toluca,Mujer,60 o más,2,24000.0
106,15,2019,México,Toluca,Hombre,30 a 59,7,84000.0
106,15,2019,México,Toluca,Hombre,60 o más,3,36000.0
106,15,2020,México,Toluca,Hombre,60 o más,1,12000.0
106,15,2019,México,Toluca,Mujer,60 o más,2,24000.0
106,15,2019,México,Toluca,Mujer,30 a 59,5,60000.0
106,15,2020,México,Toluca,Hombre,30 a 59,5,60000.0
109,15,2019,México,Tultitlán,Hombre,30 a 59,3,36000.0
109,15,2020,México,Tultitlán,Mujer,29 o menos,1,12000.0
109,15,2019,México,Tultitlán,Mujer,30 a 59,5,60000.0
109,15,2019,México,Tultitlán,Hombre,60 o más,2,24000.0
109,15,2020,México,Tultitlán,Hombre,30 a 59,2,24000.0
109,15,2020,México,Tultitlán,Mujer,30 a 59,1,12000.0
118,15,2019,México,Zinacantepec,Mujer,30 a 59,6,72000.0
118,15,2019,México,Zinacantepec,Mujer,60 o más,8,96000.0
118,15,2019,México,Zinacantepec,Hombre,60 o más,6,72000.0
118,15,2019,México,Zinacantepec,Hombre,30 a 59,7,84000.0
121,15,2019,México,Cuautitlán Izcalli,Hombre,60 o más,3,36000.0
121,15,2019,México,Cuautitlán Izcalli,Hombre,30 a 59,7,84000.0
121,15,2019,México,Cuautitlán Izcalli,Mujer,60 o más,4,48000.0
121,15,2019,México,Cuautitlán Izcalli,Mujer,30 a 59,5,60000.0
003,16,2019,Michoacán de Ocampo,Álvaro Obregón,Mujer,30 a 59,42,504000.0
003,16,2019,Michoacán de Ocampo,Álvaro Obregón,Mujer,29 o menos,8,96000.0
003,16,2019,Michoacán de Ocampo,Álvaro Obregón,Hombre,60 o más,11,132000.0
003,16,2020,Michoacán de Ocampo,Álvaro Obregón,Hombre,30 a 59,1,12000.0
003,16,2019,Michoacán de Ocampo,Álvaro Obregón,Hombre,30 a 59,48,576000.0
003,16,2019,Michoacán de Ocampo,Álvaro Obregón,Mujer,60 o más,9,108000.0
003,16,2019,Michoacán de Ocampo,Álvaro Obregón,Hombre,29 o menos,4,48000.0
006,16,2019,Michoacán de Ocampo,Apatzingán,Mujer,30 a 59,7,84000.0
006,16,2020,Michoacán de Ocampo,Apatzingán,Hombre,30 a 59,1,12000.0
006,16,2019,Michoacán de Ocampo,Apatzingán,Hombre,30 a 59,5,60000.0
006,16,2019,Michoacán de Ocampo,Apatzingán,Hombre,60 o más,2,24000.0
006,16,2019,Michoacán de Ocampo,Apatzingán,Mujer,60 o más,2,24000.0
011,16,2019,Michoacán de Ocampo,Briseñas,Hombre,29 o menos,1,12000.0
011,16,2019,Michoacán de Ocampo,Briseñas,Mujer,30 a 59,1,12000.0
011,16,2019,Michoacán de Ocampo,Briseñas,Hombre,30 a 59,2,24000.0
033,16,2020,Michoacán de Ocampo,Gabriel Zamora,Hombre,60 o más,10,120000.0
033,16,2020,Michoacán de Ocampo,Gabriel Zamora,Hombre,30 a 59,21,252000.0
033,16,2020,Michoacán de Ocampo,Gabriel Zamora,Hombre,29 o menos,7,84000.0
033,16,2019,Michoacán de Ocampo,Gabriel Zamora,Hombre,60 o más,4,48000.0
033,16,2019,Michoacán de Ocampo,Gabriel Zamora,Mujer,29 o menos,1,12000.0
033,16,2019,Michoacán de Ocampo,Gabriel Zamora,Mujer,30 a 59,6,68912.0
033,16,2019,Michoacán de Ocampo,Gabriel Zamora,Mujer,60 o más,2,24000.0
033,16,2019,Michoacán de Ocampo,Gabriel Zamora,Hombre,30 a 59,3,36000.0
033,16,2020,Michoacán de Ocampo,Gabriel Zamora,Mujer,29 o menos,4,48000.0
033,16,2020,Michoacán de Ocampo,Gabriel Zamora,Mujer,30 a 59,43,516000.0
033,16,2020,Michoacán de Ocampo,Gabriel Zamora,Mujer,60 o más,6,72000.0
050,16,2019,Michoacán de Ocampo,Maravatío,Hombre,29 o menos,1,12000.0
050,16,2019,Michoacán de Ocampo,Maravatío,Hombre,60 o más,1,12000.0
050,16,2019,Michoacán de Ocampo,Maravatío,Hombre,30 a 59,4,48000.0
050,16,2019,Michoacán de Ocampo,Maravatío,Mujer,29 o menos,1,12000.0
050,16,2020,Michoacán de Ocampo,Maravatío,Mujer,60 o más,46,552000.0
050,16,2020,Michoacán de Ocampo,Maravatío,Hombre,30 a 59,126,1512000.0
050,16,2019,Michoacán de Ocampo,Maravatío,Mujer,30 a 59,5,60000.0
050,16,2020,Michoacán de Ocampo,Maravatío,Hombre,60 o más,31,372000.0
050,16,2020,Michoacán de Ocampo,Maravatío,Hombre,29 o menos,21,252000.0
050,16,2020,Michoacán de Ocampo,Maravatío,Mujer,29 o menos,13,156000.0
050,16,2020,Michoacán de Ocampo,Maravatío,Mujer,30 a 59,121,1452000.0
050,16,2019,Michoacán de Ocampo,Maravatío,Mujer,60 o más,2,24000.0
052,16,2019,Michoacán de Ocampo,Lázaro Cárdenas,Hombre,29 o menos,1,12000.0
052,16,2019,Michoacán de Ocampo,Lázaro Cárdenas,Mujer,30 a 59,22,264000.0
052,16,2019,Michoacán de Ocampo,Lázaro Cárdenas,Mujer,60 o más,3,36000.0
052,16,2019,Michoacán de Ocampo,Lázaro Cárdenas,Mujer,29 o menos,5,60000.0
052,16,2020,Michoacán de Ocampo,Lázaro Cárdenas,Hombre,30 a 59,4,48000.0
052,16,2019,Michoacán de Ocampo,Lázaro Cárdenas,Hombre,30 a 59,17,204000.0
052,16,2019,Michoacán de Ocampo,Lázaro Cárdenas,Hombre,60 o más,1,12000.0
052,16,2020,Michoacán de Ocampo,Lázaro Cárdenas,Mujer,30 a 59,7,84000.0
053,16,2019,Michoacán de Ocampo,Morelia,Mujer,30 a 59,22,260262.0
053,16,2020,Michoacán de Ocampo,Morelia,Hombre,29 o menos,5,60000.0
053,16,2020,Michoacán de Ocampo,Morelia,Hombre,30 a 59,44,528000.0
053,16,2020,Michoacán de Ocampo,Morelia,Mujer,30 a 59,60,720000.0
053,16,2019,Michoacán de Ocampo,Morelia,Hombre,30 a 59,9,108000.0
053,16,2020,Michoacán de Ocampo,Morelia,Hombre,60 o más,10,120000.0
053,16,2019,Michoacán de Ocampo,Morelia,Mujer,29 o menos,5,60000.0
053,16,2019,Michoacán de Ocampo,Morelia,Hombre,29 o menos,4,44030.0
053,16,2019,Michoacán de Ocampo,Morelia,Hombre,60 o más,11,132000.0
053,16,2019,Michoacán de Ocampo,Morelia,Mujer,60 o más,6,70126.0
053,16,2020,Michoacán de Ocampo,Morelia,Mujer,29 o menos,9,108000.0
053,16,2020,Michoacán de Ocampo,Morelia,Mujer,60 o más,12,144000.0
054,16,2019,Michoacán de Ocampo,Morelos,Mujer,30 a 59,25,300000.0
054,16,2020,Michoacán de Ocampo,Morelos,Hombre,30 a 59,16,192000.0
054,16,2020,Michoacán de Ocampo,Morelos,Mujer,30 a 59,9,108000.0
054,16,2020,Michoacán de Ocampo,Morelos,Hombre,60 o más,7,84000.0
054,16,2020,Michoacán de Ocampo,Morelos,Mujer,60 o más,4,48000.0
054,16,2019,Michoacán de Ocampo,Morelos,Mujer,60 o más,8,96000.0
054,16,2019,Michoacán de Ocampo,Morelos,Hombre,60 o más,9,108000.0
054,16,2019,Michoacán de Ocampo,Morelos,Hombre,30 a 59,46,552000.0
054,16,2019,Michoacán de Ocampo,Morelos,Hombre,29 o menos,4,48000.0
054,16,2020,Michoacán de Ocampo,Morelos,Hombre,29 o menos,1,12000.0
054,16,2020,Michoacán de Ocampo,Morelos,Mujer,29 o menos,2,24000.0
054,16,2019,Michoacán de Ocampo,Morelos,Mujer,29 o menos,4,48000.0
055,16,2020,Michoacán de Ocampo,Múgica,Mujer,30 a 59,15,180000.0
055,16,2020,Michoacán de Ocampo,Múgica,Mujer,29 o menos,1,12000.0
055,16,2019,Michoacán de Ocampo,Múgica,Mujer,30 a 59,62,744000.0
055,16,2019,Michoacán de Ocampo,Múgica,Mujer,60 o más,16,192000.0
055,16,2019,Michoacán de Ocampo,Múgica,Hombre,30 a 59,38,456000.0
055,16,2019,Michoacán de Ocampo,Múgica,Hombre,29 o menos,6,72000.0
055,16,2020,Michoacán de Ocampo,Múgica,Mujer,60 o más,7,84000.0
055,16,2019,Michoacán de Ocampo,Múgica,Hombre,60 o más,10,120000.0
055,16,2020,Michoacán de Ocampo,Múgica,Hombre,60 o más,5,60000.0
055,16,2020,Michoacán de Ocampo,Múgica,Hombre,30 a 59,12,144000.0
055,16,2019,Michoacán de Ocampo,Múgica,Mujer,29 o menos,6,72000.0
055,16,2020,Michoacán de Ocampo,Múgica,Hombre,29 o menos,1,12000.0
058,16,2020,Michoacán de Ocampo,Nuevo Parangaricutiro,Mujer,30 a 59,1,12000.0
062,16,2020,Michoacán de Ocampo,Pajacuarán,Hombre,60 o más,1,12000.0
062,16,2020,Michoacán de Ocampo,Pajacuarán,Mujer,29 o menos,1,12000.0
062,16,2019,Michoacán de Ocampo,Pajacuarán,Hombre,30 a 59,11,132000.0
062,16,2019,Michoacán de Ocampo,Pajacuarán,Hombre,60 o más,8,96000.0
062,16,2019,Michoacán de Ocampo,Pajacuarán,Mujer,30 a 59,5,60000.0
062,16,2020,Michoacán de Ocampo,Pajacuarán,Hombre,30 a 59,1,12000.0
066,16,2019,Michoacán de Ocampo,Pátzcuaro,Mujer,60 o más,1,12000.0
066,16,2019,Michoacán de Ocampo,Pátzcuaro,Mujer,29 o menos,4,48000.0
066,16,2019,Michoacán de Ocampo,Pátzcuaro,Hombre,30 a 59,13,156000.0
066,16,2019,Michoacán de Ocampo,Pátzcuaro,Mujer,30 a 59,12,144000.0
066,16,2019,Michoacán de Ocampo,Pátzcuaro,Hombre,29 o menos,2,24000.0
066,16,2019,Michoacán de Ocampo,Pátzcuaro,Hombre,60 o más,2,24000.0
069,16,2020,Michoacán de Ocampo,La Piedad,Hombre,30 a 59,4,48000.0
069,16,2020,Michoacán de Ocampo,La Piedad,Hombre,29 o menos,1,12000.0
069,16,2020,Michoacán de Ocampo,La Piedad,Mujer,30 a 59,5,60000.0
076,16,2020,Michoacán de Ocampo,Sahuayo,Mujer,29 o menos,1,12000.0
076,16,2019,Michoacán de Ocampo,Sahuayo,Hombre,60 o más,12,144000.0
076,16,2020,Michoacán de Ocampo,Sahuayo,Hombre,29 o menos,2,24000.0
076,16,2019,Michoacán de Ocampo,Sahuayo,Hombre,29 o menos,6,72000.0
076,16,2019,Michoacán de Ocampo,Sahuayo,Hombre,30 a 59,42,504000.0
076,16,2019,Michoacán de Ocampo,Sahuayo,Mujer,30 a 59,43,516000.0
076,16,2020,Michoacán de Ocampo,Sahuayo,Hombre,60 o más,2,24000.0
076,16,2019,Michoacán de Ocampo,Sahuayo,Mujer,60 o más,7,84000.0
076,16,2020,Michoacán de Ocampo,Sahuayo,Mujer,60 o más,2,24000.0
076,16,2020,Michoacán de Ocampo,Sahuayo,Mujer,30 a 59,15,180000.0
076,16,2019,Michoacán de Ocampo,Sahuayo,Mujer,29 o menos,5,60000.0
076,16,2020,Michoacán de Ocampo,Sahuayo,Hombre,30 a 59,16,192000.0
084,16,2020,Michoacán de Ocampo,Tangamandapio,Mujer,30 a 59,1,12000.0
084,16,2019,Michoacán de Ocampo,Tangamandapio,Mujer,60 o más,7,84000.0
084,16,2019,Michoacán de Ocampo,Tangamandapio,Hombre,29 o menos,1,12000.0
084,16,2020,Michoacán de Ocampo,Tangamandapio,Hombre,30 a 59,1,12000.0
084,16,2019,Michoacán de Ocampo,Tangamandapio,Hombre,30 a 59,12,144000.0
084,16,2019,Michoacán de Ocampo,Tangamandapio,Mujer,30 a 59,7,84000.0
084,16,2020,Michoacán de Ocampo,Tangamandapio,Mujer,60 o más,2,24000.0
084,16,2020,Michoacán de Ocampo,Tangamandapio,Hombre,60 o más,2,24000.0
084,16,2019,Michoacán de Ocampo,Tangamandapio,Hombre,60 o más,3,36000.0
102,16,2020,Michoacán de Ocampo,Uruapan,Hombre,29 o menos,2,24000.0
102,16,2019,Michoacán de Ocampo,Uruapan,Hombre,29 o menos,2,24000.0
102,16,2019,Michoacán de Ocampo,Uruapan,Hombre,30 a 59,3,36000.0
102,16,2019,Michoacán de Ocampo,Uruapan,Mujer,60 o más,2,24000.0
102,16,2020,Michoacán de Ocampo,Uruapan,Hombre,60 o más,3,36000.0
102,16,2019,Michoacán de Ocampo,Uruapan,Hombre,60 o más,1,12000.0
102,16,2019,Michoacán de Ocampo,Uruapan,Mujer,30 a 59,2,24000.0
102,16,2020,Michoacán de Ocampo,Uruapan,Mujer,60 o más,1,12000.0
102,16,2020,Michoacán de Ocampo,Uruapan,Hombre,30 a 59,3,36000.0
102,16,2020,Michoacán de Ocampo,Uruapan,Mujer,30 a 59,4,48000.0
105,16,2019,Michoacán de Ocampo,Vista Hermosa,Hombre,30 a 59,13,139931.0
105,16,2019,Michoacán de Ocampo,Vista Hermosa,Hombre,29 o menos,1,12000.0
105,16,2019,Michoacán de Ocampo,Vista Hermosa,Mujer,60 o más,3,32918.0
105,16,2019,Michoacán de Ocampo,Vista Hermosa,Mujer,29 o menos,1,6598.0
105,16,2019,Michoacán de Ocampo,Vista Hermosa,Hombre,60 o más,8,85171.0
105,16,2019,Michoacán de Ocampo,Vista Hermosa,Mujer,30 a 59,9,91768.0
106,16,2020,Michoacán de Ocampo,Yurécuaro,Mujer,29 o menos,2,24000.0
106,16,2019,Michoacán de Ocampo,Yurécuaro,Hombre,60 o más,3,36000.0
106,16,2019,Michoacán de Ocampo,Yurécuaro,Mujer,60 o más,4,48000.0
106,16,2019,Michoacán de Ocampo,Yurécuaro,Hombre,29 o menos,6,69614.0
106,16,2019,Michoacán de Ocampo,Yurécuaro,Hombre,30 a 59,19,228000.0
106,16,2019,Michoacán de Ocampo,Yurécuaro,Mujer,29 o menos,3,36000.0
106,16,2019,Michoacán de Ocampo,Yurécuaro,Mujer,30 a 59,10,120000.0
106,16,2020,Michoacán de Ocampo,Yurécuaro,Hombre,30 a 59,13,156000.0
106,16,2020,Michoacán de Ocampo,Yurécuaro,Hombre,29 o menos,1,12000.0
106,16,2020,Michoacán de Ocampo,Yurécuaro,Hombre,60 o más,1,12000.0
106,16,2020,Michoacán de Ocampo,Yurécuaro,Mujer,30 a 59,10,120000.0
108,16,2019,Michoacán de Ocampo,Zamora,Hombre,30 a 59,29,348000.0
108,16,2019,Michoacán de Ocampo,Zamora,Mujer,60 o más,13,156000.0
108,16,2020,Michoacán de Ocampo,Zamora,Hombre,30 a 59,21,252000.0
108,16,2020,Michoacán de Ocampo,Zamora,Mujer,60 o más,9,108000.0
108,16,2020,Michoacán de Ocampo,Zamora,Mujer,30 a 59,26,312000.0
108,16,2020,Michoacán de Ocampo,Zamora,Hombre,29 o menos,6,72000.0
108,16,2020,Michoacán de Ocampo,Zamora,Hombre,60 o más,10,120000.0
108,16,2019,Michoacán de Ocampo,Zamora,Hombre,60 o más,7,84000.0
108,16,2019,Michoacán de Ocampo,Zamora,Hombre,29 o menos,10,120000.0
108,16,2019,Michoacán de Ocampo,Zamora,Mujer,30 a 59,49,588000.0
108,16,2020,Michoacán de Ocampo,Zamora,Mujer,29 o menos,10,120000.0
108,16,2019,Michoacán de Ocampo,Zamora,Mujer,29 o menos,20,240000.0
006,17,2020,Morelos,Cuautla,Hombre,60 o más,5,60000.0
006,17,2020,Morelos,Cuautla,Mujer,60 o más,6,72000.0
006,17,2020,Morelos,Cuautla,Mujer,30 a 59,10,120000.0
006,17,2020,Morelos,Cuautla,Hombre,30 a 59,5,60000.0
008,17,2020,Morelos,Emiliano Zapata,Mujer,30 a 59,3,36000.0
011,17,2020,Morelos,Jiutepec,Mujer,30 a 59,31,372000.0
011,17,2020,Morelos,Jiutepec,Hombre,60 o más,23,276000.0
011,17,2020,Morelos,Jiutepec,Mujer,60 o más,16,192000.0
011,17,2020,Morelos,Jiutepec,Mujer,29 o menos,1,12000.0
011,17,2020,Morelos,Jiutepec,Hombre,30 a 59,30,360000.0
018,17,2020,Morelos,Temixco,Mujer,29 o menos,2,24000.0
018,17,2020,Morelos,Temixco,Hombre,60 o más,15,180000.0
018,17,2020,Morelos,Temixco,Mujer,60 o más,6,72000.0
018,17,2020,Morelos,Temixco,Hombre,30 a 59,21,252000.0
018,17,2020,Morelos,Temixco,Mujer,30 a 59,17,204000.0
029,17,2020,Morelos,Yautepec,Mujer,30 a 59,1,12000.0
030,17,2020,Morelos,Yecapixtla,Mujer,29 o menos,7,84000.0
030,17,2020,Morelos,Yecapixtla,Hombre,60 o más,38,456000.0
030,17,2020,Morelos,Yecapixtla,Mujer,60 o más,24,288000.0
030,17,2020,Morelos,Yecapixtla,Hombre,30 a 59,39,468000.0
030,17,2020,Morelos,Yecapixtla,Hombre,29 o menos,4,48000.0
030,17,2020,Morelos,Yecapixtla,Mujer,30 a 59,45,540000.0
008,18,2020,Nayarit,Xalisco,Mujer,29 o menos,1,12000.0
008,18,2020,Nayarit,Xalisco,Mujer,30 a 59,1,12000.0
008,18,2019,Nayarit,Xalisco,Hombre,30 a 59,2,24000.0
008,18,2019,Nayarit,Xalisco,Mujer,30 a 59,4,48000.0
017,18,2019,Nayarit,Tepic,Hombre,30 a 59,20,240000.0
017,18,2019,Nayarit,Tepic,Mujer,29 o menos,1,12000.0
017,18,2019,Nayarit,Tepic,Mujer,60 o más,13,156000.0
017,18,2019,Nayarit,Tepic,Mujer,30 a 59,36,432000.0
017,18,2020,Nayarit,Tepic,Hombre,29 o menos,2,24000.0
017,18,2019,Nayarit,Tepic,Hombre,60 o más,11,132000.0
017,18,2020,Nayarit,Tepic,Mujer,60 o más,3,36000.0
017,18,2020,Nayarit,Tepic,Mujer,30 a 59,4,48000.0
017,18,2019,Nayarit,Tepic,Hombre,29 o menos,2,24000.0
017,18,2020,Nayarit,Tepic,Mujer,29 o menos,2,24000.0
017,18,2020,Nayarit,Tepic,Hombre,30 a 59,9,108000.0
017,18,2020,Nayarit,Tepic,Hombre,60 o más,2,24000.0
041,19,2020,Nuevo León,Pesquería,Mujer,60 o más,2,24000.0
041,19,2020,Nuevo León,Pesquería,Hombre,29 o menos,1,12000.0
041,19,2020,Nuevo León,Pesquería,Hombre,30 a 59,3,36000.0
041,19,2020,Nuevo León,Pesquería,Mujer,30 a 59,2,24000.0
041,19,2019,Nuevo León,Pesquería,Hombre,29 o menos,1,12000.0
041,19,2019,Nuevo León,Pesquería,Hombre,30 a 59,12,144000.0
041,19,2019,Nuevo León,Pesquería,Mujer,30 a 59,14,168000.0
041,19,2019,Nuevo León,Pesquería,Mujer,29 o menos,1,12000.0
041,19,2020,Nuevo León,Pesquería,Mujer,29 o menos,3,36000.0
041,19,2020,Nuevo León,Pesquería,Hombre,60 o más,1,12000.0
041,19,2019,Nuevo León,Pesquería,Hombre,60 o más,1,12000.0
041,19,2019,Nuevo León,Pesquería,Mujer,60 o más,1,12000.0
044,20,2020,Oaxaca,Loma Bonita,Mujer,60 o más,3,36000.0
044,20,2020,Oaxaca,Loma Bonita,Mujer,30 a 59,1,12000.0
044,20,2020,Oaxaca,Loma Bonita,Hombre,30 a 59,3,36000.0
385,20,2019,Oaxaca,Santa Cruz Xoxocotlán,Mujer,29 o menos,2,24000.0
385,20,2019,Oaxaca,Santa Cruz Xoxocotlán,Mujer,30 a 59,7,84000.0
385,20,2019,Oaxaca,Santa Cruz Xoxocotlán,Mujer,60 o más,2,24000.0
385,20,2019,Oaxaca,Santa Cruz Xoxocotlán,Hombre,30 a 59,6,72000.0
015,21,2020,Puebla,Amozoc,Mujer,30 a 59,12,144000.0
015,21,2020,Puebla,Amozoc,Hombre,60 o más,4,48000.0
015,21,2019,Puebla,Amozoc,Mujer,60 o más,11,132000.0
015,21,2019,Puebla,Amozoc,Hombre,60 o más,22,264000.0
015,21,2019,Puebla,Amozoc,Hombre,29 o menos,5,60000.0
015,21,2019,Puebla,Amozoc,Mujer,29 o menos,6,72000.0
015,21,2019,Puebla,Amozoc,Hombre,30 a 59,46,552000.0
015,21,2020,Puebla,Amozoc,Mujer,29 o menos,1,12000.0
015,21,2020,Puebla,Amozoc,Hombre,30 a 59,10,120000.0
015,21,2019,Puebla,Amozoc,Mujer,30 a 59,54,648000.0
114,21,2020,Puebla,Puebla,Hombre,60 o más,29,348000.0
114,21,2020,Puebla,Puebla,Mujer,29 o menos,28,336000.0
114,21,2019,Puebla,Puebla,Mujer,30 a 59,289,3468000.0
114,21,2020,Puebla,Puebla,Mujer,30 a 59,235,2820000.0
114,21,2020,Puebla,Puebla,Hombre,29 o menos,33,396000.0
114,21,2020,Puebla,Puebla,Hombre,30 a 59,184,2208000.0
114,21,2019,Puebla,Puebla,Hombre,60 o más,41,492000.0
114,21,2019,Puebla,Puebla,Hombre,30 a 59,233,2796000.0
114,21,2019,Puebla,Puebla,Hombre,29 o menos,32,384000.0
114,21,2020,Puebla,Puebla,Mujer,60 o más,51,612000.0
114,21,2019,Puebla,Puebla,Mujer,29 o menos,29,348000.0
114,21,2019,Puebla,Puebla,Mujer,60 o más,45,540000.0
006,23,2020,Quintana Roo,José María Morelos,Mujer,29 o menos,4,48000.0
006,23,2020,Quintana Roo,José María Morelos,Hombre,30 a 59,18,216000.0
006,23,2020,Quintana Roo,José María Morelos,Hombre,60 o más,5,60000.0
006,23,2020,Quintana Roo,José María Morelos,Mujer,60 o más,2,24000.0
006,23,2020,Quintana Roo,José María Morelos,Hombre,29 o menos,9,108000.0
006,23,2020,Quintana Roo,José María Morelos,Mujer,30 a 59,19,228000.0
008,23,2020,Quintana Roo,Solidaridad,Mujer,60 o más,16,192000.0
008,23,2020,Quintana Roo,Solidaridad,Hombre,29 o menos,7,84000.0
008,23,2020,Quintana Roo,Solidaridad,Hombre,30 a 59,91,1092000.0
008,23,2020,Quintana Roo,Solidaridad,Hombre,60 o más,18,216000.0
008,23,2020,Quintana Roo,Solidaridad,Mujer,29 o menos,3,36000.0
008,23,2020,Quintana Roo,Solidaridad,Mujer,30 a 59,44,528000.0
011,24,2019,San Luis Potosí,Ciudad Fernández,Mujer,60 o más,2,21139.0
011,24,2019,San Luis Potosí,Ciudad Fernández,Hombre,30 a 59,5,54147.0
011,24,2020,San Luis Potosí,Ciudad Fernández,Hombre,60 o más,1,12000.0
011,24,2019,San Luis Potosí,Ciudad Fernández,Hombre,60 o más,1,12000.0
013,24,2020,San Luis Potosí,Ciudad Valles,Hombre,29 o menos,1,9985.0
016,24,2020,San Luis Potosí,Ebano,Hombre,60 o más,1,8740.0
016,24,2020,San Luis Potosí,Ebano,Mujer,30 a 59,2,18251.0
016,24,2020,San Luis Potosí,Ebano,Hombre,30 a 59,2,17304.0
028,24,2019,San Luis Potosí,San Luis Potosí,Hombre,30 a 59,23,276000.0
028,24,2019,San Luis Potosí,San Luis Potosí,Mujer,30 a 59,25,300000.0
028,24,2019,San Luis Potosí,San Luis Potosí,Hombre,29 o menos,2,24000.0
028,24,2019,San Luis Potosí,San Luis Potosí,Mujer,60 o más,3,36000.0
028,24,2019,San Luis Potosí,San Luis Potosí,Mujer,29 o menos,9,108000.0
028,24,2019,San Luis Potosí,San Luis Potosí,Hombre,60 o más,4,48000.0
028,24,2020,San Luis Potosí,San Luis Potosí,Mujer,30 a 59,1,12000.0
035,24,2019,San Luis Potosí,Soledad de Graciano Sánchez,Mujer,30 a 59,4,48000.0
035,24,2020,San Luis Potosí,Soledad de Graciano Sánchez,Hombre,60 o más,1,12000.0
035,24,2019,San Luis Potosí,Soledad de Graciano Sánchez,Hombre,60 o más,2,24000.0
035,24,2020,San Luis Potosí,Soledad de Graciano Sánchez,Mujer,60 o más,1,12000.0
035,24,2020,San Luis Potosí,Soledad de Graciano Sánchez,Mujer,29 o menos,2,24000.0
035,24,2020,San Luis Potosí,Soledad de Graciano Sánchez,Mujer,30 a 59,5,60000.0
035,24,2019,San Luis Potosí,Soledad de Graciano Sánchez,Hombre,29 o menos,2,24000.0
035,24,2019,San Luis Potosí,Soledad de Graciano Sánchez,Mujer,60 o más,4,48000.0
035,24,2020,San Luis Potosí,Soledad de Graciano Sánchez,Hombre,29 o menos,1,12000.0
035,24,2019,San Luis Potosí,Soledad de Graciano Sánchez,Hombre,30 a 59,3,36000.0
035,24,2020,San Luis Potosí,Soledad de Graciano Sánchez,Hombre,30 a 59,2,24000.0
001,25,2019,Sinaloa,Ahome,Hombre,30 a 59,13,156000.0
001,25,2020,Sinaloa,Ahome,Mujer,29 o menos,8,96000.0
001,25,2019,Sinaloa,Ahome,Mujer,29 o menos,1,12000.0
001,25,2019,Sinaloa,Ahome,Mujer,60 o más,4,48000.0
001,25,2020,Sinaloa,Ahome,Hombre,30 a 59,42,504000.0
001,25,2020,Sinaloa,Ahome,Hombre,60 o más,18,216000.0
001,25,2019,Sinaloa,Ahome,Hombre,60 o más,3,36000.0
001,25,2019,Sinaloa,Ahome,Mujer,30 a 59,6,72000.0
001,25,2020,Sinaloa,Ahome,Hombre,29 o menos,5,60000.0
001,25,2020,Sinaloa,Ahome,Mujer,30 a 59,57,684000.0
001,25,2020,Sinaloa,Ahome,Mujer,60 o más,16,192000.0
002,25,2019,Sinaloa,Angostura,Mujer,30 a 59,4,48000.0
002,25,2019,Sinaloa,Angostura,Mujer,29 o menos,1,12000.0
002,25,2019,Sinaloa,Angostura,Hombre,30 a 59,2,24000.0
003,25,2019,Sinaloa,Badiraguato,Hombre,29 o menos,1,12000.0
003,25,2019,Sinaloa,Badiraguato,Mujer,30 a 59,1,12000.0
003,25,2020,Sinaloa,Badiraguato,Mujer,60 o más,1,12000.0
004,25,2019,Sinaloa,Concordia,Mujer,60 o más,13,156000.0
004,25,2019,Sinaloa,Concordia,Mujer,30 a 59,64,768000.0
004,25,2019,Sinaloa,Concordia,Hombre,30 a 59,53,636000.0
004,25,2019,Sinaloa,Concordia,Hombre,60 o más,26,312000.0
004,25,2019,Sinaloa,Concordia,Mujer,29 o menos,12,144000.0
004,25,2019,Sinaloa,Concordia,Hombre,29 o menos,5,60000.0
006,25,2020,Sinaloa,Culiacán,Mujer,30 a 59,22,264000.0
006,25,2019,Sinaloa,Culiacán,Mujer,29 o menos,30,360000.0
006,25,2019,Sinaloa,Culiacán,Mujer,30 a 59,131,1572000.0
006,25,2019,Sinaloa,Culiacán,Mujer,60 o más,21,252000.0
006,25,2020,Sinaloa,Culiacán,Mujer,29 o menos,2,24000.0
006,25,2019,Sinaloa,Culiacán,Hombre,30 a 59,87,1040777.0
006,25,2019,Sinaloa,Culiacán,Hombre,29 o menos,20,240000.0
006,25,2019,Sinaloa,Culiacán,Hombre,60 o más,23,276000.0
006,25,2020,Sinaloa,Culiacán,Hombre,29 o menos,3,36000.0
006,25,2020,Sinaloa,Culiacán,Hombre,60 o más,3,36000.0
006,25,2020,Sinaloa,Culiacán,Hombre,30 a 59,13,156000.0
006,25,2020,Sinaloa,Culiacán,Mujer,60 o más,3,36000.0
008,25,2019,Sinaloa,Elota,Mujer,29 o menos,1,12000.0
008,25,2019,Sinaloa,Elota,Hombre,30 a 59,3,36000.0
008,25,2019,Sinaloa,Elota,Hombre,29 o menos,1,12000.0
008,25,2019,Sinaloa,Elota,Mujer,60 o más,3,36000.0
008,25,2019,Sinaloa,Elota,Hombre,60 o más,3,36000.0
009,25,2020,Sinaloa,Escuinapa,Hombre,29 o menos,5,60000.0
009,25,2019,Sinaloa,Escuinapa,Mujer,30 a 59,275,3300000.0
009,25,2020,Sinaloa,Escuinapa,Hombre,30 a 59,21,252000.0
009,25,2020,Sinaloa,Escuinapa,Mujer,30 a 59,24,288000.0
009,25,2019,Sinaloa,Escuinapa,Hombre,60 o más,106,1272000.0
009,25,2020,Sinaloa,Escuinapa,Hombre,60 o más,7,84000.0
009,25,2019,Sinaloa,Escuinapa,Mujer,29 o menos,40,480000.0
009,25,2020,Sinaloa,Escuinapa,Mujer,60 o más,12,144000.0
009,25,2020,Sinaloa,Escuinapa,Mujer,29 o menos,7,84000.0
009,25,2019,Sinaloa,Escuinapa,Hombre,29 o menos,35,420000.0
009,25,2019,Sinaloa,Escuinapa,Hombre,30 a 59,207,2484000.0
009,25,2019,Sinaloa,Escuinapa,Mujer,60 o más,128,1536000.0
010,25,2019,Sinaloa,El Fuerte,Hombre,29 o menos,4,48000.0
010,25,2019,Sinaloa,El Fuerte,Mujer,29 o menos,1,12000.0
010,25,2019,Sinaloa,El Fuerte,Mujer,30 a 59,2,24000.0
010,25,2019,Sinaloa,El Fuerte,Hombre,30 a 59,11,132000.0
010,25,2019,Sinaloa,El Fuerte,Mujer,60 o más,1,12000.0
010,25,2020,Sinaloa,El Fuerte,Hombre,30 a 59,1,12000.0
011,25,2019,Sinaloa,Guasave,Hombre,30 a 59,2,24000.0
011,25,2019,Sinaloa,Guasave,Hombre,60 o más,1,12000.0
011,25,2020,Sinaloa,Guasave,Hombre,60 o más,2,24000.0
011,25,2020,Sinaloa,Guasave,Hombre,30 a 59,3,36000.0
011,25,2020,Sinaloa,Guasave,Mujer,30 a 59,8,96000.0
012,25,2020,Sinaloa,Mazatlán,Mujer,60 o más,4,48000.0
012,25,2019,Sinaloa,Mazatlán,Mujer,60 o más,15,180000.0
012,25,2019,Sinaloa,Mazatlán,Hombre,29 o menos,14,168000.0
012,25,2019,Sinaloa,Mazatlán,Mujer,29 o menos,6,72000.0
012,25,2019,Sinaloa,Mazatlán,Hombre,30 a 59,38,456000.0
012,25,2020,Sinaloa,Mazatlán,Mujer,30 a 59,2,24000.0
012,25,2019,Sinaloa,Mazatlán,Hombre,60 o más,6,72000.0
012,25,2020,Sinaloa,Mazatlán,Hombre,30 a 59,3,36000.0
012,25,2019,Sinaloa,Mazatlán,Mujer,30 a 59,38,456000.0
013,25,2019,Sinaloa,Mocorito,Hombre,30 a 59,3,36000.0
013,25,2020,Sinaloa,Mocorito,Mujer,30 a 59,3,36000.0
013,25,2019,Sinaloa,Mocorito,Hombre,29 o menos,1,12000.0
013,25,2019,Sinaloa,Mocorito,Hombre,60 o más,1,12000.0
013,25,2019,Sinaloa,Mocorito,Mujer,30 a 59,4,48000.0
013,25,2019,Sinaloa,Mocorito,Mujer,60 o más,1,12000.0
013,25,2020,Sinaloa,Mocorito,Hombre,29 o menos,2,24000.0
016,25,2019,Sinaloa,San Ignacio,Hombre,60 o más,2,24000.0
016,25,2019,Sinaloa,San Ignacio,Mujer,30 a 59,14,168000.0
016,25,2019,Sinaloa,San Ignacio,Mujer,60 o más,4,48000.0
016,25,2019,Sinaloa,San Ignacio,Mujer,29 o menos,2,24000.0
016,25,2019,Sinaloa,San Ignacio,Hombre,30 a 59,8,96000.0
017,25,2019,Sinaloa,Sinaloa,Mujer,30 a 59,2,24000.0
017,25,2019,Sinaloa,Sinaloa,Hombre,30 a 59,1,12000.0
018,25,2020,Sinaloa,Navolato,Mujer,30 a 59,1,12000.0
018,25,2019,Sinaloa,Navolato,Hombre,60 o más,1,12000.0
018,25,2019,Sinaloa,Navolato,Hombre,29 o menos,1,12000.0
018,25,2019,Sinaloa,Navolato,Hombre,30 a 59,2,24000.0
018,25,2020,Sinaloa,Navolato,Mujer,29 o menos,1,12000.0
002,26,2020,Sonora,Agua Prieta,Mujer,29 o menos,7,84000.0
002,26,2020,Sonora,Agua Prieta,Hombre,29 o menos,18,216000.0
002,26,2020,Sonora,Agua Prieta,Mujer,60 o más,37,444000.0
002,26,2020,Sonora,Agua Prieta,Hombre,60 o más,30,360000.0
002,26,2020,Sonora,Agua Prieta,Mujer,30 a 59,227,2724000.0
002,26,2020,Sonora,Agua Prieta,Hombre,30 a 59,165,1980000.0
017,26,2019,Sonora,Caborca,Hombre,29 o menos,1,12000.0
017,26,2019,Sonora,Caborca,Hombre,30 a 59,5,60000.0
017,26,2019,Sonora,Caborca,Mujer,30 a 59,6,72000.0
017,26,2020,Sonora,Caborca,Hombre,60 o más,1,12000.0
017,26,2019,Sonora,Caborca,Mujer,60 o más,1,12000.0
017,26,2020,Sonora,Caborca,Mujer,29 o menos,3,36000.0
017,26,2020,Sonora,Caborca,Hombre,29 o menos,4,48000.0
017,26,2019,Sonora,Caborca,Hombre,60 o más,1,12000.0
017,26,2020,Sonora,Caborca,Mujer,60 o más,1,12000.0
017,26,2020,Sonora,Caborca,Mujer,30 a 59,8,96000.0
017,26,2020,Sonora,Caborca,Hombre,30 a 59,11,132000.0
017,26,2019,Sonora,Caborca,Mujer,29 o menos,3,36000.0
019,26,2019,Sonora,Cananea,Hombre,29 o menos,7,84000.0
019,26,2020,Sonora,Cananea,Hombre,60 o más,5,60000.0
019,26,2019,Sonora,Cananea,Mujer,30 a 59,79,948000.0
019,26,2019,Sonora,Cananea,Hombre,60 o más,53,636000.0
019,26,2019,Sonora,Cananea,Mujer,60 o más,70,840000.0
019,26,2020,Sonora,Cananea,Hombre,30 a 59,7,84000.0
019,26,2019,Sonora,Cananea,Mujer,29 o menos,6,72000.0
019,26,2020,Sonora,Cananea,Hombre,29 o menos,2,24000.0
019,26,2020,Sonora,Cananea,Mujer,29 o menos,1,12000.0
019,26,2019,Sonora,Cananea,Hombre,30 a 59,47,564000.0
019,26,2020,Sonora,Cananea,Mujer,60 o más,7,84000.0
019,26,2020,Sonora,Cananea,Mujer,30 a 59,12,144000.0
030,26,2020,Sonora,Hermosillo,Mujer,29 o menos,26,312000.0
030,26,2020,Sonora,Hermosillo,Mujer,60 o más,8,96000.0
030,26,2020,Sonora,Hermosillo,Hombre,29 o menos,11,132000.0
030,26,2020,Sonora,Hermosillo,Hombre,30 a 59,22,264000.0
030,26,2020,Sonora,Hermosillo,Mujer,30 a 59,41,492000.0
030,26,2020,Sonora,Hermosillo,Hombre,60 o más,9,108000.0
041,26,2019,Sonora,Nacozari de García,Hombre,29 o menos,2,24000.0
041,26,2019,Sonora,Nacozari de García,Mujer,60 o más,6,62539.0
041,26,2020,Sonora,Nacozari de García,Hombre,30 a 59,5,60000.0
041,26,2019,Sonora,Nacozari de García,Mujer,30 a 59,12,140210.0
041,26,2020,Sonora,Nacozari de García,Hombre,60 o más,2,24000.0
041,26,2019,Sonora,Nacozari de García,Hombre,30 a 59,2,21286.0
041,26,2019,Sonora,Nacozari de García,Hombre,60 o más,1,12000.0
041,26,2020,Sonora,Nacozari de García,Mujer,29 o menos,1,12000.0
041,26,2020,Sonora,Nacozari de García,Mujer,60 o más,1,12000.0
041,26,2019,Sonora,Nacozari de García,Mujer,29 o menos,2,24000.0
041,26,2020,Sonora,Nacozari de García,Mujer,30 a 59,2,24000.0
042,26,2019,Sonora,Navojoa,Hombre,60 o más,58,696000.0
042,26,2020,Sonora,Navojoa,Mujer,29 o menos,3,36000.0
042,26,2020,Sonora,Navojoa,Hombre,30 a 59,13,156000.0
042,26,2019,Sonora,Navojoa,Mujer,30 a 59,135,1620000.0
042,26,2020,Sonora,Navojoa,Mujer,30 a 59,14,168000.0
042,26,2020,Sonora,Navojoa,Mujer,60 o más,8,96000.0
042,26,2019,Sonora,Navojoa,Mujer,29 o menos,12,144000.0
042,26,2019,Sonora,Navojoa,Hombre,29 o menos,6,72000.0
042,26,2020,Sonora,Navojoa,Hombre,29 o menos,3,36000.0
042,26,2020,Sonora,Navojoa,Hombre,60 o más,9,108000.0
042,26,2019,Sonora,Navojoa,Mujer,60 o más,96,1152000.0
042,26,2019,Sonora,Navojoa,Hombre,30 a 59,76,912000.0
043,26,2020,Sonora,Nogales,Mujer,60 o más,30,360000.0
043,26,2020,Sonora,Nogales,Hombre,30 a 59,108,1296000.0
043,26,2020,Sonora,Nogales,Mujer,29 o menos,27,324000.0
043,26,2020,Sonora,Nogales,Hombre,60 o más,25,300000.0
043,26,2020,Sonora,Nogales,Hombre,29 o menos,11,132000.0
043,26,2020,Sonora,Nogales,Mujer,30 a 59,195,2340000.0
055,26,2020,Sonora,San Luis Río Colorado,Hombre,29 o menos,13,156000.0
055,26,2020,Sonora,San Luis Río Colorado,Mujer,60 o más,29,348000.0
055,26,2020,Sonora,San Luis Río Colorado,Mujer,30 a 59,84,1008000.0
055,26,2020,Sonora,San Luis Río Colorado,Mujer,29 o menos,18,216000.0
055,26,2020,Sonora,San Luis Río Colorado,Hombre,60 o más,21,252000.0
055,26,2020,Sonora,San Luis Río Colorado,Hombre,30 a 59,76,912000.0
070,26,2020,Sonora,General Plutarco Elías Calles,Hombre,30 a 59,5,60000.0
070,26,2020,Sonora,General Plutarco Elías Calles,Mujer,29 o menos,2,24000.0
070,26,2020,Sonora,General Plutarco Elías Calles,Hombre,60 o más,3,36000.0
070,26,2020,Sonora,General Plutarco Elías Calles,Mujer,30 a 59,12,144000.0
070,26,2020,Sonora,General Plutarco Elías Calles,Mujer,60 o más,4,48000.0
071,26,2020,Sonora,Benito Juárez,Hombre,60 o más,5,60000.0
071,26,2020,Sonora,Benito Juárez,Mujer,60 o más,10,120000.0
071,26,2020,Sonora,Benito Juárez,Mujer,30 a 59,23,276000.0
071,26,2020,Sonora,Benito Juárez,Hombre,29 o menos,2,24000.0
071,26,2020,Sonora,Benito Juárez,Mujer,29 o menos,4,48000.0
071,26,2020,Sonora,Benito Juárez,Hombre,30 a 59,7,84000.0
002,27,2019,Tabasco,Cárdenas,Hombre,30 a 59,6,54126.0
002,27,2019,Tabasco,Cárdenas,Hombre,60 o más,1,8727.0
002,27,2019,Tabasco,Cárdenas,Mujer,60 o más,1,7139.0
002,27,2019,Tabasco,Cárdenas,Hombre,29 o menos,1,7905.0
002,27,2019,Tabasco,Cárdenas,Mujer,30 a 59,4,33192.0
002,27,2020,Tabasco,Cárdenas,Mujer,30 a 59,1,7229.0
004,27,2019,Tabasco,Centro,Hombre,60 o más,5,40368.0
004,27,2020,Tabasco,Centro,Hombre,29 o menos,1,7889.0
004,27,2019,Tabasco,Centro,Mujer,30 a 59,49,358974.0
004,27,2019,Tabasco,Centro,Mujer,29 o menos,2,14711.0
004,27,2019,Tabasco,Centro,Mujer,60 o más,10,84232.0
004,27,2020,Tabasco,Centro,Mujer,30 a 59,1,6596.0
004,27,2020,Tabasco,Centro,Hombre,30 a 59,2,13922.0
004,27,2019,Tabasco,Centro,Hombre,30 a 59,19,143768.0
004,27,2019,Tabasco,Centro,Hombre,29 o menos,3,22955.0
005,27,2020,Tabasco,Comalcalco,Hombre,29 o menos,1,7607.0
005,27,2019,Tabasco,Comalcalco,Mujer,30 a 59,5,34172.0
005,27,2019,Tabasco,Comalcalco,Hombre,30 a 59,2,21502.0
005,27,2020,Tabasco,Comalcalco,Hombre,60 o más,1,7490.0
005,27,2020,Tabasco,Comalcalco,Mujer,30 a 59,2,16132.0
005,27,2020,Tabasco,Comalcalco,Hombre,30 a 59,1,8767.0
008,27,2020,Tabasco,Huimanguillo,Hombre,29 o menos,1,8933.0
008,27,2019,Tabasco,Huimanguillo,Mujer,29 o menos,1,7051.0
012,28,2019,Tamaulipas,González,Mujer,29 o menos,1,12000.0
012,28,2020,Tamaulipas,González,Mujer,30 a 59,32,384000.0
012,28,2020,Tamaulipas,González,Hombre,60 o más,4,48000.0
012,28,2019,Tamaulipas,González,Hombre,30 a 59,9,108000.0
012,28,2019,Tamaulipas,González,Hombre,29 o menos,2,24000.0
012,28,2020,Tamaulipas,González,Hombre,29 o menos,4,48000.0
012,28,2020,Tamaulipas,González,Mujer,60 o más,7,84000.0
012,28,2019,Tamaulipas,González,Hombre,60 o más,5,60000.0
012,28,2020,Tamaulipas,González,Mujer,29 o menos,15,180000.0
012,28,2019,Tamaulipas,González,Mujer,30 a 59,10,120000.0
012,28,2019,Tamaulipas,González,Mujer,60 o más,1,12000.0
012,28,2020,Tamaulipas,González,Hombre,30 a 59,19,228000.0
015,28,2020,Tamaulipas,Gustavo Díaz Ordaz,Hombre,60 o más,2,24000.0
015,28,2020,Tamaulipas,Gustavo Díaz Ordaz,Mujer,30 a 59,3,36000.0
015,28,2020,Tamaulipas,Gustavo Díaz Ordaz,Hombre,30 a 59,1,12000.0
021,28,2020,Tamaulipas,El Mante,Mujer,60 o más,1,12000.0
021,28,2020,Tamaulipas,El Mante,Hombre,30 a 59,7,78933.0
021,28,2020,Tamaulipas,El Mante,Hombre,60 o más,3,36000.0
021,28,2020,Tamaulipas,El Mante,Mujer,30 a 59,8,96000.0
027,28,2020,Tamaulipas,Nuevo Laredo,Hombre,30 a 59,53,636000.0
027,28,2020,Tamaulipas,Nuevo Laredo,Mujer,30 a 59,54,648000.0
027,28,2020,Tamaulipas,Nuevo Laredo,Mujer,60 o más,14,168000.0
027,28,2020,Tamaulipas,Nuevo Laredo,Hombre,29 o menos,8,96000.0
027,28,2020,Tamaulipas,Nuevo Laredo,Mujer,29 o menos,2,24000.0
027,28,2020,Tamaulipas,Nuevo Laredo,Hombre,60 o más,7,84000.0
033,28,2020,Tamaulipas,Río Bravo,Hombre,60 o más,1,12000.0
033,28,2020,Tamaulipas,Río Bravo,Hombre,30 a 59,7,84000.0
033,28,2020,Tamaulipas,Río Bravo,Mujer,29 o menos,1,12000.0
033,28,2020,Tamaulipas,Río Bravo,Hombre,29 o menos,1,12000.0
033,28,2020,Tamaulipas,Río Bravo,Mujer,30 a 59,5,60000.0
041,28,2020,Tamaulipas,Victoria,Hombre,30 a 59,47,564000.0
041,28,2019,Tamaulipas,Victoria,Hombre,29 o menos,3,36000.0
041,28,2019,Tamaulipas,Victoria,Mujer,29 o menos,4,48000.0
041,28,2019,Tamaulipas,Victoria,Mujer,30 a 59,20,240000.0
041,28,2020,Tamaulipas,Victoria,Mujer,30 a 59,55,660000.0
041,28,2020,Tamaulipas,Victoria,Mujer,60 o más,15,180000.0
041,28,2020,Tamaulipas,Victoria,Hombre,60 o más,14,168000.0
041,28,2019,Tamaulipas,Victoria,Mujer,60 o más,6,72000.0
041,28,2020,Tamaulipas,Victoria,Mujer,29 o menos,10,120000.0
041,28,2019,Tamaulipas,Victoria,Hombre,60 o más,8,96000.0
041,28,2020,Tamaulipas,Victoria,Hombre,29 o menos,5,60000.0
041,28,2019,Tamaulipas,Victoria,Hombre,30 a 59,26,312000.0
005,29,2019,Tlaxcala,Apizaco,Mujer,30 a 59,2,24000.0
013,29,2020,Tlaxcala,Huamantla,Hombre,60 o más,1,12000.0
013,29,2020,Tlaxcala,Huamantla,Hombre,30 a 59,1,12000.0
013,29,2020,Tlaxcala,Huamantla,Mujer,30 a 59,1,12000.0
020,29,2020,Tlaxcala,Sanctórum de Lázaro Cárdenas,Hombre,30 a 59,17,204000.0
020,29,2020,Tlaxcala,Sanctórum de Lázaro Cárdenas,Hombre,60 o más,1,12000.0
020,29,2020,Tlaxcala,Sanctórum de Lázaro Cárdenas,Mujer,30 a 59,24,288000.0
020,29,2020,Tlaxcala,Sanctórum de Lázaro Cárdenas,Hombre,29 o menos,3,36000.0
020,29,2020,Tlaxcala,Sanctórum de Lázaro Cárdenas,Mujer,29 o menos,4,48000.0
020,29,2020,Tlaxcala,Sanctórum de Lázaro Cárdenas,Mujer,60 o más,4,48000.0
034,29,2019,Tlaxcala,Tlaxco,Hombre,60 o más,11,132000.0
034,29,2020,Tlaxcala,Tlaxco,Hombre,29 o menos,4,48000.0
034,29,2019,Tlaxcala,Tlaxco,Hombre,30 a 59,61,732000.0
034,29,2020,Tlaxcala,Tlaxco,Hombre,60 o más,13,156000.0
034,29,2019,Tlaxcala,Tlaxco,Mujer,29 o menos,6,72000.0
034,29,2020,Tlaxcala,Tlaxco,Mujer,30 a 59,35,420000.0
034,29,2020,Tlaxcala,Tlaxco,Hombre,30 a 59,25,300000.0
034,29,2019,Tlaxcala,Tlaxco,Mujer,30 a 59,52,624000.0
034,29,2019,Tlaxcala,Tlaxco,Mujer,60 o más,9,108000.0
034,29,2020,Tlaxcala,Tlaxco,Mujer,29 o menos,3,36000.0
034,29,2019,Tlaxcala,Tlaxco,Hombre,29 o menos,8,96000.0
034,29,2020,Tlaxcala,Tlaxco,Mujer,60 o más,9,108000.0
011,30,2020,Veracruz de Ignacio de la Llave,Alvarado,Mujer,30 a 59,1,12000.0
023,30,2019,Veracruz de Ignacio de la Llave,Atzalan,Mujer,30 a 59,3,33519.0
023,30,2019,Veracruz de Ignacio de la Llave,Atzalan,Hombre,30 a 59,2,19694.0
023,30,2019,Veracruz de Ignacio de la Llave,Atzalan,Hombre,60 o más,4,44842.0
033,30,2020,Veracruz de Ignacio de la Llave,Cazones de Herrera,Mujer,29 o menos,3,36000.0
033,30,2020,Veracruz de Ignacio de la Llave,Cazones de Herrera,Mujer,60 o más,11,132000.0
033,30,2020,Veracruz de Ignacio de la Llave,Cazones de Herrera,Hombre,30 a 59,19,228000.0
033,30,2020,Veracruz de Ignacio de la Llave,Cazones de Herrera,Mujer,30 a 59,29,348000.0
033,30,2020,Veracruz de Ignacio de la Llave,Cazones de Herrera,Hombre,29 o menos,1,12000.0
033,30,2020,Veracruz de Ignacio de la Llave,Cazones de Herrera,Hombre,60 o más,6,72000.0
039,30,2019,Veracruz de Ignacio de la Llave,Coatzacoalcos,Mujer,30 a 59,3,35512.0
039,30,2020,Veracruz de Ignacio de la Llave,Coatzacoalcos,Mujer,30 a 59,9,108000.0
039,30,2019,Veracruz de Ignacio de la Llave,Coatzacoalcos,Hombre,30 a 59,2,20481.0
039,30,2020,Veracruz de Ignacio de la Llave,Coatzacoalcos,Mujer,29 o menos,1,12000.0
039,30,2020,Veracruz de Ignacio de la Llave,Coatzacoalcos,Mujer,60 o más,2,24000.0
039,30,2020,Veracruz de Ignacio de la Llave,Coatzacoalcos,Hombre,30 a 59,7,84000.0
039,30,2019,Veracruz de Ignacio de la Llave,Coatzacoalcos,Hombre,60 o más,1,10295.0
039,30,2019,Veracruz de Ignacio de la Llave,Coatzacoalcos,Mujer,60 o más,1,12000.0
039,30,2020,Veracruz de Ignacio de la Llave,Coatzacoalcos,Hombre,60 o más,2,24000.0
039,30,2019,Veracruz de Ignacio de la Llave,Coatzacoalcos,Mujer,29 o menos,1,11874.0
048,30,2019,Veracruz de Ignacio de la Llave,Cosoleacaque,Hombre,29 o menos,7,84000.0
048,30,2020,Veracruz de Ignacio de la Llave,Cosoleacaque,Hombre,60 o más,1,12000.0
048,30,2019,Veracruz de Ignacio de la Llave,Cosoleacaque,Mujer,29 o menos,12,144000.0
048,30,2019,Veracruz de Ignacio de la Llave,Cosoleacaque,Mujer,30 a 59,36,432000.0
048,30,2019,Veracruz de Ignacio de la Llave,Cosoleacaque,Mujer,60 o más,4,48000.0
048,30,2019,Veracruz de Ignacio de la Llave,Cosoleacaque,Hombre,30 a 59,24,288000.0
048,30,2019,Veracruz de Ignacio de la Llave,Cosoleacaque,Hombre,60 o más,5,60000.0
048,30,2020,Veracruz de Ignacio de la Llave,Cosoleacaque,Hombre,30 a 59,2,24000.0
059,30,2020,Veracruz de Ignacio de la Llave,Chinameca,Mujer,29 o menos,2,24000.0
059,30,2020,Veracruz de Ignacio de la Llave,Chinameca,Mujer,60 o más,1,12000.0
059,30,2020,Veracruz de Ignacio de la Llave,Chinameca,Hombre,60 o más,2,24000.0
059,30,2020,Veracruz de Ignacio de la Llave,Chinameca,Hombre,30 a 59,8,96000.0
059,30,2020,Veracruz de Ignacio de la Llave,Chinameca,Mujer,30 a 59,7,84000.0
060,30,2019,Veracruz de Ignacio de la Llave,Chinampa de Gorostiza,Mujer,60 o más,9,108000.0
060,30,2019,Veracruz de Ignacio de la Llave,Chinampa de Gorostiza,Mujer,30 a 59,40,480000.0
060,30,2019,Veracruz de Ignacio de la Llave,Chinampa de Gorostiza,Hombre,60 o más,7,84000.0
060,30,2019,Veracruz de Ignacio de la Llave,Chinampa de Gorostiza,Hombre,30 a 59,71,852000.0
060,30,2019,Veracruz de Ignacio de la Llave,Chinampa de Gorostiza,Hombre,29 o menos,9,108000.0
060,30,2019,Veracruz de Ignacio de la Llave,Chinampa de Gorostiza,Mujer,29 o menos,11,132000.0
065,30,2020,Veracruz de Ignacio de la Llave,Emiliano Zapata,Hombre,30 a 59,4,48000.0
065,30,2020,Veracruz de Ignacio de la Llave,Emiliano Zapata,Mujer,30 a 59,3,36000.0
065,30,2020,Veracruz de Ignacio de la Llave,Emiliano Zapata,Hombre,60 o más,2,24000.0
066,30,2019,Veracruz de Ignacio de la Llave,Espinal,Hombre,60 o más,2,24000.0
066,30,2019,Veracruz de Ignacio de la Llave,Espinal,Mujer,30 a 59,2,22766.0
068,30,2020,Veracruz de Ignacio de la Llave,Fortín,Hombre,30 a 59,16,192000.0
068,30,2020,Veracruz de Ignacio de la Llave,Fortín,Mujer,29 o menos,3,36000.0
068,30,2020,Veracruz de Ignacio de la Llave,Fortín,Hombre,29 o menos,1,12000.0
068,30,2020,Veracruz de Ignacio de la Llave,Fortín,Hombre,60 o más,3,36000.0
068,30,2020,Veracruz de Ignacio de la Llave,Fortín,Mujer,30 a 59,12,144000.0
068,30,2020,Veracruz de Ignacio de la Llave,Fortín,Mujer,60 o más,7,84000.0
070,30,2019,Veracruz de Ignacio de la Llave,Hidalgotitlán,Hombre,29 o menos,4,48000.0
070,30,2019,Veracruz de Ignacio de la Llave,Hidalgotitlán,Hombre,30 a 59,20,240000.0
070,30,2019,Veracruz de Ignacio de la Llave,Hidalgotitlán,Hombre,60 o más,9,108000.0
070,30,2019,Veracruz de Ignacio de la Llave,Hidalgotitlán,Mujer,60 o más,7,84000.0
070,30,2019,Veracruz de Ignacio de la Llave,Hidalgotitlán,Mujer,30 a 59,22,264000.0
070,30,2020,Veracruz de Ignacio de la Llave,Hidalgotitlán,Hombre,30 a 59,4,48000.0
070,30,2019,Veracruz de Ignacio de la Llave,Hidalgotitlán,Mujer,29 o menos,3,36000.0
071,30,2019,Veracruz de Ignacio de la Llave,Huatusco,Mujer,29 o menos,3,31380.0
071,30,2019,Veracruz de Ignacio de la Llave,Huatusco,Mujer,30 a 59,12,121045.0
071,30,2019,Veracruz de Ignacio de la Llave,Huatusco,Hombre,30 a 59,2,20800.0
071,30,2019,Veracruz de Ignacio de la Llave,Huatusco,Mujer,60 o más,2,21024.0
071,30,2019,Veracruz de Ignacio de la Llave,Huatusco,Hombre,60 o más,2,22340.0
071,30,2020,Veracruz de Ignacio de la Llave,Huatusco,Hombre,60 o más,1,12000.0
084,30,2019,Veracruz de Ignacio de la Llave,Ixmatlahuacan,Hombre,30 a 59,1,12000.0
084,30,2019,Veracruz de Ignacio de la Llave,Ixmatlahuacan,Hombre,60 o más,1,12000.0
084,30,2019,Veracruz de Ignacio de la Llave,Ixmatlahuacan,Mujer,30 a 59,5,56754.0
084,30,2019,Veracruz de Ignacio de la Llave,Ixmatlahuacan,Mujer,29 o menos,1,12000.0
087,30,2020,Veracruz de Ignacio de la Llave,Xalapa,Mujer,30 a 59,20,240000.0
087,30,2019,Veracruz de Ignacio de la Llave,Xalapa,Hombre,60 o más,1,9122.0
087,30,2019,Veracruz de Ignacio de la Llave,Xalapa,Mujer,30 a 59,1,9092.0
087,30,2020,Veracruz de Ignacio de la Llave,Xalapa,Hombre,60 o más,6,72000.0
087,30,2020,Veracruz de Ignacio de la Llave,Xalapa,Hombre,30 a 59,18,216000.0
087,30,2019,Veracruz de Ignacio de la Llave,Xalapa,Hombre,30 a 59,3,30413.0
087,30,2020,Veracruz de Ignacio de la Llave,Xalapa,Mujer,29 o menos,2,24000.0
087,30,2020,Veracruz de Ignacio de la Llave,Xalapa,Mujer,60 o más,5,60000.0
102,30,2019,Veracruz de Ignacio de la Llave,Martínez de la Torre,Mujer,30 a 59,7,70841.0
102,30,2020,Veracruz de Ignacio de la Llave,Martínez de la Torre,Hombre,60 o más,3,36000.0
102,30,2020,Veracruz de Ignacio de la Llave,Martínez de la Torre,Mujer,29 o menos,1,12000.0
102,30,2019,Veracruz de Ignacio de la Llave,Martínez de la Torre,Hombre,29 o menos,1,8076.0
102,30,2019,Veracruz de Ignacio de la Llave,Martínez de la Torre,Mujer,60 o más,1,11888.0
102,30,2020,Veracruz de Ignacio de la Llave,Martínez de la Torre,Mujer,60 o más,4,48000.0
102,30,2020,Veracruz de Ignacio de la Llave,Martínez de la Torre,Hombre,30 a 59,16,192000.0
102,30,2020,Veracruz de Ignacio de la Llave,Martínez de la Torre,Mujer,30 a 59,17,204000.0
102,30,2020,Veracruz de Ignacio de la Llave,Martínez de la Torre,Hombre,29 o menos,2,24000.0
102,30,2019,Veracruz de Ignacio de la Llave,Martínez de la Torre,Hombre,30 a 59,5,48344.0
102,30,2019,Veracruz de Ignacio de la Llave,Martínez de la Torre,Mujer,29 o menos,1,9858.0
105,30,2020,Veracruz de Ignacio de la Llave,Medellín de Bravo,Hombre,30 a 59,1,10700.0
105,30,2019,Veracruz de Ignacio de la Llave,Medellín de Bravo,Hombre,29 o menos,1,10608.0
105,30,2020,Veracruz de Ignacio de la Llave,Medellín de Bravo,Mujer,29 o menos,1,10086.0
105,30,2019,Veracruz de Ignacio de la Llave,Medellín de Bravo,Hombre,60 o más,7,81193.0
105,30,2019,Veracruz de Ignacio de la Llave,Medellín de Bravo,Mujer,60 o más,6,69085.0
105,30,2019,Veracruz de Ignacio de la Llave,Medellín de Bravo,Hombre,30 a 59,15,161906.0
105,30,2019,Veracruz de Ignacio de la Llave,Medellín de Bravo,Mujer,30 a 59,19,205112.0
109,30,2020,Veracruz de Ignacio de la Llave,Misantla,Hombre,29 o menos,1,12000.0
109,30,2020,Veracruz de Ignacio de la Llave,Misantla,Mujer,30 a 59,22,264000.0
109,30,2020,Veracruz de Ignacio de la Llave,Misantla,Mujer,29 o menos,1,12000.0
109,30,2020,Veracruz de Ignacio de la Llave,Misantla,Hombre,30 a 59,8,96000.0
109,30,2020,Veracruz de Ignacio de la Llave,Misantla,Mujer,60 o más,3,36000.0
109,30,2020,Veracruz de Ignacio de la Llave,Misantla,Hombre,60 o más,3,36000.0
126,30,2020,Veracruz de Ignacio de la Llave,Paso de Ovejas,Hombre,30 a 59,1,12000.0
126,30,2019,Veracruz de Ignacio de la Llave,Paso de Ovejas,Hombre,60 o más,1,12000.0
126,30,2020,Veracruz de Ignacio de la Llave,Paso de Ovejas,Mujer,30 a 59,2,20796.0
126,30,2020,Veracruz de Ignacio de la Llave,Paso de Ovejas,Hombre,60 o más,1,12000.0
130,30,2019,Veracruz de Ignacio de la Llave,Playa Vicente,Mujer,30 a 59,10,101314.0
130,30,2020,Veracruz de Ignacio de la Llave,Playa Vicente,Hombre,30 a 59,4,48000.0
130,30,2020,Veracruz de Ignacio de la Llave,Playa Vicente,Hombre,29 o menos,2,24000.0
130,30,2020,Veracruz de Ignacio de la Llave,Playa Vicente,Mujer,60 o más,1,12000.0
130,30,2019,Veracruz de Ignacio de la Llave,Playa Vicente,Hombre,60 o más,3,28463.0
130,30,2020,Veracruz de Ignacio de la Llave,Playa Vicente,Mujer,30 a 59,17,204000.0
130,30,2019,Veracruz de Ignacio de la Llave,Playa Vicente,Mujer,29 o menos,1,12000.0
130,30,2019,Veracruz de Ignacio de la Llave,Playa Vicente,Hombre,30 a 59,8,83185.0
130,30,2020,Veracruz de Ignacio de la Llave,Playa Vicente,Mujer,29 o menos,2,24000.0
130,30,2020,Veracruz de Ignacio de la Llave,Playa Vicente,Hombre,60 o más,2,24000.0
130,30,2019,Veracruz de Ignacio de la Llave,Playa Vicente,Mujer,60 o más,4,40712.0
152,30,2020,Veracruz de Ignacio de la Llave,Tampico Alto,Mujer,30 a 59,3,36000.0
152,30,2020,Veracruz de Ignacio de la Llave,Tampico Alto,Hombre,60 o más,1,12000.0
152,30,2020,Veracruz de Ignacio de la Llave,Tampico Alto,Mujer,29 o menos,1,12000.0
152,30,2020,Veracruz de Ignacio de la Llave,Tampico Alto,Mujer,60 o más,1,12000.0
152,30,2020,Veracruz de Ignacio de la Llave,Tampico Alto,Hombre,30 a 59,1,12000.0
157,30,2020,Veracruz de Ignacio de la Llave,Castillo de Teayo,Mujer,30 a 59,4,48000.0
157,30,2020,Veracruz de Ignacio de la Llave,Castillo de Teayo,Hombre,60 o más,1,12000.0
157,30,2020,Veracruz de Ignacio de la Llave,Castillo de Teayo,Hombre,30 a 59,1,12000.0
157,30,2020,Veracruz de Ignacio de la Llave,Castillo de Teayo,Mujer,60 o más,3,36000.0
174,30,2019,Veracruz de Ignacio de la Llave,Tierra Blanca,Mujer,30 a 59,1,12000.0
192,30,2019,Veracruz de Ignacio de la Llave,Vega de Alatorre,Hombre,29 o menos,2,17798.0
192,30,2020,Veracruz de Ignacio de la Llave,Vega de Alatorre,Mujer,60 o más,7,84000.0
192,30,2020,Veracruz de Ignacio de la Llave,Vega de Alatorre,Mujer,29 o menos,3,36000.0
192,30,2019,Veracruz de Ignacio de la Llave,Vega de Alatorre,Hombre,60 o más,6,64070.0
192,30,2020,Veracruz de Ignacio de la Llave,Vega de Alatorre,Hombre,60 o más,5,60000.0
192,30,2019,Veracruz de Ignacio de la Llave,Vega de Alatorre,Mujer,60 o más,8,88962.0
192,30,2020,Veracruz de Ignacio de la Llave,Vega de Alatorre,Mujer,30 a 59,22,264000.0
192,30,2020,Veracruz de Ignacio de la Llave,Vega de Alatorre,Hombre,30 a 59,17,204000.0
192,30,2019,Veracruz de Ignacio de la Llave,Vega de Alatorre,Mujer,30 a 59,23,245852.0
192,30,2019,Veracruz de Ignacio de la Llave,Vega de Alatorre,Hombre,30 a 59,14,143034.0
193,30,2020,Veracruz de Ignacio de la Llave,Veracruz,Mujer,29 o menos,7,84000.0
193,30,2020,Veracruz de Ignacio de la Llave,Veracruz,Hombre,29 o menos,5,60000.0
193,30,2019,Veracruz de Ignacio de la Llave,Veracruz,Hombre,60 o más,3,28473.0
193,30,2020,Veracruz de Ignacio de la Llave,Veracruz,Mujer,60 o más,10,120000.0
193,30,2020,Veracruz de Ignacio de la Llave,Veracruz,Mujer,30 a 59,38,456000.0
193,30,2020,Veracruz de Ignacio de la Llave,Veracruz,Hombre,60 o más,4,48000.0
193,30,2020,Veracruz de Ignacio de la Llave,Veracruz,Hombre,30 a 59,31,372000.0
193,30,2019,Veracruz de Ignacio de la Llave,Veracruz,Mujer,29 o menos,7,70394.0
193,30,2019,Veracruz de Ignacio de la Llave,Veracruz,Hombre,30 a 59,16,155940.0
193,30,2019,Veracruz de Ignacio de la Llave,Veracruz,Hombre,29 o menos,3,28037.0
193,30,2019,Veracruz de Ignacio de la Llave,Veracruz,Mujer,30 a 59,57,545703.0
193,30,2019,Veracruz de Ignacio de la Llave,Veracruz,Mujer,60 o más,9,92233.0
208,30,2019,Veracruz de Ignacio de la Llave,Carlos A. Carrillo,Mujer,60 o más,1,11580.0
208,30,2019,Veracruz de Ignacio de la Llave,Carlos A. Carrillo,Hombre,30 a 59,1,8640.0
208,30,2020,Veracruz de Ignacio de la Llave,Carlos A. Carrillo,Mujer,30 a 59,2,21222.0
027,31,2019,Yucatán,Dzidzantún,Mujer,30 a 59,2,24000.0
027,31,2020,Yucatán,Dzidzantún,Hombre,60 o más,1,12000.0
027,31,2019,Yucatán,Dzidzantún,Mujer,29 o menos,1,12000.0
027,31,2019,Yucatán,Dzidzantún,Hombre,30 a 59,1,12000.0
027,31,2019,Yucatán,Dzidzantún,Hombre,60 o más,1,12000.0
041,31,2019,Yucatán,Kanasín,Mujer,60 o más,1,12000.0
041,31,2019,Yucatán,Kanasín,Hombre,30 a 59,2,24000.0
052,31,2019,Yucatán,Motul,Mujer,29 o menos,1,12000.0
052,31,2019,Yucatán,Motul,Hombre,30 a 59,3,36000.0
052,31,2019,Yucatán,Motul,Mujer,30 a 59,1,12000.0
056,31,2020,Yucatán,Oxkutzcab,Mujer,29 o menos,2,24000.0
056,31,2019,Yucatán,Oxkutzcab,Mujer,29 o menos,1,12000.0
056,31,2020,Yucatán,Oxkutzcab,Mujer,30 a 59,1,12000.0
056,31,2019,Yucatán,Oxkutzcab,Hombre,60 o más,1,12000.0
056,31,2020,Yucatán,Oxkutzcab,Hombre,30 a 59,1,12000.0
056,31,2020,Yucatán,Oxkutzcab,Hombre,29 o menos,2,24000.0
056,31,2019,Yucatán,Oxkutzcab,Mujer,30 a 59,1,12000.0
056,31,2019,Yucatán,Oxkutzcab,Mujer,60 o más,1,12000.0
056,31,2020,Yucatán,Oxkutzcab,Mujer,60 o más,1,12000.0
059,31,2020,Yucatán,Progreso,Mujer,29 o menos,1,12000.0
059,31,2020,Yucatán,Progreso,Hombre,60 o más,1,12000.0
059,31,2019,Yucatán,Progreso,Mujer,29 o menos,4,48000.0
059,31,2020,Yucatán,Progreso,Mujer,60 o más,4,48000.0
059,31,2019,Yucatán,Progreso,Hombre,60 o más,2,24000.0
059,31,2019,Yucatán,Progreso,Mujer,30 a 59,7,84000.0
059,31,2020,Yucatán,Progreso,Hombre,30 a 59,8,96000.0
059,31,2019,Yucatán,Progreso,Mujer,60 o más,1,12000.0
059,31,2019,Yucatán,Progreso,Hombre,29 o menos,3,36000.0
059,31,2020,Yucatán,Progreso,Hombre,29 o menos,1,12000.0
059,31,2020,Yucatán,Progreso,Mujer,30 a 59,7,84000.0
083,31,2020,Yucatán,Telchac Puerto,Mujer,30 a 59,3,36000.0
083,31,2019,Yucatán,Telchac Puerto,Mujer,30 a 59,7,84000.0
083,31,2019,Yucatán,Telchac Puerto,Mujer,60 o más,2,24000.0
083,31,2019,Yucatán,Telchac Puerto,Hombre,30 a 59,11,132000.0
083,31,2020,Yucatán,Telchac Puerto,Hombre,30 a 59,2,24000.0
083,31,2019,Yucatán,Telchac Puerto,Mujer,29 o menos,1,12000.0
096,31,2019,Yucatán,Tizimín,Hombre,30 a 59,1,12000.0
096,31,2020,Yucatán,Tizimín,Mujer,30 a 59,2,24000.0
096,31,2020,Yucatán,Tizimín,Hombre,30 a 59,3,36000.0
096,31,2020,Yucatán,Tizimín,Hombre,29 o menos,2,24000.0
010,32,2019,Zacatecas,Fresnillo,Mujer,60 o más,2,24000.0
010,32,2020,Zacatecas,Fresnillo,Hombre,30 a 59,1,12000.0
010,32,2019,Zacatecas,Fresnillo,Hombre,30 a 59,2,19000.0
017,32,2019,Zacatecas,Guadalupe,Mujer,29 o menos,2,24000.0
017,32,2020,Zacatecas,Guadalupe,Hombre,30 a 59,2,24000.0
017,32,2019,Zacatecas,Guadalupe,Hombre,29 o menos,1,12000.0
017,32,2019,Zacatecas,Guadalupe,Hombre,30 a 59,29,348000.0
017,32,2020,Zacatecas,Guadalupe,Hombre,60 o más,1,12000.0
017,32,2019,Zacatecas,Guadalupe,Mujer,60 o más,7,84000.0
017,32,2019,Zacatecas,Guadalupe,Mujer,30 a 59,11,132000.0
017,32,2019,Zacatecas,Guadalupe,Hombre,60 o más,5,60000.0
042,32,2019,Zacatecas,Sombrerete,Hombre,30 a 59,1,12000.0
042,32,2019,Zacatecas,Sombrerete,Mujer,30 a 59,1,12000.0
049,32,2019,Zacatecas,Valparaíso,Mujer,29 o menos,3,36000.0
049,32,2019,Zacatecas,Valparaíso,Hombre,30 a 59,10,120000.0
049,32,2019,Zacatecas,Valparaíso,Mujer,60 o más,1,12000.0
049,32,2019,Zacatecas,Valparaíso,Mujer,30 a 59,8,96000.0
049,32,2019,Zacatecas,Valparaíso,Hombre,29 o menos,3,36000.0
049,32,2019,Zacatecas,Valparaíso,Hombre,60 o más,8,96000.0
055,32,2020,Zacatecas,Villanueva,Hombre,30 a 59,2,24000.0
055,32,2020,Zacatecas,Villanueva,Mujer,30 a 59,1,12000.0
056,32,2019,Zacatecas,Zacatecas,Hombre,29 o menos,1,12000.0
056,32,2019,Zacatecas,Zacatecas,Hombre,60 o más,4,48000.0
056,32,2019,Zacatecas,Zacatecas,Mujer,60 o más,5,60000.0
056,32,2019,Zacatecas,Zacatecas,Mujer,30 a 59,7,84000.0
056,32,2019,Zacatecas,Zacatecas,Hombre,30 a 59,9,108000.0
056,32,2019,Zacatecas,Zacatecas,Mujer,29 o menos,1,12000.0
017,07,2022,Chiapas,Cintalapa de Figueroa,Mujer,29 o menos,1,13500.0
017,07,2022,Chiapas,Cintalapa de Figueroa,Mujer,60 o más,3,40500.0
017,07,2023,Chiapas,Cintalapa de Figueroa,Hombre,60 o más,5,67500.0
017,07,2023,Chiapas,Cintalapa de Figueroa,Hombre,29 o menos,5,67500.0
017,07,2022,Chiapas,Cintalapa de Figueroa,Mujer,30 a 59,1,13500.0
017,07,2021,Chiapas,Cintalapa de Figueroa,Hombre,30 a 59,1,12000.0
017,07,2022,Chiapas,Cintalapa de Figueroa,Hombre,30 a 59,1,13500.0
017,07,2023,Chiapas,Cintalapa de Figueroa,Mujer,60 o más,9,121500.0
017,07,2023,Chiapas,Cintalapa de Figueroa,Mujer,30 a 59,33,445500.0
017,07,2023,Chiapas,Cintalapa de Figueroa,Hombre,30 a 59,18,243000.0
017,07,2023,Chiapas,Cintalapa de Figueroa,Mujer,29 o menos,6,81000.0
003,02,2023,Baja California,Tecate,Hombre,60 o más,3,40500.0
003,02,2023,Baja California,Tecate,Mujer,60 o más,5,67500.0
003,02,2023,Baja California,Tecate,Hombre,30 a 59,23,310500.0
003,02,2023,Baja California,Tecate,Hombre,29 o menos,1,13500.0
003,02,2023,Baja California,Tecate,Mujer,30 a 59,35,472500.0
003,02,2023,Baja California,Tecate,Mujer,29 o menos,3,40500.0
004,02,2023,Baja California,Tijuana,Hombre,29 o menos,2,27000.0
004,02,2023,Baja California,Tijuana,Mujer,30 a 59,90,1215000.0
004,02,2023,Baja California,Tijuana,Hombre,60 o más,11,148500.0
004,02,2023,Baja California,Tijuana,Hombre,30 a 59,47,634500.0
004,02,2023,Baja California,Tijuana,Mujer,60 o más,23,310500.0
004,02,2023,Baja California,Tijuana,Mujer,29 o menos,3,40500.0
005,02,2021,Baja California,Playas de Rosarito,Hombre,60 o más,6,72000.0
005,02,2021,Baja California,Playas de Rosarito,Mujer,60 o más,3,36000.0
005,02,2021,Baja California,Playas de Rosarito,Hombre,30 a 59,25,300000.0
005,02,2021,Baja California,Playas de Rosarito,Mujer,30 a 59,20,240000.0
006,02,2022,Baja California,San Quintín,Hombre,29 o menos,9,121500.0
006,02,2022,Baja California,San Quintín,Mujer,29 o menos,17,229500.0
006,02,2021,Baja California,San Quintín,Hombre,60 o más,3,36000.0
006,02,2022,Baja California,San Quintín,Hombre,30 a 59,17,229500.0
006,02,2021,Baja California,San Quintín,Mujer,29 o menos,7,84000.0
006,02,2021,Baja California,San Quintín,Hombre,29 o menos,6,72000.0
006,02,2022,Baja California,San Quintín,Mujer,30 a 59,23,310500.0
006,02,2021,Baja California,San Quintín,Hombre,30 a 59,16,192000.0
006,02,2022,Baja California,San Quintín,Hombre,60 o más,3,40500.0
006,02,2021,Baja California,San Quintín,Mujer,60 o más,3,36000.0
006,02,2022,Baja California,San Quintín,Mujer,60 o más,3,40500.0
006,02,2021,Baja California,San Quintín,Mujer,30 a 59,21,252000.0
003,03,2022,Baja California Sur,La Paz,Hombre,60 o más,3,40500.0
003,03,2021,Baja California Sur,La Paz,Hombre,30 a 59,19,228000.0
003,03,2021,Baja California Sur,La Paz,Mujer,29 o menos,1,12000.0
003,03,2021,Baja California Sur,La Paz,Hombre,60 o más,2,24000.0
003,03,2022,Baja California Sur,La Paz,Hombre,29 o menos,1,13500.0
003,03,2021,Baja California Sur,La Paz,Mujer,60 o más,5,60000.0
003,03,2022,Baja California Sur,La Paz,Hombre,30 a 59,14,189000.0
003,03,2021,Baja California Sur,La Paz,Hombre,29 o menos,3,36000.0
003,03,2021,Baja California Sur,La Paz,Mujer,30 a 59,23,276000.0
003,03,2022,Baja California Sur,La Paz,Mujer,30 a 59,17,229500.0
001,04,2021,Campeche,Calkiní,Hombre,29 o menos,17,204000.0
001,04,2023,Campeche,Calkiní,Hombre,60 o más,29,391500.0
001,04,2023,Campeche,Calkiní,Mujer,29 o menos,18,243000.0
001,04,2021,Campeche,Calkiní,Mujer,29 o menos,8,96000.0
001,04,2023,Campeche,Calkiní,Mujer,60 o más,6,81000.0
001,04,2023,Campeche,Calkiní,Mujer,30 a 59,62,837000.0
001,04,2021,Campeche,Calkiní,Mujer,60 o más,8,96000.0
001,04,2021,Campeche,Calkiní,Hombre,60 o más,26,312000.0
001,04,2023,Campeche,Calkiní,Hombre,29 o menos,24,324000.0
001,04,2021,Campeche,Calkiní,Hombre,30 a 59,77,924000.0
001,04,2021,Campeche,Calkiní,Mujer,30 a 59,44,528000.0
001,04,2023,Campeche,Calkiní,Hombre,30 a 59,75,1012500.0
002,04,2022,Campeche,Campeche,Mujer,30 a 59,12,162000.0
002,04,2023,Campeche,Campeche,Mujer,30 a 59,3,40500.0
002,04,2022,Campeche,Campeche,Hombre,29 o menos,2,27000.0
002,04,2023,Campeche,Campeche,Mujer,29 o menos,1,13500.0
002,04,2022,Campeche,Campeche,Hombre,60 o más,3,40500.0
002,04,2023,Campeche,Campeche,Hombre,60 o más,1,13500.0
002,04,2022,Campeche,Campeche,Mujer,60 o más,1,13500.0
002,04,2022,Campeche,Campeche,Mujer,29 o menos,2,27000.0
002,04,2022,Campeche,Campeche,Hombre,30 a 59,11,148500.0
002,04,2023,Campeche,Campeche,Hombre,30 a 59,1,13500.0
009,04,2022,Campeche,Escárcega,Mujer,30 a 59,6,81000.0
009,04,2023,Campeche,Escárcega,Mujer,30 a 59,1,13500.0
009,04,2022,Campeche,Escárcega,Hombre,30 a 59,1,13500.0
009,04,2022,Campeche,Escárcega,Mujer,29 o menos,2,27000.0
009,04,2022,Campeche,Escárcega,Hombre,29 o menos,2,27000.0
011,04,2023,Campeche,Candelaria,Mujer,30 a 59,1,13500.0
011,04,2023,Campeche,Candelaria,Mujer,29 o menos,1,13500.0
011,04,2023,Campeche,Candelaria,Hombre,30 a 59,1,13500.0
002,05,2021,Coahuila de Zaragoza,Acuña,Hombre,60 o más,5,60000.0
002,05,2021,Coahuila de Zaragoza,Acuña,Mujer,60 o más,6,72000.0
002,05,2021,Coahuila de Zaragoza,Acuña,Mujer,29 o menos,4,48000.0
002,05,2021,Coahuila de Zaragoza,Acuña,Hombre,29 o menos,5,60000.0
002,05,2021,Coahuila de Zaragoza,Acuña,Mujer,30 a 59,48,576000.0
002,05,2021,Coahuila de Zaragoza,Acuña,Hombre,30 a 59,36,432000.0
002,05,2023,Coahuila de Zaragoza,Acuña,Mujer,30 a 59,1,13500.0
014,05,2023,Coahuila de Zaragoza,Jiménez,Hombre,30 a 59,16,216000.0
014,05,2023,Coahuila de Zaragoza,Jiménez,Mujer,29 o menos,2,27000.0
014,05,2023,Coahuila de Zaragoza,Jiménez,Hombre,60 o más,8,108000.0
014,05,2023,Coahuila de Zaragoza,Jiménez,Mujer,60 o más,4,54000.0
014,05,2023,Coahuila de Zaragoza,Jiménez,Mujer,30 a 59,10,135000.0
017,05,2022,Coahuila de Zaragoza,Matamoros,Mujer,60 o más,1,13500.0
017,05,2023,Coahuila de Zaragoza,Matamoros,Hombre,30 a 59,4,54000.0
017,05,2023,Coahuila de Zaragoza,Matamoros,Mujer,60 o más,1,13500.0
017,05,2022,Coahuila de Zaragoza,Matamoros,Mujer,30 a 59,2,27000.0
017,05,2021,Coahuila de Zaragoza,Matamoros,Mujer,30 a 59,1,12000.0
017,05,2023,Coahuila de Zaragoza,Matamoros,Mujer,30 a 59,3,40500.0
017,05,2022,Coahuila de Zaragoza,Matamoros,Hombre,30 a 59,2,27000.0
017,05,2022,Coahuila de Zaragoza,Matamoros,Hombre,29 o menos,1,13500.0
030,05,2023,Coahuila de Zaragoza,Saltillo,Hombre,30 a 59,1,13500.0
033,05,2022,Coahuila de Zaragoza,San Pedro,Mujer,29 o menos,12,162000.0
033,05,2021,Coahuila de Zaragoza,San Pedro,Mujer,60 o más,1,12000.0
033,05,2022,Coahuila de Zaragoza,San Pedro,Mujer,60 o más,8,108000.0
033,05,2023,Coahuila de Zaragoza,San Pedro,Hombre,60 o más,1,13500.0
033,05,2023,Coahuila de Zaragoza,San Pedro,Hombre,30 a 59,7,94500.0
033,05,2023,Coahuila de Zaragoza,San Pedro,Mujer,30 a 59,12,162000.0
033,05,2023,Coahuila de Zaragoza,San Pedro,Mujer,60 o más,2,27000.0
033,05,2022,Coahuila de Zaragoza,San Pedro,Hombre,30 a 59,31,418500.0
033,05,2021,Coahuila de Zaragoza,San Pedro,Hombre,30 a 59,6,72000.0
033,05,2022,Coahuila de Zaragoza,San Pedro,Hombre,29 o menos,11,148500.0
033,05,2022,Coahuila de Zaragoza,San Pedro,Mujer,30 a 59,32,432000.0
033,05,2022,Coahuila de Zaragoza,San Pedro,Hombre,60 o más,12,162000.0
033,05,2021,Coahuila de Zaragoza,San Pedro,Mujer,30 a 59,15,180000.0
033,05,2021,Coahuila de Zaragoza,San Pedro,Hombre,29 o menos,1,12000.0
033,05,2021,Coahuila de Zaragoza,San Pedro,Mujer,29 o menos,5,60000.0
035,05,2023,Coahuila de Zaragoza,Torreón,Hombre,30 a 59,1,13500.0
035,05,2023,Coahuila de Zaragoza,Torreón,Mujer,29 o menos,1,13500.0
035,05,2023,Coahuila de Zaragoza,Torreón,Mujer,30 a 59,1,13500.0
009,06,2023,Colima,Tecomán,Mujer,30 a 59,7,94500.0
009,06,2023,Colima,Tecomán,Hombre,29 o menos,1,13500.0
009,06,2023,Colima,Tecomán,Hombre,30 a 59,5,67500.0
009,06,2023,Colima,Tecomán,Mujer,60 o más,1,13500.0
009,06,2023,Colima,Tecomán,Hombre,60 o más,1,13500.0
002,07,2022,Chiapas,Acala,Mujer,29 o menos,8,108000.0
002,07,2022,Chiapas,Acala,Hombre,60 o más,10,135000.0
002,07,2022,Chiapas,Acala,Mujer,60 o más,4,54000.0
002,07,2022,Chiapas,Acala,Mujer,30 a 59,53,715500.0
002,07,2022,Chiapas,Acala,Hombre,30 a 59,32,432000.0
002,07,2022,Chiapas,Acala,Hombre,29 o menos,8,108000.0
012,07,2022,Chiapas,Berriozábal,Mujer,29 o menos,10,135000.0
012,07,2023,Chiapas,Berriozábal,Hombre,30 a 59,20,270000.0
012,07,2023,Chiapas,Berriozábal,Mujer,30 a 59,18,243000.0
012,07,2022,Chiapas,Berriozábal,Mujer,60 o más,16,216000.0
012,07,2022,Chiapas,Berriozábal,Hombre,29 o menos,5,67500.0
012,07,2022,Chiapas,Berriozábal,Hombre,30 a 59,46,621000.0
012,07,2023,Chiapas,Berriozábal,Mujer,60 o más,8,108000.0
012,07,2022,Chiapas,Berriozábal,Hombre,60 o más,13,175500.0
012,07,2023,Chiapas,Berriozábal,Mujer,29 o menos,2,27000.0
012,07,2023,Chiapas,Berriozábal,Hombre,60 o más,6,81000.0
012,07,2023,Chiapas,Berriozábal,Hombre,29 o menos,5,67500.0
012,07,2022,Chiapas,Berriozábal,Mujer,30 a 59,59,796500.0
027,07,2022,Chiapas,Chiapa de Corzo,Mujer,30 a 59,6,81000.0
027,07,2021,Chiapas,Chiapa de Corzo,Mujer,30 a 59,34,408000.0
027,07,2021,Chiapas,Chiapa de Corzo,Hombre,60 o más,9,108000.0
027,07,2021,Chiapas,Chiapa de Corzo,Mujer,29 o menos,7,84000.0
027,07,2022,Chiapas,Chiapa de Corzo,Hombre,60 o más,2,27000.0
027,07,2023,Chiapas,Chiapa de Corzo,Mujer,30 a 59,6,81000.0
027,07,2023,Chiapas,Chiapa de Corzo,Hombre,60 o más,2,27000.0
027,07,2022,Chiapas,Chiapa de Corzo,Mujer,29 o menos,2,27000.0
027,07,2021,Chiapas,Chiapa de Corzo,Hombre,29 o menos,8,96000.0
027,07,2022,Chiapas,Chiapa de Corzo,Hombre,29 o menos,2,27000.0
027,07,2022,Chiapas,Chiapa de Corzo,Mujer,60 o más,1,13500.0
027,07,2022,Chiapas,Chiapa de Corzo,Hombre,30 a 59,9,121500.0
027,07,2023,Chiapas,Chiapa de Corzo,Mujer,29 o menos,1,13500.0
027,07,2021,Chiapas,Chiapa de Corzo,Mujer,60 o más,10,120000.0
027,07,2023,Chiapas,Chiapa de Corzo,Hombre,30 a 59,4,54000.0
027,07,2021,Chiapas,Chiapa de Corzo,Hombre,30 a 59,17,204000.0
065,07,2023,Chiapas,Palenque,Mujer,29 o menos,1,13500.0
065,07,2023,Chiapas,Palenque,Mujer,60 o más,3,40500.0
065,07,2023,Chiapas,Palenque,Hombre,60 o más,1,13500.0
065,07,2023,Chiapas,Palenque,Mujer,30 a 59,7,94500.0
065,07,2023,Chiapas,Palenque,Hombre,30 a 59,2,27000.0
107,07,2023,Chiapas,Villa Corzo,Hombre,29 o menos,8,108000.0
107,07,2023,Chiapas,Villa Corzo,Mujer,29 o menos,4,54000.0
107,07,2023,Chiapas,Villa Corzo,Hombre,30 a 59,18,243000.0
107,07,2023,Chiapas,Villa Corzo,Mujer,60 o más,2,27000.0
107,07,2023,Chiapas,Villa Corzo,Mujer,30 a 59,29,391500.0
107,07,2023,Chiapas,Villa Corzo,Hombre,60 o más,9,121500.0
123,07,2021,Chiapas,Emiliano Zapata,Hombre,29 o menos,1,12000.0
123,07,2022,Chiapas,Emiliano Zapata,Mujer,60 o más,1,13500.0
123,07,2022,Chiapas,Emiliano Zapata,Hombre,29 o menos,1,13500.0
123,07,2022,Chiapas,Emiliano Zapata,Mujer,30 a 59,19,256500.0
123,07,2021,Chiapas,Emiliano Zapata,Mujer,60 o más,2,24000.0
123,07,2022,Chiapas,Emiliano Zapata,Hombre,60 o más,7,94500.0
123,07,2023,Chiapas,Emiliano Zapata,Hombre,29 o menos,2,27000.0
123,07,2022,Chiapas,Emiliano Zapata,Mujer,29 o menos,3,40500.0
123,07,2021,Chiapas,Emiliano Zapata,Hombre,60 o más,1,12000.0
123,07,2021,Chiapas,Emiliano Zapata,Hombre,30 a 59,9,108000.0
123,07,2022,Chiapas,Emiliano Zapata,Hombre,30 a 59,9,121500.0
123,07,2021,Chiapas,Emiliano Zapata,Mujer,29 o menos,2,24000.0
123,07,2023,Chiapas,Emiliano Zapata,Mujer,30 a 59,1,13500.0
123,07,2021,Chiapas,Emiliano Zapata,Mujer,30 a 59,14,168000.0
019,08,2022,Chihuahua,Chihuahua,Hombre,30 a 59,8,108000.0
019,08,2023,Chihuahua,Chihuahua,Mujer,60 o más,8,108000.0
019,08,2023,Chihuahua,Chihuahua,Mujer,30 a 59,8,108000.0
019,08,2022,Chihuahua,Chihuahua,Hombre,60 o más,7,94500.0
019,08,2023,Chihuahua,Chihuahua,Hombre,60 o más,7,94500.0
019,08,2022,Chihuahua,Chihuahua,Mujer,30 a 59,17,229500.0
019,08,2022,Chihuahua,Chihuahua,Mujer,60 o más,13,175500.0
019,08,2023,Chihuahua,Chihuahua,Mujer,29 o menos,1,13500.0
019,08,2023,Chihuahua,Chihuahua,Hombre,30 a 59,6,81000.0
019,08,2021,Chihuahua,Chihuahua,Mujer,30 a 59,14,168000.0
019,08,2021,Chihuahua,Chihuahua,Hombre,60 o más,2,24000.0
019,08,2021,Chihuahua,Chihuahua,Mujer,60 o más,3,36000.0
019,08,2023,Chihuahua,Chihuahua,Hombre,29 o menos,1,13500.0
019,08,2021,Chihuahua,Chihuahua,Hombre,30 a 59,9,108000.0
010,09,2023,Ciudad de México,Álvaro Obregón,Hombre,30 a 59,14,189000.0
010,09,2023,Ciudad de México,Álvaro Obregón,Mujer,30 a 59,12,162000.0
010,09,2023,Ciudad de México,Álvaro Obregón,Hombre,60 o más,5,67500.0
010,09,2023,Ciudad de México,Álvaro Obregón,Mujer,60 o más,9,121500.0
005,10,2023,Durango,Durango,Mujer,30 a 59,9,121500.0
005,10,2022,Durango,Durango,Mujer,60 o más,7,94500.0
005,10,2022,Durango,Durango,Mujer,29 o menos,1,13500.0
005,10,2023,Durango,Durango,Mujer,29 o menos,6,81000.0
005,10,2022,Durango,Durango,Hombre,29 o menos,2,27000.0
005,10,2023,Durango,Durango,Hombre,29 o menos,2,27000.0
005,10,2023,Durango,Durango,Hombre,30 a 59,15,202500.0
005,10,2022,Durango,Durango,Hombre,60 o más,6,81000.0
005,10,2023,Durango,Durango,Hombre,60 o más,3,40500.0
005,10,2022,Durango,Durango,Hombre,30 a 59,20,270000.0
005,10,2022,Durango,Durango,Mujer,30 a 59,29,391500.0
023,10,2023,Durango,Pueblo Nuevo,Hombre,29 o menos,11,148500.0
023,10,2023,Durango,Pueblo Nuevo,Hombre,60 o más,4,54000.0
023,10,2023,Durango,Pueblo Nuevo,Mujer,60 o más,4,54000.0
023,10,2023,Durango,Pueblo Nuevo,Mujer,29 o menos,10,135000.0
023,10,2023,Durango,Pueblo Nuevo,Hombre,30 a 59,46,621000.0
023,10,2023,Durango,Pueblo Nuevo,Mujer,30 a 59,53,715500.0
003,11,2023,Guanajuato,San Miguel de Allende,Mujer,60 o más,6,81000.0
003,11,2023,Guanajuato,San Miguel de Allende,Hombre,30 a 59,19,256500.0
003,11,2023,Guanajuato,San Miguel de Allende,Mujer,30 a 59,31,418500.0
003,11,2023,Guanajuato,San Miguel de Allende,Mujer,29 o menos,4,54000.0
003,11,2023,Guanajuato,San Miguel de Allende,Hombre,29 o menos,1,13500.0
003,11,2023,Guanajuato,San Miguel de Allende,Hombre,60 o más,5,67500.0
005,11,2023,Guanajuato,Apaseo el Grande,Mujer,60 o más,5,67500.0
005,11,2022,Guanajuato,Apaseo el Grande,Hombre,29 o menos,1,13500.0
005,11,2022,Guanajuato,Apaseo el Grande,Hombre,60 o más,9,121500.0
005,11,2023,Guanajuato,Apaseo el Grande,Mujer,30 a 59,9,121500.0
005,11,2023,Guanajuato,Apaseo el Grande,Hombre,60 o más,3,40500.0
005,11,2023,Guanajuato,Apaseo el Grande,Hombre,30 a 59,4,54000.0
005,11,2022,Guanajuato,Apaseo el Grande,Mujer,30 a 59,17,229500.0
005,11,2022,Guanajuato,Apaseo el Grande,Mujer,60 o más,6,81000.0
005,11,2022,Guanajuato,Apaseo el Grande,Mujer,29 o menos,1,13500.0
005,11,2022,Guanajuato,Apaseo el Grande,Hombre,30 a 59,10,135000.0
007,11,2023,Guanajuato,Celaya,Mujer,30 a 59,8,108000.0
007,11,2023,Guanajuato,Celaya,Hombre,30 a 59,3,40500.0
007,11,2023,Guanajuato,Celaya,Hombre,60 o más,2,27000.0
007,11,2023,Guanajuato,Celaya,Mujer,60 o más,1,13500.0
033,11,2022,Guanajuato,San Luis de la Paz,Hombre,29 o menos,6,81000.0
033,11,2022,Guanajuato,San Luis de la Paz,Hombre,60 o más,6,81000.0
033,11,2022,Guanajuato,San Luis de la Paz,Hombre,30 a 59,32,432000.0
033,11,2022,Guanajuato,San Luis de la Paz,Mujer,60 o más,5,67500.0
033,11,2022,Guanajuato,San Luis de la Paz,Mujer,30 a 59,30,405000.0
033,11,2022,Guanajuato,San Luis de la Paz,Mujer,29 o menos,3,40500.0
035,11,2023,Guanajuato,Santa Cruz de Juventino Rosas,Mujer,29 o menos,1,13500.0
035,11,2023,Guanajuato,Santa Cruz de Juventino Rosas,Mujer,30 a 59,12,162000.0
035,11,2023,Guanajuato,Santa Cruz de Juventino Rosas,Hombre,60 o más,4,54000.0
035,11,2023,Guanajuato,Santa Cruz de Juventino Rosas,Hombre,30 a 59,13,175500.0
035,11,2023,Guanajuato,Santa Cruz de Juventino Rosas,Mujer,60 o más,1,13500.0
035,11,2023,Guanajuato,Santa Cruz de Juventino Rosas,Hombre,29 o menos,1,13500.0
001,12,2023,Guerrero,Acapulco de Juárez,Mujer,30 a 59,7,94500.0
001,12,2023,Guerrero,Acapulco de Juárez,Hombre,30 a 59,2,27000.0
001,12,2023,Guerrero,Acapulco de Juárez,Mujer,60 o más,8,108000.0
001,12,2023,Guerrero,Acapulco de Juárez,Hombre,60 o más,1,13500.0
001,12,2023,Guerrero,Acapulco de Juárez,Mujer,29 o menos,1,13500.0
010,12,2021,Guerrero,Atlixtac,Mujer,29 o menos,1,12000.0
010,12,2021,Guerrero,Atlixtac,Hombre,30 a 59,5,60000.0
010,12,2021,Guerrero,Atlixtac,Mujer,30 a 59,3,36000.0
010,12,2021,Guerrero,Atlixtac,Hombre,29 o menos,1,12000.0
014,12,2021,Guerrero,Benito Juárez,Hombre,60 o más,4,48000.0
014,12,2021,Guerrero,Benito Juárez,Mujer,29 o menos,1,12000.0
014,12,2022,Guerrero,Benito Juárez,Hombre,30 a 59,3,40500.0
014,12,2022,Guerrero,Benito Juárez,Hombre,60 o más,3,40500.0
014,12,2022,Guerrero,Benito Juárez,Mujer,30 a 59,7,94500.0
014,12,2023,Guerrero,Benito Juárez,Hombre,60 o más,1,13500.0
014,12,2023,Guerrero,Benito Juárez,Hombre,29 o menos,1,13500.0
014,12,2023,Guerrero,Benito Juárez,Mujer,30 a 59,4,54000.0
014,12,2022,Guerrero,Benito Juárez,Mujer,60 o más,4,54000.0
014,12,2023,Guerrero,Benito Juárez,Hombre,30 a 59,1,13500.0
014,12,2021,Guerrero,Benito Juárez,Hombre,29 o menos,5,60000.0
014,12,2021,Guerrero,Benito Juárez,Mujer,60 o más,7,84000.0
014,12,2021,Guerrero,Benito Juárez,Hombre,30 a 59,12,144000.0
014,12,2022,Guerrero,Benito Juárez,Mujer,29 o menos,1,13500.0
014,12,2021,Guerrero,Benito Juárez,Mujer,30 a 59,12,144000.0
021,12,2022,Guerrero,Coyuca de Benítez,Mujer,30 a 59,17,229500.0
021,12,2022,Guerrero,Coyuca de Benítez,Hombre,29 o menos,1,13500.0
021,12,2021,Guerrero,Coyuca de Benítez,Hombre,30 a 59,2,24000.0
021,12,2023,Guerrero,Coyuca de Benítez,Mujer,30 a 59,2,27000.0
021,12,2022,Guerrero,Coyuca de Benítez,Mujer,29 o menos,5,67500.0
021,12,2023,Guerrero,Coyuca de Benítez,Mujer,60 o más,1,13500.0
021,12,2021,Guerrero,Coyuca de Benítez,Mujer,30 a 59,6,72000.0
021,12,2021,Guerrero,Coyuca de Benítez,Hombre,60 o más,1,12000.0
021,12,2021,Guerrero,Coyuca de Benítez,Mujer,29 o menos,1,12000.0
021,12,2022,Guerrero,Coyuca de Benítez,Mujer,60 o más,11,148500.0
021,12,2023,Guerrero,Coyuca de Benítez,Hombre,60 o más,1,13500.0
021,12,2022,Guerrero,Coyuca de Benítez,Hombre,30 a 59,10,135000.0
021,12,2022,Guerrero,Coyuca de Benítez,Hombre,60 o más,6,81000.0
022,12,2021,Guerrero,Coyuca de Catalán,Mujer,29 o menos,4,48000.0
022,12,2023,Guerrero,Coyuca de Catalán,Hombre,60 o más,5,67500.0
022,12,2021,Guerrero,Coyuca de Catalán,Hombre,60 o más,5,60000.0
022,12,2023,Guerrero,Coyuca de Catalán,Mujer,29 o menos,1,13500.0
022,12,2023,Guerrero,Coyuca de Catalán,Hombre,29 o menos,1,13500.0
022,12,2023,Guerrero,Coyuca de Catalán,Hombre,30 a 59,12,162000.0
022,12,2021,Guerrero,Coyuca de Catalán,Mujer,30 a 59,14,168000.0
022,12,2021,Guerrero,Coyuca de Catalán,Mujer,60 o más,3,36000.0
022,12,2023,Guerrero,Coyuca de Catalán,Mujer,60 o más,4,54000.0
022,12,2023,Guerrero,Coyuca de Catalán,Mujer,30 a 59,17,229500.0
022,12,2021,Guerrero,Coyuca de Catalán,Hombre,30 a 59,9,108000.0
027,12,2023,Guerrero,Cutzamala de Pinzón,Mujer,60 o más,4,54000.0
027,12,2023,Guerrero,Cutzamala de Pinzón,Hombre,60 o más,2,27000.0
027,12,2023,Guerrero,Cutzamala de Pinzón,Hombre,30 a 59,3,40500.0
027,12,2023,Guerrero,Cutzamala de Pinzón,Hombre,29 o menos,1,13500.0
027,12,2023,Guerrero,Cutzamala de Pinzón,Mujer,30 a 59,7,94500.0
034,12,2022,Guerrero,Huitzuco de los Figueroa,Mujer,30 a 59,3,40500.0
034,12,2022,Guerrero,Huitzuco de los Figueroa,Mujer,29 o menos,1,13500.0
034,12,2021,Guerrero,Huitzuco de los Figueroa,Mujer,30 a 59,2,24000.0
034,12,2021,Guerrero,Huitzuco de los Figueroa,Mujer,60 o más,1,12000.0
035,12,2023,Guerrero,Iguala de la Independencia,Mujer,30 a 59,6,81000.0
035,12,2021,Guerrero,Iguala de la Independencia,Mujer,30 a 59,5,60000.0
035,12,2023,Guerrero,Iguala de la Independencia,Hombre,30 a 59,1,13500.0
035,12,2021,Guerrero,Iguala de la Independencia,Hombre,29 o menos,2,24000.0
035,12,2023,Guerrero,Iguala de la Independencia,Mujer,60 o más,2,27000.0
035,12,2021,Guerrero,Iguala de la Independencia,Hombre,60 o más,4,48000.0
035,12,2021,Guerrero,Iguala de la Independencia,Hombre,30 a 59,11,132000.0
035,12,2021,Guerrero,Iguala de la Independencia,Mujer,29 o menos,1,12000.0
035,12,2023,Guerrero,Iguala de la Independencia,Mujer,29 o menos,1,13500.0
035,12,2023,Guerrero,Iguala de la Independencia,Hombre,29 o menos,1,13500.0
038,12,2022,Guerrero,Zihuatanejo de Azueta,Hombre,29 o menos,2,27000.0
038,12,2023,Guerrero,Zihuatanejo de Azueta,Hombre,60 o más,1,13500.0
038,12,2022,Guerrero,Zihuatanejo de Azueta,Mujer,60 o más,16,216000.0
038,12,2023,Guerrero,Zihuatanejo de Azueta,Mujer,30 a 59,6,81000.0
038,12,2022,Guerrero,Zihuatanejo de Azueta,Hombre,60 o más,7,94500.0
038,12,2022,Guerrero,Zihuatanejo de Azueta,Hombre,30 a 59,11,148500.0
038,12,2022,Guerrero,Zihuatanejo de Azueta,Mujer,30 a 59,14,189000.0
038,12,2023,Guerrero,Zihuatanejo de Azueta,Mujer,60 o más,7,94500.0
038,12,2022,Guerrero,Zihuatanejo de Azueta,Mujer,29 o menos,3,40500.0
039,12,2023,Guerrero,Juan R. Escudero,Mujer,60 o más,8,108000.0
039,12,2023,Guerrero,Juan R. Escudero,Hombre,60 o más,15,202500.0
039,12,2023,Guerrero,Juan R. Escudero,Hombre,30 a 59,30,405000.0
039,12,2023,Guerrero,Juan R. Escudero,Mujer,30 a 59,19,256500.0
039,12,2023,Guerrero,Juan R. Escudero,Mujer,29 o menos,2,27000.0
050,12,2023,Guerrero,Pungarabato,Mujer,30 a 59,20,270000.0
050,12,2023,Guerrero,Pungarabato,Hombre,60 o más,3,40500.0
050,12,2023,Guerrero,Pungarabato,Hombre,30 a 59,15,202500.0
050,12,2023,Guerrero,Pungarabato,Mujer,29 o menos,3,40500.0
050,12,2023,Guerrero,Pungarabato,Mujer,60 o más,4,54000.0
050,12,2023,Guerrero,Pungarabato,Hombre,29 o menos,2,27000.0
075,12,2023,Guerrero,Eduardo Neri,Hombre,60 o más,8,108000.0
075,12,2021,Guerrero,Eduardo Neri,Hombre,30 a 59,1,12000.0
075,12,2023,Guerrero,Eduardo Neri,Hombre,29 o menos,1,13500.0
075,12,2023,Guerrero,Eduardo Neri,Mujer,30 a 59,21,283500.0
075,12,2023,Guerrero,Eduardo Neri,Mujer,60 o más,9,121500.0
075,12,2023,Guerrero,Eduardo Neri,Hombre,30 a 59,18,243000.0
075,12,2023,Guerrero,Eduardo Neri,Mujer,29 o menos,5,67500.0
028,13,2023,Hidalgo,Huejutla de Reyes,Mujer,29 o menos,2,27000.0
028,13,2023,Hidalgo,Huejutla de Reyes,Hombre,30 a 59,17,229500.0
028,13,2023,Hidalgo,Huejutla de Reyes,Hombre,60 o más,3,40500.0
028,13,2023,Hidalgo,Huejutla de Reyes,Mujer,30 a 59,23,310500.0
028,13,2023,Hidalgo,Huejutla de Reyes,Hombre,29 o menos,2,27000.0
028,13,2023,Hidalgo,Huejutla de Reyes,Mujer,60 o más,3,40500.0
048,13,2021,Hidalgo,Pachuca de Soto,Hombre,29 o menos,1,12000.0
048,13,2023,Hidalgo,Pachuca de Soto,Hombre,30 a 59,17,229500.0
048,13,2023,Hidalgo,Pachuca de Soto,Hombre,60 o más,4,54000.0
048,13,2021,Hidalgo,Pachuca de Soto,Mujer,30 a 59,12,144000.0
048,13,2023,Hidalgo,Pachuca de Soto,Mujer,29 o menos,1,13500.0
048,13,2021,Hidalgo,Pachuca de Soto,Hombre,30 a 59,8,96000.0
048,13,2021,Hidalgo,Pachuca de Soto,Mujer,60 o más,4,48000.0
048,13,2023,Hidalgo,Pachuca de Soto,Mujer,60 o más,9,121500.0
048,13,2021,Hidalgo,Pachuca de Soto,Hombre,60 o más,5,60000.0
048,13,2023,Hidalgo,Pachuca de Soto,Hombre,29 o menos,2,27000.0
048,13,2023,Hidalgo,Pachuca de Soto,Mujer,30 a 59,12,162000.0
070,14,2022,Jalisco,El Salto,Hombre,29 o menos,3,40500.0
070,14,2022,Jalisco,El Salto,Hombre,30 a 59,34,459000.0
070,14,2021,Jalisco,El Salto,Hombre,60 o más,1,12000.0
070,14,2023,Jalisco,El Salto,Mujer,29 o menos,4,50777.51
070,14,2021,Jalisco,El Salto,Mujer,60 o más,1,12000.0
070,14,2023,Jalisco,El Salto,Hombre,29 o menos,3,40500.0
070,14,2022,Jalisco,El Salto,Mujer,30 a 59,37,499500.0
070,14,2021,Jalisco,El Salto,Hombre,29 o menos,2,24000.0
070,14,2021,Jalisco,El Salto,Mujer,30 a 59,3,36000.0
070,14,2023,Jalisco,El Salto,Mujer,30 a 59,44,590777.0
070,14,2022,Jalisco,El Salto,Mujer,60 o más,19,256500.0
070,14,2023,Jalisco,El Salto,Mujer,60 o más,19,256500.0
070,14,2022,Jalisco,El Salto,Hombre,60 o más,10,135000.0
070,14,2021,Jalisco,El Salto,Hombre,30 a 59,4,48000.0
070,14,2021,Jalisco,El Salto,Mujer,29 o menos,1,12000.0
070,14,2022,Jalisco,El Salto,Mujer,29 o menos,3,40500.0
070,14,2023,Jalisco,El Salto,Hombre,30 a 59,36,486000.0
070,14,2023,Jalisco,El Salto,Hombre,60 o más,11,148500.0
096,14,2023,Jalisco,Tizapán el Alto,Hombre,60 o más,6,81000.0
096,14,2023,Jalisco,Tizapán el Alto,Hombre,30 a 59,11,148500.0
096,14,2023,Jalisco,Tizapán el Alto,Mujer,29 o menos,1,13500.0
096,14,2023,Jalisco,Tizapán el Alto,Mujer,60 o más,2,27000.0
096,14,2023,Jalisco,Tizapán el Alto,Mujer,30 a 59,6,81000.0
098,14,2021,Jalisco,San Pedro Tlaquepaque,Mujer,60 o más,3,36000.0
098,14,2023,Jalisco,San Pedro Tlaquepaque,Mujer,60 o más,9,121500.0
098,14,2023,Jalisco,San Pedro Tlaquepaque,Mujer,29 o menos,2,27000.0
098,14,2021,Jalisco,San Pedro Tlaquepaque,Hombre,29 o menos,1,12000.0
098,14,2023,Jalisco,San Pedro Tlaquepaque,Hombre,30 a 59,7,94500.0
098,14,2021,Jalisco,San Pedro Tlaquepaque,Hombre,30 a 59,7,84000.0
098,14,2021,Jalisco,San Pedro Tlaquepaque,Hombre,60 o más,2,24000.0
098,14,2023,Jalisco,San Pedro Tlaquepaque,Hombre,60 o más,9,121500.0
098,14,2023,Jalisco,San Pedro Tlaquepaque,Mujer,30 a 59,10,135000.0
098,14,2021,Jalisco,San Pedro Tlaquepaque,Mujer,30 a 59,5,60000.0
098,14,2021,Jalisco,San Pedro Tlaquepaque,Mujer,29 o menos,1,12000.0
120,14,2022,Jalisco,Zapopan,Hombre,29 o menos,4,54000.0
120,14,2021,Jalisco,Zapopan,Hombre,29 o menos,5,60000.0
120,14,2022,Jalisco,Zapopan,Mujer,29 o menos,3,40500.0
120,14,2022,Jalisco,Zapopan,Hombre,30 a 59,18,243000.0
120,14,2023,Jalisco,Zapopan,Mujer,30 a 59,11,148500.0
120,14,2021,Jalisco,Zapopan,Hombre,30 a 59,23,276000.0
120,14,2022,Jalisco,Zapopan,Mujer,60 o más,4,54000.0
120,14,2021,Jalisco,Zapopan,Hombre,60 o más,4,48000.0
120,14,2021,Jalisco,Zapopan,Mujer,30 a 59,23,276000.0
120,14,2023,Jalisco,Zapopan,Hombre,60 o más,2,27000.0
120,14,2022,Jalisco,Zapopan,Mujer,30 a 59,27,364500.0
120,14,2022,Jalisco,Zapopan,Hombre,60 o más,3,40500.0
120,14,2023,Jalisco,Zapopan,Mujer,60 o más,3,40500.0
120,14,2021,Jalisco,Zapopan,Mujer,29 o menos,5,60000.0
120,14,2023,Jalisco,Zapopan,Hombre,30 a 59,10,135000.0
120,14,2021,Jalisco,Zapopan,Mujer,60 o más,9,108000.0
002,15,2021,México,Acolman,Hombre,30 a 59,2,24000.0
002,15,2021,México,Acolman,Hombre,60 o más,2,24000.0
002,15,2022,México,Acolman,Mujer,30 a 59,1,13500.0
002,15,2022,México,Acolman,Hombre,60 o más,1,13500.0
002,15,2022,México,Acolman,Hombre,30 a 59,1,13500.0
002,15,2021,México,Acolman,Hombre,29 o menos,1,12000.0
002,15,2022,México,Acolman,Mujer,29 o menos,1,13500.0
002,15,2021,México,Acolman,Mujer,30 a 59,3,36000.0
039,15,2021,México,Ixtapaluca,Hombre,30 a 59,6,72000.0
039,15,2021,México,Ixtapaluca,Hombre,29 o menos,1,12000.0
039,15,2021,México,Ixtapaluca,Mujer,29 o menos,1,12000.0
039,15,2022,México,Ixtapaluca,Hombre,29 o menos,1,13500.0
039,15,2022,México,Ixtapaluca,Hombre,60 o más,4,54000.0
039,15,2022,México,Ixtapaluca,Mujer,30 a 59,9,121500.0
039,15,2021,México,Ixtapaluca,Mujer,30 a 59,10,120000.0
039,15,2022,México,Ixtapaluca,Hombre,30 a 59,5,67500.0
039,15,2021,México,Ixtapaluca,Mujer,60 o más,3,36000.0
039,15,2022,México,Ixtapaluca,Mujer,60 o más,2,27000.0
057,15,2022,México,Naucalpan de Juárez,Mujer,30 a 59,4,54000.0
057,15,2021,México,Naucalpan de Juárez,Mujer,30 a 59,2,24000.0
057,15,2023,México,Naucalpan de Juárez,Mujer,29 o menos,1,13500.0
057,15,2023,México,Naucalpan de Juárez,Hombre,30 a 59,4,54000.0
057,15,2021,México,Naucalpan de Juárez,Hombre,30 a 59,1,12000.0
057,15,2023,México,Naucalpan de Juárez,Mujer,30 a 59,8,108000.0
057,15,2023,México,Naucalpan de Juárez,Mujer,60 o más,7,94500.0
057,15,2023,México,Naucalpan de Juárez,Hombre,60 o más,16,216000.0
057,15,2021,México,Naucalpan de Juárez,Mujer,60 o más,2,24000.0
057,15,2022,México,Naucalpan de Juárez,Hombre,30 a 59,1,13500.0
057,15,2022,México,Naucalpan de Juárez,Mujer,60 o más,4,54000.0
057,15,2022,México,Naucalpan de Juárez,Hombre,60 o más,2,27000.0
070,15,2021,México,La Paz,Hombre,30 a 59,1,12000.0
070,15,2021,México,La Paz,Hombre,29 o menos,1,12000.0
070,15,2021,México,La Paz,Mujer,29 o menos,1,12000.0
070,15,2021,México,La Paz,Mujer,30 a 59,1,12000.0
081,15,2023,México,Tecámac,Mujer,29 o menos,1,13500.0
081,15,2023,México,Tecámac,Hombre,60 o más,7,94500.0
081,15,2021,México,Tecámac,Mujer,30 a 59,1,12000.0
081,15,2023,México,Tecámac,Mujer,60 o más,9,121500.0
081,15,2021,México,Tecámac,Hombre,30 a 59,3,36000.0
081,15,2023,México,Tecámac,Hombre,30 a 59,22,297000.0
081,15,2021,México,Tecámac,Hombre,60 o más,2,24000.0
081,15,2021,México,Tecámac,Mujer,60 o más,1,12000.0
081,15,2023,México,Tecámac,Hombre,29 o menos,2,27000.0
081,15,2023,México,Tecámac,Mujer,30 a 59,23,310500.0
106,15,2021,México,Toluca,Hombre,60 o más,2,24000.0
106,15,2022,México,Toluca,Hombre,30 a 59,3,40500.0
106,15,2021,México,Toluca,Mujer,60 o más,1,12000.0
106,15,2021,México,Toluca,Hombre,30 a 59,2,24000.0
106,15,2021,México,Toluca,Mujer,30 a 59,5,60000.0
109,15,2023,México,Tultitlán,Mujer,60 o más,20,270000.0
109,15,2022,México,Tultitlán,Hombre,30 a 59,50,675000.0
109,15,2023,México,Tultitlán,Mujer,30 a 59,57,769500.0
109,15,2022,México,Tultitlán,Hombre,60 o más,9,121500.0
109,15,2023,México,Tultitlán,Mujer,29 o menos,3,40500.0
109,15,2023,México,Tultitlán,Hombre,29 o menos,4,54000.0
109,15,2022,México,Tultitlán,Mujer,29 o menos,2,27000.0
109,15,2023,México,Tultitlán,Hombre,60 o más,18,243000.0
109,15,2022,México,Tultitlán,Mujer,60 o más,10,135000.0
109,15,2022,México,Tultitlán,Hombre,29 o menos,4,54000.0
109,15,2022,México,Tultitlán,Mujer,30 a 59,48,648000.0
109,15,2023,México,Tultitlán,Hombre,30 a 59,50,675000.0
118,15,2022,México,Zinacantepec,Mujer,30 a 59,2,27000.0
118,15,2021,México,Zinacantepec,Hombre,30 a 59,1,12000.0
118,15,2021,México,Zinacantepec,Mujer,30 a 59,2,24000.0
118,15,2022,México,Zinacantepec,Mujer,60 o más,1,13500.0
118,15,2022,México,Zinacantepec,Hombre,30 a 59,4,54000.0
118,15,2022,México,Zinacantepec,Hombre,60 o más,1,13500.0
006,16,2021,Michoacán de Ocampo,Apatzingán,Hombre,30 a 59,10,120000.0
006,16,2021,Michoacán de Ocampo,Apatzingán,Hombre,60 o más,3,36000.0
006,16,2023,Michoacán de Ocampo,Apatzingán,Mujer,30 a 59,66,891000.0
006,16,2023,Michoacán de Ocampo,Apatzingán,Mujer,29 o menos,8,108000.0
006,16,2023,Michoacán de Ocampo,Apatzingán,Hombre,60 o más,14,189000.0
006,16,2023,Michoacán de Ocampo,Apatzingán,Hombre,29 o menos,8,108000.0
006,16,2023,Michoacán de Ocampo,Apatzingán,Mujer,60 o más,18,243000.0
006,16,2021,Michoacán de Ocampo,Apatzingán,Mujer,29 o menos,1,12000.0
006,16,2023,Michoacán de Ocampo,Apatzingán,Hombre,30 a 59,48,648000.0
006,16,2021,Michoacán de Ocampo,Apatzingán,Mujer,60 o más,3,36000.0
006,16,2021,Michoacán de Ocampo,Apatzingán,Mujer,30 a 59,8,96000.0
006,16,2021,Michoacán de Ocampo,Apatzingán,Hombre,29 o menos,2,24000.0
011,16,2023,Michoacán de Ocampo,Briseñas,Hombre,29 o menos,7,94500.0
011,16,2023,Michoacán de Ocampo,Briseñas,Hombre,30 a 59,43,580500.0
011,16,2023,Michoacán de Ocampo,Briseñas,Mujer,30 a 59,24,324000.0
011,16,2023,Michoacán de Ocampo,Briseñas,Mujer,60 o más,10,135000.0
011,16,2023,Michoacán de Ocampo,Briseñas,Hombre,60 o más,15,202500.0
014,16,2023,Michoacán de Ocampo,Coahuayana,Hombre,29 o menos,1,13500.0
014,16,2021,Michoacán de Ocampo,Coahuayana,Mujer,30 a 59,54,648000.0
014,16,2021,Michoacán de Ocampo,Coahuayana,Mujer,29 o menos,4,48000.0
014,16,2021,Michoacán de Ocampo,Coahuayana,Hombre,29 o menos,7,84000.0
014,16,2022,Michoacán de Ocampo,Coahuayana,Hombre,30 a 59,36,486000.0
014,16,2022,Michoacán de Ocampo,Coahuayana,Hombre,29 o menos,8,108000.0
014,16,2021,Michoacán de Ocampo,Coahuayana,Hombre,30 a 59,46,552000.0
014,16,2022,Michoacán de Ocampo,Coahuayana,Mujer,29 o menos,11,148500.0
014,16,2021,Michoacán de Ocampo,Coahuayana,Mujer,60 o más,13,156000.0
014,16,2023,Michoacán de Ocampo,Coahuayana,Hombre,60 o más,3,40500.0
014,16,2023,Michoacán de Ocampo,Coahuayana,Hombre,30 a 59,3,40500.0
014,16,2022,Michoacán de Ocampo,Coahuayana,Mujer,60 o más,9,121500.0
014,16,2023,Michoacán de Ocampo,Coahuayana,Mujer,30 a 59,2,27000.0
014,16,2023,Michoacán de Ocampo,Coahuayana,Mujer,60 o más,1,13500.0
014,16,2022,Michoacán de Ocampo,Coahuayana,Hombre,60 o más,7,94500.0
014,16,2021,Michoacán de Ocampo,Coahuayana,Hombre,60 o más,7,84000.0
014,16,2022,Michoacán de Ocampo,Coahuayana,Mujer,30 a 59,32,428622.0
014,16,2023,Michoacán de Ocampo,Coahuayana,Mujer,29 o menos,3,40500.0
033,16,2022,Michoacán de Ocampo,Gabriel Zamora,Mujer,60 o más,1,13500.0
033,16,2023,Michoacán de Ocampo,Gabriel Zamora,Mujer,29 o menos,4,54000.0
033,16,2022,Michoacán de Ocampo,Gabriel Zamora,Mujer,30 a 59,3,40500.0
033,16,2023,Michoacán de Ocampo,Gabriel Zamora,Mujer,60 o más,1,13500.0
033,16,2022,Michoacán de Ocampo,Gabriel Zamora,Hombre,60 o más,1,13500.0
033,16,2023,Michoacán de Ocampo,Gabriel Zamora,Hombre,60 o más,2,27000.0
033,16,2023,Michoacán de Ocampo,Gabriel Zamora,Hombre,30 a 59,10,135000.0
033,16,2023,Michoacán de Ocampo,Gabriel Zamora,Mujer,30 a 59,16,216000.0
050,16,2021,Michoacán de Ocampo,Maravatío,Mujer,30 a 59,5,60000.0
050,16,2021,Michoacán de Ocampo,Maravatío,Hombre,29 o menos,2,24000.0
050,16,2021,Michoacán de Ocampo,Maravatío,Hombre,30 a 59,5,60000.0
052,16,2022,Michoacán de Ocampo,Lázaro Cárdenas,Mujer,29 o menos,1,13500.0
052,16,2021,Michoacán de Ocampo,Lázaro Cárdenas,Mujer,60 o más,2,24000.0
052,16,2023,Michoacán de Ocampo,Lázaro Cárdenas,Mujer,29 o menos,3,40500.0
052,16,2023,Michoacán de Ocampo,Lázaro Cárdenas,Hombre,30 a 59,15,202500.0
052,16,2022,Michoacán de Ocampo,Lázaro Cárdenas,Hombre,30 a 59,7,94500.0
052,16,2022,Michoacán de Ocampo,Lázaro Cárdenas,Hombre,29 o menos,1,13500.0
052,16,2022,Michoacán de Ocampo,Lázaro Cárdenas,Hombre,60 o más,1,13500.0
052,16,2021,Michoacán de Ocampo,Lázaro Cárdenas,Mujer,30 a 59,1,12000.0
052,16,2023,Michoacán de Ocampo,Lázaro Cárdenas,Hombre,60 o más,5,67500.0
052,16,2023,Michoacán de Ocampo,Lázaro Cárdenas,Mujer,60 o más,5,67500.0
052,16,2021,Michoacán de Ocampo,Lázaro Cárdenas,Hombre,60 o más,1,12000.0
052,16,2022,Michoacán de Ocampo,Lázaro Cárdenas,Mujer,60 o más,4,54000.0
052,16,2021,Michoacán de Ocampo,Lázaro Cárdenas,Hombre,30 a 59,1,12000.0
052,16,2023,Michoacán de Ocampo,Lázaro Cárdenas,Hombre,29 o menos,2,27000.0
052,16,2022,Michoacán de Ocampo,Lázaro Cárdenas,Mujer,30 a 59,7,94500.0
052,16,2023,Michoacán de Ocampo,Lázaro Cárdenas,Mujer,30 a 59,21,283500.0
053,16,2022,Michoacán de Ocampo,Morelia,Hombre,30 a 59,30,405000.0
053,16,2021,Michoacán de Ocampo,Morelia,Hombre,29 o menos,49,588000.0
053,16,2022,Michoacán de Ocampo,Morelia,Hombre,60 o más,10,135000.0
053,16,2021,Michoacán de Ocampo,Morelia,Hombre,60 o más,122,1464000.0
053,16,2021,Michoacán de Ocampo,Morelia,Mujer,29 o menos,39,468000.0
053,16,2021,Michoacán de Ocampo,Morelia,Mujer,30 a 59,411,4932000.0
053,16,2022,Michoacán de Ocampo,Morelia,Mujer,30 a 59,43,580500.0
053,16,2022,Michoacán de Ocampo,Morelia,Hombre,29 o menos,8,108000.0
053,16,2021,Michoacán de Ocampo,Morelia,Hombre,30 a 59,321,3852000.0
053,16,2021,Michoacán de Ocampo,Morelia,Mujer,60 o más,132,1584000.0
053,16,2022,Michoacán de Ocampo,Morelia,Mujer,29 o menos,9,121500.0
053,16,2022,Michoacán de Ocampo,Morelia,Mujer,60 o más,14,189000.0
054,16,2023,Michoacán de Ocampo,Morelos,Hombre,30 a 59,1,13500.0
055,16,2023,Michoacán de Ocampo,Múgica,Mujer,29 o menos,9,121500.0
055,16,2023,Michoacán de Ocampo,Múgica,Hombre,60 o más,3,40500.0
055,16,2023,Michoacán de Ocampo,Múgica,Hombre,29 o menos,1,13500.0
055,16,2021,Michoacán de Ocampo,Múgica,Hombre,30 a 59,1,12000.0
055,16,2023,Michoacán de Ocampo,Múgica,Mujer,30 a 59,33,445500.0
055,16,2022,Michoacán de Ocampo,Múgica,Hombre,60 o más,6,81000.0
055,16,2023,Michoacán de Ocampo,Múgica,Mujer,60 o más,12,162000.0
055,16,2022,Michoacán de Ocampo,Múgica,Hombre,30 a 59,25,331208.0
055,16,2023,Michoacán de Ocampo,Múgica,Hombre,30 a 59,12,162000.0
055,16,2021,Michoacán de Ocampo,Múgica,Mujer,60 o más,1,12000.0
055,16,2022,Michoacán de Ocampo,Múgica,Hombre,29 o menos,2,27000.0
055,16,2022,Michoacán de Ocampo,Múgica,Mujer,30 a 59,22,293855.0
055,16,2021,Michoacán de Ocampo,Múgica,Mujer,29 o menos,1,12000.0
055,16,2022,Michoacán de Ocampo,Múgica,Mujer,60 o más,11,148500.0
055,16,2021,Michoacán de Ocampo,Múgica,Mujer,30 a 59,6,72000.0
055,16,2021,Michoacán de Ocampo,Múgica,Hombre,60 o más,2,24000.0
062,16,2022,Michoacán de Ocampo,Pajacuarán,Mujer,60 o más,1,13500.0
062,16,2021,Michoacán de Ocampo,Pajacuarán,Mujer,30 a 59,17,204000.0
062,16,2022,Michoacán de Ocampo,Pajacuarán,Hombre,60 o más,2,27000.0
062,16,2023,Michoacán de Ocampo,Pajacuarán,Mujer,30 a 59,20,265500.0
062,16,2021,Michoacán de Ocampo,Pajacuarán,Hombre,30 a 59,11,132000.0
062,16,2021,Michoacán de Ocampo,Pajacuarán,Hombre,29 o menos,1,12000.0
062,16,2023,Michoacán de Ocampo,Pajacuarán,Hombre,30 a 59,31,418500.0
062,16,2023,Michoacán de Ocampo,Pajacuarán,Hombre,60 o más,5,67500.0
062,16,2022,Michoacán de Ocampo,Pajacuarán,Mujer,30 a 59,1,13500.0
062,16,2021,Michoacán de Ocampo,Pajacuarán,Hombre,60 o más,8,96000.0
062,16,2022,Michoacán de Ocampo,Pajacuarán,Hombre,30 a 59,2,27000.0
062,16,2023,Michoacán de Ocampo,Pajacuarán,Mujer,60 o más,3,40500.0
062,16,2023,Michoacán de Ocampo,Pajacuarán,Hombre,29 o menos,7,94500.0
062,16,2021,Michoacán de Ocampo,Pajacuarán,Mujer,60 o más,8,96000.0
062,16,2023,Michoacán de Ocampo,Pajacuarán,Mujer,29 o menos,2,27000.0
066,16,2023,Michoacán de Ocampo,Pátzcuaro,Mujer,30 a 59,7,94500.0
066,16,2023,Michoacán de Ocampo,Pátzcuaro,Mujer,60 o más,1,13500.0
066,16,2023,Michoacán de Ocampo,Pátzcuaro,Hombre,29 o menos,3,40500.0
066,16,2023,Michoacán de Ocampo,Pátzcuaro,Hombre,30 a 59,2,27000.0
066,16,2023,Michoacán de Ocampo,Pátzcuaro,Hombre,60 o más,1,13500.0
076,16,2022,Michoacán de Ocampo,Sahuayo,Hombre,29 o menos,1,13500.0
076,16,2021,Michoacán de Ocampo,Sahuayo,Hombre,29 o menos,2,24000.0
076,16,2023,Michoacán de Ocampo,Sahuayo,Hombre,60 o más,2,27000.0
076,16,2023,Michoacán de Ocampo,Sahuayo,Mujer,29 o menos,1,13500.0
076,16,2021,Michoacán de Ocampo,Sahuayo,Mujer,29 o menos,1,9065.0
076,16,2021,Michoacán de Ocampo,Sahuayo,Mujer,60 o más,4,48000.0
076,16,2021,Michoacán de Ocampo,Sahuayo,Mujer,30 a 59,7,84000.0
076,16,2023,Michoacán de Ocampo,Sahuayo,Hombre,29 o menos,1,13500.0
076,16,2023,Michoacán de Ocampo,Sahuayo,Mujer,30 a 59,11,148500.0
076,16,2022,Michoacán de Ocampo,Sahuayo,Hombre,30 a 59,3,40500.0
076,16,2023,Michoacán de Ocampo,Sahuayo,Hombre,30 a 59,7,94500.0
076,16,2022,Michoacán de Ocampo,Sahuayo,Mujer,60 o más,1,13500.0
076,16,2023,Michoacán de Ocampo,Sahuayo,Mujer,60 o más,1,13500.0
076,16,2022,Michoacán de Ocampo,Sahuayo,Mujer,30 a 59,3,40500.0
076,16,2021,Michoacán de Ocampo,Sahuayo,Hombre,30 a 59,7,84000.0
079,16,2022,Michoacán de Ocampo,Salvador Escalante,Mujer,29 o menos,3,40500.0
079,16,2021,Michoacán de Ocampo,Salvador Escalante,Hombre,60 o más,23,276000.0
079,16,2021,Michoacán de Ocampo,Salvador Escalante,Mujer,60 o más,27,324000.0
079,16,2022,Michoacán de Ocampo,Salvador Escalante,Hombre,60 o más,10,135000.0
079,16,2022,Michoacán de Ocampo,Salvador Escalante,Mujer,30 a 59,36,486000.0
079,16,2021,Michoacán de Ocampo,Salvador Escalante,Hombre,30 a 59,86,1032000.0
079,16,2021,Michoacán de Ocampo,Salvador Escalante,Hombre,29 o menos,21,252000.0
079,16,2022,Michoacán de Ocampo,Salvador Escalante,Mujer,60 o más,10,135000.0
079,16,2022,Michoacán de Ocampo,Salvador Escalante,Hombre,30 a 59,35,472500.0
079,16,2021,Michoacán de Ocampo,Salvador Escalante,Mujer,30 a 59,119,1428000.0
079,16,2021,Michoacán de Ocampo,Salvador Escalante,Mujer,29 o menos,35,420000.0
079,16,2022,Michoacán de Ocampo,Salvador Escalante,Hombre,29 o menos,10,135000.0
105,16,2023,Michoacán de Ocampo,Vista Hermosa,Mujer,29 o menos,1,13500.0
105,16,2023,Michoacán de Ocampo,Vista Hermosa,Hombre,30 a 59,10,135000.0
105,16,2023,Michoacán de Ocampo,Vista Hermosa,Mujer,60 o más,11,148500.0
105,16,2023,Michoacán de Ocampo,Vista Hermosa,Mujer,30 a 59,23,301774.49
105,16,2023,Michoacán de Ocampo,Vista Hermosa,Hombre,29 o menos,1,13500.0
105,16,2023,Michoacán de Ocampo,Vista Hermosa,Hombre,60 o más,10,134429.0
108,16,2021,Michoacán de Ocampo,Zamora,Mujer,29 o menos,3,36000.0
108,16,2021,Michoacán de Ocampo,Zamora,Mujer,30 a 59,12,144000.0
108,16,2022,Michoacán de Ocampo,Zamora,Mujer,60 o más,1,13500.0
108,16,2021,Michoacán de Ocampo,Zamora,Hombre,30 a 59,5,60000.0
108,16,2022,Michoacán de Ocampo,Zamora,Hombre,60 o más,3,40500.0
108,16,2021,Michoacán de Ocampo,Zamora,Hombre,60 o más,2,24000.0
108,16,2022,Michoacán de Ocampo,Zamora,Mujer,30 a 59,11,148500.0
108,16,2022,Michoacán de Ocampo,Zamora,Mujer,29 o menos,4,54000.0
108,16,2022,Michoacán de Ocampo,Zamora,Hombre,30 a 59,13,175500.0
108,16,2021,Michoacán de Ocampo,Zamora,Mujer,60 o más,1,12000.0
108,16,2021,Michoacán de Ocampo,Zamora,Hombre,29 o menos,4,48000.0
108,16,2022,Michoacán de Ocampo,Zamora,Hombre,29 o menos,2,27000.0
006,17,2022,Morelos,Cuautla,Mujer,60 o más,5,67500.0
006,17,2022,Morelos,Cuautla,Hombre,30 a 59,3,40500.0
006,17,2022,Morelos,Cuautla,Hombre,60 o más,3,40500.0
006,17,2021,Morelos,Cuautla,Hombre,60 o más,4,48000.0
006,17,2021,Morelos,Cuautla,Mujer,30 a 59,14,168000.0
006,17,2021,Morelos,Cuautla,Hombre,30 a 59,12,144000.0
006,17,2021,Morelos,Cuautla,Mujer,60 o más,8,96000.0
006,17,2022,Morelos,Cuautla,Mujer,30 a 59,5,67500.0
007,17,2021,Morelos,Cuernavaca,Hombre,29 o menos,21,252000.0
007,17,2023,Morelos,Cuernavaca,Hombre,29 o menos,4,54000.0
007,17,2023,Morelos,Cuernavaca,Hombre,30 a 59,5,67500.0
007,17,2021,Morelos,Cuernavaca,Hombre,60 o más,33,396000.0
007,17,2023,Morelos,Cuernavaca,Mujer,60 o más,3,40500.0
007,17,2021,Morelos,Cuernavaca,Mujer,29 o menos,15,180000.0
007,17,2022,Morelos,Cuernavaca,Mujer,60 o más,2,27000.0
007,17,2021,Morelos,Cuernavaca,Mujer,30 a 59,130,1560000.0
007,17,2022,Morelos,Cuernavaca,Mujer,30 a 59,8,108000.0
007,17,2023,Morelos,Cuernavaca,Hombre,60 o más,2,27000.0
007,17,2021,Morelos,Cuernavaca,Mujer,60 o más,44,528000.0
007,17,2022,Morelos,Cuernavaca,Hombre,60 o más,5,67500.0
007,17,2023,Morelos,Cuernavaca,Mujer,30 a 59,12,162000.0
007,17,2022,Morelos,Cuernavaca,Hombre,30 a 59,8,108000.0
007,17,2023,Morelos,Cuernavaca,Mujer,29 o menos,1,13500.0
007,17,2022,Morelos,Cuernavaca,Hombre,29 o menos,1,13500.0
007,17,2021,Morelos,Cuernavaca,Hombre,30 a 59,63,756000.0
008,17,2022,Morelos,Emiliano Zapata,Hombre,60 o más,1,13500.0
011,17,2023,Morelos,Jiutepec,Hombre,29 o menos,1,13500.0
011,17,2023,Morelos,Jiutepec,Mujer,60 o más,10,135000.0
011,17,2022,Morelos,Jiutepec,Hombre,30 a 59,6,81000.0
011,17,2021,Morelos,Jiutepec,Mujer,60 o más,8,96000.0
011,17,2023,Morelos,Jiutepec,Mujer,30 a 59,13,175500.0
011,17,2021,Morelos,Jiutepec,Mujer,29 o menos,3,36000.0
011,17,2023,Morelos,Jiutepec,Hombre,30 a 59,12,162000.0
011,17,2021,Morelos,Jiutepec,Hombre,30 a 59,16,192000.0
011,17,2022,Morelos,Jiutepec,Mujer,29 o menos,1,13500.0
011,17,2022,Morelos,Jiutepec,Mujer,60 o más,6,81000.0
011,17,2021,Morelos,Jiutepec,Mujer,30 a 59,21,252000.0
011,17,2022,Morelos,Jiutepec,Mujer,30 a 59,12,162000.0
011,17,2021,Morelos,Jiutepec,Hombre,60 o más,6,72000.0
011,17,2021,Morelos,Jiutepec,Hombre,29 o menos,1,12000.0
011,17,2023,Morelos,Jiutepec,Hombre,60 o más,8,108000.0
011,17,2022,Morelos,Jiutepec,Hombre,60 o más,3,40500.0
014,17,2022,Morelos,Mazatepec,Mujer,60 o más,1,13500.0
014,17,2023,Morelos,Mazatepec,Mujer,60 o más,1,13500.0
014,17,2021,Morelos,Mazatepec,Mujer,29 o menos,1,12000.0
014,17,2022,Morelos,Mazatepec,Mujer,30 a 59,5,67500.0
014,17,2023,Morelos,Mazatepec,Hombre,30 a 59,3,40500.0
014,17,2021,Morelos,Mazatepec,Mujer,60 o más,5,60000.0
014,17,2023,Morelos,Mazatepec,Hombre,60 o más,1,13500.0
014,17,2021,Morelos,Mazatepec,Mujer,30 a 59,16,192000.0
014,17,2021,Morelos,Mazatepec,Hombre,60 o más,2,24000.0
014,17,2023,Morelos,Mazatepec,Mujer,30 a 59,1,13500.0
014,17,2021,Morelos,Mazatepec,Hombre,30 a 59,4,48000.0
014,17,2021,Morelos,Mazatepec,Hombre,29 o menos,2,24000.0
014,17,2022,Morelos,Mazatepec,Hombre,29 o menos,1,13500.0
014,17,2022,Morelos,Mazatepec,Hombre,60 o más,1,13500.0
014,17,2022,Morelos,Mazatepec,Hombre,30 a 59,10,135000.0
018,17,2021,Morelos,Temixco,Mujer,60 o más,4,48000.0
018,17,2021,Morelos,Temixco,Hombre,30 a 59,8,96000.0
018,17,2022,Morelos,Temixco,Hombre,29 o menos,1,13500.0
018,17,2022,Morelos,Temixco,Mujer,30 a 59,5,67500.0
018,17,2021,Morelos,Temixco,Hombre,60 o más,7,84000.0
018,17,2021,Morelos,Temixco,Mujer,29 o menos,3,36000.0
018,17,2022,Morelos,Temixco,Hombre,30 a 59,6,81000.0
018,17,2022,Morelos,Temixco,Mujer,60 o más,6,81000.0
018,17,2021,Morelos,Temixco,Hombre,29 o menos,4,48000.0
018,17,2021,Morelos,Temixco,Mujer,30 a 59,19,228000.0
018,17,2022,Morelos,Temixco,Hombre,60 o más,9,121500.0
019,17,2023,Morelos,Tepalcingo,Hombre,30 a 59,4,54000.0
019,17,2022,Morelos,Tepalcingo,Mujer,30 a 59,5,67500.0
019,17,2023,Morelos,Tepalcingo,Mujer,60 o más,2,27000.0
019,17,2022,Morelos,Tepalcingo,Hombre,29 o menos,1,13500.0
019,17,2022,Morelos,Tepalcingo,Mujer,60 o más,2,27000.0
019,17,2022,Morelos,Tepalcingo,Hombre,30 a 59,6,81000.0
019,17,2022,Morelos,Tepalcingo,Hombre,60 o más,2,27000.0
024,17,2023,Morelos,Tlaltizapán de Zapata,Hombre,60 o más,1,13500.0
024,17,2023,Morelos,Tlaltizapán de Zapata,Mujer,29 o menos,3,40500.0
024,17,2023,Morelos,Tlaltizapán de Zapata,Mujer,30 a 59,1,13500.0
024,17,2023,Morelos,Tlaltizapán de Zapata,Hombre,30 a 59,5,67500.0
024,17,2023,Morelos,Tlaltizapán de Zapata,Mujer,60 o más,2,27000.0
028,17,2022,Morelos,Xochitepec,Hombre,60 o más,12,162000.0
028,17,2023,Morelos,Xochitepec,Hombre,30 a 59,5,67500.0
028,17,2022,Morelos,Xochitepec,Mujer,29 o menos,1,13500.0
028,17,2022,Morelos,Xochitepec,Mujer,30 a 59,10,135000.0
028,17,2022,Morelos,Xochitepec,Mujer,60 o más,16,216000.0
028,17,2022,Morelos,Xochitepec,Hombre,30 a 59,14,189000.0
028,17,2023,Morelos,Xochitepec,Hombre,60 o más,5,67500.0
028,17,2023,Morelos,Xochitepec,Hombre,29 o menos,2,27000.0
028,17,2023,Morelos,Xochitepec,Mujer,30 a 59,11,148500.0
028,17,2023,Morelos,Xochitepec,Mujer,29 o menos,2,27000.0
028,17,2023,Morelos,Xochitepec,Mujer,60 o más,15,202500.0
029,17,2021,Morelos,Yautepec,Hombre,30 a 59,1,12000.0
029,17,2021,Morelos,Yautepec,Mujer,60 o más,2,24000.0
030,17,2022,Morelos,Yecapixtla,Hombre,30 a 59,4,54000.0
030,17,2022,Morelos,Yecapixtla,Hombre,60 o más,2,27000.0
030,17,2023,Morelos,Yecapixtla,Hombre,60 o más,2,27000.0
030,17,2021,Morelos,Yecapixtla,Mujer,60 o más,13,156000.0
030,17,2021,Morelos,Yecapixtla,Hombre,30 a 59,5,60000.0
030,17,2022,Morelos,Yecapixtla,Mujer,60 o más,2,27000.0
030,17,2021,Morelos,Yecapixtla,Mujer,30 a 59,7,84000.0
030,17,2023,Morelos,Yecapixtla,Mujer,60 o más,1,13500.0
030,17,2021,Morelos,Yecapixtla,Hombre,60 o más,9,108000.0
030,17,2023,Morelos,Yecapixtla,Hombre,30 a 59,3,40500.0
030,17,2023,Morelos,Yecapixtla,Mujer,30 a 59,1,13500.0
008,18,2023,Nayarit,Xalisco,Hombre,60 o más,2,27000.0
008,18,2023,Nayarit,Xalisco,Mujer,60 o más,2,27000.0
008,18,2021,Nayarit,Xalisco,Mujer,30 a 59,2,24000.0
008,18,2023,Nayarit,Xalisco,Hombre,30 a 59,5,67500.0
008,18,2021,Nayarit,Xalisco,Mujer,29 o menos,1,12000.0
008,18,2021,Nayarit,Xalisco,Hombre,30 a 59,2,24000.0
008,18,2023,Nayarit,Xalisco,Mujer,30 a 59,4,54000.0
016,18,2023,Nayarit,Tecuala,Mujer,30 a 59,2,27000.0
016,18,2023,Nayarit,Tecuala,Hombre,30 a 59,1,13500.0
016,18,2023,Nayarit,Tecuala,Mujer,60 o más,2,27000.0
017,18,2021,Nayarit,Tepic,Mujer,30 a 59,12,144000.0
017,18,2021,Nayarit,Tepic,Hombre,30 a 59,8,96000.0
017,18,2021,Nayarit,Tepic,Hombre,60 o más,7,84000.0
017,18,2021,Nayarit,Tepic,Mujer,60 o más,2,24000.0
017,18,2021,Nayarit,Tepic,Hombre,29 o menos,1,12000.0
020,18,2023,Nayarit,Bahía de Banderas,Hombre,30 a 59,4,54000.0
020,18,2021,Nayarit,Bahía de Banderas,Hombre,29 o menos,42,504000.0
020,18,2023,Nayarit,Bahía de Banderas,Mujer,60 o más,3,40500.0
020,18,2023,Nayarit,Bahía de Banderas,Mujer,30 a 59,12,162000.0
020,18,2021,Nayarit,Bahía de Banderas,Mujer,29 o menos,85,1020000.0
020,18,2021,Nayarit,Bahía de Banderas,Mujer,60 o más,98,1176000.0
020,18,2021,Nayarit,Bahía de Banderas,Hombre,60 o más,57,684000.0
020,18,2021,Nayarit,Bahía de Banderas,Mujer,30 a 59,443,5316000.0
020,18,2023,Nayarit,Bahía de Banderas,Hombre,29 o menos,2,27000.0
020,18,2021,Nayarit,Bahía de Banderas,Hombre,30 a 59,206,2472000.0
012,19,2022,Nuevo León,Ciénega de Flores,Hombre,30 a 59,18,243000.0
012,19,2023,Nuevo León,Ciénega de Flores,Mujer,30 a 59,2,27000.0
012,19,2023,Nuevo León,Ciénega de Flores,Mujer,60 o más,5,67500.0
012,19,2022,Nuevo León,Ciénega de Flores,Hombre,60 o más,8,108000.0
012,19,2022,Nuevo León,Ciénega de Flores,Mujer,30 a 59,22,297000.0
012,19,2022,Nuevo León,Ciénega de Flores,Hombre,29 o menos,9,121500.0
012,19,2023,Nuevo León,Ciénega de Flores,Hombre,30 a 59,7,94500.0
012,19,2022,Nuevo León,Ciénega de Flores,Mujer,60 o más,7,94500.0
012,19,2023,Nuevo León,Ciénega de Flores,Hombre,60 o más,3,40500.0
012,19,2022,Nuevo León,Ciénega de Flores,Mujer,29 o menos,2,27000.0
037,19,2022,Nuevo León,Mina,Hombre,60 o más,10,135000.0
037,19,2022,Nuevo León,Mina,Mujer,29 o menos,14,189000.0
037,19,2022,Nuevo León,Mina,Mujer,30 a 59,58,783000.0
037,19,2022,Nuevo León,Mina,Hombre,29 o menos,14,189000.0
037,19,2022,Nuevo León,Mina,Mujer,60 o más,9,121500.0
037,19,2022,Nuevo León,Mina,Hombre,30 a 59,42,567000.0
041,19,2023,Nuevo León,Pesquería,Hombre,60 o más,1,13500.0
041,19,2021,Nuevo León,Pesquería,Hombre,60 o más,2,24000.0
041,19,2021,Nuevo León,Pesquería,Mujer,30 a 59,1,12000.0
041,19,2021,Nuevo León,Pesquería,Hombre,30 a 59,1,12000.0
041,19,2023,Nuevo León,Pesquería,Mujer,30 a 59,3,40500.0
041,19,2023,Nuevo León,Pesquería,Hombre,30 a 59,9,121500.0
041,19,2021,Nuevo León,Pesquería,Mujer,29 o menos,2,24000.0
041,19,2023,Nuevo León,Pesquería,Mujer,60 o más,2,27000.0
044,20,2023,Oaxaca,Loma Bonita,Hombre,30 a 59,1,13500.0
044,20,2023,Oaxaca,Loma Bonita,Mujer,60 o más,1,13500.0
057,20,2021,Oaxaca,Matías Romero Avendaño,Mujer,30 a 59,9,108000.0
057,20,2021,Oaxaca,Matías Romero Avendaño,Hombre,30 a 59,4,48000.0
057,20,2021,Oaxaca,Matías Romero Avendaño,Mujer,60 o más,8,96000.0
057,20,2021,Oaxaca,Matías Romero Avendaño,Hombre,60 o más,8,96000.0
057,20,2023,Oaxaca,Matías Romero Avendaño,Hombre,60 o más,1,13500.0
057,20,2023,Oaxaca,Matías Romero Avendaño,Mujer,60 o más,2,27000.0
079,20,2022,Oaxaca,Salina Cruz,Hombre,29 o menos,6,81000.0
079,20,2023,Oaxaca,Salina Cruz,Hombre,30 a 59,1,13500.0
079,20,2022,Oaxaca,Salina Cruz,Mujer,30 a 59,24,324000.0
079,20,2022,Oaxaca,Salina Cruz,Mujer,60 o más,5,67500.0
079,20,2022,Oaxaca,Salina Cruz,Mujer,29 o menos,4,54000.0
079,20,2022,Oaxaca,Salina Cruz,Hombre,60 o más,4,54000.0
079,20,2022,Oaxaca,Salina Cruz,Hombre,30 a 59,11,148500.0
184,20,2023,Oaxaca,San Juan Bautista Tuxtepec,Mujer,60 o más,2,27000.0
184,20,2023,Oaxaca,San Juan Bautista Tuxtepec,Hombre,30 a 59,6,81000.0
184,20,2023,Oaxaca,San Juan Bautista Tuxtepec,Mujer,30 a 59,18,243000.0
184,20,2023,Oaxaca,San Juan Bautista Tuxtepec,Mujer,29 o menos,2,27000.0
184,20,2023,Oaxaca,San Juan Bautista Tuxtepec,Hombre,60 o más,4,54000.0
015,21,2021,Puebla,Amozoc,Hombre,60 o más,3,36000.0
015,21,2021,Puebla,Amozoc,Mujer,29 o menos,2,24000.0
015,21,2021,Puebla,Amozoc,Mujer,30 a 59,10,120000.0
015,21,2021,Puebla,Amozoc,Hombre,30 a 59,4,48000.0
025,21,2022,Puebla,Ayotoxco de Guerrero,Hombre,60 o más,6,81000.0
025,21,2022,Puebla,Ayotoxco de Guerrero,Hombre,29 o menos,1,13500.0
025,21,2022,Puebla,Ayotoxco de Guerrero,Mujer,60 o más,3,40500.0
025,21,2022,Puebla,Ayotoxco de Guerrero,Mujer,29 o menos,1,13500.0
025,21,2022,Puebla,Ayotoxco de Guerrero,Mujer,30 a 59,31,418500.0
025,21,2022,Puebla,Ayotoxco de Guerrero,Hombre,30 a 59,8,108000.0
051,21,2023,Puebla,Chietla,Hombre,30 a 59,30,405000.0
051,21,2023,Puebla,Chietla,Hombre,60 o más,34,459000.0
051,21,2023,Puebla,Chietla,Mujer,60 o más,34,459000.0
051,21,2023,Puebla,Chietla,Hombre,29 o menos,2,27000.0
051,21,2023,Puebla,Chietla,Mujer,30 a 59,46,621000.0
051,21,2023,Puebla,Chietla,Mujer,29 o menos,4,54000.0
071,21,2022,Puebla,Huauchinango,Mujer,60 o más,23,310500.0
071,21,2023,Puebla,Huauchinango,Mujer,30 a 59,22,297000.0
071,21,2022,Puebla,Huauchinango,Mujer,29 o menos,8,108000.0
071,21,2022,Puebla,Huauchinango,Hombre,60 o más,18,243000.0
071,21,2023,Puebla,Huauchinango,Mujer,29 o menos,6,81000.0
071,21,2023,Puebla,Huauchinango,Hombre,29 o menos,1,13500.0
071,21,2022,Puebla,Huauchinango,Hombre,30 a 59,60,810000.0
071,21,2023,Puebla,Huauchinango,Mujer,60 o más,8,108000.0
071,21,2023,Puebla,Huauchinango,Hombre,30 a 59,15,202500.0
071,21,2023,Puebla,Huauchinango,Hombre,60 o más,7,94500.0
071,21,2022,Puebla,Huauchinango,Mujer,30 a 59,91,1228500.0
071,21,2022,Puebla,Huauchinango,Hombre,29 o menos,8,108000.0
114,21,2023,Puebla,Puebla,Hombre,29 o menos,1,13500.0
114,21,2023,Puebla,Puebla,Mujer,60 o más,27,364500.0
114,21,2021,Puebla,Puebla,Hombre,30 a 59,62,744000.0
114,21,2022,Puebla,Puebla,Mujer,29 o menos,14,189000.0
114,21,2022,Puebla,Puebla,Hombre,30 a 59,62,837000.0
114,21,2022,Puebla,Puebla,Hombre,60 o más,14,189000.0
114,21,2022,Puebla,Puebla,Hombre,29 o menos,6,81000.0
114,21,2021,Puebla,Puebla,Mujer,60 o más,20,240000.0
114,21,2022,Puebla,Puebla,Mujer,30 a 59,63,850500.0
114,21,2021,Puebla,Puebla,Mujer,30 a 59,92,1104000.0
114,21,2021,Puebla,Puebla,Mujer,29 o menos,7,84000.0
114,21,2021,Puebla,Puebla,Hombre,60 o más,16,192000.0
114,21,2023,Puebla,Puebla,Mujer,29 o menos,7,94500.0
114,21,2023,Puebla,Puebla,Hombre,30 a 59,37,499500.0
114,21,2022,Puebla,Puebla,Mujer,60 o más,22,297000.0
114,21,2023,Puebla,Puebla,Mujer,30 a 59,40,540000.0
114,21,2023,Puebla,Puebla,Hombre,60 o más,35,472500.0
114,21,2021,Puebla,Puebla,Hombre,29 o menos,12,144000.0
156,21,2021,Puebla,Tehuacán,Mujer,29 o menos,3,36000.0
156,21,2022,Puebla,Tehuacán,Mujer,30 a 59,7,94500.0
156,21,2022,Puebla,Tehuacán,Hombre,30 a 59,6,81000.0
156,21,2021,Puebla,Tehuacán,Mujer,60 o más,18,216000.0
156,21,2021,Puebla,Tehuacán,Hombre,30 a 59,29,348000.0
156,21,2021,Puebla,Tehuacán,Hombre,29 o menos,4,48000.0
156,21,2022,Puebla,Tehuacán,Mujer,29 o menos,1,13500.0
156,21,2021,Puebla,Tehuacán,Hombre,60 o más,10,120000.0
156,21,2021,Puebla,Tehuacán,Mujer,30 a 59,39,468000.0
158,21,2021,Puebla,Tenampulco,Mujer,29 o menos,3,36000.0
158,21,2023,Puebla,Tenampulco,Hombre,30 a 59,51,688500.0
158,21,2023,Puebla,Tenampulco,Mujer,30 a 59,43,580500.0
158,21,2023,Puebla,Tenampulco,Hombre,29 o menos,15,202500.0
158,21,2021,Puebla,Tenampulco,Hombre,60 o más,2,24000.0
158,21,2023,Puebla,Tenampulco,Mujer,60 o más,10,135000.0
158,21,2021,Puebla,Tenampulco,Hombre,30 a 59,18,216000.0
158,21,2023,Puebla,Tenampulco,Mujer,29 o menos,11,148500.0
158,21,2023,Puebla,Tenampulco,Hombre,60 o más,13,175500.0
158,21,2021,Puebla,Tenampulco,Mujer,30 a 59,7,84000.0
158,21,2021,Puebla,Tenampulco,Mujer,60 o más,5,60000.0
158,21,2021,Puebla,Tenampulco,Hombre,29 o menos,4,48000.0
163,21,2023,Puebla,Tepatlaxco de Hidalgo,Hombre,29 o menos,1,13500.0
163,21,2023,Puebla,Tepatlaxco de Hidalgo,Mujer,30 a 59,24,324000.0
163,21,2023,Puebla,Tepatlaxco de Hidalgo,Mujer,60 o más,3,40500.0
163,21,2023,Puebla,Tepatlaxco de Hidalgo,Hombre,30 a 59,12,162000.0
163,21,2023,Puebla,Tepatlaxco de Hidalgo,Hombre,60 o más,6,81000.0
174,21,2022,Puebla,Teziutlán,Hombre,30 a 59,16,216000.0
174,21,2022,Puebla,Teziutlán,Mujer,30 a 59,58,783000.0
174,21,2022,Puebla,Teziutlán,Mujer,29 o menos,8,108000.0
174,21,2022,Puebla,Teziutlán,Hombre,60 o más,4,54000.0
174,21,2022,Puebla,Teziutlán,Hombre,29 o menos,4,54000.0
174,21,2022,Puebla,Teziutlán,Mujer,60 o más,8,108000.0
207,21,2021,Puebla,Zacapoaxtla,Hombre,60 o más,2,24000.0
207,21,2021,Puebla,Zacapoaxtla,Mujer,30 a 59,28,336000.0
207,21,2021,Puebla,Zacapoaxtla,Mujer,60 o más,2,24000.0
207,21,2021,Puebla,Zacapoaxtla,Hombre,30 a 59,13,156000.0
006,22,2022,Querétaro,Corregidora,Mujer,29 o menos,3,40500.0
006,22,2023,Querétaro,Corregidora,Hombre,30 a 59,23,310500.0
006,22,2022,Querétaro,Corregidora,Hombre,29 o menos,1,13500.0
006,22,2023,Querétaro,Corregidora,Hombre,29 o menos,3,40500.0
006,22,2022,Querétaro,Corregidora,Hombre,30 a 59,5,67500.0
006,22,2023,Querétaro,Corregidora,Hombre,60 o más,11,148500.0
006,22,2022,Querétaro,Corregidora,Mujer,30 a 59,7,94500.0
006,22,2023,Querétaro,Corregidora,Mujer,60 o más,7,94500.0
006,22,2022,Querétaro,Corregidora,Hombre,60 o más,4,54000.0
006,22,2023,Querétaro,Corregidora,Mujer,29 o menos,5,67500.0
006,22,2022,Querétaro,Corregidora,Mujer,60 o más,5,67500.0
006,22,2023,Querétaro,Corregidora,Mujer,30 a 59,42,567000.0
014,22,2022,Querétaro,Querétaro,Mujer,30 a 59,46,621000.0
014,22,2021,Querétaro,Querétaro,Hombre,60 o más,3,36000.0
014,22,2022,Querétaro,Querétaro,Hombre,60 o más,7,94500.0
014,22,2022,Querétaro,Querétaro,Mujer,60 o más,6,81000.0
014,22,2022,Querétaro,Querétaro,Mujer,29 o menos,2,27000.0
014,22,2021,Querétaro,Querétaro,Mujer,30 a 59,5,60000.0
014,22,2022,Querétaro,Querétaro,Hombre,29 o menos,3,40500.0
014,22,2022,Querétaro,Querétaro,Hombre,30 a 59,23,310500.0
014,22,2021,Querétaro,Querétaro,Hombre,30 a 59,11,132000.0
003,23,2023,Quintana Roo,Isla Mujeres,Hombre,30 a 59,20,270000.0
003,23,2022,Quintana Roo,Isla Mujeres,Hombre,29 o menos,5,67500.0
003,23,2023,Quintana Roo,Isla Mujeres,Mujer,30 a 59,23,310500.0
003,23,2022,Quintana Roo,Isla Mujeres,Mujer,30 a 59,78,1053000.0
003,23,2022,Quintana Roo,Isla Mujeres,Mujer,29 o menos,4,54000.0
003,23,2023,Quintana Roo,Isla Mujeres,Mujer,60 o más,5,67500.0
003,23,2022,Quintana Roo,Isla Mujeres,Mujer,60 o más,8,108000.0
003,23,2023,Quintana Roo,Isla Mujeres,Mujer,29 o menos,2,27000.0
003,23,2023,Quintana Roo,Isla Mujeres,Hombre,29 o menos,1,13500.0
003,23,2022,Quintana Roo,Isla Mujeres,Hombre,60 o más,7,94500.0
003,23,2022,Quintana Roo,Isla Mujeres,Hombre,30 a 59,60,810000.0
005,23,2023,Quintana Roo,Benito Juárez,Hombre,60 o más,1,13500.0
005,23,2021,Quintana Roo,Benito Juárez,Hombre,60 o más,3,36000.0
005,23,2021,Quintana Roo,Benito Juárez,Mujer,30 a 59,14,168000.0
005,23,2021,Quintana Roo,Benito Juárez,Hombre,30 a 59,18,216000.0
005,23,2023,Quintana Roo,Benito Juárez,Hombre,30 a 59,3,40500.0
005,23,2021,Quintana Roo,Benito Juárez,Mujer,60 o más,3,36000.0
005,23,2023,Quintana Roo,Benito Juárez,Mujer,30 a 59,6,81000.0
005,23,2021,Quintana Roo,Benito Juárez,Mujer,29 o menos,2,24000.0
013,24,2022,San Luis Potosí,Ciudad Valles,Mujer,60 o más,4,54000.0
013,24,2023,San Luis Potosí,Ciudad Valles,Mujer,60 o más,8,108000.0
013,24,2023,San Luis Potosí,Ciudad Valles,Hombre,60 o más,9,121500.0
013,24,2023,San Luis Potosí,Ciudad Valles,Mujer,29 o menos,17,229500.0
013,24,2022,San Luis Potosí,Ciudad Valles,Hombre,29 o menos,3,40500.0
013,24,2022,San Luis Potosí,Ciudad Valles,Hombre,30 a 59,24,324000.0
013,24,2022,San Luis Potosí,Ciudad Valles,Mujer,30 a 59,21,283500.0
013,24,2023,San Luis Potosí,Ciudad Valles,Hombre,29 o menos,6,81000.0
013,24,2022,San Luis Potosí,Ciudad Valles,Mujer,29 o menos,3,40500.0
013,24,2022,San Luis Potosí,Ciudad Valles,Hombre,60 o más,4,54000.0
013,24,2023,San Luis Potosí,Ciudad Valles,Hombre,30 a 59,30,405000.0
013,24,2023,San Luis Potosí,Ciudad Valles,Mujer,30 a 59,40,540000.0
028,24,2022,San Luis Potosí,San Luis Potosí,Mujer,60 o más,3,40500.0
028,24,2022,San Luis Potosí,San Luis Potosí,Hombre,30 a 59,21,283500.0
028,24,2022,San Luis Potosí,San Luis Potosí,Mujer,30 a 59,17,229500.0
028,24,2022,San Luis Potosí,San Luis Potosí,Hombre,60 o más,6,81000.0
028,24,2022,San Luis Potosí,San Luis Potosí,Mujer,29 o menos,4,54000.0
028,24,2022,San Luis Potosí,San Luis Potosí,Hombre,29 o menos,1,13500.0
035,24,2021,San Luis Potosí,Soledad de Graciano Sánchez,Mujer,30 a 59,3,36000.0
035,24,2021,San Luis Potosí,Soledad de Graciano Sánchez,Hombre,30 a 59,9,108000.0
035,24,2021,San Luis Potosí,Soledad de Graciano Sánchez,Hombre,29 o menos,1,12000.0
035,24,2021,San Luis Potosí,Soledad de Graciano Sánchez,Mujer,29 o menos,1,12000.0
035,24,2021,San Luis Potosí,Soledad de Graciano Sánchez,Hombre,60 o más,3,36000.0
035,24,2021,San Luis Potosí,Soledad de Graciano Sánchez,Mujer,60 o más,1,12000.0
001,25,2022,Sinaloa,Ahome,Mujer,29 o menos,14,189000.0
001,25,2022,Sinaloa,Ahome,Hombre,30 a 59,34,459000.0
001,25,2023,Sinaloa,Ahome,Hombre,30 a 59,1,13500.0
001,25,2022,Sinaloa,Ahome,Mujer,30 a 59,42,567000.0
001,25,2023,Sinaloa,Ahome,Hombre,60 o más,1,13500.0
001,25,2022,Sinaloa,Ahome,Mujer,60 o más,21,283500.0
001,25,2023,Sinaloa,Ahome,Mujer,60 o más,1,13500.0
001,25,2023,Sinaloa,Ahome,Hombre,29 o menos,5,67500.0
001,25,2022,Sinaloa,Ahome,Hombre,29 o menos,8,108000.0
001,25,2023,Sinaloa,Ahome,Mujer,30 a 59,2,27000.0
001,25,2022,Sinaloa,Ahome,Hombre,60 o más,14,189000.0
002,25,2022,Sinaloa,Angostura,Mujer,30 a 59,33,445500.0
002,25,2022,Sinaloa,Angostura,Hombre,30 a 59,23,310500.0
002,25,2022,Sinaloa,Angostura,Mujer,29 o menos,2,27000.0
002,25,2022,Sinaloa,Angostura,Hombre,60 o más,8,108000.0
002,25,2022,Sinaloa,Angostura,Hombre,29 o menos,3,40500.0
002,25,2022,Sinaloa,Angostura,Mujer,60 o más,5,67500.0
003,25,2022,Sinaloa,Badiraguato,Mujer,30 a 59,11,148500.0
003,25,2022,Sinaloa,Badiraguato,Mujer,29 o menos,2,27000.0
003,25,2022,Sinaloa,Badiraguato,Hombre,60 o más,1,13500.0
003,25,2022,Sinaloa,Badiraguato,Hombre,30 a 59,19,256500.0
003,25,2022,Sinaloa,Badiraguato,Mujer,60 o más,5,67500.0
003,25,2022,Sinaloa,Badiraguato,Hombre,29 o menos,1,13500.0
006,25,2022,Sinaloa,Culiacán,Hombre,29 o menos,4,54000.0
006,25,2022,Sinaloa,Culiacán,Hombre,60 o más,2,27000.0
006,25,2022,Sinaloa,Culiacán,Mujer,30 a 59,27,364500.0
006,25,2022,Sinaloa,Culiacán,Mujer,29 o menos,5,67500.0
006,25,2022,Sinaloa,Culiacán,Mujer,60 o más,2,27000.0
006,25,2022,Sinaloa,Culiacán,Hombre,30 a 59,9,121500.0
009,25,2022,Sinaloa,Escuinapa,Mujer,29 o menos,7,94500.0
009,25,2022,Sinaloa,Escuinapa,Mujer,30 a 59,25,337500.0
009,25,2022,Sinaloa,Escuinapa,Hombre,60 o más,12,162000.0
009,25,2023,Sinaloa,Escuinapa,Hombre,60 o más,4,54000.0
009,25,2023,Sinaloa,Escuinapa,Mujer,29 o menos,6,81000.0
009,25,2023,Sinaloa,Escuinapa,Mujer,30 a 59,11,148500.0
009,25,2023,Sinaloa,Escuinapa,Hombre,29 o menos,3,40500.0
009,25,2023,Sinaloa,Escuinapa,Mujer,60 o más,6,81000.0
009,25,2023,Sinaloa,Escuinapa,Hombre,30 a 59,13,175500.0
009,25,2022,Sinaloa,Escuinapa,Hombre,29 o menos,3,40500.0
009,25,2022,Sinaloa,Escuinapa,Mujer,60 o más,8,108000.0
009,25,2022,Sinaloa,Escuinapa,Hombre,30 a 59,16,216000.0
011,25,2022,Sinaloa,Guasave,Hombre,60 o más,4,54000.0
011,25,2022,Sinaloa,Guasave,Mujer,29 o menos,3,40500.0
011,25,2022,Sinaloa,Guasave,Mujer,30 a 59,11,148500.0
011,25,2023,Sinaloa,Guasave,Hombre,60 o más,35,472500.0
011,25,2023,Sinaloa,Guasave,Hombre,30 a 59,64,864000.0
011,25,2022,Sinaloa,Guasave,Mujer,60 o más,7,94500.0
011,25,2023,Sinaloa,Guasave,Mujer,30 a 59,82,1107000.0
011,25,2023,Sinaloa,Guasave,Hombre,29 o menos,14,189000.0
011,25,2022,Sinaloa,Guasave,Hombre,30 a 59,2,27000.0
011,25,2023,Sinaloa,Guasave,Mujer,29 o menos,13,175500.0
011,25,2022,Sinaloa,Guasave,Hombre,29 o menos,1,13500.0
011,25,2023,Sinaloa,Guasave,Mujer,60 o más,27,364500.0
012,25,2022,Sinaloa,Mazatlán,Hombre,60 o más,1,13500.0
012,25,2022,Sinaloa,Mazatlán,Hombre,30 a 59,3,40500.0
012,25,2023,Sinaloa,Mazatlán,Mujer,30 a 59,2,27000.0
012,25,2022,Sinaloa,Mazatlán,Mujer,29 o menos,2,27000.0
012,25,2023,Sinaloa,Mazatlán,Hombre,30 a 59,5,67500.0
012,25,2021,Sinaloa,Mazatlán,Hombre,30 a 59,2,24000.0
012,25,2021,Sinaloa,Mazatlán,Hombre,29 o menos,1,12000.0
012,25,2023,Sinaloa,Mazatlán,Hombre,60 o más,1,13500.0
012,25,2021,Sinaloa,Mazatlán,Mujer,29 o menos,1,12000.0
012,25,2022,Sinaloa,Mazatlán,Mujer,60 o más,1,13500.0
012,25,2021,Sinaloa,Mazatlán,Mujer,30 a 59,9,108000.0
012,25,2022,Sinaloa,Mazatlán,Mujer,30 a 59,4,54000.0
013,25,2022,Sinaloa,Mocorito,Mujer,30 a 59,1,13500.0
013,25,2022,Sinaloa,Mocorito,Hombre,30 a 59,1,13500.0
018,25,2021,Sinaloa,Navolato,Mujer,30 a 59,12,144000.0
018,25,2021,Sinaloa,Navolato,Hombre,30 a 59,11,132000.0
018,25,2021,Sinaloa,Navolato,Hombre,60 o más,3,36000.0
018,25,2021,Sinaloa,Navolato,Hombre,29 o menos,6,72000.0
018,25,2021,Sinaloa,Navolato,Mujer,29 o menos,7,84000.0
002,26,2023,Sonora,Agua Prieta,Hombre,30 a 59,100,1350000.0
002,26,2023,Sonora,Agua Prieta,Hombre,60 o más,23,310500.0
002,26,2023,Sonora,Agua Prieta,Mujer,30 a 59,133,1795500.0
002,26,2022,Sonora,Agua Prieta,Hombre,30 a 59,166,2241000.0
002,26,2023,Sonora,Agua Prieta,Mujer,29 o menos,7,94500.0
002,26,2022,Sonora,Agua Prieta,Hombre,60 o más,30,405000.0
002,26,2022,Sonora,Agua Prieta,Mujer,60 o más,48,648000.0
002,26,2023,Sonora,Agua Prieta,Mujer,60 o más,35,472500.0
002,26,2022,Sonora,Agua Prieta,Mujer,30 a 59,249,3361500.0
002,26,2022,Sonora,Agua Prieta,Mujer,29 o menos,16,216000.0
002,26,2022,Sonora,Agua Prieta,Hombre,29 o menos,14,189000.0
002,26,2023,Sonora,Agua Prieta,Hombre,29 o menos,10,135000.0
017,26,2022,Sonora,Caborca,Mujer,60 o más,1,13500.0
017,26,2023,Sonora,Caborca,Hombre,30 a 59,3,40500.0
017,26,2022,Sonora,Caborca,Mujer,30 a 59,7,94500.0
017,26,2023,Sonora,Caborca,Mujer,30 a 59,4,54000.0
017,26,2022,Sonora,Caborca,Mujer,29 o menos,2,27000.0
017,26,2022,Sonora,Caborca,Hombre,30 a 59,9,121500.0
017,26,2023,Sonora,Caborca,Mujer,29 o menos,4,54000.0
017,26,2022,Sonora,Caborca,Hombre,29 o menos,2,27000.0
017,26,2023,Sonora,Caborca,Hombre,60 o más,1,13500.0
019,26,2021,Sonora,Cananea,Mujer,29 o menos,4,48000.0
019,26,2022,Sonora,Cananea,Mujer,29 o menos,2,27000.0
019,26,2023,Sonora,Cananea,Mujer,29 o menos,1,13500.0
019,26,2021,Sonora,Cananea,Hombre,60 o más,4,48000.0
019,26,2021,Sonora,Cananea,Hombre,29 o menos,2,24000.0
019,26,2022,Sonora,Cananea,Hombre,30 a 59,4,54000.0
019,26,2023,Sonora,Cananea,Hombre,60 o más,3,40500.0
019,26,2022,Sonora,Cananea,Mujer,60 o más,2,27000.0
019,26,2022,Sonora,Cananea,Mujer,30 a 59,10,135000.0
019,26,2021,Sonora,Cananea,Hombre,30 a 59,14,168000.0
019,26,2022,Sonora,Cananea,Hombre,29 o menos,3,40500.0
019,26,2023,Sonora,Cananea,Mujer,30 a 59,3,40500.0
019,26,2022,Sonora,Cananea,Hombre,60 o más,1,13500.0
019,26,2021,Sonora,Cananea,Mujer,30 a 59,21,252000.0
019,26,2023,Sonora,Cananea,Mujer,60 o más,1,13500.0
019,26,2021,Sonora,Cananea,Mujer,60 o más,8,96000.0
025,26,2023,Sonora,Empalme,Hombre,29 o menos,1,13500.0
025,26,2022,Sonora,Empalme,Mujer,29 o menos,1,13500.0
025,26,2023,Sonora,Empalme,Hombre,30 a 59,1,13500.0
025,26,2023,Sonora,Empalme,Mujer,29 o menos,1,13500.0
025,26,2023,Sonora,Empalme,Mujer,60 o más,1,13500.0
025,26,2022,Sonora,Empalme,Hombre,30 a 59,1,13500.0
025,26,2022,Sonora,Empalme,Mujer,30 a 59,2,27000.0
025,26,2021,Sonora,Empalme,Hombre,30 a 59,2,24000.0
025,26,2021,Sonora,Empalme,Mujer,30 a 59,2,24000.0
025,26,2023,Sonora,Empalme,Hombre,60 o más,1,13500.0
026,26,2023,Sonora,Etchojoa,Hombre,60 o más,1,13500.0
026,26,2023,Sonora,Etchojoa,Mujer,60 o más,3,40500.0
026,26,2023,Sonora,Etchojoa,Hombre,30 a 59,2,27000.0
026,26,2023,Sonora,Etchojoa,Mujer,29 o menos,1,13500.0
026,26,2023,Sonora,Etchojoa,Mujer,30 a 59,5,67500.0
027,26,2022,Sonora,Fronteras,Mujer,30 a 59,1,13500.0
027,26,2023,Sonora,Fronteras,Hombre,30 a 59,3,40500.0
027,26,2022,Sonora,Fronteras,Mujer,60 o más,1,13500.0
027,26,2022,Sonora,Fronteras,Hombre,30 a 59,2,27000.0
027,26,2023,Sonora,Fronteras,Mujer,30 a 59,8,108000.0
030,26,2021,Sonora,Hermosillo,Hombre,29 o menos,1,12000.0
030,26,2022,Sonora,Hermosillo,Mujer,60 o más,1,13500.0
030,26,2021,Sonora,Hermosillo,Mujer,60 o más,1,12000.0
030,26,2022,Sonora,Hermosillo,Mujer,30 a 59,2,27000.0
030,26,2021,Sonora,Hermosillo,Hombre,30 a 59,1,12000.0
030,26,2021,Sonora,Hermosillo,Mujer,29 o menos,1,12000.0
030,26,2022,Sonora,Hermosillo,Hombre,30 a 59,3,40500.0
030,26,2021,Sonora,Hermosillo,Mujer,30 a 59,3,36000.0
030,26,2022,Sonora,Hermosillo,Hombre,60 o más,1,13500.0
033,26,2022,Sonora,Huatabampo,Mujer,30 a 59,1,13500.0
035,26,2022,Sonora,Imuris,Hombre,29 o menos,1,13500.0
035,26,2021,Sonora,Imuris,Mujer,30 a 59,1,12000.0
035,26,2021,Sonora,Imuris,Hombre,60 o más,2,24000.0
035,26,2021,Sonora,Imuris,Hombre,30 a 59,1,12000.0
035,26,2022,Sonora,Imuris,Hombre,30 a 59,1,13500.0
035,26,2022,Sonora,Imuris,Mujer,30 a 59,1,13500.0
036,26,2021,Sonora,Magdalena,Mujer,30 a 59,1,12000.0
036,26,2022,Sonora,Magdalena,Mujer,30 a 59,2,27000.0
036,26,2021,Sonora,Magdalena,Hombre,30 a 59,3,36000.0
036,26,2022,Sonora,Magdalena,Hombre,30 a 59,2,27000.0
039,26,2022,Sonora,Naco,Mujer,29 o menos,1,13500.0
039,26,2023,Sonora,Naco,Mujer,30 a 59,3,40500.0
039,26,2022,Sonora,Naco,Hombre,30 a 59,3,40500.0
039,26,2022,Sonora,Naco,Mujer,30 a 59,2,27000.0
039,26,2021,Sonora,Naco,Mujer,29 o menos,1,12000.0
039,26,2022,Sonora,Naco,Hombre,60 o más,2,27000.0
042,26,2022,Sonora,Navojoa,Mujer,30 a 59,4,54000.0
042,26,2022,Sonora,Navojoa,Hombre,60 o más,4,54000.0
042,26,2023,Sonora,Navojoa,Mujer,29 o menos,3,40500.0
042,26,2022,Sonora,Navojoa,Hombre,29 o menos,1,13500.0
042,26,2023,Sonora,Navojoa,Hombre,60 o más,2,27000.0
042,26,2022,Sonora,Navojoa,Mujer,29 o menos,4,54000.0
042,26,2022,Sonora,Navojoa,Mujer,60 o más,3,40500.0
042,26,2023,Sonora,Navojoa,Hombre,30 a 59,1,13500.0
042,26,2023,Sonora,Navojoa,Mujer,30 a 59,11,148500.0
042,26,2022,Sonora,Navojoa,Hombre,30 a 59,3,40500.0
042,26,2023,Sonora,Navojoa,Mujer,60 o más,2,27000.0
055,26,2023,Sonora,San Luis Río Colorado,Mujer,60 o más,3,40500.0
055,26,2023,Sonora,San Luis Río Colorado,Mujer,30 a 59,10,135000.0
055,26,2023,Sonora,San Luis Río Colorado,Hombre,60 o más,5,67500.0
055,26,2022,Sonora,San Luis Río Colorado,Hombre,29 o menos,3,40500.0
055,26,2023,Sonora,San Luis Río Colorado,Mujer,29 o menos,2,27000.0
055,26,2022,Sonora,San Luis Río Colorado,Hombre,30 a 59,3,40500.0
055,26,2023,Sonora,San Luis Río Colorado,Hombre,30 a 59,9,121500.0
055,26,2023,Sonora,San Luis Río Colorado,Hombre,29 o menos,5,67500.0
058,26,2023,Sonora,Santa Ana,Hombre,29 o menos,2,27000.0
058,26,2023,Sonora,Santa Ana,Mujer,30 a 59,1,13500.0
058,26,2023,Sonora,Santa Ana,Hombre,60 o más,1,13500.0
058,26,2023,Sonora,Santa Ana,Hombre,30 a 59,1,13500.0
070,26,2022,Sonora,General Plutarco Elías Calles,Mujer,60 o más,1,13500.0
070,26,2023,Sonora,General Plutarco Elías Calles,Hombre,30 a 59,3,40500.0
070,26,2022,Sonora,General Plutarco Elías Calles,Mujer,29 o menos,1,13500.0
070,26,2022,Sonora,General Plutarco Elías Calles,Hombre,30 a 59,1,13500.0
070,26,2022,Sonora,General Plutarco Elías Calles,Mujer,30 a 59,2,27000.0
070,26,2022,Sonora,General Plutarco Elías Calles,Hombre,60 o más,2,27000.0
071,26,2021,Sonora,Benito Juárez,Hombre,60 o más,1,12000.0
071,26,2021,Sonora,Benito Juárez,Mujer,29 o menos,1,12000.0
004,27,2021,Tabasco,Centro,Mujer,60 o más,13,156000.0
004,27,2023,Tabasco,Centro,Hombre,60 o más,2,27000.0
004,27,2021,Tabasco,Centro,Hombre,30 a 59,17,204000.0
004,27,2023,Tabasco,Centro,Mujer,29 o menos,1,13500.0
004,27,2021,Tabasco,Centro,Mujer,29 o menos,2,24000.0
004,27,2023,Tabasco,Centro,Mujer,60 o más,3,40500.0
004,27,2022,Tabasco,Centro,Mujer,60 o más,11,148500.0
004,27,2022,Tabasco,Centro,Mujer,29 o menos,4,54000.0
004,27,2021,Tabasco,Centro,Hombre,29 o menos,2,24000.0
004,27,2021,Tabasco,Centro,Hombre,60 o más,6,72000.0
004,27,2023,Tabasco,Centro,Hombre,29 o menos,1,13500.0
004,27,2023,Tabasco,Centro,Mujer,30 a 59,3,40500.0
004,27,2022,Tabasco,Centro,Hombre,60 o más,1,13500.0
004,27,2022,Tabasco,Centro,Mujer,30 a 59,31,418500.0
004,27,2022,Tabasco,Centro,Hombre,30 a 59,11,148500.0
004,27,2021,Tabasco,Centro,Mujer,30 a 59,59,708000.0
004,27,2022,Tabasco,Centro,Hombre,29 o menos,3,40500.0
004,27,2023,Tabasco,Centro,Hombre,30 a 59,3,40500.0
005,27,2023,Tabasco,Comalcalco,Hombre,60 o más,2,27000.0
005,27,2023,Tabasco,Comalcalco,Hombre,29 o menos,2,27000.0
005,27,2023,Tabasco,Comalcalco,Mujer,60 o más,4,54000.0
005,27,2023,Tabasco,Comalcalco,Hombre,30 a 59,5,67500.0
005,27,2023,Tabasco,Comalcalco,Mujer,30 a 59,5,67500.0
008,27,2023,Tabasco,Huimanguillo,Hombre,60 o más,2,27000.0
008,27,2023,Tabasco,Huimanguillo,Hombre,30 a 59,3,40500.0
008,27,2023,Tabasco,Huimanguillo,Mujer,30 a 59,6,81000.0
015,28,2023,Tamaulipas,Gustavo Díaz Ordaz,Mujer,30 a 59,3,40500.0
015,28,2023,Tamaulipas,Gustavo Díaz Ordaz,Mujer,60 o más,1,13500.0
015,28,2023,Tamaulipas,Gustavo Díaz Ordaz,Hombre,30 a 59,1,13500.0
015,28,2021,Tamaulipas,Gustavo Díaz Ordaz,Hombre,30 a 59,1,12000.0
015,28,2021,Tamaulipas,Gustavo Díaz Ordaz,Mujer,30 a 59,6,72000.0
015,28,2022,Tamaulipas,Gustavo Díaz Ordaz,Mujer,30 a 59,6,81000.0
015,28,2022,Tamaulipas,Gustavo Díaz Ordaz,Hombre,30 a 59,3,40500.0
021,28,2023,Tamaulipas,El Mante,Mujer,30 a 59,4,54000.0
021,28,2023,Tamaulipas,El Mante,Hombre,30 a 59,2,27000.0
021,28,2022,Tamaulipas,El Mante,Hombre,29 o menos,1,13500.0
021,28,2022,Tamaulipas,El Mante,Mujer,29 o menos,2,27000.0
021,28,2022,Tamaulipas,El Mante,Mujer,60 o más,1,13500.0
021,28,2022,Tamaulipas,El Mante,Hombre,60 o más,4,54000.0
021,28,2022,Tamaulipas,El Mante,Mujer,30 a 59,13,175500.0
021,28,2022,Tamaulipas,El Mante,Hombre,30 a 59,7,94500.0
022,28,2021,Tamaulipas,Matamoros,Hombre,30 a 59,23,276000.0
022,28,2021,Tamaulipas,Matamoros,Mujer,30 a 59,53,636000.0
022,28,2023,Tamaulipas,Matamoros,Mujer,30 a 59,13,175500.0
022,28,2021,Tamaulipas,Matamoros,Mujer,60 o más,9,108000.0
022,28,2021,Tamaulipas,Matamoros,Mujer,29 o menos,7,84000.0
022,28,2022,Tamaulipas,Matamoros,Mujer,30 a 59,22,297000.0
022,28,2023,Tamaulipas,Matamoros,Hombre,30 a 59,19,256500.0
022,28,2022,Tamaulipas,Matamoros,Hombre,29 o menos,1,13500.0
022,28,2023,Tamaulipas,Matamoros,Mujer,29 o menos,2,27000.0
022,28,2022,Tamaulipas,Matamoros,Hombre,60 o más,4,54000.0
022,28,2023,Tamaulipas,Matamoros,Mujer,60 o más,14,189000.0
022,28,2022,Tamaulipas,Matamoros,Hombre,30 a 59,14,189000.0
022,28,2023,Tamaulipas,Matamoros,Hombre,29 o menos,1,13500.0
022,28,2022,Tamaulipas,Matamoros,Mujer,29 o menos,3,40500.0
022,28,2023,Tamaulipas,Matamoros,Hombre,60 o más,2,27000.0
022,28,2021,Tamaulipas,Matamoros,Hombre,29 o menos,2,24000.0
022,28,2021,Tamaulipas,Matamoros,Hombre,60 o más,7,84000.0
022,28,2022,Tamaulipas,Matamoros,Mujer,60 o más,6,81000.0
027,28,2021,Tamaulipas,Nuevo Laredo,Mujer,60 o más,7,84000.0
027,28,2023,Tamaulipas,Nuevo Laredo,Mujer,29 o menos,3,40500.0
027,28,2023,Tamaulipas,Nuevo Laredo,Hombre,29 o menos,10,135000.0
027,28,2022,Tamaulipas,Nuevo Laredo,Hombre,60 o más,6,81000.0
027,28,2023,Tamaulipas,Nuevo Laredo,Hombre,60 o más,11,148500.0
027,28,2021,Tamaulipas,Nuevo Laredo,Mujer,30 a 59,28,336000.0
027,28,2021,Tamaulipas,Nuevo Laredo,Hombre,30 a 59,26,312000.0
027,28,2022,Tamaulipas,Nuevo Laredo,Mujer,60 o más,10,135000.0
027,28,2022,Tamaulipas,Nuevo Laredo,Hombre,29 o menos,4,54000.0
027,28,2022,Tamaulipas,Nuevo Laredo,Mujer,29 o menos,9,121500.0
027,28,2022,Tamaulipas,Nuevo Laredo,Mujer,30 a 59,51,688500.0
027,28,2023,Tamaulipas,Nuevo Laredo,Mujer,30 a 59,34,459000.0
027,28,2021,Tamaulipas,Nuevo Laredo,Mujer,29 o menos,5,60000.0
027,28,2022,Tamaulipas,Nuevo Laredo,Hombre,30 a 59,39,526500.0
027,28,2023,Tamaulipas,Nuevo Laredo,Hombre,30 a 59,23,310500.0
027,28,2021,Tamaulipas,Nuevo Laredo,Hombre,60 o más,5,60000.0
027,28,2021,Tamaulipas,Nuevo Laredo,Hombre,29 o menos,3,36000.0
027,28,2023,Tamaulipas,Nuevo Laredo,Mujer,60 o más,8,108000.0
033,28,2022,Tamaulipas,Río Bravo,Mujer,30 a 59,1,13500.0
033,28,2023,Tamaulipas,Río Bravo,Hombre,30 a 59,2,27000.0
033,28,2023,Tamaulipas,Río Bravo,Mujer,29 o menos,1,13500.0
033,28,2022,Tamaulipas,Río Bravo,Hombre,60 o más,2,27000.0
033,28,2022,Tamaulipas,Río Bravo,Hombre,29 o menos,4,54000.0
033,28,2022,Tamaulipas,Río Bravo,Hombre,30 a 59,9,121500.0
033,28,2023,Tamaulipas,Río Bravo,Mujer,30 a 59,1,13500.0
037,28,2023,Tamaulipas,Soto la Marina,Hombre,60 o más,2,27000.0
037,28,2023,Tamaulipas,Soto la Marina,Hombre,30 a 59,7,94500.0
037,28,2023,Tamaulipas,Soto la Marina,Mujer,30 a 59,14,189000.0
037,28,2023,Tamaulipas,Soto la Marina,Mujer,60 o más,2,27000.0
037,28,2023,Tamaulipas,Soto la Marina,Hombre,29 o menos,1,13500.0
041,28,2022,Tamaulipas,Victoria,Hombre,60 o más,1,13500.0
041,28,2023,Tamaulipas,Victoria,Hombre,29 o menos,3,40500.0
041,28,2022,Tamaulipas,Victoria,Mujer,29 o menos,1,13500.0
041,28,2023,Tamaulipas,Victoria,Mujer,30 a 59,10,135000.0
041,28,2022,Tamaulipas,Victoria,Hombre,29 o menos,2,27000.0
041,28,2022,Tamaulipas,Victoria,Mujer,30 a 59,2,27000.0
041,28,2023,Tamaulipas,Victoria,Mujer,60 o más,3,40500.0
041,28,2023,Tamaulipas,Victoria,Hombre,60 o más,3,40500.0
041,28,2023,Tamaulipas,Victoria,Hombre,30 a 59,12,162000.0
043,28,2023,Tamaulipas,Xicoténcatl,Hombre,60 o más,6,81000.0
043,28,2022,Tamaulipas,Xicoténcatl,Mujer,29 o menos,6,81000.0
043,28,2023,Tamaulipas,Xicoténcatl,Mujer,60 o más,6,81000.0
043,28,2023,Tamaulipas,Xicoténcatl,Hombre,30 a 59,27,364500.0
043,28,2021,Tamaulipas,Xicoténcatl,Hombre,60 o más,4,48000.0
043,28,2021,Tamaulipas,Xicoténcatl,Hombre,30 a 59,30,360000.0
043,28,2021,Tamaulipas,Xicoténcatl,Mujer,60 o más,7,84000.0
043,28,2022,Tamaulipas,Xicoténcatl,Hombre,60 o más,3,40500.0
043,28,2022,Tamaulipas,Xicoténcatl,Hombre,30 a 59,18,243000.0
043,28,2022,Tamaulipas,Xicoténcatl,Mujer,30 a 59,25,337500.0
043,28,2021,Tamaulipas,Xicoténcatl,Mujer,29 o menos,5,60000.0
043,28,2023,Tamaulipas,Xicoténcatl,Mujer,29 o menos,6,81000.0
043,28,2021,Tamaulipas,Xicoténcatl,Hombre,29 o menos,6,72000.0
043,28,2022,Tamaulipas,Xicoténcatl,Hombre,29 o menos,5,67500.0
043,28,2021,Tamaulipas,Xicoténcatl,Mujer,30 a 59,40,480000.0
043,28,2022,Tamaulipas,Xicoténcatl,Mujer,60 o más,4,54000.0
043,28,2023,Tamaulipas,Xicoténcatl,Hombre,29 o menos,9,121500.0
043,28,2023,Tamaulipas,Xicoténcatl,Mujer,30 a 59,31,418500.0
006,29,2022,Tlaxcala,Calpulalpan,Mujer,30 a 59,38,513000.0
006,29,2022,Tlaxcala,Calpulalpan,Mujer,60 o más,26,351000.0
006,29,2022,Tlaxcala,Calpulalpan,Hombre,60 o más,29,391500.0
006,29,2023,Tlaxcala,Calpulalpan,Hombre,60 o más,1,13500.0
006,29,2022,Tlaxcala,Calpulalpan,Mujer,29 o menos,5,67500.0
006,29,2022,Tlaxcala,Calpulalpan,Hombre,29 o menos,4,54000.0
006,29,2022,Tlaxcala,Calpulalpan,Hombre,30 a 59,37,499500.0
006,29,2023,Tlaxcala,Calpulalpan,Hombre,30 a 59,1,13500.0
013,29,2023,Tlaxcala,Huamantla,Mujer,30 a 59,2,27000.0
013,29,2023,Tlaxcala,Huamantla,Mujer,29 o menos,1,13500.0
013,29,2022,Tlaxcala,Huamantla,Hombre,30 a 59,1,13500.0
034,29,2021,Tlaxcala,Tlaxco,Mujer,30 a 59,10,120000.0
034,29,2022,Tlaxcala,Tlaxco,Mujer,30 a 59,31,418500.0
034,29,2023,Tlaxcala,Tlaxco,Hombre,30 a 59,26,351000.0
034,29,2023,Tlaxcala,Tlaxco,Mujer,29 o menos,8,108000.0
034,29,2023,Tlaxcala,Tlaxco,Hombre,60 o más,12,162000.0
034,29,2021,Tlaxcala,Tlaxco,Mujer,60 o más,3,36000.0
034,29,2022,Tlaxcala,Tlaxco,Mujer,60 o más,5,67500.0
034,29,2022,Tlaxcala,Tlaxco,Hombre,30 a 59,18,243000.0
034,29,2023,Tlaxcala,Tlaxco,Mujer,30 a 59,40,540000.0
034,29,2021,Tlaxcala,Tlaxco,Hombre,60 o más,3,36000.0
034,29,2022,Tlaxcala,Tlaxco,Mujer,29 o menos,6,81000.0
034,29,2023,Tlaxcala,Tlaxco,Mujer,60 o más,12,162000.0
034,29,2022,Tlaxcala,Tlaxco,Hombre,29 o menos,3,40500.0
034,29,2022,Tlaxcala,Tlaxco,Hombre,60 o más,3,40500.0
034,29,2023,Tlaxcala,Tlaxco,Hombre,29 o menos,7,94500.0
034,29,2021,Tlaxcala,Tlaxco,Hombre,29 o menos,1,12000.0
034,29,2021,Tlaxcala,Tlaxco,Hombre,30 a 59,7,84000.0
011,30,2023,Veracruz de Ignacio de la Llave,Alvarado,Hombre,30 a 59,8,108000.0
011,30,2023,Veracruz de Ignacio de la Llave,Alvarado,Mujer,60 o más,4,54000.0
011,30,2023,Veracruz de Ignacio de la Llave,Alvarado,Hombre,60 o más,3,40500.0
011,30,2023,Veracruz de Ignacio de la Llave,Alvarado,Mujer,30 a 59,13,175500.0
023,30,2021,Veracruz de Ignacio de la Llave,Atzalan,Hombre,30 a 59,19,228000.0
023,30,2021,Veracruz de Ignacio de la Llave,Atzalan,Hombre,29 o menos,5,60000.0
023,30,2022,Veracruz de Ignacio de la Llave,Atzalan,Mujer,30 a 59,5,67500.0
023,30,2022,Veracruz de Ignacio de la Llave,Atzalan,Hombre,29 o menos,1,13500.0
023,30,2023,Veracruz de Ignacio de la Llave,Atzalan,Mujer,30 a 59,4,54000.0
023,30,2023,Veracruz de Ignacio de la Llave,Atzalan,Mujer,29 o menos,2,27000.0
023,30,2023,Veracruz de Ignacio de la Llave,Atzalan,Hombre,30 a 59,1,13500.0
023,30,2021,Veracruz de Ignacio de la Llave,Atzalan,Mujer,30 a 59,21,252000.0
023,30,2021,Veracruz de Ignacio de la Llave,Atzalan,Mujer,60 o más,3,36000.0
023,30,2023,Veracruz de Ignacio de la Llave,Atzalan,Hombre,29 o menos,1,13500.0
023,30,2021,Veracruz de Ignacio de la Llave,Atzalan,Hombre,60 o más,3,36000.0
023,30,2022,Veracruz de Ignacio de la Llave,Atzalan,Hombre,30 a 59,2,27000.0
023,30,2021,Veracruz de Ignacio de la Llave,Atzalan,Mujer,29 o menos,1,12000.0
048,30,2023,Veracruz de Ignacio de la Llave,Cosoleacaque,Hombre,60 o más,2,27000.0
048,30,2023,Veracruz de Ignacio de la Llave,Cosoleacaque,Mujer,30 a 59,9,121500.0
048,30,2023,Veracruz de Ignacio de la Llave,Cosoleacaque,Hombre,30 a 59,8,108000.0
048,30,2023,Veracruz de Ignacio de la Llave,Cosoleacaque,Hombre,29 o menos,1,13500.0
048,30,2023,Veracruz de Ignacio de la Llave,Cosoleacaque,Mujer,29 o menos,1,13500.0
084,30,2023,Veracruz de Ignacio de la Llave,Ixmatlahuacan,Mujer,29 o menos,3,40500.0
084,30,2023,Veracruz de Ignacio de la Llave,Ixmatlahuacan,Hombre,30 a 59,2,27000.0
084,30,2023,Veracruz de Ignacio de la Llave,Ixmatlahuacan,Mujer,30 a 59,10,135000.0
084,30,2023,Veracruz de Ignacio de la Llave,Ixmatlahuacan,Hombre,60 o más,2,27000.0
084,30,2023,Veracruz de Ignacio de la Llave,Ixmatlahuacan,Hombre,29 o menos,3,40500.0
094,30,2023,Veracruz de Ignacio de la Llave,Juan Rodríguez Clara,Hombre,60 o más,4,54000.0
094,30,2023,Veracruz de Ignacio de la Llave,Juan Rodríguez Clara,Mujer,29 o menos,1,13500.0
094,30,2022,Veracruz de Ignacio de la Llave,Juan Rodríguez Clara,Mujer,29 o menos,9,121500.0
094,30,2023,Veracruz de Ignacio de la Llave,Juan Rodríguez Clara,Mujer,30 a 59,15,202500.0
094,30,2022,Veracruz de Ignacio de la Llave,Juan Rodríguez Clara,Hombre,30 a 59,17,229500.0
094,30,2022,Veracruz de Ignacio de la Llave,Juan Rodríguez Clara,Mujer,30 a 59,31,418500.0
094,30,2023,Veracruz de Ignacio de la Llave,Juan Rodríguez Clara,Hombre,29 o menos,4,54000.0
094,30,2022,Veracruz de Ignacio de la Llave,Juan Rodríguez Clara,Hombre,29 o menos,6,81000.0
094,30,2022,Veracruz de Ignacio de la Llave,Juan Rodríguez Clara,Mujer,60 o más,8,108000.0
094,30,2023,Veracruz de Ignacio de la Llave,Juan Rodríguez Clara,Hombre,30 a 59,11,148500.0
094,30,2022,Veracruz de Ignacio de la Llave,Juan Rodríguez Clara,Hombre,60 o más,3,40500.0
094,30,2023,Veracruz de Ignacio de la Llave,Juan Rodríguez Clara,Mujer,60 o más,3,40500.0
102,30,2021,Veracruz de Ignacio de la Llave,Martínez de la Torre,Mujer,29 o menos,2,24000.0
102,30,2022,Veracruz de Ignacio de la Llave,Martínez de la Torre,Mujer,29 o menos,3,40500.0
102,30,2021,Veracruz de Ignacio de la Llave,Martínez de la Torre,Hombre,29 o menos,2,24000.0
102,30,2021,Veracruz de Ignacio de la Llave,Martínez de la Torre,Mujer,30 a 59,14,168000.0
102,30,2022,Veracruz de Ignacio de la Llave,Martínez de la Torre,Hombre,30 a 59,9,121500.0
102,30,2021,Veracruz de Ignacio de la Llave,Martínez de la Torre,Hombre,30 a 59,6,72000.0
102,30,2023,Veracruz de Ignacio de la Llave,Martínez de la Torre,Mujer,30 a 59,2,27000.0
102,30,2021,Veracruz de Ignacio de la Llave,Martínez de la Torre,Hombre,60 o más,1,12000.0
102,30,2022,Veracruz de Ignacio de la Llave,Martínez de la Torre,Hombre,29 o menos,1,13500.0
102,30,2023,Veracruz de Ignacio de la Llave,Martínez de la Torre,Hombre,60 o más,1,13500.0
102,30,2022,Veracruz de Ignacio de la Llave,Martínez de la Torre,Mujer,60 o más,2,27000.0
102,30,2021,Veracruz de Ignacio de la Llave,Martínez de la Torre,Mujer,60 o más,1,12000.0
102,30,2022,Veracruz de Ignacio de la Llave,Martínez de la Torre,Hombre,60 o más,1,13500.0
102,30,2022,Veracruz de Ignacio de la Llave,Martínez de la Torre,Mujer,30 a 59,9,121500.0
102,30,2023,Veracruz de Ignacio de la Llave,Martínez de la Torre,Mujer,60 o más,1,13500.0
102,30,2023,Veracruz de Ignacio de la Llave,Martínez de la Torre,Hombre,30 a 59,2,27000.0
105,30,2023,Veracruz de Ignacio de la Llave,Medellín de Bravo,Mujer,30 a 59,11,148500.0
105,30,2023,Veracruz de Ignacio de la Llave,Medellín de Bravo,Mujer,60 o más,1,13500.0
105,30,2023,Veracruz de Ignacio de la Llave,Medellín de Bravo,Hombre,60 o más,9,121500.0
105,30,2023,Veracruz de Ignacio de la Llave,Medellín de Bravo,Hombre,30 a 59,9,121500.0
105,30,2023,Veracruz de Ignacio de la Llave,Medellín de Bravo,Hombre,29 o menos,1,13500.0
109,30,2022,Veracruz de Ignacio de la Llave,Misantla,Mujer,29 o menos,5,67500.0
109,30,2023,Veracruz de Ignacio de la Llave,Misantla,Mujer,60 o más,7,94500.0
109,30,2023,Veracruz de Ignacio de la Llave,Misantla,Hombre,60 o más,10,135000.0
109,30,2023,Veracruz de Ignacio de la Llave,Misantla,Hombre,30 a 59,17,229500.0
109,30,2023,Veracruz de Ignacio de la Llave,Misantla,Hombre,29 o menos,4,54000.0
109,30,2021,Veracruz de Ignacio de la Llave,Misantla,Hombre,30 a 59,1,12000.0
109,30,2023,Veracruz de Ignacio de la Llave,Misantla,Mujer,30 a 59,17,229500.0
109,30,2022,Veracruz de Ignacio de la Llave,Misantla,Hombre,60 o más,7,94500.0
109,30,2023,Veracruz de Ignacio de la Llave,Misantla,Mujer,29 o menos,4,54000.0
109,30,2022,Veracruz de Ignacio de la Llave,Misantla,Mujer,60 o más,6,81000.0
109,30,2022,Veracruz de Ignacio de la Llave,Misantla,Mujer,30 a 59,22,297000.0
109,30,2021,Veracruz de Ignacio de la Llave,Misantla,Mujer,30 a 59,4,48000.0
109,30,2021,Veracruz de Ignacio de la Llave,Misantla,Hombre,29 o menos,2,24000.0
109,30,2022,Veracruz de Ignacio de la Llave,Misantla,Hombre,29 o menos,5,67500.0
109,30,2022,Veracruz de Ignacio de la Llave,Misantla,Hombre,30 a 59,15,202500.0
128,30,2023,Veracruz de Ignacio de la Llave,Perote,Mujer,30 a 59,2,27000.0
128,30,2023,Veracruz de Ignacio de la Llave,Perote,Hombre,30 a 59,3,40500.0
128,30,2022,Veracruz de Ignacio de la Llave,Perote,Mujer,29 o menos,3,40500.0
128,30,2022,Veracruz de Ignacio de la Llave,Perote,Hombre,60 o más,4,54000.0
128,30,2022,Veracruz de Ignacio de la Llave,Perote,Mujer,60 o más,1,13500.0
128,30,2022,Veracruz de Ignacio de la Llave,Perote,Hombre,30 a 59,7,94500.0
128,30,2022,Veracruz de Ignacio de la Llave,Perote,Mujer,30 a 59,14,189000.0
128,30,2022,Veracruz de Ignacio de la Llave,Perote,Hombre,29 o menos,2,27000.0
130,30,2021,Veracruz de Ignacio de la Llave,Playa Vicente,Mujer,29 o menos,1,12000.0
130,30,2023,Veracruz de Ignacio de la Llave,Playa Vicente,Hombre,30 a 59,7,94500.0
130,30,2023,Veracruz de Ignacio de la Llave,Playa Vicente,Mujer,29 o menos,3,40500.0
130,30,2021,Veracruz de Ignacio de la Llave,Playa Vicente,Mujer,30 a 59,3,36000.0
130,30,2021,Veracruz de Ignacio de la Llave,Playa Vicente,Hombre,30 a 59,2,24000.0
130,30,2021,Veracruz de Ignacio de la Llave,Playa Vicente,Hombre,29 o menos,1,12000.0
130,30,2023,Veracruz de Ignacio de la Llave,Playa Vicente,Hombre,60 o más,4,54000.0
130,30,2023,Veracruz de Ignacio de la Llave,Playa Vicente,Mujer,30 a 59,12,162000.0
155,30,2022,Veracruz de Ignacio de la Llave,Tantoyuca,Hombre,30 a 59,3,40500.0
155,30,2021,Veracruz de Ignacio de la Llave,Tantoyuca,Hombre,29 o menos,4,48000.0
155,30,2022,Veracruz de Ignacio de la Llave,Tantoyuca,Mujer,30 a 59,5,67500.0
155,30,2021,Veracruz de Ignacio de la Llave,Tantoyuca,Hombre,30 a 59,22,264000.0
155,30,2021,Veracruz de Ignacio de la Llave,Tantoyuca,Mujer,60 o más,4,48000.0
155,30,2021,Veracruz de Ignacio de la Llave,Tantoyuca,Mujer,29 o menos,2,24000.0
155,30,2022,Veracruz de Ignacio de la Llave,Tantoyuca,Hombre,60 o más,1,13500.0
155,30,2021,Veracruz de Ignacio de la Llave,Tantoyuca,Mujer,30 a 59,22,264000.0
155,30,2022,Veracruz de Ignacio de la Llave,Tantoyuca,Hombre,29 o menos,1,13500.0
155,30,2021,Veracruz de Ignacio de la Llave,Tantoyuca,Hombre,60 o más,6,72000.0
161,30,2022,Veracruz de Ignacio de la Llave,Tempoal,Hombre,30 a 59,8,108000.0
161,30,2022,Veracruz de Ignacio de la Llave,Tempoal,Mujer,30 a 59,15,202500.0
161,30,2022,Veracruz de Ignacio de la Llave,Tempoal,Hombre,60 o más,10,135000.0
161,30,2022,Veracruz de Ignacio de la Llave,Tempoal,Mujer,29 o menos,2,27000.0
161,30,2022,Veracruz de Ignacio de la Llave,Tempoal,Mujer,60 o más,5,67500.0
174,30,2023,Veracruz de Ignacio de la Llave,Tierra Blanca,Hombre,30 a 59,14,189000.0
174,30,2023,Veracruz de Ignacio de la Llave,Tierra Blanca,Mujer,29 o menos,3,40500.0
174,30,2022,Veracruz de Ignacio de la Llave,Tierra Blanca,Mujer,30 a 59,9,121500.0
174,30,2023,Veracruz de Ignacio de la Llave,Tierra Blanca,Hombre,60 o más,5,67500.0
174,30,2021,Veracruz de Ignacio de la Llave,Tierra Blanca,Hombre,30 a 59,55,660000.0
174,30,2021,Veracruz de Ignacio de la Llave,Tierra Blanca,Mujer,29 o menos,15,180000.0
174,30,2022,Veracruz de Ignacio de la Llave,Tierra Blanca,Hombre,30 a 59,3,40500.0
174,30,2023,Veracruz de Ignacio de la Llave,Tierra Blanca,Mujer,30 a 59,39,526500.0
174,30,2023,Veracruz de Ignacio de la Llave,Tierra Blanca,Hombre,29 o menos,2,27000.0
174,30,2022,Veracruz de Ignacio de la Llave,Tierra Blanca,Hombre,60 o más,3,40500.0
174,30,2021,Veracruz de Ignacio de la Llave,Tierra Blanca,Mujer,30 a 59,75,900000.0
174,30,2023,Veracruz de Ignacio de la Llave,Tierra Blanca,Mujer,60 o más,5,67500.0
174,30,2022,Veracruz de Ignacio de la Llave,Tierra Blanca,Hombre,29 o menos,3,40500.0
174,30,2021,Veracruz de Ignacio de la Llave,Tierra Blanca,Mujer,60 o más,24,288000.0
174,30,2021,Veracruz de Ignacio de la Llave,Tierra Blanca,Hombre,60 o más,13,156000.0
174,30,2021,Veracruz de Ignacio de la Llave,Tierra Blanca,Hombre,29 o menos,6,72000.0
182,30,2022,Veracruz de Ignacio de la Llave,Tlalnelhuayocan,Mujer,30 a 59,2,27000.0
189,30,2023,Veracruz de Ignacio de la Llave,Tuxpan,Hombre,30 a 59,20,270000.0
189,30,2023,Veracruz de Ignacio de la Llave,Tuxpan,Hombre,60 o más,11,148500.0
189,30,2023,Veracruz de Ignacio de la Llave,Tuxpan,Hombre,29 o menos,4,54000.0
189,30,2023,Veracruz de Ignacio de la Llave,Tuxpan,Mujer,60 o más,14,189000.0
189,30,2023,Veracruz de Ignacio de la Llave,Tuxpan,Mujer,30 a 59,51,688500.0
189,30,2023,Veracruz de Ignacio de la Llave,Tuxpan,Mujer,29 o menos,4,54000.0
192,30,2021,Veracruz de Ignacio de la Llave,Vega de Alatorre,Hombre,30 a 59,4,48000.0
192,30,2022,Veracruz de Ignacio de la Llave,Vega de Alatorre,Mujer,29 o menos,3,40500.0
192,30,2022,Veracruz de Ignacio de la Llave,Vega de Alatorre,Hombre,30 a 59,18,243000.0
192,30,2021,Veracruz de Ignacio de la Llave,Vega de Alatorre,Mujer,60 o más,2,24000.0
192,30,2022,Veracruz de Ignacio de la Llave,Vega de Alatorre,Hombre,29 o menos,5,67500.0
192,30,2021,Veracruz de Ignacio de la Llave,Vega de Alatorre,Mujer,30 a 59,6,72000.0
192,30,2022,Veracruz de Ignacio de la Llave,Vega de Alatorre,Hombre,60 o más,10,135000.0
192,30,2023,Veracruz de Ignacio de la Llave,Vega de Alatorre,Hombre,30 a 59,4,54000.0
192,30,2023,Veracruz de Ignacio de la Llave,Vega de Alatorre,Mujer,30 a 59,5,67500.0
192,30,2022,Veracruz de Ignacio de la Llave,Vega de Alatorre,Mujer,30 a 59,26,351000.0
192,30,2023,Veracruz de Ignacio de la Llave,Vega de Alatorre,Mujer,60 o más,1,13500.0
192,30,2022,Veracruz de Ignacio de la Llave,Vega de Alatorre,Mujer,60 o más,11,148500.0
193,30,2022,Veracruz de Ignacio de la Llave,Veracruz,Mujer,60 o más,2,27000.0
193,30,2022,Veracruz de Ignacio de la Llave,Veracruz,Mujer,29 o menos,2,27000.0
193,30,2021,Veracruz de Ignacio de la Llave,Veracruz,Mujer,60 o más,5,60000.0
193,30,2022,Veracruz de Ignacio de la Llave,Veracruz,Hombre,30 a 59,3,40500.0
193,30,2022,Veracruz de Ignacio de la Llave,Veracruz,Mujer,30 a 59,8,108000.0
193,30,2021,Veracruz de Ignacio de la Llave,Veracruz,Mujer,30 a 59,1,12000.0
193,30,2021,Veracruz de Ignacio de la Llave,Veracruz,Hombre,30 a 59,1,12000.0
027,31,2023,Yucatán,Dzidzantún,Mujer,30 a 59,1,13500.0
059,31,2021,Yucatán,Progreso,Mujer,29 o menos,2,24000.0
059,31,2021,Yucatán,Progreso,Hombre,30 a 59,2,24000.0
059,31,2021,Yucatán,Progreso,Mujer,30 a 59,6,72000.0
059,31,2023,Yucatán,Progreso,Mujer,60 o más,3,40500.0
059,31,2023,Yucatán,Progreso,Hombre,30 a 59,4,54000.0
059,31,2023,Yucatán,Progreso,Hombre,60 o más,1,13500.0
059,31,2023,Yucatán,Progreso,Mujer,29 o menos,5,67500.0
059,31,2023,Yucatán,Progreso,Hombre,29 o menos,1,13500.0
059,31,2023,Yucatán,Progreso,Mujer,30 a 59,9,121500.0
059,31,2021,Yucatán,Progreso,Mujer,60 o más,1,12000.0
059,31,2021,Yucatán,Progreso,Hombre,29 o menos,2,24000.0
083,31,2023,Yucatán,Telchac Puerto,Mujer,29 o menos,1,13500.0
083,31,2023,Yucatán,Telchac Puerto,Hombre,30 a 59,1,13500.0
083,31,2021,Yucatán,Telchac Puerto,Mujer,30 a 59,2,24000.0
083,31,2021,Yucatán,Telchac Puerto,Hombre,29 o menos,1,12000.0
083,31,2023,Yucatán,Telchac Puerto,Mujer,30 a 59,2,27000.0
096,31,2023,Yucatán,Tizimín,Hombre,60 o más,2,27000.0
096,31,2023,Yucatán,Tizimín,Hombre,29 o menos,3,40500.0
096,31,2023,Yucatán,Tizimín,Mujer,29 o menos,3,40500.0
096,31,2023,Yucatán,Tizimín,Mujer,30 a 59,4,54000.0
096,31,2023,Yucatán,Tizimín,Hombre,30 a 59,8,108000.0
002,32,2023,Zacatecas,Apulco,Mujer,60 o más,2,27000.0
002,32,2023,Zacatecas,Apulco,Hombre,30 a 59,3,40500.0
002,32,2023,Zacatecas,Apulco,Mujer,30 a 59,27,364500.0
002,32,2023,Zacatecas,Apulco,Hombre,60 o más,1,13500.0
002,32,2023,Zacatecas,Apulco,Hombre,29 o menos,1,13500.0
017,32,2023,Zacatecas,Guadalupe,Mujer,60 o más,5,67500.0
017,32,2023,Zacatecas,Guadalupe,Hombre,60 o más,5,67500.0
017,32,2023,Zacatecas,Guadalupe,Mujer,30 a 59,14,189000.0
017,32,2023,Zacatecas,Guadalupe,Mujer,29 o menos,3,40500.0
017,32,2023,Zacatecas,Guadalupe,Hombre,30 a 59,17,229500.0
017,32,2023,Zacatecas,Guadalupe,Hombre,29 o menos,6,81000.0
017,07,2024,Chiapas,Cintalapa de Figueroa,Hombre,29 o menos,6,81000.0
017,07,2025,Chiapas,Cintalapa de Figueroa,Mujer,30 a 59,52,702000.0
017,07,2025,Chiapas,Cintalapa de Figueroa,Hombre,60 o más,1,13500.0
017,07,2025,Chiapas,Cintalapa de Figueroa,Hombre,29 o menos,5,67500.0
017,07,2025,Chiapas,Cintalapa de Figueroa,Mujer,29 o menos,3,40500.0
017,07,2024,Chiapas,Cintalapa de Figueroa,Mujer,60 o más,9,121500.0
017,07,2024,Chiapas,Cintalapa de Figueroa,Mujer,30 a 59,45,607500.0
017,07,2025,Chiapas,Cintalapa de Figueroa,Mujer,60 o más,9,121500.0
017,07,2024,Chiapas,Cintalapa de Figueroa,Mujer,29 o menos,8,108000.0
017,07,2024,Chiapas,Cintalapa de Figueroa,Hombre,60 o más,3,40500.0
017,07,2025,Chiapas,Cintalapa de Figueroa,Hombre,30 a 59,27,364500.0
017,07,2024,Chiapas,Cintalapa de Figueroa,Hombre,30 a 59,16,216000.0
003,02,2024,Baja California,Tecate,Hombre,30 a 59,5,67500.0
003,02,2024,Baja California,Tecate,Hombre,29 o menos,1,13500.0
003,02,2024,Baja California,Tecate,Mujer,30 a 59,9,121500.0
003,02,2024,Baja California,Tecate,Mujer,60 o más,4,54000.0
004,02,2024,Baja California,Tijuana,Hombre,29 o menos,1,13500.0
004,02,2024,Baja California,Tijuana,Mujer,60 o más,4,54000.0
004,02,2024,Baja California,Tijuana,Mujer,29 o menos,2,27000.0
004,02,2024,Baja California,Tijuana,Hombre,30 a 59,14,189000.0
004,02,2024,Baja California,Tijuana,Mujer,30 a 59,21,283500.0
004,02,2024,Baja California,Tijuana,Hombre,60 o más,4,54000.0
005,02,2024,Baja California,Playas de Rosarito,Hombre,29 o menos,1,13500.0
005,02,2024,Baja California,Playas de Rosarito,Hombre,60 o más,9,121500.0
005,02,2024,Baja California,Playas de Rosarito,Mujer,30 a 59,51,688500.0
005,02,2024,Baja California,Playas de Rosarito,Mujer,60 o más,12,162000.0
005,02,2025,Baja California,Playas de Rosarito,Hombre,30 a 59,8,108000.0
005,02,2025,Baja California,Playas de Rosarito,Mujer,30 a 59,16,216000.0
005,02,2025,Baja California,Playas de Rosarito,Hombre,60 o más,5,67500.0
005,02,2025,Baja California,Playas de Rosarito,Mujer,60 o más,4,54000.0
005,02,2025,Baja California,Playas de Rosarito,Mujer,29 o menos,2,27000.0
005,02,2024,Baja California,Playas de Rosarito,Hombre,30 a 59,26,351000.0
006,02,2025,Baja California,San Quintín,Hombre,29 o menos,34,466500.0
006,02,2025,Baja California,San Quintín,Mujer,29 o menos,20,270000.0
006,02,2025,Baja California,San Quintín,Mujer,60 o más,3,48000.0
006,02,2025,Baja California,San Quintín,Hombre,60 o más,3,40500.0
006,02,2025,Baja California,San Quintín,Mujer,30 a 59,97,1377000.0
006,02,2025,Baja California,San Quintín,Hombre,30 a 59,88,1248000.0
001,04,2024,Campeche,Calkiní,Hombre,30 a 59,39,526500.0
001,04,2024,Campeche,Calkiní,Mujer,29 o menos,10,135000.0
001,04,2024,Campeche,Calkiní,Mujer,30 a 59,33,445500.0
001,04,2024,Campeche,Calkiní,Mujer,60 o más,5,67500.0
001,04,2024,Campeche,Calkiní,Hombre,29 o menos,8,108000.0
001,04,2024,Campeche,Calkiní,Hombre,60 o más,5,67500.0
004,04,2025,Campeche,Champotón,Hombre,30 a 59,2,27000.0
004,04,2025,Campeche,Champotón,Mujer,30 a 59,6,81000.0
004,04,2025,Campeche,Champotón,Mujer,60 o más,2,27000.0
010,04,2025,Campeche,Calakmul,Hombre,60 o más,19,256500.0
010,04,2025,Campeche,Calakmul,Mujer,29 o menos,16,216000.0
010,04,2025,Campeche,Calakmul,Hombre,30 a 59,40,540000.0
010,04,2025,Campeche,Calakmul,Hombre,29 o menos,15,202500.0
010,04,2025,Campeche,Calakmul,Mujer,60 o más,24,324000.0
010,04,2025,Campeche,Calakmul,Mujer,30 a 59,73,985500.0
011,04,2025,Campeche,Candelaria,Hombre,30 a 59,22,297000.0
011,04,2025,Campeche,Candelaria,Hombre,29 o menos,3,40500.0
011,04,2025,Campeche,Candelaria,Hombre,60 o más,7,94500.0
011,04,2025,Campeche,Candelaria,Mujer,60 o más,10,135000.0
011,04,2025,Campeche,Candelaria,Mujer,30 a 59,63,850500.0
011,04,2025,Campeche,Candelaria,Mujer,29 o menos,6,81000.0
002,05,2024,Coahuila de Zaragoza,Acuña,Hombre,30 a 59,1,13500.0
002,05,2024,Coahuila de Zaragoza,Acuña,Mujer,30 a 59,4,54000.0
002,05,2024,Coahuila de Zaragoza,Acuña,Hombre,60 o más,1,13500.0
003,05,2024,Coahuila de Zaragoza,Allende,Mujer,60 o más,1,13500.0
003,05,2024,Coahuila de Zaragoza,Allende,Mujer,30 a 59,1,13500.0
003,05,2024,Coahuila de Zaragoza,Allende,Hombre,60 o más,2,27000.0
014,05,2024,Coahuila de Zaragoza,Jiménez,Hombre,30 a 59,1,13500.0
014,05,2025,Coahuila de Zaragoza,Jiménez,Hombre,30 a 59,3,40500.0
014,05,2025,Coahuila de Zaragoza,Jiménez,Mujer,30 a 59,1,13500.0
014,05,2025,Coahuila de Zaragoza,Jiménez,Hombre,29 o menos,1,13500.0
017,05,2024,Coahuila de Zaragoza,Matamoros,Hombre,30 a 59,2,27000.0
017,05,2025,Coahuila de Zaragoza,Matamoros,Hombre,29 o menos,1,13500.0
017,05,2024,Coahuila de Zaragoza,Matamoros,Mujer,30 a 59,1,13500.0
017,05,2025,Coahuila de Zaragoza,Matamoros,Mujer,30 a 59,1,13500.0
017,05,2025,Coahuila de Zaragoza,Matamoros,Hombre,30 a 59,2,27000.0
018,05,2024,Coahuila de Zaragoza,Monclova,Hombre,30 a 59,2,27000.0
018,05,2024,Coahuila de Zaragoza,Monclova,Hombre,60 o más,1,13500.0
018,05,2024,Coahuila de Zaragoza,Monclova,Mujer,29 o menos,1,13500.0
018,05,2024,Coahuila de Zaragoza,Monclova,Mujer,30 a 59,6,81000.0
018,05,2024,Coahuila de Zaragoza,Monclova,Mujer,60 o más,3,40500.0
033,05,2025,Coahuila de Zaragoza,San Pedro,Mujer,60 o más,3,40500.0
033,05,2025,Coahuila de Zaragoza,San Pedro,Hombre,60 o más,3,40500.0
033,05,2025,Coahuila de Zaragoza,San Pedro,Mujer,30 a 59,14,189000.0
033,05,2025,Coahuila de Zaragoza,San Pedro,Mujer,29 o menos,5,67500.0
033,05,2025,Coahuila de Zaragoza,San Pedro,Hombre,29 o menos,2,27000.0
033,05,2025,Coahuila de Zaragoza,San Pedro,Hombre,30 a 59,10,135000.0
035,05,2024,Coahuila de Zaragoza,Torreón,Mujer,30 a 59,1,13500.0
009,06,2025,Colima,Tecomán,Hombre,30 a 59,1,13500.0
009,06,2025,Colima,Tecomán,Mujer,60 o más,1,13500.0
012,07,2025,Chiapas,Berriozábal,Mujer,60 o más,1,13500.0
012,07,2024,Chiapas,Berriozábal,Hombre,60 o más,1,13500.0
012,07,2024,Chiapas,Berriozábal,Hombre,30 a 59,1,13500.0
027,07,2024,Chiapas,Chiapa de Corzo,Hombre,29 o menos,2,27000.0
027,07,2025,Chiapas,Chiapa de Corzo,Mujer,29 o menos,8,108000.0
027,07,2024,Chiapas,Chiapa de Corzo,Mujer,29 o menos,1,13500.0
027,07,2025,Chiapas,Chiapa de Corzo,Hombre,29 o menos,7,94500.0
027,07,2025,Chiapas,Chiapa de Corzo,Mujer,30 a 59,37,499500.0
027,07,2024,Chiapas,Chiapa de Corzo,Mujer,60 o más,1,13500.0
027,07,2024,Chiapas,Chiapa de Corzo,Hombre,30 a 59,3,40500.0
027,07,2025,Chiapas,Chiapa de Corzo,Hombre,30 a 59,32,432000.0
027,07,2025,Chiapas,Chiapa de Corzo,Hombre,60 o más,14,189000.0
027,07,2024,Chiapas,Chiapa de Corzo,Mujer,30 a 59,3,40500.0
027,07,2025,Chiapas,Chiapa de Corzo,Mujer,60 o más,5,67500.0
123,07,2024,Chiapas,Emiliano Zapata,Hombre,30 a 59,1,13500.0
123,07,2024,Chiapas,Emiliano Zapata,Mujer,60 o más,1,13500.0
123,07,2024,Chiapas,Emiliano Zapata,Mujer,30 a 59,2,27000.0
019,08,2025,Chihuahua,Chihuahua,Mujer,30 a 59,7,94500.0
019,08,2024,Chihuahua,Chihuahua,Mujer,30 a 59,3,40500.0
019,08,2025,Chihuahua,Chihuahua,Mujer,60 o más,2,27000.0
019,08,2024,Chihuahua,Chihuahua,Mujer,60 o más,1,13500.0
019,08,2025,Chihuahua,Chihuahua,Hombre,30 a 59,4,54000.0
019,08,2024,Chihuahua,Chihuahua,Hombre,30 a 59,1,13500.0
019,08,2025,Chihuahua,Chihuahua,Hombre,60 o más,2,27000.0
036,08,2025,Chihuahua,Jiménez,Mujer,29 o menos,2,27000.0
036,08,2025,Chihuahua,Jiménez,Hombre,30 a 59,3,40500.0
036,08,2025,Chihuahua,Jiménez,Hombre,29 o menos,2,27000.0
036,08,2025,Chihuahua,Jiménez,Mujer,30 a 59,4,54000.0
036,08,2025,Chihuahua,Jiménez,Hombre,60 o más,1,13500.0
017,11,2024,Guanajuato,Irapuato,Hombre,30 a 59,18,243000.0
017,11,2024,Guanajuato,Irapuato,Mujer,30 a 59,37,499500.0
017,11,2024,Guanajuato,Irapuato,Mujer,29 o menos,6,81000.0
017,11,2024,Guanajuato,Irapuato,Hombre,29 o menos,2,27000.0
017,11,2024,Guanajuato,Irapuato,Mujer,60 o más,10,135000.0
017,11,2024,Guanajuato,Irapuato,Hombre,60 o más,5,67500.0
030,11,2024,Guanajuato,San Felipe,Mujer,30 a 59,7,94500.0
030,11,2024,Guanajuato,San Felipe,Mujer,29 o menos,2,27000.0
007,12,2025,Guerrero,Arcelia,Mujer,60 o más,3,40500.0
007,12,2025,Guerrero,Arcelia,Mujer,30 a 59,6,81000.0
007,12,2025,Guerrero,Arcelia,Hombre,60 o más,4,54000.0
007,12,2025,Guerrero,Arcelia,Hombre,30 a 59,9,121500.0
007,12,2025,Guerrero,Arcelia,Mujer,29 o menos,2,27000.0
014,12,2025,Guerrero,Benito Juárez,Mujer,60 o más,8,108000.0
014,12,2025,Guerrero,Benito Juárez,Mujer,29 o menos,4,54000.0
014,12,2024,Guerrero,Benito Juárez,Hombre,60 o más,1,13500.0
014,12,2025,Guerrero,Benito Juárez,Hombre,30 a 59,5,67500.0
014,12,2025,Guerrero,Benito Juárez,Mujer,30 a 59,6,81000.0
014,12,2024,Guerrero,Benito Juárez,Mujer,60 o más,1,13500.0
014,12,2025,Guerrero,Benito Juárez,Hombre,29 o menos,1,13500.0
014,12,2025,Guerrero,Benito Juárez,Hombre,60 o más,6,81000.0
021,12,2024,Guerrero,Coyuca de Benítez,Mujer,29 o menos,1,13500.0
021,12,2024,Guerrero,Coyuca de Benítez,Hombre,30 a 59,3,40500.0
021,12,2024,Guerrero,Coyuca de Benítez,Hombre,60 o más,3,40500.0
021,12,2024,Guerrero,Coyuca de Benítez,Mujer,60 o más,1,13500.0
021,12,2024,Guerrero,Coyuca de Benítez,Mujer,30 a 59,11,148500.0
022,12,2024,Guerrero,Coyuca de Catalán,Hombre,30 a 59,2,27000.0
022,12,2025,Guerrero,Coyuca de Catalán,Mujer,60 o más,1,13500.0
034,12,2024,Guerrero,Huitzuco de los Figueroa,Hombre,60 o más,3,40500.0
034,12,2024,Guerrero,Huitzuco de los Figueroa,Mujer,30 a 59,3,40500.0
034,12,2024,Guerrero,Huitzuco de los Figueroa,Hombre,30 a 59,3,40500.0
034,12,2024,Guerrero,Huitzuco de los Figueroa,Mujer,60 o más,2,27000.0
035,12,2024,Guerrero,Iguala de la Independencia,Hombre,29 o menos,2,27000.0
035,12,2024,Guerrero,Iguala de la Independencia,Mujer,60 o más,4,54000.0
035,12,2025,Guerrero,Iguala de la Independencia,Hombre,29 o menos,1,13500.0
035,12,2024,Guerrero,Iguala de la Independencia,Hombre,30 a 59,3,40500.0
035,12,2025,Guerrero,Iguala de la Independencia,Mujer,30 a 59,5,67500.0
035,12,2024,Guerrero,Iguala de la Independencia,Mujer,30 a 59,10,135000.0
035,12,2025,Guerrero,Iguala de la Independencia,Hombre,30 a 59,3,40500.0
035,12,2024,Guerrero,Iguala de la Independencia,Mujer,29 o menos,1,13500.0
035,12,2025,Guerrero,Iguala de la Independencia,Mujer,60 o más,1,13500.0
050,12,2024,Guerrero,Pungarabato,Hombre,29 o menos,1,13500.0
050,12,2025,Guerrero,Pungarabato,Hombre,30 a 59,4,54000.0
050,12,2024,Guerrero,Pungarabato,Hombre,30 a 59,9,121500.0
050,12,2024,Guerrero,Pungarabato,Mujer,29 o menos,1,13500.0
050,12,2025,Guerrero,Pungarabato,Mujer,60 o más,5,67500.0
050,12,2024,Guerrero,Pungarabato,Hombre,60 o más,5,67500.0
050,12,2024,Guerrero,Pungarabato,Mujer,30 a 59,5,67500.0
050,12,2025,Guerrero,Pungarabato,Hombre,60 o más,1,13500.0
050,12,2025,Guerrero,Pungarabato,Mujer,29 o menos,1,13500.0
050,12,2025,Guerrero,Pungarabato,Mujer,30 a 59,6,81000.0
050,12,2025,Guerrero,Pungarabato,Hombre,29 o menos,1,13500.0
050,12,2024,Guerrero,Pungarabato,Mujer,60 o más,4,54000.0
074,12,2025,Guerrero,Zitlala,Hombre,29 o menos,2,27000.0
074,12,2025,Guerrero,Zitlala,Hombre,30 a 59,19,256500.0
074,12,2025,Guerrero,Zitlala,Mujer,29 o menos,7,94500.0
074,12,2025,Guerrero,Zitlala,Mujer,30 a 59,30,405000.0
074,12,2025,Guerrero,Zitlala,Hombre,60 o más,6,81000.0
074,12,2025,Guerrero,Zitlala,Mujer,60 o más,3,40500.0
075,12,2024,Guerrero,Eduardo Neri,Mujer,29 o menos,2,27000.0
075,12,2025,Guerrero,Eduardo Neri,Hombre,30 a 59,13,175500.0
075,12,2025,Guerrero,Eduardo Neri,Mujer,60 o más,5,67500.0
075,12,2024,Guerrero,Eduardo Neri,Hombre,30 a 59,7,94500.0
075,12,2025,Guerrero,Eduardo Neri,Hombre,60 o más,5,67500.0
075,12,2024,Guerrero,Eduardo Neri,Mujer,60 o más,5,67500.0
075,12,2024,Guerrero,Eduardo Neri,Mujer,30 a 59,14,189000.0
075,12,2025,Guerrero,Eduardo Neri,Mujer,30 a 59,26,351000.0
075,12,2025,Guerrero,Eduardo Neri,Hombre,29 o menos,4,54000.0
075,12,2025,Guerrero,Eduardo Neri,Mujer,29 o menos,4,54000.0
075,12,2024,Guerrero,Eduardo Neri,Hombre,60 o más,3,40500.0
028,13,2024,Hidalgo,Huejutla de Reyes,Mujer,30 a 59,8,108000.0
028,13,2024,Hidalgo,Huejutla de Reyes,Mujer,60 o más,1,13500.0
028,13,2024,Hidalgo,Huejutla de Reyes,Hombre,30 a 59,1,13500.0
028,13,2024,Hidalgo,Huejutla de Reyes,Mujer,29 o menos,1,13500.0
048,13,2025,Hidalgo,Pachuca de Soto,Mujer,60 o más,3,40500.0
048,13,2025,Hidalgo,Pachuca de Soto,Mujer,30 a 59,23,310500.0
048,13,2025,Hidalgo,Pachuca de Soto,Hombre,60 o más,5,67500.0
048,13,2025,Hidalgo,Pachuca de Soto,Hombre,29 o menos,2,27000.0
048,13,2025,Hidalgo,Pachuca de Soto,Hombre,30 a 59,15,202500.0
048,13,2025,Hidalgo,Pachuca de Soto,Mujer,29 o menos,7,94500.0
070,14,2024,Jalisco,El Salto,Hombre,30 a 59,12,162000.0
070,14,2025,Jalisco,El Salto,Hombre,30 a 59,7,94500.0
070,14,2025,Jalisco,El Salto,Mujer,30 a 59,3,40500.0
070,14,2024,Jalisco,El Salto,Mujer,60 o más,8,108000.0
070,14,2024,Jalisco,El Salto,Hombre,60 o más,9,121500.0
070,14,2024,Jalisco,El Salto,Mujer,30 a 59,13,175500.0
070,14,2025,Jalisco,El Salto,Hombre,29 o menos,1,13500.0
070,14,2025,Jalisco,El Salto,Mujer,60 o más,1,13500.0
070,14,2025,Jalisco,El Salto,Hombre,60 o más,1,13500.0
070,14,2024,Jalisco,El Salto,Mujer,29 o menos,1,13500.0
098,14,2025,Jalisco,San Pedro Tlaquepaque,Hombre,30 a 59,1,13500.0
098,14,2025,Jalisco,San Pedro Tlaquepaque,Mujer,30 a 59,1,13500.0
098,14,2025,Jalisco,San Pedro Tlaquepaque,Hombre,60 o más,1,13500.0
120,14,2024,Jalisco,Zapopan,Mujer,60 o más,3,40500.0
120,14,2024,Jalisco,Zapopan,Hombre,60 o más,5,67500.0
120,14,2025,Jalisco,Zapopan,Mujer,30 a 59,1,13500.0
120,14,2025,Jalisco,Zapopan,Hombre,60 o más,1,13500.0
120,14,2024,Jalisco,Zapopan,Hombre,30 a 59,11,148500.0
120,14,2024,Jalisco,Zapopan,Mujer,30 a 59,22,297000.0
120,14,2025,Jalisco,Zapopan,Hombre,30 a 59,3,40500.0
120,14,2024,Jalisco,Zapopan,Mujer,29 o menos,4,54000.0
013,15,2025,México,Atizapán de Zaragoza,Mujer,29 o menos,2,27000.0
013,15,2025,México,Atizapán de Zaragoza,Mujer,60 o más,113,1525500.0
013,15,2025,México,Atizapán de Zaragoza,Hombre,30 a 59,129,1741500.0
013,15,2025,México,Atizapán de Zaragoza,Hombre,29 o menos,5,67500.0
013,15,2025,México,Atizapán de Zaragoza,Hombre,60 o más,145,1957500.0
013,15,2025,México,Atizapán de Zaragoza,Mujer,30 a 59,121,1633500.0
025,15,2024,México,Chalco,Hombre,30 a 59,4,54000.0
025,15,2024,México,Chalco,Mujer,29 o menos,1,13500.0
025,15,2025,México,Chalco,Hombre,60 o más,2,27000.0
025,15,2024,México,Chalco,Mujer,60 o más,6,81000.0
025,15,2025,México,Chalco,Mujer,60 o más,3,40500.0
025,15,2025,México,Chalco,Mujer,30 a 59,4,54000.0
025,15,2024,México,Chalco,Mujer,30 a 59,9,121500.0
025,15,2024,México,Chalco,Hombre,60 o más,2,27000.0
025,15,2025,México,Chalco,Hombre,30 a 59,6,81000.0
057,15,2025,México,Naucalpan de Juárez,Mujer,60 o más,9,121500.0
057,15,2025,México,Naucalpan de Juárez,Hombre,60 o más,15,202500.0
057,15,2025,México,Naucalpan de Juárez,Mujer,30 a 59,6,81000.0
057,15,2025,México,Naucalpan de Juárez,Hombre,30 a 59,2,27000.0
084,15,2025,México,Temascalapa,Hombre,60 o más,12,162000.0
084,15,2025,México,Temascalapa,Mujer,30 a 59,26,351000.0
084,15,2025,México,Temascalapa,Mujer,29 o menos,1,13500.0
084,15,2025,México,Temascalapa,Hombre,29 o menos,1,13500.0
084,15,2025,México,Temascalapa,Hombre,30 a 59,26,351000.0
084,15,2025,México,Temascalapa,Mujer,60 o más,8,108000.0
106,15,2025,México,Toluca,Mujer,60 o más,2,27000.0
106,15,2025,México,Toluca,Mujer,30 a 59,2,27000.0
106,15,2025,México,Toluca,Hombre,30 a 59,4,54000.0
106,15,2025,México,Toluca,Hombre,60 o más,3,40500.0
109,15,2024,México,Tultitlán,Mujer,30 a 59,7,94500.0
109,15,2025,México,Tultitlán,Mujer,60 o más,2,27000.0
109,15,2024,México,Tultitlán,Hombre,60 o más,3,40500.0
109,15,2025,México,Tultitlán,Mujer,30 a 59,2,27000.0
109,15,2024,México,Tultitlán,Mujer,29 o menos,1,13500.0
109,15,2025,México,Tultitlán,Hombre,29 o menos,1,13500.0
109,15,2024,México,Tultitlán,Hombre,30 a 59,6,81000.0
109,15,2025,México,Tultitlán,Hombre,60 o más,6,81000.0
109,15,2025,México,Tultitlán,Hombre,30 a 59,6,81000.0
109,15,2024,México,Tultitlán,Hombre,29 o menos,1,13500.0
109,15,2024,México,Tultitlán,Mujer,60 o más,4,54000.0
118,15,2025,México,Zinacantepec,Hombre,60 o más,1,13500.0
118,15,2025,México,Zinacantepec,Hombre,30 a 59,2,27000.0
122,15,2025,México,Valle de Chalco Solidaridad,Mujer,60 o más,2,27000.0
122,15,2025,México,Valle de Chalco Solidaridad,Mujer,30 a 59,2,27000.0
122,15,2025,México,Valle de Chalco Solidaridad,Hombre,30 a 59,1,13500.0
006,16,2025,Michoacán de Ocampo,Apatzingán,Hombre,60 o más,2,27000.0
006,16,2024,Michoacán de Ocampo,Apatzingán,Hombre,30 a 59,9,121500.0
006,16,2024,Michoacán de Ocampo,Apatzingán,Hombre,60 o más,3,40500.0
006,16,2024,Michoacán de Ocampo,Apatzingán,Mujer,30 a 59,12,162000.0
006,16,2024,Michoacán de Ocampo,Apatzingán,Mujer,29 o menos,3,40500.0
006,16,2025,Michoacán de Ocampo,Apatzingán,Hombre,30 a 59,2,27000.0
006,16,2024,Michoacán de Ocampo,Apatzingán,Hombre,29 o menos,1,13500.0
006,16,2024,Michoacán de Ocampo,Apatzingán,Mujer,60 o más,6,81000.0
006,16,2025,Michoacán de Ocampo,Apatzingán,Mujer,29 o menos,1,13500.0
006,16,2025,Michoacán de Ocampo,Apatzingán,Mujer,30 a 59,5,58184.0
006,16,2025,Michoacán de Ocampo,Apatzingán,Hombre,29 o menos,1,13500.0
011,16,2024,Michoacán de Ocampo,Briseñas,Mujer,60 o más,6,81000.0
011,16,2024,Michoacán de Ocampo,Briseñas,Hombre,30 a 59,15,202500.0
011,16,2024,Michoacán de Ocampo,Briseñas,Hombre,29 o menos,3,40500.0
011,16,2024,Michoacán de Ocampo,Briseñas,Mujer,30 a 59,7,94500.0
011,16,2025,Michoacán de Ocampo,Briseñas,Hombre,30 a 59,1,13500.0
011,16,2025,Michoacán de Ocampo,Briseñas,Mujer,30 a 59,1,13500.0
011,16,2024,Michoacán de Ocampo,Briseñas,Hombre,60 o más,5,67500.0
011,16,2025,Michoacán de Ocampo,Briseñas,Mujer,60 o más,1,13500.0
014,16,2025,Michoacán de Ocampo,Coahuayana,Hombre,60 o más,1,13500.0
014,16,2024,Michoacán de Ocampo,Coahuayana,Mujer,60 o más,4,54000.0
014,16,2025,Michoacán de Ocampo,Coahuayana,Mujer,30 a 59,3,40500.0
014,16,2025,Michoacán de Ocampo,Coahuayana,Hombre,29 o menos,3,40500.0
014,16,2024,Michoacán de Ocampo,Coahuayana,Hombre,30 a 59,2,27000.0
014,16,2025,Michoacán de Ocampo,Coahuayana,Hombre,30 a 59,9,121500.0
014,16,2024,Michoacán de Ocampo,Coahuayana,Mujer,29 o menos,1,13500.0
014,16,2024,Michoacán de Ocampo,Coahuayana,Mujer,30 a 59,6,81000.0
014,16,2025,Michoacán de Ocampo,Coahuayana,Mujer,60 o más,1,13500.0
033,16,2025,Michoacán de Ocampo,Gabriel Zamora,Mujer,30 a 59,8,108000.0
033,16,2025,Michoacán de Ocampo,Gabriel Zamora,Hombre,30 a 59,2,27000.0
033,16,2025,Michoacán de Ocampo,Gabriel Zamora,Mujer,60 o más,1,13500.0
033,16,2024,Michoacán de Ocampo,Gabriel Zamora,Hombre,30 a 59,7,94500.0
033,16,2024,Michoacán de Ocampo,Gabriel Zamora,Mujer,30 a 59,4,54000.0
033,16,2024,Michoacán de Ocampo,Gabriel Zamora,Hombre,29 o menos,1,13500.0
033,16,2025,Michoacán de Ocampo,Gabriel Zamora,Mujer,29 o menos,3,40500.0
033,16,2025,Michoacán de Ocampo,Gabriel Zamora,Hombre,29 o menos,1,13500.0
052,16,2025,Michoacán de Ocampo,Lázaro Cárdenas,Mujer,60 o más,1,13500.0
052,16,2024,Michoacán de Ocampo,Lázaro Cárdenas,Hombre,30 a 59,3,40500.0
052,16,2025,Michoacán de Ocampo,Lázaro Cárdenas,Mujer,30 a 59,5,67500.0
052,16,2025,Michoacán de Ocampo,Lázaro Cárdenas,Hombre,29 o menos,1,13500.0
052,16,2024,Michoacán de Ocampo,Lázaro Cárdenas,Mujer,30 a 59,3,40500.0
052,16,2025,Michoacán de Ocampo,Lázaro Cárdenas,Hombre,30 a 59,1,13500.0
052,16,2024,Michoacán de Ocampo,Lázaro Cárdenas,Mujer,60 o más,2,27000.0
052,16,2025,Michoacán de Ocampo,Lázaro Cárdenas,Mujer,29 o menos,1,13500.0
052,16,2024,Michoacán de Ocampo,Lázaro Cárdenas,Mujer,29 o menos,1,13500.0
052,16,2024,Michoacán de Ocampo,Lázaro Cárdenas,Hombre,60 o más,1,13500.0
052,16,2024,Michoacán de Ocampo,Lázaro Cárdenas,Hombre,29 o menos,1,13500.0
053,16,2025,Michoacán de Ocampo,Morelia,Hombre,60 o más,23,310500.0
053,16,2024,Michoacán de Ocampo,Morelia,Hombre,60 o más,4,54000.0
053,16,2025,Michoacán de Ocampo,Morelia,Mujer,29 o menos,28,378000.0
053,16,2024,Michoacán de Ocampo,Morelia,Mujer,30 a 59,41,553500.0
053,16,2024,Michoacán de Ocampo,Morelia,Mujer,60 o más,3,40500.0
053,16,2024,Michoacán de Ocampo,Morelia,Hombre,30 a 59,14,189000.0
053,16,2025,Michoacán de Ocampo,Morelia,Mujer,30 a 59,117,1579500.0
053,16,2025,Michoacán de Ocampo,Morelia,Mujer,60 o más,23,310500.0
053,16,2025,Michoacán de Ocampo,Morelia,Hombre,29 o menos,28,378000.0
053,16,2024,Michoacán de Ocampo,Morelia,Hombre,29 o menos,1,13500.0
053,16,2024,Michoacán de Ocampo,Morelia,Mujer,29 o menos,9,121500.0
053,16,2025,Michoacán de Ocampo,Morelia,Hombre,30 a 59,57,769500.0
055,16,2025,Michoacán de Ocampo,Múgica,Hombre,60 o más,5,67500.0
055,16,2025,Michoacán de Ocampo,Múgica,Mujer,30 a 59,17,229000.0
055,16,2025,Michoacán de Ocampo,Múgica,Hombre,30 a 59,14,189000.0
055,16,2024,Michoacán de Ocampo,Múgica,Mujer,60 o más,10,131322.0
055,16,2024,Michoacán de Ocampo,Múgica,Hombre,30 a 59,11,148500.0
055,16,2024,Michoacán de Ocampo,Múgica,Mujer,29 o menos,4,54000.0
055,16,2024,Michoacán de Ocampo,Múgica,Mujer,30 a 59,23,310500.0
055,16,2025,Michoacán de Ocampo,Múgica,Mujer,60 o más,6,80500.0
055,16,2025,Michoacán de Ocampo,Múgica,Mujer,29 o menos,1,13500.0
055,16,2024,Michoacán de Ocampo,Múgica,Hombre,29 o menos,2,27000.0
055,16,2025,Michoacán de Ocampo,Múgica,Hombre,29 o menos,1,13500.0
062,16,2025,Michoacán de Ocampo,Pajacuarán,Mujer,60 o más,1,13500.0
062,16,2025,Michoacán de Ocampo,Pajacuarán,Hombre,30 a 59,1,13500.0
066,16,2024,Michoacán de Ocampo,Pátzcuaro,Mujer,30 a 59,1,13500.0
066,16,2024,Michoacán de Ocampo,Pátzcuaro,Hombre,30 a 59,1,13500.0
076,16,2025,Michoacán de Ocampo,Sahuayo,Mujer,30 a 59,5,67500.0
076,16,2024,Michoacán de Ocampo,Sahuayo,Mujer,60 o más,2,27000.0
076,16,2025,Michoacán de Ocampo,Sahuayo,Hombre,29 o menos,1,13500.0
076,16,2025,Michoacán de Ocampo,Sahuayo,Hombre,30 a 59,2,27000.0
076,16,2024,Michoacán de Ocampo,Sahuayo,Hombre,30 a 59,7,94500.0
076,16,2024,Michoacán de Ocampo,Sahuayo,Hombre,60 o más,1,13500.0
076,16,2024,Michoacán de Ocampo,Sahuayo,Mujer,30 a 59,5,67500.0
076,16,2025,Michoacán de Ocampo,Sahuayo,Mujer,60 o más,3,40500.0
076,16,2025,Michoacán de Ocampo,Sahuayo,Hombre,60 o más,2,27000.0
102,16,2024,Michoacán de Ocampo,Uruapan,Hombre,29 o menos,2,27000.0
102,16,2024,Michoacán de Ocampo,Uruapan,Mujer,60 o más,1,13500.0
102,16,2024,Michoacán de Ocampo,Uruapan,Hombre,60 o más,1,13500.0
102,16,2024,Michoacán de Ocampo,Uruapan,Mujer,30 a 59,1,13500.0
102,16,2024,Michoacán de Ocampo,Uruapan,Hombre,30 a 59,3,33140.0
105,16,2024,Michoacán de Ocampo,Vista Hermosa,Mujer,60 o más,6,81000.0
105,16,2025,Michoacán de Ocampo,Vista Hermosa,Hombre,60 o más,2,27000.0
105,16,2025,Michoacán de Ocampo,Vista Hermosa,Hombre,30 a 59,6,81000.0
105,16,2024,Michoacán de Ocampo,Vista Hermosa,Mujer,30 a 59,9,121500.0
105,16,2024,Michoacán de Ocampo,Vista Hermosa,Hombre,30 a 59,9,121500.0
105,16,2025,Michoacán de Ocampo,Vista Hermosa,Mujer,30 a 59,4,54000.0
105,16,2025,Michoacán de Ocampo,Vista Hermosa,Mujer,60 o más,1,13500.0
105,16,2024,Michoacán de Ocampo,Vista Hermosa,Hombre,60 o más,6,81000.0
105,16,2025,Michoacán de Ocampo,Vista Hermosa,Mujer,29 o menos,1,13500.0
105,16,2024,Michoacán de Ocampo,Vista Hermosa,Mujer,29 o menos,2,27000.0
108,16,2025,Michoacán de Ocampo,Zamora,Hombre,30 a 59,3,40500.0
108,16,2025,Michoacán de Ocampo,Zamora,Mujer,60 o más,1,13500.0
108,16,2025,Michoacán de Ocampo,Zamora,Hombre,60 o más,1,13500.0
108,16,2025,Michoacán de Ocampo,Zamora,Mujer,30 a 59,4,54000.0
006,17,2025,Morelos,Cuautla,Hombre,30 a 59,1,13500.0
006,17,2025,Morelos,Cuautla,Mujer,60 o más,1,13500.0
006,17,2025,Morelos,Cuautla,Mujer,30 a 59,4,54000.0
006,17,2025,Morelos,Cuautla,Hombre,60 o más,3,40500.0
011,17,2025,Morelos,Jiutepec,Mujer,60 o más,5,67500.0
011,17,2024,Morelos,Jiutepec,Hombre,30 a 59,4,54000.0
011,17,2024,Morelos,Jiutepec,Hombre,60 o más,8,108000.0
011,17,2024,Morelos,Jiutepec,Mujer,29 o menos,1,13500.0
011,17,2025,Morelos,Jiutepec,Hombre,30 a 59,1,13500.0
011,17,2024,Morelos,Jiutepec,Mujer,30 a 59,12,162000.0
011,17,2025,Morelos,Jiutepec,Mujer,30 a 59,8,108000.0
011,17,2024,Morelos,Jiutepec,Mujer,60 o más,7,94500.0
014,17,2024,Morelos,Mazatepec,Mujer,30 a 59,1,13500.0
014,17,2024,Morelos,Mazatepec,Hombre,30 a 59,2,27000.0
018,17,2025,Morelos,Temixco,Hombre,60 o más,2,27000.0
018,17,2025,Morelos,Temixco,Hombre,30 a 59,2,27000.0
018,17,2025,Morelos,Temixco,Mujer,60 o más,6,81000.0
018,17,2025,Morelos,Temixco,Mujer,30 a 59,8,108000.0
019,17,2024,Morelos,Tepalcingo,Mujer,30 a 59,1,13500.0
024,17,2024,Morelos,Tlaltizapán de Zapata,Hombre,29 o menos,1,13500.0
024,17,2024,Morelos,Tlaltizapán de Zapata,Mujer,29 o menos,2,27000.0
024,17,2024,Morelos,Tlaltizapán de Zapata,Hombre,60 o más,1,13500.0
024,17,2024,Morelos,Tlaltizapán de Zapata,Mujer,30 a 59,4,54000.0
024,17,2024,Morelos,Tlaltizapán de Zapata,Hombre,30 a 59,2,27000.0
024,17,2024,Morelos,Tlaltizapán de Zapata,Mujer,60 o más,4,54000.0
028,17,2025,Morelos,Xochitepec,Mujer,60 o más,3,40500.0
028,17,2025,Morelos,Xochitepec,Mujer,30 a 59,2,27000.0
030,17,2024,Morelos,Yecapixtla,Mujer,30 a 59,1,13500.0
030,17,2025,Morelos,Yecapixtla,Mujer,60 o más,1,13500.0
030,17,2024,Morelos,Yecapixtla,Mujer,60 o más,1,13500.0
030,17,2025,Morelos,Yecapixtla,Hombre,30 a 59,2,27000.0
030,17,2024,Morelos,Yecapixtla,Hombre,60 o más,2,27000.0
008,18,2024,Nayarit,Xalisco,Hombre,60 o más,1,13500.0
008,18,2024,Nayarit,Xalisco,Mujer,30 a 59,2,27000.0
008,18,2024,Nayarit,Xalisco,Hombre,30 a 59,2,27000.0
008,18,2024,Nayarit,Xalisco,Mujer,60 o más,2,27000.0
020,18,2025,Nayarit,Bahía de Banderas,Hombre,30 a 59,5,67500.0
020,18,2025,Nayarit,Bahía de Banderas,Hombre,29 o menos,3,40500.0
020,18,2024,Nayarit,Bahía de Banderas,Mujer,29 o menos,2,27000.0
020,18,2024,Nayarit,Bahía de Banderas,Mujer,30 a 59,11,148500.0
020,18,2025,Nayarit,Bahía de Banderas,Hombre,60 o más,2,27000.0
020,18,2025,Nayarit,Bahía de Banderas,Mujer,30 a 59,3,40500.0
020,18,2024,Nayarit,Bahía de Banderas,Hombre,30 a 59,6,81000.0
020,18,2025,Nayarit,Bahía de Banderas,Mujer,60 o más,1,13500.0
020,18,2024,Nayarit,Bahía de Banderas,Mujer,60 o más,2,27000.0
012,19,2025,Nuevo León,Ciénega de Flores,Hombre,30 a 59,3,40500.0
012,19,2024,Nuevo León,Ciénega de Flores,Mujer,60 o más,2,27000.0
012,19,2024,Nuevo León,Ciénega de Flores,Mujer,30 a 59,3,40500.0
012,19,2024,Nuevo León,Ciénega de Flores,Hombre,60 o más,1,13500.0
012,19,2024,Nuevo León,Ciénega de Flores,Hombre,29 o menos,1,13500.0
012,19,2025,Nuevo León,Ciénega de Flores,Mujer,30 a 59,1,13500.0
012,19,2024,Nuevo León,Ciénega de Flores,Hombre,30 a 59,2,27000.0
012,19,2024,Nuevo León,Ciénega de Flores,Mujer,29 o menos,1,13500.0
041,19,2024,Nuevo León,Pesquería,Mujer,30 a 59,5,67500.0
041,19,2024,Nuevo León,Pesquería,Mujer,29 o menos,1,13500.0
041,19,2024,Nuevo León,Pesquería,Mujer,60 o más,1,13500.0
041,19,2024,Nuevo León,Pesquería,Hombre,30 a 59,7,94500.0
079,20,2024,Oaxaca,Salina Cruz,Hombre,30 a 59,3,40500.0
079,20,2024,Oaxaca,Salina Cruz,Mujer,30 a 59,3,40500.0
413,20,2024,Oaxaca,Santa María Huatulco,Mujer,29 o menos,257,3469500.0
413,20,2024,Oaxaca,Santa María Huatulco,Mujer,30 a 59,728,9828000.0
413,20,2025,Oaxaca,Santa María Huatulco,Hombre,30 a 59,65,877500.0
413,20,2025,Oaxaca,Santa María Huatulco,Hombre,60 o más,14,189000.0
413,20,2025,Oaxaca,Santa María Huatulco,Hombre,29 o menos,32,432000.0
413,20,2024,Oaxaca,Santa María Huatulco,Mujer,60 o más,67,904500.0
413,20,2024,Oaxaca,Santa María Huatulco,Hombre,60 o más,72,972000.0
413,20,2024,Oaxaca,Santa María Huatulco,Hombre,29 o menos,144,1944000.0
413,20,2025,Oaxaca,Santa María Huatulco,Mujer,29 o menos,47,634500.0
413,20,2025,Oaxaca,Santa María Huatulco,Mujer,60 o más,12,162000.0
413,20,2025,Oaxaca,Santa María Huatulco,Mujer,30 a 59,75,1012500.0
413,20,2024,Oaxaca,Santa María Huatulco,Hombre,30 a 59,390,5265000.0
114,21,2024,Puebla,Puebla,Mujer,60 o más,40,540000.0
114,21,2025,Puebla,Puebla,Mujer,30 a 59,47,634500.0
114,21,2024,Puebla,Puebla,Mujer,29 o menos,13,175500.0
114,21,2024,Puebla,Puebla,Hombre,60 o más,50,675000.0
114,21,2025,Puebla,Puebla,Hombre,29 o menos,4,54000.0
114,21,2024,Puebla,Puebla,Mujer,30 a 59,108,1458000.0
114,21,2024,Puebla,Puebla,Hombre,29 o menos,8,108000.0
114,21,2025,Puebla,Puebla,Hombre,60 o más,10,135000.0
114,21,2025,Puebla,Puebla,Mujer,60 o más,20,270000.0
114,21,2024,Puebla,Puebla,Hombre,30 a 59,87,1174500.0
114,21,2025,Puebla,Puebla,Hombre,30 a 59,30,405000.0
114,21,2025,Puebla,Puebla,Mujer,29 o menos,7,94500.0
149,21,2025,Puebla,Santiago Miahuatlán,Mujer,60 o más,1,13500.0
149,21,2025,Puebla,Santiago Miahuatlán,Mujer,30 a 59,5,67500.0
149,21,2025,Puebla,Santiago Miahuatlán,Hombre,29 o menos,2,27000.0
149,21,2025,Puebla,Santiago Miahuatlán,Hombre,30 a 59,6,81000.0
014,22,2024,Querétaro,Querétaro,Mujer,60 o más,29,391500.0
014,22,2024,Querétaro,Querétaro,Hombre,30 a 59,117,1579500.0
014,22,2024,Querétaro,Querétaro,Hombre,29 o menos,6,81000.0
014,22,2024,Querétaro,Querétaro,Mujer,30 a 59,147,1984500.0
014,22,2024,Querétaro,Querétaro,Hombre,60 o más,14,189000.0
014,22,2024,Querétaro,Querétaro,Mujer,29 o menos,7,94500.0
003,23,2025,Quintana Roo,Isla Mujeres,Hombre,60 o más,2,27000.0
003,23,2025,Quintana Roo,Isla Mujeres,Mujer,60 o más,2,27000.0
003,23,2025,Quintana Roo,Isla Mujeres,Hombre,30 a 59,28,378000.0
003,23,2025,Quintana Roo,Isla Mujeres,Mujer,30 a 59,18,243000.0
005,23,2024,Quintana Roo,Benito Juárez,Mujer,60 o más,9,121500.0
005,23,2024,Quintana Roo,Benito Juárez,Hombre,30 a 59,30,405000.0
005,23,2024,Quintana Roo,Benito Juárez,Mujer,29 o menos,3,40500.0
005,23,2024,Quintana Roo,Benito Juárez,Mujer,30 a 59,48,648000.0
005,23,2024,Quintana Roo,Benito Juárez,Hombre,29 o menos,6,81000.0
005,23,2024,Quintana Roo,Benito Juárez,Hombre,60 o más,6,81000.0
008,23,2024,Quintana Roo,Solidaridad,Mujer,30 a 59,177,2389500.0
008,23,2025,Quintana Roo,Solidaridad,Mujer,30 a 59,240,3240000.0
008,23,2025,Quintana Roo,Solidaridad,Mujer,60 o más,103,1390500.0
008,23,2024,Quintana Roo,Solidaridad,Hombre,29 o menos,6,81000.0
008,23,2025,Quintana Roo,Solidaridad,Hombre,60 o más,105,1417500.0
008,23,2024,Quintana Roo,Solidaridad,Hombre,30 a 59,123,1660500.0
008,23,2024,Quintana Roo,Solidaridad,Hombre,60 o más,53,715500.0
008,23,2025,Quintana Roo,Solidaridad,Hombre,29 o menos,5,67500.0
008,23,2024,Quintana Roo,Solidaridad,Mujer,29 o menos,6,81000.0
008,23,2024,Quintana Roo,Solidaridad,Mujer,60 o más,69,931500.0
008,23,2025,Quintana Roo,Solidaridad,Mujer,29 o menos,3,40500.0
008,23,2025,Quintana Roo,Solidaridad,Hombre,30 a 59,138,1863000.0
011,24,2024,San Luis Potosí,Ciudad Fernández,Hombre,30 a 59,20,270000.0
011,24,2024,San Luis Potosí,Ciudad Fernández,Mujer,29 o menos,3,40500.0
011,24,2024,San Luis Potosí,Ciudad Fernández,Mujer,30 a 59,24,324000.0
011,24,2024,San Luis Potosí,Ciudad Fernández,Mujer,60 o más,5,67500.0
011,24,2024,San Luis Potosí,Ciudad Fernández,Hombre,60 o más,6,81000.0
013,24,2025,San Luis Potosí,Ciudad Valles,Hombre,30 a 59,5,67500.0
013,24,2025,San Luis Potosí,Ciudad Valles,Mujer,30 a 59,7,94500.0
013,24,2025,San Luis Potosí,Ciudad Valles,Hombre,29 o menos,2,27000.0
013,24,2025,San Luis Potosí,Ciudad Valles,Hombre,60 o más,5,67500.0
013,24,2025,San Luis Potosí,Ciudad Valles,Mujer,60 o más,3,40500.0
013,24,2025,San Luis Potosí,Ciudad Valles,Mujer,29 o menos,2,27000.0
016,24,2025,San Luis Potosí,Ebano,Hombre,29 o menos,1,13500.0
016,24,2025,San Luis Potosí,Ebano,Hombre,30 a 59,1,13500.0
016,24,2025,San Luis Potosí,Ebano,Mujer,29 o menos,5,67500.0
016,24,2025,San Luis Potosí,Ebano,Mujer,30 a 59,5,67500.0
016,24,2025,San Luis Potosí,Ebano,Mujer,60 o más,1,13500.0
016,24,2025,San Luis Potosí,Ebano,Hombre,60 o más,1,13500.0
006,25,2025,Sinaloa,Culiacán,Hombre,60 o más,10,135000.0
006,25,2024,Sinaloa,Culiacán,Mujer,30 a 59,18,243000.0
006,25,2025,Sinaloa,Culiacán,Mujer,29 o menos,6,81000.0
006,25,2025,Sinaloa,Culiacán,Hombre,30 a 59,8,108000.0
006,25,2024,Sinaloa,Culiacán,Mujer,60 o más,1,13500.0
006,25,2024,Sinaloa,Culiacán,Hombre,60 o más,2,27000.0
006,25,2024,Sinaloa,Culiacán,Hombre,29 o menos,2,27000.0
006,25,2024,Sinaloa,Culiacán,Hombre,30 a 59,11,148500.0
006,25,2025,Sinaloa,Culiacán,Mujer,30 a 59,34,459000.0
006,25,2025,Sinaloa,Culiacán,Mujer,60 o más,6,81000.0
006,25,2025,Sinaloa,Culiacán,Hombre,29 o menos,4,54000.0
008,25,2024,Sinaloa,Elota,Mujer,29 o menos,8,108000.0
008,25,2025,Sinaloa,Elota,Hombre,30 a 59,10,135000.0
008,25,2025,Sinaloa,Elota,Mujer,30 a 59,16,216000.0
008,25,2024,Sinaloa,Elota,Hombre,30 a 59,62,837000.0
008,25,2024,Sinaloa,Elota,Mujer,30 a 59,91,1228500.0
008,25,2025,Sinaloa,Elota,Hombre,29 o menos,4,54000.0
008,25,2024,Sinaloa,Elota,Hombre,60 o más,17,229500.0
008,25,2025,Sinaloa,Elota,Mujer,60 o más,1,13500.0
008,25,2024,Sinaloa,Elota,Hombre,29 o menos,10,135000.0
008,25,2024,Sinaloa,Elota,Mujer,60 o más,22,297000.0
011,25,2025,Sinaloa,Guasave,Hombre,30 a 59,7,94500.0
011,25,2025,Sinaloa,Guasave,Mujer,29 o menos,1,13500.0
011,25,2025,Sinaloa,Guasave,Mujer,60 o más,5,67500.0
011,25,2025,Sinaloa,Guasave,Mujer,30 a 59,11,148500.0
011,25,2025,Sinaloa,Guasave,Hombre,60 o más,6,81000.0
012,25,2024,Sinaloa,Mazatlán,Mujer,30 a 59,9,121500.0
012,25,2025,Sinaloa,Mazatlán,Hombre,60 o más,10,135000.0
012,25,2024,Sinaloa,Mazatlán,Mujer,29 o menos,2,27000.0
012,25,2025,Sinaloa,Mazatlán,Mujer,29 o menos,6,81000.0
012,25,2025,Sinaloa,Mazatlán,Hombre,30 a 59,16,216000.0
012,25,2024,Sinaloa,Mazatlán,Hombre,30 a 59,3,40500.0
012,25,2024,Sinaloa,Mazatlán,Hombre,29 o menos,1,13500.0
012,25,2025,Sinaloa,Mazatlán,Hombre,29 o menos,7,94500.0
012,25,2024,Sinaloa,Mazatlán,Mujer,60 o más,2,27000.0
012,25,2025,Sinaloa,Mazatlán,Mujer,60 o más,9,121500.0
012,25,2024,Sinaloa,Mazatlán,Hombre,60 o más,3,40500.0
012,25,2025,Sinaloa,Mazatlán,Mujer,30 a 59,34,459000.0
013,25,2025,Sinaloa,Mocorito,Mujer,60 o más,3,40500.0
013,25,2025,Sinaloa,Mocorito,Mujer,30 a 59,20,270000.0
013,25,2025,Sinaloa,Mocorito,Hombre,29 o menos,3,40500.0
013,25,2025,Sinaloa,Mocorito,Hombre,30 a 59,10,135000.0
013,25,2025,Sinaloa,Mocorito,Mujer,29 o menos,2,27000.0
002,26,2025,Sonora,Agua Prieta,Mujer,30 a 59,50,675000.0
002,26,2025,Sonora,Agua Prieta,Hombre,60 o más,10,135000.0
002,26,2024,Sonora,Agua Prieta,Hombre,29 o menos,16,216000.0
002,26,2025,Sonora,Agua Prieta,Mujer,60 o más,18,243000.0
002,26,2024,Sonora,Agua Prieta,Mujer,30 a 59,160,2160000.0
002,26,2024,Sonora,Agua Prieta,Hombre,60 o más,31,418500.0
002,26,2024,Sonora,Agua Prieta,Hombre,30 a 59,86,1161000.0
002,26,2025,Sonora,Agua Prieta,Hombre,30 a 59,14,189000.0
002,26,2024,Sonora,Agua Prieta,Mujer,60 o más,41,553500.0
002,26,2025,Sonora,Agua Prieta,Mujer,29 o menos,2,27000.0
002,26,2024,Sonora,Agua Prieta,Mujer,29 o menos,13,175500.0
017,26,2025,Sonora,Caborca,Mujer,29 o menos,6,81000.0
017,26,2025,Sonora,Caborca,Hombre,29 o menos,2,27000.0
017,26,2025,Sonora,Caborca,Mujer,60 o más,1,13500.0
017,26,2024,Sonora,Caborca,Mujer,29 o menos,2,27000.0
017,26,2024,Sonora,Caborca,Hombre,29 o menos,4,54000.0
017,26,2024,Sonora,Caborca,Mujer,60 o más,1,13500.0
017,26,2024,Sonora,Caborca,Hombre,30 a 59,4,54000.0
017,26,2025,Sonora,Caborca,Mujer,30 a 59,2,27000.0
017,26,2024,Sonora,Caborca,Mujer,30 a 59,10,135000.0
017,26,2024,Sonora,Caborca,Hombre,60 o más,1,13500.0
017,26,2025,Sonora,Caborca,Hombre,60 o más,2,27000.0
017,26,2025,Sonora,Caborca,Hombre,30 a 59,12,162000.0
019,26,2024,Sonora,Cananea,Mujer,60 o más,4,54000.0
019,26,2024,Sonora,Cananea,Hombre,29 o menos,2,27000.0
019,26,2024,Sonora,Cananea,Hombre,60 o más,5,67500.0
019,26,2024,Sonora,Cananea,Mujer,30 a 59,3,40500.0
025,26,2025,Sonora,Empalme,Hombre,29 o menos,2,27000.0
025,26,2025,Sonora,Empalme,Mujer,29 o menos,2,27000.0
025,26,2025,Sonora,Empalme,Mujer,60 o más,2,27000.0
025,26,2025,Sonora,Empalme,Hombre,60 o más,2,27000.0
025,26,2025,Sonora,Empalme,Mujer,30 a 59,14,189000.0
025,26,2025,Sonora,Empalme,Hombre,30 a 59,2,27000.0
027,26,2024,Sonora,Fronteras,Mujer,29 o menos,1,13500.0
027,26,2025,Sonora,Fronteras,Hombre,29 o menos,1,13500.0
027,26,2025,Sonora,Fronteras,Hombre,30 a 59,2,27000.0
027,26,2024,Sonora,Fronteras,Hombre,29 o menos,1,13500.0
027,26,2024,Sonora,Fronteras,Hombre,60 o más,1,13500.0
027,26,2024,Sonora,Fronteras,Mujer,60 o más,3,40500.0
027,26,2024,Sonora,Fronteras,Hombre,30 a 59,6,81000.0
027,26,2024,Sonora,Fronteras,Mujer,30 a 59,3,40500.0
027,26,2025,Sonora,Fronteras,Mujer,30 a 59,2,27000.0
030,26,2025,Sonora,Hermosillo,Mujer,60 o más,14,189000.0
030,26,2025,Sonora,Hermosillo,Hombre,30 a 59,68,918000.0
030,26,2025,Sonora,Hermosillo,Hombre,60 o más,18,243000.0
030,26,2025,Sonora,Hermosillo,Mujer,29 o menos,49,661500.0
030,26,2025,Sonora,Hermosillo,Hombre,29 o menos,35,472500.0
030,26,2025,Sonora,Hermosillo,Mujer,30 a 59,114,1539000.0
039,26,2025,Sonora,Naco,Hombre,30 a 59,2,27000.0
039,26,2024,Sonora,Naco,Mujer,29 o menos,1,13500.0
039,26,2025,Sonora,Naco,Mujer,30 a 59,1,13500.0
039,26,2025,Sonora,Naco,Hombre,29 o menos,1,13500.0
042,26,2025,Sonora,Navojoa,Mujer,30 a 59,5,67500.0
042,26,2025,Sonora,Navojoa,Hombre,60 o más,5,67500.0
042,26,2024,Sonora,Navojoa,Mujer,60 o más,8,108000.0
042,26,2025,Sonora,Navojoa,Hombre,30 a 59,5,67500.0
042,26,2024,Sonora,Navojoa,Hombre,60 o más,6,81000.0
042,26,2024,Sonora,Navojoa,Mujer,30 a 59,7,94500.0
042,26,2024,Sonora,Navojoa,Mujer,29 o menos,1,13500.0
042,26,2024,Sonora,Navojoa,Hombre,30 a 59,4,54000.0
058,26,2025,Sonora,Santa Ana,Hombre,60 o más,1,13500.0
058,26,2025,Sonora,Santa Ana,Mujer,30 a 59,1,13500.0
058,26,2025,Sonora,Santa Ana,Hombre,30 a 59,2,27000.0
070,26,2024,Sonora,General Plutarco Elías Calles,Mujer,30 a 59,3,40500.0
070,26,2025,Sonora,General Plutarco Elías Calles,Hombre,30 a 59,1,13500.0
070,26,2024,Sonora,General Plutarco Elías Calles,Hombre,30 a 59,1,13500.0
070,26,2025,Sonora,General Plutarco Elías Calles,Mujer,30 a 59,1,13500.0
001,27,2024,Tabasco,Balancán,Hombre,60 o más,5,67500.0
001,27,2024,Tabasco,Balancán,Hombre,30 a 59,4,54000.0
001,27,2024,Tabasco,Balancán,Hombre,29 o menos,1,13500.0
001,27,2024,Tabasco,Balancán,Mujer,30 a 59,6,81000.0
002,27,2024,Tabasco,Cárdenas,Hombre,60 o más,16,216000.0
002,27,2024,Tabasco,Cárdenas,Mujer,29 o menos,7,94500.0
002,27,2024,Tabasco,Cárdenas,Mujer,60 o más,14,189000.0
002,27,2024,Tabasco,Cárdenas,Mujer,30 a 59,31,418500.0
002,27,2024,Tabasco,Cárdenas,Hombre,29 o menos,5,67500.0
002,27,2024,Tabasco,Cárdenas,Hombre,30 a 59,13,175500.0
005,27,2024,Tabasco,Comalcalco,Mujer,29 o menos,1,13500.0
005,27,2024,Tabasco,Comalcalco,Mujer,30 a 59,1,13500.0
005,27,2024,Tabasco,Comalcalco,Hombre,30 a 59,1,13500.0
005,27,2024,Tabasco,Comalcalco,Hombre,60 o más,1,13500.0
017,27,2025,Tabasco,Tenosique,Mujer,29 o menos,2,27000.0
017,27,2025,Tabasco,Tenosique,Mujer,60 o más,7,94500.0
017,27,2025,Tabasco,Tenosique,Hombre,30 a 59,3,40500.0
017,27,2025,Tabasco,Tenosique,Mujer,30 a 59,23,310500.0
017,27,2025,Tabasco,Tenosique,Hombre,60 o más,6,81000.0
012,28,2024,Tamaulipas,González,Mujer,29 o menos,2,27000.0
012,28,2024,Tamaulipas,González,Hombre,60 o más,1,13500.0
012,28,2024,Tamaulipas,González,Hombre,30 a 59,4,54000.0
012,28,2024,Tamaulipas,González,Mujer,30 a 59,3,40500.0
012,28,2024,Tamaulipas,González,Mujer,60 o más,2,27000.0
013,28,2025,Tamaulipas,Güémez,Hombre,30 a 59,77,1039500.0
013,28,2025,Tamaulipas,Güémez,Mujer,29 o menos,16,216000.0
013,28,2025,Tamaulipas,Güémez,Mujer,30 a 59,70,945000.0
013,28,2025,Tamaulipas,Güémez,Hombre,60 o más,40,540000.0
013,28,2025,Tamaulipas,Güémez,Hombre,29 o menos,12,162000.0
013,28,2025,Tamaulipas,Güémez,Mujer,60 o más,27,364500.0
015,28,2024,Tamaulipas,Gustavo Díaz Ordaz,Mujer,29 o menos,1,13500.0
021,28,2024,Tamaulipas,El Mante,Mujer,30 a 59,2,27000.0
021,28,2025,Tamaulipas,El Mante,Hombre,30 a 59,1,13500.0
021,28,2025,Tamaulipas,El Mante,Hombre,29 o menos,1,13500.0
021,28,2025,Tamaulipas,El Mante,Mujer,60 o más,1,13500.0
021,28,2025,Tamaulipas,El Mante,Mujer,30 a 59,1,13500.0
021,28,2024,Tamaulipas,El Mante,Hombre,29 o menos,1,13500.0
021,28,2024,Tamaulipas,El Mante,Hombre,30 a 59,2,27000.0
022,28,2024,Tamaulipas,Matamoros,Hombre,30 a 59,19,256500.0
022,28,2024,Tamaulipas,Matamoros,Mujer,30 a 59,32,432000.0
022,28,2024,Tamaulipas,Matamoros,Hombre,29 o menos,5,67500.0
022,28,2024,Tamaulipas,Matamoros,Mujer,29 o menos,4,54000.0
022,28,2025,Tamaulipas,Matamoros,Hombre,29 o menos,1,13500.0
022,28,2025,Tamaulipas,Matamoros,Mujer,30 a 59,22,297000.0
022,28,2025,Tamaulipas,Matamoros,Mujer,29 o menos,2,27000.0
022,28,2024,Tamaulipas,Matamoros,Mujer,60 o más,6,81000.0
022,28,2024,Tamaulipas,Matamoros,Hombre,60 o más,5,67500.0
022,28,2025,Tamaulipas,Matamoros,Mujer,60 o más,7,94500.0
022,28,2025,Tamaulipas,Matamoros,Hombre,30 a 59,11,148500.0
022,28,2025,Tamaulipas,Matamoros,Hombre,60 o más,2,27000.0
027,28,2024,Tamaulipas,Nuevo Laredo,Mujer,29 o menos,3,40500.0
027,28,2025,Tamaulipas,Nuevo Laredo,Hombre,29 o menos,1,13500.0
027,28,2024,Tamaulipas,Nuevo Laredo,Hombre,60 o más,4,54000.0
027,28,2024,Tamaulipas,Nuevo Laredo,Hombre,30 a 59,14,189000.0
027,28,2025,Tamaulipas,Nuevo Laredo,Hombre,60 o más,40,540000.0
027,28,2025,Tamaulipas,Nuevo Laredo,Hombre,30 a 59,29,391500.0
027,28,2025,Tamaulipas,Nuevo Laredo,Mujer,60 o más,38,513000.0
027,28,2024,Tamaulipas,Nuevo Laredo,Mujer,30 a 59,18,243000.0
027,28,2025,Tamaulipas,Nuevo Laredo,Mujer,30 a 59,32,432000.0
027,28,2024,Tamaulipas,Nuevo Laredo,Mujer,60 o más,7,94500.0
027,28,2024,Tamaulipas,Nuevo Laredo,Hombre,29 o menos,4,54000.0
032,28,2025,Tamaulipas,Reynosa,Mujer,60 o más,13,175500.0
032,28,2024,Tamaulipas,Reynosa,Hombre,60 o más,1,13500.0
032,28,2025,Tamaulipas,Reynosa,Mujer,30 a 59,25,337500.0
032,28,2025,Tamaulipas,Reynosa,Mujer,29 o menos,1,13500.0
032,28,2025,Tamaulipas,Reynosa,Hombre,30 a 59,16,216000.0
032,28,2025,Tamaulipas,Reynosa,Hombre,60 o más,6,81000.0
037,28,2025,Tamaulipas,Soto la Marina,Mujer,29 o menos,2,27000.0
037,28,2024,Tamaulipas,Soto la Marina,Mujer,30 a 59,10,135000.0
037,28,2025,Tamaulipas,Soto la Marina,Hombre,60 o más,7,94500.0
037,28,2025,Tamaulipas,Soto la Marina,Hombre,29 o menos,3,40500.0
037,28,2024,Tamaulipas,Soto la Marina,Hombre,60 o más,3,40500.0
037,28,2025,Tamaulipas,Soto la Marina,Mujer,30 a 59,31,418500.0
037,28,2024,Tamaulipas,Soto la Marina,Mujer,29 o menos,1,13500.0
037,28,2025,Tamaulipas,Soto la Marina,Hombre,30 a 59,26,351000.0
037,28,2025,Tamaulipas,Soto la Marina,Mujer,60 o más,3,40500.0
037,28,2024,Tamaulipas,Soto la Marina,Hombre,30 a 59,6,81000.0
041,28,2024,Tamaulipas,Victoria,Hombre,30 a 59,23,310500.0
041,28,2024,Tamaulipas,Victoria,Hombre,29 o menos,4,54000.0
041,28,2024,Tamaulipas,Victoria,Mujer,29 o menos,12,162000.0
041,28,2024,Tamaulipas,Victoria,Mujer,60 o más,15,202500.0
041,28,2024,Tamaulipas,Victoria,Hombre,60 o más,15,202500.0
041,28,2024,Tamaulipas,Victoria,Mujer,30 a 59,25,337500.0
041,28,2025,Tamaulipas,Victoria,Mujer,30 a 59,1,13500.0
043,28,2025,Tamaulipas,Xicoténcatl,Hombre,30 a 59,3,40500.0
043,28,2025,Tamaulipas,Xicoténcatl,Hombre,60 o más,1,13500.0
043,28,2024,Tamaulipas,Xicoténcatl,Hombre,30 a 59,2,27000.0
043,28,2024,Tamaulipas,Xicoténcatl,Mujer,29 o menos,2,27000.0
043,28,2024,Tamaulipas,Xicoténcatl,Mujer,60 o más,3,40500.0
043,28,2024,Tamaulipas,Xicoténcatl,Mujer,30 a 59,12,162000.0
043,28,2025,Tamaulipas,Xicoténcatl,Mujer,60 o más,3,40500.0
043,28,2025,Tamaulipas,Xicoténcatl,Mujer,30 a 59,4,54000.0
043,28,2024,Tamaulipas,Xicoténcatl,Hombre,29 o menos,3,40500.0
013,29,2024,Tlaxcala,Huamantla,Hombre,30 a 59,2,27000.0
034,29,2024,Tlaxcala,Tlaxco,Hombre,30 a 59,11,148500.0
034,29,2025,Tlaxcala,Tlaxco,Mujer,29 o menos,2,27000.0
034,29,2024,Tlaxcala,Tlaxco,Hombre,60 o más,5,67500.0
034,29,2025,Tlaxcala,Tlaxco,Hombre,29 o menos,3,40500.0
034,29,2025,Tlaxcala,Tlaxco,Hombre,60 o más,4,54000.0
034,29,2024,Tlaxcala,Tlaxco,Mujer,29 o menos,1,13500.0
034,29,2024,Tlaxcala,Tlaxco,Mujer,60 o más,8,108000.0
034,29,2025,Tlaxcala,Tlaxco,Mujer,60 o más,3,40500.0
034,29,2025,Tlaxcala,Tlaxco,Mujer,30 a 59,13,175500.0
034,29,2024,Tlaxcala,Tlaxco,Mujer,30 a 59,15,202500.0
034,29,2024,Tlaxcala,Tlaxco,Hombre,29 o menos,6,81000.0
034,29,2025,Tlaxcala,Tlaxco,Hombre,30 a 59,12,162000.0
006,30,2024,Veracruz de Ignacio de la Llave,Acultzingo,Hombre,29 o menos,1,13500.0
006,30,2024,Veracruz de Ignacio de la Llave,Acultzingo,Hombre,60 o más,1,13500.0
006,30,2024,Veracruz de Ignacio de la Llave,Acultzingo,Hombre,30 a 59,3,40500.0
006,30,2024,Veracruz de Ignacio de la Llave,Acultzingo,Mujer,30 a 59,1,13500.0
011,30,2025,Veracruz de Ignacio de la Llave,Alvarado,Hombre,30 a 59,24,324000.0
011,30,2024,Veracruz de Ignacio de la Llave,Alvarado,Mujer,30 a 59,41,553500.0
011,30,2024,Veracruz de Ignacio de la Llave,Alvarado,Mujer,29 o menos,7,94500.0
011,30,2025,Veracruz de Ignacio de la Llave,Alvarado,Mujer,30 a 59,102,1377000.0
011,30,2024,Veracruz de Ignacio de la Llave,Alvarado,Hombre,29 o menos,2,27000.0
011,30,2024,Veracruz de Ignacio de la Llave,Alvarado,Mujer,60 o más,9,121500.0
011,30,2024,Veracruz de Ignacio de la Llave,Alvarado,Hombre,30 a 59,19,256500.0
011,30,2025,Veracruz de Ignacio de la Llave,Alvarado,Hombre,60 o más,51,688500.0
011,30,2025,Veracruz de Ignacio de la Llave,Alvarado,Mujer,29 o menos,7,94500.0
011,30,2025,Veracruz de Ignacio de la Llave,Alvarado,Hombre,29 o menos,6,81000.0
011,30,2025,Veracruz de Ignacio de la Llave,Alvarado,Mujer,60 o más,78,1053000.0
011,30,2024,Veracruz de Ignacio de la Llave,Alvarado,Hombre,60 o más,4,54000.0
028,30,2025,Veracruz de Ignacio de la Llave,Boca del Río,Hombre,30 a 59,94,1269000.0
028,30,2025,Veracruz de Ignacio de la Llave,Boca del Río,Mujer,29 o menos,10,135000.0
028,30,2025,Veracruz de Ignacio de la Llave,Boca del Río,Hombre,29 o menos,11,148500.0
028,30,2025,Veracruz de Ignacio de la Llave,Boca del Río,Hombre,60 o más,26,351000.0
028,30,2025,Veracruz de Ignacio de la Llave,Boca del Río,Mujer,60 o más,84,1134000.0
028,30,2025,Veracruz de Ignacio de la Llave,Boca del Río,Mujer,30 a 59,239,3226500.0
045,30,2024,Veracruz de Ignacio de la Llave,Cosamaloapan de Carpio,Mujer,60 o más,3,40500.0
045,30,2024,Veracruz de Ignacio de la Llave,Cosamaloapan de Carpio,Hombre,30 a 59,1,13500.0
045,30,2024,Veracruz de Ignacio de la Llave,Cosamaloapan de Carpio,Mujer,29 o menos,2,27000.0
045,30,2024,Veracruz de Ignacio de la Llave,Cosamaloapan de Carpio,Mujer,30 a 59,5,67500.0
045,30,2024,Veracruz de Ignacio de la Llave,Cosamaloapan de Carpio,Hombre,60 o más,2,27000.0
066,30,2024,Veracruz de Ignacio de la Llave,Espinal,Hombre,29 o menos,1,13500.0
066,30,2024,Veracruz de Ignacio de la Llave,Espinal,Mujer,30 a 59,2,27000.0
066,30,2024,Veracruz de Ignacio de la Llave,Espinal,Hombre,30 a 59,1,13500.0
066,30,2024,Veracruz de Ignacio de la Llave,Espinal,Mujer,60 o más,1,13500.0
087,30,2025,Veracruz de Ignacio de la Llave,Xalapa,Hombre,30 a 59,93,1255500.0
087,30,2024,Veracruz de Ignacio de la Llave,Xalapa,Mujer,30 a 59,9,121500.0
087,30,2024,Veracruz de Ignacio de la Llave,Xalapa,Mujer,29 o menos,1,13500.0
087,30,2024,Veracruz de Ignacio de la Llave,Xalapa,Hombre,30 a 59,3,40500.0
087,30,2025,Veracruz de Ignacio de la Llave,Xalapa,Hombre,29 o menos,6,81000.0
087,30,2025,Veracruz de Ignacio de la Llave,Xalapa,Mujer,29 o menos,12,162000.0
087,30,2025,Veracruz de Ignacio de la Llave,Xalapa,Mujer,60 o más,37,499500.0
087,30,2024,Veracruz de Ignacio de la Llave,Xalapa,Mujer,60 o más,4,54000.0
087,30,2025,Veracruz de Ignacio de la Llave,Xalapa,Mujer,30 a 59,140,1890000.0
087,30,2025,Veracruz de Ignacio de la Llave,Xalapa,Hombre,60 o más,28,378000.0
094,30,2024,Veracruz de Ignacio de la Llave,Juan Rodríguez Clara,Mujer,29 o menos,1,13500.0
094,30,2024,Veracruz de Ignacio de la Llave,Juan Rodríguez Clara,Mujer,60 o más,5,67500.0
094,30,2024,Veracruz de Ignacio de la Llave,Juan Rodríguez Clara,Hombre,60 o más,4,54000.0
094,30,2025,Veracruz de Ignacio de la Llave,Juan Rodríguez Clara,Hombre,60 o más,3,40500.0
094,30,2025,Veracruz de Ignacio de la Llave,Juan Rodríguez Clara,Mujer,29 o menos,1,13500.0
094,30,2024,Veracruz de Ignacio de la Llave,Juan Rodríguez Clara,Hombre,29 o menos,1,13500.0
094,30,2025,Veracruz de Ignacio de la Llave,Juan Rodríguez Clara,Mujer,60 o más,4,54000.0
094,30,2025,Veracruz de Ignacio de la Llave,Juan Rodríguez Clara,Hombre,30 a 59,9,121500.0
094,30,2024,Veracruz de Ignacio de la Llave,Juan Rodríguez Clara,Mujer,30 a 59,15,202500.0
094,30,2024,Veracruz de Ignacio de la Llave,Juan Rodríguez Clara,Hombre,30 a 59,13,175500.0
094,30,2025,Veracruz de Ignacio de la Llave,Juan Rodríguez Clara,Mujer,30 a 59,18,243000.0
102,30,2025,Veracruz de Ignacio de la Llave,Martínez de la Torre,Mujer,30 a 59,7,94500.0
102,30,2024,Veracruz de Ignacio de la Llave,Martínez de la Torre,Hombre,29 o menos,1,13500.0
102,30,2024,Veracruz de Ignacio de la Llave,Martínez de la Torre,Mujer,60 o más,28,378000.0
102,30,2024,Veracruz de Ignacio de la Llave,Martínez de la Torre,Mujer,29 o menos,3,40500.0
102,30,2024,Veracruz de Ignacio de la Llave,Martínez de la Torre,Hombre,60 o más,9,121500.0
102,30,2025,Veracruz de Ignacio de la Llave,Martínez de la Torre,Mujer,60 o más,4,54000.0
102,30,2024,Veracruz de Ignacio de la Llave,Martínez de la Torre,Mujer,30 a 59,54,729000.0
102,30,2025,Veracruz de Ignacio de la Llave,Martínez de la Torre,Hombre,30 a 59,3,40500.0
102,30,2024,Veracruz de Ignacio de la Llave,Martínez de la Torre,Hombre,30 a 59,41,553500.0
102,30,2025,Veracruz de Ignacio de la Llave,Martínez de la Torre,Hombre,60 o más,2,27000.0
105,30,2024,Veracruz de Ignacio de la Llave,Medellín de Bravo,Hombre,60 o más,1,13500.0
105,30,2024,Veracruz de Ignacio de la Llave,Medellín de Bravo,Mujer,30 a 59,7,94500.0
105,30,2024,Veracruz de Ignacio de la Llave,Medellín de Bravo,Mujer,60 o más,8,108000.0
105,30,2024,Veracruz de Ignacio de la Llave,Medellín de Bravo,Hombre,30 a 59,4,54000.0
130,30,2024,Veracruz de Ignacio de la Llave,Playa Vicente,Mujer,30 a 59,11,148500.0
130,30,2024,Veracruz de Ignacio de la Llave,Playa Vicente,Hombre,60 o más,6,81000.0
130,30,2024,Veracruz de Ignacio de la Llave,Playa Vicente,Mujer,60 o más,3,40500.0
130,30,2024,Veracruz de Ignacio de la Llave,Playa Vicente,Hombre,30 a 59,9,121500.0
130,30,2024,Veracruz de Ignacio de la Llave,Playa Vicente,Hombre,29 o menos,2,27000.0
143,30,2024,Veracruz de Ignacio de la Llave,Santiago Tuxtla,Mujer,29 o menos,1,13500.0
143,30,2024,Veracruz de Ignacio de la Llave,Santiago Tuxtla,Mujer,60 o más,1,13500.0
143,30,2024,Veracruz de Ignacio de la Llave,Santiago Tuxtla,Mujer,30 a 59,11,148500.0
143,30,2024,Veracruz de Ignacio de la Llave,Santiago Tuxtla,Hombre,30 a 59,6,81000.0
143,30,2024,Veracruz de Ignacio de la Llave,Santiago Tuxtla,Hombre,60 o más,8,108000.0
174,30,2024,Veracruz de Ignacio de la Llave,Tierra Blanca,Mujer,30 a 59,23,310500.0
174,30,2024,Veracruz de Ignacio de la Llave,Tierra Blanca,Mujer,60 o más,5,67500.0
174,30,2024,Veracruz de Ignacio de la Llave,Tierra Blanca,Mujer,29 o menos,2,27000.0
174,30,2024,Veracruz de Ignacio de la Llave,Tierra Blanca,Hombre,60 o más,6,81000.0
174,30,2024,Veracruz de Ignacio de la Llave,Tierra Blanca,Hombre,30 a 59,23,310500.0
174,30,2025,Veracruz de Ignacio de la Llave,Tierra Blanca,Mujer,60 o más,1,13500.0
174,30,2024,Veracruz de Ignacio de la Llave,Tierra Blanca,Hombre,29 o menos,5,67500.0
192,30,2024,Veracruz de Ignacio de la Llave,Vega de Alatorre,Hombre,30 a 59,1,13500.0
192,30,2024,Veracruz de Ignacio de la Llave,Vega de Alatorre,Hombre,60 o más,2,27000.0
192,30,2025,Veracruz de Ignacio de la Llave,Vega de Alatorre,Mujer,30 a 59,1,13500.0
192,30,2025,Veracruz de Ignacio de la Llave,Vega de Alatorre,Hombre,30 a 59,1,13500.0
192,30,2025,Veracruz de Ignacio de la Llave,Vega de Alatorre,Hombre,60 o más,1,13500.0
192,30,2025,Veracruz de Ignacio de la Llave,Vega de Alatorre,Mujer,29 o menos,1,13500.0
059,31,2024,Yucatán,Progreso,Mujer,30 a 59,27,364500.0
059,31,2024,Yucatán,Progreso,Hombre,29 o menos,4,54000.0
059,31,2024,Yucatán,Progreso,Hombre,30 a 59,15,202500.0
059,31,2024,Yucatán,Progreso,Mujer,29 o menos,8,108000.0
059,31,2024,Yucatán,Progreso,Hombre,60 o más,7,94500.0
059,31,2024,Yucatán,Progreso,Mujer,60 o más,6,81000.0
083,31,2024,Yucatán,Telchac Puerto,Mujer,30 a 59,4,54000.0
096,31,2025,Yucatán,Tizimín,Mujer,30 a 59,1,13500.0
017,32,2025,Zacatecas,Guadalupe,Hombre,30 a 59,8,108000.0
017,32,2024,Zacatecas,Guadalupe,Hombre,30 a 59,1,13500.0
017,32,2025,Zacatecas,Guadalupe,Mujer,29 o menos,2,27000.0
017,32,2025,Zacatecas,Guadalupe,Mujer,30 a 59,10,135000.0
017,32,2025,Zacatecas,Guadalupe,Mujer,60 o más,1,13500.0
017,32,2025,Zacatecas,Guadalupe,Hombre,60 o más,2,27000.0
