ano,estado,municipio,pcu,tipo_vivienda,viviendas,clave_municipio,clave_estado
2015,Nuevo León,Santa Catarina,U3,Horizontal,17,048,19
2015,Puebla,Tehuacán,U3,Vertical,30,156,21
2017,Jalisco,Acatic,FC,Horizontal,2,001,14
2016,Puebla,Atlixco,U2,Horizontal,4,019,21
2017,Jalisco,Tonalá,U3,Vertical,189,101,14
2015,Nuevo León,Sabinas Hidalgo,U1,Horizontal,5,044,19
2016,Durango,Durango,U3,Horizontal,196,005,10
2015,Puebla,Puebla,U2,Vertical,1675,114,21
2017,Veracruz de Ignacio de la Llave,Ixtaczoquitlán,U3,Horizontal,190,085,30
2016,Tamaulipas,Reynosa,FC,Horizontal,48,032,28
2016,Michoacán de Ocampo,Purépero,FC,Horizontal,6,070,16
2017,Guerrero,Acapulco de Juárez,U3,Vertical,67,001,12
2017,Guanajuato,San Francisco del Rincón,FC,Horizontal,2,031,11
2015,Nuevo León,Sabinas Hidalgo,U2,Horizontal,72,044,19
2017,Hidalgo,Atotonilco de Tula,FC,Vertical,1718,013,13
2017,Coahuila de Zaragoza,Arteaga,U3,Horizontal,266,004,05
2017,Colima,Colima,U2,Vertical,28,002,06
2015,Jalisco,Tototlán,FC,Horizontal,2,105,14
2015,Tlaxcala,Xaloztoc,U1,Vertical,17,039,29
2016,Michoacán de Ocampo,Yurécuaro,U2,Horizontal,5,106,16
2017,Veracruz de Ignacio de la Llave,Río Blanco,U2,Horizontal,147,138,30
2015,Durango,Lerdo,U1,Horizontal,19,012,10
2015,Zacatecas,Morelos,FC,Horizontal,4,032,32
2016,Puebla,Puebla,U2,Horizontal,638,114,21
2017,Yucatán,Mérida,U2,Vertical,330,050,31
2015,Jalisco,El Salto,U3,Horizontal,66,070,14
2017,Michoacán de Ocampo,La Piedad,U1,Vertical,36,069,16
2017,México,Huehuetoca,FC,Vertical,240,035,15
2017,Colima,Colima,U1,Horizontal,44,002,06
2015,Nuevo León,Apodaca,U2,Horizontal,2084,006,19
2016,Guanajuato,León,U3,Vertical,1087,020,11
2015,Tamaulipas,Altamira,U1,Horizontal,2,003,28
2017,Ciudad de México,Cuauhtémoc,U1,Vertical,299,015,09
2016,Veracruz de Ignacio de la Llave,Coatepec,U2,Horizontal,1,038,30
2015,Nuevo León,Salinas Victoria,U3,Horizontal,81,045,19
2015,Jalisco,Tonalá,U2,Horizontal,941,101,14
2017,Tamaulipas,Altamira,U2,Vertical,96,003,28
2017,Nuevo León,Cadereyta Jiménez,U3,Vertical,76,009,19
2016,Aguascalientes,Pabellón de Arteaga,U3,Horizontal,5,006,01
2017,Ciudad de México,Iztapalapa,U2,Vertical,51,007,09
2016,Hidalgo,Tizayuca,U2,Horizontal,2158,069,13
2016,Colima,Coquimatlán,U3,Horizontal,20,004,06
2016,Nuevo León,García,FC,Horizontal,104,018,19
2015,Tamaulipas,Altamira,U3,Horizontal,38,003,28
2015,Colima,Villa de Álvarez,FC,Horizontal,11,010,06
2017,Morelos,Xochitepec,U3,Horizontal,86,028,17
2015,Hidalgo,Mineral de la Reforma,U2,Vertical,440,051,13
2015,Chiapas,Cintalapa de Figueroa,U2,Horizontal,5,017,07
2015,Tlaxcala,Huamantla,U2,Horizontal,37,013,29
2016,Aguascalientes,Cosío,FC,Horizontal,4,004,01
2015,Veracruz de Ignacio de la Llave,Minatitlán,U3,Horizontal,35,108,30
2017,Chiapas,Tapachula,U1,Horizontal,9,089,07
2017,Tabasco,Emiliano Zapata,U2,Horizontal,3,007,27
2015,Nuevo León,El Carmen,U3,Horizontal,11,010,19
2015,Coahuila de Zaragoza,Arteaga,U2,Horizontal,1,004,05
2016,Sonora,Hermosillo,U3,Horizontal,684,030,26
2015,Ciudad de México,Cuauhtémoc,U2,Vertical,109,015,09
2017,Aguascalientes,San Francisco de los Romo,U3,Horizontal,92,011,01
2016,Tlaxcala,Huamantla,U2,Vertical,53,013,29
2016,Tamaulipas,Reynosa,U2,Vertical,213,032,28
2017,Chiapas,Berriozábal,FC,Horizontal,24,012,07
2016,México,Tenancingo,U1,Horizontal,7,088,15
2015,Hidalgo,Atotonilco de Tula,U3,Vertical,180,013,13
2016,Coahuila de Zaragoza,Ramos Arizpe,U1,Horizontal,207,027,05
2016,Oaxaca,Santa María Atzompa,U3,Vertical,24,399,20
2017,Jalisco,Tlajomulco de Zúñiga,U3,Vertical,250,097,14
2016,Morelos,Temixco,U3,Vertical,6,018,17
2015,Jalisco,Jocotepec,U2,Horizontal,7,050,14
2017,Tamaulipas,Victoria,FC,Horizontal,77,041,28
2016,Veracruz de Ignacio de la Llave,Coatepec,U3,Horizontal,4,038,30
2016,México,La Paz,U1,Horizontal,11,070,15
2017,Jalisco,La Barca,U1,Horizontal,4,018,14
2016,Nuevo León,Cadereyta Jiménez,FC,Vertical,48,009,19
2017,Coahuila de Zaragoza,Múzquiz,U3,Horizontal,50,020,05
2016,Veracruz de Ignacio de la Llave,Martínez de la Torre,U2,Horizontal,2,102,30
2017,Oaxaca,Santa Cruz Xoxocotlán,U3,Vertical,105,385,20
2016,Guanajuato,Acámbaro,U2,Horizontal,16,002,11
2017,Chihuahua,Guachochi,U3,Horizontal,5,027,08
2017,Tabasco,Emiliano Zapata,U3,Horizontal,1,007,27
2017,Michoacán de Ocampo,Morelia,FC,Horizontal,24,053,16
2016,Sonora,Magdalena,U2,Horizontal,26,036,26
2015,Veracruz de Ignacio de la Llave,Córdoba,U3,Vertical,66,044,30
2016,Chiapas,Berriozábal,U1,Horizontal,7,012,07
2015,Colima,Tecomán,U2,Horizontal,21,009,06
2015,Michoacán de Ocampo,La Piedad,U1,Horizontal,26,069,16
2015,Tamaulipas,Reynosa,U2,Vertical,300,032,28
2016,Tabasco,Tenosique,U3,Horizontal,4,017,27
2017,Chihuahua,Delicias,U3,Horizontal,4,021,08
2015,Baja California Sur,Los Cabos,U2,Vertical,243,008,03
2015,Puebla,Amozoc,U2,Vertical,35,015,21
2017,Veracruz de Ignacio de la Llave,San Andrés Tuxtla,U2,Horizontal,29,141,30
2016,Hidalgo,Epazoyucan,FC,Vertical,24,022,13
2016,Baja California Sur,Loreto,U1,Horizontal,1,009,03
2017,Puebla,San Salvador el Verde,U3,Horizontal,7,143,21
2015,Tlaxcala,Zacatelco,U3,Horizontal,1,044,29
2015,Puebla,Atlixco,U2,Horizontal,5,019,21
2016,Coahuila de Zaragoza,San Buenaventura,U2,Horizontal,10,031,05
2017,Michoacán de Ocampo,Pátzcuaro,U2,Horizontal,11,066,16
2016,Chiapas,Tapachula,FC,Vertical,72,089,07
2016,Jalisco,El Salto,U2,Vertical,1498,070,14
2015,Nayarit,Tepic,U2,Vertical,351,017,18
2015,Michoacán de Ocampo,Jiquilpan,U3,Horizontal,17,045,16
2017,San Luis Potosí,Axtla de Terrazas,FC,Horizontal,2,053,24
2016,Coahuila de Zaragoza,Torreón,U2,Vertical,36,035,05
2015,Guanajuato,Cortazar,U3,Horizontal,39,011,11
2015,Michoacán de Ocampo,Sahuayo,U3,Horizontal,10,076,16
2015,Tabasco,Cárdenas,U2,Horizontal,2,002,27
2017,Veracruz de Ignacio de la Llave,Veracruz,U3,Vertical,390,193,30
2016,Morelos,Emiliano Zapata,U3,Vertical,1,008,17
2015,Baja California,Tijuana,FC,Horizontal,14,004,02
2015,Quintana Roo,Benito Juárez,U3,Vertical,177,005,23
2016,Sonora,Empalme,U2,Horizontal,27,025,26
2016,Sinaloa,Ahome,U2,Vertical,6,001,25
2016,Coahuila de Zaragoza,Saltillo,U3,Horizontal,676,030,05
2016,Michoacán de Ocampo,Zamora,U2,Vertical,432,108,16
2016,Jalisco,Ameca,U3,Horizontal,7,006,14
2017,Aguascalientes,Calvillo,U3,Horizontal,15,003,01
2015,Veracruz de Ignacio de la Llave,Coatzacoalcos,U2,Vertical,1568,039,30
2015,Sonora,Cananea,U2,Horizontal,22,019,26
2017,Guanajuato,Salamanca,U2,Horizontal,4,027,11
2015,Jalisco,Ixtlahuacán de los Membrillos,U3,Horizontal,74,044,14
2015,Baja California,Tijuana,FC,Vertical,372,004,02
2015,Veracruz de Ignacio de la Llave,Tuxpan,U2,Horizontal,252,189,30
2015,Guanajuato,Cortazar,U1,Horizontal,50,011,11
2016,Jalisco,La Barca,U2,Horizontal,25,018,14
2015,Nuevo León,García,U1,Horizontal,360,018,19
2017,Michoacán de Ocampo,Lázaro Cárdenas,FC,Horizontal,2,052,16
2015,Sonora,Guaymas,U3,Horizontal,4,029,26
2017,Tlaxcala,Tepetitla de Lardizábal,U2,Horizontal,48,019,29
2015,Yucatán,Umán,U1,Horizontal,122,101,31
2017,Guerrero,Chilpancingo de los Bravo,U1,Vertical,68,029,12
2015,Jalisco,Tlajomulco de Zúñiga,FC,Horizontal,802,097,14
2015,Veracruz de Ignacio de la Llave,Cosoleacaque,U1,Vertical,112,048,30
2015,Sonora,Caborca,U3,Horizontal,90,017,26
2016,Sonora,Nogales,U2,Vertical,3,043,26
2016,Nuevo León,Juárez,U2,Vertical,204,031,19
2016,Morelos,Yautepec,U3,Horizontal,7,029,17
2015,Jalisco,Ixtlahuacán de los Membrillos,FC,Horizontal,981,044,14
2016,Michoacán de Ocampo,Tarímbaro,U2,Horizontal,109,088,16
2017,Chihuahua,Nuevo Casas Grandes,U1,Horizontal,22,050,08
2016,Veracruz de Ignacio de la Llave,Emiliano Zapata,U2,Horizontal,124,065,30
2017,Tamaulipas,Altamira,U3,Horizontal,30,003,28
2015,Tlaxcala,Calpulalpan,U1,Horizontal,8,006,29
2015,Hidalgo,Pachuca de Soto,FC,Horizontal,170,048,13
2016,Sinaloa,Mazatlán,FC,Horizontal,14,012,25
2017,México,Coacalco de Berriozábal,U1,Horizontal,1,020,15
2017,Hidalgo,Santiago Tulantepec de Lugo Guerrero,U1,Horizontal,2,056,13
2016,Coahuila de Zaragoza,San Buenaventura,FC,Horizontal,2,031,05
2015,Veracruz de Ignacio de la Llave,Medellín de Bravo,U3,Vertical,48,105,30
2016,Guanajuato,Apaseo el Grande,U2,Vertical,728,005,11
2016,Oaxaca,Guadalupe Etla,FC,Horizontal,2,033,20
2015,Jalisco,La Barca,FC,Horizontal,2,018,14
2016,Jalisco,Ixtlahuacán de los Membrillos,FC,Horizontal,6,044,14
2016,Nuevo León,Juárez,U2,Horizontal,7105,031,19
2015,Oaxaca,Tlacolula de Matamoros,U3,Vertical,24,551,20
2016,Baja California Sur,La Paz,U2,Horizontal,1195,003,03
2016,México,Zumpango,U3,Horizontal,386,120,15
2017,Veracruz de Ignacio de la Llave,Xico,FC,Horizontal,1,092,30
2016,Tabasco,Cárdenas,U1,Horizontal,1,002,27
2015,Jalisco,Magdalena,U2,Horizontal,12,055,14
2015,Hidalgo,Mineral de la Reforma,U3,Horizontal,410,051,13
2015,San Luis Potosí,Soledad de Graciano Sánchez,U2,Horizontal,1206,035,24
2015,Durango,Poanas,FC,Horizontal,6,022,10
2015,Tlaxcala,Yauhquemehcan,U2,Vertical,215,043,29
2015,México,Toluca,FC,Horizontal,75,106,15
2015,Jalisco,El Salto,U1,Vertical,9,070,14
2016,Oaxaca,Oaxaca de Juárez,U1,Horizontal,3,067,20
2015,México,Tecámac,U2,Horizontal,1871,081,15
2017,Coahuila de Zaragoza,Matamoros,U2,Horizontal,93,017,05
2017,Michoacán de Ocampo,Tarímbaro,U3,Vertical,15,088,16
2017,Tabasco,Centro,FC,Vertical,836,004,27
2017,Veracruz de Ignacio de la Llave,Xalapa,U1,Vertical,1,087,30
2017,Durango,Durango,FC,Vertical,183,005,10
2016,Guerrero,Acapulco de Juárez,U1,Vertical,154,001,12
2015,Hidalgo,Mineral de la Reforma,FC,Horizontal,393,051,13
2016,Guanajuato,León,U3,Horizontal,453,020,11
2016,Morelos,Temixco,U2,Vertical,278,018,17
2016,Sinaloa,Guasave,U2,Horizontal,364,011,25
2017,Michoacán de Ocampo,Zamora,U2,Vertical,48,108,16
2016,Jalisco,El Grullo,FC,Horizontal,4,037,14
2017,Sinaloa,Culiacán,FC,Vertical,1,006,25
2015,Nayarit,Bahía de Banderas,U2,Horizontal,830,020,18
2015,Oaxaca,Santo Domingo Tehuantepec,FC,Horizontal,1,515,20
2017,Michoacán de Ocampo,Zitácuaro,U2,Horizontal,15,112,16
2017,Querétaro,Querétaro,U2,Horizontal,1897,014,22
2015,Durango,Santiago Papasquiaro,U2,Horizontal,6,032,10
2015,México,Lerma,U2,Horizontal,452,051,15
2015,Querétaro,El Marqués,U2,Horizontal,1278,011,22
2016,Yucatán,Mérida,U3,Horizontal,389,050,31
2017,Jalisco,Zapotlán el Grande,U1,Horizontal,81,023,14
2016,Aguascalientes,Jesús María,U3,Horizontal,302,005,01
2017,Morelos,Yautepec,U2,Horizontal,88,029,17
2017,Michoacán de Ocampo,Jiquilpan,U3,Horizontal,16,045,16
2017,Nayarit,Bahía de Banderas,U3,Vertical,30,020,18
2016,Puebla,Cuautlancingo,U2,Vertical,136,041,21
2017,Michoacán de Ocampo,Ario,U2,Horizontal,1,009,16
2017,Tabasco,Nacajuca,U3,Horizontal,20,013,27
2015,Morelos,Cuernavaca,U2,Horizontal,1,007,17
2015,Querétaro,Tequisquiapan,FC,Horizontal,7,017,22
2016,Zacatecas,Fresnillo,U2,Horizontal,77,010,32
2016,Coahuila de Zaragoza,San Pedro,U2,Horizontal,56,033,05
2016,Tabasco,Teapa,U1,Horizontal,1,016,27
2016,Puebla,Chalchicomula de Sesma,FC,Horizontal,30,045,21
2015,Oaxaca,Santa María Atzompa,U3,Vertical,64,399,20
2016,San Luis Potosí,Ciudad Valles,U1,Horizontal,16,013,24
2015,Nuevo León,Guadalupe,U2,Horizontal,93,026,19
2016,Zacatecas,Fresnillo,U3,Horizontal,1,010,32
2016,Chihuahua,Aquiles Serdán,U3,Horizontal,3,004,08
2017,Tlaxcala,Xaloztoc,U1,Vertical,20,039,29
2017,Hidalgo,Tepeji del Río de Ocampo,U2,Horizontal,12,063,13
2016,Guanajuato,León,FC,Horizontal,273,020,11
2016,Jalisco,Zapotiltic,U2,Horizontal,35,121,14
2016,Veracruz de Ignacio de la Llave,Tuxpan,U3,Horizontal,90,189,30
2017,Baja California,Tijuana,U1,Vertical,39,004,02
2016,Veracruz de Ignacio de la Llave,Mariano Escobedo,U2,Horizontal,59,101,30
2016,San Luis Potosí,Axtla de Terrazas,FC,Horizontal,3,053,24
2017,Guanajuato,Pénjamo,U1,Horizontal,2,023,11
2015,Hidalgo,Tizayuca,U1,Vertical,100,069,13
2017,Nuevo León,Apodaca,U3,Horizontal,1039,006,19
2015,Jalisco,Guadalajara,U2,Horizontal,38,039,14
2015,Ciudad de México,Iztacalco,U1,Vertical,553,006,09
2015,Coahuila de Zaragoza,Arteaga,U3,Horizontal,51,004,05
2017,Chiapas,Tapachula,FC,Vertical,48,089,07
2016,Tlaxcala,Xaloztoc,U1,Vertical,11,039,29
2015,Jalisco,Zapopan,U2,Horizontal,334,120,14
2017,Coahuila de Zaragoza,Francisco I. Madero,U2,Horizontal,124,009,05
2017,Tlaxcala,Ixtacuixtla de Mariano Matamoros,U2,Horizontal,4,015,29
2015,Jalisco,Arandas,FC,Horizontal,2,008,14
2017,Guanajuato,Irapuato,U3,Vertical,256,017,11
2017,Veracruz de Ignacio de la Llave,Tantoyuca,FC,Horizontal,1,155,30
2016,Coahuila de Zaragoza,Ramos Arizpe,U3,Horizontal,7,027,05
2015,Tlaxcala,Tlaxcala,U2,Vertical,26,033,29
2016,Sonora,Agua Prieta,U3,Horizontal,71,002,26
2017,México,Nezahualcóyotl,U2,Horizontal,2,058,15
2016,Querétaro,San Juan del Río,FC,Horizontal,74,016,22
2017,Yucatán,Ticul,FC,Horizontal,2,089,31
2015,Sinaloa,Mazatlán,U1,Horizontal,76,012,25
2017,Puebla,Huejotzingo,U2,Vertical,968,074,21
2016,Querétaro,Corregidora,U3,Horizontal,341,006,22
2017,Jalisco,Lagos de Moreno,U3,Horizontal,21,053,14
2017,San Luis Potosí,Soledad de Graciano Sánchez,U3,Vertical,8,035,24
2017,Guanajuato,Apaseo el Grande,FC,Vertical,138,005,11
2017,Jalisco,Zapopan,U3,Vertical,128,120,14
2016,Guerrero,Taxco de Alarcón,U3,Vertical,39,055,12
2017,Jalisco,Magdalena,U2,Horizontal,9,055,14
2016,Jalisco,Puerto Vallarta,FC,Vertical,312,067,14
2016,Guanajuato,León,U2,Horizontal,2575,020,11
2016,Aguascalientes,Aguascalientes,U2,Vertical,305,001,01
2015,Guerrero,Iguala de la Independencia,U3,Vertical,9,035,12
2015,San Luis Potosí,Soledad de Graciano Sánchez,FC,Horizontal,148,035,24
2015,Jalisco,Lagos de Moreno,U1,Horizontal,54,053,14
2016,Veracruz de Ignacio de la Llave,Veracruz,FC,Vertical,87,193,30
2015,Hidalgo,Tizayuca,FC,Horizontal,361,069,13
2017,Coahuila de Zaragoza,Acuña,U2,Horizontal,760,002,05
2017,Oaxaca,Oaxaca de Juárez,U2,Horizontal,4,067,20
2015,Sinaloa,Guasave,U2,Horizontal,383,011,25
2015,Querétaro,San Juan del Río,FC,Horizontal,51,016,22
2015,Coahuila de Zaragoza,Arteaga,U1,Horizontal,87,004,05
2016,Puebla,San Andrés Cholula,U1,Horizontal,2,119,21
2015,Chihuahua,Delicias,U2,Horizontal,311,021,08
2016,Veracruz de Ignacio de la Llave,Fortín,U3,Horizontal,30,068,30
2016,México,Tecámac,U2,Horizontal,1341,081,15
2015,México,Almoloya de Juárez,U2,Horizontal,150,005,15
2017,Sonora,General Plutarco Elías Calles,FC,Horizontal,10,070,26
2015,Hidalgo,Tulancingo de Bravo,U3,Horizontal,20,077,13
2016,Tlaxcala,Apizaco,U3,Horizontal,1,005,29
2017,Sonora,Guaymas,FC,Horizontal,6,029,26
2017,Coahuila de Zaragoza,Sabinas,U2,Horizontal,249,028,05
2016,Querétaro,El Marqués,U3,Vertical,30,011,22
2015,Chihuahua,Saucillo,FC,Horizontal,2,062,08
2015,San Luis Potosí,Axtla de Terrazas,FC,Horizontal,17,053,24
2015,Querétaro,Querétaro,U2,Horizontal,3057,014,22
2015,Guerrero,Chilpancingo de los Bravo,U2,Vertical,131,029,12
2016,Jalisco,Tepatitlán de Morelos,U1,Horizontal,6,093,14
2015,Sonora,Agua Prieta,U1,Horizontal,231,002,26
2015,Nuevo León,Santa Catarina,U1,Horizontal,37,048,19
2015,Chiapas,Tapachula,U3,Horizontal,17,089,07
2016,Morelos,Yecapixtla,U2,Horizontal,20,030,17
2015,Tabasco,Paraíso,U2,Horizontal,7,014,27
2017,Puebla,San Martín Texmelucan,U2,Horizontal,107,132,21
2015,Hidalgo,Cuautepec de Hinojosa,U3,Horizontal,74,016,13
2015,Oaxaca,Tlacolula de Matamoros,FC,Vertical,32,551,20
2016,Hidalgo,Tizayuca,U1,Horizontal,654,069,13
2016,Guanajuato,Villagrán,U2,Horizontal,84,044,11
2016,Tabasco,Centro,FC,Horizontal,83,004,27
2015,Sonora,Hermosillo,U1,Horizontal,36,030,26
2017,San Luis Potosí,Soledad de Graciano Sánchez,U2,Horizontal,1018,035,24
2017,Chihuahua,Aquiles Serdán,U2,Horizontal,114,004,08
2015,Guanajuato,Silao de la Victoria,U2,Horizontal,151,037,11
2015,Tlaxcala,Xaloztoc,U1,Horizontal,10,039,29
2015,Zacatecas,Jerez,U2,Horizontal,1,020,32
2016,Tamaulipas,Río Bravo,U2,Horizontal,83,033,28
2017,Tabasco,Comalcalco,U3,Horizontal,2,005,27
2015,Coahuila de Zaragoza,San Buenaventura,U2,Horizontal,6,031,05
2015,Veracruz de Ignacio de la Llave,Emiliano Zapata,U1,Horizontal,1,065,30
2016,Nuevo León,Juárez,U3,Horizontal,377,031,19
2015,Hidalgo,Tulancingo de Bravo,U1,Horizontal,21,077,13
2016,Colima,Armería,U1,Horizontal,4,001,06
2017,México,Cuautitlán Izcalli,U2,Horizontal,25,121,15
2017,Chihuahua,Guachochi,U1,Horizontal,5,027,08
2016,Querétaro,San Juan del Río,U3,Horizontal,349,016,22
2016,Jalisco,Guadalajara,U2,Horizontal,14,039,14
2016,Oaxaca,San Jacinto Amilpas,U1,Horizontal,4,157,20
2017,Michoacán de Ocampo,Uruapan,U2,Horizontal,15,102,16
2017,Querétaro,San Juan del Río,FC,Horizontal,92,016,22
2015,Quintana Roo,Solidaridad,U2,Horizontal,5001,008,23
2015,Tabasco,Nacajuca,U2,Horizontal,167,013,27
2016,Ciudad de México,Tlalpan,U1,Vertical,1,012,09
2017,Baja California Sur,Los Cabos,U1,Vertical,6,008,03
2016,Zacatecas,Guadalupe,U2,Horizontal,1165,017,32
2017,Chiapas,Tapachula,FC,Horizontal,21,089,07
2015,Coahuila de Zaragoza,Allende,U2,Horizontal,38,003,05
2017,Guanajuato,Irapuato,U1,Vertical,10,017,11
2015,Puebla,Cuautlancingo,U3,Horizontal,64,041,21
2016,Nuevo León,Santa Catarina,U2,Vertical,60,048,19
2017,Tabasco,Centro,U3,Horizontal,16,004,27
2016,Chiapas,Comitán de Domínguez,U1,Horizontal,1,019,07
2016,Tlaxcala,Zacatelco,U2,Vertical,15,044,29
2017,Jalisco,Puerto Vallarta,FC,Vertical,228,067,14
2015,Jalisco,El Grullo,U3,Horizontal,7,037,14
2017,Yucatán,Valladolid,U3,Horizontal,82,102,31
2017,Chihuahua,Juárez,U1,Horizontal,150,037,08
2016,Zacatecas,Morelos,FC,Horizontal,2,032,32
2017,Guanajuato,Apaseo el Grande,FC,Horizontal,121,005,11
2016,Coahuila de Zaragoza,San Buenaventura,U1,Horizontal,3,031,05
2017,Puebla,Ocoyucan,FC,Horizontal,7,106,21
2016,Durango,Lerdo,U2,Horizontal,341,012,10
2015,Colima,Cuauhtémoc,FC,Horizontal,61,005,06
2015,Zacatecas,Fresnillo,U2,Horizontal,82,010,32
2015,Coahuila de Zaragoza,Nadadores,U2,Horizontal,24,021,05
2016,Nuevo León,Linares,U3,Horizontal,200,033,19
2017,Veracruz de Ignacio de la Llave,Tlapacoyan,FC,Horizontal,1,183,30
2015,Jalisco,Zapopan,U3,Horizontal,672,120,14
2017,Chihuahua,Hidalgo del Parral,U2,Horizontal,36,032,08
2015,Chiapas,Berriozábal,U2,Horizontal,24,012,07
2017,Coahuila de Zaragoza,Matamoros,U3,Vertical,60,017,05
2015,Sinaloa,Mazatlán,U1,Vertical,18,012,25
2015,Veracruz de Ignacio de la Llave,Tuxpan,U3,Horizontal,4,189,30
2015,Coahuila de Zaragoza,Múzquiz,U2,Horizontal,35,020,05
2016,Veracruz de Ignacio de la Llave,Córdoba,FC,Horizontal,62,044,30
2017,Sonora,Caborca,U2,Horizontal,32,017,26
2017,Puebla,Juan C. Bonilla,U1,Vertical,272,090,21
2017,Zacatecas,Río Grande,U2,Horizontal,11,039,32
2017,Guanajuato,León,U3,Vertical,134,020,11
2017,Tlaxcala,Santa Cruz Tlaxcala,U2,Vertical,60,026,29
2016,Baja California Sur,Los Cabos,U3,Vertical,84,008,03
2016,Puebla,Amozoc,U3,Horizontal,8,015,21
2016,Chihuahua,Nuevo Casas Grandes,U1,Horizontal,19,050,08
2016,México,Texcoco,U1,Horizontal,12,099,15
2016,San Luis Potosí,San Luis Potosí,U2,Vertical,90,028,24
2016,Michoacán de Ocampo,Lázaro Cárdenas,U3,Horizontal,8,052,16
2015,Baja California,Tijuana,U3,Vertical,88,004,02
2016,Veracruz de Ignacio de la Llave,Huatusco,U2,Horizontal,2,071,30
2015,Sonora,Guaymas,U2,Horizontal,438,029,26
2017,Baja California,Mexicali,FC,Horizontal,5,002,02
2016,Chiapas,Tapachula,U1,Horizontal,14,089,07
2017,Jalisco,San Pedro Tlaquepaque,U1,Horizontal,9,098,14
2016,Aguascalientes,Pabellón de Arteaga,U2,Horizontal,23,006,01
2016,Michoacán de Ocampo,Maravatío,U2,Horizontal,2,050,16
2017,Jalisco,El Arenal,FC,Horizontal,193,009,14
2015,Yucatán,Tizimín,U2,Horizontal,2,096,31
2016,Tamaulipas,Tampico,FC,Horizontal,3,038,28
2017,Morelos,Ayala,U2,Horizontal,193,004,17
2016,Aguascalientes,Aguascalientes,FC,Horizontal,56,001,01
2017,Guanajuato,León,FC,Horizontal,244,020,11
2016,Veracruz de Ignacio de la Llave,Cosoleacaque,U2,Vertical,192,048,30
2015,Coahuila de Zaragoza,Villa Unión,FC,Horizontal,1,037,05
2015,Hidalgo,Acatlán,FC,Horizontal,4,001,13
2017,Baja California Sur,Comondú,U2,Horizontal,26,001,03
2017,Chihuahua,Aquiles Serdán,U3,Horizontal,28,004,08
2016,San Luis Potosí,San Luis Potosí,U2,Horizontal,1305,028,24
2016,Aguascalientes,Calvillo,FC,Horizontal,6,003,01
2015,Coahuila de Zaragoza,San Pedro,U2,Horizontal,3,033,05
2017,Veracruz de Ignacio de la Llave,Poza Rica de Hidalgo,U2,Horizontal,6,131,30
2016,Puebla,Tehuacán,U2,Horizontal,324,156,21
2017,Michoacán de Ocampo,La Piedad,U2,Vertical,42,069,16
2017,Sinaloa,Mazatlán,U2,Vertical,115,012,25
2016,México,Zinacantepec,FC,Horizontal,4,118,15
2015,Morelos,Yecapixtla,U2,Vertical,18,030,17
2016,Jalisco,Zapopan,FC,Horizontal,1367,120,14
2015,Nuevo León,Pesquería,U2,Horizontal,3425,041,19
2016,Veracruz de Ignacio de la Llave,San Andrés Tuxtla,U3,Horizontal,22,141,30
2015,México,San Mateo Atenco,U2,Horizontal,2,076,15
2015,Aguascalientes,Calvillo,U1,Horizontal,1,003,01
2015,Tlaxcala,La Magdalena Tlaltelulco,U2,Horizontal,2,048,29
2016,Tamaulipas,Matamoros,U2,Horizontal,1067,022,28
2015,Tabasco,Centro,U2,Horizontal,9,004,27
2017,Jalisco,Chapala,U2,Vertical,6,030,14
2016,Jalisco,Tonalá,U3,Vertical,302,101,14
2016,Oaxaca,San Pedro Ixtlahuaca,FC,Horizontal,1,310,20
2017,Jalisco,Zapopan,FC,Horizontal,1023,120,14
2015,Veracruz de Ignacio de la Llave,Xalapa,U2,Horizontal,94,087,30
2016,Michoacán de Ocampo,Apatzingán,U3,Horizontal,23,006,16
2015,Campeche,Campeche,U2,Vertical,224,002,04
2017,Querétaro,El Marqués,U3,Horizontal,317,011,22
2015,Veracruz de Ignacio de la Llave,Xico,FC,Vertical,6,092,30
2017,Guanajuato,Irapuato,FC,Horizontal,32,017,11
2015,Jalisco,Arandas,U1,Horizontal,61,008,14
2015,Jalisco,Juanacatlán,FC,Horizontal,868,051,14
2016,Sonora,San Luis Río Colorado,U3,Horizontal,1,055,26
2016,Jalisco,Tlajomulco de Zúñiga,FC,Vertical,2,097,14
2017,Nuevo León,Sabinas Hidalgo,U2,Horizontal,39,044,19
2016,Jalisco,Ocotlán,U2,Vertical,272,063,14
2017,Coahuila de Zaragoza,Múzquiz,U2,Horizontal,33,020,05
2016,México,Toluca,U3,Horizontal,39,106,15
2016,Guanajuato,Irapuato,U3,Horizontal,92,017,11
2017,Michoacán de Ocampo,Uruapan,U1,Horizontal,10,102,16
2016,Jalisco,Encarnación de Díaz,U3,Horizontal,1,035,14
2016,San Luis Potosí,San Luis Potosí,U1,Vertical,128,028,24
2016,México,Lerma,U3,Horizontal,325,051,15
2016,Sinaloa,Ahome,U2,Horizontal,1202,001,25
2017,Sinaloa,Culiacán,U2,Horizontal,1156,006,25
2016,Jalisco,Zapopan,U3,Horizontal,1090,120,14
2015,Jalisco,Puerto Vallarta,FC,Vertical,276,067,14
2016,Puebla,San Martín Texmelucan,U3,Horizontal,41,132,21
2016,Colima,Manzanillo,U2,Vertical,36,007,06
2016,Quintana Roo,Solidaridad,U3,Vertical,105,008,23
2015,Tlaxcala,Zacatelco,U1,Vertical,2,044,29
2015,Hidalgo,Epazoyucan,U3,Horizontal,11,022,13
2017,Puebla,Tehuacán,U2,Horizontal,257,156,21
2015,Baja California,Tijuana,U1,Horizontal,331,004,02
2016,Chiapas,Comitán de Domínguez,U2,Horizontal,119,019,07
2017,Sonora,Hermosillo,U1,Horizontal,105,030,26
2017,Veracruz de Ignacio de la Llave,Mariano Escobedo,U3,Horizontal,47,101,30
2016,Tamaulipas,Ciudad Madero,U2,Vertical,6,009,28
2016,Jalisco,Tala,U2,Horizontal,248,083,14
2016,Tabasco,Teapa,U3,Horizontal,6,016,27
2016,Veracruz de Ignacio de la Llave,Xalapa,U1,Horizontal,97,087,30
2015,Nuevo León,El Carmen,FC,Horizontal,17,010,19
2016,Jalisco,Tepatitlán de Morelos,FC,Horizontal,29,093,14
2016,Puebla,Coronango,U3,Horizontal,15,034,21
2016,Guanajuato,Irapuato,FC,Horizontal,118,017,11
2016,Hidalgo,Tizayuca,FC,Horizontal,338,069,13
2016,Michoacán de Ocampo,Morelia,U1,Vertical,4,053,16
2016,Hidalgo,Huichapan,FC,Horizontal,3,029,13
2017,Oaxaca,Heroica Ciudad de Huajuapan de León,FC,Horizontal,28,039,20
2017,Oaxaca,Heroica Ciudad de Huajuapan de León,U2,Horizontal,17,039,20
2015,Jalisco,Ocotlán,U3,Horizontal,365,063,14
2015,Chiapas,Chiapa de Corzo,FC,Horizontal,96,027,07
2017,Baja California Sur,Loreto,U3,Horizontal,1,009,03
2016,Puebla,Cuautlancingo,U2,Horizontal,300,041,21
2016,Durango,Gómez Palacio,U1,Horizontal,22,007,10
2017,Sinaloa,Guasave,U3,Horizontal,134,011,25
2015,Colima,Colima,U2,Vertical,12,002,06
2017,Guanajuato,Silao de la Victoria,U2,Horizontal,120,037,11
2017,Guerrero,Acapulco de Juárez,U1,Vertical,290,001,12
2016,Guanajuato,Moroleón,U3,Horizontal,13,021,11
2017,Coahuila de Zaragoza,Torreón,FC,Horizontal,40,035,05
2017,Sonora,Hermosillo,U3,Horizontal,381,030,26
2015,Veracruz de Ignacio de la Llave,Xico,FC,Horizontal,6,092,30
2016,Nuevo León,Cadereyta Jiménez,U2,Vertical,38,009,19
2017,Colima,Colima,U2,Horizontal,401,002,06
2017,Hidalgo,Tulancingo de Bravo,U2,Horizontal,5,077,13
2016,Veracruz de Ignacio de la Llave,Xalapa,U2,Horizontal,30,087,30
2017,Tamaulipas,Valle Hermoso,U2,Horizontal,15,040,28
2015,Baja California Sur,La Paz,U2,Vertical,216,003,03
2015,Tamaulipas,Reynosa,U1,Horizontal,256,032,28
2015,Aguascalientes,Pabellón de Arteaga,U3,Horizontal,14,006,01
2015,Tamaulipas,Tampico,U1,Horizontal,51,038,28
2017,Chihuahua,Cuauhtémoc,U2,Horizontal,418,017,08
2017,Jalisco,Lagos de Moreno,U2,Horizontal,666,053,14
2016,Veracruz de Ignacio de la Llave,Tlapacoyan,FC,Horizontal,1,183,30
2015,México,Tecámac,U2,Vertical,801,081,15
2017,Guanajuato,Romita,U2,Horizontal,4,026,11
2016,Michoacán de Ocampo,Tarímbaro,U2,Vertical,48,088,16
2015,Veracruz de Ignacio de la Llave,Poza Rica de Hidalgo,U2,Vertical,84,131,30
2016,Tlaxcala,Contla de Juan Cuamatzi,U1,Horizontal,2,018,29
2016,Chiapas,Tuxtla Gutiérrez,U2,Horizontal,9,101,07
2017,Puebla,Teziutlán,U2,Horizontal,56,174,21
2016,México,Acolman,U3,Vertical,72,002,15
2017,Puebla,Atlixco,U3,Horizontal,12,019,21
2016,Guanajuato,Guanajuato,U3,Horizontal,7,015,11
2015,Guerrero,Iguala de la Independencia,U3,Horizontal,3,035,12
2015,Michoacán de Ocampo,Zamora,U3,Horizontal,75,108,16
2016,Tabasco,Paraíso,U2,Horizontal,2,014,27
2017,Morelos,Cuautla,U1,Horizontal,2,006,17
2017,Campeche,Calkiní,U3,Horizontal,15,001,04
2017,Jalisco,Guadalajara,U1,Horizontal,25,039,14
2016,Morelos,Tlayacapan,FC,Horizontal,63,026,17
2016,Chihuahua,Juárez,U1,Horizontal,264,037,08
2017,Hidalgo,Epazoyucan,FC,Horizontal,120,022,13
2017,Jalisco,Guadalajara,U1,Vertical,66,039,14
2015,Coahuila de Zaragoza,Ramos Arizpe,U3,Horizontal,32,027,05
2015,Chiapas,San Cristóbal de las Casas,U2,Vertical,1,078,07
2016,Guanajuato,Abasolo,U3,Horizontal,2,001,11
2016,Chiapas,Tuxtla Gutiérrez,U2,Vertical,112,101,07
2015,Jalisco,Zapopan,FC,Vertical,18,120,14
2017,Coahuila de Zaragoza,Frontera,U1,Horizontal,245,010,05
2017,Nayarit,Bahía de Banderas,U2,Vertical,510,020,18
2015,Michoacán de Ocampo,Erongarícuaro,FC,Horizontal,3,032,16
2015,Michoacán de Ocampo,Sahuayo,U1,Horizontal,3,076,16
2015,Guanajuato,Dolores Hidalgo Cuna de la Independencia Nacional,U3,Vertical,42,014,11
2015,Sonora,Nogales,U2,Horizontal,1094,043,26
2015,Nuevo León,San Nicolás de los Garza,U1,Horizontal,1,046,19
2016,Nuevo León,Guadalupe,U1,Horizontal,210,026,19
2017,Veracruz de Ignacio de la Llave,Fortín,U2,Horizontal,4,068,30
2016,Colima,Manzanillo,U1,Horizontal,3,007,06
2016,Sonora,Nogales,U2,Horizontal,1138,043,26
2015,Hidalgo,Santiago Tulantepec de Lugo Guerrero,U2,Horizontal,38,056,13
2016,Ciudad de México,Tláhuac,U2,Vertical,33,011,09
2017,Nuevo León,El Carmen,U3,Horizontal,381,010,19
2015,Coahuila de Zaragoza,Cuatro Ciénegas,FC,Horizontal,1,007,05
2017,Morelos,Cuernavaca,U1,Vertical,17,007,17
2017,Oaxaca,Guadalupe Etla,FC,Horizontal,2,033,20
2017,Tamaulipas,Tampico,U1,Horizontal,26,038,28
2017,Querétaro,Querétaro,U1,Vertical,120,014,22
2016,Guanajuato,San Miguel de Allende,FC,Horizontal,288,003,11
2015,Tabasco,Nacajuca,U3,Horizontal,16,013,27
2015,Puebla,Huauchinango,U2,Horizontal,93,071,21
2016,Tabasco,Cunduacán,U2,Vertical,36,006,27
2017,Jalisco,Encarnación de Díaz,U2,Horizontal,81,035,14
2017,Hidalgo,Tizayuca,U2,Vertical,851,069,13
2016,Nuevo León,Pesquería,FC,Horizontal,503,041,19
2016,Jalisco,San Pedro Tlaquepaque,U2,Vertical,64,098,14
2017,Tlaxcala,Tepeyanco,U3,Horizontal,1,029,29
2016,Guanajuato,Guanajuato,U2,Vertical,204,015,11
2017,Jalisco,Lagos de Moreno,U2,Vertical,27,053,14
2017,Morelos,Temixco,U3,Vertical,88,018,17
2015,Michoacán de Ocampo,Hidalgo,U2,Horizontal,12,034,16
2015,Baja California,Tijuana,U3,Horizontal,298,004,02
2015,Chiapas,Tuxtla Gutiérrez,U2,Vertical,170,101,07
2016,Tlaxcala,La Magdalena Tlaltelulco,U2,Horizontal,2,048,29
2017,Yucatán,Mérida,U1,Horizontal,185,050,31
2016,Yucatán,Umán,U2,Vertical,160,101,31
2017,Nuevo León,El Carmen,FC,Horizontal,10,010,19
2016,Nuevo León,Santa Catarina,U3,Horizontal,2,048,19
2016,Yucatán,Umán,U1,Horizontal,295,101,31
2017,Michoacán de Ocampo,Jacona,U2,Horizontal,8,043,16
2015,Guanajuato,Dolores Hidalgo Cuna de la Independencia Nacional,U2,Vertical,12,014,11
2015,Tlaxcala,Yauhquemehcan,U2,Horizontal,65,043,29
2015,Guanajuato,Apaseo el Grande,FC,Horizontal,200,005,11
2015,San Luis Potosí,Soledad de Graciano Sánchez,U3,Horizontal,61,035,24
2016,Veracruz de Ignacio de la Llave,Cosoleacaque,U3,Horizontal,88,048,30
2015,Guerrero,Acapulco de Juárez,U3,Vertical,156,001,12
2016,Guerrero,Chilpancingo de los Bravo,U2,Vertical,348,029,12
2017,Baja California Sur,La Paz,U2,Vertical,96,003,03
2016,Quintana Roo,Cozumel,U3,Horizontal,220,001,23
2016,Tamaulipas,Victoria,U2,Horizontal,509,041,28
2017,Puebla,Huejotzingo,U3,Horizontal,30,074,21
2017,Campeche,Campeche,U1,Horizontal,1,002,04
2015,Guerrero,Chilpancingo de los Bravo,U3,Vertical,9,029,12
2017,Aguascalientes,Rincón de Romos,U3,Horizontal,26,007,01
2016,Tamaulipas,Nuevo Laredo,U2,Horizontal,177,027,28
2017,Quintana Roo,Solidaridad,U3,Horizontal,46,008,23
2015,Chihuahua,Juárez,U2,Horizontal,3731,037,08
2016,Hidalgo,Mineral de la Reforma,U3,Horizontal,425,051,13
2015,México,Tlalmanalco,U3,Horizontal,52,103,15
2017,Querétaro,El Marqués,U2,Horizontal,1386,011,22
2016,Tlaxcala,Chiautempan,U2,Horizontal,4,010,29
2016,Puebla,Huauchinango,U2,Horizontal,17,071,21
2015,Michoacán de Ocampo,Tarímbaro,U3,Horizontal,15,088,16
2017,Michoacán de Ocampo,Lázaro Cárdenas,U1,Horizontal,10,052,16
2017,Jalisco,Tonalá,U2,Horizontal,15,101,14
2016,Baja California,Tijuana,U3,Horizontal,461,004,02
2017,Zacatecas,Río Grande,U3,Horizontal,3,039,32
2017,Guanajuato,Cortazar,U2,Horizontal,344,011,11
2016,San Luis Potosí,Villa de Reyes,FC,Horizontal,28,050,24
2015,Jalisco,Tonalá,U2,Vertical,967,101,14
2015,Jalisco,Tequila,U2,Horizontal,1,094,14
2017,San Luis Potosí,Soledad de Graciano Sánchez,U3,Horizontal,144,035,24
2017,Sonora,Empalme,U2,Horizontal,19,025,26
2016,Chihuahua,Cuauhtémoc,U3,Horizontal,44,017,08
2015,Baja California Sur,La Paz,U1,Horizontal,29,003,03
2016,México,Almoloya de Juárez,U2,Horizontal,97,005,15
2017,Guanajuato,Apaseo el Grande,U3,Vertical,330,005,11
2017,México,Tianguistenco,U3,Horizontal,187,101,15
2016,Veracruz de Ignacio de la Llave,Coatzacoalcos,U2,Horizontal,225,039,30
2017,Hidalgo,Mineral de la Reforma,FC,Vertical,16,051,13
2017,Nuevo León,Pesquería,U3,Horizontal,90,041,19
2015,Chiapas,Chiapa de Corzo,U3,Horizontal,51,027,07
2015,Durango,Canatlán,FC,Horizontal,2,001,10
2015,Tlaxcala,Huamantla,U1,Horizontal,5,013,29
2017,Yucatán,Izamal,U3,Horizontal,2,040,31
2017,Nayarit,Xalisco,U2,Horizontal,66,008,18
2017,Coahuila de Zaragoza,Sacramento,FC,Horizontal,13,029,05
2015,San Luis Potosí,Villa de Reyes,FC,Horizontal,108,050,24
2016,Baja California,Ensenada,FC,Horizontal,2,001,02
2016,Tabasco,Centro,FC,Vertical,782,004,27
2017,Jalisco,Etzatlán,FC,Horizontal,10,036,14
2017,San Luis Potosí,San Luis Potosí,FC,Horizontal,340,028,24
2015,Ciudad de México,Coyoacán,U2,Vertical,15,003,09
2015,Tlaxcala,Zacatelco,U2,Vertical,18,044,29
2017,Zacatecas,Calera,U1,Horizontal,3,005,32
2015,Nuevo León,El Carmen,U2,Vertical,60,010,19
2015,Coahuila de Zaragoza,Múzquiz,U3,Horizontal,78,020,05
2016,México,Tecámac,U3,Vertical,66,081,15
2016,Coahuila de Zaragoza,Monclova,U2,Horizontal,222,018,05
2016,Nuevo León,El Carmen,FC,Horizontal,21,010,19
2015,Jalisco,Lagos de Moreno,U3,Horizontal,101,053,14
2017,Tamaulipas,Matamoros,U3,Horizontal,172,022,28
2016,Veracruz de Ignacio de la Llave,Medellín de Bravo,U3,Vertical,32,105,30
2015,Querétaro,Querétaro,U2,Vertical,417,014,22
2015,Veracruz de Ignacio de la Llave,Martínez de la Torre,U3,Horizontal,3,102,30
2015,Jalisco,San Juan de los Lagos,U2,Horizontal,122,073,14
2015,Veracruz de Ignacio de la Llave,Veracruz,FC,Horizontal,492,193,30
2016,Nayarit,Xalisco,U1,Horizontal,8,008,18
2017,Tamaulipas,El Mante,U3,Horizontal,1,021,28
2016,Chiapas,Chiapa de Corzo,U2,Horizontal,39,027,07
2017,Guanajuato,Irapuato,U2,Horizontal,440,017,11
2015,Chihuahua,Cuauhtémoc,U1,Horizontal,9,017,08
2016,Ciudad de México,Cuauhtémoc,U1,Vertical,437,015,09
2017,Chiapas,Tonalá,U2,Horizontal,10,097,07
2015,Jalisco,Zapopan,U1,Horizontal,64,120,14
2015,Morelos,Temixco,U3,Vertical,32,018,17
2016,Sinaloa,Mazatlán,U3,Horizontal,37,012,25
2016,Campeche,Campeche,U1,Horizontal,1,002,04
2015,Tamaulipas,Matamoros,U3,Horizontal,31,022,28
2016,San Luis Potosí,Soledad de Graciano Sánchez,U2,Horizontal,1594,035,24
2016,México,Calimaya,U3,Horizontal,30,018,15
2017,Zacatecas,Jalpa,FC,Horizontal,1,019,32
2016,Jalisco,Juanacatlán,FC,Horizontal,951,051,14
2017,Sonora,Cajeme,FC,Horizontal,92,018,26
2015,Oaxaca,Heroica Ciudad de Huajuapan de León,FC,Horizontal,20,039,20
2017,Querétaro,Corregidora,U2,Horizontal,179,006,22
2016,Coahuila de Zaragoza,Torreón,U3,Horizontal,172,035,05
2016,Sonora,Cumpas,FC,Horizontal,9,023,26
2016,Coahuila de Zaragoza,Acuña,U1,Horizontal,221,002,05
2017,Veracruz de Ignacio de la Llave,Coatzacoalcos,U3,Horizontal,68,039,30
2015,Hidalgo,Tulancingo de Bravo,FC,Horizontal,7,077,13
2016,Guanajuato,Irapuato,U2,Horizontal,277,017,11
2017,México,Lerma,U2,Horizontal,18,051,15
2015,Hidalgo,Pachuca de Soto,U1,Horizontal,35,048,13
2015,Hidalgo,Tizayuca,U3,Horizontal,83,069,13
2015,Veracruz de Ignacio de la Llave,Medellín de Bravo,U2,Horizontal,843,105,30
2016,Guerrero,Quechultenango,FC,Horizontal,7,051,12
2015,Aguascalientes,Jesús María,FC,Horizontal,46,005,01
2017,Guanajuato,Purísima del Rincón,U3,Horizontal,1,025,11
2015,Colima,Colima,FC,Horizontal,8,002,06
2015,Puebla,San Salvador el Verde,FC,Horizontal,7,143,21
2017,Hidalgo,Santiago Tulantepec de Lugo Guerrero,U3,Horizontal,17,056,13
2017,Hidalgo,Ixmiquilpan,U1,Horizontal,2,030,13
2015,Chihuahua,Cuauhtémoc,FC,Horizontal,30,017,08
2017,Baja California Sur,Los Cabos,U1,Horizontal,1,008,03
2016,Coahuila de Zaragoza,Matamoros,U3,Horizontal,105,017,05
2015,Morelos,Ayala,FC,Horizontal,81,004,17
2016,Veracruz de Ignacio de la Llave,Coatzacoalcos,U2,Vertical,582,039,30
2017,Guanajuato,Villagrán,FC,Horizontal,86,044,11
2017,Yucatán,Conkal,U2,Horizontal,97,013,31
2015,Tlaxcala,Apizaco,U2,Horizontal,18,005,29
2017,Puebla,Amozoc,U1,Horizontal,27,015,21
2017,Guanajuato,Guanajuato,U2,Horizontal,142,015,11
2016,Veracruz de Ignacio de la Llave,Cosoleacaque,U1,Vertical,109,048,30
2015,Hidalgo,Tolcayuca,FC,Horizontal,371,075,13
2016,Michoacán de Ocampo,Lázaro Cárdenas,FC,Horizontal,2,052,16
2016,Nayarit,Tepic,U2,Vertical,760,017,18
2015,Jalisco,Tonalá,FC,Horizontal,554,101,14
2016,Tamaulipas,Altamira,U3,Vertical,344,003,28
2015,Michoacán de Ocampo,Zamora,U1,Horizontal,57,108,16
2015,Michoacán de Ocampo,La Piedad,U2,Horizontal,118,069,16
2017,Jalisco,Tala,U3,Horizontal,6,083,14
2016,Guanajuato,Silao de la Victoria,U2,Horizontal,59,037,11
2015,Michoacán de Ocampo,Morelia,U3,Horizontal,73,053,16
2016,Yucatán,Oxkutzcab,U2,Horizontal,5,056,31
2017,Aguascalientes,Aguascalientes,U1,Horizontal,310,001,01
2017,Puebla,Cuautlancingo,U2,Horizontal,131,041,21
2016,Oaxaca,Santa María Atzompa,U3,Horizontal,17,399,20
2017,Nayarit,Bahía de Banderas,FC,Horizontal,10,020,18
2016,Michoacán de Ocampo,Tarímbaro,U3,Horizontal,20,088,16
2017,San Luis Potosí,Tamuín,U1,Horizontal,1,040,24
2016,Morelos,Emiliano Zapata,U2,Horizontal,101,008,17
2015,Durango,Durango,U3,Horizontal,177,005,10
2017,Hidalgo,Epazoyucan,FC,Vertical,60,022,13
2016,Tamaulipas,Nuevo Laredo,U3,Horizontal,74,027,28
2015,Ciudad de México,Gustavo A. Madero,U1,Vertical,201,005,09
2015,Sonora,Navojoa,U3,Horizontal,29,042,26
2016,Guanajuato,San Francisco del Rincón,U2,Horizontal,106,031,11
2016,México,Texcoco,U2,Vertical,60,099,15
2016,Tabasco,Cárdenas,U3,Horizontal,1,002,27
2015,Michoacán de Ocampo,Apatzingán,U2,Horizontal,24,006,16
2015,Sonora,General Plutarco Elías Calles,U1,Horizontal,9,070,26
2015,Jalisco,Puerto Vallarta,U3,Horizontal,36,067,14
2015,Oaxaca,Santa Cruz Xoxocotlán,FC,Horizontal,2,385,20
2017,Aguascalientes,Jesús María,U3,Horizontal,138,005,01
2016,Quintana Roo,Othón P. Blanco,U3,Horizontal,27,004,23
2016,Baja California Sur,Mulegé,FC,Horizontal,24,002,03
2015,Guanajuato,Villagrán,FC,Horizontal,180,044,11
2015,Tamaulipas,Matamoros,U2,Horizontal,1994,022,28
2015,Guanajuato,Celaya,FC,Horizontal,12,007,11
2017,Colima,Manzanillo,U3,Vertical,59,007,06
2015,Coahuila de Zaragoza,Acuña,U3,Horizontal,113,002,05
2015,Veracruz de Ignacio de la Llave,Pánuco,U1,Horizontal,6,123,30
2016,Tamaulipas,Victoria,FC,Horizontal,74,041,28
2016,Chihuahua,Hidalgo del Parral,U2,Horizontal,101,032,08
2016,Campeche,Campeche,U2,Vertical,144,002,04
2016,México,Capulhuac,U3,Horizontal,5,019,15
2016,Hidalgo,Pachuca de Soto,U2,Horizontal,756,048,13
2015,Tabasco,Cárdenas,U3,Horizontal,1,002,27
2017,México,Texcoco,U2,Horizontal,125,099,15
2017,Querétaro,Corregidora,U3,Horizontal,162,006,22
2015,Jalisco,Ocotlán,U2,Vertical,144,063,14
2015,Sonora,Empalme,FC,Horizontal,5,025,26
2016,Tabasco,Jalpa de Méndez,U1,Horizontal,7,010,27
2016,Morelos,Jiutepec,U1,Horizontal,37,011,17
2017,Morelos,Jojutla,FC,Horizontal,171,012,17
2016,Guanajuato,Salamanca,U1,Horizontal,11,027,11
2015,México,Tlalnepantla de Baz,U1,Vertical,103,104,15
2017,Tlaxcala,Xicohtzinco,U2,Horizontal,2,042,29
2016,Tamaulipas,Tampico,U2,Horizontal,65,038,28
2015,Morelos,Cuautla,U3,Horizontal,3,006,17
2017,Jalisco,Tlajomulco de Zúñiga,U3,Horizontal,311,097,14
2015,Querétaro,San Juan del Río,U2,Vertical,8,016,22
2016,Michoacán de Ocampo,Uruapan,U1,Horizontal,10,102,16
2016,Veracruz de Ignacio de la Llave,Veracruz,U3,Vertical,68,193,30
2016,Colima,Colima,FC,Horizontal,11,002,06
2016,Quintana Roo,Cozumel,U2,Horizontal,296,001,23
2015,Guanajuato,San José Iturbide,U3,Horizontal,128,032,11
2016,Coahuila de Zaragoza,Castaños,U2,Horizontal,9,006,05
2016,Coahuila de Zaragoza,Acuña,FC,Horizontal,5,002,05
2016,Puebla,Puebla,U1,Vertical,491,114,21
2016,Michoacán de Ocampo,Pátzcuaro,U1,Horizontal,1,066,16
2016,Guanajuato,Irapuato,U1,Vertical,1,017,11
2016,Ciudad de México,Azcapotzalco,U2,Vertical,9,002,09
2017,Chiapas,Cintalapa de Figueroa,U1,Horizontal,2,017,07
2016,Nayarit,Compostela,U2,Horizontal,11,004,18
2015,Jalisco,Tepatitlán de Morelos,FC,Horizontal,67,093,14
2015,Guanajuato,San Miguel de Allende,U1,Horizontal,3,003,11
2016,Sonora,General Plutarco Elías Calles,FC,Horizontal,8,070,26
2017,San Luis Potosí,San Luis Potosí,U3,Horizontal,109,028,24
2015,Guerrero,Iguala de la Independencia,U2,Horizontal,22,035,12
2015,Sinaloa,Mazatlán,FC,Horizontal,17,012,25
2015,Aguascalientes,San Francisco de los Romo,U2,Horizontal,504,011,01
2015,Sinaloa,Culiacán,U1,Vertical,8,006,25
2015,Veracruz de Ignacio de la Llave,Cosoleacaque,U3,Horizontal,94,048,30
2017,Puebla,Teteles de Ávila Castillo,U2,Horizontal,1,173,21
2017,Oaxaca,Cuilápam de Guerrero,FC,Horizontal,40,023,20
2017,Chihuahua,Guachochi,FC,Horizontal,61,027,08
2017,Hidalgo,Tizayuca,U1,Horizontal,1314,069,13
2017,Tlaxcala,Tlaxcala,U2,Horizontal,107,033,29
2017,Veracruz de Ignacio de la Llave,Córdoba,FC,Horizontal,40,044,30
2016,Yucatán,Izamal,U3,Horizontal,1,040,31
2016,Michoacán de Ocampo,Apatzingán,FC,Horizontal,2,006,16
2015,Chiapas,Ocosingo,U2,Horizontal,7,059,07
2015,Guerrero,Iguala de la Independencia,U1,Horizontal,100,035,12
2017,Chiapas,San Fernando,FC,Horizontal,1,079,07
2016,Guanajuato,Apaseo el Grande,FC,Horizontal,258,005,11
2015,Puebla,Coronango,U1,Vertical,18,034,21
2016,Veracruz de Ignacio de la Llave,Poza Rica de Hidalgo,FC,Horizontal,1,131,30
2017,México,Chicoloapan,U2,Horizontal,86,029,15
2015,Chihuahua,Chihuahua,FC,Horizontal,349,019,08
2015,Puebla,Puebla,U1,Vertical,21,114,21
2017,Michoacán de Ocampo,Lázaro Cárdenas,U1,Vertical,17,052,16
2017,Coahuila de Zaragoza,Arteaga,U1,Horizontal,30,004,05
2015,Nayarit,Compostela,U2,Horizontal,1,004,18
2017,Puebla,Amozoc,U2,Vertical,20,015,21
2015,Veracruz de Ignacio de la Llave,Tlapacoyan,FC,Horizontal,4,183,30
2015,México,Tlalnepantla de Baz,U1,Horizontal,51,104,15
2016,Coahuila de Zaragoza,Torreón,U2,Horizontal,3053,035,05
2017,Guanajuato,San Luis de la Paz,FC,Horizontal,3,033,11
2017,Puebla,Coronango,U2,Vertical,330,034,21
2017,Coahuila de Zaragoza,Cuatro Ciénegas,FC,Horizontal,2,007,05
2017,Puebla,Tehuacán,U1,Vertical,12,156,21
2016,Jalisco,San Pedro Tlaquepaque,U1,Horizontal,2,098,14
2015,Jalisco,Tepatitlán de Morelos,U3,Horizontal,42,093,14
2017,Morelos,Emiliano Zapata,U1,Horizontal,189,008,17
2017,Veracruz de Ignacio de la Llave,Emiliano Zapata,FC,Horizontal,1,065,30
2016,Oaxaca,Heroica Ciudad de Huajuapan de León,U2,Horizontal,13,039,20
2017,San Luis Potosí,Matehuala,U2,Horizontal,70,020,24
2017,Hidalgo,Atotonilco de Tula,U2,Horizontal,28,013,13
2015,Chihuahua,Juárez,FC,Horizontal,24,037,08
2016,Guanajuato,Purísima del Rincón,U2,Horizontal,3,025,11
2016,Puebla,Cuautlancingo,U1,Horizontal,484,041,21
2016,Jalisco,Ocotlán,U1,Horizontal,2,063,14
2017,Morelos,Yecapixtla,U3,Vertical,34,030,17
2015,Aguascalientes,Pabellón de Arteaga,U2,Horizontal,81,006,01
2015,Tamaulipas,Nuevo Laredo,U3,Horizontal,42,027,28
2015,Michoacán de Ocampo,Morelia,FC,Horizontal,92,053,16
2017,San Luis Potosí,San Luis Potosí,U1,Horizontal,289,028,24
2016,Durango,Durango,U2,Vertical,128,005,10
2016,Jalisco,Puerto Vallarta,U2,Vertical,45,067,14
2017,Tabasco,Nacajuca,U2,Horizontal,49,013,27
2017,Hidalgo,Atotonilco de Tula,U2,Vertical,145,013,13
2017,Yucatán,Kanasín,U2,Vertical,264,041,31
2017,Michoacán de Ocampo,Tarímbaro,U2,Horizontal,26,088,16
2016,Morelos,Jojutla,U3,Horizontal,174,012,17
2015,Jalisco,Puerto Vallarta,U2,Horizontal,149,067,14
2015,Chihuahua,Ascensión,FC,Horizontal,172,005,08
2015,Baja California,Tecate,FC,Horizontal,10,003,02
2015,Oaxaca,Guadalupe Etla,FC,Horizontal,4,033,20
2015,Michoacán de Ocampo,Morelia,U2,Vertical,2143,053,16
2016,Tabasco,Nacajuca,FC,Horizontal,5,013,27
2017,Puebla,Puebla,U3,Vertical,47,114,21
2017,Coahuila de Zaragoza,Torreón,U3,Horizontal,96,035,05
2015,Quintana Roo,Felipe Carrillo Puerto,U3,Horizontal,11,002,23
2016,Puebla,Izúcar de Matamoros,U2,Horizontal,12,085,21
2016,Campeche,Tenabo,FC,Horizontal,11,008,04
2015,Coahuila de Zaragoza,Sabinas,U2,Horizontal,370,028,05
2017,Guerrero,Chilpancingo de los Bravo,U2,Vertical,162,029,12
2017,Aguascalientes,Calvillo,FC,Horizontal,2,003,01
2015,Coahuila de Zaragoza,San Juan de Sabinas,U2,Horizontal,9,032,05
2015,México,Toluca,U1,Horizontal,74,106,15
2016,México,Nextlalpan,U2,Horizontal,769,059,15
2017,Chihuahua,Allende,FC,Horizontal,2,003,08
2016,Sonora,San Luis Río Colorado,U1,Horizontal,31,055,26
2016,Veracruz de Ignacio de la Llave,Córdoba,U2,Horizontal,67,044,30
2015,Quintana Roo,Solidaridad,U3,Horizontal,250,008,23
2016,Aguascalientes,Aguascalientes,U2,Horizontal,3887,001,01
2016,Sinaloa,Ahome,U3,Horizontal,75,001,25
2017,México,Toluca,U2,Horizontal,12,106,15
2015,México,Huehuetoca,U2,Horizontal,1056,035,15
2015,Oaxaca,Santa María Atzompa,U2,Horizontal,6,399,20
2015,México,Tlalnepantla de Baz,U2,Vertical,6,104,15
2015,Puebla,Izúcar de Matamoros,U1,Horizontal,4,085,21
2017,Jalisco,Zapopan,FC,Vertical,972,120,14
2015,Chiapas,Villaflores,U2,Horizontal,2,108,07
2016,Zacatecas,Loreto,U2,Horizontal,3,024,32
2017,Morelos,Yecapixtla,U2,Horizontal,15,030,17
2015,Jalisco,Ixtlahuacán de los Membrillos,U2,Horizontal,98,044,14
2016,Nuevo León,Apodaca,U1,Horizontal,524,006,19
2017,Nuevo León,Apodaca,U1,Vertical,1,006,19
2017,México,Nezahualcóyotl,U2,Vertical,5,058,15
2017,Michoacán de Ocampo,Tarímbaro,FC,Horizontal,3,088,16
2016,San Luis Potosí,Cerritos,U2,Horizontal,20,008,24
2017,Nuevo León,Ciénega de Flores,U2,Horizontal,1138,012,19
2017,Jalisco,Tlajomulco de Zúñiga,U2,Vertical,1137,097,14
2017,Ciudad de México,Miguel Hidalgo,U1,Vertical,13,016,09
2015,Morelos,Jojutla,FC,Vertical,12,012,17
2017,Jalisco,Zacoalco de Torres,U2,Horizontal,14,119,14
2015,Guanajuato,León,U2,Horizontal,2591,020,11
2016,Chiapas,Chiapa de Corzo,FC,Horizontal,56,027,07
2015,Nuevo León,Apodaca,U3,Horizontal,983,006,19
2016,Durango,Lerdo,U1,Horizontal,179,012,10
2015,Baja California,Mexicali,FC,Horizontal,65,002,02
2017,Zacatecas,Calera,U3,Horizontal,18,005,32
2015,Morelos,Yautepec,FC,Vertical,69,029,17
2017,Guanajuato,Purísima del Rincón,FC,Horizontal,6,025,11
2015,Oaxaca,San Pedro Ixtlahuaca,FC,Horizontal,3,310,20
2017,Veracruz de Ignacio de la Llave,Coatzacoalcos,U2,Vertical,196,039,30
2017,Morelos,Temixco,U3,Horizontal,18,018,17
2017,Colima,Tecomán,U2,Horizontal,1,009,06
2015,Colima,Manzanillo,U3,Vertical,48,007,06
2017,Sonora,Cananea,U1,Horizontal,5,019,26
2015,Sonora,Empalme,U2,Horizontal,27,025,26
2016,Guerrero,Iguala de la Independencia,U1,Vertical,3,035,12
2015,Tamaulipas,Valle Hermoso,U2,Horizontal,21,040,28
2017,Jalisco,Sayula,U2,Horizontal,20,082,14
2016,Nuevo León,Salinas Victoria,U3,Horizontal,389,045,19
2017,Nuevo León,Guadalupe,U2,Horizontal,90,026,19
2015,Ciudad de México,Benito Juárez,U1,Vertical,62,014,09
2016,Sonora,Caborca,U2,Horizontal,40,017,26
2017,Baja California,Tijuana,U2,Vertical,280,004,02
2017,Veracruz de Ignacio de la Llave,Río Blanco,U2,Vertical,6,138,30
2017,México,Zumpango,U2,Vertical,1174,120,15
2015,México,Nextlalpan,U2,Vertical,673,059,15
2017,Nuevo León,Guadalupe,U3,Horizontal,257,026,19
2017,Sonora,Nogales,FC,Horizontal,7,043,26
2015,Tabasco,Nacajuca,U2,Vertical,1216,013,27
2017,Hidalgo,Tula de Allende,FC,Horizontal,4,076,13
2016,Puebla,San Salvador el Verde,FC,Horizontal,3,143,21
2016,Oaxaca,Santa Cruz Xoxocotlán,FC,Horizontal,1,385,20
2017,Colima,Manzanillo,U1,Vertical,48,007,06
2015,Veracruz de Ignacio de la Llave,Fortín,FC,Horizontal,1,068,30
2017,Guerrero,Chilpancingo de los Bravo,U1,Horizontal,9,029,12
2017,Durango,Lerdo,U3,Horizontal,51,012,10
2017,Puebla,San Salvador el Verde,FC,Horizontal,1,143,21
2016,Zacatecas,Juan Aldama,U2,Horizontal,100,022,32
2015,Guanajuato,Irapuato,U3,Horizontal,144,017,11
2017,Jalisco,Encarnación de Díaz,U3,Horizontal,1,035,14
2017,Nuevo León,García,U2,Horizontal,3648,018,19
2017,Sinaloa,Mazatlán,U1,Vertical,31,012,25
2015,Aguascalientes,Aguascalientes,U3,Vertical,150,001,01
2017,Nuevo León,Pesquería,U2,Horizontal,2274,041,19
2015,México,Atizapán de Zaragoza,U2,Vertical,9,013,15
2015,Morelos,Jojutla,FC,Horizontal,338,012,17
2016,Jalisco,El Salto,U3,Horizontal,510,070,14
2015,Puebla,San Martín Texmelucan,U2,Horizontal,2,132,21
2015,Nuevo León,Juárez,U2,Horizontal,7664,031,19
2015,Chihuahua,Cuauhtémoc,U2,Horizontal,513,017,08
2017,Coahuila de Zaragoza,Castaños,U2,Horizontal,35,006,05
2015,Jalisco,Ixtlahuacán de los Membrillos,U3,Vertical,42,044,14
2016,Baja California,Mexicali,U2,Horizontal,1634,002,02
2015,México,Nezahualcóyotl,U2,Vertical,5,058,15
2017,Baja California,Tijuana,U3,Horizontal,456,004,02
2015,Guerrero,Tixtla de Guerrero,FC,Horizontal,2,061,12
2015,Guanajuato,León,U1,Vertical,106,020,11
2017,Sonora,Puerto Peñasco,U3,Horizontal,225,048,26
2017,Sonora,Caborca,U1,Horizontal,4,017,26
2017,Tamaulipas,Reynosa,FC,Horizontal,46,032,28
2015,Sonora,San Luis Río Colorado,U1,Horizontal,28,055,26
2016,Guanajuato,Apaseo el Grande,FC,Vertical,170,005,11
2015,Puebla,Cuautlancingo,U2,Horizontal,76,041,21
2015,Coahuila de Zaragoza,Castaños,U2,Horizontal,12,006,05
2016,Hidalgo,Mineral de la Reforma,U1,Horizontal,25,051,13
2017,Querétaro,Querétaro,FC,Horizontal,47,014,22
2016,Jalisco,Chapala,U2,Vertical,30,030,14
2017,Chiapas,Tuxtla Gutiérrez,U1,Horizontal,8,101,07
2016,Ciudad de México,Iztapalapa,U1,Vertical,310,007,09
2016,México,Tecámac,U1,Horizontal,721,081,15
2017,Coahuila de Zaragoza,San Juan de Sabinas,FC,Horizontal,34,032,05
2015,Jalisco,Zapotlán el Grande,U2,Horizontal,188,023,14
2015,Puebla,Cuautlancingo,U2,Vertical,100,041,21
2015,Puebla,Coronango,U1,Horizontal,156,034,21
2015,Michoacán de Ocampo,Tarímbaro,FC,Vertical,32,088,16
2015,Hidalgo,Ixmiquilpan,U2,Horizontal,3,030,13
2015,San Luis Potosí,San Luis Potosí,U2,Vertical,106,028,24
2016,México,Tonanitla,U2,Vertical,110,125,15
2017,México,La Paz,U1,Horizontal,12,070,15
2016,Coahuila de Zaragoza,Torreón,U1,Horizontal,140,035,05
2016,México,Coacalco de Berriozábal,U2,Vertical,213,020,15
2015,Nuevo León,Cerralvo,FC,Horizontal,20,011,19
2016,Jalisco,Arandas,FC,Horizontal,1,008,14
2015,Sonora,Nogales,FC,Horizontal,13,043,26
2015,Puebla,Chalchicomula de Sesma,FC,Horizontal,29,045,21
2016,Veracruz de Ignacio de la Llave,Coatzintla,FC,Horizontal,50,040,30
2017,Chiapas,Chiapa de Corzo,U2,Horizontal,1,027,07
2016,Baja California Sur,La Paz,U1,Horizontal,9,003,03
2015,Puebla,Amozoc,U3,Horizontal,1,015,21
2016,Tabasco,Comalcalco,FC,Horizontal,8,005,27
2017,San Luis Potosí,Ciudad Valles,U1,Horizontal,1,013,24
2017,Oaxaca,Santa Cruz Xoxocotlán,U2,Horizontal,17,385,20
2016,Hidalgo,Apan,U2,Horizontal,32,008,13
2015,Michoacán de Ocampo,Morelia,FC,Vertical,20,053,16
2015,Coahuila de Zaragoza,Piedras Negras,U3,Horizontal,8,025,05
2017,Michoacán de Ocampo,Uruapan,U1,Vertical,160,102,16
2016,Tlaxcala,Tlaxco,U3,Horizontal,2,034,29
2016,Nayarit,Tepic,U3,Horizontal,141,017,18
2017,Morelos,Tlaltizapán de Zapata,FC,Vertical,188,024,17
2017,Jalisco,Encarnación de Díaz,FC,Horizontal,15,035,14
2017,Puebla,Puebla,FC,Horizontal,11,114,21
2015,Zacatecas,Zacatecas,U2,Horizontal,42,056,32
2016,Nayarit,Ixtlán del Río,U3,Horizontal,9,006,18
2017,Nuevo León,García,FC,Horizontal,56,018,19
2016,Tabasco,Centro,U2,Vertical,288,004,27
2016,México,Temascalapa,U3,Horizontal,125,084,15
2015,Yucatán,Kanasín,U1,Horizontal,55,041,31
2016,Zacatecas,Pinos,FC,Horizontal,9,038,32
2015,México,Zumpango,U3,Horizontal,115,120,15
2016,Michoacán de Ocampo,Zitácuaro,U3,Horizontal,1,112,16
2015,Colima,Colima,U2,Horizontal,499,002,06
2017,Chiapas,Cintalapa de Figueroa,U3,Horizontal,3,017,07
2016,Jalisco,Arandas,U2,Horizontal,6,008,14
2017,Tabasco,Centla,U2,Horizontal,4,003,27
2017,Hidalgo,Apan,U2,Horizontal,4,008,13
2015,México,Atizapán de Zaragoza,U1,Vertical,2,013,15
2017,Michoacán de Ocampo,La Piedad,U2,Horizontal,219,069,16
2015,Puebla,Chignahuapan,U3,Horizontal,4,053,21
2017,Baja California,Playas de Rosarito,FC,Horizontal,130,005,02
2017,Veracruz de Ignacio de la Llave,Ixtaczoquitlán,U3,Vertical,120,085,30
2015,Guanajuato,Apaseo el Grande,U1,Horizontal,3,005,11
2015,Michoacán de Ocampo,Morelia,U1,Vertical,150,053,16
2017,Michoacán de Ocampo,Morelia,U3,Horizontal,243,053,16
2016,Nuevo León,García,U3,Vertical,108,018,19
2015,Yucatán,Mérida,U2,Horizontal,4759,050,31
2015,Yucatán,Valladolid,U2,Horizontal,16,102,31
2017,Nuevo León,Guadalupe,U1,Horizontal,140,026,19
2017,Ciudad de México,Azcapotzalco,U2,Vertical,20,002,09
2016,Sonora,Cajeme,U1,Horizontal,3,018,26
2017,Guanajuato,León,U3,Horizontal,432,020,11
2016,Guanajuato,Salamanca,U3,Horizontal,62,027,11
2016,Hidalgo,Mineral de la Reforma,U2,Horizontal,196,051,13
2016,Tabasco,Teapa,U2,Horizontal,9,016,27
2016,Yucatán,Kanasín,U1,Horizontal,16,041,31
2015,Ciudad de México,Cuauhtémoc,U1,Vertical,174,015,09
2017,Chiapas,Berriozábal,FC,Vertical,184,012,07
2015,Guanajuato,Guanajuato,FC,Horizontal,6,015,11
2016,Jalisco,San Miguel el Alto,U1,Horizontal,1,078,14
2015,Michoacán de Ocampo,Morelia,U1,Horizontal,424,053,16
2017,Quintana Roo,Benito Juárez,FC,Vertical,48,005,23
2017,Puebla,Atlixco,U2,Horizontal,7,019,21
2015,San Luis Potosí,San Luis Potosí,U1,Horizontal,437,028,24
2016,Jalisco,Zapotlán el Grande,U2,Horizontal,154,023,14
2015,Yucatán,Umán,U1,Vertical,168,101,31
2015,Veracruz de Ignacio de la Llave,Río Blanco,U2,Horizontal,233,138,30
2017,Quintana Roo,Solidaridad,FC,Horizontal,12,008,23
2017,Nuevo León,García,U1,Horizontal,311,018,19
2015,México,Coacalco de Berriozábal,U1,Horizontal,9,020,15
2015,Yucatán,Motul,FC,Horizontal,2,052,31
2015,Guanajuato,León,U3,Horizontal,1001,020,11
2017,Michoacán de Ocampo,La Piedad,U3,Horizontal,70,069,16
2016,Jalisco,Encarnación de Díaz,U2,Horizontal,87,035,14
2017,Querétaro,Querétaro,U3,Vertical,81,014,22
2015,Guanajuato,Salamanca,U2,Horizontal,266,027,11
2016,Coahuila de Zaragoza,Zaragoza,FC,Horizontal,2,038,05
2015,Nuevo León,Montemorelos,U1,Horizontal,5,038,19
2016,Hidalgo,Pachuca de Soto,U1,Horizontal,1,048,13
2017,Ciudad de México,Venustiano Carranza,U1,Vertical,164,017,09
2017,Chiapas,Chiapa de Corzo,U3,Horizontal,11,027,07
2016,Yucatán,Chicxulub Pueblo,FC,Horizontal,1,020,31
2016,Guanajuato,Villagrán,U2,Vertical,168,044,11
2017,Coahuila de Zaragoza,Múzquiz,U1,Horizontal,17,020,05
2016,Tlaxcala,Yauhquemehcan,U1,Vertical,110,043,29
2017,Guerrero,Zihuatanejo de Azueta,FC,Vertical,18,038,12
2015,Puebla,Coronango,U2,Vertical,163,034,21
2017,Tlaxcala,Contla de Juan Cuamatzi,U2,Horizontal,2,018,29
2017,Puebla,Izúcar de Matamoros,U2,Horizontal,38,085,21
2016,Guanajuato,Irapuato,U1,Horizontal,94,017,11
2015,Nuevo León,Montemorelos,U2,Horizontal,375,038,19
2017,Tabasco,Jalpa de Méndez,U1,Horizontal,8,010,27
2016,Tlaxcala,Santa Cruz Tlaxcala,U3,Horizontal,3,026,29
2015,Nuevo León,Ciénega de Flores,U3,Horizontal,346,012,19
2017,Baja California Sur,Los Cabos,U3,Horizontal,22,008,03
2015,Hidalgo,Atotonilco de Tula,U3,Horizontal,70,013,13
2015,Zacatecas,Fresnillo,U3,Horizontal,1,010,32
2015,Guanajuato,Moroleón,U3,Horizontal,27,021,11
2015,Yucatán,Progreso,FC,Horizontal,8,059,31
2016,Sonora,Cananea,U3,Horizontal,33,019,26
2015,Campeche,Campeche,U2,Horizontal,136,002,04
2017,Chiapas,Tuxtla Gutiérrez,U2,Vertical,394,101,07
2017,Yucatán,Kanasín,U1,Horizontal,8,041,31
2015,Durango,Gómez Palacio,U1,Horizontal,28,007,10
2015,Jalisco,Cocula,FC,Horizontal,41,024,14
2016,Guerrero,Coyuca de Benítez,FC,Horizontal,2,021,12
2015,Veracruz de Ignacio de la Llave,Córdoba,U2,Horizontal,20,044,30
2017,Veracruz de Ignacio de la Llave,Xalapa,FC,Vertical,370,087,30
2017,Sinaloa,Culiacán,U3,Horizontal,744,006,25
2016,Sonora,Hermosillo,U1,Horizontal,104,030,26
2017,México,Huehuetoca,U3,Vertical,660,035,15
2017,Nayarit,Xalisco,U3,Horizontal,39,008,18
2016,Jalisco,Atotonilco el Alto,U1,Horizontal,171,013,14
2017,Guanajuato,San Miguel de Allende,U2,Horizontal,5,003,11
2015,Veracruz de Ignacio de la Llave,Orizaba,U2,Horizontal,1,118,30
2015,Guanajuato,Irapuato,U2,Vertical,6,017,11
2016,Veracruz de Ignacio de la Llave,Nogales,U2,Vertical,3,115,30
2017,Tabasco,Comalcalco,FC,Horizontal,4,005,27
2017,Sinaloa,Escuinapa,U3,Horizontal,4,009,25
2017,Zacatecas,Zacatecas,FC,Horizontal,8,056,32
2017,Colima,Manzanillo,U3,Horizontal,147,007,06
2017,Colima,Villa de Álvarez,U1,Horizontal,26,010,06
2015,Guerrero,Zihuatanejo de Azueta,U3,Horizontal,4,038,12
2015,Nuevo León,General Escobedo,U3,Horizontal,251,021,19
2016,San Luis Potosí,Ciudad Valles,U2,Horizontal,76,013,24
2017,Querétaro,El Marqués,U2,Vertical,198,011,22
2016,Oaxaca,Tlacolula de Matamoros,FC,Vertical,276,551,20
2017,Sinaloa,Navolato,FC,Vertical,6,018,25
2016,Sinaloa,Mazatlán,U2,Vertical,154,012,25
2015,Veracruz de Ignacio de la Llave,Xalapa,U2,Vertical,5,087,30
2015,Guanajuato,San Francisco del Rincón,U1,Horizontal,1,031,11
2016,Morelos,Emiliano Zapata,U2,Vertical,205,008,17
2015,Guanajuato,Guanajuato,U3,Horizontal,21,015,11
2016,Oaxaca,Santa Cruz Xoxocotlán,U2,Horizontal,62,385,20
2016,Zacatecas,Calera,U2,Horizontal,5,005,32
2016,Yucatán,Dzemul,FC,Horizontal,1,026,31
2017,Morelos,Yecapixtla,U2,Vertical,229,030,17
2016,Hidalgo,Zempoala,U3,Horizontal,261,083,13
2016,Baja California Sur,La Paz,U2,Vertical,72,003,03
2016,Veracruz de Ignacio de la Llave,Cosoleacaque,FC,Horizontal,12,048,30
2017,Guanajuato,Celaya,U3,Vertical,174,007,11
2017,Morelos,Ayala,FC,Horizontal,145,004,17
2015,Veracruz de Ignacio de la Llave,Orizaba,U1,Horizontal,1,118,30
2017,Yucatán,Valladolid,FC,Horizontal,3,102,31
2017,Nuevo León,Juárez,U2,Horizontal,6627,031,19
2015,Sonora,Empalme,U3,Horizontal,45,025,26
2017,Chiapas,Tuxtla Gutiérrez,U3,Horizontal,8,101,07
2016,Tlaxcala,Ixtacuixtla de Mariano Matamoros,U2,Horizontal,4,015,29
2015,Sinaloa,Mazatlán,U3,Horizontal,72,012,25
2016,Chihuahua,Juárez,FC,Horizontal,11,037,08
2017,Michoacán de Ocampo,Apatzingán,U3,Horizontal,36,006,16
2015,San Luis Potosí,Salinas,U2,Horizontal,12,025,24
2015,México,Zinacantepec,FC,Horizontal,14,118,15
2015,Querétaro,San Juan del Río,U2,Horizontal,489,016,22
2016,Hidalgo,Zempoala,FC,Vertical,120,083,13
2017,Tabasco,Nacajuca,FC,Horizontal,1,013,27
2016,Ciudad de México,Venustiano Carranza,U1,Vertical,137,017,09
2016,Coahuila de Zaragoza,Monclova,U1,Horizontal,124,018,05
2015,Veracruz de Ignacio de la Llave,Poza Rica de Hidalgo,U3,Horizontal,82,131,30
2017,México,Coacalco de Berriozábal,U2,Vertical,139,020,15
2015,México,Atlacomulco,U1,Horizontal,18,014,15
2016,Puebla,Atlixco,U1,Horizontal,1,019,21
2017,México,Lerma,U3,Horizontal,113,051,15
2017,Tlaxcala,Huamantla,U2,Vertical,13,013,29
2017,Jalisco,Tlajomulco de Zúñiga,U1,Horizontal,2,097,14
2016,Tlaxcala,Xaloztoc,U2,Horizontal,4,039,29
2016,México,Otzolotepec,FC,Vertical,182,067,15
2016,Coahuila de Zaragoza,Matamoros,U2,Horizontal,95,017,05
2015,Jalisco,Autlán de Navarro,U1,Horizontal,1,015,14
2017,Hidalgo,San Agustín Tlaxiaca,U1,Horizontal,2,052,13
2016,Ciudad de México,Iztacalco,U1,Vertical,824,006,09
2016,Tlaxcala,Tlaxcala,U2,Vertical,15,033,29
2015,Colima,Armería,U3,Horizontal,1,001,06
2016,Sinaloa,Mazatlán,U1,Vertical,36,012,25
2017,Veracruz de Ignacio de la Llave,Banderilla,U1,Horizontal,4,026,30
2016,Veracruz de Ignacio de la Llave,Pánuco,U3,Horizontal,1,123,30
2017,Jalisco,Tlajomulco de Zúñiga,U2,Horizontal,1022,097,14
2015,Quintana Roo,Othón P. Blanco,U3,Horizontal,390,004,23
2015,Jalisco,Tuxpan,U1,Horizontal,1,108,14
2017,Jalisco,Jocotepec,U1,Horizontal,1,050,14
2017,Aguascalientes,Aguascalientes,FC,Horizontal,79,001,01
2017,Tabasco,Teapa,U3,Horizontal,3,016,27
2016,Puebla,Tepeaca,U1,Vertical,2,164,21
2016,Hidalgo,Mineral de la Reforma,FC,Vertical,144,051,13
2016,Guanajuato,Dolores Hidalgo Cuna de la Independencia Nacional,U2,Vertical,30,014,11
2016,Quintana Roo,Solidaridad,FC,Horizontal,49,008,23
2016,Quintana Roo,Benito Juárez,FC,Horizontal,1,005,23
2016,Colima,Coquimatlán,FC,Horizontal,1,004,06
2015,Puebla,Puebla,U3,Horizontal,104,114,21
2017,Colima,Tecomán,U1,Horizontal,180,009,06
2016,Chiapas,Palenque,U1,Vertical,144,065,07
2017,Tamaulipas,Nuevo Laredo,U2,Horizontal,139,027,28
2016,Veracruz de Ignacio de la Llave,Veracruz,FC,Horizontal,108,193,30
2015,Nuevo León,General Escobedo,FC,Horizontal,37,021,19
2017,Veracruz de Ignacio de la Llave,Fortín,U1,Horizontal,1,068,30
2015,Hidalgo,Zempoala,FC,Horizontal,126,083,13
2016,Coahuila de Zaragoza,Arteaga,U1,Horizontal,132,004,05
2016,Veracruz de Ignacio de la Llave,Poza Rica de Hidalgo,U2,Vertical,102,131,30
2015,Oaxaca,Tlacolula de Matamoros,FC,Horizontal,217,551,20
2015,Querétaro,El Marqués,FC,Horizontal,908,011,22
2015,Puebla,Amozoc,U2,Horizontal,80,015,21
2015,Ciudad de México,Gustavo A. Madero,U2,Vertical,101,005,09
2017,Michoacán de Ocampo,Zamora,U1,Horizontal,10,108,16
2017,Ciudad de México,Cuauhtémoc,U2,Vertical,126,015,09
2017,Chiapas,Tuxtla Gutiérrez,FC,Vertical,36,101,07
2017,Baja California,Ensenada,U3,Horizontal,171,001,02
2016,Nuevo León,Ciénega de Flores,U3,Horizontal,642,012,19
2017,Puebla,Tehuacán,U2,Vertical,162,156,21
2016,Guerrero,Chilpancingo de los Bravo,U3,Horizontal,2,029,12
2015,Tlaxcala,Yauhquemehcan,U1,Vertical,50,043,29
2017,México,Acolman,U3,Horizontal,59,002,15
2016,Veracruz de Ignacio de la Llave,Fortín,U3,Vertical,60,068,30
2015,Veracruz de Ignacio de la Llave,Tierra Blanca,FC,Horizontal,82,174,30
2016,Oaxaca,Oaxaca de Juárez,U2,Vertical,5,067,20
2017,Aguascalientes,Aguascalientes,U1,Vertical,126,001,01
2015,Chiapas,Tuxtla Gutiérrez,U2,Horizontal,9,101,07
2017,Tamaulipas,Victoria,U2,Horizontal,303,041,28
2017,Chihuahua,Cuauhtémoc,U3,Horizontal,85,017,08
2015,Sonora,Navojoa,U1,Horizontal,94,042,26
2015,Nuevo León,General Zuazua,FC,Horizontal,1701,025,19
2017,Michoacán de Ocampo,Los Reyes,U2,Horizontal,41,075,16
2017,Sonora,Nogales,U1,Horizontal,1,043,26
2016,Michoacán de Ocampo,Morelia,FC,Horizontal,124,053,16
2017,Quintana Roo,Cozumel,U2,Horizontal,270,001,23
2017,Nuevo León,Sabinas Hidalgo,U1,Horizontal,5,044,19
2015,México,Zinacantepec,U2,Horizontal,17,118,15
2015,Sinaloa,El Fuerte,FC,Horizontal,20,010,25
2016,Guanajuato,San José Iturbide,U2,Horizontal,17,032,11
2017,Nuevo León,Cadereyta Jiménez,FC,Horizontal,1127,009,19
2017,Tamaulipas,Valle Hermoso,U1,Horizontal,30,040,28
2015,Veracruz de Ignacio de la Llave,Coatepec,U3,Horizontal,3,038,30
2015,Nuevo León,General Zuazua,U3,Horizontal,19,025,19
2015,Baja California Sur,Los Cabos,U1,Vertical,2,008,03
2017,Guerrero,Iguala de la Independencia,U3,Vertical,16,035,12
2015,Aguascalientes,Rincón de Romos,U2,Horizontal,168,007,01
2017,Baja California Sur,La Paz,U1,Vertical,2,003,03
2016,Nayarit,Xalisco,U3,Horizontal,30,008,18
2017,Hidalgo,Pachuca de Soto,FC,Horizontal,106,048,13
2015,Sonora,Puerto Peñasco,U2,Horizontal,320,048,26
2017,Zacatecas,Jerez,U1,Horizontal,3,020,32
2017,Tlaxcala,Tetla de la Solidaridad,U2,Vertical,80,031,29
2016,Baja California,Ensenada,U2,Vertical,133,001,02
2015,Morelos,Cuernavaca,U1,Vertical,24,007,17
2015,Querétaro,Corregidora,U2,Vertical,120,006,22
2015,Puebla,San Martín Texmelucan,U2,Vertical,409,132,21
2016,Jalisco,Ameca,U2,Horizontal,2,006,14
2017,Nuevo León,General Zuazua,U3,Horizontal,2,025,19
2017,Tlaxcala,Acuamanala de Miguel Hidalgo,U1,Horizontal,3,022,29
2015,Guanajuato,Salvatierra,U1,Horizontal,243,028,11
2015,Aguascalientes,Jesús María,U3,Horizontal,481,005,01
2017,Tamaulipas,Ciudad Madero,U2,Vertical,6,009,28
2017,San Luis Potosí,Cerritos,U2,Horizontal,17,008,24
2017,Puebla,San Martín Texmelucan,U2,Vertical,74,132,21
2015,San Luis Potosí,Soledad de Graciano Sánchez,U2,Vertical,195,035,24
2016,Tabasco,Tenosique,U2,Horizontal,4,017,27
2015,Nuevo León,Pesquería,FC,Horizontal,394,041,19
2015,Tamaulipas,Altamira,U1,Vertical,165,003,28
2016,Sonora,Cananea,FC,Horizontal,44,019,26
2017,Nayarit,Bahía de Banderas,U3,Horizontal,105,020,18
2015,Querétaro,Querétaro,U3,Horizontal,1437,014,22
2017,Veracruz de Ignacio de la Llave,Minatitlán,U3,Horizontal,35,108,30
2016,México,Texcoco,U1,Vertical,72,099,15
2016,Chiapas,Tapachula,U3,Horizontal,20,089,07
2017,Michoacán de Ocampo,Coahuayana,FC,Horizontal,4,014,16
2015,Nuevo León,San Nicolás de los Garza,U2,Horizontal,15,046,19
2016,Colima,Villa de Álvarez,U2,Horizontal,1628,010,06
2016,México,Otzolotepec,U3,Horizontal,3,067,15
2015,Coahuila de Zaragoza,Ramos Arizpe,U1,Horizontal,204,027,05
2017,Zacatecas,Fresnillo,U1,Horizontal,62,010,32
2017,México,Tonanitla,U2,Horizontal,258,125,15
2016,Chihuahua,Chihuahua,U1,Horizontal,65,019,08
2016,Durango,Vicente Guerrero,U2,Horizontal,3,038,10
2015,Jalisco,Jalostotitlán,FC,Horizontal,3,046,14
2017,México,Otzolotepec,FC,Vertical,251,067,15
2017,Michoacán de Ocampo,Purépero,FC,Horizontal,4,070,16
2015,México,Lerma,U1,Horizontal,8,051,15
2016,Nuevo León,General Escobedo,U1,Horizontal,453,021,19
2016,México,Zumpango,U3,Vertical,12,120,15
2015,Yucatán,Tekax,U2,Horizontal,2,079,31
2015,Nayarit,Santiago Ixcuintla,U3,Horizontal,12,015,18
2015,Nuevo León,Monterrey,U2,Horizontal,131,039,19
2017,Jalisco,Chapala,U2,Horizontal,8,030,14
2016,Guanajuato,Dolores Hidalgo Cuna de la Independencia Nacional,U3,Horizontal,7,014,11
2015,Chiapas,Tonalá,U2,Horizontal,44,097,07
2016,Tabasco,Centro,U3,Vertical,16,004,27
2015,Tabasco,Centro,FC,Vertical,846,004,27
2017,Nayarit,Santiago Ixcuintla,FC,Horizontal,6,015,18
2015,Yucatán,Kanasín,U2,Horizontal,1465,041,31
2016,Chiapas,Tapachula,U2,Horizontal,33,089,07
2016,Morelos,Tlaltizapán de Zapata,FC,Horizontal,137,024,17
2015,Oaxaca,Cuilápam de Guerrero,FC,Horizontal,56,023,20
2015,Tlaxcala,Santa Cruz Tlaxcala,U2,Horizontal,2,026,29
2017,Zacatecas,Morelos,FC,Horizontal,3,032,32
2015,Tamaulipas,Río Bravo,U2,Horizontal,328,033,28
2015,Chiapas,Berriozábal,FC,Horizontal,142,012,07
2016,Michoacán de Ocampo,Jiquilpan,U3,Horizontal,23,045,16
2015,Querétaro,Corregidora,U3,Vertical,28,006,22
2015,Yucatán,Mérida,U1,Horizontal,261,050,31
2016,Sonora,Hermosillo,U2,Horizontal,2951,030,26
2015,Jalisco,Tala,FC,Horizontal,47,083,14
2016,Morelos,Yautepec,FC,Horizontal,163,029,17
2015,Tabasco,Cárdenas,FC,Horizontal,6,002,27
2016,Zacatecas,Sombrerete,U2,Horizontal,1,042,32
2016,Guanajuato,Celaya,U2,Horizontal,1324,007,11
2015,Puebla,Tehuacán,U2,Horizontal,373,156,21
2015,Jalisco,Poncitlán,U2,Horizontal,2,066,14
2016,Jalisco,Tonalá,FC,Horizontal,487,101,14
2017,San Luis Potosí,Rioverde,U2,Horizontal,7,024,24
2016,Michoacán de Ocampo,Zacapu,U1,Horizontal,1,107,16
2016,Jalisco,Tlajomulco de Zúñiga,U3,Vertical,397,097,14
2015,Querétaro,El Marqués,U2,Vertical,834,011,22
2015,Campeche,Tenabo,FC,Horizontal,19,008,04
2017,Puebla,Puebla,U2,Horizontal,202,114,21
2016,Colima,Colima,U1,Horizontal,119,002,06
2015,México,Tecámac,FC,Horizontal,1,081,15
2016,México,Toluca,U2,Horizontal,2,106,15
2016,Guanajuato,Celaya,U3,Vertical,8,007,11
2015,Chiapas,Berriozábal,U2,Vertical,276,012,07
2016,Michoacán de Ocampo,Tarímbaro,U3,Vertical,13,088,16
2015,Guanajuato,San José Iturbide,U2,Horizontal,21,032,11
2016,Hidalgo,Tula de Allende,FC,Vertical,8,076,13
2016,Chiapas,Tuxtla Gutiérrez,U1,Vertical,45,101,07
2015,Colima,Colima,U1,Horizontal,158,002,06
2015,Michoacán de Ocampo,Uruapan,U1,Horizontal,3,102,16
2017,Michoacán de Ocampo,Zitácuaro,U3,Horizontal,1,112,16
2017,Veracruz de Ignacio de la Llave,Fortín,FC,Horizontal,1,068,30
2016,Querétaro,Querétaro,U3,Vertical,290,014,22
2015,Chihuahua,Hidalgo del Parral,U1,Horizontal,124,032,08
2017,Jalisco,Ocotlán,U2,Horizontal,82,063,14
2017,Chiapas,Berriozábal,U2,Vertical,96,012,07
2015,México,Huehuetoca,U2,Vertical,704,035,15
2017,Sonora,Hermosillo,U2,Horizontal,1645,030,26
2016,San Luis Potosí,Soledad de Graciano Sánchez,U2,Vertical,30,035,24
2016,Morelos,Emiliano Zapata,U1,Horizontal,144,008,17
2016,Baja California Sur,La Paz,U3,Horizontal,268,003,03
2017,Chihuahua,Nuevo Casas Grandes,U3,Horizontal,45,050,08
2017,Guanajuato,Celaya,U2,Horizontal,624,007,11
2017,Tamaulipas,Tampico,U2,Vertical,1,038,28
2016,Michoacán de Ocampo,Uruapan,U3,Vertical,3,102,16
2015,Hidalgo,Tulancingo de Bravo,U2,Horizontal,18,077,13
2015,Nayarit,Bahía de Banderas,FC,Horizontal,12,020,18
2015,Michoacán de Ocampo,Zacapu,FC,Horizontal,7,107,16
2015,Coahuila de Zaragoza,Torreón,U2,Horizontal,3501,035,05
2016,Michoacán de Ocampo,La Piedad,U3,Horizontal,10,069,16
2016,Veracruz de Ignacio de la Llave,Xalapa,FC,Vertical,205,087,30
2016,Ciudad de México,Tláhuac,U1,Vertical,142,011,09
2017,Aguascalientes,Cosío,FC,Horizontal,16,004,01
2017,México,Jilotepec,FC,Horizontal,8,045,15
2016,Tamaulipas,Altamira,U2,Horizontal,60,003,28
2015,San Luis Potosí,Cárdenas,U2,Horizontal,3,005,24
2015,Coahuila de Zaragoza,Zaragoza,FC,Horizontal,1,038,05
2015,México,Jilotepec,FC,Vertical,13,045,15
2015,Veracruz de Ignacio de la Llave,Veracruz,U3,Horizontal,208,193,30
2017,Jalisco,Jocotepec,U2,Horizontal,15,050,14
2016,Sonora,Cajeme,FC,Horizontal,52,018,26
2016,México,La Paz,U2,Vertical,26,070,15
2017,Jalisco,San Pedro Tlaquepaque,U2,Vertical,60,098,14
2015,Querétaro,Corregidora,U3,Horizontal,379,006,22
2017,Coahuila de Zaragoza,Ramos Arizpe,U1,Horizontal,83,027,05
2016,Tamaulipas,Tampico,U1,Horizontal,24,038,28
2016,Nayarit,Tepic,U3,Vertical,4,017,18
2016,Sinaloa,Culiacán,U1,Horizontal,63,006,25
2015,México,San Martín de las Pirámides,U3,Horizontal,1,075,15
2015,Tlaxcala,Tzompantepec,U2,Horizontal,1,038,29
2016,Chiapas,Tuxtla Gutiérrez,U1,Horizontal,16,101,07
2015,Nuevo León,Guadalupe,U3,Horizontal,227,026,19
2015,Jalisco,Ameca,U3,Horizontal,4,006,14
2017,México,Toluca,U1,Horizontal,253,106,15
2016,Tamaulipas,Tampico,U1,Vertical,15,038,28
2016,Veracruz de Ignacio de la Llave,Xalapa,U3,Vertical,245,087,30
2016,Veracruz de Ignacio de la Llave,Medellín de Bravo,U2,Vertical,546,105,30
2016,Hidalgo,Mineral de la Reforma,FC,Horizontal,759,051,13
2016,Aguascalientes,San Francisco de los Romo,U2,Horizontal,282,011,01
2017,Veracruz de Ignacio de la Llave,Tierra Blanca,FC,Horizontal,154,174,30
2016,México,Almoloya de Juárez,FC,Vertical,48,005,15
2015,Baja California,Tijuana,U2,Vertical,1388,004,02
2016,Tlaxcala,Yauhquemehcan,U3,Horizontal,3,043,29
2016,México,Huehuetoca,U2,Vertical,628,035,15
2016,San Luis Potosí,San Luis Potosí,U3,Horizontal,136,028,24
2017,Quintana Roo,Benito Juárez,U3,Horizontal,494,005,23
2015,Michoacán de Ocampo,Morelia,U3,Vertical,970,053,16
2015,México,Cuautitlán,U3,Horizontal,9,024,15
2017,Veracruz de Ignacio de la Llave,Medellín de Bravo,FC,Horizontal,1,105,30
2015,Durango,Durango,FC,Horizontal,29,005,10
2017,Nuevo León,García,U3,Vertical,74,018,19
2017,Aguascalientes,Jesús María,U2,Vertical,4,005,01
2017,Yucatán,Mérida,U2,Horizontal,4087,050,31
2016,Zacatecas,Ojocaliente,U2,Horizontal,12,036,32
2016,Jalisco,Arandas,U3,Horizontal,5,008,14
2016,Guanajuato,Villagrán,FC,Horizontal,516,044,11
2015,Quintana Roo,Tulum,U3,Horizontal,62,009,23
2017,Puebla,Cuautlancingo,U3,Horizontal,104,041,21
2015,Veracruz de Ignacio de la Llave,Coatzacoalcos,U2,Horizontal,307,039,30
2017,Veracruz de Ignacio de la Llave,Coatepec,U2,Horizontal,4,038,30
2016,Morelos,Emiliano Zapata,U3,Horizontal,36,008,17
2017,Hidalgo,Mineral de la Reforma,FC,Horizontal,199,051,13
2016,Nayarit,Tepic,U2,Horizontal,468,017,18
2017,Tlaxcala,Zacatelco,U1,Horizontal,2,044,29
2015,Veracruz de Ignacio de la Llave,Córdoba,U2,Vertical,176,044,30
2017,Veracruz de Ignacio de la Llave,Santiago Tuxtla,U2,Horizontal,2,143,30
2016,Michoacán de Ocampo,Hidalgo,FC,Horizontal,10,034,16
2015,Chiapas,Chiapa de Corzo,U2,Horizontal,26,027,07
2017,Morelos,Tlaltizapán de Zapata,FC,Horizontal,2,024,17
2017,Guerrero,Acapulco de Juárez,U2,Vertical,474,001,12
2015,Jalisco,San Pedro Tlaquepaque,U2,Horizontal,972,098,14
2015,Guanajuato,Villagrán,FC,Vertical,142,044,11
2016,Tamaulipas,Altamira,U3,Horizontal,9,003,28
2015,Morelos,Xochitepec,FC,Horizontal,341,028,17
2017,Baja California,Ensenada,U2,Vertical,54,001,02
2016,Aguascalientes,Aguascalientes,U3,Vertical,12,001,01
2015,Hidalgo,Tizayuca,U2,Vertical,2016,069,13
2017,Puebla,Coronango,U2,Horizontal,196,034,21
2015,Morelos,Yautepec,FC,Horizontal,157,029,17
2017,Chihuahua,Hidalgo del Parral,U1,Horizontal,224,032,08
2016,México,Cuautitlán Izcalli,U1,Horizontal,1,121,15
2015,México,Otzolotepec,U3,Horizontal,6,067,15
2016,Veracruz de Ignacio de la Llave,Tantoyuca,U3,Horizontal,1,155,30
2015,Veracruz de Ignacio de la Llave,Medellín de Bravo,U2,Vertical,938,105,30
2017,Veracruz de Ignacio de la Llave,Pánuco,U1,Horizontal,2,123,30
2017,Guanajuato,Apaseo el Grande,U2,Vertical,435,005,11
2016,Nuevo León,Linares,U2,Horizontal,94,033,19
2016,Jalisco,Tlajomulco de Zúñiga,U2,Vertical,7578,097,14
2016,Chihuahua,Juárez,U2,Horizontal,2975,037,08
2017,Tabasco,Huimanguillo,FC,Horizontal,5,008,27
2016,Michoacán de Ocampo,Morelia,U3,Vertical,320,053,16
2015,Coahuila de Zaragoza,Piedras Negras,U1,Horizontal,15,025,05
2015,Yucatán,Izamal,U3,Horizontal,4,040,31
2017,Michoacán de Ocampo,Zamora,U3,Vertical,144,108,16
2017,Nuevo León,General Escobedo,U2,Horizontal,1644,021,19
2017,Jalisco,El Salto,U2,Horizontal,2092,070,14
2016,Tamaulipas,Ciudad Madero,U2,Horizontal,7,009,28
2016,Chiapas,Huixtla,U3,Horizontal,4,040,07
2015,Jalisco,San Juan de los Lagos,U1,Horizontal,1,073,14
2015,Querétaro,Tequisquiapan,U2,Horizontal,14,017,22
2016,Sonora,Santa Ana,FC,Horizontal,22,058,26
2016,Veracruz de Ignacio de la Llave,Fortín,FC,Horizontal,2,068,30
2015,Colima,Manzanillo,U3,Horizontal,186,007,06
2016,Michoacán de Ocampo,Juárez,FC,Horizontal,1,046,16
2015,Morelos,Yautepec,U3,Horizontal,274,029,17
2015,Veracruz de Ignacio de la Llave,Emiliano Zapata,U2,Horizontal,94,065,30
2017,Hidalgo,Cuautepec de Hinojosa,U3,Horizontal,64,016,13
2016,México,Tecámac,U2,Vertical,960,081,15
2015,Oaxaca,Santo Domingo Tehuantepec,U3,Horizontal,37,515,20
2017,Jalisco,El Salto,U2,Vertical,644,070,14
2017,Baja California,Tijuana,FC,Vertical,1068,004,02
2015,Sonora,Puerto Peñasco,U3,Horizontal,121,048,26
2017,Veracruz de Ignacio de la Llave,Coatzacoalcos,U2,Horizontal,34,039,30
2017,Coahuila de Zaragoza,San Pedro,U2,Horizontal,61,033,05
2017,Puebla,Puebla,U2,Vertical,901,114,21
2017,Oaxaca,Oaxaca de Juárez,U2,Vertical,3,067,20
2016,Jalisco,Ocotlán,U2,Horizontal,15,063,14
2017,Coahuila de Zaragoza,Arteaga,U2,Horizontal,3,004,05
2016,Puebla,San Salvador el Verde,U2,Vertical,111,143,21
2016,Chihuahua,Aldama,U2,Horizontal,26,002,08
2017,Veracruz de Ignacio de la Llave,Veracruz,U2,Vertical,1442,193,30
2015,Yucatán,Conkal,FC,Horizontal,2,013,31
2016,Guanajuato,Apaseo el Grande,U2,Horizontal,268,005,11
2015,San Luis Potosí,Rioverde,U3,Horizontal,10,024,24
2015,Jalisco,Ameca,U2,Horizontal,2,006,14
2016,Puebla,Izúcar de Matamoros,U1,Horizontal,2,085,21
2017,Quintana Roo,Benito Juárez,U2,Vertical,6270,005,23
2016,México,Zumpango,U2,Horizontal,753,120,15
2017,Guanajuato,Purísima del Rincón,U2,Horizontal,99,025,11
2015,Ciudad de México,Tlalpan,U2,Vertical,68,012,09
2016,Tabasco,Huimanguillo,U2,Vertical,288,008,27
2016,Veracruz de Ignacio de la Llave,Veracruz,U2,Horizontal,1721,193,30
2016,Jalisco,El Arenal,FC,Horizontal,204,009,14
2015,Querétaro,Querétaro,U1,Horizontal,17,014,22
2015,Hidalgo,Mineral de la Reforma,U2,Horizontal,1342,051,13
2015,Nuevo León,Cadereyta Jiménez,U2,Vertical,108,009,19
2017,Quintana Roo,Cozumel,U3,Horizontal,52,001,23
2017,Yucatán,Progreso,U1,Horizontal,9,059,31
2016,México,Otzolotepec,FC,Horizontal,222,067,15
2017,Tabasco,Nacajuca,U2,Vertical,96,013,27
2015,Guerrero,Acapulco de Juárez,U2,Horizontal,542,001,12
2015,Sonora,San Luis Río Colorado,U2,Horizontal,266,055,26
2015,Guanajuato,Celaya,U3,Vertical,3,007,11
2015,Michoacán de Ocampo,Uruapan,U3,Horizontal,21,102,16
2017,Tamaulipas,Altamira,U2,Horizontal,80,003,28
2017,Durango,Lerdo,U2,Horizontal,230,012,10
2016,Tlaxcala,Contla de Juan Cuamatzi,U2,Horizontal,2,018,29
2017,Sinaloa,Culiacán,U3,Vertical,292,006,25
2016,Guanajuato,Pénjamo,U1,Horizontal,2,023,11
2017,México,Tecámac,U2,Vertical,700,081,15
2016,Quintana Roo,Benito Juárez,U3,Horizontal,106,005,23
2015,Tabasco,Cunduacán,U2,Horizontal,9,006,27
2016,Michoacán de Ocampo,Hidalgo,U2,Horizontal,32,034,16
2017,Yucatán,Valladolid,U2,Horizontal,8,102,31
2017,Chiapas,Comitán de Domínguez,U3,Horizontal,12,019,07
2016,Tlaxcala,Acuamanala de Miguel Hidalgo,U1,Horizontal,3,022,29
2017,Veracruz de Ignacio de la Llave,Xalapa,U1,Horizontal,79,087,30
2017,Yucatán,Umán,U3,Horizontal,48,101,31
2015,Hidalgo,Santiago Tulantepec de Lugo Guerrero,U3,Horizontal,2,056,13
2016,Jalisco,Jocotepec,U2,Horizontal,1,050,14
2016,Coahuila de Zaragoza,Arteaga,FC,Horizontal,1,004,05
2015,Colima,Comala,U2,Horizontal,1,003,06
2015,Veracruz de Ignacio de la Llave,Nogales,U2,Vertical,15,115,30
2017,Sonora,Cajeme,U2,Horizontal,709,018,26
2016,Durango,Santiago Papasquiaro,U2,Horizontal,9,032,10
2015,Sonora,Nogales,U1,Vertical,6,043,26
2015,Veracruz de Ignacio de la Llave,Cosoleacaque,U2,Horizontal,262,048,30
2017,Tlaxcala,Tlaxco,U3,Horizontal,6,034,29
2015,Ciudad de México,Miguel Hidalgo,U1,Vertical,108,016,09
2017,Campeche,Calkiní,FC,Horizontal,8,001,04
2016,Coahuila de Zaragoza,Francisco I. Madero,U2,Horizontal,183,009,05
2017,Jalisco,Juanacatlán,FC,Horizontal,638,051,14
2015,Tamaulipas,Nuevo Laredo,U1,Horizontal,241,027,28
2016,México,Jilotepec,FC,Horizontal,4,045,15
2017,Veracruz de Ignacio de la Llave,Córdoba,FC,Vertical,36,044,30
2016,Michoacán de Ocampo,Pátzcuaro,FC,Horizontal,1,066,16
2015,Tabasco,Teapa,U2,Vertical,18,016,27
2015,Michoacán de Ocampo,Jiquilpan,FC,Horizontal,4,045,16
2015,Michoacán de Ocampo,Lázaro Cárdenas,U2,Horizontal,293,052,16
2015,Guanajuato,Apaseo el Grande,U3,Horizontal,202,005,11
2017,Puebla,San Pedro Cholula,U1,Horizontal,1,140,21
2017,Zacatecas,Ojocaliente,U3,Horizontal,65,036,32
2016,Michoacán de Ocampo,Tarímbaro,FC,Horizontal,1,088,16
2017,Ciudad de México,Coyoacán,U1,Vertical,74,003,09
2015,Durango,Gómez Palacio,U2,Horizontal,792,007,10
2015,Michoacán de Ocampo,Morelia,U2,Horizontal,1427,053,16
2017,Zacatecas,Zacatecas,U1,Horizontal,2,056,32
2017,Jalisco,Ameca,U2,Horizontal,3,006,14
2017,Chihuahua,Delicias,U2,Horizontal,217,021,08
2017,Guanajuato,Apaseo el Grande,U3,Horizontal,106,005,11
2015,México,La Paz,U2,Horizontal,37,070,15
2017,Veracruz de Ignacio de la Llave,Xico,U2,Vertical,5,092,30
2016,Veracruz de Ignacio de la Llave,Xico,U2,Vertical,9,092,30
2017,Yucatán,Tizimín,U3,Horizontal,8,096,31
2016,Sinaloa,Salvador Alvarado,U2,Horizontal,256,015,25
2015,Morelos,Emiliano Zapata,U2,Vertical,299,008,17
2015,Sinaloa,Culiacán,U1,Horizontal,73,006,25
2015,Aguascalientes,San Francisco de los Romo,U2,Vertical,100,011,01
2016,Tabasco,Cunduacán,U2,Horizontal,6,006,27
2017,México,Capulhuac,U3,Horizontal,1,019,15
2015,Michoacán de Ocampo,Lázaro Cárdenas,U1,Horizontal,6,052,16
2016,Puebla,Tecamachalco,U2,Horizontal,28,154,21
2015,Coahuila de Zaragoza,Matamoros,U2,Horizontal,228,017,05
2016,Chiapas,Berriozábal,U2,Horizontal,24,012,07
2015,Sinaloa,Mazatlán,U2,Vertical,105,012,25
2015,Nuevo León,Cadereyta Jiménez,U2,Horizontal,371,009,19
2017,Michoacán de Ocampo,Lázaro Cárdenas,U3,Horizontal,19,052,16
2015,Baja California,Tijuana,U2,Horizontal,2693,004,02
2016,Guerrero,Zihuatanejo de Azueta,FC,Horizontal,20,038,12
2016,México,Huehuetoca,U3,Horizontal,298,035,15
2016,Sonora,San Luis Río Colorado,U2,Horizontal,219,055,26
2016,Yucatán,Hunucmá,U3,Horizontal,41,038,31
2015,Quintana Roo,Benito Juárez,U2,Vertical,6001,005,23
2015,Tlaxcala,Huamantla,U2,Vertical,17,013,29
2016,Tamaulipas,Reynosa,U3,Horizontal,194,032,28
2015,San Luis Potosí,Ciudad Valles,U3,Horizontal,12,013,24
2017,Jalisco,Tepatitlán de Morelos,FC,Horizontal,44,093,14
2016,Jalisco,Chapala,U2,Horizontal,2,030,14
2017,Nayarit,Tepic,U2,Vertical,278,017,18
2017,Nuevo León,General Escobedo,FC,Horizontal,10,021,19
2015,Durango,Lerdo,U2,Horizontal,351,012,10
2017,Coahuila de Zaragoza,Saltillo,U1,Horizontal,315,030,05
2016,Jalisco,Autlán de Navarro,U1,Horizontal,2,015,14
2016,Hidalgo,Epazoyucan,FC,Horizontal,72,022,13
2017,Michoacán de Ocampo,Tarímbaro,FC,Vertical,87,088,16
2015,Tlaxcala,Zacatelco,U2,Horizontal,92,044,29
2015,Jalisco,Tonalá,U3,Horizontal,83,101,14
2016,Zacatecas,Jerez,U1,Horizontal,9,020,32
2015,Puebla,San Pedro Cholula,U2,Vertical,1,140,21
2017,Baja California Sur,Mulegé,FC,Horizontal,9,002,03
2015,Jalisco,Zapopan,FC,Horizontal,1318,120,14
2015,San Luis Potosí,Matehuala,U3,Horizontal,12,020,24
2017,Durango,Gómez Palacio,U2,Vertical,90,007,10
2017,Morelos,Emiliano Zapata,U3,Horizontal,10,008,17
2015,Querétaro,Querétaro,FC,Horizontal,110,014,22
2015,Sonora,Cajeme,FC,Horizontal,27,018,26
2017,Nuevo León,General Escobedo,U2,Vertical,36,021,19
2017,Chiapas,Tuxtla Gutiérrez,U1,Vertical,60,101,07
2017,México,Texcoco,U2,Vertical,246,099,15
2016,Coahuila de Zaragoza,Frontera,U1,Horizontal,228,010,05
2017,Oaxaca,San Jacinto Amilpas,U1,Vertical,5,157,20
2016,Oaxaca,Oaxaca de Juárez,U2,Horizontal,1,067,20
2016,Chiapas,Cintalapa de Figueroa,U1,Horizontal,1,017,07
2015,Veracruz de Ignacio de la Llave,Poza Rica de Hidalgo,FC,Horizontal,23,131,30
2015,Nuevo León,Cadereyta Jiménez,FC,Vertical,162,009,19
2017,Sinaloa,Rosario,FC,Horizontal,8,014,25
2015,Veracruz de Ignacio de la Llave,Emiliano Zapata,U3,Horizontal,4,065,30
2015,Ciudad de México,Azcapotzalco,U2,Vertical,132,002,09
2015,Jalisco,La Barca,U2,Horizontal,14,018,14
2015,Hidalgo,Zempoala,U3,Horizontal,710,083,13
2017,Colima,Armería,U1,Horizontal,6,001,06
2016,Baja California,Tijuana,U2,Horizontal,1364,004,02
2016,Aguascalientes,Aguascalientes,U1,Horizontal,104,001,01
2017,Tlaxcala,Xaltocan,FC,Horizontal,1,040,29
2015,Michoacán de Ocampo,Uruapan,U2,Horizontal,34,102,16
2016,Sonora,Puerto Peñasco,U3,Horizontal,186,048,26
2016,Guanajuato,San Felipe,U2,Horizontal,79,030,11
2017,Zacatecas,Pinos,FC,Horizontal,5,038,32
2017,Sinaloa,Navolato,FC,Horizontal,4,018,25
2016,México,Atizapán de Zaragoza,U2,Vertical,21,013,15
2017,Coahuila de Zaragoza,Nava,U2,Horizontal,145,022,05
2015,Michoacán de Ocampo,Coalcomán de Vázquez Pallares,FC,Horizontal,1,015,16
2015,México,Xonacatlán,U3,Horizontal,264,115,15
2017,México,Cuautitlán,U3,Horizontal,403,024,15
2016,Veracruz de Ignacio de la Llave,Córdoba,U3,Horizontal,51,044,30
2015,Jalisco,Ocotlán,U1,Horizontal,8,063,14
2017,Durango,Durango,U2,Vertical,84,005,10
2017,Jalisco,Ojuelos de Jalisco,FC,Horizontal,2,064,14
2017,Tlaxcala,Santa Cruz Quilehtla,U2,Horizontal,3,059,29
2016,Veracruz de Ignacio de la Llave,Jalacingo,U1,Horizontal,1,086,30
2015,Sonora,Nogales,U3,Horizontal,273,043,26
2015,Chihuahua,Aquiles Serdán,U3,Horizontal,17,004,08
2016,Coahuila de Zaragoza,Sabinas,U2,Horizontal,268,028,05
2015,Guanajuato,Pénjamo,U1,Horizontal,12,023,11
2016,Tabasco,Comalcalco,U3,Horizontal,1,005,27
2016,México,Coacalco de Berriozábal,U2,Horizontal,357,020,15
2015,México,Zumpango,U2,Horizontal,1361,120,15
2015,México,Coacalco de Berriozábal,U2,Horizontal,183,020,15
2015,Guanajuato,San Francisco del Rincón,U2,Vertical,12,031,11
2015,Baja California Sur,Mulegé,U2,Horizontal,1,002,03
2016,Coahuila de Zaragoza,Saltillo,U1,Horizontal,208,030,05
2016,Hidalgo,Zempoala,U2,Horizontal,696,083,13
2017,Quintana Roo,Solidaridad,U3,Vertical,219,008,23
2016,Jalisco,Tonalá,U2,Horizontal,120,101,14
2015,Tlaxcala,Tetla de la Solidaridad,U2,Horizontal,28,031,29
2015,Guanajuato,San Luis de la Paz,U2,Horizontal,1,033,11
2017,Guanajuato,León,U2,Horizontal,2298,020,11
2017,México,Almoloya de Juárez,U2,Horizontal,78,005,15
2016,Sinaloa,Mazatlán,U1,Horizontal,85,012,25
2015,Tamaulipas,Ciudad Madero,U2,Horizontal,43,009,28
2017,Tlaxcala,Tetla de la Solidaridad,FC,Horizontal,1,031,29
2015,Veracruz de Ignacio de la Llave,Poza Rica de Hidalgo,U2,Horizontal,246,131,30
2017,Tlaxcala,Teolocholco,U2,Horizontal,1,028,29
2015,Nuevo León,Montemorelos,U3,Horizontal,35,038,19
2017,Guanajuato,San Miguel de Allende,FC,Horizontal,99,003,11
2016,México,Tultitlán,U2,Horizontal,2,109,15
2017,Jalisco,San Juan de los Lagos,U1,Horizontal,2,073,14
2017,Tamaulipas,Ciudad Madero,U2,Horizontal,4,009,28
2017,Ciudad de México,Venustiano Carranza,U2,Vertical,135,017,09
2016,Michoacán de Ocampo,Morelia,U1,Horizontal,159,053,16
2016,Jalisco,Ameca,FC,Horizontal,4,006,14
2017,Veracruz de Ignacio de la Llave,Cosoleacaque,U2,Vertical,72,048,30
2017,Campeche,Campeche,U2,Horizontal,89,002,04
2017,Zacatecas,Zacatecas,U3,Horizontal,75,056,32
2015,Tabasco,Centro,FC,Horizontal,134,004,27
2017,Jalisco,Tonalá,U2,Vertical,402,101,14
2016,Durango,Durango,U2,Horizontal,1083,005,10
2017,Baja California Sur,La Paz,FC,Horizontal,87,003,03
2015,Quintana Roo,Cozumel,U3,Horizontal,60,001,23
2015,Morelos,Yautepec,U2,Vertical,93,029,17
2016,Tlaxcala,Santa Cruz Tlaxcala,U2,Horizontal,34,026,29
2016,Jalisco,Guadalajara,U1,Horizontal,10,039,14
2016,Zacatecas,Fresnillo,U1,Horizontal,78,010,32
2015,Yucatán,Umán,U2,Horizontal,736,101,31
2015,Michoacán de Ocampo,Lázaro Cárdenas,FC,Horizontal,6,052,16
2016,Jalisco,Zapopan,FC,Vertical,618,120,14
2016,Tlaxcala,Yauhquemehcan,U1,Horizontal,9,043,29
2016,Nuevo León,Cadereyta Jiménez,U2,Horizontal,296,009,19
2017,Michoacán de Ocampo,Zacapu,U2,Horizontal,85,107,16
2016,Durango,Durango,U1,Vertical,32,005,10
2017,Chihuahua,Jiménez,U2,Horizontal,6,036,08
2015,Tabasco,Teapa,FC,Horizontal,2,016,27
2016,Veracruz de Ignacio de la Llave,Tuxpan,U2,Horizontal,108,189,30
2015,México,Chalco,U2,Vertical,25,025,15
2015,México,Ecatepec de Morelos,U1,Horizontal,66,033,15
2016,Puebla,Ocoyucan,FC,Horizontal,5,106,21
2017,Tamaulipas,Ciudad Madero,U1,Horizontal,1,009,28
2016,Quintana Roo,Benito Juárez,U2,Vertical,5465,005,23
2016,Aguascalientes,Rincón de Romos,U2,Horizontal,7,007,01
2015,Guanajuato,San José Iturbide,FC,Horizontal,41,032,11
2016,Colima,Villa de Álvarez,U3,Horizontal,89,010,06
2015,Chihuahua,Hidalgo del Parral,U2,Horizontal,169,032,08
2016,Puebla,Tehuacán,U1,Vertical,42,156,21
2017,Tamaulipas,Río Bravo,U2,Horizontal,19,033,28
2016,Durango,Lerdo,U3,Horizontal,98,012,10
2017,Nayarit,Tepic,FC,Horizontal,3,017,18
2017,Tamaulipas,Victoria,U3,Horizontal,177,041,28
2017,Sonora,Guaymas,U2,Horizontal,291,029,26
2017,Morelos,Yautepec,FC,Vertical,4,029,17
2016,México,Atizapán de Zaragoza,U1,Vertical,3,013,15
2017,Chihuahua,Delicias,U1,Horizontal,53,021,08
2015,Guanajuato,Purísima del Rincón,FC,Horizontal,44,025,11
2015,Michoacán de Ocampo,Hidalgo,FC,Horizontal,14,034,16
2017,Oaxaca,San Jacinto Amilpas,U2,Vertical,2,157,20
2016,Baja California,Playas de Rosarito,FC,Horizontal,72,005,02
2016,Tlaxcala,Zacatelco,U1,Vertical,4,044,29
2017,Zacatecas,Jerez,U2,Horizontal,30,020,32
2017,Nuevo León,Pesquería,U2,Vertical,102,041,19
2017,Tamaulipas,Reynosa,U3,Horizontal,188,032,28
2016,Coahuila de Zaragoza,Saltillo,FC,Horizontal,116,030,05
2017,Quintana Roo,Puerto Morelos,FC,Horizontal,88,011,23
2015,México,Temoaya,FC,Horizontal,420,087,15
2017,Sonora,Empalme,U1,Horizontal,1,025,26
2015,Coahuila de Zaragoza,Ramos Arizpe,FC,Horizontal,4,027,05
2016,Michoacán de Ocampo,Uruapan,U2,Horizontal,24,102,16
2017,Querétaro,Querétaro,U3,Horizontal,1425,014,22
2015,Coahuila de Zaragoza,Torreón,FC,Horizontal,56,035,05
2015,Colima,Manzanillo,U2,Horizontal,690,007,06
2016,Chiapas,Tapachula,U2,Vertical,115,089,07
2015,Tamaulipas,Río Bravo,U1,Horizontal,3,033,28
2015,Jalisco,Zapotiltic,U2,Horizontal,145,121,14
2015,Guerrero,Acapulco de Juárez,U1,Vertical,135,001,12
2017,Hidalgo,Zempoala,U3,Vertical,180,083,13
2017,Puebla,Huauchinango,U3,Horizontal,24,071,21
2015,Tamaulipas,Reynosa,U2,Horizontal,4636,032,28
2017,Jalisco,Guadalajara,U2,Horizontal,16,039,14
2016,Tlaxcala,Amaxac de Guerrero,U2,Horizontal,1,001,29
2015,México,Soyaniquilpan de Juárez,FC,Horizontal,2,079,15
2016,Guanajuato,San Luis de la Paz,U3,Horizontal,404,033,11
2016,Michoacán de Ocampo,Pátzcuaro,U2,Horizontal,9,066,16
2016,Chiapas,Tuxtla Gutiérrez,U3,Horizontal,219,101,07
2016,Colima,Comala,U2,Horizontal,1,003,06
2017,Tabasco,Teapa,U2,Vertical,4,016,27
2015,Sonora,Navojoa,U2,Horizontal,314,042,26
2017,Tlaxcala,Santa Cruz Tlaxcala,U2,Horizontal,46,026,29
2017,Morelos,Emiliano Zapata,U2,Vertical,24,008,17
2015,Guerrero,Chilpancingo de los Bravo,U1,Vertical,54,029,12
2017,Veracruz de Ignacio de la Llave,Medellín de Bravo,U2,Horizontal,372,105,30
2015,Tabasco,Huimanguillo,U3,Horizontal,1,008,27
2015,Veracruz de Ignacio de la Llave,Acayucan,U2,Horizontal,30,003,30
2015,Chihuahua,Aquiles Serdán,FC,Horizontal,102,004,08
2017,Yucatán,Hunucmá,U3,Horizontal,2,038,31
2017,Quintana Roo,Benito Juárez,U3,Vertical,150,005,23
2017,México,Tultepec,U2,Horizontal,37,108,15
2017,Morelos,Jojutla,FC,Vertical,20,012,17
2017,Tlaxcala,Chiautempan,U2,Horizontal,3,010,29
2015,Tlaxcala,Tlaxco,U3,Horizontal,2,034,29
2015,Veracruz de Ignacio de la Llave,Veracruz,U3,Vertical,48,193,30
2015,Chihuahua,Jiménez,U2,Horizontal,3,036,08
2015,Puebla,Tehuacán,U1,Horizontal,116,156,21
2017,México,Tlalnepantla de Baz,U1,Vertical,36,104,15
2016,Nuevo León,Santa Catarina,U3,Vertical,24,048,19
2017,Guanajuato,Salamanca,U1,Horizontal,1,027,11
2016,Baja California Sur,Mulegé,U2,Horizontal,1,002,03
2015,Tamaulipas,Nuevo Laredo,FC,Horizontal,18,027,28
2016,Querétaro,El Marqués,U2,Horizontal,1545,011,22
2016,Veracruz de Ignacio de la Llave,Coatepec,U1,Horizontal,5,038,30
2015,Oaxaca,San Juan Bautista Tuxtepec,U3,Horizontal,92,184,20
2016,Nayarit,Tepic,U1,Vertical,13,017,18
2016,Yucatán,Umán,U2,Horizontal,274,101,31
2017,Jalisco,Guadalajara,U2,Vertical,693,039,14
2015,Veracruz de Ignacio de la Llave,Xalapa,U1,Horizontal,3,087,30
2015,Jalisco,Puerto Vallarta,U1,Vertical,1,067,14
2017,Chihuahua,Camargo,U1,Horizontal,1,011,08
2015,Sonora,Caborca,U2,Horizontal,191,017,26
2016,Puebla,Tecamachalco,U2,Vertical,72,154,21
2017,Aguascalientes,Jesús María,FC,Horizontal,3,005,01
2016,Guanajuato,Purísima del Rincón,FC,Horizontal,20,025,11
2017,Durango,Lerdo,U1,Horizontal,255,012,10
2017,Baja California,Mexicali,U3,Horizontal,407,002,02
2016,Chihuahua,Cuauhtémoc,U1,Horizontal,5,017,08
2016,Jalisco,Zapotlán el Grande,U3,Horizontal,253,023,14
2015,Puebla,Amozoc,U3,Vertical,133,015,21
2017,Coahuila de Zaragoza,Piedras Negras,U1,Horizontal,42,025,05
2015,Nayarit,Tepic,U1,Horizontal,5,017,18
2015,Nuevo León,General Zuazua,U2,Horizontal,1,025,19
2016,Guanajuato,Dolores Hidalgo Cuna de la Independencia Nacional,U2,Horizontal,267,014,11
2017,México,Almoloya de Juárez,U3,Horizontal,125,005,15
2016,México,Tecámac,U3,Horizontal,38,081,15
2016,Guanajuato,Salamanca,FC,Vertical,159,027,11
2015,Veracruz de Ignacio de la Llave,Cosoleacaque,U3,Vertical,8,048,30
2015,México,Zumpango,U3,Vertical,96,120,15
2017,Chiapas,Chiapa de Corzo,FC,Horizontal,136,027,07
2015,Ciudad de México,Venustiano Carranza,U2,Vertical,71,017,09
2015,Aguascalientes,Aguascalientes,FC,Horizontal,10,001,01
2015,Coahuila de Zaragoza,Nava,U2,Horizontal,143,022,05
2017,Oaxaca,Salina Cruz,U1,Horizontal,2,079,20
2017,Puebla,Puebla,U3,Horizontal,159,114,21
2017,Tamaulipas,Llera,FC,Horizontal,4,019,28
2016,México,Nextlalpan,U3,Horizontal,30,059,15
2017,Veracruz de Ignacio de la Llave,Córdoba,U1,Vertical,96,044,30
2017,San Luis Potosí,San Luis Potosí,U1,Vertical,64,028,24
2016,Aguascalientes,Calvillo,U1,Horizontal,4,003,01
2015,Nuevo León,Apodaca,FC,Horizontal,45,006,19
2015,Puebla,Cuautlancingo,U1,Horizontal,1009,041,21
2015,Nayarit,Tepic,U2,Horizontal,283,017,18
2017,Guerrero,Acapulco de Juárez,U3,Horizontal,28,001,12
2015,Chihuahua,Aldama,U2,Horizontal,95,002,08
2016,San Luis Potosí,Matehuala,U2,Horizontal,128,020,24
2017,Aguascalientes,Jesús María,U2,Horizontal,80,005,01
2016,Tlaxcala,Yauhquemehcan,U2,Vertical,38,043,29
2016,Nuevo León,El Carmen,U2,Horizontal,2579,010,19
2015,Quintana Roo,Benito Juárez,U3,Horizontal,482,005,23
2017,Tamaulipas,Tampico,U2,Horizontal,25,038,28
2017,Michoacán de Ocampo,Zamora,U3,Horizontal,75,108,16
2015,Nayarit,Xalisco,U1,Horizontal,8,008,18
2015,Sonora,Magdalena,U2,Horizontal,266,036,26
2016,Puebla,Coronango,U2,Vertical,176,034,21
2015,México,La Paz,U2,Vertical,9,070,15
2017,Guerrero,Acapulco de Juárez,U1,Horizontal,1,001,12
2017,Guanajuato,León,U2,Vertical,2162,020,11
2015,Oaxaca,Santa María Atzompa,U3,Horizontal,16,399,20
2017,Sonora,Nogales,U2,Horizontal,636,043,26
2017,San Luis Potosí,Soledad de Graciano Sánchez,U1,Horizontal,51,035,24
2016,Zacatecas,Zacatecas,FC,Horizontal,2,056,32
2015,Guanajuato,Salvatierra,U1,Vertical,24,028,11
2015,Michoacán de Ocampo,Jacona,U2,Horizontal,22,043,16
2016,Nuevo León,Cadereyta Jiménez,FC,Horizontal,945,009,19
2017,Puebla,Atlixco,FC,Horizontal,1,019,21
2016,Sonora,Guaymas,U2,Horizontal,392,029,26
2016,Veracruz de Ignacio de la Llave,Tantoyuca,U2,Horizontal,5,155,30
2017,Nayarit,Ixtlán del Río,U3,Horizontal,21,006,18
2017,Morelos,Yautepec,U3,Horizontal,33,029,17
2015,Chihuahua,Chihuahua,U1,Horizontal,63,019,08
2016,Yucatán,Mérida,U2,Vertical,289,050,31
2016,Sinaloa,Ahome,FC,Horizontal,2,001,25
2015,Nuevo León,Santa Catarina,U3,Vertical,237,048,19
2015,Sinaloa,Guasave,U3,Horizontal,42,011,25
2017,Veracruz de Ignacio de la Llave,Medellín de Bravo,U2,Vertical,348,105,30
2016,Zacatecas,Zacatecas,U2,Horizontal,86,056,32
2017,Coahuila de Zaragoza,Monclova,U2,Horizontal,68,018,05
2016,Ciudad de México,Álvaro Obregón,U1,Vertical,33,010,09
2017,Puebla,San Salvador el Verde,U2,Vertical,192,143,21
2017,Puebla,Coronango,U1,Horizontal,112,034,21
2017,Coahuila de Zaragoza,Ramos Arizpe,U3,Horizontal,27,027,05
2017,San Luis Potosí,Soledad de Graciano Sánchez,U2,Vertical,94,035,24
2015,Guanajuato,Irapuato,FC,Horizontal,132,017,11
2016,Veracruz de Ignacio de la Llave,Alvarado,FC,Horizontal,10,011,30
2015,Yucatán,Mérida,U3,Horizontal,498,050,31
2016,México,Toluca,U1,Horizontal,116,106,15
2017,San Luis Potosí,Ciudad Valles,U2,Horizontal,94,013,24
2017,Sonora,Navojoa,U1,Horizontal,220,042,26
2016,Michoacán de Ocampo,Morelia,U2,Vertical,1167,053,16
2017,Sinaloa,Ahome,U2,Horizontal,1024,001,25
2015,Querétaro,San Juan del Río,U3,Horizontal,274,016,22
2016,Querétaro,El Marqués,FC,Vertical,185,011,22
2015,Guanajuato,San Miguel de Allende,U2,Horizontal,36,003,11
2015,Quintana Roo,Benito Juárez,U2,Horizontal,4656,005,23
2016,Morelos,Jiutepec,U2,Vertical,21,011,17
2017,Ciudad de México,Tlalpan,U2,Vertical,11,012,09
2016,Colima,Manzanillo,U3,Vertical,36,007,06
2016,Coahuila de Zaragoza,Parras,U2,Vertical,12,024,05
2016,Nuevo León,El Carmen,U2,Vertical,60,010,19
2016,Nuevo León,General Escobedo,U3,Horizontal,122,021,19
2016,Veracruz de Ignacio de la Llave,Fortín,U2,Horizontal,2,068,30
2015,Puebla,San Salvador el Verde,U2,Horizontal,24,143,21
2015,San Luis Potosí,Ciudad Valles,U2,Horizontal,100,013,24
2017,Zacatecas,Guadalupe,U2,Horizontal,683,017,32
2016,Ciudad de México,Gustavo A. Madero,U2,Vertical,133,005,09
2016,Guerrero,Chilpancingo de los Bravo,U1,Horizontal,24,029,12
2015,Aguascalientes,San Francisco de los Romo,FC,Horizontal,22,011,01
2016,Jalisco,Puerto Vallarta,U2,Horizontal,88,067,14
2015,Morelos,Ayala,U3,Horizontal,1,004,17
2017,Hidalgo,Tepeapulco,U2,Horizontal,96,061,13
2016,Aguascalientes,Aguascalientes,U1,Vertical,144,001,01
2017,Puebla,Teziutlán,U1,Horizontal,44,174,21
2017,Puebla,Cuautlancingo,U1,Horizontal,451,041,21
2016,Michoacán de Ocampo,Gabriel Zamora,FC,Horizontal,1,033,16
2016,Oaxaca,Santa Cruz Xoxocotlán,U2,Vertical,194,385,20
2017,Yucatán,Mérida,FC,Horizontal,7,050,31
2015,Aguascalientes,Jesús María,U2,Horizontal,25,005,01
2015,Coahuila de Zaragoza,Acuña,U2,Horizontal,622,002,05
2015,Coahuila de Zaragoza,Torreón,U2,Vertical,60,035,05
2015,Chihuahua,Nuevo Casas Grandes,U2,Horizontal,309,050,08
2015,Veracruz de Ignacio de la Llave,Coatzintla,FC,Vertical,100,040,30
2015,Veracruz de Ignacio de la Llave,Córdoba,U3,Horizontal,37,044,30
2017,Aguascalientes,Rincón de Romos,U2,Horizontal,104,007,01
2017,Campeche,Campeche,U3,Horizontal,56,002,04
2016,Chiapas,Tonalá,U2,Horizontal,35,097,07
2016,Durango,Durango,FC,Vertical,25,005,10
2015,Yucatán,Kanasín,U3,Horizontal,82,041,31
2017,México,Coacalco de Berriozábal,U2,Horizontal,242,020,15
2017,Sonora,Agua Prieta,U2,Horizontal,237,002,26
2015,México,Toluca,U3,Horizontal,592,106,15
2017,Tabasco,Teapa,U3,Vertical,4,016,27
2016,Aguascalientes,Jesús María,U2,Horizontal,36,005,01
2016,Puebla,Huejotzingo,U2,Vertical,1253,074,21
2016,Veracruz de Ignacio de la Llave,Tierra Blanca,FC,Horizontal,116,174,30
2015,Nuevo León,Guadalupe,U1,Horizontal,56,026,19
2016,Veracruz de Ignacio de la Llave,Córdoba,FC,Vertical,158,044,30
2016,Baja California Sur,Comondú,U3,Horizontal,13,001,03
2017,Jalisco,Tuxpan,U2,Horizontal,1,108,14
2015,Veracruz de Ignacio de la Llave,Córdoba,FC,Vertical,124,044,30
2016,México,Tultepec,U1,Horizontal,6,108,15
2017,Guerrero,Zihuatanejo de Azueta,U3,Vertical,8,038,12
2015,Michoacán de Ocampo,La Piedad,U2,Vertical,174,069,16
2017,Querétaro,Pedro Escobedo,FC,Horizontal,22,012,22
2017,Guanajuato,Celaya,U1,Horizontal,35,007,11
2015,Nuevo León,Santiago,U3,Horizontal,7,049,19
2016,Michoacán de Ocampo,Jiquilpan,U2,Horizontal,3,045,16
2017,Veracruz de Ignacio de la Llave,Huatusco,U2,Horizontal,1,071,30
2017,Hidalgo,Mineral de la Reforma,U1,Horizontal,10,051,13
2016,Coahuila de Zaragoza,Francisco I. Madero,U1,Horizontal,30,009,05
2015,Sinaloa,Mazatlán,U2,Horizontal,1753,012,25
2017,Zacatecas,Sombrerete,U2,Horizontal,2,042,32
2015,Guanajuato,León,FC,Horizontal,44,020,11
2015,Oaxaca,Santa María Atzompa,FC,Vertical,116,399,20
2017,Nuevo León,Montemorelos,U2,Horizontal,131,038,19
2017,Guerrero,Tixtla de Guerrero,FC,Horizontal,4,061,12
2017,San Luis Potosí,San Luis Potosí,U2,Horizontal,1206,028,24
2015,Guerrero,Acapulco de Juárez,U2,Vertical,955,001,12
2015,Guanajuato,Salamanca,FC,Horizontal,462,027,11
2016,Hidalgo,Tulancingo de Bravo,U2,Horizontal,7,077,13
2015,Guanajuato,León,U1,Horizontal,505,020,11
2017,Jalisco,Tepatitlán de Morelos,U3,Horizontal,28,093,14
2016,México,Chicoloapan,U2,Horizontal,33,029,15
2016,Michoacán de Ocampo,La Piedad,U1,Vertical,56,069,16
2017,Tlaxcala,Tlaxcala,U1,Vertical,12,033,29
2015,Veracruz de Ignacio de la Llave,Pánuco,U2,Horizontal,5,123,30
2016,San Luis Potosí,Soledad de Graciano Sánchez,U3,Horizontal,122,035,24
2017,Tlaxcala,Yauhquemehcan,U1,Vertical,110,043,29
2016,Oaxaca,Santa Cruz Xoxocotlán,U3,Horizontal,76,385,20
2015,Tamaulipas,Tampico,U1,Vertical,20,038,28
2017,Sonora,Navojoa,U2,Horizontal,121,042,26
2017,Jalisco,El Grullo,U3,Horizontal,35,037,14
2016,Querétaro,Querétaro,U1,Horizontal,27,014,22
2016,México,Tonanitla,U3,Vertical,28,125,15
2017,Michoacán de Ocampo,Lázaro Cárdenas,U2,Horizontal,93,052,16
2017,Veracruz de Ignacio de la Llave,Cosoleacaque,U3,Vertical,8,048,30
2015,Nuevo León,Ciénega de Flores,U2,Horizontal,2144,012,19
2015,Jalisco,Zapopan,U3,Vertical,33,120,14
2016,Oaxaca,San Francisco Lachigoló,FC,Horizontal,2,145,20
2015,Chihuahua,Meoqui,U2,Horizontal,65,045,08
2017,Hidalgo,Actopan,U2,Horizontal,6,003,13
2017,Ciudad de México,Tláhuac,U2,Vertical,63,011,09
2015,Guanajuato,San Miguel de Allende,FC,Horizontal,265,003,11
2016,Guanajuato,León,U1,Vertical,8,020,11
2015,México,Huixquilucan,U2,Vertical,330,037,15
2015,Jalisco,Sayula,U3,Horizontal,105,082,14
2016,Guanajuato,San José Iturbide,U3,Horizontal,163,032,11
2015,Querétaro,San Juan del Río,U1,Horizontal,2,016,22
2016,San Luis Potosí,San Luis Potosí,U1,Horizontal,284,028,24
2016,Hidalgo,Mineral de la Reforma,U2,Vertical,550,051,13
2015,Quintana Roo,Solidaridad,U3,Vertical,161,008,23
2016,Guanajuato,Irapuato,U3,Vertical,108,017,11
2016,Michoacán de Ocampo,Morelia,U2,Horizontal,1230,053,16
2015,Puebla,Cuautlancingo,U1,Vertical,220,041,21
2016,Querétaro,El Marqués,U3,Horizontal,204,011,22
2016,Veracruz de Ignacio de la Llave,Banderilla,U1,Horizontal,13,026,30
2016,Quintana Roo,Solidaridad,U3,Horizontal,214,008,23
2016,Baja California,Tijuana,FC,Vertical,1664,004,02
2016,Nuevo León,Monterrey,U1,Horizontal,2,039,19
2016,Nuevo León,Sabinas Hidalgo,U3,Horizontal,125,044,19
2016,Guanajuato,Pénjamo,U2,Horizontal,50,023,11
2017,Coahuila de Zaragoza,Acuña,U3,Horizontal,73,002,05
2015,Tamaulipas,Altamira,U3,Vertical,20,003,28
2015,Tamaulipas,Ciudad Madero,U1,Horizontal,7,009,28
2016,Guanajuato,Silao de la Victoria,U3,Horizontal,136,037,11
2017,Baja California Sur,Los Cabos,U3,Vertical,72,008,03
2016,Querétaro,San Juan del Río,U2,Horizontal,537,016,22
2015,Hidalgo,Pachuca de Soto,U2,Vertical,3,048,13
2017,Guanajuato,San Felipe,U2,Horizontal,60,030,11
2017,Baja California,Tijuana,U1,Horizontal,122,004,02
2017,Sinaloa,Ahome,U3,Horizontal,262,001,25
2015,Nuevo León,Salinas Victoria,U2,Vertical,36,045,19
2016,Yucatán,Motul,U2,Horizontal,13,052,31
2015,Ciudad de México,Miguel Hidalgo,U2,Vertical,1,016,09
2017,Baja California,Ensenada,U1,Horizontal,6,001,02
2015,Nayarit,Xalisco,U2,Horizontal,88,008,18
2015,Hidalgo,Mineral de la Reforma,FC,Vertical,96,051,13
2017,Nayarit,Tepic,U2,Horizontal,197,017,18
2016,Michoacán de Ocampo,La Piedad,U2,Vertical,150,069,16
2017,Nuevo León,Linares,U3,Horizontal,103,033,19
2017,Quintana Roo,Benito Juárez,U2,Horizontal,2841,005,23
2016,Yucatán,Mérida,FC,Horizontal,53,050,31
2015,Baja California Sur,Los Cabos,U3,Vertical,48,008,03
2016,México,Lerma,U1,Horizontal,29,051,15
2015,Nuevo León,García,U2,Vertical,791,018,19
2017,México,Huehuetoca,U2,Vertical,479,035,15
2016,Hidalgo,Tizayuca,U3,Vertical,6,069,13
2016,Michoacán de Ocampo,Morelia,U3,Horizontal,106,053,16
2016,México,Tecámac,FC,Horizontal,1,081,15
2017,Morelos,Jiutepec,U1,Horizontal,29,011,17
2015,Puebla,Tehuacán,U1,Vertical,23,156,21
2015,Michoacán de Ocampo,Uruapan,U2,Vertical,289,102,16
2015,Baja California Sur,Los Cabos,U3,Horizontal,9,008,03
2015,Yucatán,Valladolid,FC,Horizontal,1,102,31
2017,Baja California Sur,La Paz,U1,Horizontal,17,003,03
2017,Durango,Santiago Papasquiaro,U2,Horizontal,14,032,10
2015,Nuevo León,Salinas Victoria,FC,Horizontal,4,045,19
2015,Zacatecas,Fresnillo,U1,Horizontal,43,010,32
2017,Puebla,Cuautlancingo,U2,Vertical,12,041,21
2015,Nuevo León,Pesquería,U2,Vertical,126,041,19
2017,Hidalgo,Tulancingo de Bravo,U1,Horizontal,20,077,13
2017,Colima,Coquimatlán,U3,Horizontal,40,004,06
2016,Sonora,Empalme,U3,Horizontal,209,025,26
2015,Hidalgo,Tizayuca,U2,Horizontal,2671,069,13
2016,Puebla,Tianguismanalco,FC,Vertical,28,175,21
2015,Guerrero,Quechultenango,FC,Horizontal,23,051,12
2015,Nayarit,Bahía de Banderas,U2,Vertical,441,020,18
2017,Guerrero,Iguala de la Independencia,U1,Horizontal,55,035,12
2016,Yucatán,Valladolid,U2,Horizontal,24,102,31
2017,México,Tecámac,U3,Horizontal,438,081,15
2015,Hidalgo,Atotonilco de Tula,FC,Vertical,2474,013,13
2017,Nuevo León,Ciénega de Flores,FC,Horizontal,170,012,19
2017,Guanajuato,Guanajuato,U3,Horizontal,87,015,11
2015,Querétaro,El Marqués,U3,Vertical,96,011,22
2015,Chiapas,Palenque,U1,Vertical,120,065,07
2017,Campeche,Carmen,FC,Horizontal,4,003,04
2016,Nuevo León,Montemorelos,U3,Vertical,9,038,19
2016,México,Chalco,U2,Vertical,100,025,15
2017,México,Huehuetoca,U3,Horizontal,423,035,15
2016,Oaxaca,Santa María Atzompa,U1,Horizontal,4,399,20
2016,Hidalgo,Tulancingo de Bravo,U1,Horizontal,17,077,13
2016,Jalisco,Tlajomulco de Zúñiga,U2,Horizontal,2836,097,14
2017,Veracruz de Ignacio de la Llave,Jalacingo,U1,Horizontal,1,086,30
2017,Jalisco,Zapopan,U2,Horizontal,233,120,14
2015,Oaxaca,Santa Cruz Xoxocotlán,U2,Horizontal,147,385,20
2017,Veracruz de Ignacio de la Llave,Tuxpan,U2,Horizontal,142,189,30
2016,Tabasco,Teapa,U3,Vertical,3,016,27
2017,Hidalgo,Pachuca de Soto,U2,Horizontal,226,048,13
2017,Tamaulipas,Río Bravo,U1,Horizontal,1,033,28
2016,Michoacán de Ocampo,La Piedad,U1,Horizontal,8,069,16
2017,Puebla,Chalchicomula de Sesma,FC,Horizontal,17,045,21
2017,Oaxaca,San Juan Bautista Tuxtepec,U3,Horizontal,5,184,20
2015,Baja California,Tijuana,U1,Vertical,170,004,02
2015,Sinaloa,Culiacán,U2,Horizontal,1761,006,25
2016,Veracruz de Ignacio de la Llave,Coatzintla,FC,Vertical,124,040,30
2016,Nuevo León,Guadalupe,U3,Horizontal,678,026,19
2015,Guanajuato,Dolores Hidalgo Cuna de la Independencia Nacional,U3,Horizontal,421,014,11
2015,Sonora,Caborca,U1,Horizontal,8,017,26
2015,Baja California,Mexicali,U2,Horizontal,1646,002,02
2017,Jalisco,El Arenal,FC,Vertical,189,009,14
2016,Baja California Sur,Los Cabos,U2,Horizontal,232,008,03
2016,Oaxaca,Heroica Ciudad de Huajuapan de León,FC,Horizontal,15,039,20
2016,Yucatán,Valladolid,FC,Horizontal,1,102,31
2015,Baja California,Mexicali,U1,Horizontal,413,002,02
2016,Tabasco,Nacajuca,U3,Horizontal,11,013,27
2015,Morelos,Emiliano Zapata,U3,Horizontal,33,008,17
2016,Coahuila de Zaragoza,Nava,U2,Horizontal,157,022,05
2015,Morelos,Ayala,U2,Horizontal,465,004,17
2017,Oaxaca,Santa Cruz Xoxocotlán,U2,Vertical,46,385,20
2015,Michoacán de Ocampo,Pátzcuaro,U3,Horizontal,44,066,16
2017,Nuevo León,Pesquería,FC,Horizontal,565,041,19
2017,Guanajuato,San Luis de la Paz,U2,Horizontal,29,033,11
2016,Sonora,Puerto Peñasco,U1,Horizontal,16,048,26
2016,Puebla,Coronango,U1,Horizontal,181,034,21
2015,Guanajuato,Irapuato,U2,Horizontal,415,017,11
2017,Hidalgo,Zempoala,U2,Horizontal,311,083,13
2016,Guanajuato,Irapuato,U2,Vertical,135,017,11
2017,Sinaloa,El Fuerte,FC,Horizontal,10,010,25
2016,Ciudad de México,Miguel Hidalgo,U1,Vertical,251,016,09
2015,Veracruz de Ignacio de la Llave,Pánuco,U3,Horizontal,2,123,30
2017,Nuevo León,Apodaca,FC,Horizontal,204,006,19
2016,Jalisco,San Pedro Tlaquepaque,U3,Vertical,8,098,14
2017,Guanajuato,Dolores Hidalgo Cuna de la Independencia Nacional,U1,Horizontal,11,014,11
2017,Aguascalientes,San Francisco de los Romo,U2,Horizontal,251,011,01
2017,Chiapas,Comitán de Domínguez,U3,Vertical,6,019,07
2016,Jalisco,Tuxpan,U2,Horizontal,3,108,14
2016,Querétaro,Querétaro,U3,Horizontal,787,014,22
2016,Sinaloa,Culiacán,U2,Horizontal,1548,006,25
2015,Puebla,Coronango,U2,Horizontal,253,034,21
2017,Quintana Roo,Benito Juárez,U1,Horizontal,41,005,23
2016,Jalisco,Zacoalco de Torres,U2,Horizontal,8,119,14
2015,Puebla,Ocoyucan,U2,Horizontal,1,106,21
2017,Guanajuato,Irapuato,U2,Vertical,171,017,11
2017,Coahuila de Zaragoza,Acuña,U1,Horizontal,190,002,05
2015,Nayarit,Santa María del Oro,FC,Horizontal,20,014,18
2016,México,Tlalmanalco,U3,Vertical,29,103,15
2016,Ciudad de México,Iztacalco,U2,Vertical,113,006,09
2017,Puebla,San Pedro Cholula,U3,Horizontal,2,140,21
2016,Nuevo León,Ciénega de Flores,FC,Horizontal,48,012,19
2016,Nayarit,Xalisco,U2,Horizontal,11,008,18
2015,Morelos,Yautepec,U1,Horizontal,95,029,17
2017,Hidalgo,Tizayuca,U3,Horizontal,214,069,13
2015,Puebla,Huejotzingo,U2,Vertical,704,074,21
2015,Yucatán,Hunucmá,U3,Horizontal,2,038,31
2017,Durango,Durango,U1,Vertical,19,005,10
2016,Guanajuato,Celaya,U2,Vertical,60,007,11
2016,Hidalgo,Zempoala,FC,Horizontal,265,083,13
2016,Aguascalientes,Pabellón de Arteaga,U1,Horizontal,9,006,01
2016,Morelos,Xochitepec,U3,Horizontal,42,028,17
2015,Morelos,Temixco,U2,Horizontal,383,018,17
2017,Chiapas,Tuxtla Gutiérrez,U2,Horizontal,7,101,07
2015,Chiapas,Huehuetán,FC,Vertical,22,037,07
2015,Ciudad de México,Coyoacán,U1,Horizontal,1,003,09
2017,Chiapas,Comitán de Domínguez,U2,Horizontal,35,019,07
2015,Nuevo León,Santa Catarina,U2,Horizontal,605,048,19
2017,Baja California,Ensenada,U2,Horizontal,20,001,02
2016,Baja California,Tijuana,U2,Vertical,526,004,02
2015,Jalisco,Encarnación de Díaz,U2,Horizontal,131,035,14
2015,Veracruz de Ignacio de la Llave,Banderilla,U1,Horizontal,15,026,30
2015,Nuevo León,General Zuazua,FC,Vertical,186,025,19
2015,Jalisco,Atotonilco el Alto,FC,Horizontal,12,013,14
2017,Tamaulipas,Reynosa,U2,Horizontal,2772,032,28
2017,Morelos,Ayala,U3,Horizontal,103,004,17
2017,Guanajuato,Celaya,FC,Horizontal,97,007,11
2015,Coahuila de Zaragoza,Torreón,U1,Horizontal,136,035,05
2017,Ciudad de México,Iztapalapa,U1,Vertical,326,007,09
2016,Puebla,Amozoc,U3,Vertical,60,015,21
2016,Guerrero,Acapulco de Juárez,U2,Vertical,980,001,12
2017,Baja California Sur,Comondú,FC,Horizontal,1,001,03
2017,Jalisco,Jocotepec,U2,Vertical,60,050,14
2015,Colima,Villa de Álvarez,U3,Horizontal,108,010,06
2016,Michoacán de Ocampo,Arteaga,FC,Horizontal,1,010,16
2017,Michoacán de Ocampo,Apatzingán,U2,Horizontal,5,006,16
2017,Veracruz de Ignacio de la Llave,Coatepec,U1,Horizontal,2,038,30
2017,Yucatán,Kanasín,U3,Horizontal,347,041,31
2016,Tamaulipas,Victoria,U3,Horizontal,72,041,28
2017,Michoacán de Ocampo,Uruapan,U2,Vertical,1,102,16
2017,Michoacán de Ocampo,Morelia,U2,Horizontal,1183,053,16
2017,Ciudad de México,Gustavo A. Madero,U2,Vertical,32,005,09
2016,Guanajuato,León,U1,Horizontal,282,020,11
2016,Jalisco,San Miguel el Alto,U3,Horizontal,40,078,14
2017,Michoacán de Ocampo,Yurécuaro,U2,Horizontal,1,106,16
2015,Veracruz de Ignacio de la Llave,Naolinco,FC,Vertical,276,112,30
2017,Colima,Manzanillo,U1,Horizontal,1,007,06
2015,Jalisco,Lagos de Moreno,U2,Horizontal,535,053,14
2016,Quintana Roo,Solidaridad,U2,Horizontal,4627,008,23
2015,Veracruz de Ignacio de la Llave,Veracruz,U2,Vertical,1975,193,30
2015,Morelos,Cuautla,U2,Horizontal,36,006,17
2017,Guanajuato,Apaseo el Alto,U2,Horizontal,15,004,11
2017,Ciudad de México,Iztacalco,U1,Vertical,587,006,09
2017,Morelos,Yautepec,FC,Horizontal,162,029,17
2017,Sonora,Puerto Peñasco,U2,Horizontal,110,048,26
2016,Tabasco,Centro,U3,Horizontal,4,004,27
2015,Yucatán,Tizimín,U1,Horizontal,1,096,31
2016,Jalisco,San Miguel el Alto,FC,Horizontal,1,078,14
2017,Aguascalientes,Jesús María,U1,Horizontal,75,005,01
2017,Nuevo León,Monterrey,U2,Horizontal,68,039,19
2016,Michoacán de Ocampo,Los Reyes,U3,Horizontal,1,075,16
2015,Yucatán,Conkal,U2,Horizontal,151,013,31
2015,México,Ecatepec de Morelos,U2,Horizontal,5,033,15
2017,Hidalgo,Zempoala,FC,Vertical,330,083,13
2016,Puebla,Cuautlancingo,U1,Vertical,286,041,21
2015,Zacatecas,Río Grande,U2,Horizontal,69,039,32
2015,Morelos,Yecapixtla,U2,Horizontal,106,030,17
2017,Coahuila de Zaragoza,Ramos Arizpe,U2,Horizontal,801,027,05
2015,México,Coacalco de Berriozábal,U1,Vertical,60,020,15
2015,Tamaulipas,Victoria,FC,Horizontal,46,041,28
2015,Morelos,Temixco,U2,Vertical,160,018,17
2017,Veracruz de Ignacio de la Llave,Veracruz,U1,Horizontal,16,193,30
2015,México,Nextlalpan,U2,Horizontal,1595,059,15
2015,México,Tultitlán,U2,Horizontal,13,109,15
2015,Jalisco,Tlajomulco de Zúñiga,U2,Horizontal,4811,097,14
2016,Chiapas,Ocosingo,FC,Horizontal,10,059,07
2015,Nuevo León,Salinas Victoria,U2,Horizontal,999,045,19
2015,Puebla,Tepeaca,U1,Vertical,8,164,21
2016,Veracruz de Ignacio de la Llave,Xico,FC,Horizontal,3,092,30
2015,Tabasco,Tenosique,U2,Horizontal,6,017,27
2016,Jalisco,San Juan de los Lagos,U2,Horizontal,50,073,14
2015,Coahuila de Zaragoza,Allende,U3,Horizontal,13,003,05
2016,Nuevo León,Apodaca,U3,Horizontal,1434,006,19
2016,Michoacán de Ocampo,Los Reyes,U2,Horizontal,15,075,16
2016,Jalisco,Zapopan,U2,Horizontal,298,120,14
2016,México,Tlalmanalco,U3,Horizontal,119,103,15
2017,Yucatán,Motul,U2,Horizontal,2,052,31
2016,Aguascalientes,San Francisco de los Romo,U2,Vertical,164,011,01
2017,Colima,Coquimatlán,U2,Horizontal,6,004,06
2016,Puebla,Coronango,U1,Vertical,18,034,21
2017,Aguascalientes,Pabellón de Arteaga,U1,Horizontal,12,006,01
2017,Guanajuato,Acámbaro,U2,Horizontal,11,002,11
2017,Nuevo León,Juárez,U1,Horizontal,273,031,19
2015,Tabasco,Cárdenas,U1,Horizontal,2,002,27
2016,Puebla,Teziutlán,U2,Vertical,1,174,21
2016,Guanajuato,San Luis de la Paz,U3,Vertical,48,033,11
2017,Nayarit,Santiago Ixcuintla,U3,Horizontal,26,015,18
2015,Durango,Guadalupe Victoria,U2,Horizontal,53,008,10
2017,Veracruz de Ignacio de la Llave,Fortín,U3,Horizontal,8,068,30
2017,Guanajuato,San Francisco del Rincón,U2,Horizontal,206,031,11
2016,Sinaloa,Mazatlán,U3,Vertical,18,012,25
2015,Chiapas,Tapachula,U1,Horizontal,6,089,07
2015,Querétaro,Pedro Escobedo,FC,Horizontal,219,012,22
2016,Tabasco,Cunduacán,U3,Vertical,28,006,27
2015,Guerrero,Zihuatanejo de Azueta,FC,Horizontal,21,038,12
2017,Tabasco,Cárdenas,U3,Horizontal,2,002,27
2016,Sonora,Cajeme,U2,Horizontal,1166,018,26
2017,Jalisco,Tonalá,U1,Vertical,196,101,14
2016,Yucatán,Conkal,U2,Horizontal,78,013,31
2017,Jalisco,Acatlán de Juárez,FC,Horizontal,46,002,14
2015,Hidalgo,Apan,U2,Horizontal,40,008,13
2017,Veracruz de Ignacio de la Llave,Emiliano Zapata,U2,Horizontal,7,065,30
2017,Tlaxcala,Yauhquemehcan,U3,Horizontal,1,043,29
2016,Coahuila de Zaragoza,Torreón,FC,Horizontal,62,035,05
2016,Yucatán,Kanasín,U2,Horizontal,888,041,31
2015,Guanajuato,Dolores Hidalgo Cuna de la Independencia Nacional,U2,Horizontal,41,014,11
2017,Guerrero,Zihuatanejo de Azueta,FC,Horizontal,51,038,12
2016,Guerrero,Acapulco de Juárez,U3,Vertical,91,001,12
2016,Morelos,Temixco,U2,Horizontal,49,018,17
2015,Veracruz de Ignacio de la Llave,Veracruz,U2,Horizontal,2278,193,30
2015,Zacatecas,Río Grande,U3,Horizontal,2,039,32
2017,Jalisco,Zapotiltic,U2,Horizontal,3,121,14
2015,Sinaloa,Ahome,U2,Vertical,6,001,25
2016,Nuevo León,Cadereyta Jiménez,U3,Horizontal,77,009,19
2016,Hidalgo,Cuautepec de Hinojosa,U3,Horizontal,68,016,13
2017,Sonora,Cananea,U3,Horizontal,3,019,26
2016,Jalisco,Chapala,U3,Vertical,6,030,14
2017,Morelos,Yecapixtla,U3,Horizontal,54,030,17
2017,Sonora,Nogales,U3,Horizontal,51,043,26
2017,México,Zinacantepec,U3,Horizontal,204,118,15
2016,Puebla,San Salvador el Verde,U2,Horizontal,63,143,21
2015,Colima,Villa de Álvarez,U2,Horizontal,1322,010,06
2016,Nuevo León,Santa Catarina,U2,Horizontal,841,048,19
2017,Nayarit,Bahía de Banderas,U2,Horizontal,188,020,18
2016,Guanajuato,Romita,U2,Horizontal,4,026,11
2015,Yucatán,Umán,U2,Vertical,144,101,31
2016,Puebla,San Martín Texmelucan,U2,Vertical,126,132,21
2015,Colima,Colima,U3,Horizontal,46,002,06
2017,Nuevo León,Santa Catarina,U2,Horizontal,612,048,19
2017,Ciudad de México,Benito Juárez,U1,Vertical,13,014,09
2017,Querétaro,San Juan del Río,U2,Horizontal,484,016,22
2017,Chihuahua,Chihuahua,U2,Horizontal,2026,019,08
2017,Nuevo León,Pesquería,FC,Vertical,84,041,19
2016,Durango,Gómez Palacio,U2,Horizontal,693,007,10
2017,Chiapas,Tapachula,U2,Vertical,16,089,07
2015,Guanajuato,Celaya,U2,Horizontal,1142,007,11
2016,Tabasco,Teapa,U2,Vertical,47,016,27
2016,Michoacán de Ocampo,Uruapan,U3,Horizontal,19,102,16
2017,Hidalgo,Tizayuca,U2,Horizontal,856,069,13
2016,Nuevo León,Santa Catarina,U1,Horizontal,9,048,19
2016,Puebla,Tehuacán,U3,Vertical,12,156,21
2017,Hidalgo,Atotonilco de Tula,FC,Horizontal,641,013,13
2017,Jalisco,Ixtlahuacán del Río,FC,Horizontal,3,045,14
2017,Jalisco,Ocotlán,U1,Horizontal,5,063,14
2015,Ciudad de México,Tláhuac,U2,Vertical,8,011,09
2016,Veracruz de Ignacio de la Llave,Córdoba,U1,Vertical,144,044,30
2016,Jalisco,Zapotlanejo,U2,Horizontal,4,124,14
2015,Guanajuato,Guanajuato,U2,Vertical,60,015,11
2016,Guanajuato,Apaseo el Grande,U3,Horizontal,208,005,11
2016,Querétaro,Querétaro,U2,Vertical,1041,014,22
2016,Durango,Gómez Palacio,U2,Vertical,70,007,10
2016,Guanajuato,Celaya,FC,Horizontal,26,007,11
2016,Ciudad de México,Cuauhtémoc,U2,Vertical,61,015,09
2016,Nuevo León,Pesquería,U2,Vertical,264,041,19
2015,México,Cuautitlán Izcalli,U2,Vertical,22,121,15
2015,Baja California Sur,La Paz,FC,Horizontal,42,003,03
2015,Nuevo León,García,U3,Horizontal,837,018,19
2015,Tlaxcala,Apizaco,U1,Horizontal,16,005,29
2015,Jalisco,Tlajomulco de Zúñiga,U3,Horizontal,1564,097,14
2016,Sonora,Nogales,FC,Horizontal,24,043,26
2017,Oaxaca,Santo Domingo Tehuantepec,U2,Horizontal,62,515,20
2015,Chiapas,Comitán de Domínguez,U3,Vertical,4,019,07
2017,Veracruz de Ignacio de la Llave,Emiliano Zapata,FC,Vertical,4,065,30
2016,Chihuahua,Nuevo Casas Grandes,U2,Horizontal,207,050,08
2015,Michoacán de Ocampo,Zamora,FC,Horizontal,65,108,16
2017,Coahuila de Zaragoza,Francisco I. Madero,U1,Horizontal,149,009,05
2017,Tamaulipas,Victoria,U1,Horizontal,9,041,28
2015,Sinaloa,Ahome,U1,Horizontal,10,001,25
2015,Guanajuato,San Felipe,U3,Horizontal,30,030,11
2016,Aguascalientes,Jesús María,FC,Horizontal,1,005,01
2016,Nuevo León,Apodaca,U2,Horizontal,1800,006,19
2017,Nuevo León,García,U2,Vertical,223,018,19
2015,Yucatán,Mérida,U2,Vertical,322,050,31
2015,Quintana Roo,Solidaridad,U2,Vertical,1035,008,23
2017,Veracruz de Ignacio de la Llave,Veracruz,U3,Horizontal,219,193,30
2016,Baja California,Tecate,FC,Horizontal,9,003,02
2015,México,Lerma,U3,Horizontal,206,051,15
2015,Querétaro,Corregidora,FC,Horizontal,214,006,22
2016,Tamaulipas,Altamira,U2,Vertical,1850,003,28
2015,Chiapas,Chiapa de Corzo,FC,Vertical,432,027,07
2017,México,Chalco,U3,Vertical,55,025,15
2017,Hidalgo,Zempoala,FC,Horizontal,386,083,13
2017,Nuevo León,Apodaca,U1,Horizontal,578,006,19
2015,Sinaloa,Ahome,U3,Horizontal,21,001,25
2016,Puebla,Atlixco,U3,Horizontal,40,019,21
2015,Durango,Durango,U1,Horizontal,227,005,10
2015,Chihuahua,Nuevo Casas Grandes,U3,Horizontal,1,050,08
2017,Quintana Roo,Solidaridad,U2,Horizontal,4069,008,23
2017,Nuevo León,Salinas Victoria,U3,Horizontal,309,045,19
2015,Coahuila de Zaragoza,Saltillo,U2,Horizontal,2250,030,05
2016,San Luis Potosí,Salinas,U2,Horizontal,7,025,24
2016,Guerrero,Chilpancingo de los Bravo,U1,Vertical,62,029,12
2017,Puebla,Tehuacán,U1,Horizontal,56,156,21
2015,Puebla,Huejotzingo,U1,Vertical,2,074,21
2015,Guanajuato,Irapuato,U3,Vertical,11,017,11
2016,Hidalgo,Apan,U1,Horizontal,2,008,13
2016,Jalisco,Tepatitlán de Morelos,U3,Horizontal,64,093,14
2017,Guanajuato,Salamanca,FC,Horizontal,338,027,11
2016,Querétaro,Querétaro,U2,Horizontal,2894,014,22
2015,Baja California Sur,Comondú,U1,Horizontal,6,001,03
2015,Veracruz de Ignacio de la Llave,Cosoleacaque,U2,Vertical,280,048,30
2015,Michoacán de Ocampo,Lázaro Cárdenas,U3,Horizontal,71,052,16
2016,Tamaulipas,Matamoros,U3,Horizontal,171,022,28
2015,Guanajuato,Guanajuato,U2,Horizontal,438,015,11
2015,Yucatán,Mérida,FC,Horizontal,51,050,31
2016,Veracruz de Ignacio de la Llave,Veracruz,U3,Horizontal,165,193,30
2017,Coahuila de Zaragoza,Monclova,U1,Horizontal,120,018,05
2017,Oaxaca,Tlacolula de Matamoros,U3,Vertical,72,551,20
2016,México,Ecatepec de Morelos,U1,Horizontal,486,033,15
2016,Tamaulipas,Victoria,U1,Horizontal,14,041,28
2017,Yucatán,Motul,U3,Horizontal,10,052,31
2015,Veracruz de Ignacio de la Llave,Naranjos Amatlán,U2,Horizontal,5,013,30
2016,Colima,Armería,U2,Horizontal,24,001,06
2016,México,Tonanitla,U2,Horizontal,211,125,15
2015,Zacatecas,Guadalupe,U2,Horizontal,1507,017,32
2016,Veracruz de Ignacio de la Llave,Orizaba,U2,Horizontal,8,118,30
2017,Jalisco,Ameca,U3,Horizontal,6,006,14
2016,Guerrero,Taxco de Alarcón,FC,Vertical,9,055,12
2015,Coahuila de Zaragoza,Sabinas,U1,Horizontal,7,028,05
2017,Jalisco,Zapotlanejo,FC,Horizontal,8,124,14
2015,Guanajuato,León,U3,Vertical,62,020,11
2015,Oaxaca,Tlacolula de Matamoros,U2,Vertical,232,551,20
2017,Jalisco,Zapopan,U3,Horizontal,542,120,14
2017,Guanajuato,Apaseo el Grande,U2,Horizontal,160,005,11
2017,Jalisco,Ixtlahuacán de los Membrillos,U3,Horizontal,16,044,14
2016,Quintana Roo,Benito Juárez,U2,Horizontal,4949,005,23
2015,Puebla,San Salvador el Verde,U2,Vertical,112,143,21
2017,Tlaxcala,Amaxac de Guerrero,U2,Horizontal,1,001,29
2016,Jalisco,Tala,U1,Horizontal,1,083,14
2015,Nuevo León,Linares,U2,Horizontal,295,033,19
2015,Nuevo León,Juárez,U1,Horizontal,836,031,19
2017,Nuevo León,Juárez,U3,Horizontal,694,031,19
2016,Jalisco,El Salto,U1,Vertical,10,070,14
2016,Jalisco,Zapotlanejo,FC,Horizontal,1,124,14
2016,Tabasco,Nacajuca,U2,Vertical,704,013,27
2015,Chihuahua,Chihuahua,U2,Horizontal,2974,019,08
2015,Jalisco,Guadalajara,U2,Vertical,898,039,14
2017,Baja California Sur,Los Cabos,U2,Vertical,269,008,03
2015,Tabasco,Centro,U3,Horizontal,136,004,27
2017,Hidalgo,Mineral de la Reforma,U3,Horizontal,574,051,13
2017,Veracruz de Ignacio de la Llave,Medellín de Bravo,U3,Horizontal,62,105,30
2016,Veracruz de Ignacio de la Llave,Fortín,U1,Horizontal,2,068,30
2016,Guanajuato,Apaseo el Grande,U1,Horizontal,7,005,11
2016,Ciudad de México,Venustiano Carranza,U1,Horizontal,1,017,09
2015,Hidalgo,Zempoala,U2,Horizontal,317,083,13
2017,Michoacán de Ocampo,Puruándiro,U2,Horizontal,1,071,16
2015,Tabasco,Centro,U3,Vertical,28,004,27
2016,Veracruz de Ignacio de la Llave,Cosoleacaque,U2,Horizontal,181,048,30
2015,Morelos,Yecapixtla,U3,Horizontal,8,030,17
2016,Nuevo León,Cadereyta Jiménez,U3,Vertical,32,009,19
2017,Hidalgo,Atotonilco de Tula,U1,Horizontal,68,013,13
2015,Ciudad de México,Iztapalapa,U2,Vertical,298,007,09
2016,Coahuila de Zaragoza,Saltillo,U3,Vertical,4,030,05
2017,Puebla,Puebla,U1,Vertical,634,114,21
2015,Guanajuato,Purísima del Rincón,U2,Horizontal,24,025,11
2017,Colima,Cuauhtémoc,FC,Horizontal,20,005,06
2015,San Luis Potosí,San Luis Potosí,U2,Horizontal,1789,028,24
2017,Jalisco,Tonalá,U3,Horizontal,394,101,14
2015,Coahuila de Zaragoza,Piedras Negras,U2,Horizontal,777,025,05
2015,Jalisco,Ixtlahuacán de los Membrillos,U2,Vertical,458,044,14
2015,Querétaro,San Juan del Río,U3,Vertical,38,016,22
2015,Coahuila de Zaragoza,Francisco I. Madero,U2,Horizontal,144,009,05
2015,Guanajuato,Dolores Hidalgo Cuna de la Independencia Nacional,FC,Horizontal,137,014,11
2016,Colima,Cuauhtémoc,FC,Horizontal,37,005,06
2016,Jalisco,Puerto Vallarta,U1,Vertical,3,067,14
2017,Baja California,Tecate,FC,Horizontal,12,003,02
2017,Tamaulipas,El Mante,U2,Horizontal,5,021,28
2016,Durango,Gómez Palacio,U3,Horizontal,44,007,10
2017,México,Atizapán de Zaragoza,U2,Vertical,2,013,15
2017,Puebla,Cuautlancingo,U1,Vertical,282,041,21
2017,Sonora,Caborca,U3,Horizontal,126,017,26
2016,Morelos,Ayala,U3,Horizontal,59,004,17
2016,Tamaulipas,Tampico,U2,Vertical,20,038,28
2015,Jalisco,Tlajomulco de Zúñiga,U2,Vertical,11809,097,14
2016,Michoacán de Ocampo,Vista Hermosa,FC,Horizontal,1,105,16
2017,Guanajuato,Cortazar,U3,Horizontal,191,011,11
2015,Guanajuato,Apaseo el Grande,U2,Vertical,548,005,11
2015,Yucatán,Ticul,FC,Horizontal,3,089,31
2015,Nuevo León,El Carmen,U2,Horizontal,4562,010,19
2017,México,Huehuetoca,U2,Horizontal,520,035,15
2015,Veracruz de Ignacio de la Llave,Tantoyuca,U2,Horizontal,6,155,30
2016,Ciudad de México,Azcapotzalco,U1,Vertical,359,002,09
2015,Coahuila de Zaragoza,Parras,U2,Horizontal,39,024,05
2017,Michoacán de Ocampo,Zacapu,U1,Horizontal,3,107,16
2015,Guanajuato,Acámbaro,U2,Horizontal,38,002,11
2017,Zacatecas,Fresnillo,U2,Horizontal,76,010,32
2016,Tlaxcala,Santa Cruz Tlaxcala,U2,Vertical,48,026,29
2017,Guanajuato,San José Iturbide,U3,Horizontal,196,032,11
2017,Querétaro,El Marqués,FC,Horizontal,524,011,22
2015,Tlaxcala,Xaloztoc,U2,Horizontal,2,039,29
2017,Jalisco,Zapopan,U1,Horizontal,2,120,14
2017,Yucatán,Motul,FC,Horizontal,9,052,31
2016,Michoacán de Ocampo,Sahuayo,U3,Horizontal,55,076,16
2017,Sonora,Hermosillo,FC,Horizontal,44,030,26
2016,Michoacán de Ocampo,Zitácuaro,U2,Horizontal,17,112,16
2017,México,Xonacatlán,U3,Horizontal,168,115,15
2017,Veracruz de Ignacio de la Llave,Poza Rica de Hidalgo,U2,Vertical,12,131,30
2016,Jalisco,Sayula,U3,Horizontal,68,082,14
2017,Morelos,Emiliano Zapata,U3,Vertical,1,008,17
2017,Querétaro,Tequisquiapan,U2,Horizontal,2,017,22
2016,Yucatán,Valladolid,U3,Horizontal,189,102,31
2015,Puebla,Huejotzingo,U2,Horizontal,634,074,21
2017,Jalisco,Tepatitlán de Morelos,U1,Horizontal,11,093,14
2015,Yucatán,Dzemul,FC,Horizontal,1,026,31
2016,Guerrero,Iguala de la Independencia,U2,Horizontal,8,035,12
2015,Chihuahua,Juárez,U3,Horizontal,9,037,08
2017,Coahuila de Zaragoza,Piedras Negras,U2,Horizontal,354,025,05
2017,Hidalgo,Ixmiquilpan,U2,Horizontal,2,030,13
2016,Coahuila de Zaragoza,Piedras Negras,U2,Horizontal,677,025,05
2016,Puebla,Tehuacán,U2,Vertical,103,156,21
2016,Guerrero,Acapulco de Juárez,U2,Horizontal,353,001,12
2017,Guerrero,Iguala de la Independencia,U1,Vertical,29,035,12
2017,Michoacán de Ocampo,Marcos Castellanos,FC,Horizontal,13,051,16
2016,San Luis Potosí,Ciudad Valles,U3,Horizontal,74,013,24
2017,Durango,Durango,U2,Horizontal,770,005,10
2016,Baja California,Ensenada,U3,Horizontal,115,001,02
2017,Oaxaca,Santa María Atzompa,U3,Horizontal,92,399,20
2015,Coahuila de Zaragoza,Saltillo,U3,Horizontal,589,030,05
2016,México,Texcoco,U2,Horizontal,140,099,15
2016,Quintana Roo,Benito Juárez,U1,Horizontal,66,005,23
2015,Jalisco,Gómez Farías,FC,Horizontal,1,079,14
2017,Tlaxcala,Apizaco,U2,Horizontal,8,005,29
2017,Coahuila de Zaragoza,Torreón,U2,Vertical,108,035,05
2016,Veracruz de Ignacio de la Llave,Veracruz,U2,Vertical,1707,193,30
2017,Guanajuato,Irapuato,U3,Horizontal,219,017,11
2017,Michoacán de Ocampo,La Piedad,U1,Horizontal,3,069,16
2015,Jalisco,Acatic,FC,Horizontal,43,001,14
2016,Nuevo León,Montemorelos,U3,Horizontal,75,038,19
2017,Baja California Sur,Los Cabos,U2,Horizontal,168,008,03
2016,Coahuila de Zaragoza,Acuña,U3,Horizontal,116,002,05
2015,Sinaloa,Ahome,FC,Horizontal,9,001,25
2017,México,Ecatepec de Morelos,U1,Horizontal,485,033,15
2016,Jalisco,Jocotepec,U2,Vertical,18,050,14
2017,Michoacán de Ocampo,Morelia,U1,Vertical,11,053,16
2015,Puebla,Puebla,U3,Vertical,232,114,21
2016,Zacatecas,Guadalupe,U3,Horizontal,450,017,32
2017,México,Chalco,U2,Horizontal,572,025,15
2016,Tlaxcala,Chiautempan,U1,Horizontal,7,010,29
2017,México,Tonanitla,U2,Vertical,60,125,15
2016,Chiapas,Tapachula,FC,Horizontal,35,089,07
2015,Baja California,Ensenada,U1,Horizontal,22,001,02
2015,Chihuahua,Chihuahua,U3,Horizontal,614,019,08
2015,Sinaloa,Salvador Alvarado,U2,Horizontal,299,015,25
2016,Guanajuato,Salamanca,U2,Horizontal,98,027,11
2015,Guanajuato,León,U2,Vertical,2448,020,11
2017,Guanajuato,Celaya,U3,Horizontal,316,007,11
2016,Jalisco,El Arenal,FC,Vertical,219,009,14
2017,Puebla,Puebla,FC,Vertical,39,114,21
2015,Morelos,Emiliano Zapata,U1,Horizontal,1,008,17
2015,Tamaulipas,El Mante,U2,Horizontal,50,021,28
2016,Hidalgo,Tizayuca,U2,Vertical,1276,069,13
2016,Campeche,Carmen,FC,Horizontal,33,003,04
2016,Hidalgo,Atotonilco de Tula,FC,Horizontal,630,013,13
2015,Tabasco,Comalcalco,U2,Horizontal,1,005,27
2015,Veracruz de Ignacio de la Llave,Martínez de la Torre,U2,Horizontal,1,102,30
2015,Quintana Roo,Cozumel,FC,Horizontal,23,001,23
2015,México,Toluca,U2,Horizontal,28,106,15
2017,Michoacán de Ocampo,Jiquilpan,U2,Horizontal,1,045,16
2015,Guanajuato,Purísima del Rincón,U1,Horizontal,7,025,11
2015,Michoacán de Ocampo,Lázaro Cárdenas,U1,Vertical,32,052,16
2016,Veracruz de Ignacio de la Llave,Emiliano Zapata,U3,Horizontal,3,065,30
2016,Jalisco,Poncitlán,U2,Horizontal,1,066,14
2016,Nuevo León,Pesquería,U2,Horizontal,3260,041,19
2016,Querétaro,El Marqués,U2,Vertical,836,011,22
2016,Chiapas,Berriozábal,FC,Horizontal,137,012,07
2015,Jalisco,Jalostotitlán,U3,Horizontal,11,046,14
2016,Jalisco,Lagos de Moreno,U1,Horizontal,16,053,14
2017,Nuevo León,García,U3,Horizontal,1546,018,19
2017,Querétaro,El Marqués,FC,Vertical,726,011,22
2016,Yucatán,Mérida,U1,Horizontal,451,050,31
2015,Chiapas,Tapachula,U2,Horizontal,54,089,07
2015,Coahuila de Zaragoza,Saltillo,U1,Horizontal,133,030,05
2015,México,Chicoloapan,U2,Horizontal,89,029,15
2016,Tabasco,Cunduacán,U1,Horizontal,1,006,27
2015,Ciudad de México,Venustiano Carranza,U2,Horizontal,1,017,09
2015,Sonora,Hermosillo,FC,Horizontal,142,030,26
2016,Baja California Sur,La Paz,FC,Horizontal,61,003,03
2017,San Luis Potosí,El Naranjo,FC,Horizontal,1,058,24
2017,Coahuila de Zaragoza,Piedras Negras,U3,Horizontal,153,025,05
2016,Oaxaca,San Juan Bautista Tuxtepec,U3,Horizontal,14,184,20
2017,Puebla,Teziutlán,U1,Vertical,10,174,21
2017,Sinaloa,Guasave,U2,Horizontal,292,011,25
2016,México,Zinacantepec,U3,Horizontal,74,118,15
2017,Oaxaca,Santa María Huatulco,U3,Vertical,208,413,20
2017,Veracruz de Ignacio de la Llave,Martínez de la Torre,U2,Horizontal,5,102,30
2015,Jalisco,Tlajomulco de Zúñiga,U3,Vertical,976,097,14
2015,Coahuila de Zaragoza,Monclova,U1,Horizontal,61,018,05
2015,Oaxaca,Santa Cruz Xoxocotlán,U3,Horizontal,2,385,20
2017,Querétaro,Corregidora,FC,Horizontal,280,006,22
2017,Nuevo León,General Zuazua,FC,Horizontal,1799,025,19
2016,Tabasco,Centro,U1,Horizontal,1,004,27
2015,Jalisco,La Barca,U3,Horizontal,33,018,14
2016,Tamaulipas,El Mante,U2,Horizontal,34,021,28
2017,Sinaloa,Escuinapa,FC,Horizontal,7,009,25
2015,Yucatán,Oxkutzcab,U2,Horizontal,1,056,31
2015,Chiapas,Cintalapa de Figueroa,U1,Horizontal,2,017,07
2017,Jalisco,Cocula,FC,Horizontal,55,024,14
2015,Aguascalientes,Pabellón de Arteaga,U1,Horizontal,15,006,01
2015,Baja California,Mexicali,U3,Horizontal,128,002,02
2017,Puebla,Cuautlancingo,U3,Vertical,260,041,21
2016,Oaxaca,Tlacolula de Matamoros,U2,Vertical,168,551,20
2017,Aguascalientes,Pabellón de Arteaga,U2,Horizontal,40,006,01
2015,Querétaro,Corregidora,U2,Horizontal,213,006,22
2015,Coahuila de Zaragoza,Ramos Arizpe,U2,Horizontal,1173,027,05
2015,Tamaulipas,Altamira,U2,Vertical,2562,003,28
2015,Baja California Sur,Los Cabos,U2,Horizontal,273,008,03
2017,Jalisco,Tonalá,FC,Horizontal,786,101,14
2017,Tlaxcala,Chiautempan,U1,Horizontal,2,010,29
2016,Jalisco,Ixtlahuacán de los Membrillos,U3,Horizontal,19,044,14
2016,Colima,Manzanillo,U2,Horizontal,660,007,06
2015,Nuevo León,General Escobedo,U1,Horizontal,415,021,19
2015,Sonora,Agua Prieta,U3,Horizontal,52,002,26
2017,Nuevo León,Cadereyta Jiménez,U2,Horizontal,140,009,19
2016,Michoacán de Ocampo,Zacapu,U2,Horizontal,22,107,16
2016,Puebla,Juan C. Bonilla,U1,Vertical,288,090,21
2016,México,Huehuetoca,FC,Vertical,412,035,15
2015,Querétaro,Querétaro,U3,Vertical,294,014,22
2016,Jalisco,Mazamitla,FC,Horizontal,3,059,14
2016,Puebla,Cuautlancingo,U3,Horizontal,31,041,21
2017,Tabasco,Huimanguillo,U1,Horizontal,4,008,27
2016,Tabasco,Nacajuca,U2,Horizontal,115,013,27
2016,Nayarit,Santa María del Oro,FC,Horizontal,3,014,18
2016,Yucatán,Kanasín,U3,Horizontal,357,041,31
2015,Guanajuato,Apaseo el Alto,U2,Vertical,6,004,11
2017,Yucatán,Umán,U1,Vertical,128,101,31
2017,Jalisco,San Juan de los Lagos,U2,Horizontal,54,073,14
2015,Colima,Tecomán,U1,Horizontal,264,009,06
2015,Jalisco,Tala,U3,Horizontal,12,083,14
2017,Tlaxcala,Tlaxcala,U1,Horizontal,2,033,29
2016,Nuevo León,General Escobedo,U2,Horizontal,1617,021,19
2015,Michoacán de Ocampo,Zitácuaro,U3,Horizontal,1,112,16
2015,Veracruz de Ignacio de la Llave,Tlapacoyan,U2,Horizontal,2,183,30
2017,Colima,Armería,U2,Horizontal,70,001,06
2015,Tamaulipas,Tampico,U2,Horizontal,121,038,28
2016,Nuevo León,General Escobedo,FC,Horizontal,112,021,19
2017,Jalisco,Autlán de Navarro,U2,Horizontal,58,015,14
2016,Ciudad de México,Xochimilco,U3,Vertical,2,013,09
2016,Chihuahua,Delicias,FC,Horizontal,1,021,08
2016,Guerrero,Chilpancingo de los Bravo,U2,Horizontal,5,029,12
2016,Ciudad de México,Benito Juárez,U1,Vertical,46,014,09
2017,México,Texcoco,U1,Horizontal,58,099,15
2015,Quintana Roo,Cozumel,U2,Horizontal,68,001,23
2017,Nuevo León,Cadereyta Jiménez,FC,Vertical,78,009,19
2016,Hidalgo,Actopan,U1,Horizontal,59,003,13
2017,Yucatán,Progreso,FC,Horizontal,1,059,31
2016,Morelos,Ayala,FC,Horizontal,142,004,17
2016,Veracruz de Ignacio de la Llave,Medellín de Bravo,U2,Horizontal,582,105,30
2017,Chihuahua,Jiménez,U1,Horizontal,3,036,08
2017,Chihuahua,Meoqui,U2,Horizontal,56,045,08
2016,Baja California,Mexicali,U3,Horizontal,147,002,02
2017,Chiapas,Palenque,U1,Vertical,60,065,07
2017,Jalisco,Zapotlanejo,U3,Vertical,34,124,14
2015,Morelos,Cuernavaca,U2,Vertical,5,007,17
2015,Morelos,Emiliano Zapata,U2,Horizontal,250,008,17
2015,Campeche,Carmen,U2,Vertical,50,003,04
2016,Morelos,Jojutla,FC,Horizontal,351,012,17
2016,Hidalgo,Tizayuca,U3,Horizontal,118,069,13
2015,Michoacán de Ocampo,Sahuayo,U2,Horizontal,258,076,16
2017,Guanajuato,Villagrán,U3,Vertical,228,044,11
2016,México,Acolman,U3,Horizontal,26,002,15
2017,Tabasco,Cunduacán,U2,Horizontal,26,006,27
2017,México,Zumpango,U2,Horizontal,1010,120,15
2015,Michoacán de Ocampo,Los Reyes,U2,Horizontal,47,075,16
2016,Michoacán de Ocampo,Zamora,U1,Horizontal,53,108,16
2015,Jalisco,Autlán de Navarro,U2,Horizontal,197,015,14
2015,Guanajuato,Apaseo el Grande,FC,Vertical,72,005,11
2015,Yucatán,Umán,U3,Horizontal,2,101,31
2017,San Luis Potosí,Ciudad Valles,U3,Horizontal,17,013,24
2016,Baja California Sur,Mulegé,U3,Horizontal,31,002,03
2015,Nuevo León,García,FC,Horizontal,194,018,19
2016,Quintana Roo,Othón P. Blanco,U2,Horizontal,343,004,23
2017,Guanajuato,León,U1,Vertical,99,020,11
2015,Tamaulipas,Reynosa,FC,Horizontal,14,032,28
2017,Tamaulipas,Tampico,U1,Vertical,29,038,28
2017,Tlaxcala,Yauhquemehcan,U2,Horizontal,4,043,29
2015,Chiapas,Tuxtla Gutiérrez,U3,Vertical,37,101,07
2015,Tamaulipas,Victoria,U2,Horizontal,187,041,28
2017,Zacatecas,Guadalupe,U3,Horizontal,561,017,32
2017,Jalisco,Puerto Vallarta,U2,Vertical,57,067,14
2015,Veracruz de Ignacio de la Llave,Fortín,U3,Horizontal,38,068,30
2016,Coahuila de Zaragoza,Acuña,U2,Horizontal,628,002,05
2017,Nuevo León,San Nicolás de los Garza,U2,Horizontal,6,046,19
2016,Hidalgo,Pachuca de Soto,U3,Horizontal,53,048,13
2017,Jalisco,La Barca,U3,Horizontal,46,018,14
2017,Baja California,Mexicali,U1,Horizontal,148,002,02
2015,Jalisco,San Pedro Tlaquepaque,U2,Vertical,32,098,14
2017,Chiapas,Tapachula,U2,Horizontal,42,089,07
2015,Zacatecas,Zacatecas,U3,Horizontal,72,056,32
2015,Guanajuato,Salamanca,U3,Horizontal,61,027,11
2017,Morelos,Temixco,U2,Vertical,64,018,17
2015,Coahuila de Zaragoza,Torreón,U3,Horizontal,94,035,05
2017,Jalisco,Puerto Vallarta,U2,Horizontal,87,067,14
2017,Tlaxcala,Tlaxco,FC,Horizontal,1,034,29
2016,Nayarit,Bahía de Banderas,U2,Vertical,465,020,18
2016,Zacatecas,Sombrerete,U1,Horizontal,1,042,32
2016,Chiapas,San Fernando,FC,Horizontal,5,079,07
2016,Hidalgo,San Agustín Tlaxiaca,FC,Horizontal,8,052,13
2016,Veracruz de Ignacio de la Llave,Río Blanco,U2,Horizontal,205,138,30
2015,Hidalgo,Actopan,U1,Horizontal,1,003,13
2016,Veracruz de Ignacio de la Llave,Emiliano Zapata,U2,Vertical,39,065,30
2015,Jalisco,Guadalajara,U1,Vertical,102,039,14
2017,Veracruz de Ignacio de la Llave,Córdoba,U2,Horizontal,14,044,30
2015,Tabasco,Jalpa de Méndez,U1,Horizontal,10,010,27
2016,Nayarit,Santiago Ixcuintla,U3,Horizontal,28,015,18
2015,Nayarit,Tepic,U3,Vertical,3,017,18
2015,México,Calimaya,U3,Horizontal,1,018,15
2015,Yucatán,Motul,U2,Vertical,38,052,31
2017,Puebla,Zacatlán,U2,Horizontal,9,208,21
2016,Baja California Sur,Los Cabos,U3,Horizontal,3,008,03
2015,Coahuila de Zaragoza,Castaños,U1,Horizontal,16,006,05
2015,Quintana Roo,Solidaridad,FC,Horizontal,27,008,23
2016,Morelos,Xochitepec,FC,Horizontal,324,028,17
2015,Coahuila de Zaragoza,Saltillo,FC,Horizontal,90,030,05
2015,Zacatecas,Guadalupe,U1,Horizontal,2,017,32
2016,Tamaulipas,Reynosa,U2,Horizontal,3247,032,28
2015,Tabasco,Teapa,U2,Horizontal,17,016,27
2016,Nuevo León,García,U1,Horizontal,245,018,19
2017,Jalisco,Tala,U2,Horizontal,43,083,14
2016,Querétaro,Querétaro,FC,Horizontal,48,014,22
2017,Sonora,Puerto Peñasco,U1,Horizontal,16,048,26
2016,Sinaloa,El Fuerte,FC,Horizontal,15,010,25
2016,Tlaxcala,Tlaxco,U1,Horizontal,5,034,29
2015,Nuevo León,Juárez,FC,Horizontal,21,031,19
2016,Guanajuato,León,U2,Vertical,3506,020,11
2016,Nuevo León,García,U2,Horizontal,5632,018,19
2015,Colima,Coquimatlán,U2,Horizontal,78,004,06
2016,Morelos,Yautepec,U2,Horizontal,79,029,17
2017,Durango,Vicente Guerrero,U2,Horizontal,2,038,10
2017,Quintana Roo,Solidaridad,U2,Vertical,940,008,23
2017,Tlaxcala,Tlaxcala,U2,Vertical,92,033,29
2017,Michoacán de Ocampo,Sahuayo,U2,Horizontal,58,076,16
2016,Puebla,Amozoc,U2,Horizontal,58,015,21
2017,Campeche,Campeche,U2,Vertical,160,002,04
2015,Veracruz de Ignacio de la Llave,Fortín,U1,Horizontal,18,068,30
2015,Puebla,Atlixco,FC,Horizontal,46,019,21
2017,Sinaloa,Mazatlán,U3,Horizontal,207,012,25
2017,Chihuahua,Juárez,U2,Horizontal,2398,037,08
2017,Guanajuato,Moroleón,U2,Horizontal,3,021,11
2016,Zacatecas,Zacatecas,U3,Horizontal,19,056,32
2015,Baja California Sur,La Paz,U2,Horizontal,1614,003,03
2017,Baja California Sur,Mulegé,U3,Horizontal,6,002,03
2017,Tabasco,Teapa,FC,Horizontal,6,016,27
2015,Puebla,Teziutlán,U2,Horizontal,2,174,21
2016,Tabasco,Teapa,FC,Horizontal,7,016,27
2016,Puebla,Cuautlancingo,U3,Vertical,10,041,21
2016,Jalisco,Lagos de Moreno,U2,Horizontal,133,053,14
2017,Jalisco,Arandas,U3,Horizontal,2,008,14
2016,Chihuahua,Meoqui,U2,Horizontal,67,045,08
2016,Sinaloa,Guasave,U3,Horizontal,2,011,25
2015,Coahuila de Zaragoza,Matamoros,U3,Horizontal,23,017,05
2016,Sonora,Cajeme,U3,Horizontal,197,018,26
2016,Sinaloa,Culiacán,U1,Vertical,4,006,25
2015,Chiapas,Tapachula,U2,Vertical,167,089,07
2017,Sonora,Cananea,FC,Horizontal,53,019,26
2016,Baja California,Mexicali,U1,Horizontal,223,002,02
2015,Yucatán,Tizimín,U3,Horizontal,3,096,31
2017,Jalisco,Zapopan,U2,Vertical,3669,120,14
2017,Michoacán de Ocampo,Zinapécuaro,U2,Horizontal,1,110,16
2015,Jalisco,Tecolotlán,FC,Horizontal,2,088,14
2017,Durango,Gómez Palacio,U1,Horizontal,79,007,10
2017,Hidalgo,Tulancingo de Bravo,U3,Horizontal,5,077,13
2015,Hidalgo,Tula de Allende,FC,Horizontal,1,076,13
2016,Yucatán,Umán,U1,Vertical,96,101,31
2017,Michoacán de Ocampo,Los Reyes,FC,Horizontal,1,075,16
2015,Guanajuato,San Felipe,U2,Horizontal,56,030,11
2015,Ciudad de México,Xochimilco,U3,Vertical,3,013,09
2016,Veracruz de Ignacio de la Llave,Córdoba,U3,Vertical,51,044,30
2016,Michoacán de Ocampo,Lázaro Cárdenas,U2,Horizontal,169,052,16
2015,Coahuila de Zaragoza,Francisco I. Madero,U1,Horizontal,195,009,05
2015,Puebla,San Martín Texmelucan,U3,Horizontal,10,132,21
2015,Nayarit,Santiago Ixcuintla,FC,Horizontal,5,015,18
2017,Quintana Roo,Puerto Morelos,U3,Horizontal,9,011,23
2017,Hidalgo,Pachuca de Soto,U1,Horizontal,74,048,13
2016,Colima,Villa de Álvarez,U1,Horizontal,46,010,06
2015,Durango,Durango,U2,Vertical,20,005,10
2016,Jalisco,Tonalá,U3,Horizontal,281,101,14
2017,México,Otzolotepec,FC,Horizontal,269,067,15
2017,Veracruz de Ignacio de la Llave,Tuxpan,U3,Horizontal,54,189,30
2015,Oaxaca,Oaxaca de Juárez,U2,Vertical,2,067,20
2015,Querétaro,El Marqués,FC,Vertical,152,011,22
2017,Veracruz de Ignacio de la Llave,Xalapa,U3,Horizontal,14,087,30
2015,Tamaulipas,Victoria,U1,Horizontal,16,041,28
2015,Guanajuato,Celaya,U1,Horizontal,22,007,11
2016,Colima,Tecomán,U1,Horizontal,372,009,06
2016,Guanajuato,Celaya,U1,Horizontal,43,007,11
2016,Querétaro,El Marqués,FC,Horizontal,847,011,22
2017,Aguascalientes,Aguascalientes,U2,Vertical,235,001,01
2015,Zacatecas,Sombrerete,U1,Horizontal,1,042,32
2016,Sonora,Nogales,U3,Horizontal,89,043,26
2015,Coahuila de Zaragoza,Frontera,U2,Horizontal,11,010,05
2017,México,Acolman,U3,Vertical,108,002,15
2015,Sonora,Cajeme,U2,Horizontal,1560,018,26
2015,Veracruz de Ignacio de la Llave,Cosoleacaque,FC,Vertical,64,048,30
2017,Sonora,Cajeme,U1,Horizontal,2,018,26
2016,San Luis Potosí,Rioverde,U1,Horizontal,8,024,24
2017,Tabasco,Teapa,U1,Horizontal,2,016,27
2017,Sinaloa,Culiacán,U1,Horizontal,147,006,25
2017,Durango,Durango,U3,Horizontal,265,005,10
2017,Sonora,San Luis Río Colorado,U2,Horizontal,144,055,26
2016,Yucatán,Motul,U3,Horizontal,3,052,31
2017,Chihuahua,Nuevo Casas Grandes,U2,Horizontal,232,050,08
2017,Ciudad de México,Iztacalco,U2,Vertical,106,006,09
2015,Baja California,Playas de Rosarito,FC,Horizontal,145,005,02
2017,Colima,Villa de Álvarez,U2,Horizontal,714,010,06
2016,Jalisco,Tototlán,FC,Horizontal,6,105,14
2015,Ciudad de México,Álvaro Obregón,U1,Vertical,52,010,09
2015,Nuevo León,Monterrey,U3,Horizontal,23,039,19
2017,México,Chalco,U3,Horizontal,144,025,15
2016,Coahuila de Zaragoza,Frontera,U2,Horizontal,31,010,05
2016,Tabasco,Emiliano Zapata,U2,Horizontal,1,007,27
2017,Sinaloa,Salvador Alvarado,U2,Horizontal,230,015,25
2015,Jalisco,San Pedro Tlaquepaque,U1,Vertical,244,098,14
2016,Sonora,Guaymas,FC,Horizontal,4,029,26
2016,Quintana Roo,Solidaridad,U2,Vertical,1490,008,23
2017,Tlaxcala,Tzompantepec,U2,Horizontal,2,038,29
2015,Nuevo León,Pesquería,FC,Vertical,100,041,19
2017,Tamaulipas,Reynosa,U1,Horizontal,138,032,28
2017,Sinaloa,Culiacán,U2,Vertical,445,006,25
2017,Puebla,Tehuacán,U3,Vertical,18,156,21
2016,Jalisco,Acatic,FC,Horizontal,11,001,14
2017,Guerrero,Coyuca de Benítez,FC,Horizontal,8,021,12
2017,Morelos,Tlayacapan,FC,Horizontal,90,026,17
2015,Nuevo León,García,U3,Vertical,12,018,19
2016,Jalisco,El Salto,U2,Horizontal,2537,070,14
2017,San Luis Potosí,Salinas,U2,Horizontal,1,025,24
2017,Nuevo León,General Escobedo,U3,Horizontal,398,021,19
2017,Veracruz de Ignacio de la Llave,Naolinco,FC,Vertical,117,112,30
2015,Guerrero,Iguala de la Independencia,U1,Vertical,3,035,12
2016,Hidalgo,Tepeapulco,U2,Horizontal,18,061,13
2017,Baja California,Playas de Rosarito,FC,Vertical,2,005,02
2017,Veracruz de Ignacio de la Llave,Xalapa,FC,Horizontal,42,087,30
2017,Coahuila de Zaragoza,Torreón,U1,Horizontal,32,035,05
2017,Veracruz de Ignacio de la Llave,Veracruz,FC,Vertical,264,193,30
2017,Colima,Manzanillo,U2,Vertical,41,007,06
2015,México,Nicolás Romero,U2,Horizontal,223,060,15
2015,Yucatán,Valladolid,U3,Horizontal,117,102,31
2015,Coahuila de Zaragoza,Morelos,FC,Horizontal,7,019,05
2016,México,Tlalnepantla de Baz,U1,Horizontal,1,104,15
2015,Jalisco,San Pedro Tlaquepaque,U3,Horizontal,51,098,14
2015,Zacatecas,Guadalupe,U3,Horizontal,82,017,32
2017,Veracruz de Ignacio de la Llave,Cosoleacaque,U1,Horizontal,29,048,30
2015,San Luis Potosí,San Luis Potosí,U1,Vertical,25,028,24
2015,Jalisco,San Juan de los Lagos,U3,Horizontal,52,073,14
2015,Nuevo León,Pesquería,U3,Horizontal,122,041,19
2015,San Luis Potosí,Rioverde,U2,Horizontal,8,024,24
2015,Jalisco,Ocotlán,U2,Horizontal,69,063,14
2016,Nuevo León,General Escobedo,U2,Vertical,252,021,19
2016,Yucatán,Ticul,FC,Horizontal,1,089,31
2015,Tabasco,Comalcalco,FC,Horizontal,28,005,27
2015,Hidalgo,Actopan,U2,Horizontal,11,003,13
2017,Nuevo León,Cadereyta Jiménez,U3,Horizontal,172,009,19
2017,Guanajuato,Silao de la Victoria,U3,Horizontal,78,037,11
2017,México,Tlalmanalco,U3,Vertical,14,103,15
2015,Oaxaca,Santa Cruz Xoxocotlán,U2,Vertical,36,385,20
2015,Durango,Durango,U2,Horizontal,1256,005,10
2016,Veracruz de Ignacio de la Llave,San Andrés Tuxtla,U2,Horizontal,10,141,30
2017,Veracruz de Ignacio de la Llave,Tuxpan,U3,Vertical,36,189,30
2016,Nuevo León,Salinas Victoria,U2,Horizontal,1979,045,19
2015,Chihuahua,Juárez,U1,Horizontal,404,037,08
2016,Veracruz de Ignacio de la Llave,Poza Rica de Hidalgo,U3,Horizontal,88,131,30
2017,Tamaulipas,Ciudad Madero,U1,Vertical,10,009,28
2016,Nayarit,Tepic,U1,Horizontal,10,017,18
2017,Tlaxcala,Tetla de la Solidaridad,U2,Horizontal,7,031,29
2015,Jalisco,Zapotlán el Grande,U1,Horizontal,1,023,14
2015,México,Chalco,U2,Horizontal,1429,025,15
2016,Hidalgo,Actopan,U2,Horizontal,2,003,13
2016,Jalisco,La Barca,U3,Horizontal,38,018,14
2015,Jalisco,El Salto,U2,Horizontal,1428,070,14
2017,México,Tonanitla,U3,Horizontal,139,125,15
2015,Aguascalientes,Aguascalientes,U2,Vertical,457,001,01
2015,Tlaxcala,Chiautempan,U2,Horizontal,2,010,29
2017,Coahuila de Zaragoza,Torreón,U2,Horizontal,1638,035,05
2017,Sonora,Cajeme,U3,Horizontal,167,018,26
2015,México,Temascalapa,U3,Horizontal,60,084,15
2016,Michoacán de Ocampo,Jacona,U2,Horizontal,60,043,16
2017,Yucatán,Mérida,U3,Horizontal,1337,050,31
2016,Aguascalientes,Jesús María,U1,Horizontal,26,005,01
2017,Sonora,San Luis Río Colorado,U1,Horizontal,20,055,26
2016,Jalisco,Tala,FC,Horizontal,199,083,14
2016,Nuevo León,Juárez,FC,Horizontal,5,031,19
2017,Coahuila de Zaragoza,Saltillo,U2,Horizontal,1953,030,05
2016,Sonora,Navojoa,U2,Horizontal,140,042,26
2016,Colima,Colima,U2,Horizontal,364,002,06
2017,México,Toluca,U3,Horizontal,293,106,15
2016,Veracruz de Ignacio de la Llave,Poza Rica de Hidalgo,U2,Horizontal,215,131,30
2017,Sonora,Santa Ana,FC,Horizontal,3,058,26
2017,Puebla,San José Chiapa,FC,Vertical,471,128,21
2017,Querétaro,Querétaro,U1,Horizontal,262,014,22
2017,Tamaulipas,Río Bravo,U3,Horizontal,20,033,28
2016,Baja California Sur,Los Cabos,U2,Vertical,227,008,03
2015,Querétaro,El Marqués,U3,Horizontal,62,011,22
2016,Nuevo León,Sabinas Hidalgo,U1,Horizontal,6,044,19
2016,Jalisco,Ojuelos de Jalisco,FC,Horizontal,1,064,14
2017,México,Zumpango,U3,Vertical,120,120,15
2015,México,Ocoyoacac,FC,Horizontal,1,062,15
2015,Chiapas,Tapachula,FC,Horizontal,113,089,07
2015,Aguascalientes,Calvillo,U3,Horizontal,12,003,01
2015,Veracruz de Ignacio de la Llave,San Andrés Tuxtla,U2,Horizontal,14,141,30
2015,Hidalgo,Pachuca de Soto,U2,Horizontal,1261,048,13
2017,México,Tecámac,U3,Vertical,240,081,15
2017,México,Tultitlán,U2,Horizontal,14,109,15
2015,Zacatecas,Jerez,U1,Horizontal,6,020,32
2016,Coahuila de Zaragoza,Saltillo,U2,Horizontal,1916,030,05
2015,Sonora,Hermosillo,U2,Horizontal,3757,030,26
2016,Sonora,Empalme,FC,Horizontal,3,025,26
2017,Baja California,Tijuana,FC,Horizontal,88,004,02
2016,Michoacán de Ocampo,Zamora,U2,Horizontal,136,108,16
2017,Jalisco,Tlajomulco de Zúñiga,FC,Horizontal,717,097,14
2015,Nuevo León,Apodaca,U1,Horizontal,630,006,19
2015,Aguascalientes,Aguascalientes,U2,Horizontal,3737,001,01
2015,San Luis Potosí,Soledad de Graciano Sánchez,U1,Horizontal,102,035,24
2017,Durango,Gómez Palacio,U3,Horizontal,8,007,10
2016,Puebla,San Pedro Cholula,U2,Horizontal,5,140,21
2017,Yucatán,Kanasín,U2,Horizontal,1008,041,31
2016,Nuevo León,García,U3,Horizontal,1252,018,19
2017,México,Xonacatlán,U3,Vertical,16,115,15
2017,Guanajuato,Salamanca,U3,Horizontal,146,027,11
2015,Yucatán,Motul,U2,Horizontal,18,052,31
2015,Hidalgo,Actopan,U3,Horizontal,7,003,13
2017,Baja California Sur,La Paz,U3,Horizontal,160,003,03
2017,Jalisco,Jocotepec,U3,Horizontal,120,050,14
2016,Guerrero,Zihuatanejo de Azueta,U2,Vertical,3,038,12
2017,Chihuahua,Delicias,FC,Horizontal,1,021,08
2016,Veracruz de Ignacio de la Llave,Cosoleacaque,FC,Vertical,20,048,30
2017,Veracruz de Ignacio de la Llave,Xalapa,U2,Horizontal,9,087,30
2017,Veracruz de Ignacio de la Llave,Córdoba,U3,Horizontal,98,044,30
2017,Guanajuato,Cortazar,U3,Vertical,48,011,11
2015,Tamaulipas,Altamira,U2,Horizontal,60,003,28
2016,Jalisco,San Juan de los Lagos,U3,Horizontal,90,073,14
2016,Veracruz de Ignacio de la Llave,Río Blanco,U2,Vertical,12,138,30
2017,Chihuahua,Chihuahua,U3,Horizontal,804,019,08
2015,Chiapas,San Fernando,FC,Horizontal,6,079,07
2016,Coahuila de Zaragoza,Piedras Negras,U1,Horizontal,12,025,05
2016,Quintana Roo,Solidaridad,U1,Horizontal,2,008,23
2016,Baja California,Mexicali,FC,Horizontal,69,002,02
2016,Jalisco,San Pedro Tlaquepaque,U1,Vertical,434,098,14
2016,Nuevo León,El Carmen,U3,Horizontal,193,010,19
2017,Durango,Durango,U1,Horizontal,173,005,10
2015,Michoacán de Ocampo,Zamora,U2,Horizontal,327,108,16
2017,Jalisco,Sayula,U3,Horizontal,49,082,14
2017,Veracruz de Ignacio de la Llave,Veracruz,U2,Horizontal,1537,193,30
2017,Guerrero,Iguala de la Independencia,U2,Horizontal,2,035,12
2015,Hidalgo,Huichapan,FC,Horizontal,3,029,13
2016,Puebla,Juan C. Bonilla,U3,Horizontal,1,090,21
2015,Puebla,Ocoyucan,U3,Horizontal,3,106,21
2017,México,Nextlalpan,U3,Vertical,134,059,15
2016,Jalisco,Zapotlán el Grande,FC,Horizontal,1,023,14
2016,Michoacán de Ocampo,Sahuayo,U2,Horizontal,192,076,16
2015,Jalisco,El Arenal,FC,Vertical,144,009,14
2016,México,Tlalnepantla de Baz,U1,Vertical,112,104,15
2016,Tabasco,Teapa,U1,Vertical,3,016,27
2016,Tlaxcala,Huamantla,U2,Horizontal,39,013,29
2016,Jalisco,Tepatitlán de Morelos,U2,Horizontal,11,093,14
2016,Sinaloa,Mazatlán,U2,Horizontal,1417,012,25
2017,Hidalgo,Tizayuca,U3,Vertical,118,069,13
2015,Puebla,Ocoyucan,FC,Horizontal,5,106,21
2015,Zacatecas,Ojocaliente,U3,Horizontal,6,036,32
2015,México,Nicolás Romero,U2,Vertical,3,060,15
2017,México,Zumpango,U3,Horizontal,435,120,15
2015,Hidalgo,Zempoala,FC,Vertical,84,083,13
2017,Guanajuato,Moroleón,U3,Horizontal,35,021,11
2017,Veracruz de Ignacio de la Llave,Orizaba,U2,Horizontal,32,118,30
2016,Michoacán de Ocampo,Apatzingán,U2,Horizontal,51,006,16
2016,Coahuila de Zaragoza,Villa Unión,FC,Horizontal,3,037,05
2015,Jalisco,Zapotlanejo,U2,Horizontal,15,124,14
2016,Oaxaca,Tlacolula de Matamoros,U3,Vertical,248,551,20
2017,Michoacán de Ocampo,Morelia,U2,Vertical,1033,053,16
2016,Ciudad de México,Venustiano Carranza,U2,Vertical,90,017,09
2015,Tabasco,Huimanguillo,U2,Horizontal,24,008,27
2016,México,Coacalco de Berriozábal,U1,Vertical,60,020,15
2015,Morelos,Tlaltizapán de Zapata,FC,Vertical,56,024,17
2016,Tlaxcala,Zacatelco,U2,Horizontal,7,044,29
2015,México,Nextlalpan,U3,Horizontal,318,059,15
2016,Tlaxcala,Calpulalpan,U2,Horizontal,7,006,29
2016,Puebla,Amozoc,U1,Horizontal,141,015,21
2015,San Luis Potosí,San Luis Potosí,U3,Horizontal,104,028,24
2016,Coahuila de Zaragoza,Piedras Negras,U3,Horizontal,57,025,05
2016,México,Lerma,U2,Vertical,3,051,15
2017,Michoacán de Ocampo,Morelia,U3,Vertical,510,053,16
2017,Tabasco,Cárdenas,FC,Horizontal,1,002,27
2016,San Luis Potosí,San Luis Potosí,FC,Horizontal,257,028,24
2016,Veracruz de Ignacio de la Llave,Córdoba,U2,Vertical,39,044,30
2017,Michoacán de Ocampo,Zamora,FC,Horizontal,77,108,16
2017,Jalisco,La Barca,U2,Horizontal,4,018,14
2016,Nayarit,Bahía de Banderas,U3,Horizontal,91,020,18
2015,Nayarit,Tepic,FC,Horizontal,2,017,18
2016,Guanajuato,Guanajuato,U1,Horizontal,1,015,11
2015,Baja California,Ensenada,U2,Horizontal,67,001,02
2017,Hidalgo,Apan,U1,Horizontal,1,008,13
2016,México,Huehuetoca,U2,Horizontal,1058,035,15
2016,Morelos,Yecapixtla,U2,Vertical,104,030,17
2017,Zacatecas,Ojocaliente,U2,Horizontal,1,036,32
2015,México,Zinacantepec,U3,Horizontal,38,118,15
2017,Nuevo León,Ciénega de Flores,U3,Horizontal,392,012,19
2015,Ciudad de México,Iztacalco,U2,Vertical,152,006,09
2015,Tlaxcala,Tlaxcala,U2,Horizontal,39,033,29
2017,Coahuila de Zaragoza,Frontera,U2,Horizontal,181,010,05
2016,Jalisco,Tlajomulco de Zúñiga,FC,Horizontal,785,097,14
2015,Guanajuato,Irapuato,U1,Horizontal,268,017,11
2015,Aguascalientes,San Francisco de los Romo,U3,Horizontal,66,011,01
2016,Yucatán,Tekax,U2,Horizontal,6,079,31
2016,México,Nextlalpan,U2,Vertical,360,059,15
2017,Jalisco,Zapotlanejo,U3,Horizontal,1,124,14
2015,Chiapas,Tuxtla Gutiérrez,U1,Horizontal,16,101,07
2017,Guerrero,Acapulco de Juárez,FC,Horizontal,110,001,12
2016,Nuevo León,Juárez,U1,Horizontal,1182,031,19
2016,Chihuahua,Aquiles Serdán,U2,Horizontal,269,004,08
2016,Aguascalientes,San Francisco de los Romo,U3,Horizontal,59,011,01
2016,Puebla,Huejotzingo,U2,Horizontal,378,074,21
2015,Guanajuato,San Francisco del Rincón,U2,Horizontal,22,031,11
2015,Chihuahua,Chihuahua,U2,Vertical,12,019,08
2016,Sonora,Caborca,U3,Horizontal,62,017,26
2016,Veracruz de Ignacio de la Llave,Cosoleacaque,U1,Horizontal,67,048,30
2017,Hidalgo,Huichapan,FC,Horizontal,4,029,13
2015,Michoacán de Ocampo,La Piedad,U1,Vertical,16,069,16
2016,Guanajuato,San Luis de la Paz,U2,Horizontal,46,033,11
2016,Hidalgo,Pachuca de Soto,FC,Horizontal,66,048,13
2015,Tlaxcala,Tepeyanco,U2,Horizontal,1,029,29
2015,Tlaxcala,Papalotla de Xicohténcatl,U2,Horizontal,65,041,29
2017,Hidalgo,Zempoala,U3,Horizontal,805,083,13
2015,Tamaulipas,Reynosa,U1,Vertical,135,032,28
2016,Sonora,Hermosillo,FC,Horizontal,119,030,26
2015,Oaxaca,San Jacinto Amilpas,U2,Horizontal,8,157,20
2015,Morelos,Yautepec,U2,Horizontal,49,029,17
2015,Michoacán de Ocampo,Uruapan,U3,Vertical,4,102,16
2017,Tamaulipas,Nuevo Laredo,U3,Horizontal,122,027,28
2016,Hidalgo,Atotonilco de Tula,FC,Vertical,1883,013,13
2016,Jalisco,Zapopan,U1,Horizontal,4,120,14
2017,Zacatecas,Fresnillo,U3,Horizontal,1,010,32
2017,Tlaxcala,Tzompantepec,FC,Horizontal,2,038,29
2015,Guanajuato,Valle de Santiago,U3,Horizontal,6,042,11
2017,Jalisco,Zapotlanejo,U2,Horizontal,8,124,14
2015,Baja California,Ensenada,U3,Horizontal,47,001,02
2015,México,Huehuetoca,U3,Horizontal,231,035,15
2015,Querétaro,Amealco de Bonfil,FC,Horizontal,3,001,22
2017,Tabasco,Cunduacán,U2,Vertical,80,006,27
2016,Ciudad de México,Cuajimalpa de Morelos,U1,Horizontal,1,004,09
2016,Jalisco,Lagos de Moreno,U3,Horizontal,106,053,14
2017,Sonora,Agua Prieta,U3,Horizontal,10,002,26
2015,Veracruz de Ignacio de la Llave,Cosoleacaque,U1,Horizontal,173,048,30
2017,Guanajuato,Salamanca,FC,Vertical,129,027,11
2016,Guanajuato,San José Iturbide,FC,Horizontal,37,032,11
2015,Jalisco,Tuxpan,U2,Horizontal,2,108,14
2016,Tlaxcala,Tetla de la Solidaridad,U2,Horizontal,5,031,29
2017,México,Nextlalpan,U3,Horizontal,2,059,15
2015,Tlaxcala,Zacatelco,U1,Horizontal,1,044,29
2016,Baja California Sur,Loreto,U3,Horizontal,1,009,03
2016,Baja California,Ensenada,U2,Horizontal,27,001,02
2016,Campeche,Campeche,U3,Horizontal,27,002,04
2016,México,Temoaya,FC,Horizontal,369,087,15
2017,México,Temascalapa,U3,Horizontal,108,084,15
2017,Colima,Villa de Álvarez,U3,Horizontal,307,010,06
2016,Nuevo León,García,U2,Vertical,205,018,19
2016,Puebla,Nopalucan,U1,Vertical,40,104,21
2015,Chihuahua,Nuevo Casas Grandes,U1,Horizontal,2,050,08
2016,Chihuahua,Cuauhtémoc,U2,Horizontal,599,017,08
2016,Baja California,Tijuana,FC,Horizontal,117,004,02
2016,México,Zinacantepec,U2,Horizontal,1,118,15
2015,Hidalgo,Tula de Allende,U2,Horizontal,1,076,13
2016,Michoacán de Ocampo,La Piedad,U2,Horizontal,54,069,16
2015,Jalisco,Cihuatlán,FC,Horizontal,2,022,14
2016,Guanajuato,Apaseo el Grande,U3,Vertical,48,005,11
2017,Yucatán,Conkal,FC,Horizontal,2,013,31
2016,Jalisco,La Barca,FC,Horizontal,9,018,14
2017,Michoacán de Ocampo,Morelia,U1,Horizontal,88,053,16
2017,Quintana Roo,Othón P. Blanco,U2,Horizontal,545,004,23
2016,Puebla,Puebla,U3,Horizontal,121,114,21
2015,Tamaulipas,Victoria,U3,Horizontal,131,041,28
2017,Tamaulipas,Nuevo Laredo,U1,Horizontal,287,027,28
2017,Jalisco,Lagos de Moreno,U1,Horizontal,64,053,14
2015,Guanajuato,Celaya,U3,Horizontal,469,007,11
2017,Baja California Sur,Comondú,U3,Horizontal,13,001,03
2016,Sonora,Navojoa,U3,Horizontal,25,042,26
2016,Chihuahua,Jiménez,U2,Horizontal,24,036,08
2017,Puebla,Tlatlauquitepec,FC,Horizontal,1,186,21
2017,Oaxaca,Santa María Atzompa,U1,Horizontal,7,399,20
2016,Guanajuato,Uriangato,U2,Horizontal,3,041,11
2017,Jalisco,San Pedro Tlaquepaque,U1,Vertical,312,098,14
2017,Sonora,Empalme,U3,Horizontal,91,025,26
2017,Nuevo León,Apodaca,U2,Horizontal,1011,006,19
2015,Guanajuato,Apaseo el Grande,U2,Horizontal,406,005,11
2016,Jalisco,Tlajomulco de Zúñiga,U1,Horizontal,81,097,14
2016,Puebla,San Martín Texmelucan,U2,Horizontal,137,132,21
2016,Guanajuato,San Felipe,U3,Horizontal,18,030,11
2017,Quintana Roo,Puerto Morelos,U3,Vertical,3,011,23
2017,Nayarit,Tepic,U3,Horizontal,102,017,18
2016,Chiapas,San Cristóbal de las Casas,U2,Vertical,2,078,07
2016,Jalisco,Cocula,FC,Horizontal,40,024,14
2017,Hidalgo,Mineral de la Reforma,U2,Vertical,1045,051,13
2016,Jalisco,Amatitán,FC,Horizontal,11,005,14
2017,Guanajuato,Pénjamo,U2,Horizontal,42,023,11
2015,Morelos,Xochitepec,U3,Horizontal,312,028,17
2015,Tabasco,Emiliano Zapata,U3,Horizontal,6,007,27
2015,Guanajuato,Apaseo el Alto,U2,Horizontal,10,004,11
2017,Hidalgo,Tula de Allende,U2,Horizontal,14,076,13
2017,Nuevo León,Linares,U2,Horizontal,105,033,19
2015,Michoacán de Ocampo,Tarímbaro,U2,Horizontal,22,088,16
2015,Sinaloa,Culiacán,U2,Vertical,754,006,25
2016,Sonora,Agua Prieta,U2,Horizontal,324,002,26
2016,Nuevo León,Ciénega de Flores,U2,Horizontal,1731,012,19
2015,Colima,Coquimatlán,U3,Horizontal,121,004,06
2017,San Luis Potosí,San Luis Potosí,U2,Vertical,35,028,24
2016,Guanajuato,Guanajuato,U2,Horizontal,475,015,11
2017,Puebla,Huauchinango,U2,Horizontal,20,071,21
2017,Hidalgo,Mineral de la Reforma,U2,Horizontal,562,051,13
2017,Chihuahua,Chihuahua,U1,Horizontal,25,019,08
2016,Oaxaca,Heroica Ciudad de Huajuapan de León,U3,Horizontal,3,039,20
2017,Coahuila de Zaragoza,Parras,U2,Horizontal,32,024,05
2017,Tlaxcala,Xicohtzinco,U1,Horizontal,2,042,29
2015,Morelos,Yecapixtla,U3,Vertical,48,030,17
2017,Coahuila de Zaragoza,Saltillo,FC,Horizontal,16,030,05
2015,Oaxaca,Santo Domingo Tehuantepec,U1,Horizontal,45,515,20
2016,México,Nezahualcóyotl,U2,Vertical,1,058,15
2016,Guanajuato,San Francisco del Rincón,FC,Horizontal,1,031,11
2017,Veracruz de Ignacio de la Llave,Cosoleacaque,U2,Horizontal,40,048,30
2017,Querétaro,Tequisquiapan,U1,Horizontal,4,017,22
2017,Coahuila de Zaragoza,Villa Unión,FC,Horizontal,6,037,05
2016,Nuevo León,Guadalupe,U2,Horizontal,179,026,19
2016,México,Zumpango,U2,Vertical,1424,120,15
2017,Baja California,Mexicali,U2,Horizontal,981,002,02
2017,Hidalgo,Tizayuca,FC,Horizontal,618,069,13
2015,Baja California Sur,Mulegé,FC,Horizontal,13,002,03
2017,Guanajuato,Dolores Hidalgo Cuna de la Independencia Nacional,U2,Horizontal,280,014,11
2016,Sonora,Navojoa,U1,Horizontal,61,042,26
2015,Baja California Sur,La Paz,U3,Horizontal,112,003,03
2015,Hidalgo,Atotonilco de Tula,FC,Horizontal,1043,013,13
2017,Coahuila de Zaragoza,Matamoros,U3,Horizontal,197,017,05
2017,Jalisco,Tepatitlán de Morelos,U2,Horizontal,6,093,14
2016,Hidalgo,Villa de Tezontepec,FC,Horizontal,10,066,13
2017,Tlaxcala,Yauhquemehcan,U2,Vertical,80,043,29
2015,Tlaxcala,Yauhquemehcan,U1,Horizontal,24,043,29
2017,Nayarit,Santiago Ixcuintla,U1,Horizontal,2,015,18
2016,Morelos,Yautepec,U2,Vertical,5,029,17
2016,Chihuahua,Camargo,U2,Horizontal,9,011,08
2015,Chihuahua,Jiménez,U1,Horizontal,3,036,08
2017,Guanajuato,San José Iturbide,FC,Horizontal,35,032,11
2015,Michoacán de Ocampo,La Piedad,U3,Horizontal,9,069,16
2016,Oaxaca,Salina Cruz,U1,Horizontal,2,079,20
2016,Nuevo León,Pesquería,U3,Horizontal,266,041,19
2015,Jalisco,Tala,U2,Horizontal,252,083,14
2017,México,Chalco,U2,Vertical,112,025,15
2015,Colima,Villa de Álvarez,U1,Horizontal,22,010,06
2016,Jalisco,Tlajomulco de Zúñiga,U3,Horizontal,566,097,14
2015,San Luis Potosí,Matehuala,U2,Horizontal,163,020,24
2015,Chihuahua,Aquiles Serdán,U2,Horizontal,245,004,08
2015,Ciudad de México,Azcapotzalco,U1,Vertical,579,002,09
2016,Chiapas,Comitán de Domínguez,U2,Vertical,4,019,07
2016,Veracruz de Ignacio de la Llave,Boca del Río,U1,Vertical,1,028,30
2016,Chiapas,Villaflores,FC,Horizontal,9,108,07
2016,Coahuila de Zaragoza,Cuatro Ciénegas,FC,Horizontal,8,007,05
2015,Hidalgo,Apan,U1,Horizontal,3,008,13
2015,Veracruz de Ignacio de la Llave,Medellín de Bravo,U3,Horizontal,3,105,30
2017,Guanajuato,San Felipe,U3,Horizontal,56,030,11
2015,Oaxaca,San Jacinto Amilpas,U1,Horizontal,10,157,20
2017,Querétaro,San Juan del Río,U1,Horizontal,1,016,22
2016,Jalisco,Autlán de Navarro,FC,Horizontal,3,015,14
2017,Hidalgo,Zapotlán de Juárez,FC,Horizontal,12,082,13
2015,Hidalgo,Tepeji del Río de Ocampo,U2,Horizontal,4,063,13
2015,Nuevo León,General Escobedo,U2,Vertical,354,021,19
2016,San Luis Potosí,Tamuín,U2,Horizontal,1,040,24
2015,Jalisco,Tepatitlán de Morelos,U2,Horizontal,9,093,14
2016,Chihuahua,Chihuahua,U2,Horizontal,2681,019,08
2017,Tlaxcala,Xaloztoc,U2,Horizontal,4,039,29
2016,Oaxaca,Oaxaca de Juárez,U3,Horizontal,1,067,20
2016,Puebla,Ocoyucan,U3,Horizontal,11,106,21
2017,Tabasco,Tenosique,U2,Horizontal,1,017,27
2015,Nayarit,Xalisco,U3,Horizontal,9,008,18
2017,Tabasco,Huimanguillo,U2,Vertical,48,008,27
2016,Coahuila de Zaragoza,Arteaga,U3,Horizontal,54,004,05
2015,Tabasco,Centro,U2,Vertical,308,004,27
2016,Zacatecas,Zacatecas,U1,Horizontal,1,056,32
2015,Tlaxcala,Tlaxcala,U1,Horizontal,6,033,29
2015,Nuevo León,Juárez,U2,Vertical,1029,031,19
2016,Jalisco,Zapopan,U2,Vertical,201,120,14
2016,Veracruz de Ignacio de la Llave,San Andrés Tuxtla,U1,Horizontal,9,141,30
2016,Nayarit,Compostela,U1,Horizontal,1,004,18
2017,Michoacán de Ocampo,Coalcomán de Vázquez Pallares,FC,Horizontal,2,015,16
2015,Chiapas,Palenque,U1,Horizontal,17,065,07
2015,Ciudad de México,Venustiano Carranza,U1,Vertical,288,017,09
2017,Colima,Colima,U3,Horizontal,89,002,06
2015,Zacatecas,Pánuco,FC,Horizontal,1,037,32
2015,Nayarit,Tuxpan,U2,Horizontal,1,018,18
2015,Guanajuato,Salamanca,FC,Vertical,81,027,11
2015,Colima,Villa de Álvarez,U2,Vertical,15,010,06
2016,Michoacán de Ocampo,Jacona,U2,Vertical,24,043,16
2016,Ciudad de México,Iztapalapa,U2,Vertical,115,007,09
2015,Tlaxcala,Yauhquemehcan,U3,Horizontal,4,043,29
2016,Puebla,San Andrés Cholula,U3,Horizontal,2,119,21
2016,Colima,Coquimatlán,U2,Horizontal,109,004,06
2015,Morelos,Jiutepec,FC,Vertical,1,011,17
2017,Oaxaca,Santa Cruz Xoxocotlán,U1,Horizontal,1,385,20
2016,Tabasco,Huimanguillo,U2,Horizontal,16,008,27
2015,Veracruz de Ignacio de la Llave,Ixhuatlancillo,U3,Horizontal,3,081,30
2016,Sinaloa,Culiacán,U2,Vertical,1168,006,25
2016,México,Lerma,U2,Horizontal,80,051,15
2015,Guanajuato,Silao de la Victoria,U3,Horizontal,101,037,11
2015,Sinaloa,Culiacán,U3,Horizontal,507,006,25
2015,Coahuila de Zaragoza,Acuña,U1,Horizontal,215,002,05
2017,Jalisco,Puerto Vallarta,U3,Horizontal,6,067,14
2017,Chiapas,Villaflores,U3,Horizontal,3,108,07
2015,Ciudad de México,Cuauhtémoc,U1,Horizontal,1,015,09
2017,Jalisco,El Salto,U3,Horizontal,523,070,14
2015,Nuevo León,Sabinas Hidalgo,FC,Horizontal,3,044,19
2016,Ciudad de México,Tlalpan,U2,Vertical,11,012,09
2015,Jalisco,San Miguel el Alto,FC,Horizontal,2,078,14
2017,Tlaxcala,Yauhquemehcan,U1,Horizontal,10,043,29
2016,Baja California,Ensenada,U1,Horizontal,5,001,02
2017,Puebla,San Martín Texmelucan,U3,Horizontal,13,132,21
2016,Tabasco,Paraíso,U1,Horizontal,2,014,27
2017,Tamaulipas,Altamira,U3,Vertical,156,003,28
2015,Baja California,Ensenada,U3,Vertical,5,001,02
2016,Jalisco,Tonalá,U2,Vertical,826,101,14
2016,Sinaloa,Rosario,FC,Horizontal,11,014,25
2015,Hidalgo,San Agustín Tlaxiaca,FC,Horizontal,2,052,13
2015,Quintana Roo,Othón P. Blanco,U2,Horizontal,572,004,23
2016,Nuevo León,General Zuazua,U3,Horizontal,3,025,19
2016,Chihuahua,Chihuahua,FC,Horizontal,129,019,08
2017,Jalisco,Zapotlán el Grande,U2,Horizontal,352,023,14
2016,Tabasco,Teapa,FC,Vertical,2,016,27
2016,Hidalgo,Tula de Allende,FC,Horizontal,6,076,13
2016,México,Nicolás Romero,U2,Horizontal,134,060,15
2015,Michoacán de Ocampo,Zitácuaro,U2,Horizontal,5,112,16
2016,México,Huehuetoca,U3,Vertical,236,035,15
2015,Zacatecas,Sombrerete,U3,Horizontal,2,042,32
2017,Jalisco,San Juan de los Lagos,U3,Horizontal,16,073,14
2015,Tamaulipas,Nuevo Laredo,U2,Horizontal,446,027,28
2017,Michoacán de Ocampo,Morelia,FC,Vertical,60,053,16
2017,Nuevo León,Salinas Victoria,U2,Horizontal,1598,045,19
2015,Sonora,Santa Ana,FC,Horizontal,22,058,26
2017,Veracruz de Ignacio de la Llave,Xalapa,U2,Vertical,6,087,30
2016,Jalisco,Guadalajara,U2,Vertical,220,039,14
2016,Sinaloa,Culiacán,U3,Horizontal,520,006,25
2016,Chihuahua,Hidalgo del Parral,U1,Horizontal,151,032,08
2016,Sinaloa,Navolato,FC,Horizontal,4,018,25
2016,Guanajuato,Celaya,U3,Horizontal,295,007,11
2017,Michoacán de Ocampo,Sahuayo,U3,Horizontal,13,076,16
2016,Durango,Durango,U1,Horizontal,200,005,10
2016,Quintana Roo,Cozumel,FC,Horizontal,1,001,23
2016,Jalisco,Tecolotlán,FC,Horizontal,2,088,14
2016,Puebla,Amozoc,U1,Vertical,156,015,21
2015,Jalisco,Tonalá,U1,Horizontal,3,101,14
2015,Zacatecas,Pinos,FC,Horizontal,6,038,32
2015,Jalisco,El Grullo,FC,Horizontal,3,037,14
2015,Tabasco,Teapa,U3,Horizontal,11,016,27
2016,San Luis Potosí,Rioverde,U3,Horizontal,2,024,24
2015,Sinaloa,Mazatlán,U3,Vertical,51,012,25
2016,San Luis Potosí,Soledad de Graciano Sánchez,U1,Horizontal,7,035,24
2016,Oaxaca,Oaxaca de Juárez,U1,Vertical,228,067,20
2015,Tamaulipas,Río Bravo,U3,Horizontal,4,033,28
2016,Nuevo León,Monterrey,U3,Horizontal,1,039,19
2015,Sinaloa,Rosario,FC,Horizontal,3,014,25
2016,Sonora,Puerto Peñasco,U2,Horizontal,187,048,26
2016,Coahuila de Zaragoza,Múzquiz,U3,Horizontal,184,020,05
2017,Jalisco,Unión de Tula,FC,Horizontal,2,110,14
2016,Jalisco,Encarnación de Díaz,FC,Horizontal,9,035,14
2017,Ciudad de México,Azcapotzalco,U1,Vertical,190,002,09
2016,Baja California,Playas de Rosarito,FC,Vertical,24,005,02
2015,San Luis Potosí,San Luis Potosí,FC,Horizontal,406,028,24
2016,Tlaxcala,Tlaxcala,U2,Horizontal,61,033,29
2016,Chihuahua,Chihuahua,U3,Horizontal,399,019,08
2016,Tamaulipas,Reynosa,U1,Horizontal,217,032,28
2017,Jalisco,Arandas,U2,Horizontal,1,008,14
2016,San Luis Potosí,Ciudad Fernández,U2,Horizontal,2,011,24
2016,México,Xonacatlán,U3,Horizontal,151,115,15
2016,Jalisco,Ixtlahuacán de los Membrillos,U2,Horizontal,56,044,14
2017,Querétaro,Querétaro,U2,Vertical,540,014,22
2017,Tlaxcala,Zacatelco,U2,Horizontal,6,044,29
2016,Yucatán,Motul,FC,Horizontal,12,052,31
2015,Morelos,Tlaltizapán de Zapata,FC,Horizontal,17,024,17
2016,Nuevo León,Montemorelos,U2,Horizontal,295,038,19
2017,Nayarit,Tepic,U1,Horizontal,10,017,18
2016,Puebla,Tehuacán,U1,Horizontal,164,156,21
2017,Puebla,Puebla,U1,Horizontal,48,114,21
2016,Jalisco,Etzatlán,FC,Horizontal,40,036,14
2017,Yucatán,Umán,U1,Horizontal,78,101,31
2016,Sinaloa,Escuinapa,U3,Horizontal,13,009,25
2015,Veracruz de Ignacio de la Llave,Cosoleacaque,FC,Horizontal,39,048,30
2017,México,Calimaya,U3,Horizontal,2,018,15
2017,Aguascalientes,Aguascalientes,U3,Horizontal,643,001,01
2016,Veracruz de Ignacio de la Llave,Minatitlán,U3,Horizontal,43,108,30
2015,Jalisco,Etzatlán,FC,Horizontal,3,036,14
2017,Veracruz de Ignacio de la Llave,San Andrés Tuxtla,U3,Horizontal,1,141,30
2016,Jalisco,Guadalajara,U1,Vertical,64,039,14
2015,Morelos,Jiutepec,U2,Vertical,20,011,17
2015,Chiapas,Comitán de Domínguez,U2,Horizontal,72,019,07
2016,Jalisco,Chapala,U3,Horizontal,2,030,14
2016,Puebla,Tepeaca,U2,Horizontal,3,164,21
2016,Yucatán,Mérida,U2,Horizontal,4993,050,31
2016,Querétaro,San Juan del Río,U3,Vertical,76,016,22
2015,Sinaloa,Ahome,U2,Horizontal,1737,001,25
2017,Michoacán de Ocampo,Hidalgo,U2,Horizontal,10,034,16
2015,Hidalgo,Tizayuca,U1,Horizontal,910,069,13
2017,Jalisco,Ocotlán,U2,Vertical,96,063,14
2016,Puebla,Atlixco,FC,Horizontal,4,019,21
2017,México,Tecámac,U1,Horizontal,162,081,15
2015,Puebla,Teziutlán,U1,Horizontal,9,174,21
2016,Hidalgo,Santiago Tulantepec de Lugo Guerrero,U2,Horizontal,44,056,13
2016,Quintana Roo,Benito Juárez,U3,Vertical,68,005,23
2015,Tlaxcala,Apetatitlán de Antonio Carvajal,U2,Horizontal,1,002,29
2015,Colima,Armería,U2,Horizontal,4,001,06
2016,Michoacán de Ocampo,Jiquilpan,FC,Horizontal,15,045,16
2015,Campeche,Campeche,U3,Horizontal,5,002,04
2017,Hidalgo,Atotonilco de Tula,U1,Vertical,318,013,13
2017,Chiapas,Tapachula,U3,Horizontal,10,089,07
2015,Veracruz de Ignacio de la Llave,San Andrés Tuxtla,U3,Horizontal,25,141,30
2016,Guanajuato,San Miguel de Allende,U2,Horizontal,4,003,11
2016,Querétaro,Corregidora,U2,Vertical,156,006,22
2015,Tabasco,Huimanguillo,U2,Vertical,72,008,27
2016,Puebla,Chignahuapan,U3,Horizontal,4,053,21
2017,Jalisco,Tecolotlán,FC,Horizontal,1,088,14
2016,Campeche,Campeche,U2,Horizontal,150,002,04
2016,Tlaxcala,Papalotla de Xicohténcatl,U2,Vertical,96,041,29
2017,Chihuahua,Chihuahua,FC,Horizontal,32,019,08
2015,Ciudad de México,Tlalpan,U1,Vertical,8,012,09
2017,Veracruz de Ignacio de la Llave,Poza Rica de Hidalgo,U3,Horizontal,9,131,30
2017,Michoacán de Ocampo,Hidalgo,FC,Horizontal,6,034,16
2017,Oaxaca,San Antonio de la Cal,U3,Horizontal,2,107,20
2015,Puebla,San Andrés Cholula,U3,Horizontal,2,119,21
2017,Chiapas,Villaflores,U2,Horizontal,2,108,07
2017,Veracruz de Ignacio de la Llave,Mariano Escobedo,U2,Vertical,72,101,30
2016,Nayarit,Tepic,FC,Horizontal,6,017,18
2016,Jalisco,Sayula,U2,Horizontal,15,082,14
2017,Hidalgo,Actopan,U3,Horizontal,1,003,13
2015,Baja California Sur,Comondú,U3,Horizontal,14,001,03
2016,Coahuila de Zaragoza,Sacramento,FC,Horizontal,2,029,05
2017,Baja California,Tijuana,U2,Horizontal,858,004,02
2015,México,Ecatepec de Morelos,U2,Vertical,76,033,15
2017,Jalisco,Ixtlahuacán de los Membrillos,U2,Horizontal,3,044,14
2017,Querétaro,San Juan del Río,U3,Vertical,32,016,22
2015,México,Coacalco de Berriozábal,U2,Vertical,209,020,15
2016,Hidalgo,Tula de Allende,U2,Horizontal,1,076,13
2017,Tamaulipas,Reynosa,U2,Vertical,67,032,28
2016,Coahuila de Zaragoza,Parras,U2,Horizontal,68,024,05
2015,Guerrero,Chilpancingo de los Bravo,U3,Horizontal,10,029,12
2015,Nayarit,Compostela,FC,Horizontal,1,004,18
2017,Colima,Colima,FC,Horizontal,8,002,06
2016,Chiapas,Cintalapa de Figueroa,U3,Horizontal,3,017,07
2015,Guanajuato,Moroleón,U2,Horizontal,30,021,11
2015,Nayarit,Tepic,U3,Horizontal,184,017,18
2015,Sonora,Hermosillo,U3,Horizontal,254,030,26
2017,San Luis Potosí,Soledad de Graciano Sánchez,FC,Horizontal,38,035,24
2016,Puebla,Coronango,U2,Horizontal,119,034,21
2015,Guanajuato,Celaya,U2,Vertical,75,007,11
2015,Puebla,Teziutlán,FC,Horizontal,17,174,21
2015,Morelos,Atlatlahucan,U2,Horizontal,1,002,17
2016,Morelos,Ayala,U2,Horizontal,399,004,17
2017,Sinaloa,Mazatlán,U2,Horizontal,1038,012,25
2015,Aguascalientes,Jesús María,U1,Horizontal,6,005,01
2016,Oaxaca,Santo Domingo Tehuantepec,U2,Horizontal,1,515,20
2016,Sonora,Huatabampo,U2,Horizontal,10,033,26
2015,Veracruz de Ignacio de la Llave,Fortín,U2,Horizontal,29,068,30
2017,Guerrero,Chilpancingo de los Bravo,U2,Horizontal,4,029,12
2016,Jalisco,Tonalá,U1,Vertical,208,101,14
2016,Guanajuato,Villagrán,FC,Vertical,36,044,11
2015,Hidalgo,Mineral de la Reforma,U1,Horizontal,37,051,13
2017,Chihuahua,Aldama,U2,Horizontal,140,002,08
2016,Tlaxcala,Huamantla,U1,Horizontal,5,013,29
2016,Puebla,Teziutlán,U1,Horizontal,21,174,21
2017,Michoacán de Ocampo,Tarímbaro,U3,Horizontal,12,088,16
2015,Chiapas,Berriozábal,FC,Vertical,128,012,07
2017,Chiapas,Tonalá,FC,Horizontal,3,097,07
2017,Guanajuato,Celaya,U2,Vertical,144,007,11
2015,Chihuahua,Cuauhtémoc,U3,Horizontal,71,017,08
2016,Jalisco,San Pedro Tlaquepaque,U3,Horizontal,273,098,14
2017,Morelos,Xochitepec,FC,Horizontal,502,028,17
2017,Michoacán de Ocampo,Tarímbaro,U2,Vertical,120,088,16
2016,México,Chalco,U2,Horizontal,583,025,15
2015,Campeche,Carmen,U2,Horizontal,73,003,04
2015,Coahuila de Zaragoza,Monclova,U2,Horizontal,456,018,05
2017,Guanajuato,Guanajuato,U3,Vertical,186,015,11
2016,Aguascalientes,Aguascalientes,U3,Horizontal,647,001,01
2016,Jalisco,Acatlán de Juárez,FC,Horizontal,3,002,14
2015,Puebla,Atlixco,U1,Horizontal,3,019,21
2017,Jalisco,San Pedro Tlaquepaque,U3,Horizontal,109,098,14
2015,Campeche,Carmen,FC,Horizontal,51,003,04
2015,Puebla,Puebla,U2,Horizontal,1105,114,21
2017,Yucatán,Tizimín,U1,Horizontal,22,096,31
2017,Querétaro,El Marqués,U3,Vertical,192,011,22
2015,Nuevo León,Ciénega de Flores,U2,Vertical,2,012,19
2016,Tamaulipas,Altamira,FC,Horizontal,1,003,28
2015,Puebla,Tehuacán,U2,Vertical,92,156,21
2016,Nuevo León,Pesquería,FC,Vertical,78,041,19
2015,Jalisco,Ahualulco de Mercado,U2,Horizontal,35,003,14
2016,Michoacán de Ocampo,Pátzcuaro,U3,Horizontal,56,066,16
2016,Puebla,Puebla,U2,Vertical,1521,114,21
2017,Oaxaca,Tlacolula de Matamoros,U2,Vertical,288,551,20
2017,Baja California Sur,La Paz,U2,Horizontal,718,003,03
2016,Hidalgo,Zapotlán de Juárez,FC,Horizontal,4,082,13
2016,Hidalgo,Ixmiquilpan,U2,Horizontal,2,030,13
2017,Morelos,Yautepec,U2,Vertical,6,029,17
2015,Morelos,Jojutla,U3,Horizontal,20,012,17
2017,Jalisco,Tala,U1,Horizontal,10,083,14
2017,Coahuila de Zaragoza,Allende,U2,Horizontal,13,003,05
2015,Tlaxcala,Amaxac de Guerrero,U2,Horizontal,1,001,29
2017,Jalisco,Poncitlán,FC,Horizontal,25,066,14
2015,Sonora,Cananea,U3,Horizontal,46,019,26
2016,Tamaulipas,Nuevo Laredo,U1,Horizontal,390,027,28
2017,Guerrero,Acapulco de Juárez,U2,Horizontal,200,001,12
2015,Nayarit,Bahía de Banderas,U3,Horizontal,85,020,18
2017,Nuevo León,General Escobedo,U1,Horizontal,443,021,19
2015,Sonora,Agua Prieta,U2,Horizontal,49,002,26
2015,México,Ecatepec de Morelos,U3,Horizontal,5,033,15
2016,Sinaloa,Navolato,FC,Vertical,4,018,25
2015,México,Huehuetoca,U3,Vertical,60,035,15
2016,Ciudad de México,Coyoacán,U1,Vertical,60,003,09
2015,Guanajuato,Cortazar,U2,Horizontal,42,011,11
2015,Nuevo León,Montemorelos,U3,Vertical,5,038,19
2016,Puebla,Huauchinango,U3,Horizontal,2,071,21
2017,Puebla,Huejotzingo,U2,Horizontal,445,074,21
2015,Coahuila de Zaragoza,Frontera,U1,Horizontal,212,010,05
2017,Nayarit,Xalisco,U1,Horizontal,1,008,18
2016,Durango,Vicente Guerrero,U3,Horizontal,4,038,10
2015,Oaxaca,Santa María Atzompa,U1,Horizontal,1,399,20
2016,Baja California Sur,Comondú,U2,Horizontal,18,001,03
2015,Nuevo León,General Escobedo,U2,Horizontal,2887,021,19
2017,Veracruz de Ignacio de la Llave,Medellín de Bravo,U3,Vertical,16,105,30
2016,Colima,Manzanillo,U3,Horizontal,137,007,06
2017,México,Tlalmanalco,U3,Horizontal,67,103,15
2016,Coahuila de Zaragoza,Morelos,FC,Horizontal,16,019,05
2016,Baja California,Tijuana,U1,Vertical,12,004,02
2015,Veracruz de Ignacio de la Llave,Coatzintla,FC,Horizontal,44,040,30
2016,Michoacán de Ocampo,Zamora,FC,Horizontal,48,108,16
2016,Chihuahua,Delicias,U2,Horizontal,563,021,08
2017,Querétaro,San Juan del Río,U3,Horizontal,354,016,22
2015,México,Tultepec,U2,Horizontal,84,108,15
2017,México,Tecámac,U2,Horizontal,1963,081,15
2016,Coahuila de Zaragoza,Allende,U2,Horizontal,54,003,05
2017,Guanajuato,Villagrán,FC,Vertical,12,044,11
2016,Baja California,Tijuana,U3,Vertical,38,004,02
2015,México,Tecámac,U1,Horizontal,365,081,15
2016,Yucatán,Hunucmá,U1,Horizontal,1,038,31
2016,Campeche,Carmen,U2,Horizontal,31,003,04
2017,Durango,Vicente Guerrero,U3,Horizontal,3,038,10
2016,Jalisco,Puerto Vallarta,U3,Horizontal,7,067,14
2016,Nuevo León,Monterrey,U2,Horizontal,27,039,19
2016,Tlaxcala,Apizaco,U2,Horizontal,32,005,29
2015,Tlaxcala,Santa Cruz Tlaxcala,U2,Vertical,16,026,29
2015,Guerrero,Chilpancingo de los Bravo,U2,Horizontal,76,029,12
2015,Guerrero,Acapulco de Juárez,U3,Horizontal,36,001,12
2017,Michoacán de Ocampo,Pátzcuaro,U1,Horizontal,1,066,16
2015,Zacatecas,Zacatecas,U1,Horizontal,3,056,32
2016,Colima,Tecomán,U2,Horizontal,4,009,06
2017,Baja California,Tijuana,U3,Vertical,311,004,02
2015,Aguascalientes,Aguascalientes,U1,Horizontal,65,001,01
2015,Nuevo León,Juárez,U3,Horizontal,727,031,19
2017,Ciudad de México,Gustavo A. Madero,U1,Vertical,93,005,09
2015,Oaxaca,Heroica Ciudad de Huajuapan de León,U3,Horizontal,4,039,20
2016,Jalisco,Jalostotitlán,U3,Horizontal,2,046,14
2016,México,Xonacatlán,U3,Vertical,98,115,15
2015,Veracruz de Ignacio de la Llave,Río Blanco,U2,Vertical,24,138,30
2016,Guerrero,Chilpancingo de los Bravo,U3,Vertical,6,029,12
2016,Nuevo León,Santiago,U3,Horizontal,4,049,19
2015,Michoacán de Ocampo,Zamora,U2,Vertical,470,108,16
2017,Quintana Roo,Felipe Carrillo Puerto,U3,Horizontal,10,002,23
2015,San Luis Potosí,Ciudad Fernández,U3,Horizontal,15,011,24
2016,Guanajuato,Cortazar,U1,Horizontal,2,011,11
2015,Guanajuato,San José Iturbide,U1,Horizontal,5,032,11
2016,Guerrero,Iguala de la Independencia,U1,Horizontal,318,035,12
2016,Nuevo León,General Zuazua,FC,Horizontal,1578,025,19
2017,Yucatán,Umán,U2,Horizontal,366,101,31
2017,Durango,Gómez Palacio,U2,Horizontal,451,007,10
2015,Nuevo León,Cadereyta Jiménez,FC,Horizontal,1263,009,19
2015,Aguascalientes,Aguascalientes,U3,Horizontal,711,001,01
2015,Ciudad de México,Coyoacán,U1,Vertical,3,003,09
2017,Michoacán de Ocampo,Sahuayo,U1,Horizontal,16,076,16
2016,Jalisco,San Pedro Tlaquepaque,U2,Horizontal,709,098,14
2016,Jalisco,Ixtlahuacán de los Membrillos,U2,Vertical,417,044,14
2016,Michoacán de Ocampo,Sahuayo,U1,Horizontal,32,076,16
2015,Baja California Sur,Comondú,U2,Horizontal,18,001,03
2016,Veracruz de Ignacio de la Llave,Tuxpan,U3,Vertical,14,189,30
2016,Colima,Colima,U3,Horizontal,27,002,06
2016,Jalisco,Zapotlán el Grande,U1,Horizontal,11,023,14
2017,Quintana Roo,Othón P. Blanco,U3,Horizontal,119,004,23
2015,Jalisco,El Arenal,FC,Horizontal,172,009,14
2015,Jalisco,Tlajomulco de Zúñiga,U1,Horizontal,78,097,14
2017,Michoacán de Ocampo,Zamora,U2,Horizontal,58,108,16
2017,Chiapas,San Cristóbal de las Casas,U2,Vertical,3,078,07
2017,Tabasco,Teapa,U2,Horizontal,6,016,27
2017,Tabasco,Centro,FC,Horizontal,34,004,27
2017,Jalisco,Autlán de Navarro,FC,Horizontal,12,015,14
2017,Hidalgo,Pachuca de Soto,U3,Horizontal,149,048,13
2017,Nuevo León,Montemorelos,U3,Horizontal,84,038,19
2015,México,Zumpango,U2,Vertical,1272,120,15
2015,Sonora,Cajeme,U3,Horizontal,123,018,26
2016,Chiapas,Berriozábal,U2,Vertical,128,012,07
2015,Ciudad de México,Iztapalapa,U1,Vertical,302,007,09
2017,Guanajuato,Irapuato,U1,Horizontal,201,017,11
2017,Nuevo León,Santa Catarina,U2,Vertical,92,048,19
2017,Hidalgo,Tepeapulco,U3,Horizontal,59,061,13
2016,Jalisco,Colotlán,FC,Horizontal,2,025,14
2016,México,Cuautitlán,U3,Horizontal,306,024,15
2017,Jalisco,San Pedro Tlaquepaque,U2,Horizontal,178,098,14
2016,Guanajuato,Salamanca,FC,Horizontal,266,027,11
2016,Jalisco,Ixtlahuacán del Río,FC,Horizontal,4,045,14
2015,Nuevo León,García,U2,Horizontal,9423,018,19
2015,Michoacán de Ocampo,Yurécuaro,U2,Horizontal,7,106,16
2016,Zacatecas,Calera,U1,Horizontal,9,005,32
2016,Chiapas,Berriozábal,FC,Vertical,120,012,07
2015,Jalisco,Tepatitlán de Morelos,U1,Horizontal,8,093,14
2016,Colima,Armería,U3,Horizontal,1,001,06
2016,Guanajuato,Yuriria,U2,Horizontal,2,046,11
2015,Michoacán de Ocampo,Pátzcuaro,FC,Horizontal,5,066,16
2016,Coahuila de Zaragoza,Ramos Arizpe,U2,Horizontal,714,027,05
2017,Colima,Manzanillo,U2,Horizontal,670,007,06
2017,Veracruz de Ignacio de la Llave,Cosoleacaque,U3,Horizontal,33,048,30
2016,Yucatán,Kanasín,U2,Vertical,169,041,31
2017,Puebla,Teziutlán,U2,Vertical,49,174,21
2016,Jalisco,Autlán de Navarro,U2,Horizontal,179,015,14
2015,Jalisco,Tala,U1,Horizontal,22,083,14
2015,Veracruz de Ignacio de la Llave,Córdoba,FC,Horizontal,70,044,30
2016,Nayarit,Bahía de Banderas,U2,Horizontal,663,020,18
2017,Veracruz de Ignacio de la Llave,Emiliano Zapata,U3,Horizontal,1,065,30
2016,Tamaulipas,Río Bravo,U3,Horizontal,5,033,28
2017,Coahuila de Zaragoza,San Buenaventura,U2,Horizontal,12,031,05
2017,Nuevo León,General Escobedo,U1,Vertical,68,021,19
2016,Tlaxcala,Yauhquemehcan,U2,Horizontal,50,043,29
2017,Aguascalientes,Aguascalientes,U2,Horizontal,3214,001,01
2017,Nayarit,Compostela,U2,Horizontal,7,004,18
2015,Tlaxcala,Chiautempan,U3,Horizontal,1,010,29
2017,Oaxaca,Santa Cruz Xoxocotlán,U1,Vertical,17,385,20
2016,Nuevo León,Sabinas Hidalgo,U2,Horizontal,4,044,19
2015,Nayarit,Xalisco,FC,Horizontal,3,008,18
2015,Ciudad de México,Tláhuac,U1,Vertical,178,011,09
2017,Veracruz de Ignacio de la Llave,Poza Rica de Hidalgo,U1,Horizontal,1,131,30
2016,Querétaro,Pedro Escobedo,FC,Horizontal,106,012,22
2017,Sinaloa,Mazatlán,U1,Horizontal,168,012,25
2015,Jalisco,Arandas,U2,Horizontal,6,008,14
2016,Puebla,Puebla,U1,Horizontal,30,114,21
2015,Jalisco,San Pedro Tlaquepaque,U1,Horizontal,5,098,14
2017,México,Toluca,FC,Horizontal,4,106,15
2016,Veracruz de Ignacio de la Llave,Pánuco,U2,Horizontal,12,123,30
2015,Zacatecas,Calera,U2,Horizontal,3,005,32
2017,México,Calimaya,FC,Horizontal,13,018,15
2016,México,Almoloya de Juárez,U3,Horizontal,54,005,15
2016,Michoacán de Ocampo,Zamora,U3,Horizontal,48,108,16
2015,México,Xonacatlán,U3,Vertical,80,115,15
2015,Hidalgo,Pachuca de Soto,U3,Horizontal,194,048,13
2016,Sonora,Nogales,U1,Horizontal,41,043,26
2016,México,Tonanitla,U3,Horizontal,82,125,15
2015,Puebla,Puebla,U1,Horizontal,3,114,21
2016,Guanajuato,Dolores Hidalgo Cuna de la Independencia Nacional,FC,Horizontal,18,014,11
2017,Puebla,Amozoc,U2,Horizontal,18,015,21
2015,Sonora,Nogales,U1,Horizontal,66,043,26
2017,Hidalgo,Santiago Tulantepec de Lugo Guerrero,U2,Horizontal,19,056,13
2015,Sonora,Guaymas,FC,Horizontal,3,029,26
2016,Veracruz de Ignacio de la Llave,Naolinco,FC,Vertical,36,112,30
2016,Guerrero,Tixtla de Guerrero,FC,Horizontal,7,061,12
2017,Tabasco,Centro,U2,Horizontal,16,004,27
2017,Tamaulipas,Matamoros,U2,Horizontal,566,022,28
2015,Morelos,Jiutepec,U2,Horizontal,2,011,17
2015,Ciudad de México,Xochimilco,U2,Vertical,1,013,09
2016,Querétaro,Corregidora,U2,Horizontal,245,006,22
2017,Chiapas,Palenque,U1,Horizontal,26,065,07
2015,Chihuahua,Aldama,U3,Horizontal,18,002,08
2017,Veracruz de Ignacio de la Llave,Alvarado,FC,Horizontal,42,011,30
2017,Chiapas,Tuxtla Gutiérrez,FC,Horizontal,38,101,07
2016,Puebla,Huauchinango,U1,Horizontal,4,071,21
2017,Guanajuato,León,U1,Horizontal,400,020,11
2017,Zacatecas,Zacatecas,U2,Horizontal,54,056,32
2017,Aguascalientes,San Francisco de los Romo,U2,Vertical,156,011,01
2015,Guanajuato,Apaseo el Grande,U3,Vertical,128,005,11
2017,Nuevo León,El Carmen,U2,Horizontal,2271,010,19
2015,Veracruz de Ignacio de la Llave,Tuxpan,U2,Vertical,28,189,30
2017,Coahuila de Zaragoza,Saltillo,U3,Horizontal,316,030,05
2015,Tamaulipas,Reynosa,U3,Horizontal,326,032,28
2015,Guanajuato,Abasolo,U2,Horizontal,6,001,11
2015,Michoacán de Ocampo,Zacapu,U2,Horizontal,44,107,16
2015,Michoacán de Ocampo,Vista Hermosa,FC,Horizontal,6,105,16
2017,Tlaxcala,Huamantla,U2,Horizontal,16,013,29
2015,Guanajuato,Yuriria,U2,Horizontal,6,046,11
2016,Coahuila de Zaragoza,Múzquiz,U2,Horizontal,43,020,05
2016,Baja California,Tijuana,U1,Horizontal,397,004,02
2015,Puebla,Ahuazotepec,FC,Horizontal,1,008,21
2015,Jalisco,El Salto,U2,Vertical,1003,070,14
2015,Guanajuato,Uriangato,U3,Horizontal,8,041,11
2016,Tabasco,Centro,U2,Horizontal,15,004,27
2016,San Luis Potosí,Rioverde,U2,Horizontal,59,024,24
2019,Michoacán de Ocampo,Sahuayo,U2,Horizontal,33,076,16
2018,Puebla,Coronango,U3,Vertical,3,034,21
2019,Veracruz de Ignacio de la Llave,Tuxpan,U2,Horizontal,78,189,30
2019,Guanajuato,León,U1,Horizontal,544,020,11
2020,San Luis Potosí,Soledad de Graciano Sánchez,U2,Vertical,28,035,24
2019,Puebla,Hueytamalco,FC,Horizontal,1,076,21
2020,Sonora,Nogales,U2,Horizontal,69,043,26
2020,Chiapas,Tapachula,U3,Horizontal,73,089,07
2018,Sinaloa,Culiacán,FC,Vertical,16,006,25
2018,Hidalgo,Atotonilco de Tula,FC,Vertical,325,013,13
2018,Michoacán de Ocampo,Jiquilpan,U2,Horizontal,13,045,16
2018,Michoacán de Ocampo,Los Reyes,U2,Horizontal,20,075,16
2018,Morelos,Xochitepec,U3,Horizontal,1,028,17
2019,Nayarit,Ixtlán del Río,U3,Horizontal,7,006,18
2020,Jalisco,Lagos de Moreno,U3,Horizontal,71,053,14
2019,Campeche,Hecelchakán,FC,Horizontal,1,005,04
2019,Jalisco,Jocotepec,U3,Horizontal,8,050,14
2019,Jalisco,Tonalá,U2,Horizontal,453,101,14
2018,Michoacán de Ocampo,Pátzcuaro,U2,Horizontal,1,066,16
2019,Coahuila de Zaragoza,Torreón,U2,Horizontal,988,035,05
2019,Baja California,Tijuana,FC,Horizontal,161,004,02
2018,Chiapas,Tapachula,U1,Horizontal,5,089,07
2018,Colima,Armería,U2,Horizontal,3,001,06
2018,Jalisco,Zapotiltic,U3,Horizontal,36,121,14
2019,Chiapas,Berriozábal,U3,Horizontal,81,012,07
2019,México,Melchor Ocampo,U2,Vertical,4,053,15
2020,Chihuahua,Delicias,U1,Horizontal,72,021,08
2018,Veracruz de Ignacio de la Llave,Xalapa,U1,Vertical,14,087,30
2020,México,Tecámac,U1,Horizontal,76,081,15
2019,México,Melchor Ocampo,U3,Vertical,134,053,15
2020,Michoacán de Ocampo,Sahuayo,U1,Horizontal,13,076,16
2018,Nuevo León,García,U3,Horizontal,4791,018,19
2018,Hidalgo,San Agustín Tlaxiaca,U2,Horizontal,1,052,13
2018,Colima,Villa de Álvarez,U2,Horizontal,418,010,06
2019,México,Atizapán de Zaragoza,U2,Vertical,1,013,15
2019,Michoacán de Ocampo,Morelia,FC,Vertical,230,053,16
2020,Chihuahua,Chihuahua,U2,Horizontal,515,019,08
2020,Durango,Durango,U3,Vertical,282,005,10
2018,Querétaro,Corregidora,U3,Vertical,252,006,22
2020,Veracruz de Ignacio de la Llave,Córdoba,U2,Horizontal,4,044,30
2020,San Luis Potosí,Soledad de Graciano Sánchez,U3,Vertical,47,035,24
2018,Baja California Sur,Comondú,U3,Horizontal,9,001,03
2020,Tabasco,Nacajuca,U2,Horizontal,2,013,27
2019,México,Coacalco de Berriozábal,U1,Horizontal,55,020,15
2019,Sonora,Hermosillo,U1,Horizontal,28,030,26
2019,Tamaulipas,Matamoros,U2,Horizontal,142,022,28
2019,Chihuahua,Chihuahua,U3,Horizontal,1527,019,08
2019,Zacatecas,Zacatecas,FC,Horizontal,9,056,32
2019,San Luis Potosí,Matehuala,U2,Horizontal,33,020,24
2020,Tamaulipas,Victoria,U2,Horizontal,16,041,28
2019,Michoacán de Ocampo,Erongarícuaro,FC,Horizontal,3,032,16
2020,San Luis Potosí,Ciudad Valles,U2,Horizontal,14,013,24
2020,Puebla,Huejotzingo,U3,Vertical,1000,074,21
2019,San Luis Potosí,Soledad de Graciano Sánchez,U3,Horizontal,767,035,24
2019,México,Tlalnepantla de Baz,U2,Vertical,125,104,15
2018,México,Zinacantepec,U2,Horizontal,133,118,15
2018,Tamaulipas,Ciudad Madero,U2,Horizontal,8,009,28
2020,Morelos,Tlaltizapán de Zapata,FC,Horizontal,37,024,17
2018,Sinaloa,Mazatlán,FC,Horizontal,30,012,25
2019,Morelos,Jojutla,FC,Horizontal,36,012,17
2018,México,Nezahualcóyotl,U2,Vertical,6,058,15
2020,Aguascalientes,Cosío,FC,Horizontal,5,004,01
2019,Quintana Roo,Benito Juárez,U1,Horizontal,71,005,23
2020,Puebla,Juan C. Bonilla,U3,Horizontal,1,090,21
2018,Nuevo León,Cadereyta Jiménez,U3,Horizontal,150,009,19
2019,Hidalgo,Tizayuca,U1,Horizontal,419,069,13
2020,Chiapas,Villaflores,U3,Horizontal,47,108,07
2020,Hidalgo,Pachuca de Soto,FC,Horizontal,151,048,13
2020,Chiapas,Tapachula,FC,Vertical,18,089,07
2018,Tabasco,Teapa,U2,Vertical,3,016,27
2020,Jalisco,Acatlán de Juárez,FC,Horizontal,7,002,14
2019,Guanajuato,Salamanca,U2,Horizontal,16,027,11
2018,Durango,Vicente Guerrero,U3,Horizontal,2,038,10
2020,Guerrero,Zihuatanejo de Azueta,U1,Horizontal,6,038,12
2018,Jalisco,Zapopan,U3,Vertical,2958,120,14
2019,Ciudad de México,Gustavo A. Madero,U1,Vertical,195,005,09
2019,Yucatán,Kanasín,U2,Horizontal,401,041,31
2019,Puebla,Teziutlán,FC,Vertical,8,174,21
2018,Veracruz de Ignacio de la Llave,Naolinco,FC,Vertical,228,112,30
2020,Morelos,Yecapixtla,U3,Vertical,38,030,17
2018,Hidalgo,Tizayuca,FC,Horizontal,475,069,13
2018,México,Chalco,U2,Vertical,146,025,15
2019,Chihuahua,Casas Grandes,FC,Horizontal,1,013,08
2019,Jalisco,Tepatitlán de Morelos,U2,Horizontal,5,093,14
2020,Coahuila de Zaragoza,Múzquiz,U2,Horizontal,12,020,05
2018,Sinaloa,Mazatlán,U3,Vertical,66,012,25
2020,Chiapas,Tuxtla Gutiérrez,FC,Horizontal,29,101,07
2019,Baja California,Tijuana,FC,Vertical,910,004,02
2020,Ciudad de México,Miguel Hidalgo,U1,Vertical,1,016,09
2019,Guanajuato,León,U2,Vertical,534,020,11
2020,Sinaloa,Culiacán,U2,Vertical,244,006,25
2019,Tlaxcala,Zacatelco,U2,Vertical,16,044,29
2018,Sinaloa,Culiacán,U2,Horizontal,806,006,25
2020,Aguascalientes,Aguascalientes,U2,Vertical,52,001,01
2019,México,Tlalnepantla de Baz,U1,Vertical,20,104,15
2019,Tlaxcala,Huamantla,U2,Horizontal,15,013,29
2018,Veracruz de Ignacio de la Llave,Xalapa,FC,Vertical,605,087,30
2018,Zacatecas,Río Grande,U2,Horizontal,3,039,32
2018,Yucatán,Progreso,U1,Horizontal,6,059,31
2018,México,Tecámac,U2,Horizontal,909,081,15
2020,Hidalgo,Actopan,U1,Horizontal,1,003,13
2018,Jalisco,Zapotlán el Grande,U1,Horizontal,92,023,14
2019,Veracruz de Ignacio de la Llave,Tuxpan,U3,Vertical,100,189,30
2019,Nuevo León,Apodaca,U1,Horizontal,691,006,19
2019,Chiapas,Tapachula,FC,Vertical,6,089,07
2019,Aguascalientes,Jesús María,U1,Horizontal,97,005,01
2019,Ciudad de México,Iztacalco,U1,Vertical,558,006,09
2019,Chihuahua,Cuauhtémoc,U2,Horizontal,199,017,08
2019,Baja California Sur,La Paz,U3,Horizontal,634,003,03
2020,Guerrero,Chilpancingo de los Bravo,U2,Vertical,9,029,12
2018,Nuevo León,Pesquería,FC,Horizontal,525,041,19
2019,Quintana Roo,Othón P. Blanco,U2,Horizontal,18,004,23
2020,Colima,Manzanillo,U2,Horizontal,95,007,06
2019,Puebla,Cuautlancingo,U2,Horizontal,1,041,21
2019,Colima,Colima,U1,Horizontal,260,002,06
2019,Puebla,Teteles de Ávila Castillo,U2,Horizontal,1,173,21
2018,Colima,Tecomán,U1,Horizontal,147,009,06
2018,Tabasco,Centro,U2,Horizontal,17,004,27
2019,Jalisco,San Miguel el Alto,FC,Horizontal,2,078,14
2019,Tamaulipas,Nuevo Laredo,U3,Horizontal,170,027,28
2018,Morelos,Jiutepec,U1,Horizontal,82,011,17
2018,Sonora,San Luis Río Colorado,U2,Horizontal,139,055,26
2018,San Luis Potosí,Cárdenas,U2,Horizontal,5,005,24
2018,Hidalgo,Ixmiquilpan,U1,Horizontal,2,030,13
2019,Nuevo León,Pesquería,FC,Vertical,42,041,19
2019,Tlaxcala,Apizaco,U2,Horizontal,4,005,29
2018,Tamaulipas,Victoria,FC,Horizontal,40,041,28
2019,Yucatán,Progreso,U2,Horizontal,9,059,31
2019,Michoacán de Ocampo,Pátzcuaro,FC,Horizontal,12,066,16
2019,Guerrero,Tixtla de Guerrero,U1,Horizontal,2,061,12
2018,Hidalgo,Tula de Allende,U2,Horizontal,5,076,13
2019,Nuevo León,Guadalupe,U1,Horizontal,359,026,19
2020,Zacatecas,Sombrerete,U2,Horizontal,1,042,32
2018,Jalisco,Tala,FC,Horizontal,186,083,14
2020,Sonora,Guaymas,U2,Horizontal,96,029,26
2018,Coahuila de Zaragoza,San Juan de Sabinas,U3,Horizontal,52,032,05
2018,Puebla,Teziutlán,U2,Horizontal,101,174,21
2020,México,Chalco,U2,Vertical,6,025,15
2020,Coahuila de Zaragoza,Nava,U3,Horizontal,48,022,05
2020,Jalisco,Guadalajara,U2,Vertical,301,039,14
2018,Yucatán,Umán,U3,Horizontal,198,101,31
2018,Yucatán,Valladolid,U2,Horizontal,1,102,31
2019,Guerrero,Acapulco de Juárez,FC,Horizontal,44,001,12
2020,Zacatecas,Fresnillo,U2,Horizontal,59,010,32
2020,Puebla,Tehuacán,U2,Horizontal,54,156,21
2020,Jalisco,Zapopan,FC,Vertical,45,120,14
2018,Guanajuato,Acámbaro,U2,Horizontal,7,002,11
2018,Michoacán de Ocampo,Tarímbaro,U3,Vertical,148,088,16
2019,Campeche,Champotón,FC,Horizontal,5,004,04
2020,Guerrero,Acapulco de Juárez,FC,Vertical,17,001,12
2018,Puebla,Ocoyucan,FC,Horizontal,4,106,21
2018,Guanajuato,Moroleón,U3,Horizontal,29,021,11
2019,Zacatecas,Pinos,FC,Horizontal,6,038,32
2019,Guanajuato,León,FC,Horizontal,271,020,11
2019,Coahuila de Zaragoza,Ramos Arizpe,U3,Horizontal,272,027,05
2018,Campeche,Hecelchakán,FC,Horizontal,1,005,04
2020,Puebla,San Martín Texmelucan,U2,Horizontal,7,132,21
2019,Puebla,Amozoc,U1,Horizontal,38,015,21
2019,Veracruz de Ignacio de la Llave,Naranjos Amatlán,U1,Horizontal,1,013,30
2019,Zacatecas,Calera,U3,Horizontal,23,005,32
2020,Guanajuato,León,U3,Horizontal,1739,020,11
2018,Coahuila de Zaragoza,Francisco I. Madero,U1,Horizontal,246,009,05
2020,Nuevo León,Montemorelos,U2,Horizontal,14,038,19
2020,Zacatecas,Loreto,U2,Horizontal,4,024,32
2019,Guerrero,Iguala de la Independencia,U3,Horizontal,72,035,12
2019,Tlaxcala,Chiautempan,U2,Horizontal,1,010,29
2020,Durango,Santiago Papasquiaro,U2,Horizontal,14,032,10
2019,Durango,Poanas,FC,Horizontal,7,022,10
2020,Oaxaca,Ciudad Ixtepec,U2,Horizontal,32,014,20
2020,Nuevo León,General Escobedo,U1,Horizontal,61,021,19
2018,Nuevo León,Santa Catarina,U3,Horizontal,77,048,19
2019,Puebla,Atlixco,U2,Horizontal,2,019,21
2018,Coahuila de Zaragoza,Sabinas,U2,Horizontal,99,028,05
2019,Chiapas,Tapachula,FC,Horizontal,49,089,07
2019,Jalisco,Lagos de Moreno,U3,Horizontal,275,053,14
2020,Michoacán de Ocampo,Hidalgo,FC,Horizontal,5,034,16
2019,Coahuila de Zaragoza,Torreón,U3,Horizontal,825,035,05
2020,Tamaulipas,Altamira,U3,Vertical,379,003,28
2018,San Luis Potosí,Soledad de Graciano Sánchez,FC,Horizontal,92,035,24
2018,Veracruz de Ignacio de la Llave,Tierra Blanca,FC,Horizontal,36,174,30
2019,Coahuila de Zaragoza,Piedras Negras,U2,Horizontal,149,025,05
2018,Jalisco,San Juan de los Lagos,U2,Horizontal,5,073,14
2020,Tamaulipas,Tampico,U1,Horizontal,2,038,28
2020,Tamaulipas,Ciudad Madero,U2,Horizontal,37,009,28
2019,Coahuila de Zaragoza,Saltillo,U2,Horizontal,1241,030,05
2020,Puebla,Amozoc,U1,Horizontal,27,015,21
2018,Tlaxcala,Zacatelco,U2,Horizontal,11,044,29
2018,Campeche,Campeche,U2,Horizontal,144,002,04
2018,Querétaro,El Marqués,FC,Horizontal,762,011,22
2020,Nuevo León,Cadereyta Jiménez,FC,Horizontal,150,009,19
2020,Quintana Roo,Benito Juárez,U1,Horizontal,111,005,23
2020,México,Toluca,U1,Horizontal,37,106,15
2020,Yucatán,Valladolid,U3,Horizontal,58,102,31
2019,Nuevo León,Ciénega de Flores,U2,Horizontal,763,012,19
2019,Tamaulipas,El Mante,U2,Horizontal,15,021,28
2019,Jalisco,Tlajomulco de Zúñiga,U2,Horizontal,322,097,14
2018,Guanajuato,San Francisco del Rincón,FC,Horizontal,4,031,11
2019,Aguascalientes,Jesús María,U2,Horizontal,181,005,01
2018,Chiapas,Comitán de Domínguez,U2,Horizontal,104,019,07
2020,Nayarit,Compostela,U2,Horizontal,2,004,18
2018,Quintana Roo,Cozumel,U2,Horizontal,27,001,23
2018,Ciudad de México,Iztacalco,U2,Vertical,133,006,09
2019,Coahuila de Zaragoza,Frontera,U1,Horizontal,91,010,05
2019,Yucatán,Valladolid,U3,Horizontal,77,102,31
2020,Veracruz de Ignacio de la Llave,Coatepec,U1,Horizontal,15,038,30
2020,Nuevo León,Guadalupe,U1,Horizontal,185,026,19
2019,Coahuila de Zaragoza,Torreón,U1,Horizontal,110,035,05
2019,Nuevo León,Juárez,U2,Horizontal,1244,031,19
2018,Jalisco,San Miguel el Alto,U3,Horizontal,2,078,14
2019,Sinaloa,Culiacán,U2,Horizontal,565,006,25
2018,México,La Paz,U1,Horizontal,12,070,15
2020,Sonora,Hermosillo,U1,Horizontal,22,030,26
2019,Baja California Sur,Loreto,U2,Horizontal,5,009,03
2019,Sonora,Puerto Peñasco,FC,Horizontal,13,048,26
2018,Sonora,Cajeme,U1,Horizontal,3,018,26
2019,Quintana Roo,Felipe Carrillo Puerto,U3,Horizontal,5,002,23
2019,Tlaxcala,Tlaxcala,U1,Vertical,9,033,29
2020,Guanajuato,Silao de la Victoria,U3,Horizontal,91,037,11
2020,Coahuila de Zaragoza,Cuatro Ciénegas,FC,Horizontal,2,007,05
2018,Aguascalientes,Aguascalientes,FC,Horizontal,6,001,01
2020,Guanajuato,Celaya,FC,Horizontal,191,007,11
2020,Sonora,Puerto Peñasco,U3,Horizontal,122,048,26
2018,Michoacán de Ocampo,La Piedad,U3,Horizontal,71,069,16
2018,Baja California Sur,La Paz,U1,Horizontal,27,003,03
2018,Morelos,Emiliano Zapata,U1,Horizontal,82,008,17
2020,Coahuila de Zaragoza,Matamoros,U3,Horizontal,295,017,05
2018,Guerrero,Coyuca de Benítez,FC,Horizontal,3,021,12
2018,Michoacán de Ocampo,Jiquilpan,U3,Horizontal,29,045,16
2019,Oaxaca,Oaxaca de Juárez,U2,Vertical,19,067,20
2019,Chiapas,Ocozocoautla de Espinosa,FC,Vertical,56,061,07
2018,Baja California Sur,Los Cabos,U3,Vertical,64,008,03
2019,Puebla,Coronango,U3,Horizontal,152,034,21
2018,Guanajuato,León,U1,Vertical,16,020,11
2018,Veracruz de Ignacio de la Llave,Veracruz,U2,Horizontal,947,193,30
2018,Guerrero,Iguala de la Independencia,U2,Horizontal,2,035,12
2018,Quintana Roo,Benito Juárez,U2,Vertical,1937,005,23
2018,Coahuila de Zaragoza,Parras,U2,Vertical,9,024,05
2018,Puebla,Cuautlancingo,U2,Horizontal,91,041,21
2019,Colima,Colima,U1,Vertical,12,002,06
2018,Durango,Gómez Palacio,U2,Horizontal,413,007,10
2019,Zacatecas,Fresnillo,U3,Horizontal,592,010,32
2018,Puebla,Amozoc,U2,Vertical,26,015,21
2018,Morelos,Yautepec,U2,Horizontal,159,029,17
2019,Puebla,Chalchicomula de Sesma,FC,Horizontal,3,045,21
2020,Coahuila de Zaragoza,San Pedro,U2,Horizontal,37,033,05
2020,Coahuila de Zaragoza,Sacramento,FC,Horizontal,6,029,05
2019,Campeche,Campeche,U2,Vertical,16,002,04
2019,Sinaloa,Mazatlán,U2,Vertical,68,012,25
2020,Jalisco,Tepatitlán de Morelos,FC,Horizontal,12,093,14
2020,Chiapas,Ocozocoautla de Espinosa,FC,Vertical,8,061,07
2018,Tlaxcala,Zacatelco,U2,Vertical,8,044,29
2019,Michoacán de Ocampo,Morelia,U3,Vertical,372,053,16
2020,San Luis Potosí,Rioverde,U2,Horizontal,5,024,24
2019,Jalisco,Tlajomulco de Zúñiga,U1,Vertical,84,097,14
2019,Hidalgo,Mineral de la Reforma,U3,Vertical,270,051,13
2020,Chiapas,Tapachula,U3,Vertical,12,089,07
2019,Oaxaca,San Juan Bautista Tuxtepec,U2,Vertical,7,184,20
2018,Guanajuato,Apaseo el Grande,FC,Horizontal,117,005,11
2018,Sonora,Nogales,U2,Horizontal,292,043,26
2019,Guanajuato,Apaseo el Grande,U2,Vertical,2,005,11
2019,Chihuahua,Guachochi,FC,Horizontal,70,027,08
2019,Jalisco,San Pedro Tlaquepaque,U3,Horizontal,320,098,14
2020,Guanajuato,Dolores Hidalgo Cuna de la Independencia Nacional,U1,Horizontal,2,014,11
2018,Chiapas,San Cristóbal de las Casas,U2,Vertical,2,078,07
2019,Nuevo León,General Escobedo,U2,Horizontal,141,021,19
2018,Nuevo León,Pesquería,U2,Vertical,54,041,19
2018,México,Nextlalpan,U3,Vertical,316,059,15
2020,Tamaulipas,El Mante,U2,Horizontal,19,021,28
2020,San Luis Potosí,San Luis Potosí,FC,Horizontal,144,028,24
2020,Yucatán,Hunucmá,U3,Horizontal,16,038,31
2018,Guanajuato,León,U2,Vertical,432,020,11
2020,Tabasco,Huimanguillo,U2,Horizontal,2,008,27
2020,Puebla,Amozoc,U3,Vertical,64,015,21
2018,Michoacán de Ocampo,Jacona,U3,Horizontal,8,043,16
2020,Puebla,San Andrés Cholula,U3,Horizontal,2,119,21
2018,Tlaxcala,Yauhquemehcan,U1,Horizontal,1,043,29
2018,Jalisco,La Barca,U3,Horizontal,17,018,14
2020,Nuevo León,General Escobedo,FC,Horizontal,296,021,19
2020,Nuevo León,Juárez,U1,Horizontal,134,031,19
2020,Veracruz de Ignacio de la Llave,Perote,U1,Horizontal,14,128,30
2018,Chihuahua,Chihuahua,U3,Horizontal,1745,019,08
2019,Tlaxcala,Yauhquemehcan,U2,Horizontal,10,043,29
2019,Tlaxcala,Amaxac de Guerrero,FC,Horizontal,2,001,29
2020,Yucatán,Umán,U2,Horizontal,73,101,31
2019,Querétaro,Corregidora,U2,Horizontal,210,006,22
2020,Coahuila de Zaragoza,Torreón,U2,Horizontal,614,035,05
2020,Guanajuato,León,U2,Horizontal,244,020,11
2019,Veracruz de Ignacio de la Llave,Veracruz,U1,Vertical,136,193,30
2019,Chiapas,Comitán de Domínguez,U2,Horizontal,99,019,07
2020,Colima,Colima,U2,Horizontal,119,002,06
2020,Colima,Manzanillo,U3,Horizontal,270,007,06
2020,Quintana Roo,Cozumel,U3,Horizontal,55,001,23
2020,Baja California,Ensenada,U3,Vertical,12,001,02
2020,Nuevo León,García,U1,Horizontal,46,018,19
2020,Puebla,Cuautlancingo,U1,Vertical,1,041,21
2019,Michoacán de Ocampo,Apatzingán,U3,Horizontal,27,006,16
2019,San Luis Potosí,Soledad de Graciano Sánchez,U1,Vertical,8,035,24
2019,Yucatán,Umán,U3,Vertical,32,101,31
2019,Sonora,Cajeme,U3,Horizontal,322,018,26
2020,Guanajuato,Cortazar,FC,Horizontal,12,011,11
2019,San Luis Potosí,San Luis Potosí,U3,Horizontal,498,028,24
2019,Puebla,Chignahuapan,U3,Horizontal,4,053,21
2020,Hidalgo,Tulancingo de Bravo,U1,Horizontal,27,077,13
2018,Chihuahua,Juárez,U1,Horizontal,122,037,08
2018,Nayarit,Bahía de Banderas,U3,Horizontal,83,020,18
2018,México,Coacalco de Berriozábal,U1,Horizontal,1,020,15
2020,Aguascalientes,San Francisco de los Romo,FC,Horizontal,87,011,01
2018,Durango,Lerdo,U3,Horizontal,91,012,10
2019,Jalisco,Zapopan,U3,Horizontal,888,120,14
2020,México,Tecámac,U3,Horizontal,1147,081,15
2020,Guanajuato,Romita,U2,Horizontal,3,026,11
2019,Nayarit,Xalisco,U3,Horizontal,11,008,18
2020,Sinaloa,Culiacán,U2,Horizontal,343,006,25
2018,Guanajuato,Dolores Hidalgo Cuna de la Independencia Nacional,FC,Horizontal,35,014,11
2018,Chiapas,Tuxtla Gutiérrez,U1,Horizontal,7,101,07
2018,Chihuahua,Jiménez,U1,Horizontal,1,036,08
2020,Veracruz de Ignacio de la Llave,Medellín de Bravo,U3,Vertical,469,105,30
2020,Puebla,Tehuacán,U2,Vertical,90,156,21
2020,Nuevo León,Juárez,U2,Horizontal,1197,031,19
2020,Veracruz de Ignacio de la Llave,Tuxpan,U2,Horizontal,103,189,30
2020,Nuevo León,Ciénega de Flores,U2,Horizontal,422,012,19
2018,Puebla,Cuautlancingo,U3,Horizontal,129,041,21
2018,Aguascalientes,Aguascalientes,U1,Horizontal,401,001,01
2018,San Luis Potosí,Soledad de Graciano Sánchez,U2,Horizontal,375,035,24
2020,Hidalgo,Epazoyucan,U3,Horizontal,4,022,13
2019,Michoacán de Ocampo,Múgica,U3,Horizontal,1,055,16
2019,Campeche,Campeche,U2,Horizontal,162,002,04
2018,Querétaro,Querétaro,U1,Vertical,141,014,22
2018,Sonora,Caborca,U1,Horizontal,2,017,26
2020,Veracruz de Ignacio de la Llave,Xalapa,U2,Horizontal,13,087,30
2018,Veracruz de Ignacio de la Llave,Orizaba,U2,Horizontal,14,118,30
2020,Jalisco,Tonalá,U2,Horizontal,203,101,14
2018,Michoacán de Ocampo,Morelia,U2,Horizontal,577,053,16
2019,Nuevo León,San Nicolás de los Garza,U1,Vertical,3,046,19
2018,Nuevo León,Ciénega de Flores,U3,Horizontal,676,012,19
2020,Guanajuato,Apaseo el Grande,U2,Horizontal,51,005,11
2020,Michoacán de Ocampo,Morelia,U3,Vertical,751,053,16
2018,Jalisco,Zapotlán el Grande,U3,Horizontal,253,023,14
2019,Colima,Manzanillo,U2,Vertical,21,007,06
2019,Nayarit,Compostela,U1,Horizontal,6,004,18
2020,Michoacán de Ocampo,Tarímbaro,FC,Horizontal,3,088,16
2020,Colima,Tecomán,U1,Horizontal,46,009,06
2018,Chihuahua,Delicias,U1,Horizontal,94,021,08
2018,Chihuahua,Santa Bárbara,FC,Horizontal,1,060,08
2020,Guanajuato,Moroleón,U3,Horizontal,6,021,11
2018,México,Toluca,FC,Horizontal,49,106,15
2019,Tlaxcala,Zacatelco,U2,Horizontal,6,044,29
2018,Sonora,Navojoa,U2,Horizontal,131,042,26
2018,Baja California,Tijuana,FC,Vertical,944,004,02
2020,Sonora,Puerto Peñasco,FC,Horizontal,8,048,26
2018,Guanajuato,Irapuato,U3,Vertical,416,017,11
2019,Ciudad de México,Venustiano Carranza,U1,Vertical,338,017,09
2020,Oaxaca,San Agustín de las Juntas,U1,Horizontal,1,083,20
2018,Hidalgo,Atotonilco de Tula,U1,Horizontal,340,013,13
2019,Coahuila de Zaragoza,San Pedro,U2,Horizontal,43,033,05
2019,Jalisco,Zapopan,U2,Vertical,60,120,14
2020,Jalisco,Guadalajara,U1,Vertical,5,039,14
2018,Baja California Sur,Comondú,U2,Horizontal,21,001,03
2020,Sinaloa,Mazatlán,FC,Horizontal,57,012,25
2019,Jalisco,Juanacatlán,FC,Horizontal,111,051,14
2019,Jalisco,Autlán de Navarro,U2,Horizontal,39,015,14
2019,Nuevo León,Salinas Victoria,U3,Horizontal,341,045,19
2018,Chihuahua,Meoqui,U2,Horizontal,60,045,08
2020,Durango,Poanas,FC,Horizontal,7,022,10
2018,Morelos,Ayala,FC,Horizontal,112,004,17
2018,Michoacán de Ocampo,Sahuayo,U2,Horizontal,28,076,16
2020,Guanajuato,Apaseo el Grande,U1,Horizontal,8,005,11
2020,Hidalgo,Tepeji del Río de Ocampo,U3,Vertical,60,063,13
2020,Veracruz de Ignacio de la Llave,Naranjos Amatlán,U1,Horizontal,1,013,30
2019,Puebla,Puebla,U2,Vertical,392,114,21
2018,Guanajuato,Cortazar,U2,Horizontal,4,011,11
2018,Aguascalientes,Jesús María,FC,Horizontal,39,005,01
2018,Puebla,Coronango,U1,Vertical,224,034,21
2020,Jalisco,El Salto,U2,Horizontal,17,070,14
2018,Michoacán de Ocampo,Apatzingán,U2,Horizontal,45,006,16
2018,Tabasco,Jalpa de Méndez,U1,Horizontal,8,010,27
2019,México,Zumpango,U2,Horizontal,38,120,15
2019,Hidalgo,Mineral de la Reforma,U2,Horizontal,287,051,13
2020,Sonora,Nogales,U3,Vertical,105,043,26
2020,Veracruz de Ignacio de la Llave,Pánuco,U2,Horizontal,2,123,30
2019,Sinaloa,Ahome,U2,Horizontal,517,001,25
2019,Oaxaca,Tlacolula de Matamoros,U3,Vertical,72,551,20
2018,Veracruz de Ignacio de la Llave,San Andrés Tuxtla,U3,Horizontal,70,141,30
2020,Guanajuato,León,FC,Horizontal,132,020,11
2018,Chiapas,Arriaga,U1,Horizontal,6,009,07
2018,Ciudad de México,Venustiano Carranza,U2,Vertical,9,017,09
2020,Hidalgo,Atotonilco de Tula,U1,Horizontal,330,013,13
2020,Colima,Armería,U2,Horizontal,1,001,06
2018,México,Soyaniquilpan de Juárez,FC,Horizontal,6,079,15
2019,Baja California Sur,Los Cabos,U2,Vertical,60,008,03
2020,Puebla,Tlatlauquitepec,FC,Horizontal,2,186,21
2018,Guanajuato,Acámbaro,FC,Horizontal,1,002,11
2019,Nayarit,Tuxpan,U3,Horizontal,1,018,18
2019,Jalisco,El Grullo,U3,Horizontal,12,037,14
2019,Aguascalientes,Jesús María,FC,Horizontal,51,005,01
2020,San Luis Potosí,Matehuala,U2,Horizontal,6,020,24
2019,Durango,Lerdo,U2,Horizontal,126,012,10
2020,Coahuila de Zaragoza,Monclova,U2,Horizontal,72,018,05
2019,Sonora,Hermosillo,U3,Horizontal,1162,030,26
2019,Hidalgo,Tizayuca,U2,Horizontal,466,069,13
2018,Querétaro,Corregidora,U3,Horizontal,93,006,22
2020,Nayarit,Bahía de Banderas,U3,Horizontal,173,020,18
2019,Tamaulipas,Tampico,U1,Vertical,2,038,28
2018,Coahuila de Zaragoza,Saltillo,U1,Horizontal,117,030,05
2020,Chiapas,Pichucalco,U3,Horizontal,1,068,07
2020,Yucatán,Umán,U1,Horizontal,434,101,31
2020,Tlaxcala,Tzompantepec,FC,Horizontal,3,038,29
2020,Jalisco,San Pedro Tlaquepaque,U3,Vertical,144,098,14
2019,Querétaro,Corregidora,FC,Horizontal,281,006,22
2019,Tamaulipas,Altamira,U3,Vertical,624,003,28
2018,México,Texcoco,U2,Vertical,149,099,15
2018,Tlaxcala,Yauhquemehcan,U2,Vertical,95,043,29
2018,Tlaxcala,Totolac,U1,Horizontal,2,036,29
2019,Guerrero,Acapulco de Juárez,U2,Vertical,87,001,12
2020,Sonora,Cananea,FC,Horizontal,35,019,26
2019,Hidalgo,Tizayuca,FC,Horizontal,1030,069,13
2018,México,Otzolotepec,FC,Horizontal,226,067,15
2020,Puebla,Puebla,U1,Vertical,120,114,21
2019,Michoacán de Ocampo,Maravatío,U2,Horizontal,6,050,16
2018,Zacatecas,Sombrerete,U2,Horizontal,4,042,32
2019,Coahuila de Zaragoza,Arteaga,U3,Horizontal,489,004,05
2020,Tamaulipas,Reynosa,U3,Vertical,6,032,28
2018,Michoacán de Ocampo,Zitácuaro,U1,Horizontal,2,112,16
2019,Guanajuato,Apaseo el Grande,U3,Vertical,560,005,11
2019,México,Chalco,U2,Horizontal,105,025,15
2020,Puebla,Cuautlancingo,U3,Horizontal,168,041,21
2019,Veracruz de Ignacio de la Llave,Orizaba,U1,Horizontal,30,118,30
2020,Jalisco,Zacoalco de Torres,U2,Horizontal,2,119,14
2018,Chihuahua,Cuauhtémoc,U1,Horizontal,6,017,08
2020,Jalisco,Lagos de Moreno,U2,Horizontal,329,053,14
2019,Veracruz de Ignacio de la Llave,Veracruz,U3,Horizontal,848,193,30
2020,Jalisco,Cocula,FC,Horizontal,8,024,14
2018,Nuevo León,Pesquería,FC,Vertical,66,041,19
2020,México,Tianguistenco,U3,Horizontal,413,101,15
2020,Morelos,Jiutepec,U2,Vertical,20,011,17
2018,Morelos,Temixco,U3,Horizontal,92,018,17
2019,Sonora,Agua Prieta,U1,Horizontal,98,002,26
2019,Coahuila de Zaragoza,Piedras Negras,U1,Horizontal,33,025,05
2018,Morelos,Tlaltizapán de Zapata,FC,Horizontal,96,024,17
2020,Hidalgo,Tizayuca,U2,Vertical,53,069,13
2018,Veracruz de Ignacio de la Llave,Jalacingo,U1,Horizontal,4,086,30
2018,Puebla,Puebla,FC,Horizontal,23,114,21
2018,Querétaro,Corregidora,U2,Horizontal,82,006,22
2019,Colima,Armería,U1,Horizontal,1,001,06
2018,Puebla,Huejotzingo,U2,Horizontal,213,074,21
2018,Guanajuato,León,FC,Horizontal,303,020,11
2020,Baja California Sur,Los Cabos,U3,Vertical,348,008,03
2018,Nuevo León,El Carmen,FC,Horizontal,5,010,19
2019,Jalisco,Cocula,FC,Horizontal,39,024,14
2018,Nuevo León,General Escobedo,U2,Horizontal,598,021,19
2018,Jalisco,Cocula,FC,Horizontal,4,024,14
2019,Guanajuato,Apaseo el Grande,U3,Horizontal,483,005,11
2020,Jalisco,San Juan de los Lagos,U2,Horizontal,1,073,14
2019,Jalisco,Tala,U3,Horizontal,81,083,14
2018,Nayarit,Xalisco,U1,Horizontal,5,008,18
2019,Yucatán,Mérida,U3,Horizontal,3436,050,31
2019,Tlaxcala,Tzompantepec,U2,Horizontal,8,038,29
2020,Yucatán,Motul,U2,Horizontal,4,052,31
2020,Tamaulipas,Nuevo Laredo,U2,Horizontal,193,027,28
2019,Morelos,Jojutla,FC,Vertical,9,012,17
2020,Guerrero,Chilpancingo de los Bravo,U3,Vertical,122,029,12
2019,Aguascalientes,Aguascalientes,U3,Vertical,24,001,01
2019,Durango,Durango,U1,Horizontal,179,005,10
2019,Oaxaca,Santa Cruz Xoxocotlán,U1,Vertical,14,385,20
2018,Baja California,Ensenada,U3,Horizontal,173,001,02
2019,Durango,Durango,FC,Vertical,80,005,10
2020,Tlaxcala,Calpulalpan,U1,Horizontal,33,006,29
2018,Veracruz de Ignacio de la Llave,Poza Rica de Hidalgo,U3,Horizontal,49,131,30
2020,San Luis Potosí,San Luis Potosí,U1,Vertical,23,028,24
2020,Chihuahua,Cuauhtémoc,U3,Horizontal,395,017,08
2019,Sonora,Navojoa,U3,Horizontal,82,042,26
2020,Tabasco,Centro,FC,Vertical,176,004,27
2019,San Luis Potosí,Tamuín,U1,Horizontal,1,040,24
2018,Sinaloa,Culiacán,U1,Horizontal,499,006,25
2019,Veracruz de Ignacio de la Llave,Tuxpan,U3,Horizontal,43,189,30
2019,Guanajuato,Purísima del Rincón,U2,Horizontal,54,025,11
2020,Yucatán,Motul,U1,Horizontal,4,052,31
2018,Puebla,Chalchicomula de Sesma,FC,Horizontal,13,045,21
2020,Chihuahua,Juárez,U1,Horizontal,121,037,08
2018,Nayarit,Bahía de Banderas,U2,Horizontal,71,020,18
2020,Chiapas,Chiapa de Corzo,FC,Horizontal,10,027,07
2019,Zacatecas,Zacatecas,U2,Horizontal,35,056,32
2019,Chihuahua,Juárez,U2,Horizontal,411,037,08
2018,Quintana Roo,Benito Juárez,U1,Horizontal,149,005,23
2018,Coahuila de Zaragoza,Torreón,U2,Vertical,13,035,05
2020,Hidalgo,Cuautepec de Hinojosa,U3,Horizontal,24,016,13
2020,Baja California Sur,Los Cabos,U2,Horizontal,25,008,03
2020,Tabasco,Centro,U2,Vertical,32,004,27
2019,Coahuila de Zaragoza,Saltillo,U2,Vertical,150,030,05
2020,Nuevo León,Juárez,FC,Horizontal,152,031,19
2019,Coahuila de Zaragoza,Acuña,U1,Horizontal,13,002,05
2020,Nuevo León,Allende,U2,Horizontal,134,004,19
2018,Colima,Colima,U2,Horizontal,375,002,06
2019,San Luis Potosí,Cárdenas,U2,Horizontal,3,005,24
2018,Querétaro,El Marqués,U2,Vertical,60,011,22
2018,Coahuila de Zaragoza,San Pedro,U2,Horizontal,126,033,05
2019,Sinaloa,Mazatlán,FC,Horizontal,35,012,25
2019,Nuevo León,García,U2,Horizontal,986,018,19
2019,México,Soyaniquilpan de Juárez,FC,Horizontal,3,079,15
2018,Tamaulipas,Ciudad Madero,U1,Horizontal,7,009,28
2020,México,Chicoloapan,U2,Horizontal,19,029,15
2019,Baja California Sur,Loreto,FC,Horizontal,1,009,03
2019,México,Acolman,U3,Horizontal,2,002,15
2018,Jalisco,Arandas,FC,Horizontal,1,008,14
2020,Jalisco,Zapotiltic,U3,Horizontal,9,121,14
2018,Michoacán de Ocampo,La Piedad,U1,Horizontal,3,069,16
2019,Nuevo León,Santa Catarina,U2,Vertical,104,048,19
2020,México,Cuautitlán Izcalli,U2,Horizontal,48,121,15
2020,Guanajuato,Salamanca,FC,Vertical,279,027,11
2020,México,Melchor Ocampo,U3,Horizontal,320,053,15
2020,Veracruz de Ignacio de la Llave,Medellín de Bravo,FC,Vertical,81,105,30
2018,Veracruz de Ignacio de la Llave,Veracruz,FC,Vertical,33,193,30
2018,Jalisco,Autlán de Navarro,U1,Horizontal,2,015,14
2020,Zacatecas,Zacatecas,U2,Horizontal,18,056,32
2019,Tlaxcala,Tzompantepec,FC,Horizontal,7,038,29
2019,Tabasco,Teapa,U3,Horizontal,1,016,27
2018,Guerrero,Iguala de la Independencia,U1,Vertical,160,035,12
2018,Sinaloa,Culiacán,U1,Vertical,72,006,25
2020,Puebla,Huauchinango,U2,Horizontal,1,071,21
2018,Puebla,Amozoc,U3,Vertical,64,015,21
2019,Michoacán de Ocampo,Uruapan,U2,Horizontal,8,102,16
2019,Nuevo León,El Carmen,U3,Horizontal,2263,010,19
2018,México,Tlalmanalco,U3,Vertical,35,103,15
2020,Tamaulipas,Tampico,U2,Vertical,20,038,28
2020,Morelos,Xochitepec,FC,Horizontal,178,028,17
2018,Hidalgo,Mineral de la Reforma,U2,Vertical,250,051,13
2019,Yucatán,Mérida,U2,Horizontal,614,050,31
2020,Guanajuato,Dolores Hidalgo Cuna de la Independencia Nacional,U3,Horizontal,533,014,11
2018,Yucatán,Kanasín,U1,Horizontal,3,041,31
2018,Quintana Roo,Benito Juárez,U2,Horizontal,1163,005,23
2020,Michoacán de Ocampo,Apatzingán,FC,Horizontal,1,006,16
2018,Veracruz de Ignacio de la Llave,Tuxpan,U2,Vertical,40,189,30
2018,Guanajuato,San José Iturbide,U3,Horizontal,118,032,11
2018,México,Zumpango,U2,Horizontal,436,120,15
2018,Sinaloa,Salvador Alvarado,U2,Horizontal,84,015,25
2018,Michoacán de Ocampo,Tarímbaro,FC,Vertical,87,088,16
2020,Coahuila de Zaragoza,Arteaga,U1,Horizontal,26,004,05
2020,Hidalgo,Pachuca de Soto,U2,Horizontal,36,048,13
2020,Michoacán de Ocampo,Tarímbaro,U2,Horizontal,1,088,16
2019,Tabasco,Tenosique,U2,Horizontal,2,017,27
2018,Michoacán de Ocampo,Tarímbaro,U2,Vertical,42,088,16
2018,Veracruz de Ignacio de la Llave,Medellín de Bravo,U2,Horizontal,273,105,30
2018,Jalisco,Guadalajara,U1,Vertical,28,039,14
2018,Michoacán de Ocampo,Zamora,U3,Horizontal,122,108,16
2020,Michoacán de Ocampo,Morelia,U2,Horizontal,167,053,16
2020,Michoacán de Ocampo,Maravatío,U2,Horizontal,7,050,16
2018,Puebla,Amozoc,U1,Horizontal,44,015,21
2019,Quintana Roo,Cozumel,U2,Horizontal,32,001,23
2019,Guanajuato,Celaya,U1,Horizontal,15,007,11
2019,México,Huixquilucan,U2,Vertical,74,037,15
2018,Aguascalientes,Aguascalientes,U2,Horizontal,2338,001,01
2020,Morelos,Emiliano Zapata,U3,Horizontal,106,008,17
2020,Jalisco,Puerto Vallarta,U3,Vertical,18,067,14
2018,Coahuila de Zaragoza,San Buenaventura,U2,Horizontal,2,031,05
2018,Jalisco,Zapopan,FC,Vertical,476,120,14
2018,México,Tianguistenco,U3,Horizontal,539,101,15
2020,Puebla,Coronango,U2,Vertical,262,034,21
2020,Chiapas,Tuxtla Gutiérrez,FC,Vertical,64,101,07
2019,Morelos,Emiliano Zapata,U2,Horizontal,29,008,17
2018,México,Almoloya de Juárez,U2,Horizontal,10,005,15
2018,Tabasco,Centro,U3,Horizontal,2,004,27
2020,Guanajuato,Celaya,U1,Horizontal,4,007,11
2018,Veracruz de Ignacio de la Llave,Fortín,FC,Horizontal,2,068,30
2018,Durango,Santiago Papasquiaro,U2,Horizontal,9,032,10
2019,Veracruz de Ignacio de la Llave,Xalapa,U2,Vertical,3,087,30
2018,Coahuila de Zaragoza,Sacramento,FC,Horizontal,11,029,05
2020,Chihuahua,Aquiles Serdán,U3,Horizontal,156,004,08
2020,Puebla,Puebla,U2,Vertical,204,114,21
2020,Veracruz de Ignacio de la Llave,Emiliano Zapata,U3,Horizontal,123,065,30
2019,Coahuila de Zaragoza,Arteaga,U2,Horizontal,26,004,05
2018,Jalisco,El Salto,U2,Horizontal,1576,070,14
2019,Puebla,Amozoc,U3,Vertical,32,015,21
2019,Oaxaca,Santo Domingo Tehuantepec,U2,Horizontal,4,515,20
2018,Veracruz de Ignacio de la Llave,Pánuco,U2,Horizontal,1,123,30
2018,Jalisco,San Pedro Tlaquepaque,U3,Horizontal,306,098,14
2019,Chihuahua,Hidalgo del Parral,U1,Horizontal,182,032,08
2019,Nayarit,Bahía de Banderas,U3,Horizontal,401,020,18
2020,San Luis Potosí,Cárdenas,U3,Horizontal,2,005,24
2018,Michoacán de Ocampo,Morelia,U1,Vertical,17,053,16
2019,Baja California,Tijuana,U2,Horizontal,233,004,02
2019,Tabasco,Cárdenas,U3,Horizontal,1,002,27
2019,Zacatecas,Jerez,U1,Horizontal,2,020,32
2018,Coahuila de Zaragoza,Ramos Arizpe,U2,Horizontal,652,027,05
2020,Jalisco,El Salto,U3,Horizontal,1547,070,14
2019,Durango,Lerdo,U1,Horizontal,45,012,10
2019,Guanajuato,Valle de Santiago,U2,Horizontal,8,042,11
2020,Puebla,San Pedro Cholula,U1,Horizontal,1,140,21
2020,Jalisco,Zapotlán el Grande,U3,Vertical,417,023,14
2018,Michoacán de Ocampo,Lázaro Cárdenas,U1,Horizontal,4,052,16
2019,Baja California,Tijuana,U2,Vertical,9,004,02
2020,Coahuila de Zaragoza,San Buenaventura,U1,Horizontal,3,031,05
2018,Sonora,Hermosillo,FC,Horizontal,13,030,26
2019,Chiapas,Tuxtla Gutiérrez,U2,Vertical,67,101,07
2019,Michoacán de Ocampo,Pátzcuaro,U1,Horizontal,5,066,16
2019,Nuevo León,Juárez,U1,Horizontal,161,031,19
2020,Puebla,Ocoyucan,FC,Horizontal,2,106,21
2020,Coahuila de Zaragoza,Morelos,FC,Horizontal,3,019,05
2019,Nuevo León,Guadalupe,U2,Horizontal,70,026,19
2020,Tamaulipas,Nuevo Laredo,U3,Horizontal,443,027,28
2018,Quintana Roo,Benito Juárez,U3,Horizontal,1274,005,23
2020,Veracruz de Ignacio de la Llave,Río Blanco,U2,Horizontal,34,138,30
2019,Coahuila de Zaragoza,Nava,U2,Horizontal,93,022,05
2018,Hidalgo,Zempoala,U3,Horizontal,1203,083,13
2020,México,Otzolotepec,FC,Vertical,119,067,15
2020,Baja California,Mexicali,U3,Horizontal,1108,002,02
2019,Oaxaca,Santa María Atzompa,U3,Horizontal,18,399,20
2020,Zacatecas,Ojocaliente,U3,Horizontal,4,036,32
2019,Puebla,Atlixco,U3,Horizontal,8,019,21
2018,Puebla,Coronango,U1,Horizontal,231,034,21
2019,Yucatán,Maxcanú,FC,Horizontal,9,048,31
2020,Veracruz de Ignacio de la Llave,Medellín de Bravo,U3,Horizontal,115,105,30
2018,Chihuahua,Aldama,U2,Horizontal,57,002,08
2019,Guanajuato,Irapuato,FC,Horizontal,135,017,11
2020,Guanajuato,Guanajuato,U2,Horizontal,4,015,11
2018,Tamaulipas,Reynosa,U2,Horizontal,1523,032,28
2018,Michoacán de Ocampo,Zitácuaro,U2,Horizontal,5,112,16
2018,Hidalgo,Tizayuca,U1,Horizontal,566,069,13
2019,San Luis Potosí,Soledad de Graciano Sánchez,U2,Horizontal,261,035,24
2019,Guanajuato,Guanajuato,U3,Horizontal,239,015,11
2018,Baja California Sur,La Paz,U3,Vertical,81,003,03
2019,Guerrero,Zihuatanejo de Azueta,FC,Horizontal,6,038,12
2019,San Luis Potosí,Soledad de Graciano Sánchez,U3,Vertical,61,035,24
2020,Nuevo León,García,FC,Horizontal,27,018,19
2019,Chiapas,Tuxtla Gutiérrez,U1,Vertical,25,101,07
2019,Querétaro,San Juan del Río,U3,Horizontal,401,016,22
2020,Hidalgo,Tepeji del Río de Ocampo,U3,Horizontal,7,063,13
2018,Jalisco,Tonalá,U3,Vertical,146,101,14
2020,México,Zumpango,U3,Horizontal,1706,120,15
2020,México,Soyaniquilpan de Juárez,FC,Horizontal,4,079,15
2019,Aguascalientes,Jesús María,U3,Horizontal,101,005,01
2019,Tamaulipas,Tampico,U2,Horizontal,19,038,28
2018,Morelos,Jiutepec,U2,Vertical,20,011,17
2020,Ciudad de México,Iztacalco,U1,Vertical,558,006,09
2018,Yucatán,Progreso,FC,Horizontal,1,059,31
2020,Sinaloa,Guasave,U2,Horizontal,38,011,25
2018,Tabasco,Nacajuca,U3,Horizontal,44,013,27
2018,México,Zumpango,U2,Vertical,780,120,15
2018,Chihuahua,Nuevo Casas Grandes,U2,Horizontal,212,050,08
2020,Veracruz de Ignacio de la Llave,Tuxpan,U3,Horizontal,65,189,30
2019,Nuevo León,Allende,FC,Horizontal,1,004,19
2019,Zacatecas,Ojocaliente,U3,Horizontal,4,036,32
2019,Sonora,Caborca,U3,Horizontal,5,017,26
2018,Veracruz de Ignacio de la Llave,Ixtaczoquitlán,U3,Horizontal,116,085,30
2019,Sonora,Agua Prieta,U3,Horizontal,193,002,26
2020,Sonora,Agua Prieta,U2,Horizontal,4,002,26
2020,Ciudad de México,Venustiano Carranza,U1,Vertical,376,017,09
2020,Veracruz de Ignacio de la Llave,Medellín de Bravo,U2,Vertical,18,105,30
2019,Guanajuato,Celaya,U3,Horizontal,300,007,11
2018,Puebla,Cuautlancingo,U1,Vertical,198,041,21
2020,Jalisco,Autlán de Navarro,U2,Horizontal,123,015,14
2019,Puebla,Coronango,U2,Horizontal,126,034,21
2019,Hidalgo,Huichapan,FC,Horizontal,9,029,13
2018,Sinaloa,Mazatlán,U1,Vertical,26,012,25
2020,Ciudad de México,Iztacalco,U2,Vertical,39,006,09
2019,México,Toluca,FC,Horizontal,40,106,15
2020,Quintana Roo,Othón P. Blanco,U2,Horizontal,24,004,23
2020,Nayarit,Bahía de Banderas,U2,Horizontal,92,020,18
2018,Chiapas,Tuxtla Gutiérrez,U3,Horizontal,73,101,07
2018,Baja California Sur,Mulegé,FC,Horizontal,19,002,03
2018,Morelos,Yecapixtla,U3,Horizontal,55,030,17
2020,Jalisco,Tepatitlán de Morelos,U2,Horizontal,9,093,14
2019,México,Zumpango,U3,Horizontal,1435,120,15
2020,Michoacán de Ocampo,Uruapan,U2,Horizontal,8,102,16
2020,San Luis Potosí,San Luis Potosí,U2,Horizontal,311,028,24
2019,Michoacán de Ocampo,Zamora,FC,Horizontal,61,108,16
2020,Querétaro,Corregidora,U1,Horizontal,1,006,22
2018,Baja California Sur,La Paz,U3,Horizontal,548,003,03
2019,Guanajuato,Celaya,U2,Vertical,51,007,11
2020,Jalisco,Tonalá,U2,Vertical,153,101,14
2019,Jalisco,Zapotlanejo,U3,Vertical,48,124,14
2020,Ciudad de México,Venustiano Carranza,U2,Vertical,79,017,09
2020,Oaxaca,San Jacinto Amilpas,U1,Horizontal,6,157,20
2020,Coahuila de Zaragoza,Saltillo,U3,Horizontal,925,030,05
2020,México,Tianguistenco,FC,Horizontal,64,101,15
2020,Michoacán de Ocampo,Tarímbaro,U3,Horizontal,64,088,16
2020,Guanajuato,Apaseo el Grande,U3,Horizontal,731,005,11
2020,Oaxaca,Heroica Ciudad de Huajuapan de León,U2,Horizontal,14,039,20
2020,Durango,Gómez Palacio,U1,Horizontal,65,007,10
2019,Puebla,Puebla,U1,Horizontal,1,114,21
2018,Sonora,Santa Ana,FC,Horizontal,1,058,26
2018,México,Calimaya,FC,Horizontal,1,018,15
2019,México,Zumpango,FC,Vertical,13,120,15
2018,Querétaro,San Juan del Río,FC,Vertical,16,016,22
2018,Chiapas,Tonalá,U2,Vertical,8,097,07
2018,Aguascalientes,San Francisco de los Romo,U1,Horizontal,18,011,01
2020,Sinaloa,Ahome,U1,Horizontal,19,001,25
2020,Sonora,Guaymas,U1,Horizontal,7,029,26
2020,Tabasco,Paraíso,U3,Horizontal,2,014,27
2018,México,Texcoco,U2,Horizontal,53,099,15
2020,Chiapas,Berriozábal,U3,Horizontal,97,012,07
2019,Veracruz de Ignacio de la Llave,Perote,U3,Horizontal,56,128,30
2020,Guanajuato,Villagrán,FC,Horizontal,14,044,11
2020,Jalisco,Tepatitlán de Morelos,U3,Horizontal,6,093,14
2020,Sonora,Navojoa,U3,Horizontal,51,042,26
2020,Yucatán,Mérida,U3,Vertical,153,050,31
2019,Michoacán de Ocampo,Uruapan,U3,Horizontal,2,102,16
2018,Puebla,Tecamachalco,U2,Horizontal,30,154,21
2018,Hidalgo,Tula de Allende,FC,Horizontal,9,076,13
2018,Tamaulipas,Victoria,U1,Horizontal,14,041,28
2019,Veracruz de Ignacio de la Llave,Xalapa,U2,Horizontal,13,087,30
2020,Sonora,Hermosillo,FC,Horizontal,56,030,26
2018,México,Zumpango,U3,Horizontal,1295,120,15
2019,Puebla,Atlixco,U1,Horizontal,3,019,21
2019,Querétaro,Pedro Escobedo,FC,Horizontal,171,012,22
2018,Veracruz de Ignacio de la Llave,Mariano Escobedo,U3,Horizontal,38,101,30
2020,Nuevo León,Guadalupe,U2,Horizontal,62,026,19
2018,Veracruz de Ignacio de la Llave,Tuxpan,U3,Vertical,188,189,30
2018,Baja California,Tijuana,U1,Horizontal,17,004,02
2019,Sinaloa,Ahome,U1,Horizontal,62,001,25
2020,Tlaxcala,Amaxac de Guerrero,U2,Horizontal,1,001,29
2019,Nuevo León,Monterrey,U2,Horizontal,19,039,19
2018,Chihuahua,Allende,FC,Horizontal,1,003,08
2019,Jalisco,Tonalá,U3,Vertical,799,101,14
2020,Zacatecas,Zacatecas,U1,Horizontal,11,056,32
2018,Chiapas,Villaflores,U3,Horizontal,105,108,07
2019,Ciudad de México,Azcapotzalco,U1,Vertical,2,002,09
2018,Guanajuato,San Miguel de Allende,FC,Horizontal,1,003,11
2018,Guerrero,Chilpancingo de los Bravo,U3,Vertical,102,029,12
2020,Baja California Sur,Loreto,U3,Horizontal,1,009,03
2018,Michoacán de Ocampo,La Piedad,U1,Vertical,24,069,16
2020,Michoacán de Ocampo,Uruapan,U3,Horizontal,5,102,16
2019,Michoacán de Ocampo,Zamora,U1,Horizontal,12,108,16
2019,Coahuila de Zaragoza,Torreón,U2,Vertical,48,035,05
2018,Hidalgo,Zapotlán de Juárez,FC,Horizontal,4,082,13
2019,Nuevo León,Pesquería,U2,Vertical,12,041,19
2019,Baja California,Ensenada,U1,Horizontal,1,001,02
2019,Coahuila de Zaragoza,Torreón,FC,Horizontal,63,035,05
2020,Guanajuato,León,U1,Horizontal,216,020,11
2019,Nuevo León,El Carmen,U2,Horizontal,353,010,19
2020,Guanajuato,Cortazar,U2,Horizontal,3,011,11
2020,Jalisco,San Pedro Tlaquepaque,U3,Horizontal,276,098,14
2020,Jalisco,Zapopan,FC,Horizontal,478,120,14
2020,Hidalgo,Tulancingo de Bravo,U2,Horizontal,2,077,13
2020,Guanajuato,San Francisco del Rincón,U1,Horizontal,5,031,11
2020,México,Chalco,U3,Horizontal,619,025,15
2020,Guanajuato,Salvatierra,U2,Horizontal,6,028,11
2019,Guanajuato,Irapuato,U1,Horizontal,114,017,11
2018,Guerrero,Coyuca de Benítez,U2,Horizontal,1,021,12
2019,Aguascalientes,Rincón de Romos,U2,Horizontal,99,007,01
2020,Campeche,Calkiní,FC,Horizontal,4,001,04
2019,Michoacán de Ocampo,La Piedad,U2,Horizontal,14,069,16
2019,Durango,Durango,U3,Horizontal,950,005,10
2020,Puebla,Puebla,FC,Horizontal,87,114,21
2019,Michoacán de Ocampo,Numarán,U3,Vertical,142,060,16
2018,Nuevo León,Montemorelos,U1,Horizontal,7,038,19
2018,México,Tecámac,U2,Vertical,352,081,15
2020,Puebla,Coronango,U1,Horizontal,95,034,21
2020,Jalisco,Tonalá,U1,Vertical,15,101,14
2020,Querétaro,El Marqués,U3,Horizontal,896,011,22
2018,Coahuila de Zaragoza,Cuatro Ciénegas,FC,Horizontal,3,007,05
2019,Sonora,Hermosillo,U2,Horizontal,597,030,26
2020,Guerrero,Quechultenango,FC,Horizontal,2,051,12
2020,Jalisco,Ocotlán,U2,Vertical,8,063,14
2018,Sonora,Puerto Peñasco,U2,Horizontal,156,048,26
2020,Veracruz de Ignacio de la Llave,Banderilla,U1,Horizontal,2,026,30
2018,Nuevo León,Guadalupe,U3,Horizontal,643,026,19
2018,Guanajuato,León,U1,Horizontal,745,020,11
2020,Jalisco,Zapotlanejo,FC,Horizontal,5,124,14
2019,Sonora,Cananea,U2,Horizontal,4,019,26
2020,Michoacán de Ocampo,La Piedad,U3,Horizontal,50,069,16
2020,Jalisco,Puerto Vallarta,U2,Vertical,42,067,14
2019,Querétaro,El Marqués,U3,Horizontal,853,011,22
2018,Jalisco,Tlajomulco de Zúñiga,U3,Horizontal,523,097,14
2018,Zacatecas,Calera,U2,Horizontal,6,005,32
2020,Yucatán,Maxcanú,FC,Horizontal,7,048,31
2020,Baja California Sur,La Paz,U2,Horizontal,80,003,03
2018,Puebla,Tehuacán,U1,Vertical,36,156,21
2020,México,Tlalmanalco,U3,Horizontal,105,103,15
2020,México,Chalco,U2,Horizontal,18,025,15
2018,Sonora,San Luis Río Colorado,U1,Horizontal,3,055,26
2020,Jalisco,Tlajomulco de Zúñiga,U1,Horizontal,11,097,14
2019,Morelos,Temixco,U2,Horizontal,64,018,17
2018,Michoacán de Ocampo,La Piedad,U2,Horizontal,54,069,16
2018,Jalisco,Tlajomulco de Zúñiga,U1,Horizontal,95,097,14
2019,Baja California,Ensenada,U3,Vertical,16,001,02
2020,Baja California Sur,Loreto,FC,Horizontal,3,009,03
2019,Sonora,Empalme,U2,Horizontal,13,025,26
2020,Guanajuato,Celaya,U3,Horizontal,141,007,11
2020,Morelos,Temixco,U3,Horizontal,35,018,17
2020,Chiapas,Tuxtla Gutiérrez,U1,Horizontal,6,101,07
2020,México,Tultepec,U2,Horizontal,363,108,15
2018,Chiapas,Berriozábal,U2,Horizontal,34,012,07
2018,Puebla,San Pedro Cholula,U1,Horizontal,1,140,21
2020,Sinaloa,Culiacán,U1,Vertical,2,006,25
2020,Veracruz de Ignacio de la Llave,Veracruz,U2,Vertical,86,193,30
2019,Jalisco,Tlajomulco de Zúñiga,U1,Horizontal,460,097,14
2018,Michoacán de Ocampo,Lázaro Cárdenas,U2,Horizontal,69,052,16
2018,Tamaulipas,Reynosa,U2,Vertical,64,032,28
2019,Michoacán de Ocampo,Sahuayo,U1,Horizontal,19,076,16
2019,Sonora,Puerto Peñasco,U2,Horizontal,164,048,26
2019,Nayarit,Xalisco,U1,Horizontal,9,008,18
2018,Guanajuato,San Felipe,U3,Horizontal,64,030,11
2020,Sinaloa,Mazatlán,U1,Vertical,52,012,25
2019,Sonora,Hermosillo,FC,Horizontal,11,030,26
2018,Puebla,San Andrés Cholula,U1,Horizontal,1,119,21
2019,Puebla,San Salvador el Verde,U3,Horizontal,2,143,21
2020,Nayarit,Xalisco,U3,Horizontal,1,008,18
2018,Tamaulipas,Tampico,U1,Vertical,13,038,28
2020,San Luis Potosí,Soledad de Graciano Sánchez,U1,Vertical,12,035,24
2018,México,Toluca,U3,Horizontal,307,106,15
2018,Michoacán de Ocampo,Puruándiro,U2,Horizontal,2,071,16
2020,Veracruz de Ignacio de la Llave,Jalacingo,U1,Horizontal,2,086,30
2020,Michoacán de Ocampo,Pátzcuaro,FC,Horizontal,6,066,16
2018,Jalisco,Zapopan,U2,Horizontal,103,120,14
2018,Michoacán de Ocampo,Yurécuaro,U2,Horizontal,17,106,16
2018,Zacatecas,Loreto,U2,Horizontal,3,024,32
2018,Michoacán de Ocampo,Apatzingán,U1,Horizontal,1,006,16
2018,Chiapas,Palenque,U1,Vertical,60,065,07
2019,Guanajuato,San Luis de la Paz,U3,Horizontal,410,033,11
2020,Tlaxcala,Zacatelco,U1,Vertical,18,044,29
2020,Nuevo León,Apodaca,U3,Horizontal,1594,006,19
2018,Nuevo León,Montemorelos,U3,Horizontal,169,038,19
2019,Oaxaca,Villa de Zaachila,U3,Horizontal,1,565,20
2018,Morelos,Tlaltizapán de Zapata,FC,Vertical,4,024,17
2019,Tamaulipas,Tampico,U1,Horizontal,6,038,28
2018,Veracruz de Ignacio de la Llave,Naranjos Amatlán,U2,Horizontal,1,013,30
2018,Nuevo León,Pesquería,U3,Horizontal,797,041,19
2018,San Luis Potosí,Ebano,U2,Horizontal,22,016,24
2020,Chihuahua,Nuevo Casas Grandes,U2,Horizontal,16,050,08
2018,Guanajuato,San José Iturbide,FC,Horizontal,63,032,11
2019,Guanajuato,Celaya,U3,Vertical,414,007,11
2018,Ciudad de México,Venustiano Carranza,U1,Vertical,81,017,09
2019,Guanajuato,Irapuato,U3,Vertical,155,017,11
2019,Hidalgo,Tula de Allende,FC,Horizontal,24,076,13
2019,Sonora,Guaymas,U1,Horizontal,1,029,26
2020,Guanajuato,Irapuato,U2,Horizontal,36,017,11
2019,San Luis Potosí,San Luis Potosí,U2,Horizontal,387,028,24
2018,Sonora,Cajeme,U3,Horizontal,460,018,26
2018,Ciudad de México,Cuauhtémoc,U1,Vertical,236,015,09
2020,Jalisco,Ixtlahuacán de los Membrillos,U2,Vertical,78,044,14
2020,Chiapas,Chiapa de Corzo,U3,Horizontal,48,027,07
2018,Tlaxcala,Tetla de la Solidaridad,U2,Vertical,3,031,29
2018,Guerrero,Chilpancingo de los Bravo,U2,Horizontal,3,029,12
2020,Coahuila de Zaragoza,Parras,U2,Horizontal,1,024,05
2018,Nuevo León,General Zuazua,FC,Horizontal,2444,025,19
2018,Tamaulipas,Ciudad Madero,U2,Vertical,21,009,28
2019,Yucatán,Kanasín,U3,Vertical,36,041,31
2018,Guanajuato,Apaseo el Grande,U2,Horizontal,117,005,11
2019,Morelos,Cuernavaca,U2,Vertical,22,007,17
2018,Colima,Villa de Álvarez,U1,Horizontal,55,010,06
2018,Veracruz de Ignacio de la Llave,Tuxpan,U3,Horizontal,248,189,30
2018,Michoacán de Ocampo,Tarímbaro,U3,Horizontal,45,088,16
2020,Veracruz de Ignacio de la Llave,Medellín de Bravo,U2,Horizontal,203,105,30
2019,Guanajuato,Irapuato,U2,Horizontal,447,017,11
2019,San Luis Potosí,San Luis Potosí,FC,Vertical,13,028,24
2019,Tlaxcala,Xaloztoc,U1,Vertical,26,039,29
2018,Hidalgo,Mineral de la Reforma,U3,Vertical,250,051,13
2020,Jalisco,Tuxpan,U3,Horizontal,15,108,14
2020,Puebla,Cuautlancingo,U3,Vertical,4,041,21
2019,Yucatán,Kanasín,FC,Horizontal,59,041,31
2020,Durango,Durango,FC,Horizontal,4,005,10
2019,Sonora,Empalme,U3,Horizontal,24,025,26
2018,Morelos,Yautepec,U2,Vertical,2,029,17
2020,México,Tonanitla,U3,Horizontal,41,125,15
2020,Michoacán de Ocampo,La Piedad,U2,Horizontal,3,069,16
2018,Michoacán de Ocampo,Múgica,U2,Horizontal,1,055,16
2018,Michoacán de Ocampo,Lázaro Cárdenas,U2,Vertical,12,052,16
2018,Guerrero,Chilpancingo de los Bravo,U1,Vertical,32,029,12
2018,Coahuila de Zaragoza,Saltillo,U2,Horizontal,1812,030,05
2020,San Luis Potosí,Cerritos,U3,Horizontal,13,008,24
2020,Campeche,Champotón,FC,Horizontal,3,004,04
2018,Puebla,Coronango,U3,Horizontal,251,034,21
2019,Colima,Colima,U2,Vertical,9,002,06
2019,Guanajuato,Celaya,U2,Horizontal,765,007,11
2020,Nuevo León,Juárez,U3,Horizontal,5329,031,19
2020,Yucatán,Umán,U3,Vertical,80,101,31
2018,Hidalgo,Ixmiquilpan,U3,Horizontal,4,030,13
2020,Jalisco,Zapopan,U1,Horizontal,19,120,14
2019,Puebla,Cuautlancingo,U3,Horizontal,178,041,21
2020,Baja California Sur,Mulegé,FC,Horizontal,8,002,03
2019,Tabasco,Jalpa de Méndez,U1,Horizontal,2,010,27
2018,Coahuila de Zaragoza,Torreón,U3,Horizontal,374,035,05
2019,Guerrero,Chilpancingo de los Bravo,U3,Vertical,118,029,12
2018,Zacatecas,Zacatecas,U2,Horizontal,25,056,32
2020,Jalisco,Tlajomulco de Zúñiga,U3,Horizontal,593,097,14
2019,México,Almoloya de Juárez,U3,Horizontal,164,005,15
2018,Veracruz de Ignacio de la Llave,Poza Rica de Hidalgo,U2,Horizontal,82,131,30
2019,Hidalgo,Tulancingo de Bravo,U2,Horizontal,5,077,13
2020,Coahuila de Zaragoza,Piedras Negras,U3,Horizontal,549,025,05
2020,Sinaloa,Mazatlán,U2,Horizontal,94,012,25
2019,Nayarit,Xalisco,U2,Horizontal,122,008,18
2020,Puebla,Izúcar de Matamoros,U1,Horizontal,6,085,21
2019,Morelos,Yecapixtla,U3,Horizontal,23,030,17
2019,Veracruz de Ignacio de la Llave,San Andrés Tuxtla,U3,Horizontal,46,141,30
2018,Ciudad de México,Álvaro Obregón,U1,Vertical,3,010,09
2018,Nuevo León,General Zuazua,U3,Horizontal,5,025,19
2019,Sonora,Cananea,U3,Horizontal,46,019,26
2020,Hidalgo,Atotonilco de Tula,FC,Horizontal,202,013,13
2020,Morelos,Jiutepec,U2,Horizontal,3,011,17
2019,Veracruz de Ignacio de la Llave,Chinampa de Gorostiza,FC,Horizontal,2,060,30
2019,Jalisco,Ixtlahuacán de los Membrillos,U3,Vertical,24,044,14
2019,Puebla,Puebla,U2,Horizontal,122,114,21
2018,Yucatán,Telchac Puerto,FC,Horizontal,1,083,31
2019,Guanajuato,San Felipe,U2,Horizontal,52,030,11
2020,Chiapas,Escuintla,FC,Horizontal,2,032,07
2018,Nuevo León,Guadalupe,U1,Horizontal,169,026,19
2018,Puebla,San Salvador el Verde,U2,Vertical,80,143,21
2018,México,Xonacatlán,U3,Vertical,167,115,15
2020,Quintana Roo,Benito Juárez,U3,Vertical,2322,005,23
2020,Coahuila de Zaragoza,Torreón,U2,Vertical,3,035,05
2020,Baja California Sur,Comondú,U2,Horizontal,11,001,03
2019,Oaxaca,Santa Cruz Xoxocotlán,U3,Vertical,80,385,20
2019,Sonora,Nogales,U3,Horizontal,482,043,26
2019,Yucatán,Mérida,U1,Horizontal,534,050,31
2018,Michoacán de Ocampo,Maravatío,U3,Horizontal,1,050,16
2018,México,Tultepec,U2,Horizontal,149,108,15
2018,Oaxaca,Guadalupe Etla,FC,Horizontal,2,033,20
2018,Jalisco,Lagos de Moreno,U3,Horizontal,398,053,14
2018,Nuevo León,Apodaca,U1,Horizontal,631,006,19
2018,Coahuila de Zaragoza,Frontera,U2,Horizontal,23,010,05
2020,Coahuila de Zaragoza,Francisco I. Madero,U1,Horizontal,189,009,05
2018,Nuevo León,Salinas Victoria,U2,Horizontal,588,045,19
2018,Sonora,Navojoa,U3,Horizontal,92,042,26
2020,Coahuila de Zaragoza,San Juan de Sabinas,U3,Horizontal,39,032,05
2019,Yucatán,Umán,U2,Horizontal,138,101,31
2018,Jalisco,Puerto Vallarta,U2,Horizontal,59,067,14
2018,Coahuila de Zaragoza,Acuña,U1,Horizontal,89,002,05
2019,Oaxaca,Heroica Ciudad de Huajuapan de León,FC,Horizontal,3,039,20
2019,Yucatán,Mérida,U3,Vertical,120,050,31
2018,Tlaxcala,Tlaxcala,U2,Vertical,88,033,29
2019,Durango,Durango,U2,Horizontal,120,005,10
2018,Hidalgo,Tepeji del Río de Ocampo,U3,Vertical,359,063,13
2020,Jalisco,Ameca,U2,Horizontal,2,006,14
2020,Coahuila de Zaragoza,General Cepeda,FC,Horizontal,4,011,05
2018,Sonora,Guaymas,U3,Horizontal,26,029,26
2019,Michoacán de Ocampo,Jiquilpan,U1,Horizontal,1,045,16
2018,Coahuila de Zaragoza,Frontera,U1,Horizontal,183,010,05
2018,Nuevo León,El Carmen,U3,Horizontal,1427,010,19
2019,Querétaro,Corregidora,U3,Horizontal,34,006,22
2020,Nayarit,Xalisco,U2,Vertical,5,008,18
2018,Jalisco,La Barca,U2,Horizontal,2,018,14
2020,Nuevo León,Apodaca,FC,Horizontal,217,006,19
2018,Jalisco,Ameca,U1,Horizontal,2,006,14
2018,Nuevo León,Guadalupe,U2,Horizontal,138,026,19
2018,Jalisco,San Diego de Alejandría,FC,Horizontal,1,072,14
2019,Puebla,Puebla,U3,Horizontal,190,114,21
2018,Hidalgo,Atotonilco de Tula,FC,Horizontal,173,013,13
2020,Michoacán de Ocampo,Lázaro Cárdenas,U2,Horizontal,88,052,16
2020,Yucatán,Baca,FC,Horizontal,2,004,31
2018,Chiapas,Chiapa de Corzo,U3,Horizontal,1,027,07
2018,Veracruz de Ignacio de la Llave,Córdoba,U3,Horizontal,78,044,30
2019,Hidalgo,Atotonilco de Tula,FC,Horizontal,134,013,13
2020,Jalisco,Tala,U3,Horizontal,125,083,14
2019,Coahuila de Zaragoza,Múzquiz,U3,Horizontal,31,020,05
2018,Tabasco,Nacajuca,U1,Vertical,320,013,27
2018,Chiapas,Tapachula,U3,Vertical,30,089,07
2019,Oaxaca,Santa María Huatulco,U3,Vertical,88,413,20
2020,Puebla,Izúcar de Matamoros,U2,Horizontal,6,085,21
2019,Quintana Roo,Cozumel,U3,Horizontal,69,001,23
2018,Nuevo León,Ciénega de Flores,FC,Horizontal,162,012,19
2018,Tabasco,Huimanguillo,U2,Vertical,30,008,27
2018,Nuevo León,Juárez,U1,Horizontal,174,031,19
2020,Nuevo León,Pesquería,U2,Horizontal,208,041,19
2019,Tlaxcala,Xaloztoc,U1,Horizontal,4,039,29
2019,Colima,Coquimatlán,U3,Horizontal,8,004,06
2018,Jalisco,Tonalá,U2,Horizontal,33,101,14
2020,Guanajuato,Dolores Hidalgo Cuna de la Independencia Nacional,U2,Horizontal,16,014,11
2018,Yucatán,Mérida,U1,Horizontal,134,050,31
2018,Chihuahua,Aquiles Serdán,U3,Horizontal,71,004,08
2018,Tamaulipas,Reynosa,U1,Horizontal,132,032,28
2020,Tabasco,Nacajuca,U3,Vertical,256,013,27
2018,Ciudad de México,Gustavo A. Madero,U1,Vertical,130,005,09
2020,Oaxaca,San Juan Bautista Tuxtepec,U2,Vertical,24,184,20
2019,Coahuila de Zaragoza,Matamoros,U3,Vertical,80,017,05
2020,Coahuila de Zaragoza,Monclova,U3,Horizontal,63,018,05
2019,Jalisco,Tonalá,U3,Horizontal,127,101,14
2020,Nuevo León,Salinas Victoria,U2,Vertical,84,045,19
2018,Coahuila de Zaragoza,Arteaga,U2,Horizontal,4,004,05
2020,Veracruz de Ignacio de la Llave,Papantla,U1,Horizontal,1,124,30
2019,Nuevo León,Sabinas Hidalgo,U1,Horizontal,5,044,19
2019,Durango,Gómez Palacio,U1,Horizontal,71,007,10
2020,San Luis Potosí,Tamazunchale,U3,Horizontal,3,037,24
2020,Guanajuato,San José Iturbide,FC,Horizontal,45,032,11
2020,Chihuahua,Chihuahua,U1,Horizontal,16,019,08
2018,Michoacán de Ocampo,Jiquilpan,U1,Horizontal,2,045,16
2020,Puebla,Cuautlancingo,U2,Horizontal,1,041,21
2020,Coahuila de Zaragoza,Frontera,U1,Horizontal,79,010,05
2020,Jalisco,Zapopan,U3,Horizontal,390,120,14
2018,Guanajuato,Irapuato,FC,Horizontal,304,017,11
2019,Veracruz de Ignacio de la Llave,Xalapa,U1,Horizontal,1,087,30
2018,Tlaxcala,Santa Cruz Tlaxcala,U2,Vertical,156,026,29
2020,Chihuahua,Guachochi,U3,Horizontal,8,027,08
2019,Coahuila de Zaragoza,Sacramento,FC,Horizontal,13,029,05
2019,Nayarit,Tepic,U3,Vertical,6,017,18
2018,Colima,Cuauhtémoc,FC,Horizontal,3,005,06
2018,Aguascalientes,Jesús María,U1,Horizontal,45,005,01
2020,Michoacán de Ocampo,Zitácuaro,U2,Horizontal,2,112,16
2020,México,La Paz,U1,Horizontal,6,070,15
2019,Oaxaca,Salina Cruz,U3,Horizontal,1,079,20
2018,Puebla,Cuautlancingo,U1,Horizontal,162,041,21
2019,Zacatecas,Pinos,FC,Vertical,2,038,32
2018,México,Acolman,U3,Vertical,60,002,15
2018,México,Tecámac,U1,Horizontal,204,081,15
2019,Hidalgo,Apan,U2,Horizontal,4,008,13
2018,Aguascalientes,Pabellón de Arteaga,U3,Horizontal,18,006,01
2019,Zacatecas,Guadalupe,FC,Horizontal,352,017,32
2019,Quintana Roo,Benito Juárez,U3,Vertical,3141,005,23
2018,Chihuahua,Cuauhtémoc,U3,Horizontal,124,017,08
2018,Quintana Roo,Cozumel,U3,Horizontal,53,001,23
2018,Zacatecas,Guadalupe,FC,Horizontal,264,017,32
2020,Jalisco,Ojuelos de Jalisco,FC,Horizontal,1,064,14
2020,Chihuahua,Camargo,U1,Horizontal,16,011,08
2018,Tlaxcala,Cuapiaxtla,FC,Horizontal,1,008,29
2019,Baja California,Ensenada,U2,Horizontal,2,001,02
2019,Puebla,Huauchinango,U2,Horizontal,2,071,21
2020,Zacatecas,Calera,U3,Horizontal,29,005,32
2020,Jalisco,Tlajomulco de Zúñiga,U3,Vertical,939,097,14
2019,Jalisco,Sayula,U1,Horizontal,1,082,14
2019,México,Cuautitlán Izcalli,U2,Vertical,19,121,15
2019,Veracruz de Ignacio de la Llave,Veracruz,FC,Vertical,90,193,30
2019,San Luis Potosí,Rioverde,U1,Horizontal,9,024,24
2019,Tamaulipas,Reynosa,U3,Vertical,28,032,28
2018,Puebla,Cuautlancingo,U2,Vertical,144,041,21
2018,Coahuila de Zaragoza,Matamoros,U3,Vertical,80,017,05
2019,Guanajuato,Salamanca,U3,Vertical,54,027,11
2020,Puebla,Amozoc,U2,Horizontal,3,015,21
2020,Chiapas,Tapachula,FC,Horizontal,99,089,07
2018,Yucatán,Umán,U1,Horizontal,153,101,31
2020,Baja California,Ensenada,U2,Horizontal,9,001,02
2019,Chiapas,Villaflores,U3,Horizontal,107,108,07
2019,Guanajuato,San Luis de la Paz,U3,Vertical,30,033,11
2019,Querétaro,El Marqués,U3,Vertical,270,011,22
2018,Veracruz de Ignacio de la Llave,Xalapa,FC,Horizontal,2,087,30
2020,Tabasco,Teapa,FC,Horizontal,1,016,27
2018,Querétaro,Querétaro,U2,Horizontal,1126,014,22
2019,Nuevo León,Guadalupe,U1,Vertical,8,026,19
2019,Hidalgo,Atotonilco de Tula,FC,Vertical,443,013,13
2019,Puebla,Tehuacán,U3,Horizontal,146,156,21
2020,Guerrero,Acapulco de Juárez,U2,Horizontal,5,001,12
2019,Jalisco,La Barca,U3,Vertical,150,018,14
2018,Guerrero,Acapulco de Juárez,U2,Vertical,180,001,12
2018,Morelos,Jojutla,FC,Vertical,3,012,17
2019,Chiapas,Tonalá,U2,Horizontal,22,097,07
2020,Coahuila de Zaragoza,Saltillo,U2,Horizontal,619,030,05
2019,Colima,Colima,FC,Horizontal,3,002,06
2018,Guanajuato,Guanajuato,U2,Horizontal,44,015,11
2018,Michoacán de Ocampo,Uruapan,U1,Horizontal,7,102,16
2019,Querétaro,Corregidora,U3,Vertical,6,006,22
2019,Puebla,Teziutlán,U2,Vertical,59,174,21
2020,Nuevo León,Apodaca,U1,Horizontal,220,006,19
2020,Guerrero,Chilpancingo de los Bravo,U3,Horizontal,30,029,12
2019,Hidalgo,Zempoala,FC,Horizontal,837,083,13
2019,Veracruz de Ignacio de la Llave,Veracruz,U2,Vertical,282,193,30
2020,Chihuahua,Delicias,U3,Horizontal,61,021,08
2018,México,Tecámac,U3,Vertical,312,081,15
2019,Tlaxcala,Contla de Juan Cuamatzi,U2,Horizontal,1,018,29
2019,México,Jilotepec,FC,Horizontal,6,045,15
2019,Coahuila de Zaragoza,General Cepeda,FC,Horizontal,5,011,05
2020,Guanajuato,Apaseo el Grande,FC,Horizontal,304,005,11
2018,Nuevo León,Cadereyta Jiménez,U1,Horizontal,14,009,19
2019,Michoacán de Ocampo,Morelia,U3,Horizontal,902,053,16
2019,Jalisco,Zapotlanejo,U2,Horizontal,5,124,14
2019,Colima,Villa de Álvarez,U3,Horizontal,320,010,06
2020,Chiapas,Berriozábal,FC,Vertical,24,012,07
2018,Sonora,Guaymas,U2,Horizontal,305,029,26
2020,Oaxaca,Heroica Ciudad de Huajuapan de León,U3,Horizontal,13,039,20
2020,Guanajuato,Celaya,U2,Horizontal,282,007,11
2019,Veracruz de Ignacio de la Llave,Medellín de Bravo,U3,Vertical,386,105,30
2018,Chihuahua,Cuauhtémoc,FC,Horizontal,1,017,08
2019,Zacatecas,Guadalupe,U2,Horizontal,68,017,32
2020,Sonora,Hermosillo,U2,Vertical,6,030,26
2020,Nuevo León,Linares,U2,Horizontal,71,033,19
2018,México,Almoloya de Juárez,FC,Horizontal,169,005,15
2019,Baja California Sur,Los Cabos,U1,Vertical,84,008,03
2018,México,Tlalmanalco,U3,Horizontal,70,103,15
2018,Baja California Sur,Los Cabos,U2,Horizontal,100,008,03
2018,Oaxaca,Cuilápam de Guerrero,FC,Horizontal,2,023,20
2019,Nuevo León,Juárez,U3,Horizontal,5291,031,19
2019,Puebla,San Martín Texmelucan,U1,Vertical,10,132,21
2018,México,Almoloya de Juárez,U3,Horizontal,82,005,15
2019,Hidalgo,Cuautepec de Hinojosa,U3,Horizontal,26,016,13
2018,Hidalgo,Huichapan,FC,Horizontal,4,029,13
2020,Colima,Cuauhtémoc,FC,Horizontal,3,005,06
2019,Chiapas,Tapachula,U1,Horizontal,6,089,07
2019,Coahuila de Zaragoza,Castaños,U2,Horizontal,20,006,05
2020,Coahuila de Zaragoza,Torreón,U1,Horizontal,68,035,05
2020,Michoacán de Ocampo,Morelia,U3,Horizontal,566,053,16
2018,Jalisco,Ocotlán,U3,Horizontal,478,063,14
2020,Jalisco,Tonalá,U3,Horizontal,10,101,14
2020,Durango,Durango,FC,Vertical,208,005,10
2018,Guanajuato,Irapuato,U3,Horizontal,458,017,11
2020,Hidalgo,Zempoala,U3,Horizontal,503,083,13
2019,Veracruz de Ignacio de la Llave,Medellín de Bravo,U3,Horizontal,37,105,30
2018,Quintana Roo,Solidaridad,U3,Horizontal,2719,008,23
2019,Nayarit,Bahía de Banderas,U2,Horizontal,163,020,18
2020,Guanajuato,Valle de Santiago,U2,Horizontal,7,042,11
2018,Oaxaca,San Raymundo Jalpan,U3,Horizontal,4,342,20
2019,Nuevo León,García,FC,Horizontal,21,018,19
2018,Yucatán,Tizimín,U1,Horizontal,5,096,31
2020,Ciudad de México,Gustavo A. Madero,U2,Vertical,138,005,09
2019,Nayarit,Compostela,U2,Horizontal,6,004,18
2018,Guanajuato,Apaseo el Grande,U1,Horizontal,4,005,11
2019,Coahuila de Zaragoza,Francisco I. Madero,U1,Horizontal,115,009,05
2019,Sinaloa,Navolato,FC,Horizontal,6,018,25
2018,Tlaxcala,Apizaco,U2,Horizontal,23,005,29
2020,Sonora,San Luis Río Colorado,U3,Horizontal,35,055,26
2018,Jalisco,Tonalá,U3,Horizontal,529,101,14
2018,Jalisco,San Pedro Tlaquepaque,U2,Horizontal,352,098,14
2018,Ciudad de México,Iztapalapa,U1,Vertical,154,007,09
2020,Quintana Roo,Cozumel,U2,Horizontal,52,001,23
2020,Guanajuato,Irapuato,U3,Vertical,180,017,11
2020,Veracruz de Ignacio de la Llave,San Andrés Tuxtla,U3,Horizontal,78,141,30
2018,Coahuila de Zaragoza,San Juan de Sabinas,FC,Horizontal,24,032,05
2019,Ciudad de México,Coyoacán,U1,Vertical,4,003,09
2018,Aguascalientes,Aguascalientes,U3,Vertical,18,001,01
2018,Coahuila de Zaragoza,Parras,U2,Horizontal,96,024,05
2019,Chiapas,Comitán de Domínguez,U3,Horizontal,45,019,07
2020,Sinaloa,Culiacán,U1,Horizontal,416,006,25
2019,Oaxaca,Heroica Ciudad de Huajuapan de León,U1,Horizontal,2,039,20
2018,Colima,Villa de Álvarez,FC,Horizontal,1,010,06
2018,Zacatecas,Pinos,FC,Horizontal,7,038,32
2019,Michoacán de Ocampo,Zacapu,U2,Horizontal,12,107,16
2019,Chihuahua,Chihuahua,U2,Horizontal,1400,019,08
2018,Tlaxcala,Tlaxcala,U1,Vertical,32,033,29
2020,Michoacán de Ocampo,Hidalgo,U3,Horizontal,233,034,16
2020,Chiapas,Tuxtla Gutiérrez,U3,Horizontal,38,101,07
2019,Hidalgo,Tizayuca,U2,Vertical,311,069,13
2019,Querétaro,El Marqués,FC,Vertical,852,011,22
2018,Oaxaca,Oaxaca de Juárez,U2,Vertical,1,067,20
2018,Colima,Villa de Álvarez,U3,Vertical,3,010,06
2020,Ciudad de México,Azcapotzalco,U1,Vertical,104,002,09
2020,Michoacán de Ocampo,Zinapécuaro,U3,Horizontal,9,110,16
2019,Tamaulipas,Victoria,U2,Horizontal,25,041,28
2019,Michoacán de Ocampo,Pátzcuaro,U3,Horizontal,1,066,16
2020,México,Chalco,U3,Vertical,83,025,15
2020,Veracruz de Ignacio de la Llave,Córdoba,FC,Horizontal,2,044,30
2020,Michoacán de Ocampo,Sahuayo,U2,Horizontal,5,076,16
2018,Oaxaca,San Jacinto Amilpas,U2,Vertical,6,157,20
2018,Tamaulipas,Reynosa,U3,Horizontal,1767,032,28
2020,Jalisco,Zapopan,U3,Vertical,942,120,14
2019,Morelos,Xochitepec,FC,Horizontal,156,028,17
2020,Guerrero,Iguala de la Independencia,U2,Horizontal,25,035,12
2019,Morelos,Xochitepec,U3,Horizontal,27,028,17
2018,Michoacán de Ocampo,Morelia,U3,Vertical,791,053,16
2019,México,Tecámac,U2,Vertical,282,081,15
2019,Puebla,Tianguismanalco,FC,Vertical,56,175,21
2018,Nayarit,Santiago Ixcuintla,U3,Horizontal,19,015,18
2020,Tlaxcala,Xaloztoc,U1,Horizontal,4,039,29
2019,Nuevo León,Pesquería,U3,Horizontal,1149,041,19
2019,Michoacán de Ocampo,Apatzingán,U1,Horizontal,1,006,16
2020,Baja California Sur,La Paz,U3,Vertical,48,003,03
2019,Tabasco,Nacajuca,U1,Vertical,376,013,27
2018,Oaxaca,Santo Domingo Tehuantepec,U2,Horizontal,2,515,20
2018,Nayarit,Bahía de Banderas,U3,Vertical,144,020,18
2019,Ciudad de México,Iztapalapa,U2,Vertical,68,007,09
2018,Veracruz de Ignacio de la Llave,Córdoba,U1,Horizontal,48,044,30
2019,Veracruz de Ignacio de la Llave,San Andrés Tuxtla,U1,Vertical,16,141,30
2020,Coahuila de Zaragoza,Piedras Negras,U2,Horizontal,87,025,05
2018,San Luis Potosí,Soledad de Graciano Sánchez,U1,Vertical,12,035,24
2018,Nayarit,Bahía de Banderas,FC,Horizontal,10,020,18
2020,Tlaxcala,Tlaxcala,U2,Horizontal,44,033,29
2020,Coahuila de Zaragoza,Múzquiz,U3,Horizontal,50,020,05
2018,Nayarit,Tepic,U1,Horizontal,3,017,18
2019,Guanajuato,San Felipe,U3,Horizontal,98,030,11
2018,Jalisco,Tonalá,U2,Vertical,92,101,14
2018,Tamaulipas,Victoria,U2,Horizontal,116,041,28
2018,Querétaro,Querétaro,U2,Vertical,109,014,22
2018,Nayarit,Compostela,U1,Horizontal,10,004,18
2019,Chiapas,Tapachula,U3,Horizontal,124,089,07
2019,Sonora,San Luis Río Colorado,U1,Horizontal,3,055,26
2018,Jalisco,Ocotlán,U2,Horizontal,14,063,14
2018,Sonora,Cajeme,FC,Horizontal,34,018,26
2019,Oaxaca,Heroica Ciudad de Huajuapan de León,U2,Horizontal,1,039,20
2018,Tamaulipas,Altamira,U3,Horizontal,75,003,28
2018,Michoacán de Ocampo,Sahuayo,U1,Horizontal,5,076,16
2018,Aguascalientes,Pabellón de Arteaga,U2,Horizontal,6,006,01
2020,Chiapas,Arriaga,U2,Horizontal,5,009,07
2019,Michoacán de Ocampo,Lázaro Cárdenas,U2,Vertical,12,052,16
2018,Nuevo León,Sabinas Hidalgo,U1,Horizontal,4,044,19
2019,Sonora,Cananea,FC,Horizontal,15,019,26
2020,Aguascalientes,Rincón de Romos,U1,Horizontal,28,007,01
2018,Sinaloa,Salvador Alvarado,U3,Horizontal,127,015,25
2018,Jalisco,El Arenal,FC,Horizontal,20,009,14
2018,Guanajuato,Moroleón,U2,Horizontal,4,021,11
2018,Nuevo León,El Carmen,U2,Horizontal,1896,010,19
2019,Tabasco,Centro,U3,Vertical,48,004,27
2019,Ciudad de México,Miguel Hidalgo,U2,Vertical,1,016,09
2020,Morelos,Yautepec,U3,Horizontal,37,029,17
2018,Jalisco,Zapopan,FC,Horizontal,499,120,14
2019,Puebla,Tehuacán,U3,Vertical,108,156,21
2019,Veracruz de Ignacio de la Llave,Pánuco,U2,Horizontal,2,123,30
2020,Jalisco,Zapotlán el Grande,U2,Horizontal,65,023,14
2018,Jalisco,Tuxpan,U3,Horizontal,1,108,14
2020,Tamaulipas,Altamira,U3,Horizontal,4,003,28
2020,Chiapas,Tonalá,U2,Horizontal,1,097,07
2018,Jalisco,El Salto,U1,Vertical,18,070,14
2019,Sonora,Nogales,U3,Vertical,54,043,26
2020,Ciudad de México,Coyoacán,U1,Vertical,1,003,09
2019,Tabasco,Nacajuca,U3,Horizontal,64,013,27
2020,Nuevo León,Salinas Victoria,U1,Horizontal,250,045,19
2020,Michoacán de Ocampo,Jacona,U2,Horizontal,9,043,16
2018,Michoacán de Ocampo,Pátzcuaro,FC,Horizontal,10,066,16
2019,Colima,Colima,U3,Horizontal,152,002,06
2018,Ciudad de México,Cuauhtémoc,U2,Vertical,406,015,09
2020,Sinaloa,Salvador Alvarado,U2,Horizontal,1,015,25
2019,Guanajuato,Villagrán,FC,Horizontal,112,044,11
2018,Nayarit,Compostela,U2,Horizontal,6,004,18
2018,Nuevo León,Juárez,U3,Horizontal,4384,031,19
2019,Jalisco,Zapopan,FC,Horizontal,614,120,14
2018,Veracruz de Ignacio de la Llave,Río Blanco,U3,Horizontal,66,138,30
2018,Campeche,Carmen,U2,Vertical,71,003,04
2018,Michoacán de Ocampo,Uruapan,U3,Horizontal,1,102,16
2020,Coahuila de Zaragoza,Nava,U2,Horizontal,86,022,05
2019,Guerrero,Acapulco de Juárez,U1,Horizontal,100,001,12
2020,Nuevo León,Anáhuac,U3,Horizontal,80,005,19
2019,Puebla,Chignautla,FC,Horizontal,1,054,21
2020,Sonora,Navojoa,U2,Horizontal,62,042,26
2018,Tamaulipas,Altamira,U3,Vertical,632,003,28
2019,Tlaxcala,Tlaxco,U3,Horizontal,8,034,29
2019,Quintana Roo,Solidaridad,U2,Horizontal,39,008,23
2018,Quintana Roo,Othón P. Blanco,U3,Horizontal,557,004,23
2020,Tamaulipas,Tampico,U2,Horizontal,3,038,28
2018,Tlaxcala,Huamantla,U2,Vertical,51,013,29
2018,Morelos,Zacatepec,FC,Horizontal,37,031,17
2020,Quintana Roo,Solidaridad,U3,Vertical,1289,008,23
2019,Aguascalientes,Aguascalientes,U3,Horizontal,2870,001,01
2018,Michoacán de Ocampo,Jiquilpan,FC,Horizontal,10,045,16
2020,Michoacán de Ocampo,Zinapécuaro,U2,Horizontal,1,110,16
2019,México,Coacalco de Berriozábal,U2,Vertical,9,020,15
2020,Chiapas,Tonalá,FC,Horizontal,16,097,07
2018,Michoacán de Ocampo,Morelia,U2,Vertical,938,053,16
2019,Tamaulipas,Reynosa,U1,Horizontal,23,032,28
2018,México,Huehuetoca,U2,Horizontal,262,035,15
2020,Jalisco,Tala,U1,Horizontal,18,083,14
2018,Puebla,Zacapoaxtla,U1,Horizontal,1,207,21
2019,Chihuahua,Camargo,U1,Horizontal,9,011,08
2018,Hidalgo,Tizayuca,U2,Horizontal,367,069,13
2018,Nuevo León,García,U3,Vertical,284,018,19
2019,Baja California Sur,Comondú,U3,Horizontal,7,001,03
2018,Nayarit,Santiago Ixcuintla,FC,Horizontal,5,015,18
2019,San Luis Potosí,Tamazunchale,U3,Horizontal,2,037,24
2019,Sinaloa,Navolato,FC,Vertical,1,018,25
2018,Guanajuato,Salvatierra,U2,Horizontal,11,028,11
2019,Nuevo León,General Escobedo,U1,Horizontal,263,021,19
2018,Nuevo León,Apodaca,FC,Horizontal,236,006,19
2020,México,Coacalco de Berriozábal,U2,Vertical,72,020,15
2019,Coahuila de Zaragoza,Allende,U2,Horizontal,111,003,05
2018,Coahuila de Zaragoza,Ramos Arizpe,U1,Horizontal,83,027,05
2020,Guanajuato,León,U2,Vertical,247,020,11
2020,Nuevo León,Salinas Victoria,U3,Horizontal,507,045,19
2019,Chiapas,Cacahoatán,U2,Horizontal,1,015,07
2020,Baja California Sur,Los Cabos,U3,Horizontal,28,008,03
2019,Yucatán,Umán,U1,Horizontal,364,101,31
2018,Colima,Colima,U2,Vertical,9,002,06
2020,Yucatán,Mérida,U3,Horizontal,2083,050,31
2020,Jalisco,Tlajomulco de Zúñiga,U2,Horizontal,158,097,14
2019,Michoacán de Ocampo,La Piedad,U3,Horizontal,50,069,16
2018,Zacatecas,Fresnillo,U1,Horizontal,74,010,32
2018,Ciudad de México,Coyoacán,U2,Vertical,123,003,09
2018,Yucatán,Motul,U2,Vertical,8,052,31
2018,México,Huehuetoca,U2,Vertical,324,035,15
2020,Morelos,Emiliano Zapata,U3,Vertical,16,008,17
2020,Puebla,Atlixco,FC,Vertical,128,019,21
2019,San Luis Potosí,Rioverde,U2,Horizontal,15,024,24
2020,Colima,Colima,U3,Horizontal,83,002,06
2018,Chiapas,Tuxtla Gutiérrez,FC,Horizontal,59,101,07
2019,Guanajuato,Moroleón,U2,Horizontal,4,021,11
2019,Colima,Villa de Álvarez,U3,Vertical,3,010,06
2018,Tamaulipas,El Mante,U2,Horizontal,42,021,28
2019,Puebla,Izúcar de Matamoros,U2,Vertical,3,085,21
2018,Chiapas,Villaflores,U2,Horizontal,6,108,07
2019,Sinaloa,Salvador Alvarado,U2,Horizontal,10,015,25
2019,Hidalgo,Pachuca de Soto,U3,Horizontal,282,048,13
2019,Tabasco,Paraíso,FC,Horizontal,1,014,27
2019,Nayarit,Xalisco,U3,Vertical,54,008,18
2018,Guanajuato,Celaya,FC,Horizontal,186,007,11
2018,Puebla,Tehuacán,U1,Horizontal,63,156,21
2020,Jalisco,Juanacatlán,FC,Horizontal,205,051,14
2018,Coahuila de Zaragoza,Múzquiz,U2,Horizontal,17,020,05
2018,Guanajuato,San Francisco del Rincón,U2,Horizontal,20,031,11
2018,Sonora,Nogales,U3,Horizontal,253,043,26
2018,Ciudad de México,Iztapalapa,U2,Vertical,88,007,09
2020,Zacatecas,Guadalupe,FC,Horizontal,133,017,32
2019,Ciudad de México,Gustavo A. Madero,U2,Vertical,115,005,09
2020,Quintana Roo,Benito Juárez,U2,Horizontal,422,005,23
2018,Michoacán de Ocampo,Jacona,U2,Horizontal,10,043,16
2019,Nuevo León,García,U1,Horizontal,78,018,19
2020,Veracruz de Ignacio de la Llave,Tierra Blanca,U2,Horizontal,1,174,30
2019,Michoacán de Ocampo,Tarímbaro,U3,Horizontal,107,088,16
2019,Jalisco,Puerto Vallarta,U2,Horizontal,39,067,14
2020,Nayarit,Bahía de Banderas,U3,Vertical,445,020,18
2019,Tlaxcala,Cuapiaxtla,FC,Horizontal,1,008,29
2019,Hidalgo,Tizayuca,U3,Vertical,504,069,13
2020,Nayarit,Compostela,U3,Horizontal,10,004,18
2019,Nuevo León,Cadereyta Jiménez,FC,Horizontal,927,009,19
2018,Querétaro,San Juan del Río,U3,Horizontal,467,016,22
2019,Baja California,Mexicali,U1,Vertical,27,002,02
2018,Chiapas,Berriozábal,U2,Vertical,32,012,07
2020,Colima,Comala,FC,Horizontal,1,003,06
2019,Jalisco,Tlajomulco de Zúñiga,FC,Horizontal,460,097,14
2018,México,Xonacatlán,U3,Horizontal,20,115,15
2019,Guanajuato,Irapuato,U2,Vertical,360,017,11
2020,Chiapas,Arriaga,U1,Horizontal,5,009,07
2018,Puebla,Teziutlán,U2,Vertical,95,174,21
2018,Tlaxcala,Santa Cruz Tlaxcala,U1,Horizontal,96,026,29
2020,Jalisco,Tonalá,FC,Horizontal,285,101,14
2018,Veracruz de Ignacio de la Llave,Medellín de Bravo,U3,Vertical,280,105,30
2018,Sonora,San Luis Río Colorado,U3,Horizontal,32,055,26
2019,Campeche,Calkiní,U3,Horizontal,5,001,04
2020,Quintana Roo,Benito Juárez,U3,Horizontal,2022,005,23
2019,Veracruz de Ignacio de la Llave,Ixtaczoquitlán,U3,Horizontal,22,085,30
2020,Durango,Durango,U2,Horizontal,100,005,10
2020,Tabasco,Teapa,U1,Horizontal,4,016,27
2020,Baja California Sur,Comondú,U1,Horizontal,1,001,03
2019,Michoacán de Ocampo,Lázaro Cárdenas,U2,Horizontal,5,052,16
2020,Zacatecas,Loreto,U1,Horizontal,2,024,32
2019,Michoacán de Ocampo,Hidalgo,FC,Horizontal,4,034,16
2018,Nayarit,Tepic,U3,Horizontal,121,017,18
2018,Michoacán de Ocampo,Numarán,U3,Horizontal,63,060,16
2018,Zacatecas,Jerez,U1,Horizontal,7,020,32
2020,Durango,Lerdo,U3,Horizontal,95,012,10
2019,México,Huehuetoca,U1,Horizontal,184,035,15
2020,Querétaro,Querétaro,U2,Horizontal,345,014,22
2018,Baja California Sur,Loreto,FC,Horizontal,2,009,03
2020,Chihuahua,Hidalgo del Parral,U2,Horizontal,64,032,08
2019,México,Zumpango,U3,Vertical,1273,120,15
2020,Nuevo León,Salinas Victoria,FC,Horizontal,54,045,19
2020,Puebla,Chignautla,U3,Horizontal,8,054,21
2020,Durango,Durango,U1,Horizontal,102,005,10
2019,Jalisco,El Arenal,FC,Vertical,129,009,14
2019,México,Chicoloapan,U2,Horizontal,50,029,15
2020,Guanajuato,Irapuato,U3,Horizontal,66,017,11
2019,Chiapas,Chiapa de Corzo,U2,Horizontal,1,027,07
2018,Quintana Roo,Solidaridad,U2,Vertical,121,008,23
2019,Nuevo León,Cadereyta Jiménez,U1,Horizontal,2,009,19
2019,Tabasco,Huimanguillo,U3,Vertical,40,008,27
2019,Tamaulipas,Altamira,U2,Horizontal,6,003,28
2020,Guanajuato,Apaseo el Grande,FC,Vertical,305,005,11
2019,Sinaloa,Navolato,U2,Vertical,1,018,25
2018,Zacatecas,Río Grande,U3,Horizontal,4,039,32
2018,Michoacán de Ocampo,Zamora,U3,Vertical,536,108,16
2020,Puebla,Huejotzingo,U3,Horizontal,402,074,21
2019,Aguascalientes,San Francisco de los Romo,U3,Horizontal,663,011,01
2018,Tabasco,Cunduacán,U3,Horizontal,1,006,27
2018,Baja California Sur,La Paz,FC,Horizontal,67,003,03
2018,Nayarit,Ixtlán del Río,U3,Horizontal,18,006,18
2019,Veracruz de Ignacio de la Llave,Coatepec,U1,Horizontal,56,038,30
2019,Jalisco,Zapopan,FC,Vertical,87,120,14
2019,Puebla,Coronango,U2,Vertical,592,034,21
2018,Jalisco,Tepatitlán de Morelos,FC,Horizontal,26,093,14
2019,Guanajuato,Abasolo,U2,Horizontal,3,001,11
2019,Tamaulipas,Ciudad Madero,U2,Horizontal,18,009,28
2018,Hidalgo,Tulancingo de Bravo,U2,Horizontal,7,077,13
2018,México,Huehuetoca,U3,Vertical,720,035,15
2018,Nayarit,Tepic,U2,Vertical,3,017,18
2019,Hidalgo,Atotonilco de Tula,U1,Horizontal,468,013,13
2018,Puebla,Atlixco,U3,Horizontal,68,019,21
2020,Puebla,Puebla,U2,Horizontal,102,114,21
2019,Sonora,Empalme,U1,Horizontal,1,025,26
2020,Puebla,Hueytamalco,FC,Horizontal,1,076,21
2019,Ciudad de México,Venustiano Carranza,U2,Vertical,47,017,09
2019,Oaxaca,Santa Cruz Xoxocotlán,U1,Horizontal,1,385,20
2019,Tabasco,Huimanguillo,FC,Horizontal,5,008,27
2019,Quintana Roo,Benito Juárez,U3,Horizontal,2458,005,23
2018,Veracruz de Ignacio de la Llave,Xalapa,U2,Horizontal,5,087,30
2019,México,Huehuetoca,U3,Horizontal,597,035,15
2020,Colima,Villa de Álvarez,U3,Horizontal,469,010,06
2019,Coahuila de Zaragoza,Múzquiz,U1,Horizontal,34,020,05
2020,Jalisco,Sayula,U1,Horizontal,1,082,14
2020,Jalisco,Ixtlahuacán de los Membrillos,U3,Vertical,12,044,14
2019,Guanajuato,Apaseo el Grande,FC,Horizontal,115,005,11
2018,Chiapas,Tuxtla Gutiérrez,FC,Vertical,60,101,07
2020,Aguascalientes,Rincón de Romos,U2,Horizontal,84,007,01
2019,Sinaloa,Mazatlán,U1,Vertical,13,012,25
2020,Jalisco,Zapopan,U1,Vertical,63,120,14
2020,Sonora,Santa Ana,FC,Horizontal,1,058,26
2019,Chihuahua,Cuauhtémoc,U3,Horizontal,378,017,08
2020,Veracruz de Ignacio de la Llave,Papantla,U3,Horizontal,3,124,30
2019,Michoacán de Ocampo,Pátzcuaro,U2,Horizontal,14,066,16
2018,Aguascalientes,Jesús María,U2,Vertical,6,005,01
2019,Jalisco,Guadalajara,U1,Vertical,164,039,14
2018,Yucatán,Mérida,U2,Horizontal,1748,050,31
2018,Michoacán de Ocampo,Morelia,FC,Horizontal,58,053,16
2019,Chiapas,Tuxtla Gutiérrez,FC,Horizontal,52,101,07
2018,Coahuila de Zaragoza,Matamoros,U2,Horizontal,38,017,05
2018,Morelos,Emiliano Zapata,U2,Horizontal,46,008,17
2020,Michoacán de Ocampo,Apatzingán,U2,Horizontal,1,006,16
2018,Coahuila de Zaragoza,San Pedro,U3,Horizontal,1,033,05
2018,Coahuila de Zaragoza,Monclova,U3,Horizontal,34,018,05
2018,Puebla,Puebla,FC,Vertical,55,114,21
2018,Tlaxcala,Yauhquemehcan,U2,Horizontal,11,043,29
2019,Morelos,Jiutepec,U2,Vertical,21,011,17
2019,Aguascalientes,San Francisco de los Romo,FC,Horizontal,92,011,01
2020,Querétaro,Pedro Escobedo,FC,Horizontal,57,012,22
2020,Sonora,Cananea,U3,Horizontal,24,019,26
2019,Tamaulipas,Altamira,U3,Horizontal,29,003,28
2020,México,Huehuetoca,U2,Horizontal,10,035,15
2020,Ciudad de México,Álvaro Obregón,U2,Vertical,14,010,09
2019,Chihuahua,Jiménez,U2,Horizontal,13,036,08
2020,Nuevo León,Pesquería,U3,Horizontal,820,041,19
2019,Campeche,Calkiní,FC,Horizontal,10,001,04
2019,Quintana Roo,Benito Juárez,U2,Horizontal,930,005,23
2019,México,Huehuetoca,U3,Vertical,657,035,15
2018,Veracruz de Ignacio de la Llave,Veracruz,U2,Vertical,694,193,30
2020,Baja California Sur,La Paz,U3,Horizontal,521,003,03
2018,Yucatán,Kanasín,U2,Horizontal,783,041,31
2020,México,Nextlalpan,U3,Vertical,93,059,15
2019,Jalisco,Tonalá,FC,Vertical,47,101,14
2020,Tlaxcala,Amaxac de Guerrero,FC,Horizontal,5,001,29
2020,Morelos,Yautepec,FC,Vertical,16,029,17
2020,San Luis Potosí,San Luis Potosí,FC,Vertical,3,028,24
2020,Puebla,Atlixco,U3,Horizontal,48,019,21
2020,Jalisco,Tlajomulco de Zúñiga,U1,Vertical,30,097,14
2018,Guanajuato,Purísima del Rincón,FC,Horizontal,13,025,11
2020,San Luis Potosí,Tamuín,U2,Horizontal,2,040,24
2020,Zacatecas,Guadalupe,U1,Horizontal,4,017,32
2020,Guerrero,Coyuca de Benítez,U2,Horizontal,9,021,12
2019,Veracruz de Ignacio de la Llave,Veracruz,U3,Vertical,1083,193,30
2020,Hidalgo,San Agustín Tlaxiaca,U2,Horizontal,2,052,13
2018,Oaxaca,Heroica Ciudad de Huajuapan de León,U3,Horizontal,3,039,20
2018,Hidalgo,Tizayuca,U3,Vertical,392,069,13
2020,Hidalgo,Mineral de la Reforma,U2,Horizontal,12,051,13
2018,Chihuahua,Guachochi,FC,Horizontal,106,027,08
2019,Guanajuato,Guanajuato,U3,Vertical,168,015,11
2019,Oaxaca,San Jacinto Amilpas,U1,Horizontal,23,157,20
2019,Puebla,Puebla,U1,Vertical,42,114,21
2019,Chiapas,Ocosingo,U2,Horizontal,6,059,07
2020,Aguascalientes,Calvillo,FC,Horizontal,2,003,01
2020,Coahuila de Zaragoza,Saltillo,U2,Vertical,396,030,05
2020,Guerrero,Coyuca de Benítez,FC,Horizontal,2,021,12
2019,Puebla,Cuautlancingo,U1,Horizontal,174,041,21
2019,Guanajuato,Acámbaro,FC,Horizontal,12,002,11
2018,Tabasco,Teapa,U3,Horizontal,3,016,27
2020,Zacatecas,Jerez,U3,Horizontal,3,020,32
2018,Guanajuato,Salamanca,U1,Horizontal,6,027,11
2020,Puebla,Tianguismanalco,FC,Vertical,104,175,21
2018,Jalisco,Puerto Vallarta,FC,Vertical,420,067,14
2020,Puebla,Yaonáhuac,U2,Horizontal,1,204,21
2018,Querétaro,El Marqués,U3,Horizontal,433,011,22
2020,Nuevo León,Guadalupe,U3,Horizontal,157,026,19
2018,Guanajuato,Irapuato,U1,Horizontal,122,017,11
2018,Hidalgo,Atotonilco de Tula,U1,Vertical,1275,013,13
2019,Guanajuato,Celaya,FC,Horizontal,106,007,11
2020,Ciudad de México,Álvaro Obregón,U1,Vertical,2,010,09
2018,Michoacán de Ocampo,Tarímbaro,U2,Horizontal,2,088,16
2018,Veracruz de Ignacio de la Llave,Cosoleacaque,U2,Vertical,1,048,30
2020,Hidalgo,Apan,U3,Horizontal,3,008,13
2018,Nuevo León,García,U2,Vertical,4,018,19
2018,Oaxaca,Santa María Atzompa,U1,Horizontal,2,399,20
2019,Colima,Villa de Álvarez,U2,Horizontal,320,010,06
2019,Jalisco,San Juan de los Lagos,U2,Horizontal,20,073,14
2020,Baja California,Tijuana,U3,Vertical,703,004,02
2020,Coahuila de Zaragoza,Arteaga,U2,Horizontal,8,004,05
2018,San Luis Potosí,Ciudad Valles,U1,Horizontal,2,013,24
2018,San Luis Potosí,San Luis Potosí,U1,Vertical,48,028,24
2020,Sonora,San Luis Río Colorado,U2,Horizontal,135,055,26
2020,Zacatecas,Fresnillo,U1,Horizontal,6,010,32
2020,Guerrero,Acapulco de Juárez,U2,Vertical,15,001,12
2020,Coahuila de Zaragoza,Ramos Arizpe,U3,Horizontal,91,027,05
2019,Michoacán de Ocampo,Los Reyes,U2,Horizontal,22,075,16
2019,Veracruz de Ignacio de la Llave,Ixtaczoquitlán,U3,Vertical,266,085,30
2020,Jalisco,Poncitlán,U2,Horizontal,144,066,14
2020,Puebla,Puebla,U3,Vertical,771,114,21
2020,Nuevo León,Pesquería,FC,Vertical,60,041,19
2018,Jalisco,Ixtlahuacán del Río,FC,Horizontal,9,045,14
2019,Puebla,Tehuacán,U2,Vertical,89,156,21
2020,Jalisco,El Salto,FC,Horizontal,586,070,14
2019,Puebla,Atlixco,FC,Horizontal,1,019,21
2019,Nayarit,Tepic,U1,Horizontal,4,017,18
2020,Yucatán,Conkal,U3,Horizontal,32,013,31
2019,Sonora,Navojoa,U2,Horizontal,28,042,26
2020,Yucatán,Mérida,FC,Horizontal,37,050,31
2018,Jalisco,Lagos de Moreno,U2,Horizontal,374,053,14
2018,Michoacán de Ocampo,Morelia,U1,Horizontal,151,053,16
2018,Michoacán de Ocampo,Zamora,U2,Horizontal,13,108,16
2019,Michoacán de Ocampo,Morelia,U1,Horizontal,86,053,16
2018,Tlaxcala,Chiautempan,U2,Horizontal,4,010,29
2018,Guerrero,Iguala de la Independencia,U1,Horizontal,159,035,12
2018,Jalisco,San Pedro Tlaquepaque,U1,Horizontal,19,098,14
2019,Michoacán de Ocampo,Morelia,U1,Vertical,21,053,16
2020,Coahuila de Zaragoza,Castaños,U2,Horizontal,38,006,05
2018,México,Tonanitla,U3,Horizontal,314,125,15
2019,Veracruz de Ignacio de la Llave,Veracruz,U2,Horizontal,522,193,30
2018,Hidalgo,Ixmiquilpan,U2,Horizontal,3,030,13
2018,Michoacán de Ocampo,Zamora,FC,Horizontal,44,108,16
2020,Sonora,Nogales,U3,Horizontal,324,043,26
2020,Querétaro,Querétaro,U3,Horizontal,434,014,22
2019,Baja California,Tijuana,U3,Vertical,980,004,02
2018,Jalisco,Tala,U1,Horizontal,25,083,14
2018,Coahuila de Zaragoza,Nava,U1,Horizontal,10,022,05
2019,Chihuahua,Delicias,U1,Horizontal,104,021,08
2020,Guanajuato,Purísima del Rincón,FC,Horizontal,15,025,11
2019,Tlaxcala,Zacatelco,U1,Horizontal,4,044,29
2019,Puebla,Cuautlancingo,U2,Vertical,24,041,21
2018,Coahuila de Zaragoza,Piedras Negras,U2,Horizontal,172,025,05
2018,Hidalgo,Mineral de la Reforma,FC,Horizontal,404,051,13
2018,Tlaxcala,Yauhquemehcan,U3,Horizontal,2,043,29
2019,México,Tlalmanalco,U3,Vertical,88,103,15
2019,Veracruz de Ignacio de la Llave,San Andrés Tuxtla,U1,Horizontal,2,141,30
2020,Nuevo León,Sabinas Hidalgo,U1,Horizontal,1,044,19
2018,México,Huehuetoca,U3,Horizontal,519,035,15
2019,Quintana Roo,Solidaridad,U2,Vertical,65,008,23
2018,Jalisco,San Pedro Tlaquepaque,U2,Vertical,328,098,14
2019,Guanajuato,León,U3,Vertical,1128,020,11
2018,Nuevo León,General Escobedo,U3,Horizontal,569,021,19
2020,Zacatecas,Morelos,FC,Horizontal,4,032,32
2019,Jalisco,Zapotiltic,U3,Horizontal,45,121,14
2018,Chiapas,Palenque,U1,Horizontal,3,065,07
2018,Zacatecas,Guadalupe,U2,Horizontal,169,017,32
2020,México,Otzolotepec,FC,Horizontal,148,067,15
2020,Coahuila de Zaragoza,Saltillo,U1,Vertical,132,030,05
2018,Tabasco,Emiliano Zapata,U2,Horizontal,5,007,27
2018,Chiapas,Tuxtla Gutiérrez,U2,Vertical,290,101,07
2020,Yucatán,Umán,U3,Horizontal,162,101,31
2019,Coahuila de Zaragoza,Monclova,U2,Horizontal,153,018,05
2018,México,Toluca,U1,Horizontal,177,106,15
2018,Puebla,Tehuacán,U3,Horizontal,94,156,21
2020,Michoacán de Ocampo,La Piedad,U1,Horizontal,7,069,16
2020,Coahuila de Zaragoza,Zaragoza,FC,Horizontal,25,038,05
2020,Sonora,Cananea,U2,Horizontal,14,019,26
2019,Aguascalientes,Rincón de Romos,U3,Horizontal,8,007,01
2019,Guanajuato,San José Iturbide,FC,Horizontal,68,032,11
2018,Coahuila de Zaragoza,Francisco I. Madero,U2,Horizontal,2,009,05
2020,Sinaloa,Culiacán,U3,Horizontal,545,006,25
2020,Michoacán de Ocampo,Zitácuaro,U3,Horizontal,1,112,16
2020,Puebla,Teziutlán,U3,Horizontal,17,174,21
2018,Hidalgo,Apan,U2,Horizontal,10,008,13
2018,Jalisco,Zapopan,U1,Horizontal,6,120,14
2018,México,La Paz,U2,Horizontal,6,070,15
2018,Oaxaca,Heroica Ciudad de Huajuapan de León,FC,Horizontal,14,039,20
2020,Michoacán de Ocampo,Lázaro Cárdenas,U2,Vertical,12,052,16
2018,Veracruz de Ignacio de la Llave,Veracruz,U3,Vertical,1214,193,30
2018,Guerrero,Acapulco de Juárez,U3,Horizontal,95,001,12
2019,Nuevo León,Salinas Victoria,U2,Horizontal,187,045,19
2019,Nayarit,Santiago Ixcuintla,FC,Horizontal,1,015,18
2018,Puebla,Tecamachalco,U2,Vertical,2,154,21
2018,Veracruz de Ignacio de la Llave,Coatzacoalcos,U3,Horizontal,12,039,30
2018,Tamaulipas,Tampico,U1,Horizontal,51,038,28
2018,Jalisco,Puerto Vallarta,U3,Horizontal,90,067,14
2019,Ciudad de México,Álvaro Obregón,U1,Vertical,3,010,09
2018,Quintana Roo,Puerto Morelos,FC,Horizontal,505,011,23
2019,Sinaloa,Culiacán,FC,Horizontal,41,006,25
2018,Zacatecas,Calera,U3,Horizontal,9,005,32
2019,Guanajuato,Apaseo el Grande,FC,Vertical,470,005,11
2018,Chihuahua,Meoqui,U1,Horizontal,5,045,08
2018,Oaxaca,Oaxaca de Juárez,U2,Horizontal,1,067,20
2019,Veracruz de Ignacio de la Llave,Orizaba,U2,Horizontal,15,118,30
2018,Yucatán,Kanasín,U3,Horizontal,495,041,31
2018,Hidalgo,Pachuca de Soto,U2,Horizontal,161,048,13
2018,Morelos,Yecapixtla,FC,Vertical,4,030,17
2019,Baja California,Tecate,FC,Horizontal,5,003,02
2019,México,La Paz,U2,Horizontal,8,070,15
2020,Guerrero,Zihuatanejo de Azueta,FC,Horizontal,10,038,12
2018,Hidalgo,Mineral de la Reforma,U2,Horizontal,173,051,13
2018,Morelos,Emiliano Zapata,U3,Vertical,16,008,17
2019,Zacatecas,Zacatecas,U3,Horizontal,21,056,32
2020,Chihuahua,Hidalgo del Parral,U1,Horizontal,136,032,08
2020,México,Huixquilucan,U2,Vertical,54,037,15
2019,San Luis Potosí,San Luis Potosí,U1,Horizontal,120,028,24
2019,Chihuahua,Chihuahua,U1,Horizontal,10,019,08
2019,Morelos,Emiliano Zapata,U1,Horizontal,286,008,17
2019,Jalisco,El Salto,U3,Vertical,1193,070,14
2020,Oaxaca,Heroica Ciudad de Huajuapan de León,U1,Horizontal,12,039,20
2019,Coahuila de Zaragoza,Francisco I. Madero,U3,Horizontal,119,009,05
2018,Colima,Manzanillo,U2,Vertical,101,007,06
2018,Guerrero,Acapulco de Juárez,U3,Vertical,363,001,12
2020,Chiapas,Tuxtla Gutiérrez,U2,Vertical,73,101,07
2019,Tamaulipas,Ciudad Madero,U2,Vertical,6,009,28
2019,Zacatecas,Loreto,U2,Horizontal,5,024,32
2018,Chiapas,Cintalapa de Figueroa,U1,Horizontal,4,017,07
2018,Sinaloa,Mazatlán,U2,Horizontal,101,012,25
2020,Tlaxcala,Tlaxcala,U2,Vertical,26,033,29
2018,Nuevo León,Juárez,U2,Horizontal,3751,031,19
2020,México,Toluca,FC,Horizontal,23,106,15
2018,Hidalgo,Pachuca de Soto,FC,Horizontal,12,048,13
2018,Veracruz de Ignacio de la Llave,Veracruz,U3,Horizontal,683,193,30
2018,Yucatán,Umán,U3,Vertical,216,101,31
2020,Baja California,Tijuana,U1,Horizontal,10,004,02
2018,Puebla,San Andrés Cholula,U2,Vertical,40,119,21
2020,Chiapas,Pijijiapan,U3,Horizontal,1,069,07
2018,Michoacán de Ocampo,Los Reyes,U2,Vertical,4,075,16
2018,Tamaulipas,Nuevo Laredo,U2,Horizontal,90,027,28
2019,Chiapas,Tuxtla Gutiérrez,U1,Horizontal,3,101,07
2019,Guerrero,Acapulco de Juárez,U1,Vertical,257,001,12
2020,Veracruz de Ignacio de la Llave,Veracruz,U3,Vertical,1063,193,30
2018,Guanajuato,Salamanca,FC,Vertical,225,027,11
2020,Tlaxcala,Yauhquemehcan,U2,Horizontal,16,043,29
2020,Yucatán,Kanasín,FC,Horizontal,57,041,31
2020,Oaxaca,Santa María Huatulco,U3,Vertical,66,413,20
2018,Nuevo León,Cadereyta Jiménez,U3,Vertical,80,009,19
2019,Baja California Sur,Comondú,U2,Horizontal,14,001,03
2020,Guanajuato,Irapuato,U1,Horizontal,46,017,11
2018,México,Cuautitlán,U2,Horizontal,1,024,15
2018,Oaxaca,Tlacolula de Matamoros,U2,Vertical,40,551,20
2019,Aguascalientes,Aguascalientes,U2,Horizontal,1370,001,01
2018,Jalisco,El Arenal,FC,Vertical,255,009,14
2018,Sonora,Hermosillo,U1,Horizontal,94,030,26
2018,Jalisco,Zapopan,U3,Horizontal,767,120,14
2020,México,Acolman,U3,Horizontal,15,002,15
2020,Colima,Villa de Álvarez,U1,Horizontal,70,010,06
2018,Veracruz de Ignacio de la Llave,Boca del Río,U1,Vertical,1,028,30
2019,Jalisco,San Juan de los Lagos,U3,Horizontal,6,073,14
2019,Michoacán de Ocampo,Sahuayo,U3,Horizontal,10,076,16
2019,Guanajuato,León,U2,Horizontal,780,020,11
2019,Yucatán,Conkal,U3,Horizontal,55,013,31
2019,Sinaloa,Mazatlán,U3,Vertical,336,012,25
2018,Puebla,Puebla,U1,Vertical,3,114,21
2018,Jalisco,Ameca,U3,Horizontal,12,006,14
2020,Querétaro,San Juan del Río,U3,Horizontal,488,016,22
2019,Hidalgo,Zempoala,U3,Horizontal,81,083,13
2018,Coahuila de Zaragoza,Monclova,U2,Horizontal,88,018,05
2019,México,Coacalco de Berriozábal,U2,Horizontal,146,020,15
2018,Veracruz de Ignacio de la Llave,Tantoyuca,U3,Horizontal,1,155,30
2019,Baja California,Mexicali,U1,Horizontal,299,002,02
2020,Guanajuato,Irapuato,FC,Horizontal,144,017,11
2018,Baja California Sur,Loreto,U2,Horizontal,2,009,03
2018,Zacatecas,Morelos,FC,Horizontal,2,032,32
2019,Tabasco,Paraíso,U2,Horizontal,6,014,27
2019,Baja California,Mexicali,U2,Horizontal,452,002,02
2018,San Luis Potosí,Tamazunchale,U1,Horizontal,2,037,24
2018,Veracruz de Ignacio de la Llave,Coatzacoalcos,U2,Horizontal,76,039,30
2018,Puebla,Atempan,U1,Horizontal,1,017,21
2018,Zacatecas,Calera,U1,Horizontal,2,005,32
2018,Jalisco,Etzatlán,FC,Horizontal,1,036,14
2019,Tabasco,Centro,U2,Vertical,64,004,27
2020,Colima,Villa de Álvarez,U2,Vertical,12,010,06
2020,Tabasco,Emiliano Zapata,U1,Horizontal,1,007,27
2018,México,Chalco,U3,Horizontal,415,025,15
2019,Chihuahua,Nuevo Casas Grandes,U3,Horizontal,130,050,08
2019,Jalisco,Zapotlán el Grande,U3,Vertical,267,023,14
2019,Sonora,Caborca,U2,Horizontal,21,017,26
2020,Guanajuato,Irapuato,U2,Vertical,870,017,11
2019,Nuevo León,Linares,U2,Horizontal,78,033,19
2018,Yucatán,Mérida,FC,Horizontal,40,050,31
2018,Nuevo León,Salinas Victoria,U3,Horizontal,610,045,19
2018,Colima,Manzanillo,U2,Horizontal,488,007,06
2020,Colima,Villa de Álvarez,U2,Horizontal,179,010,06
2020,Hidalgo,Mineral de la Reforma,U3,Horizontal,848,051,13
2019,Nayarit,Santiago Ixcuintla,U3,Horizontal,18,015,18
2018,Jalisco,Tlajomulco de Zúñiga,U1,Vertical,36,097,14
2018,Sonora,Caborca,U3,Horizontal,76,017,26
2020,Guerrero,Acapulco de Juárez,FC,Horizontal,15,001,12
2019,Oaxaca,Santa Cruz Xoxocotlán,U3,Horizontal,20,385,20
2020,Veracruz de Ignacio de la Llave,Veracruz,U2,Horizontal,249,193,30
2018,Sonora,Empalme,U3,Horizontal,102,025,26
2020,Baja California,Tijuana,FC,Horizontal,180,004,02
2018,Jalisco,Acatlán de Juárez,FC,Horizontal,62,002,14
2019,Chiapas,Berriozábal,FC,Horizontal,10,012,07
2020,Chihuahua,Cuauhtémoc,U2,Horizontal,91,017,08
2018,Tlaxcala,Xaloztoc,U1,Vertical,30,039,29
2019,Sonora,Navojoa,U1,Horizontal,83,042,26
2020,México,Melchor Ocampo,U3,Vertical,60,053,15
2019,Tlaxcala,Contla de Juan Cuamatzi,U1,Horizontal,3,018,29
2020,Oaxaca,Santa María Atzompa,U1,Horizontal,4,399,20
2018,Puebla,San Martín Texmelucan,U2,Horizontal,4,132,21
2020,México,Zinacantepec,U3,Horizontal,88,118,15
2020,Guanajuato,Villagrán,U2,Horizontal,3,044,11
2020,Veracruz de Ignacio de la Llave,Pánuco,U3,Horizontal,1,123,30
2019,Michoacán de Ocampo,Vista Hermosa,FC,Horizontal,22,105,16
2019,Baja California,Tijuana,U3,Horizontal,878,004,02
2020,Baja California,Playas de Rosarito,FC,Horizontal,13,005,02
2020,Yucatán,Progreso,U2,Horizontal,1,059,31
2020,Nuevo León,García,U3,Horizontal,3929,018,19
2019,Hidalgo,Tulancingo de Bravo,U3,Horizontal,26,077,13
2020,Michoacán de Ocampo,Maravatío,U3,Horizontal,11,050,16
2020,Coahuila de Zaragoza,Villa Unión,FC,Horizontal,1,037,05
2019,Baja California Sur,Los Cabos,U3,Horizontal,111,008,03
2020,Chihuahua,Nuevo Casas Grandes,U1,Horizontal,15,050,08
2020,Nuevo León,San Nicolás de los Garza,U1,Vertical,1,046,19
2019,Chiapas,Escuintla,FC,Horizontal,4,032,07
2018,Hidalgo,San Agustín Tlaxiaca,U1,Horizontal,2,052,13
2019,Coahuila de Zaragoza,Nava,U3,Horizontal,32,022,05
2020,Hidalgo,Mineral de la Reforma,FC,Horizontal,203,051,13
2018,Tamaulipas,Río Bravo,U2,Horizontal,66,033,28
2019,Veracruz de Ignacio de la Llave,Cosoleacaque,U1,Vertical,36,048,30
2018,Ciudad de México,Azcapotzalco,U2,Vertical,101,002,09
2018,Veracruz de Ignacio de la Llave,Coatzacoalcos,U3,Vertical,16,039,30
2020,Zacatecas,Fresnillo,U3,Horizontal,12,010,32
2019,México,Tlalmanalco,U3,Horizontal,22,103,15
2020,Baja California Sur,Loreto,U2,Horizontal,1,009,03
2018,Baja California,Tijuana,U1,Vertical,185,004,02
2018,Aguascalientes,Calvillo,FC,Horizontal,1,003,01
2020,Guanajuato,Salamanca,FC,Horizontal,244,027,11
2019,Coahuila de Zaragoza,Monclova,U3,Horizontal,56,018,05
2019,México,Melchor Ocampo,U3,Horizontal,192,053,15
2019,Hidalgo,Mineral de la Reforma,FC,Horizontal,291,051,13
2019,Veracruz de Ignacio de la Llave,Huatusco,U2,Horizontal,1,071,30
2018,Puebla,Puebla,U1,Horizontal,2,114,21
2018,Guanajuato,Villagrán,FC,Horizontal,79,044,11
2018,Guanajuato,Silao de la Victoria,U2,Horizontal,196,037,11
2018,Tlaxcala,Huamantla,U2,Horizontal,4,013,29
2019,Guanajuato,Purísima del Rincón,FC,Horizontal,13,025,11
2020,México,Cuautitlán,U3,Horizontal,421,024,15
2018,Morelos,Ayala,U2,Horizontal,127,004,17
2019,Jalisco,Zapopan,U1,Horizontal,19,120,14
2020,Guanajuato,San Felipe,U3,Horizontal,50,030,11
2020,Tabasco,Jalpa de Méndez,U1,Horizontal,2,010,27
2019,Puebla,Coronango,U1,Horizontal,208,034,21
2019,Jalisco,Ameca,U1,Horizontal,1,006,14
2018,Oaxaca,Santa María Huatulco,U3,Vertical,56,413,20
2019,Puebla,Huejotzingo,U3,Vertical,872,074,21
2018,Tabasco,Nacajuca,U2,Horizontal,46,013,27
2019,Michoacán de Ocampo,Apatzingán,U2,Horizontal,1,006,16
2020,San Luis Potosí,San Luis Potosí,U1,Horizontal,72,028,24
2020,Quintana Roo,Solidaridad,U2,Horizontal,31,008,23
2020,Puebla,Tecamachalco,U2,Horizontal,48,154,21
2020,Baja California,Ensenada,U2,Vertical,10,001,02
2019,Puebla,San Martín Texmelucan,U2,Vertical,185,132,21
2018,Guerrero,Tixtla de Guerrero,U2,Horizontal,5,061,12
2019,Guerrero,Iguala de la Independencia,U2,Horizontal,1,035,12
2020,Coahuila de Zaragoza,Allende,U2,Horizontal,80,003,05
2019,Hidalgo,Zempoala,U1,Horizontal,35,083,13
2018,Jalisco,Tonalá,FC,Vertical,59,101,14
2018,Veracruz de Ignacio de la Llave,Emiliano Zapata,U3,Horizontal,86,065,30
2018,Morelos,Yautepec,FC,Horizontal,114,029,17
2018,Morelos,Ayala,U3,Horizontal,139,004,17
2020,Guanajuato,San Miguel de Allende,FC,Horizontal,31,003,11
2020,Michoacán de Ocampo,Apatzingán,U3,Horizontal,27,006,16
2018,Puebla,Izúcar de Matamoros,U2,Horizontal,39,085,21
2019,Yucatán,Kanasín,U3,Horizontal,666,041,31
2020,Michoacán de Ocampo,Zamora,U3,Horizontal,166,108,16
2020,Zacatecas,Jerez,U1,Horizontal,6,020,32
2018,Hidalgo,Tizayuca,U2,Vertical,625,069,13
2020,Guerrero,Acapulco de Juárez,U3,Horizontal,16,001,12
2020,Michoacán de Ocampo,Lázaro Cárdenas,U3,Horizontal,4,052,16
2020,Tabasco,Teapa,U3,Horizontal,1,016,27
2020,México,Tecámac,U3,Vertical,301,081,15
2018,Jalisco,Tlajomulco de Zúñiga,U2,Vertical,594,097,14
2020,Baja California Sur,Comondú,U3,Horizontal,11,001,03
2018,Veracruz de Ignacio de la Llave,Pánuco,U3,Horizontal,1,123,30
2020,Chiapas,Comitán de Domínguez,U3,Horizontal,6,019,07
2019,Sonora,Cajeme,U1,Horizontal,3,018,26
2018,Jalisco,Zapotlanejo,FC,Horizontal,6,124,14
2019,Jalisco,Zapotlán el Grande,U1,Horizontal,21,023,14
2019,Querétaro,Querétaro,U2,Horizontal,361,014,22
2018,Nuevo León,Ciénega de Flores,U2,Horizontal,1052,012,19
2018,Jalisco,San Juan de los Lagos,U1,Horizontal,2,073,14
2020,Michoacán de Ocampo,Zacapu,U1,Horizontal,1,107,16
2019,Sonora,Guaymas,FC,Horizontal,1,029,26
2019,Guerrero,Chilpancingo de los Bravo,U2,Horizontal,1,029,12
2018,Querétaro,Corregidora,FC,Horizontal,493,006,22
2019,Colima,Tecomán,U2,Horizontal,140,009,06
2020,Hidalgo,Tepeapulco,U2,Horizontal,4,061,13
2020,Jalisco,Tonalá,U3,Vertical,736,101,14
2019,Jalisco,Ocotlán,U1,Horizontal,28,063,14
2020,Puebla,Huejotzingo,U2,Vertical,72,074,21
2019,Morelos,Jiutepec,U1,Horizontal,38,011,17
2018,Querétaro,Querétaro,U1,Horizontal,211,014,22
2019,Veracruz de Ignacio de la Llave,Coatzacoalcos,U3,Horizontal,11,039,30
2019,Coahuila de Zaragoza,Matamoros,U3,Horizontal,255,017,05
2018,Oaxaca,Heroica Ciudad de Huajuapan de León,U2,Horizontal,3,039,20
2020,Morelos,Yecapixtla,FC,Vertical,900,030,17
2018,Oaxaca,Santa Cruz Xoxocotlán,U2,Horizontal,51,385,20
2020,Nuevo León,Cadereyta Jiménez,U2,Horizontal,3,009,19
2018,Michoacán de Ocampo,Pátzcuaro,U1,Horizontal,1,066,16
2020,San Luis Potosí,San Luis Potosí,U3,Horizontal,520,028,24
2020,Sinaloa,Rosario,U1,Horizontal,6,014,25
2020,Querétaro,El Marqués,FC,Horizontal,618,011,22
2019,Sinaloa,Mazatlán,U1,Horizontal,33,012,25
2019,Jalisco,Lagos de Moreno,U1,Horizontal,11,053,14
2019,San Luis Potosí,Soledad de Graciano Sánchez,FC,Horizontal,53,035,24
2020,Tamaulipas,Río Bravo,U2,Horizontal,125,033,28
2019,México,Chalco,U3,Horizontal,631,025,15
2018,Puebla,Puebla,U3,Horizontal,278,114,21
2019,Coahuila de Zaragoza,Saltillo,U1,Horizontal,211,030,05
2020,Puebla,Coronango,U3,Horizontal,118,034,21
2019,Sonora,Guaymas,U3,Horizontal,51,029,26
2018,Tlaxcala,Xaloztoc,U2,Horizontal,2,039,29
2018,Chihuahua,Hidalgo del Parral,U2,Horizontal,43,032,08
2019,Puebla,Teziutlán,U1,Vertical,1,174,21
2019,Querétaro,Querétaro,U2,Vertical,132,014,22
2020,Chiapas,Pichucalco,U2,Horizontal,2,068,07
2018,Coahuila de Zaragoza,Acuña,U2,Horizontal,447,002,05
2020,Yucatán,Mérida,U2,Horizontal,440,050,31
2019,Aguascalientes,San Francisco de los Romo,U2,Horizontal,6,011,01
2020,Quintana Roo,Solidaridad,U2,Vertical,15,008,23
2018,Jalisco,San Pedro Tlaquepaque,U1,Vertical,72,098,14
2019,Oaxaca,Oaxaca de Juárez,U1,Vertical,32,067,20
2020,Puebla,Cuautlancingo,U1,Horizontal,122,041,21
2018,Jalisco,El Salto,U3,Horizontal,1253,070,14
2019,Michoacán de Ocampo,Zitácuaro,U2,Horizontal,3,112,16
2019,Jalisco,El Salto,U2,Vertical,247,070,14
2018,Guerrero,Iguala de la Independencia,U3,Horizontal,29,035,12
2020,Campeche,Campeche,U1,Horizontal,2,002,04
2018,Morelos,Temixco,U3,Vertical,207,018,17
2020,Puebla,Juan C. Bonilla,FC,Horizontal,1,090,21
2018,Chihuahua,Juárez,U3,Horizontal,109,037,08
2018,Nuevo León,Monterrey,U2,Horizontal,23,039,19
2020,Jalisco,Poncitlán,U1,Vertical,1,066,14
2018,Quintana Roo,Solidaridad,U3,Vertical,1580,008,23
2019,Colima,Colima,U2,Horizontal,228,002,06
2019,Oaxaca,Santa María Atzompa,FC,Horizontal,5,399,20
2020,Nuevo León,Sabinas Hidalgo,U2,Horizontal,53,044,19
2018,Quintana Roo,Puerto Morelos,U3,Vertical,21,011,23
2020,Quintana Roo,Solidaridad,U3,Horizontal,2052,008,23
2018,Baja California,Tecate,FC,Horizontal,6,003,02
2019,Nuevo León,San Nicolás de los Garza,U2,Horizontal,6,046,19
2020,Tlaxcala,Tepeyanco,U2,Horizontal,1,029,29
2020,Sonora,Cajeme,FC,Horizontal,51,018,26
2020,Jalisco,Tlajomulco de Zúñiga,FC,Horizontal,29,097,14
2020,Nayarit,Tepic,U2,Horizontal,46,017,18
2019,Sonora,Guaymas,U2,Horizontal,182,029,26
2020,Guerrero,Tixtla de Guerrero,U2,Horizontal,4,061,12
2018,Yucatán,Maxcanú,FC,Horizontal,1,048,31
2020,Zacatecas,Guadalupe,U3,Horizontal,952,017,32
2020,Michoacán de Ocampo,Zinapécuaro,FC,Horizontal,1,110,16
2018,Michoacán de Ocampo,Zamora,U2,Vertical,56,108,16
2018,Puebla,San Martín Texmelucan,U2,Vertical,188,132,21
2019,Veracruz de Ignacio de la Llave,Emiliano Zapata,U3,Horizontal,154,065,30
2019,Colima,Tecomán,U1,Horizontal,7,009,06
2019,Jalisco,Zapopan,U3,Vertical,184,120,14
2018,Baja California,Mexicali,U2,Horizontal,480,002,02
2019,Yucatán,Kanasín,U1,Horizontal,101,041,31
2018,Quintana Roo,Benito Juárez,U3,Vertical,4412,005,23
2020,Coahuila de Zaragoza,Acuña,U3,Horizontal,826,002,05
2020,Michoacán de Ocampo,Uruapan,U2,Vertical,14,102,16
2019,Colima,Manzanillo,U3,Horizontal,364,007,06
2018,Nayarit,Xalisco,U2,Vertical,36,008,18
2020,Tamaulipas,Tampico,U1,Vertical,83,038,28
2020,Guanajuato,Guanajuato,U3,Horizontal,210,015,11
2019,Nuevo León,Apodaca,FC,Horizontal,298,006,19
2020,Baja California,Tijuana,FC,Vertical,1085,004,02
2019,Sonora,Puerto Peñasco,U1,Horizontal,7,048,26
2019,Quintana Roo,Felipe Carrillo Puerto,U1,Horizontal,5,002,23
2020,Coahuila de Zaragoza,Acuña,FC,Horizontal,1,002,05
2020,Oaxaca,Santa Cruz Xoxocotlán,U2,Horizontal,57,385,20
2019,Jalisco,San Miguel el Alto,U1,Horizontal,2,078,14
2018,Puebla,Huauchinango,U2,Horizontal,7,071,21
2020,Guanajuato,Apaseo el Grande,U3,Vertical,384,005,11
2018,Chiapas,Tapachula,U2,Horizontal,40,089,07
2018,Yucatán,Umán,U2,Horizontal,376,101,31
2018,Puebla,Puebla,U3,Vertical,642,114,21
2020,Tamaulipas,Valle Hermoso,U1,Horizontal,4,040,28
2020,Aguascalientes,Calvillo,U2,Horizontal,3,003,01
2019,Guanajuato,Guanajuato,U1,Horizontal,1,015,11
2019,Zacatecas,Jerez,U3,Horizontal,8,020,32
2020,Hidalgo,Tizayuca,U2,Horizontal,363,069,13
2018,Puebla,Zacatlán,U2,Horizontal,3,208,21
2020,Michoacán de Ocampo,Pátzcuaro,U1,Horizontal,3,066,16
2018,Sonora,Caborca,U2,Horizontal,30,017,26
2020,Oaxaca,San Juan Bautista Tuxtepec,U2,Horizontal,2,184,20
2019,Oaxaca,San Raymundo Jalpan,U3,Horizontal,2,342,20
2019,Guerrero,Acapulco de Juárez,FC,Vertical,88,001,12
2019,Veracruz de Ignacio de la Llave,Río Blanco,U2,Horizontal,12,138,30
2019,Querétaro,El Marqués,FC,Horizontal,842,011,22
2020,Sonora,Empalme,U1,Horizontal,3,025,26
2018,Aguascalientes,Rincón de Romos,U1,Horizontal,27,007,01
2018,Nuevo León,Pesquería,U2,Horizontal,1348,041,19
2018,Veracruz de Ignacio de la Llave,Córdoba,FC,Vertical,50,044,30
2019,Coahuila de Zaragoza,Sabinas,U2,Horizontal,139,028,05
2018,Jalisco,Tepatitlán de Morelos,U2,Horizontal,20,093,14
2018,Veracruz de Ignacio de la Llave,Cosoleacaque,U3,Horizontal,45,048,30
2020,Tlaxcala,Tzompantepec,U2,Horizontal,20,038,29
2020,San Luis Potosí,Ciudad Valles,U3,Horizontal,18,013,24
2020,Hidalgo,Tulancingo de Bravo,U3,Horizontal,7,077,13
2018,Tamaulipas,El Mante,U3,Horizontal,57,021,28
2020,Baja California,Tijuana,U2,Vertical,7,004,02
2020,Guerrero,Zihuatanejo de Azueta,U3,Horizontal,3,038,12
2020,Chihuahua,Chihuahua,U3,Horizontal,1203,019,08
2020,Puebla,San Pedro Cholula,U2,Horizontal,1,140,21
2018,Ciudad de México,Coyoacán,U1,Vertical,8,003,09
2020,Coahuila de Zaragoza,Arteaga,U3,Horizontal,462,004,05
2019,Michoacán de Ocampo,Jiquilpan,U2,Horizontal,16,045,16
2019,Puebla,Tehuacán,U1,Horizontal,107,156,21
2019,Jalisco,Puerto Vallarta,U1,Vertical,8,067,14
2018,Veracruz de Ignacio de la Llave,Minatitlán,U3,Horizontal,19,108,30
2020,Jalisco,Puerto Vallarta,U3,Horizontal,74,067,14
2018,Ciudad de México,Miguel Hidalgo,U1,Vertical,1,016,09
2018,Yucatán,Mérida,U3,Horizontal,2769,050,31
2020,Nuevo León,Apodaca,U2,Horizontal,297,006,19
2018,Sonora,Hermosillo,U2,Horizontal,1044,030,26
2019,Michoacán de Ocampo,Los Reyes,U3,Horizontal,1,075,16
2020,Tabasco,Centro,U2,Horizontal,10,004,27
2019,Tabasco,Nacajuca,U2,Horizontal,27,013,27
2018,Jalisco,La Barca,U3,Vertical,36,018,14
2018,Jalisco,Tlajomulco de Zúñiga,FC,Horizontal,483,097,14
2019,Morelos,Temixco,U3,Horizontal,92,018,17
2018,Colima,Colima,U1,Horizontal,129,002,06
2019,Querétaro,San Juan del Río,FC,Vertical,16,016,22
2018,Jalisco,Tlajomulco de Zúñiga,U3,Vertical,251,097,14
2019,Nuevo León,General Escobedo,U3,Horizontal,443,021,19
2018,Jalisco,Tala,U3,Horizontal,174,083,14
2018,Yucatán,Motul,U2,Horizontal,3,052,31
2018,Querétaro,San Juan del Río,U2,Horizontal,244,016,22
2018,Michoacán de Ocampo,Uruapan,U2,Horizontal,20,102,16
2019,Veracruz de Ignacio de la Llave,Jalacingo,U1,Horizontal,8,086,30
2019,Tlaxcala,San Damián Texóloc,U2,Horizontal,1,049,29
2020,Jalisco,Tonalá,FC,Vertical,86,101,14
2018,Puebla,Tepeaca,U1,Vertical,14,164,21
2020,Ciudad de México,Iztapalapa,U1,Vertical,180,007,09
2018,México,Zumpango,U3,Vertical,1414,120,15
2018,Guerrero,Iguala de la Independencia,U3,Vertical,80,035,12
2019,Coahuila de Zaragoza,Monclova,U1,Horizontal,191,018,05
2018,Michoacán de Ocampo,Morelia,FC,Vertical,136,053,16
2020,México,Ecatepec de Morelos,U1,Vertical,28,033,15
2020,Michoacán de Ocampo,Los Reyes,U2,Horizontal,6,075,16
2018,Puebla,Puebla,U2,Vertical,264,114,21
2019,Veracruz de Ignacio de la Llave,Poza Rica de Hidalgo,U2,Horizontal,83,131,30
2020,Oaxaca,Tlacolula de Matamoros,U3,Vertical,6,551,20
2018,Coahuila de Zaragoza,Múzquiz,U3,Horizontal,28,020,05
2019,Tamaulipas,Río Bravo,U2,Horizontal,107,033,28
2019,Jalisco,Zapotiltic,U2,Horizontal,52,121,14
2018,Baja California Sur,Los Cabos,U2,Vertical,214,008,03
2018,Yucatán,Mérida,U2,Vertical,160,050,31
2019,Sinaloa,El Fuerte,FC,Horizontal,13,010,25
2019,Oaxaca,San Juan Bautista Tuxtepec,U2,Horizontal,16,184,20
2018,San Luis Potosí,Soledad de Graciano Sánchez,U3,Vertical,62,035,24
2020,Hidalgo,Mineral de la Reforma,U3,Vertical,60,051,13
2019,Tamaulipas,Victoria,U1,Horizontal,6,041,28
2020,Chihuahua,Jiménez,U1,Horizontal,4,036,08
2019,Tabasco,Nacajuca,U3,Vertical,72,013,27
2020,Tlaxcala,Santa Cruz Tlaxcala,U2,Vertical,152,026,29
2019,Guerrero,Coyuca de Benítez,FC,Horizontal,8,021,12
2018,Durango,Gómez Palacio,U3,Horizontal,38,007,10
2018,Veracruz de Ignacio de la Llave,Martínez de la Torre,U1,Horizontal,1,102,30
2018,Durango,Durango,U1,Horizontal,177,005,10
2018,Chihuahua,Guachochi,U3,Horizontal,30,027,08
2020,Morelos,Yautepec,U2,Horizontal,79,029,17
2018,Puebla,Tehuacán,U3,Vertical,140,156,21
2018,Veracruz de Ignacio de la Llave,Xalapa,U3,Horizontal,1,087,30
2018,Jalisco,Chapala,U2,Vertical,12,030,14
2019,Coahuila de Zaragoza,Matamoros,U2,Horizontal,53,017,05
2019,Hidalgo,Atotonilco de Tula,U1,Vertical,149,013,13
2019,Guanajuato,Pénjamo,U2,Horizontal,48,023,11
2020,Veracruz de Ignacio de la Llave,Coatzacoalcos,U2,Horizontal,18,039,30
2019,Aguascalientes,Pabellón de Arteaga,U1,Horizontal,16,006,01
2020,Chiapas,Tapachula,U2,Horizontal,38,089,07
2020,Ciudad de México,Benito Juárez,U1,Vertical,6,014,09
2019,Puebla,Puebla,FC,Vertical,95,114,21
2018,Querétaro,Pedro Escobedo,FC,Horizontal,80,012,22
2018,México,Zinacantepec,U3,Horizontal,124,118,15
2019,Hidalgo,Tulancingo de Bravo,FC,Horizontal,6,077,13
2020,Jalisco,Ameca,U3,Horizontal,5,006,14
2020,Tlaxcala,Cuapiaxtla,FC,Horizontal,3,008,29
2018,Morelos,Emiliano Zapata,U3,Horizontal,7,008,17
2019,Baja California Sur,La Paz,U2,Horizontal,94,003,03
2020,México,Huehuetoca,U3,Horizontal,467,035,15
2018,México,Tonanitla,U3,Vertical,24,125,15
2019,Guerrero,Acapulco de Juárez,U2,Horizontal,16,001,12
2018,Yucatán,Ticul,FC,Horizontal,1,089,31
2019,México,Cuautitlán Izcalli,U2,Horizontal,17,121,15
2019,Veracruz de Ignacio de la Llave,Coatzacoalcos,U2,Horizontal,40,039,30
2018,Nuevo León,Santa Catarina,U2,Vertical,407,048,19
2019,Baja California Sur,Los Cabos,U3,Vertical,320,008,03
2019,Querétaro,Querétaro,U3,Horizontal,582,014,22
2018,Sonora,Cananea,U3,Horizontal,82,019,26
2018,Querétaro,Querétaro,FC,Horizontal,63,014,22
2019,Yucatán,Tizimín,U2,Horizontal,1,096,31
2020,Sonora,Empalme,U2,Horizontal,16,025,26
2018,Querétaro,Corregidora,U2,Vertical,26,006,22
2018,Hidalgo,Mineral de la Reforma,FC,Vertical,160,051,13
2020,Morelos,Emiliano Zapata,U2,Horizontal,21,008,17
2020,Veracruz de Ignacio de la Llave,Orizaba,U1,Horizontal,10,118,30
2020,Michoacán de Ocampo,Morelia,U1,Horizontal,67,053,16
2019,Veracruz de Ignacio de la Llave,Coatepec,U2,Horizontal,4,038,30
2019,Guanajuato,Apaseo el Grande,U1,Horizontal,11,005,11
2020,México,Tlalmanalco,U3,Vertical,28,103,15
2020,Michoacán de Ocampo,Jiquilpan,U2,Horizontal,11,045,16
2020,Coahuila de Zaragoza,Sabinas,U3,Horizontal,42,028,05
2018,Puebla,San José Chiapa,FC,Vertical,126,128,21
2020,Nayarit,Xalisco,U1,Vertical,2,008,18
2020,Jalisco,Tala,U2,Horizontal,10,083,14
2018,Tamaulipas,Valle Hermoso,U2,Horizontal,20,040,28
2020,Sinaloa,Navolato,U2,Horizontal,19,018,25
2020,Guanajuato,San Felipe,U2,Horizontal,83,030,11
2018,Coahuila de Zaragoza,Ramos Arizpe,U3,Horizontal,15,027,05
2019,Jalisco,Ixtlahuacán de los Membrillos,U3,Horizontal,25,044,14
2019,Michoacán de Ocampo,Tarímbaro,FC,Horizontal,35,088,16
2019,Sonora,Cajeme,FC,Horizontal,14,018,26
2019,Durango,Lerdo,U3,Horizontal,136,012,10
2020,Durango,Lerdo,U1,Horizontal,28,012,10
2019,Jalisco,Encarnación de Díaz,U2,Horizontal,74,035,14
2018,Nuevo León,García,U2,Horizontal,1951,018,19
2020,Sinaloa,Mazatlán,U3,Horizontal,893,012,25
2020,Coahuila de Zaragoza,Francisco I. Madero,U2,Horizontal,4,009,05
2018,Coahuila de Zaragoza,Arteaga,U1,Horizontal,7,004,05
2020,Guerrero,Acapulco de Juárez,U1,Vertical,126,001,12
2020,Ciudad de México,Gustavo A. Madero,U1,Vertical,149,005,09
2018,Jalisco,Zapotiltic,U2,Horizontal,66,121,14
2018,Ciudad de México,Tlalpan,U2,Vertical,5,012,09
2020,Sinaloa,Mazatlán,U3,Vertical,156,012,25
2018,Colima,Colima,U1,Vertical,30,002,06
2019,Jalisco,Sayula,U2,Horizontal,40,082,14
2019,Colima,Manzanillo,U3,Vertical,264,007,06
2018,Nuevo León,General Terán,FC,Horizontal,15,022,19
2018,Chihuahua,Camargo,U1,Horizontal,15,011,08
2018,Nuevo León,Juárez,U2,Vertical,24,031,19
2019,Morelos,Yautepec,FC,Vertical,12,029,17
2020,Sonora,San Luis Río Colorado,U1,Horizontal,26,055,26
2018,Nuevo León,Apodaca,U1,Vertical,2,006,19
2020,Coahuila de Zaragoza,San Buenaventura,U2,Horizontal,12,031,05
2020,Aguascalientes,Jesús María,U2,Horizontal,192,005,01
2019,Aguascalientes,Pabellón de Arteaga,U3,Horizontal,30,006,01
2018,Sinaloa,Culiacán,U3,Horizontal,784,006,25
2019,Baja California Sur,Comondú,U1,Horizontal,2,001,03
2018,Nayarit,Xalisco,U3,Horizontal,37,008,18
2020,Puebla,Tehuacán,U3,Vertical,56,156,21
2020,Hidalgo,Atotonilco de Tula,U1,Vertical,159,013,13
2019,Morelos,Emiliano Zapata,U3,Horizontal,63,008,17
2020,Hidalgo,Actopan,U2,Horizontal,1,003,13
2019,Chihuahua,Delicias,U3,Horizontal,19,021,08
2019,Nuevo León,Salinas Victoria,U1,Horizontal,295,045,19
2020,Sonora,Puerto Peñasco,U2,Horizontal,274,048,26
2018,Coahuila de Zaragoza,Nava,U2,Horizontal,87,022,05
2020,Coahuila de Zaragoza,Acuña,U2,Horizontal,394,002,05
2020,Baja California Sur,Comondú,FC,Horizontal,1,001,03
2020,Ciudad de México,Coyoacán,U2,Vertical,44,003,09
2019,Sonora,Agua Prieta,U2,Horizontal,20,002,26
2019,Veracruz de Ignacio de la Llave,San Andrés Tuxtla,U2,Horizontal,18,141,30
2020,México,Cuautitlán Izcalli,U2,Vertical,27,121,15
2019,Tabasco,Paraíso,U3,Horizontal,1,014,27
2018,Yucatán,Mérida,U3,Vertical,64,050,31
2019,Jalisco,Guadalajara,U2,Vertical,265,039,14
2018,Quintana Roo,Puerto Morelos,U3,Horizontal,27,011,23
2018,Baja California Sur,Los Cabos,U1,Horizontal,2,008,03
2019,Michoacán de Ocampo,Marcos Castellanos,FC,Horizontal,9,051,16
2019,Querétaro,San Juan del Río,U3,Vertical,88,016,22
2020,Tlaxcala,Huamantla,U2,Vertical,72,013,29
2020,Sinaloa,Salvador Alvarado,U3,Horizontal,65,015,25
2020,Querétaro,Corregidora,U3,Horizontal,21,006,22
2019,Baja California,Ensenada,U2,Vertical,2,001,02
2020,Querétaro,Querétaro,FC,Horizontal,74,014,22
2019,Zacatecas,Fresnillo,U1,Horizontal,16,010,32
2019,Nuevo León,Allende,U2,Horizontal,100,004,19
2019,Michoacán de Ocampo,Morelia,U2,Horizontal,429,053,16
2019,Michoacán de Ocampo,Zitácuaro,U1,Horizontal,1,112,16
2019,Puebla,Coronango,U1,Vertical,49,034,21
2019,Jalisco,Chapala,U3,Horizontal,1,030,14
2020,Durango,Durango,U3,Horizontal,536,005,10
2019,Baja California Sur,Los Cabos,U1,Horizontal,19,008,03
2019,Quintana Roo,Othón P. Blanco,U3,Horizontal,260,004,23
2020,Morelos,Xochitepec,U2,Horizontal,10,028,17
2018,Veracruz de Ignacio de la Llave,Veracruz,U1,Vertical,2,193,30
2018,Coahuila de Zaragoza,Monclova,U2,Vertical,3,018,05
2019,Oaxaca,Santa Cruz Xoxocotlán,U2,Horizontal,102,385,20
2018,Querétaro,San Juan del Río,U3,Vertical,114,016,22
2018,Sonora,Empalme,U2,Horizontal,14,025,26
2019,Zacatecas,Calera,U1,Horizontal,1,005,32
2020,México,Huehuetoca,U3,Vertical,535,035,15
2018,Durango,Durango,U3,Horizontal,649,005,10
2020,Veracruz de Ignacio de la Llave,Xalapa,U3,Horizontal,2,087,30
2018,Jalisco,Tala,U2,Horizontal,21,083,14
2020,Puebla,Tehuacán,U1,Horizontal,72,156,21
2018,Tabasco,Centro,FC,Vertical,592,004,27
2019,Tamaulipas,Reynosa,FC,Horizontal,126,032,28
2020,Michoacán de Ocampo,Uruapan,U1,Vertical,152,102,16
2020,Yucatán,Kanasín,U1,Horizontal,22,041,31
2018,Sonora,Guaymas,FC,Horizontal,15,029,26
2020,Jalisco,Sayula,U2,Horizontal,26,082,14
2019,Ciudad de México,Cuauhtémoc,U1,Vertical,271,015,09
2018,Querétaro,El Marqués,U2,Horizontal,604,011,22
2018,Baja California,Tijuana,FC,Horizontal,158,004,02
2018,Nayarit,Tepic,U2,Horizontal,100,017,18
2020,Hidalgo,Pachuca de Soto,U3,Horizontal,207,048,13
2020,Hidalgo,Epazoyucan,FC,Horizontal,17,022,13
2019,Sinaloa,Mazatlán,U3,Horizontal,768,012,25
2018,Jalisco,Zapotlanejo,U3,Vertical,206,124,14
2018,Sinaloa,Mazatlán,U3,Horizontal,761,012,25
2020,Jalisco,Etzatlán,FC,Horizontal,3,036,14
2018,Baja California Sur,La Paz,U2,Vertical,15,003,03
2020,Colima,Manzanillo,U3,Vertical,78,007,06
2019,Nayarit,Tepic,U3,Horizontal,141,017,18
2019,Coahuila de Zaragoza,Parras,U2,Horizontal,33,024,05
2019,Jalisco,Zapotlán el Grande,U2,Horizontal,30,023,14
2019,Tabasco,Huimanguillo,U2,Horizontal,7,008,27
2020,Chihuahua,Jiménez,U2,Horizontal,12,036,08
2019,Jalisco,Lagos de Moreno,U2,Horizontal,144,053,14
2018,Durango,Durango,FC,Vertical,95,005,10
2019,Nuevo León,General Escobedo,FC,Horizontal,176,021,19
2018,Sonora,Nogales,FC,Horizontal,1,043,26
2020,Durango,Lerdo,U2,Horizontal,73,012,10
2019,Sinaloa,Culiacán,U1,Horizontal,423,006,25
2019,Michoacán de Ocampo,Yurécuaro,U2,Horizontal,2,106,16
2018,Sinaloa,Mazatlán,U2,Vertical,68,012,25
2020,Tamaulipas,Valle Hermoso,U2,Horizontal,4,040,28
2019,Jalisco,Puerto Vallarta,U3,Horizontal,261,067,14
2020,Nayarit,Tepic,U1,Horizontal,3,017,18
2018,Guerrero,Acapulco de Juárez,U1,Vertical,63,001,12
2020,Guanajuato,Irapuato,U1,Vertical,6,017,11
2018,Sinaloa,Guasave,U2,Horizontal,36,011,25
2020,Michoacán de Ocampo,Hidalgo,U2,Horizontal,19,034,16
2019,Puebla,Ocoyucan,FC,Horizontal,1,106,21
2018,Jalisco,Puerto Vallarta,U3,Vertical,112,067,14
2018,Tamaulipas,Altamira,U2,Vertical,264,003,28
2020,Jalisco,El Salto,U2,Vertical,78,070,14
2019,México,Ecatepec de Morelos,U1,Horizontal,289,033,15
2019,Sinaloa,Mazatlán,U2,Horizontal,103,012,25
2019,Colima,Cuauhtémoc,FC,Horizontal,1,005,06
2019,Puebla,Huejotzingo,U2,Vertical,336,074,21
2019,San Luis Potosí,San Luis Potosí,U3,Vertical,9,028,24
2019,Jalisco,El Salto,U2,Horizontal,494,070,14
2018,Coahuila de Zaragoza,Arteaga,U3,Horizontal,301,004,05
2018,Jalisco,Tepatitlán de Morelos,U3,Horizontal,17,093,14
2018,Sonora,Agua Prieta,U2,Horizontal,109,002,26
2019,Puebla,San Salvador el Verde,FC,Horizontal,19,143,21
2019,Nuevo León,Montemorelos,U3,Horizontal,39,038,19
2020,México,Acolman,U3,Vertical,48,002,15
2019,Puebla,Tecamachalco,U2,Horizontal,37,154,21
2018,México,Tultitlán,U2,Horizontal,7,109,15
2018,San Luis Potosí,Ciudad Valles,U2,Horizontal,35,013,24
2020,Sinaloa,Mazatlán,U1,Horizontal,6,012,25
2020,Tabasco,Centro,FC,Horizontal,2,004,27
2020,Jalisco,Puerto Vallarta,FC,Vertical,318,067,14
2018,Puebla,Huejotzingo,U2,Vertical,519,074,21
2018,Oaxaca,Santa Cruz Xoxocotlán,U3,Vertical,125,385,20
2018,Oaxaca,Santa Lucía del Camino,U2,Horizontal,1,390,20
2018,Zacatecas,Zacatecas,FC,Horizontal,3,056,32
2019,Sinaloa,Salvador Alvarado,U3,Horizontal,82,015,25
2020,Coahuila de Zaragoza,Ramos Arizpe,U2,Horizontal,161,027,05
2020,Aguascalientes,San Francisco de los Romo,U3,Horizontal,553,011,01
2020,Aguascalientes,Jesús María,U1,Horizontal,2,005,01
2019,Chihuahua,Cuauhtémoc,U1,Horizontal,1,017,08
2019,Tlaxcala,Apetatitlán de Antonio Carvajal,U1,Horizontal,3,002,29
2019,Veracruz de Ignacio de la Llave,Córdoba,U3,Horizontal,43,044,30
2020,México,Zumpango,FC,Horizontal,390,120,15
2018,Durango,Durango,U2,Horizontal,284,005,10
2020,Nayarit,Xalisco,U2,Horizontal,20,008,18
2020,Zacatecas,Ojocaliente,FC,Horizontal,1,036,32
2018,Puebla,Hueytamalco,FC,Horizontal,1,076,21
2018,Michoacán de Ocampo,Lázaro Cárdenas,U3,Horizontal,19,052,16
2019,Jalisco,Ameca,U3,Horizontal,7,006,14
2018,Sinaloa,Guasave,U3,Horizontal,248,011,25
2018,Tabasco,Teapa,U1,Horizontal,1,016,27
2018,Aguascalientes,Pabellón de Arteaga,U1,Horizontal,6,006,01
2018,Veracruz de Ignacio de la Llave,Córdoba,FC,Horizontal,27,044,30
2019,Jalisco,Tonalá,FC,Horizontal,499,101,14
2020,Chiapas,Berriozábal,FC,Horizontal,115,012,07
2018,Durango,Lerdo,U1,Horizontal,97,012,10
2018,Guanajuato,Celaya,U3,Vertical,32,007,11
2019,Jalisco,Acatlán de Juárez,FC,Horizontal,30,002,14
2018,Veracruz de Ignacio de la Llave,Córdoba,U1,Vertical,96,044,30
2018,Tabasco,Paraíso,U2,Horizontal,3,014,27
2019,Sinaloa,Guasave,U3,Horizontal,122,011,25
2019,Coahuila de Zaragoza,Piedras Negras,U3,Horizontal,718,025,05
2018,Michoacán de Ocampo,Sahuayo,U3,Horizontal,13,076,16
2018,Veracruz de Ignacio de la Llave,Coatzintla,U3,Horizontal,3,040,30
2018,Chiapas,Berriozábal,FC,Horizontal,63,012,07
2018,Veracruz de Ignacio de la Llave,Coatepec,U1,Horizontal,29,038,30
2018,Coahuila de Zaragoza,Torreón,U1,Horizontal,49,035,05
2020,Nuevo León,Santa Catarina,U1,Horizontal,10,048,19
2018,Guanajuato,Cortazar,U3,Horizontal,171,011,11
2019,Nuevo León,Guadalupe,U3,Horizontal,320,026,19
2018,Jalisco,San Julián,FC,Horizontal,1,074,14
2019,Sinaloa,Guasave,U2,Horizontal,48,011,25
2018,Zacatecas,Fresnillo,U2,Horizontal,59,010,32
2020,Yucatán,Mérida,U1,Horizontal,405,050,31
2020,Tlaxcala,Tlaxco,U3,Horizontal,7,034,29
2019,Guanajuato,San José Iturbide,U3,Horizontal,130,032,11
2018,Baja California,Mexicali,U3,Horizontal,853,002,02
2018,Guanajuato,Celaya,U3,Horizontal,227,007,11
2020,Jalisco,Tlajomulco de Zúñiga,U2,Vertical,174,097,14
2018,Puebla,San Martín Texmelucan,U1,Vertical,10,132,21
2020,Jalisco,La Barca,U3,Vertical,120,018,14
2018,Oaxaca,Santa Cruz Xoxocotlán,U2,Vertical,16,385,20
2019,México,Toluca,U1,Horizontal,112,106,15
2019,Morelos,Tlaltizapán de Zapata,FC,Horizontal,5,024,17
2018,Chiapas,Berriozábal,U3,Horizontal,85,012,07
2019,Nayarit,Xalisco,U2,Vertical,9,008,18
2019,Michoacán de Ocampo,La Piedad,U1,Horizontal,16,069,16
2020,Chihuahua,Aldama,U2,Horizontal,19,002,08
2020,Sonora,Caborca,U2,Horizontal,23,017,26
2019,Puebla,Zacapoaxtla,U3,Horizontal,1,207,21
2019,Guanajuato,Silao de la Victoria,FC,Horizontal,60,037,11
2020,Jalisco,San Pedro Tlaquepaque,U2,Vertical,394,098,14
2018,Tlaxcala,Tzompantepec,FC,Horizontal,4,038,29
2020,México,Tecámac,U2,Horizontal,485,081,15
2020,Puebla,Huauchinango,U3,Horizontal,5,071,21
2020,San Luis Potosí,Soledad de Graciano Sánchez,U1,Horizontal,34,035,24
2018,Jalisco,Ixtlahuacán de los Membrillos,U3,Vertical,6,044,14
2020,Baja California,Tijuana,U1,Vertical,104,004,02
2020,Sinaloa,Navolato,FC,Horizontal,3,018,25
2019,Veracruz de Ignacio de la Llave,Tuxpan,U2,Vertical,61,189,30
2020,Coahuila de Zaragoza,Ramos Arizpe,U1,Horizontal,28,027,05
2020,Veracruz de Ignacio de la Llave,Boca del Río,FC,Horizontal,21,028,30
2018,Morelos,Yautepec,FC,Vertical,4,029,17
2018,Hidalgo,Tizayuca,U3,Horizontal,615,069,13
2019,Veracruz de Ignacio de la Llave,Naolinco,FC,Vertical,30,112,30
2019,Coahuila de Zaragoza,San Buenaventura,U2,Horizontal,39,031,05
2020,Quintana Roo,Tulum,FC,Horizontal,188,009,23
2018,Nuevo León,General Escobedo,U1,Horizontal,218,021,19
2019,México,Tianguistenco,U3,Horizontal,500,101,15
2020,Aguascalientes,San Francisco de los Romo,U1,Horizontal,38,011,01
2018,Colima,Manzanillo,U3,Vertical,99,007,06
2018,San Luis Potosí,San Luis Potosí,FC,Vertical,5,028,24
2019,Nuevo León,Montemorelos,U2,Horizontal,35,038,19
2020,Tlaxcala,Yauhquemehcan,U3,Horizontal,2,043,29
2018,Jalisco,San Juan de los Lagos,U3,Horizontal,95,073,14
2018,Tlaxcala,Tlaxco,U3,Horizontal,6,034,29
2020,Jalisco,Jocotepec,U3,Horizontal,23,050,14
2018,Michoacán de Ocampo,Uruapan,U1,Vertical,120,102,16
2019,Nuevo León,Ciénega de Flores,FC,Horizontal,334,012,19
2018,Tlaxcala,Tlaxcala,U2,Horizontal,28,033,29
2019,Baja California Sur,La Paz,U3,Vertical,144,003,03
2020,Puebla,Zacapoaxtla,U1,Horizontal,1,207,21
2020,Ciudad de México,Iztapalapa,U2,Vertical,1,007,09
2018,Zacatecas,Zacatecas,U1,Horizontal,2,056,32
2020,México,Zumpango,U2,Horizontal,48,120,15
2019,Chihuahua,Allende,FC,Horizontal,7,003,08
2019,Michoacán de Ocampo,Jiquilpan,U3,Horizontal,26,045,16
2019,Guanajuato,Irapuato,U3,Horizontal,113,017,11
2020,Querétaro,El Marqués,FC,Vertical,706,011,22
2018,Baja California Sur,Los Cabos,U1,Vertical,72,008,03
2018,Jalisco,Ojuelos de Jalisco,FC,Horizontal,2,064,14
2019,Guanajuato,Silao de la Victoria,U2,Horizontal,28,037,11
2019,Yucatán,Mérida,FC,Horizontal,18,050,31
2019,Baja California,Ensenada,U3,Horizontal,100,001,02
2018,Durango,Vicente Guerrero,U2,Horizontal,1,038,10
2020,Morelos,Temixco,U2,Horizontal,23,018,17
2020,Tamaulipas,Nuevo Laredo,U1,Horizontal,210,027,28
2020,Jalisco,Tecolotlán,FC,Horizontal,1,088,14
2020,Colima,Colima,U1,Vertical,6,002,06
2020,Michoacán de Ocampo,Numarán,U3,Vertical,36,060,16
2020,Baja California,Mexicali,U2,Horizontal,278,002,02
2018,Yucatán,Hunucmá,U3,Horizontal,2,038,31
2019,Baja California,Mexicali,U3,Horizontal,1113,002,02
2020,Veracruz de Ignacio de la Llave,Coatzacoalcos,U3,Horizontal,6,039,30
2020,Jalisco,San Pedro Tlaquepaque,U2,Horizontal,156,098,14
2018,Nuevo León,Sabinas Hidalgo,U2,Horizontal,10,044,19
2018,Jalisco,Juanacatlán,FC,Horizontal,918,051,14
2019,México,Tultepec,U2,Horizontal,242,108,15
2020,Querétaro,San Juan del Río,U3,Vertical,24,016,22
2018,Michoacán de Ocampo,Tarímbaro,FC,Horizontal,21,088,16
2018,Guanajuato,Apaseo el Grande,U3,Vertical,618,005,11
2019,Guerrero,Iguala de la Independencia,U2,Vertical,60,035,12
2018,Jalisco,Ixtlahuacán de los Membrillos,U2,Vertical,168,044,14
2019,Puebla,Tehuacán,U2,Horizontal,130,156,21
2020,Coahuila de Zaragoza,Sabinas,FC,Horizontal,42,028,05
2020,Hidalgo,Zempoala,FC,Horizontal,553,083,13
2018,Michoacán de Ocampo,Zacapu,U2,Horizontal,26,107,16
2019,Nuevo León,Cadereyta Jiménez,U2,Horizontal,10,009,19
2018,Guerrero,Acapulco de Juárez,FC,Horizontal,42,001,12
2018,Nuevo León,Cadereyta Jiménez,U2,Horizontal,29,009,19
2019,Tamaulipas,Nuevo Laredo,U2,Horizontal,121,027,28
2019,Coahuila de Zaragoza,Arteaga,U1,Horizontal,10,004,05
2018,Chihuahua,Hidalgo del Parral,U1,Horizontal,279,032,08
2018,Jalisco,Tonalá,U1,Vertical,108,101,14
2018,Sonora,Puerto Peñasco,U1,Horizontal,4,048,26
2019,Sonora,Hermosillo,U2,Vertical,5,030,26
2019,Veracruz de Ignacio de la Llave,Coatzintla,U3,Horizontal,7,040,30
2019,Yucatán,Motul,U2,Horizontal,16,052,31
2018,Veracruz de Ignacio de la Llave,Río Blanco,U2,Horizontal,70,138,30
2018,Puebla,Cuautlancingo,U3,Vertical,6,041,21
2020,Nayarit,Bahía de Banderas,U2,Vertical,21,020,18
2018,Sinaloa,Ahome,U2,Horizontal,375,001,25
2019,Sonora,Cajeme,U2,Horizontal,208,018,26
2020,Nayarit,Xalisco,U3,Vertical,4,008,18
2019,Tabasco,Teapa,U2,Horizontal,2,016,27
2019,Chihuahua,Delicias,U2,Horizontal,105,021,08
2019,Chiapas,Tuxtla Gutiérrez,U2,Horizontal,3,101,07
2020,Tlaxcala,Yauhquemehcan,U2,Vertical,40,043,29
2020,Jalisco,Zapopan,U2,Vertical,334,120,14
2020,Nayarit,Bahía de Banderas,FC,Vertical,32,020,18
2018,Quintana Roo,Othón P. Blanco,U2,Horizontal,45,004,23
2018,Michoacán de Ocampo,Hidalgo,U2,Horizontal,30,034,16
2018,Michoacán de Ocampo,Marcos Castellanos,FC,Horizontal,16,051,16
2018,Yucatán,Conkal,U2,Horizontal,106,013,31
2018,Sonora,Puerto Peñasco,U3,Horizontal,114,048,26
2020,Nayarit,Santiago Ixcuintla,FC,Horizontal,2,015,18
2020,Hidalgo,Apan,U2,Horizontal,3,008,13
2019,Tlaxcala,Yauhquemehcan,U1,Horizontal,1,043,29
2018,Nuevo León,Santa Catarina,U2,Horizontal,408,048,19
2020,Hidalgo,Atotonilco de Tula,FC,Vertical,312,013,13
2018,Coahuila de Zaragoza,Piedras Negras,U1,Horizontal,60,025,05
2018,México,Atizapán de Zaragoza,U2,Vertical,1,013,15
2020,Sinaloa,Guasave,U3,Horizontal,205,011,25
2019,Tabasco,Centro,U2,Horizontal,19,004,27
2019,Baja California Sur,La Paz,FC,Horizontal,26,003,03
2019,Hidalgo,Ixmiquilpan,U2,Horizontal,4,030,13
2018,Nayarit,Bahía de Banderas,U2,Vertical,354,020,18
2020,Tlaxcala,Tetla de la Solidaridad,U2,Horizontal,19,031,29
2019,Zacatecas,Guadalupe,U1,Horizontal,2,017,32
2018,Jalisco,Puerto Vallarta,U2,Vertical,114,067,14
2018,Chihuahua,Chihuahua,U2,Horizontal,932,019,08
2018,Tlaxcala,Huamantla,U1,Horizontal,2,013,29
2018,Guanajuato,San Felipe,U2,Horizontal,122,030,11
2019,Ciudad de México,Benito Juárez,U1,Vertical,26,014,09
2018,Puebla,Tehuacán,U2,Vertical,174,156,21
2020,Morelos,Cuernavaca,U1,Horizontal,2,007,17
2018,Chihuahua,Chihuahua,U1,Horizontal,16,019,08
2020,Nuevo León,Montemorelos,U3,Horizontal,23,038,19
2018,Jalisco,Zapotlán el Grande,U2,Horizontal,185,023,14
2019,México,Nextlalpan,U3,Vertical,264,059,15
2020,Tlaxcala,Xaloztoc,U1,Vertical,39,039,29
2020,San Luis Potosí,Soledad de Graciano Sánchez,U2,Horizontal,147,035,24
2018,Colima,Colima,FC,Horizontal,3,002,06
2020,Campeche,Campeche,U2,Horizontal,40,002,04
2018,Puebla,Tehuacán,U2,Horizontal,189,156,21
2018,Guanajuato,Pénjamo,U3,Horizontal,1,023,11
2019,Oaxaca,San Agustín de las Juntas,U1,Horizontal,1,083,20
2020,Jalisco,Atotonilco el Alto,FC,Horizontal,4,013,14
2019,Puebla,Izúcar de Matamoros,U2,Horizontal,24,085,21
2020,Durango,Durango,U2,Vertical,24,005,10
2019,Puebla,Puebla,U3,Vertical,695,114,21
2020,Sonora,Hermosillo,U3,Horizontal,1362,030,26
2020,Jalisco,Zapotiltic,U2,Horizontal,22,121,14
2020,Zacatecas,Pinos,FC,Horizontal,5,038,32
2018,México,Huehuetoca,U1,Horizontal,267,035,15
2019,Guanajuato,Apaseo el Grande,U2,Horizontal,54,005,11
2020,Nuevo León,General Escobedo,U2,Horizontal,324,021,19
2020,Jalisco,La Barca,U2,Horizontal,5,018,14
2018,Hidalgo,Mineral de la Reforma,U3,Horizontal,761,051,13
2020,Michoacán de Ocampo,Lázaro Cárdenas,U1,Horizontal,44,052,16
2018,Tabasco,Huimanguillo,U3,Vertical,50,008,27
2018,Sinaloa,Rosario,FC,Horizontal,11,014,25
2018,Yucatán,Valladolid,U3,Horizontal,79,102,31
2018,Coahuila de Zaragoza,Francisco I. Madero,U3,Horizontal,51,009,05
2020,Michoacán de Ocampo,Zamora,FC,Horizontal,31,108,16
2020,Veracruz de Ignacio de la Llave,Veracruz,U3,Horizontal,642,193,30
2018,Veracruz de Ignacio de la Llave,Banderilla,U1,Horizontal,2,026,30
2020,Nuevo León,El Carmen,U3,Horizontal,1982,010,19
2018,Sonora,Navojoa,U1,Horizontal,167,042,26
2020,Querétaro,Querétaro,U2,Vertical,2,014,22
2019,Coahuila de Zaragoza,Múzquiz,U2,Horizontal,11,020,05
2018,Michoacán de Ocampo,Coahuayana,FC,Horizontal,2,014,16
2019,Colima,Villa de Álvarez,U1,Horizontal,26,010,06
2020,Chiapas,Tuxtla Gutiérrez,U2,Horizontal,26,101,07
2019,México,Tecámac,U1,Horizontal,102,081,15
2019,Tabasco,Centro,FC,Vertical,128,004,27
2018,Colima,Tecomán,U2,Horizontal,111,009,06
2018,Guanajuato,León,U2,Horizontal,1409,020,11
2019,Guanajuato,Silao de la Victoria,U3,Horizontal,27,037,11
2018,Baja California,Mexicali,U1,Horizontal,281,002,02
2018,Hidalgo,Progreso de Obregón,U1,Horizontal,1,050,13
2019,Tamaulipas,Reynosa,U2,Vertical,28,032,28
2019,Nayarit,Bahía de Banderas,U2,Vertical,42,020,18
2018,San Luis Potosí,San Luis Potosí,U2,Vertical,68,028,24
2020,Aguascalientes,Pabellón de Arteaga,U1,Horizontal,9,006,01
2019,Puebla,Cuautlancingo,U3,Vertical,1,041,21
2018,Tabasco,Centro,U2,Vertical,48,004,27
2019,San Luis Potosí,San Luis Potosí,FC,Horizontal,61,028,24
2020,Sonora,Caborca,U3,Horizontal,2,017,26
2019,Tlaxcala,Santa Cruz Tlaxcala,U2,Horizontal,69,026,29
2019,Coahuila de Zaragoza,San Juan de Sabinas,FC,Horizontal,29,032,05
2020,Veracruz de Ignacio de la Llave,Tuxpan,U2,Vertical,17,189,30
2018,Guanajuato,León,U3,Horizontal,1466,020,11
2018,Guanajuato,Apaseo el Grande,FC,Vertical,126,005,11
2019,Nayarit,Bahía de Banderas,U3,Vertical,405,020,18
2019,Guanajuato,Moroleón,U3,Horizontal,25,021,11
2018,Chihuahua,Juárez,U2,Horizontal,375,037,08
2020,Jalisco,San Pedro Tlaquepaque,U1,Horizontal,21,098,14
2018,Morelos,Yecapixtla,U3,Vertical,120,030,17
2018,Aguascalientes,Rincón de Romos,U2,Horizontal,114,007,01
2018,Coahuila de Zaragoza,Torreón,U2,Horizontal,1661,035,05
2020,Coahuila de Zaragoza,Torreón,FC,Horizontal,43,035,05
2020,Puebla,Coronango,U2,Horizontal,38,034,21
2020,Coahuila de Zaragoza,Múzquiz,U1,Horizontal,6,020,05
2020,Baja California,Tijuana,U2,Horizontal,114,004,02
2018,Nuevo León,Linares,U2,Horizontal,104,033,19
2019,Guanajuato,Silao de la Victoria,U1,Horizontal,6,037,11
2019,Guerrero,Chilpancingo de los Bravo,U1,Vertical,54,029,12
2019,Guanajuato,Romita,U2,Horizontal,5,026,11
2019,Jalisco,Zacoalco de Torres,U2,Horizontal,4,119,14
2019,Ciudad de México,Azcapotzalco,U2,Vertical,18,002,09
2020,San Luis Potosí,Ciudad Valles,FC,Horizontal,7,013,24
2019,Baja California Sur,La Paz,U1,Horizontal,21,003,03
2020,Aguascalientes,Aguascalientes,U3,Horizontal,3027,001,01
2019,Ciudad de México,Miguel Hidalgo,U1,Vertical,2,016,09
2019,Morelos,Emiliano Zapata,U3,Vertical,16,008,17
2018,Jalisco,El Salto,U2,Vertical,1110,070,14
2019,México,Acolman,U3,Vertical,60,002,15
2019,Sonora,Puerto Peñasco,U3,Horizontal,147,048,26
2018,Puebla,Coronango,U2,Vertical,416,034,21
2018,Sonora,Hermosillo,U3,Horizontal,1090,030,26
2019,Hidalgo,Santiago Tulantepec de Lugo Guerrero,U1,Horizontal,1,056,13
2020,Puebla,San Martín Texmelucan,U2,Vertical,254,132,21
2019,San Luis Potosí,San Luis Potosí,U2,Vertical,128,028,24
2020,San Luis Potosí,Soledad de Graciano Sánchez,U3,Horizontal,591,035,24
2020,Quintana Roo,Benito Juárez,U2,Vertical,145,005,23
2018,Tabasco,Centro,U3,Vertical,50,004,27
2019,Jalisco,San Pedro Tlaquepaque,U2,Vertical,626,098,14
2018,Zacatecas,Fresnillo,U3,Horizontal,297,010,32
2019,Veracruz de Ignacio de la Llave,Pánuco,U3,Horizontal,2,123,30
2019,Guanajuato,San Francisco del Rincón,FC,Horizontal,6,031,11
2019,Puebla,Teziutlán,U2,Horizontal,96,174,21
2018,Jalisco,Ixtlahuacán de los Membrillos,U3,Horizontal,10,044,14
2019,Hidalgo,Actopan,U1,Horizontal,1,003,13
2019,Tlaxcala,Yauhquemehcan,U2,Vertical,105,043,29
2020,Guerrero,Acapulco de Juárez,U1,Horizontal,106,001,12
2018,Chiapas,Chiapa de Corzo,FC,Horizontal,93,027,07
2020,Michoacán de Ocampo,Jiquilpan,U3,Vertical,30,045,16
2019,Sinaloa,Culiacán,U3,Vertical,573,006,25
2020,Sonora,Empalme,U3,Horizontal,83,025,26
2020,Tamaulipas,Reynosa,FC,Horizontal,162,032,28
2018,Jalisco,Magdalena,U2,Horizontal,3,055,14
2019,Sinaloa,Culiacán,U2,Vertical,158,006,25
2019,Veracruz de Ignacio de la Llave,Ixhuatlancillo,U3,Horizontal,4,081,30
2018,Chiapas,Comitán de Domínguez,U3,Horizontal,80,019,07
2018,Guanajuato,Irapuato,U2,Horizontal,341,017,11
2020,México,La Paz,U2,Horizontal,1,070,15
2020,Tlaxcala,Xicohtzinco,U1,Horizontal,1,042,29
2019,Hidalgo,Tulancingo de Bravo,U1,Horizontal,23,077,13
2019,Ciudad de México,Iztapalapa,U1,Vertical,143,007,09
2018,Jalisco,Autlán de Navarro,U2,Horizontal,67,015,14
2020,Morelos,Jojutla,FC,Horizontal,14,012,17
2018,Guanajuato,Celaya,U2,Horizontal,559,007,11
2018,Tamaulipas,Nuevo Laredo,U1,Horizontal,333,027,28
2019,Veracruz de Ignacio de la Llave,Cosoleacaque,U1,Horizontal,26,048,30
2018,Michoacán de Ocampo,Maravatío,U2,Horizontal,8,050,16
2018,Tlaxcala,Chiautempan,U1,Horizontal,3,010,29
2020,Nuevo León,Pesquería,FC,Horizontal,568,041,19
2019,Zacatecas,Morelos,FC,Horizontal,2,032,32
2018,Guanajuato,Salamanca,U3,Horizontal,79,027,11
2019,Morelos,Jiutepec,U2,Horizontal,8,011,17
2018,Guanajuato,Irapuato,U1,Vertical,6,017,11
2020,Guanajuato,Villagrán,U3,Vertical,72,044,11
2018,Coahuila de Zaragoza,Villa Unión,FC,Horizontal,4,037,05
2019,Coahuila de Zaragoza,Frontera,U2,Horizontal,8,010,05
2019,Sonora,Caborca,U1,Horizontal,2,017,26
2020,Jalisco,Zapopan,U2,Horizontal,2,120,14
2020,Puebla,San Andrés Cholula,U2,Vertical,20,119,21
2020,Puebla,Amozoc,U3,Horizontal,138,015,21
2019,Nuevo León,García,U3,Horizontal,5594,018,19
2018,Puebla,Puebla,U2,Horizontal,120,114,21
2018,Chiapas,Tonalá,U2,Horizontal,22,097,07
2020,Tamaulipas,Matamoros,U3,Horizontal,1282,022,28
2018,San Luis Potosí,San Luis Potosí,FC,Horizontal,89,028,24
2019,Jalisco,La Barca,U3,Horizontal,4,018,14
2018,Coahuila de Zaragoza,San Juan de Sabinas,U2,Horizontal,2,032,05
2018,Coahuila de Zaragoza,Matamoros,U3,Horizontal,218,017,05
2018,Jalisco,El Salto,U3,Vertical,673,070,14
2020,México,Zinacantepec,U3,Vertical,16,118,15
2019,Michoacán de Ocampo,Lázaro Cárdenas,U3,Horizontal,2,052,16
2020,Jalisco,Zapotlanejo,U2,Horizontal,5,124,14
2020,México,Nextlalpan,U3,Horizontal,192,059,15
2020,Nuevo León,Salinas Victoria,U2,Horizontal,5,045,19
2019,Chihuahua,Aquiles Serdán,U3,Horizontal,281,004,08
2018,Hidalgo,Cuautepec de Hinojosa,U3,Horizontal,48,016,13
2018,Campeche,Campeche,U2,Vertical,64,002,04
2020,Guanajuato,Moroleón,U2,Horizontal,2,021,11
2020,Ciudad de México,Benito Juárez,U1,Horizontal,1,014,09
2018,México,Coacalco de Berriozábal,U2,Horizontal,307,020,15
2020,Baja California Sur,La Paz,U1,Horizontal,17,003,03
2018,México,Lerma,U3,Horizontal,26,051,15
2019,Oaxaca,San Jacinto Amilpas,U2,Horizontal,6,157,20
2020,Coahuila de Zaragoza,Acuña,U1,Horizontal,11,002,05
2020,Tamaulipas,Victoria,U3,Horizontal,342,041,28
2020,Tlaxcala,Huamantla,U2,Horizontal,9,013,29
2019,Veracruz de Ignacio de la Llave,Córdoba,U2,Horizontal,13,044,30
2019,Veracruz de Ignacio de la Llave,Xalapa,FC,Vertical,239,087,30
2018,Coahuila de Zaragoza,Nava,U3,Horizontal,70,022,05
2020,Puebla,Teziutlán,U1,Vertical,62,174,21
2020,Michoacán de Ocampo,Morelia,U2,Vertical,73,053,16
2019,Coahuila de Zaragoza,Villa Unión,FC,Horizontal,2,037,05
2019,Morelos,Tlayacapan,U1,Horizontal,63,026,17
2018,Sinaloa,Navolato,FC,Vertical,8,018,25
2020,Sinaloa,El Fuerte,FC,Horizontal,11,010,25
2020,Oaxaca,Santa María Atzompa,U3,Horizontal,2,399,20
2020,Jalisco,San Juan de los Lagos,U3,Horizontal,205,073,14
2020,Baja California Sur,Los Cabos,U1,Horizontal,3,008,03
2019,Tabasco,Centro,FC,Horizontal,34,004,27
2020,Coahuila de Zaragoza,Sabinas,U2,Horizontal,47,028,05
2019,Michoacán de Ocampo,Hidalgo,U2,Horizontal,15,034,16
2020,Tamaulipas,Reynosa,U2,Horizontal,567,032,28
2020,Hidalgo,Santiago Tulantepec de Lugo Guerrero,U2,Horizontal,8,056,13
2018,Tlaxcala,Tzompantepec,U2,Horizontal,2,038,29
2018,Tabasco,Centro,FC,Horizontal,23,004,27
2018,Durango,Gómez Palacio,U1,Horizontal,68,007,10
2020,Baja California,Playas de Rosarito,FC,Vertical,110,005,02
2020,Sinaloa,Mazatlán,U2,Vertical,120,012,25
2019,Guerrero,Chilpancingo de los Bravo,U3,Horizontal,68,029,12
2019,Chihuahua,Jiménez,U1,Horizontal,3,036,08
2020,Baja California Sur,La Paz,FC,Horizontal,21,003,03
2018,Guanajuato,León,U3,Vertical,324,020,11
2020,San Luis Potosí,San Luis Potosí,U3,Vertical,7,028,24
2018,Hidalgo,Pachuca de Soto,U1,Horizontal,69,048,13
2020,Puebla,Izúcar de Matamoros,U2,Vertical,3,085,21
2019,Tlaxcala,Tepetitla de Lardizábal,U2,Horizontal,30,019,29
2018,San Luis Potosí,Soledad de Graciano Sánchez,U1,Horizontal,15,035,24
2020,Oaxaca,Santa Cruz Xoxocotlán,U3,Vertical,78,385,20
2018,Puebla,Atlixco,U1,Horizontal,4,019,21
2018,Jalisco,Encarnación de Díaz,U2,Horizontal,116,035,14
2020,Sinaloa,Ahome,U2,Horizontal,327,001,25
2018,Veracruz de Ignacio de la Llave,Tuxpan,U2,Horizontal,96,189,30
2019,Baja California Sur,Los Cabos,U2,Horizontal,82,008,03
2020,Tlaxcala,Tlaxcala,U1,Horizontal,2,033,29
2018,San Luis Potosí,San Luis Potosí,U3,Horizontal,356,028,24
2019,Hidalgo,Tepeji del Río de Ocampo,U3,Vertical,81,063,13
2019,Guanajuato,Apaseo el Alto,U2,Horizontal,3,004,11
2019,Puebla,San Andrés Cholula,U2,Vertical,20,119,21
2019,Zacatecas,Calera,U2,Horizontal,15,005,32
2020,México,Zumpango,FC,Vertical,860,120,15
2018,San Luis Potosí,Soledad de Graciano Sánchez,U2,Vertical,72,035,24
2019,México,Nicolás Romero,U2,Horizontal,60,060,15
2019,Jalisco,Tonalá,U2,Vertical,57,101,14
2018,Yucatán,Kanasín,U2,Vertical,320,041,31
2020,Tamaulipas,Matamoros,U2,Vertical,80,022,28
2020,Chihuahua,Meoqui,U1,Horizontal,1,045,08
2018,Oaxaca,Cuilápam de Guerrero,FC,Vertical,6,023,20
2019,Quintana Roo,Solidaridad,U3,Horizontal,3161,008,23
2019,Veracruz de Ignacio de la Llave,Medellín de Bravo,FC,Vertical,18,105,30
2019,Tlaxcala,Santa Cruz Tlaxcala,U2,Vertical,184,026,29
2019,Jalisco,Guadalajara,U2,Horizontal,9,039,14
2019,Jalisco,Ocotlán,U2,Horizontal,24,063,14
2018,Nuevo León,García,FC,Horizontal,116,018,19
2020,Yucatán,Kanasín,U2,Vertical,64,041,31
2018,Guanajuato,Moroleón,U1,Horizontal,1,021,11
2020,Puebla,Teziutlán,U2,Horizontal,64,174,21
2019,Michoacán de Ocampo,Zamora,U3,Horizontal,286,108,16
2019,Puebla,Amozoc,U3,Horizontal,129,015,21
2018,Baja California,Tijuana,U3,Horizontal,963,004,02
2020,Veracruz de Ignacio de la Llave,Boca del Río,U1,Horizontal,1,028,30
2019,Baja California Sur,Loreto,U3,Horizontal,1,009,03
2020,Chiapas,Berriozábal,U2,Horizontal,3,012,07
2020,Veracruz de Ignacio de la Llave,Ixtaczoquitlán,U3,Vertical,102,085,30
2019,Querétaro,Querétaro,FC,Horizontal,205,014,22
2020,Tlaxcala,Santa Cruz Tlaxcala,U2,Horizontal,80,026,29
2019,Jalisco,San Pedro Tlaquepaque,U2,Horizontal,238,098,14
2020,Michoacán de Ocampo,Hidalgo,U1,Horizontal,1,034,16
2020,Puebla,Teziutlán,U1,Horizontal,86,174,21
2019,Durango,Durango,FC,Horizontal,7,005,10
2019,México,Nextlalpan,U3,Horizontal,56,059,15
2018,Jalisco,Tonalá,FC,Horizontal,564,101,14
2020,Michoacán de Ocampo,Zacapu,U2,Horizontal,9,107,16
2020,Oaxaca,Oaxaca de Juárez,U2,Vertical,8,067,20
2020,Colima,Armería,U1,Horizontal,1,001,06
2020,Nayarit,Bahía de Banderas,U1,Vertical,22,020,18
2020,Chiapas,Comitán de Domínguez,U2,Horizontal,17,019,07
2019,Puebla,Huejotzingo,U2,Horizontal,103,074,21
2020,Durango,Durango,U1,Vertical,1,005,10
2019,Tamaulipas,Victoria,U2,Vertical,3,041,28
2018,México,La Paz,U2,Vertical,24,070,15
2020,Hidalgo,Tizayuca,U3,Horizontal,1144,069,13
2018,Tamaulipas,Tampico,U2,Vertical,87,038,28
2018,Jalisco,Tlajomulco de Zúñiga,U2,Horizontal,191,097,14
2018,Hidalgo,Zempoala,FC,Horizontal,293,083,13
2018,Coahuila de Zaragoza,Piedras Negras,U3,Horizontal,559,025,05
2019,Durango,Vicente Guerrero,U2,Horizontal,4,038,10
2018,Veracruz de Ignacio de la Llave,Medellín de Bravo,U2,Vertical,156,105,30
2019,Tamaulipas,Matamoros,U3,Horizontal,960,022,28
2019,Veracruz de Ignacio de la Llave,Mariano Escobedo,U3,Horizontal,25,101,30
2018,Jalisco,Atotonilco el Alto,FC,Horizontal,9,013,14
2020,Quintana Roo,Solidaridad,FC,Vertical,56,008,23
2018,Jalisco,Lagos de Moreno,U3,Vertical,30,053,14
2020,Michoacán de Ocampo,Numarán,FC,Vertical,72,060,16
2020,Jalisco,Zapotlanejo,U3,Horizontal,131,124,14
2018,Baja California,Playas de Rosarito,FC,Horizontal,131,005,02
2020,Veracruz de Ignacio de la Llave,Coatepec,U1,Vertical,8,038,30
2018,Michoacán de Ocampo,Zacapu,U1,Horizontal,1,107,16
2018,Michoacán de Ocampo,Apatzingán,U3,Horizontal,7,006,16
2018,Puebla,Tianguismanalco,FC,Vertical,16,175,21
2018,México,Chicoloapan,U2,Horizontal,71,029,15
2020,Baja California,Mexicali,U1,Vertical,12,002,02
2020,Chihuahua,Nuevo Casas Grandes,U3,Horizontal,69,050,08
2019,Nuevo León,Cadereyta Jiménez,U3,Horizontal,578,009,19
2019,Durango,Gómez Palacio,U2,Horizontal,294,007,10
2019,Chiapas,Tuxtla Gutiérrez,U3,Horizontal,54,101,07
2020,Nuevo León,Cadereyta Jiménez,U1,Horizontal,2,009,19
2018,San Luis Potosí,San Luis Potosí,U2,Horizontal,451,028,24
2018,Chihuahua,Aquiles Serdán,U2,Horizontal,19,004,08
2020,Coahuila de Zaragoza,Saltillo,U1,Horizontal,300,030,05
2018,Sinaloa,Navolato,FC,Horizontal,21,018,25
2020,Veracruz de Ignacio de la Llave,Córdoba,U3,Horizontal,12,044,30
2020,Michoacán de Ocampo,Tarímbaro,U3,Vertical,15,088,16
2020,Aguascalientes,San Francisco de los Romo,U2,Horizontal,90,011,01
2019,Veracruz de Ignacio de la Llave,Fortín,U1,Horizontal,3,068,30
2020,Puebla,Huejotzingo,U1,Horizontal,78,074,21
2020,Tabasco,Nacajuca,U3,Horizontal,24,013,27
2018,Veracruz de Ignacio de la Llave,San Andrés Tuxtla,U2,Horizontal,33,141,30
2018,Hidalgo,Apan,U1,Horizontal,1,008,13
2018,Sonora,Cajeme,U2,Horizontal,532,018,26
2018,México,Cuautitlán,U3,Horizontal,511,024,15
2018,Veracruz de Ignacio de la Llave,Córdoba,U2,Horizontal,25,044,30
2020,Chiapas,Palenque,U1,Horizontal,6,065,07
2018,Chiapas,Tuxtla Gutiérrez,U2,Horizontal,82,101,07
2018,México,Otzolotepec,FC,Vertical,372,067,15
2019,Jalisco,Tepatitlán de Morelos,U3,Horizontal,16,093,14
2019,Tamaulipas,Victoria,U3,Horizontal,323,041,28
2019,Hidalgo,Pachuca de Soto,U1,Horizontal,5,048,13
2020,Hidalgo,San Agustín Tlaxiaca,FC,Horizontal,14,052,13
2018,Chihuahua,Cuauhtémoc,U2,Horizontal,92,017,08
2018,Coahuila de Zaragoza,Monclova,U1,Horizontal,206,018,05
2019,Colima,Manzanillo,U2,Horizontal,130,007,06
2019,Chihuahua,Nuevo Casas Grandes,U1,Horizontal,8,050,08
2020,Aguascalientes,Aguascalientes,U3,Vertical,80,001,01
2020,Tamaulipas,Reynosa,U1,Horizontal,16,032,28
2020,Tlaxcala,Contla de Juan Cuamatzi,U2,Horizontal,1,018,29
2019,Jalisco,Puerto Vallarta,FC,Vertical,246,067,14
2020,Chihuahua,Juárez,U3,Horizontal,247,037,08
2020,Puebla,Atlixco,U2,Horizontal,4,019,21
2020,Guerrero,Iguala de la Independencia,U2,Vertical,24,035,12
2019,Baja California,Playas de Rosarito,FC,Horizontal,102,005,02
2018,México,Tlalnepantla de Baz,U1,Vertical,64,104,15
2020,Veracruz de Ignacio de la Llave,Perote,U3,Horizontal,52,128,30
2018,Guanajuato,Guanajuato,U3,Horizontal,219,015,11
2019,Hidalgo,Pachuca de Soto,U2,Horizontal,43,048,13
2018,Tlaxcala,Contla de Juan Cuamatzi,U2,Horizontal,4,018,29
2018,México,Tecámac,U3,Horizontal,984,081,15
2020,Tlaxcala,Tetla de la Solidaridad,U2,Vertical,2,031,29
2019,Jalisco,San Pedro Tlaquepaque,U3,Vertical,160,098,14
2018,Aguascalientes,Jesús María,U2,Horizontal,168,005,01
2020,Chihuahua,Ascensión,U1,Horizontal,7,005,08
2018,Colima,Villa de Álvarez,U3,Horizontal,547,010,06
2018,Guerrero,Acapulco de Juárez,U2,Horizontal,468,001,12
2020,Guanajuato,San José Iturbide,U3,Horizontal,6,032,11
2019,Michoacán de Ocampo,Zitácuaro,FC,Horizontal,1,112,16
2020,Michoacán de Ocampo,Marcos Castellanos,FC,Horizontal,3,051,16
2018,Tamaulipas,Reynosa,FC,Horizontal,73,032,28
2018,Baja California,Tecate,U1,Horizontal,7,003,02
2019,Veracruz de Ignacio de la Llave,Medellín de Bravo,U2,Horizontal,294,105,30
2018,Michoacán de Ocampo,Morelia,U3,Horizontal,399,053,16
2020,Aguascalientes,Pabellón de Arteaga,U3,Horizontal,79,006,01
2020,Nuevo León,Monterrey,U2,Horizontal,89,039,19
2019,San Luis Potosí,Ciudad Valles,U2,Horizontal,45,013,24
2019,Ciudad de México,Tlalpan,U2,Vertical,59,012,09
2019,México,Otzolotepec,FC,Horizontal,210,067,15
2019,Guanajuato,Irapuato,U1,Vertical,26,017,11
2019,Baja California,Tecate,U3,Horizontal,4,003,02
2018,Coahuila de Zaragoza,Saltillo,U3,Horizontal,387,030,05
2020,Sonora,Cajeme,U3,Horizontal,330,018,26
2019,Veracruz de Ignacio de la Llave,Córdoba,U1,Horizontal,2,044,30
2019,Querétaro,San Juan del Río,U2,Horizontal,58,016,22
2019,Chihuahua,Guachochi,U3,Horizontal,12,027,08
2020,México,Coacalco de Berriozábal,U2,Horizontal,10,020,15
2020,Baja California,Tecate,U3,Horizontal,4,003,02
2019,Jalisco,Tepatitlán de Morelos,U1,Horizontal,6,093,14
2019,Tabasco,Emiliano Zapata,U2,Horizontal,5,007,27
2019,Tlaxcala,Zacatelco,U1,Vertical,12,044,29
2018,Guanajuato,Guanajuato,U3,Vertical,210,015,11
2020,Puebla,San Salvador el Verde,FC,Horizontal,7,143,21
2020,Nayarit,Bahía de Banderas,FC,Horizontal,129,020,18
2018,Baja California Sur,La Paz,U2,Horizontal,231,003,03
2019,Coahuila de Zaragoza,Ramos Arizpe,U2,Horizontal,635,027,05
2020,Michoacán de Ocampo,Morelia,FC,Vertical,117,053,16
2020,México,Almoloya de Juárez,U3,Horizontal,70,005,15
2020,Michoacán de Ocampo,Pátzcuaro,U2,Vertical,12,066,16
2018,Tlaxcala,Tepetitla de Lardizábal,U2,Horizontal,21,019,29
2018,Oaxaca,San Jacinto Amilpas,U1,Horizontal,9,157,20
2018,Aguascalientes,Aguascalientes,U1,Vertical,180,001,01
2019,Coahuila de Zaragoza,Saltillo,U3,Horizontal,702,030,05
2018,Guanajuato,Silao de la Victoria,U3,Horizontal,229,037,11
2020,Tamaulipas,Reynosa,U3,Horizontal,3302,032,28
2019,Jalisco,Atotonilco el Alto,U1,Horizontal,4,013,14
2019,Tlaxcala,Xaloztoc,U2,Horizontal,2,039,29
2020,Ciudad de México,Cuauhtémoc,U1,Vertical,213,015,09
2019,Tabasco,Teapa,U2,Vertical,4,016,27
2020,Sonora,Navojoa,U1,Horizontal,81,042,26
2018,Nuevo León,García,U1,Horizontal,160,018,19
2019,Puebla,Huauchinango,U2,Vertical,64,071,21
2020,Yucatán,Valladolid,U2,Horizontal,9,102,31
2019,Michoacán de Ocampo,Purépero,FC,Horizontal,4,070,16
2019,Coahuila de Zaragoza,San Juan de Sabinas,U3,Horizontal,58,032,05
2019,Zacatecas,Río Grande,U2,Horizontal,1,039,32
2019,San Luis Potosí,Soledad de Graciano Sánchez,U1,Horizontal,40,035,24
2019,Veracruz de Ignacio de la Llave,Cosoleacaque,U2,Vertical,23,048,30
2020,Michoacán de Ocampo,Morelia,FC,Horizontal,45,053,16
2020,Aguascalientes,Aguascalientes,U2,Horizontal,544,001,01
2020,Veracruz de Ignacio de la Llave,Mariano Escobedo,U3,Horizontal,7,101,30
2019,Morelos,Ayala,U3,Horizontal,34,004,17
2018,Michoacán de Ocampo,Pátzcuaro,U3,Horizontal,1,066,16
2020,Puebla,Coronango,U1,Vertical,270,034,21
2018,Quintana Roo,Solidaridad,U2,Horizontal,1804,008,23
2018,Sonora,Agua Prieta,U3,Horizontal,100,002,26
2020,Quintana Roo,Tulum,FC,Vertical,656,009,23
2019,Jalisco,Tlajomulco de Zúñiga,U2,Vertical,510,097,14
2020,Querétaro,Corregidora,FC,Horizontal,167,006,22
2020,Colima,Tecomán,U2,Horizontal,193,009,06
2018,Jalisco,Tecolotlán,FC,Horizontal,2,088,14
2019,Nuevo León,Pesquería,U2,Horizontal,306,041,19
2019,Chiapas,Tapachula,U2,Horizontal,40,089,07
2020,Guanajuato,Acámbaro,FC,Horizontal,5,002,11
2020,Querétaro,San Juan del Río,U2,Horizontal,138,016,22
2020,Sinaloa,Culiacán,U3,Vertical,605,006,25
2020,Jalisco,San Miguel el Alto,U3,Horizontal,1,078,14
2019,Zacatecas,Guadalupe,U3,Horizontal,795,017,32
2018,Chiapas,Tuxtla Gutiérrez,U1,Vertical,72,101,07
2018,Nayarit,Tepic,FC,Horizontal,2,017,18
2019,Tlaxcala,Huamantla,U2,Vertical,42,013,29
2020,Coahuila de Zaragoza,Monclova,U1,Horizontal,145,018,05
2019,Aguascalientes,San Francisco de los Romo,U1,Horizontal,22,011,01
2020,Tamaulipas,Victoria,U1,Horizontal,2,041,28
2019,Yucatán,Umán,U3,Horizontal,172,101,31
2020,Zacatecas,Zacatecas,FC,Horizontal,11,056,32
2020,Veracruz de Ignacio de la Llave,Xalapa,FC,Vertical,30,087,30
2020,Jalisco,Lagos de Moreno,U1,Horizontal,34,053,14
2020,Nuevo León,Santa Catarina,U2,Horizontal,99,048,19
2018,Veracruz de Ignacio de la Llave,Xalapa,U1,Horizontal,14,087,30
2018,Colima,Coquimatlán,U3,Horizontal,2,004,06
2018,Tabasco,Tenosique,U2,Horizontal,3,017,27
2019,Yucatán,Kanasín,U2,Vertical,204,041,31
2019,Quintana Roo,Solidaridad,U3,Vertical,2253,008,23
2018,México,Ecatepec de Morelos,U1,Horizontal,416,033,15
2019,Jalisco,El Salto,U3,Horizontal,1655,070,14
2019,Chiapas,Tapachula,U3,Vertical,6,089,07
2019,México,Tecámac,U3,Horizontal,1102,081,15
2020,Yucatán,Kanasín,U3,Vertical,108,041,31
2018,Zacatecas,Ojocaliente,U3,Horizontal,8,036,32
2019,Nuevo León,Santa Catarina,U2,Horizontal,148,048,19
2019,Coahuila de Zaragoza,Acuña,U3,Horizontal,633,002,05
2019,Michoacán de Ocampo,Tarímbaro,U2,Vertical,56,088,16
2018,Guerrero,Zihuatanejo de Azueta,U3,Vertical,16,038,12
2020,Veracruz de Ignacio de la Llave,Orizaba,U2,Horizontal,16,118,30
2018,Coahuila de Zaragoza,Torreón,FC,Horizontal,94,035,05
2019,Nayarit,Bahía de Banderas,FC,Horizontal,48,020,18
2019,Yucatán,Tetiz,FC,Horizontal,1,087,31
2020,Nuevo León,Ciénega de Flores,FC,Horizontal,213,012,19
2019,Guerrero,Acapulco de Juárez,U3,Vertical,129,001,12
2020,Yucatán,Tizimín,U3,Horizontal,2,096,31
2018,Tlaxcala,Tetla de la Solidaridad,U2,Horizontal,13,031,29
2020,Michoacán de Ocampo,Pátzcuaro,U2,Horizontal,7,066,16
2020,Jalisco,El Salto,U3,Vertical,1006,070,14
2018,Veracruz de Ignacio de la Llave,Coatepec,U3,Horizontal,4,038,30
2019,Tamaulipas,Tampico,U2,Vertical,35,038,28
2018,México,Coacalco de Berriozábal,U2,Vertical,38,020,15
2018,Jalisco,Tuxpan,U2,Horizontal,4,108,14
2019,Oaxaca,Santa María Huatulco,U2,Vertical,14,413,20
2020,Colima,Colima,U1,Horizontal,230,002,06
2020,Michoacán de Ocampo,Vista Hermosa,FC,Horizontal,75,105,16
2020,Morelos,Tlayacapan,FC,Horizontal,11,026,17
2019,Morelos,Xochitepec,U2,Horizontal,5,028,17
2018,México,Tlalnepantla de Baz,U2,Vertical,27,104,15
2019,Zacatecas,Zacatecas,U1,Horizontal,1,056,32
2019,Michoacán de Ocampo,Hidalgo,U1,Horizontal,2,034,16
2018,Jalisco,Zapopan,U2,Vertical,1151,120,14
2020,Michoacán de Ocampo,Zamora,U3,Vertical,88,108,16
2020,Sonora,Guaymas,U3,Horizontal,86,029,26
2018,Oaxaca,Tlacolula de Matamoros,U3,Vertical,184,551,20
2018,Sinaloa,Mazatlán,U1,Horizontal,60,012,25
2018,Guerrero,Zihuatanejo de Azueta,FC,Horizontal,21,038,12
2020,Durango,Gómez Palacio,U2,Horizontal,61,007,10
2019,Tlaxcala,Santa Cruz Tlaxcala,U1,Horizontal,108,026,29
2019,Chiapas,Pichucalco,U2,Horizontal,1,068,07
2018,Tamaulipas,Tampico,U2,Horizontal,31,038,28
2019,México,Zinacantepec,U3,Horizontal,148,118,15
2020,Veracruz de Ignacio de la Llave,Fortín,U2,Horizontal,1,068,30
2019,México,Zinacantepec,U3,Vertical,2,118,15
2018,Jalisco,Tuxpan,U1,Horizontal,2,108,14
2018,Jalisco,El Grullo,U3,Horizontal,32,037,14
2018,Nuevo León,Apodaca,U3,Horizontal,1303,006,19
2019,México,Tonanitla,U3,Horizontal,102,125,15
2018,Veracruz de Ignacio de la Llave,Río Blanco,U2,Vertical,6,138,30
2019,Michoacán de Ocampo,Morelia,FC,Horizontal,8,053,16
2020,Baja California,Ensenada,U3,Horizontal,68,001,02
2019,Tamaulipas,Nuevo Laredo,U1,Horizontal,478,027,28
2019,Chihuahua,Aldama,U2,Horizontal,25,002,08
2019,Morelos,Yautepec,U2,Horizontal,54,029,17
2018,Oaxaca,Santa Cruz Xoxocotlán,U1,Vertical,2,385,20
2019,Coahuila de Zaragoza,Ramos Arizpe,U1,Horizontal,18,027,05
2019,Puebla,Coronango,U3,Vertical,33,034,21
2019,Michoacán de Ocampo,Lázaro Cárdenas,U1,Horizontal,1,052,16
2018,Chihuahua,Delicias,U3,Horizontal,176,021,08
2020,Michoacán de Ocampo,Zamora,U2,Horizontal,42,108,16
2020,Coahuila de Zaragoza,Piedras Negras,U1,Horizontal,46,025,05
2018,Jalisco,Lagos de Moreno,U1,Horizontal,86,053,14
2020,Hidalgo,Huichapan,FC,Horizontal,3,029,13
2020,Jalisco,Poncitlán,FC,Horizontal,6,066,14
2019,Tlaxcala,Xicohtzinco,U2,Horizontal,2,042,29
2019,Veracruz de Ignacio de la Llave,Naranjos Amatlán,U2,Horizontal,1,013,30
2018,Veracruz de Ignacio de la Llave,Cosoleacaque,U1,Horizontal,32,048,30
2019,Michoacán de Ocampo,Uruapan,U1,Vertical,168,102,16
2019,Michoacán de Ocampo,Zamora,U3,Vertical,228,108,16
2019,Guanajuato,Salamanca,U3,Horizontal,28,027,11
2019,Nuevo León,Pesquería,FC,Horizontal,491,041,19
2018,Veracruz de Ignacio de la Llave,Veracruz,U1,Horizontal,4,193,30
2020,Sonora,Cajeme,U2,Horizontal,203,018,26
2019,Jalisco,Tlajomulco de Zúñiga,U3,Horizontal,753,097,14
2018,Michoacán de Ocampo,Hidalgo,FC,Horizontal,10,034,16
2018,Baja California,Tijuana,U2,Horizontal,365,004,02
2019,Nayarit,Tepic,U2,Horizontal,71,017,18
2020,Aguascalientes,Jesús María,U3,Horizontal,38,005,01
2019,Michoacán de Ocampo,Morelia,U2,Vertical,209,053,16
2018,Morelos,Xochitepec,FC,Horizontal,218,028,17
2020,Tamaulipas,Matamoros,U2,Horizontal,27,022,28
2020,Guanajuato,León,U3,Vertical,1525,020,11
2018,Hidalgo,Santiago Tulantepec de Lugo Guerrero,U1,Horizontal,4,056,13
2018,Tabasco,Huimanguillo,FC,Horizontal,6,008,27
2018,Chihuahua,Nuevo Casas Grandes,U3,Horizontal,22,050,08
2020,Coahuila de Zaragoza,Torreón,U3,Horizontal,966,035,05
2018,Veracruz de Ignacio de la Llave,Cosoleacaque,U2,Horizontal,77,048,30
2020,Puebla,Puebla,U3,Horizontal,87,114,21
2019,Ciudad de México,Coyoacán,U2,Vertical,17,003,09
2019,Sonora,San Luis Río Colorado,U2,Horizontal,166,055,26
2018,Oaxaca,San Jacinto Amilpas,U2,Horizontal,1,157,20
2019,Tlaxcala,Tetla de la Solidaridad,U2,Horizontal,4,031,29
2020,Jalisco,Encarnación de Díaz,U2,Horizontal,40,035,14
2018,Baja California,Ensenada,U2,Horizontal,30,001,02
2020,Tabasco,Emiliano Zapata,U2,Horizontal,1,007,27
2020,Sinaloa,Guasave,U1,Horizontal,14,011,25
2019,Oaxaca,Santa María Atzompa,U1,Horizontal,1,399,20
2019,Sinaloa,Culiacán,U1,Vertical,178,006,25
2019,Sonora,Nogales,U2,Horizontal,163,043,26
2019,Veracruz de Ignacio de la Llave,Papantla,U1,Horizontal,2,124,30
2020,Guerrero,Chilpancingo de los Bravo,U1,Vertical,32,029,12
2019,Puebla,Zaragoza,FC,Horizontal,2,211,21
2019,Aguascalientes,Aguascalientes,U2,Vertical,118,001,01
2018,Querétaro,El Marqués,U3,Vertical,103,011,22
2020,Oaxaca,Santa Cruz Xoxocotlán,U1,Horizontal,1,385,20
2018,Querétaro,El Marqués,FC,Vertical,712,011,22
2020,Guanajuato,Silao de la Victoria,FC,Horizontal,97,037,11
2019,Chiapas,Palenque,U3,Horizontal,1,065,07
2018,Chiapas,Tapachula,U3,Horizontal,112,089,07
2019,Puebla,Teziutlán,U1,Horizontal,69,174,21
2018,Puebla,Huejotzingo,U3,Horizontal,259,074,21
2018,Jalisco,Zapotlanejo,U2,Horizontal,7,124,14
2018,Veracruz de Ignacio de la Llave,Medellín de Bravo,U3,Horizontal,66,105,30
2019,Michoacán de Ocampo,Zamora,U2,Horizontal,59,108,16
2018,Guanajuato,Villagrán,U3,Vertical,60,044,11
2020,Tlaxcala,Apizaco,U2,Horizontal,56,005,29
2018,San Luis Potosí,Matehuala,U2,Horizontal,94,020,24
2018,Tabasco,Teapa,FC,Horizontal,3,016,27
2019,Coahuila de Zaragoza,Francisco I. Madero,U2,Horizontal,15,009,05
2018,México,Chalco,U2,Horizontal,135,025,15
2019,Jalisco,Tala,U1,Horizontal,26,083,14
2018,Puebla,Huejotzingo,U3,Vertical,614,074,21
2020,Jalisco,Ixtlahuacán de los Membrillos,U3,Horizontal,18,044,14
2018,Ciudad de México,Benito Juárez,U1,Vertical,33,014,09
2018,Jalisco,Sayula,U3,Horizontal,28,082,14
2018,México,Acolman,U3,Horizontal,20,002,15
2019,Michoacán de Ocampo,Jacona,U2,Horizontal,9,043,16
2018,Guerrero,Chilpancingo de los Bravo,U3,Horizontal,100,029,12
2020,Sonora,Agua Prieta,U3,Horizontal,181,002,26
2018,Jalisco,Guadalajara,U2,Vertical,349,039,14
2019,Veracruz de Ignacio de la Llave,Poza Rica de Hidalgo,U3,Horizontal,33,131,30
2019,Sinaloa,Ahome,U3,Horizontal,445,001,25
2020,Veracruz de Ignacio de la Llave,Río Blanco,U3,Horizontal,32,138,30
2018,Veracruz de Ignacio de la Llave,San Andrés Tuxtla,U1,Horizontal,12,141,30
2019,Sinaloa,Culiacán,U3,Horizontal,494,006,25
2018,Ciudad de México,Gustavo A. Madero,U2,Vertical,179,005,09
2019,Tamaulipas,Reynosa,U3,Horizontal,3053,032,28
2018,Veracruz de Ignacio de la Llave,Ixtaczoquitlán,U3,Vertical,80,085,30
2020,México,Toluca,U3,Horizontal,102,106,15
2020,Hidalgo,Mineral de la Reforma,U1,Horizontal,30,051,13
2018,Jalisco,Casimiro Castillo,FC,Horizontal,5,021,14
2018,Durango,Durango,U1,Vertical,16,005,10
2018,Hidalgo,Zempoala,FC,Vertical,210,083,13
2020,Veracruz de Ignacio de la Llave,San Andrés Tuxtla,U2,Horizontal,4,141,30
2018,Tlaxcala,Yauhquemehcan,U1,Vertical,6,043,29
2019,Hidalgo,Ixmiquilpan,U3,Horizontal,3,030,13
2018,Guanajuato,Pénjamo,U2,Horizontal,22,023,11
2019,Jalisco,Puerto Vallarta,U2,Vertical,41,067,14
2020,Veracruz de Ignacio de la Llave,Córdoba,U1,Horizontal,2,044,30
2020,Zacatecas,Calera,U2,Horizontal,25,005,32
2020,Sinaloa,Navolato,FC,Vertical,2,018,25
2018,Nuevo León,Linares,U3,Horizontal,64,033,19
2019,Veracruz de Ignacio de la Llave,Xalapa,U1,Vertical,1,087,30
2019,Hidalgo,Mineral de la Reforma,U3,Horizontal,671,051,13
2020,Sinaloa,Ahome,U3,Horizontal,428,001,25
2018,Nayarit,Xalisco,U1,Vertical,14,008,18
2018,Oaxaca,Santa Cruz Xoxocotlán,U3,Horizontal,4,385,20
2020,Tamaulipas,Altamira,U2,Horizontal,163,003,28
2019,Chihuahua,Nuevo Casas Grandes,U2,Horizontal,176,050,08
2019,Yucatán,Hunucmá,U3,Horizontal,11,038,31
2020,Quintana Roo,Othón P. Blanco,U3,Horizontal,92,004,23
2018,Aguascalientes,San Francisco de los Romo,U3,Horizontal,287,011,01
2019,México,Tecámac,U3,Vertical,402,081,15
2019,Jalisco,La Barca,U2,Horizontal,3,018,14
2018,Campeche,Calkiní,U3,Horizontal,15,001,04
2019,Coahuila de Zaragoza,Acuña,U2,Horizontal,448,002,05
2018,Tlaxcala,Ixtacuixtla de Mariano Matamoros,U2,Horizontal,4,015,29
2020,México,Tecámac,U2,Vertical,234,081,15
2019,Tlaxcala,Tlaxcala,U2,Horizontal,42,033,29
2018,Zacatecas,Guadalupe,U3,Horizontal,1012,017,32
2018,Puebla,Atlixco,U2,Horizontal,4,019,21
2020,Baja California Sur,Los Cabos,FC,Horizontal,40,008,03
2020,Zacatecas,Jerez,U2,Horizontal,2,020,32
2020,México,Zinacantepec,U2,Horizontal,9,118,15
2018,Guanajuato,Apaseo el Alto,U2,Horizontal,9,004,11
2019,Guanajuato,Salamanca,FC,Vertical,162,027,11
2019,Michoacán de Ocampo,Tarímbaro,U3,Vertical,312,088,16
2019,México,Chalco,U2,Vertical,60,025,15
2020,Coahuila de Zaragoza,Matamoros,U2,Horizontal,15,017,05
2019,Tabasco,Huimanguillo,U2,Vertical,24,008,27
2020,Hidalgo,Tula de Allende,FC,Horizontal,15,076,13
2020,Morelos,Xochitepec,U3,Horizontal,85,028,17
2018,Hidalgo,Mineral de la Reforma,U1,Horizontal,18,051,13
2019,Jalisco,El Salto,FC,Horizontal,104,070,14
2018,Guerrero,Tixtla de Guerrero,FC,Horizontal,4,061,12
2018,Hidalgo,Pachuca de Soto,U3,Horizontal,411,048,13
2019,Chiapas,Palenque,U1,Horizontal,6,065,07
2020,Yucatán,Conkal,FC,Horizontal,1,013,31
2020,Hidalgo,Tizayuca,FC,Horizontal,668,069,13
2019,Jalisco,Tecolotlán,FC,Horizontal,1,088,14
2020,Hidalgo,Tizayuca,U3,Vertical,432,069,13
2018,Colima,Colima,U3,Horizontal,282,002,06
2018,Coahuila de Zaragoza,Acuña,U3,Horizontal,390,002,05
2019,Nuevo León,Ciénega de Flores,U3,Horizontal,753,012,19
2018,Colima,Manzanillo,U3,Horizontal,606,007,06
2020,Veracruz de Ignacio de la Llave,Tempoal,FC,Horizontal,2,161,30
2020,Tlaxcala,Zacatelco,U2,Horizontal,2,044,29
2018,Sinaloa,Culiacán,U3,Vertical,458,006,25
2019,Guerrero,Zihuatanejo de Azueta,U1,Horizontal,2,038,12
2020,México,Tlalnepantla de Baz,U2,Vertical,90,104,15
2018,Puebla,Zacapoaxtla,U3,Horizontal,1,207,21
2019,Morelos,Ayala,FC,Horizontal,286,004,17
2020,Zacatecas,Zacatecas,U3,Horizontal,42,056,32
2020,Zacatecas,Guadalupe,U2,Horizontal,105,017,32
2019,Chiapas,Tuxtla Gutiérrez,FC,Vertical,64,101,07
2020,Nayarit,Santiago Ixcuintla,U3,Horizontal,12,015,18
2020,Tamaulipas,Ciudad Madero,U2,Vertical,38,009,28
2018,Hidalgo,Tulancingo de Bravo,U1,Horizontal,25,077,13
2019,Chihuahua,Meoqui,U2,Horizontal,40,045,08
2018,Ciudad de México,Azcapotzalco,U1,Vertical,79,002,09
2020,Guanajuato,Villagrán,U3,Horizontal,342,044,11
2020,Morelos,Ayala,FC,Horizontal,427,004,17
2019,Hidalgo,Santiago Tulantepec de Lugo Guerrero,U2,Horizontal,1,056,13
2018,Puebla,Teziutlán,U1,Horizontal,68,174,21
2020,Michoacán de Ocampo,Zamora,U1,Horizontal,3,108,16
2018,Tamaulipas,Victoria,U3,Horizontal,419,041,28
2019,Puebla,San Martín Texmelucan,U2,Horizontal,7,132,21
2018,Nayarit,Tepic,U3,Vertical,138,017,18
2020,Veracruz de Ignacio de la Llave,Ixtaczoquitlán,U3,Horizontal,50,085,30
2020,Guanajuato,Salamanca,U3,Horizontal,44,027,11
2019,Ciudad de México,Iztacalco,U2,Vertical,76,006,09
2019,México,Tecámac,U2,Horizontal,755,081,15
2020,Durango,Gómez Palacio,U3,Horizontal,111,007,10
2020,Sonora,Cajeme,U1,Horizontal,4,018,26
2020,Michoacán de Ocampo,La Piedad,U1,Vertical,4,069,16
2018,Morelos,Cuernavaca,U1,Horizontal,10,007,17
2019,Nuevo León,Sabinas Hidalgo,U3,Horizontal,41,044,19
2020,Jalisco,Arandas,U3,Horizontal,3,008,14
2019,Chihuahua,Chihuahua,FC,Horizontal,12,019,08
2018,Puebla,Chignahuapan,U3,Horizontal,4,053,21
2020,Puebla,Puebla,U1,Horizontal,8,114,21
2019,Michoacán de Ocampo,Tarímbaro,U2,Horizontal,28,088,16
2020,Jalisco,Tala,FC,Horizontal,26,083,14
2020,Sonora,Hermosillo,U2,Horizontal,356,030,26
2020,Guerrero,Acapulco de Juárez,U3,Vertical,47,001,12
2020,México,Calimaya,FC,Horizontal,4,018,15
2018,Jalisco,Sayula,U2,Horizontal,9,082,14
2019,Nuevo León,Apodaca,U2,Horizontal,617,006,19
2019,Tabasco,Tenosique,U3,Horizontal,1,017,27
2020,Tabasco,Nacajuca,U1,Horizontal,2,013,27
2019,Tamaulipas,Valle Hermoso,U2,Horizontal,21,040,28
2018,Durango,Lerdo,U2,Horizontal,303,012,10
2019,Jalisco,Jalostotitlán,U2,Horizontal,1,046,14
2018,Oaxaca,San Juan Bautista Tuxtepec,U2,Horizontal,103,184,20
2020,Coahuila de Zaragoza,Matamoros,U3,Vertical,40,017,05
2018,Jalisco,Unión de Tula,FC,Horizontal,1,110,14
2019,Guerrero,Coyuca de Benítez,U2,Horizontal,4,021,12
2019,Jalisco,Ixtlahuacán de los Membrillos,U2,Vertical,24,044,14
2020,Yucatán,Kanasín,U3,Horizontal,694,041,31
2019,México,Toluca,U3,Horizontal,293,106,15
2019,Jalisco,Tlajomulco de Zúñiga,U3,Vertical,710,097,14
2020,Tamaulipas,Altamira,U2,Vertical,88,003,28
2018,Yucatán,Izamal,U3,Horizontal,5,040,31
2019,Chihuahua,Juárez,U1,Horizontal,417,037,08
2019,Tlaxcala,Tlaxcala,U2,Vertical,64,033,29
2019,Morelos,Yautepec,U3,Horizontal,14,029,17
2019,México,Calimaya,FC,Horizontal,3,018,15
2020,Zacatecas,Río Grande,U3,Horizontal,74,039,32
2018,San Luis Potosí,Rioverde,U2,Horizontal,4,024,24
2019,Tamaulipas,Reynosa,U2,Horizontal,805,032,28
2020,Nuevo León,General Zuazua,FC,Horizontal,1057,025,19
2020,Yucatán,Kanasín,U2,Horizontal,230,041,31
2018,San Luis Potosí,San Luis Potosí,U1,Horizontal,297,028,24
2020,Tamaulipas,Reynosa,U2,Vertical,44,032,28
2020,Chiapas,Chiapa de Corzo,U2,Horizontal,1,027,07
2018,Tamaulipas,Matamoros,U3,Horizontal,870,022,28
2020,México,Zumpango,U3,Vertical,596,120,15
2019,Quintana Roo,Benito Juárez,U2,Vertical,110,005,23
2020,Colima,Villa de Álvarez,U1,Vertical,18,010,06
2020,Chiapas,Tapachula,U1,Horizontal,2,089,07
2019,Guanajuato,San Francisco del Rincón,U1,Horizontal,65,031,11
2018,Ciudad de México,Iztacalco,U1,Vertical,212,006,09
2018,Zacatecas,Zacatecas,U3,Horizontal,54,056,32
2020,Sonora,Nogales,U2,Vertical,9,043,26
2019,Puebla,Puebla,FC,Horizontal,178,114,21
2018,Morelos,Jojutla,FC,Horizontal,309,012,17
2020,Veracruz de Ignacio de la Llave,Tuxpan,U3,Vertical,130,189,30
2019,Guerrero,Iguala de la Independencia,U1,Horizontal,22,035,12
2019,Nuevo León,Apodaca,U3,Horizontal,1951,006,19
2019,Puebla,Huejotzingo,U1,Horizontal,111,074,21
2019,Nuevo León,General Zuazua,FC,Horizontal,1154,025,19
2018,Morelos,Cuautla,U1,Horizontal,1,006,17
2019,México,Zinacantepec,U2,Horizontal,45,118,15
2018,Michoacán de Ocampo,Lázaro Cárdenas,U1,Vertical,15,052,16
2018,Veracruz de Ignacio de la Llave,Coatepec,U2,Horizontal,2,038,30
2018,Guanajuato,Irapuato,U2,Vertical,15,017,11
2020,Nuevo León,Ciénega de Flores,U3,Horizontal,614,012,19
2019,Guanajuato,Dolores Hidalgo Cuna de la Independencia Nacional,U2,Horizontal,75,014,11
2020,Michoacán de Ocampo,Morelia,U1,Vertical,26,053,16
2019,Jalisco,Zapopan,U2,Horizontal,34,120,14
2018,Jalisco,Ocotlán,U1,Horizontal,4,063,14
2018,Nuevo León,Cadereyta Jiménez,FC,Horizontal,1274,009,19
2018,Nuevo León,Montemorelos,U2,Horizontal,23,038,19
2019,Hidalgo,Pachuca de Soto,FC,Horizontal,192,048,13
2018,Jalisco,Guadalajara,U2,Horizontal,8,039,14
2020,Puebla,Teziutlán,U2,Vertical,68,174,21
2018,Nayarit,Xalisco,U2,Horizontal,92,008,18
2018,Hidalgo,Mixquiahuala de Juárez,U2,Horizontal,1,041,13
2020,Tamaulipas,Ciudad Madero,U1,Vertical,2,009,28
2020,Guanajuato,Dolores Hidalgo Cuna de la Independencia Nacional,FC,Horizontal,92,014,11
2020,Puebla,Tehuacán,U3,Horizontal,78,156,21
2020,Guanajuato,San Francisco del Rincón,FC,Horizontal,8,031,11
2018,Chihuahua,Delicias,U2,Horizontal,160,021,08
2019,Querétaro,Querétaro,U3,Vertical,294,014,22
2019,Puebla,Huauchinango,U3,Horizontal,12,071,21
2020,Morelos,Emiliano Zapata,U1,Horizontal,147,008,17
2020,Veracruz de Ignacio de la Llave,Córdoba,U3,Vertical,8,044,30
2020,Yucatán,Tekax,U1,Horizontal,2,079,31
2018,Tamaulipas,Matamoros,U2,Horizontal,116,022,28
2018,Sinaloa,Culiacán,U2,Vertical,362,006,25
2019,Puebla,Huejotzingo,U3,Horizontal,229,074,21
2018,Baja California,Tijuana,U2,Vertical,12,004,02
2019,San Luis Potosí,Ciudad Valles,U3,Horizontal,34,013,24
2020,Guanajuato,Celaya,U2,Vertical,48,007,11
2018,Guerrero,Chilpancingo de los Bravo,U2,Vertical,17,029,12
2019,Morelos,Temixco,U3,Vertical,120,018,17
2018,Guerrero,Chilpancingo de los Bravo,U1,Horizontal,8,029,12
2019,Puebla,Tlatlauquitepec,FC,Horizontal,4,186,21
2019,Ciudad de México,Cuauhtémoc,U2,Vertical,2,015,09
2019,Veracruz de Ignacio de la Llave,Veracruz,U1,Horizontal,8,193,30
2020,Aguascalientes,Aguascalientes,U1,Horizontal,146,001,01
2018,Veracruz de Ignacio de la Llave,Orizaba,U1,Horizontal,25,118,30
2019,Baja California Sur,Mulegé,FC,Horizontal,28,002,03
2019,Jalisco,Tepatitlán de Morelos,FC,Horizontal,3,093,14
2018,San Luis Potosí,Matehuala,U1,Horizontal,3,020,24
2020,Chihuahua,Juárez,U2,Horizontal,588,037,08
2018,Baja California Sur,Los Cabos,U3,Horizontal,52,008,03
2019,México,Cuautitlán,U3,Horizontal,369,024,15
2020,Chihuahua,Delicias,U2,Horizontal,43,021,08
2018,Baja California Sur,Loreto,U3,Horizontal,3,009,03
2018,Morelos,Cuernavaca,U1,Vertical,22,007,17
2018,Zacatecas,Loreto,U1,Horizontal,1,024,32
2019,Nuevo León,General Escobedo,U1,Vertical,11,021,19
2018,San Luis Potosí,San Luis Potosí,U3,Vertical,6,028,24
2020,Tlaxcala,Tepetitla de Lardizábal,U2,Horizontal,12,019,29
2018,Aguascalientes,Aguascalientes,U3,Horizontal,2106,001,01
2018,Michoacán de Ocampo,Zamora,U1,Horizontal,6,108,16
2020,Nuevo León,García,U2,Horizontal,560,018,19
2020,Chihuahua,Cuauhtémoc,U1,Horizontal,2,017,08
2019,Hidalgo,Mineral de la Reforma,U1,Horizontal,5,051,13
2020,Baja California,Tijuana,U3,Horizontal,807,004,02
2018,Tlaxcala,Santa Cruz Tlaxcala,U2,Horizontal,82,026,29
2020,Veracruz de Ignacio de la Llave,Coatepec,U2,Horizontal,14,038,30
2019,Jalisco,Puerto Vallarta,U3,Vertical,300,067,14
2018,Veracruz de Ignacio de la Llave,Mariano Escobedo,U2,Vertical,84,101,30
2019,Tlaxcala,Totolac,U1,Horizontal,1,036,29
2018,Querétaro,Querétaro,U3,Vertical,456,014,22
2018,Zacatecas,Guadalupe,U1,Horizontal,7,017,32
2018,San Luis Potosí,Soledad de Graciano Sánchez,U3,Horizontal,705,035,24
2019,Sinaloa,Ahome,U2,Vertical,9,001,25
2018,Baja California,Tijuana,U3,Vertical,762,004,02
2019,Zacatecas,Fresnillo,U2,Horizontal,63,010,32
2019,Sonora,San Luis Río Colorado,U3,Horizontal,47,055,26
2020,Querétaro,Querétaro,U3,Vertical,173,014,22
2020,Hidalgo,Ixmiquilpan,U3,Horizontal,5,030,13
2018,Tamaulipas,Nuevo Laredo,U3,Horizontal,168,027,28
2020,Querétaro,Corregidora,U2,Horizontal,1,006,22
2018,Aguascalientes,Aguascalientes,U2,Vertical,376,001,01
2018,Puebla,Amozoc,U3,Horizontal,52,015,21
2018,Chiapas,Ocozocoautla de Espinosa,FC,Vertical,200,061,07
2020,Tlaxcala,Apetatitlán de Antonio Carvajal,U1,Horizontal,8,002,29
2018,Querétaro,Querétaro,U3,Horizontal,907,014,22
2020,Veracruz de Ignacio de la Llave,Fortín,U1,Horizontal,8,068,30
2020,Nuevo León,El Carmen,U2,Horizontal,283,010,19
2018,Guanajuato,Salamanca,U2,Horizontal,7,027,11
2019,Tlaxcala,Tlaxcala,U1,Horizontal,1,033,29
2019,Guanajuato,Acámbaro,U2,Horizontal,1,002,11
2018,Aguascalientes,Jesús María,U3,Horizontal,153,005,01
2020,Chihuahua,Guachochi,FC,Horizontal,68,027,08
2020,Nuevo León,General Escobedo,U3,Horizontal,473,021,19
2020,Michoacán de Ocampo,Sahuayo,U3,Horizontal,20,076,16
2019,Aguascalientes,Pabellón de Arteaga,U2,Horizontal,41,006,01
2018,Coahuila de Zaragoza,Allende,U1,Horizontal,4,003,05
2018,Puebla,Huejotzingo,U1,Horizontal,43,074,21
2020,Puebla,Huejotzingo,U2,Horizontal,34,074,21
2018,Sinaloa,Ahome,U3,Horizontal,584,001,25
2020,Querétaro,San Juan del Río,FC,Horizontal,116,016,22
2018,Guanajuato,Salamanca,FC,Horizontal,397,027,11
2019,Jalisco,Tala,U2,Horizontal,14,083,14
2018,Baja California Sur,Comondú,U1,Horizontal,1,001,03
2020,Querétaro,Corregidora,U3,Vertical,108,006,22
2018,Oaxaca,Santa María Atzompa,U3,Horizontal,24,399,20
2018,Chihuahua,Jiménez,U2,Horizontal,27,036,08
2020,Baja California,Mexicali,U1,Horizontal,236,002,02
2019,Durango,Durango,U3,Vertical,34,005,10
2020,Michoacán de Ocampo,Lázaro Cárdenas,U1,Vertical,48,052,16
2018,Michoacán de Ocampo,Hidalgo,U1,Horizontal,1,034,16
2019,Veracruz de Ignacio de la Llave,Medellín de Bravo,U2,Vertical,24,105,30
2019,Aguascalientes,Aguascalientes,U1,Horizontal,216,001,01
2020,Jalisco,Tepatitlán de Morelos,U1,Horizontal,12,093,14
2019,Hidalgo,Tizayuca,U3,Horizontal,754,069,13
2018,Puebla,San Salvador el Verde,U3,Horizontal,10,143,21
2018,Nuevo León,Apodaca,U2,Horizontal,550,006,19
2020,Jalisco,Puerto Vallarta,U2,Horizontal,120,067,14
2018,México,Lerma,U2,Horizontal,2,051,15
2020,Nuevo León,Cadereyta Jiménez,U3,Horizontal,293,009,19
2020,Nayarit,Tepic,U3,Horizontal,68,017,18
2020,Aguascalientes,Pabellón de Arteaga,U2,Horizontal,12,006,01
2019,México,Otzolotepec,FC,Vertical,360,067,15
2020,Puebla,Zacatlán,U2,Horizontal,2,208,21
2019,Guanajuato,Salamanca,FC,Horizontal,316,027,11
2019,Guanajuato,León,U3,Horizontal,1822,020,11
2020,Hidalgo,Tepeji del Río de Ocampo,U2,Horizontal,14,063,13
2019,Querétaro,Querétaro,FC,Vertical,60,014,22
2020,San Luis Potosí,San Luis Potosí,U2,Vertical,149,028,24
2019,Sinaloa,Navolato,U2,Horizontal,8,018,25
2020,Querétaro,San Juan del Río,FC,Vertical,72,016,22
2020,Zacatecas,Ojocaliente,U2,Horizontal,1,036,32
2018,Coahuila de Zaragoza,Castaños,U2,Horizontal,23,006,05
2018,Yucatán,Kanasín,FC,Horizontal,33,041,31
2018,Jalisco,San Pedro Tlaquepaque,U3,Vertical,48,098,14
2022,Hidalgo,Zempoala,U1,Horizontal,26,083,13
2023,Quintana Roo,Benito Juárez,U1,Horizontal,86,005,23
2022,México,Toluca,U2,Horizontal,2,106,15
2022,Tamaulipas,Reynosa,U1,Horizontal,8,032,28
2023,Hidalgo,Santiago Tulantepec de Lugo Guerrero,U1,Horizontal,1,056,13
2021,San Luis Potosí,Ciudad Valles,U2,Horizontal,2,013,24
2022,Durango,Lerdo,U1,Horizontal,53,012,10
2021,Jalisco,Zapopan,U2,Horizontal,6,120,14
2023,Chiapas,La Libertad,FC,Horizontal,1,050,07
2023,Coahuila de Zaragoza,Arteaga,U3,Horizontal,5,004,05
2023,Jalisco,Ayotlán,FC,Horizontal,21,016,14
2021,Coahuila de Zaragoza,Matamoros,U3,Vertical,70,017,05
2023,Guerrero,Acapulco de Juárez,U2,Horizontal,13,001,12
2021,Guanajuato,San Felipe,U2,Horizontal,40,030,11
2022,Puebla,Tehuacán,U1,Horizontal,162,156,21
2023,Colima,Colima,U3,Horizontal,203,002,06
2022,Michoacán de Ocampo,Puruándiro,U2,Horizontal,1,071,16
2022,Puebla,Puebla,U3,Horizontal,296,114,21
2021,Michoacán de Ocampo,Sahuayo,U1,Horizontal,34,076,16
2022,Hidalgo,Pachuca de Soto,U2,Horizontal,1,048,13
2023,Guanajuato,San Francisco del Rincón,U1,Vertical,1,031,11
2022,Nayarit,Tepic,U3,Horizontal,51,017,18
2023,Nuevo León,Sabinas Hidalgo,U2,Horizontal,4,044,19
2023,Nayarit,Bahía de Banderas,U3,Horizontal,164,020,18
2023,Durango,Durango,U2,Vertical,8,005,10
2022,Nuevo León,Pesquería,FC,Vertical,102,041,19
2022,Coahuila de Zaragoza,Matamoros,FC,Horizontal,36,017,05
2023,Ciudad de México,Iztacalco,U2,Vertical,4,006,09
2022,Chiapas,Tapachula,FC,Horizontal,34,089,07
2021,San Luis Potosí,Tamuín,U1,Horizontal,1,040,24
2021,Nayarit,Compostela,U1,Horizontal,1,004,18
2021,Durango,Gómez Palacio,U3,Horizontal,76,007,10
2022,Veracruz de Ignacio de la Llave,Córdoba,U3,Horizontal,44,044,30
2021,Michoacán de Ocampo,Uruapan,U1,Vertical,47,102,16
2022,Nayarit,Compostela,U2,Horizontal,2,004,18
2021,Nuevo León,Apodaca,U3,Horizontal,1235,006,19
2021,Guerrero,Tixtla de Guerrero,U2,Horizontal,8,061,12
2022,Puebla,Teziutlán,U2,Vertical,16,174,21
2023,México,Huehuetoca,U1,Vertical,155,035,15
2022,Morelos,Xochitepec,U2,Vertical,51,028,17
2021,Sonora,Hermosillo,U1,Horizontal,22,030,26
2022,Guanajuato,San José Iturbide,U3,Horizontal,40,032,11
2023,Nuevo León,Apodaca,U2,Horizontal,56,006,19
2021,Nuevo León,Cadereyta Jiménez,U1,Horizontal,3,009,19
2023,Guerrero,Chilpancingo de los Bravo,U1,Horizontal,4,029,12
2022,Tamaulipas,Altamira,U3,Horizontal,75,003,28
2023,Guanajuato,San Francisco del Rincón,U1,Horizontal,30,031,11
2022,Oaxaca,San Juan Bautista Tuxtepec,U3,Horizontal,5,184,20
2023,Sonora,Agua Prieta,U2,Horizontal,31,002,26
2021,Tamaulipas,Matamoros,U2,Vertical,16,022,28
2022,Chihuahua,Chihuahua,FC,Horizontal,13,019,08
2023,San Luis Potosí,San Luis Potosí,U2,Horizontal,287,028,24
2022,Colima,Colima,FC,Horizontal,5,002,06
2022,Nayarit,Bahía de Banderas,U3,Horizontal,144,020,18
2021,Nuevo León,Santa Catarina,U3,Horizontal,1,048,19
2021,Chihuahua,Cuauhtémoc,U1,Horizontal,22,017,08
2023,Chiapas,Tonalá,FC,Horizontal,47,097,07
2021,Puebla,Zacatlán,U2,Horizontal,1,208,21
2022,Yucatán,Kanasín,U3,Vertical,162,041,31
2021,Chihuahua,Chihuahua,U1,Horizontal,28,019,08
2021,Coahuila de Zaragoza,Zaragoza,FC,Horizontal,11,038,05
2021,Jalisco,Tlajomulco de Zúñiga,U2,Horizontal,354,097,14
2022,Ciudad de México,Gustavo A. Madero,U2,Vertical,85,005,09
2023,Tlaxcala,Tlaxcala,U2,Vertical,24,033,29
2021,Sinaloa,Culiacán,U2,Vertical,183,006,25
2023,Tlaxcala,San Pablo del Monte,U2,Vertical,16,025,29
2023,Nuevo León,Juárez,U1,Horizontal,203,031,19
2022,Nuevo León,Santa Catarina,U2,Horizontal,59,048,19
2021,Oaxaca,Heroica Ciudad de Huajuapan de León,U3,Horizontal,24,039,20
2021,Colima,Coquimatlán,FC,Horizontal,1,004,06
2023,México,Nicolás Romero,U2,Horizontal,1,060,15
2022,Tabasco,Huimanguillo,U3,Vertical,72,008,27
2021,Chihuahua,Hidalgo del Parral,U1,Horizontal,8,032,08
2021,Hidalgo,Tizayuca,FC,Horizontal,998,069,13
2022,Yucatán,Motul,U2,Horizontal,1,052,31
2021,Campeche,Campeche,U2,Horizontal,106,002,04
2022,Jalisco,Puerto Vallarta,U1,Horizontal,2,067,14
2023,Guanajuato,Silao de la Victoria,U3,Vertical,65,037,11
2022,Guanajuato,León,FC,Vertical,115,020,11
2021,Tamaulipas,Reynosa,U2,Vertical,80,032,28
2023,Sonora,Puerto Peñasco,FC,Horizontal,3,048,26
2022,Michoacán de Ocampo,Tarímbaro,U2,Horizontal,18,088,16
2023,Durango,Lerdo,U3,Horizontal,39,012,10
2022,Puebla,Teziutlán,U2,Horizontal,73,174,21
2022,Veracruz de Ignacio de la Llave,Coatzacoalcos,U2,Horizontal,1,039,30
2022,Sonora,Nogales,U3,Horizontal,239,043,26
2021,Nuevo León,Guadalupe,U1,Horizontal,136,026,19
2022,Veracruz de Ignacio de la Llave,Coatepec,U3,Vertical,6,038,30
2021,Sonora,Nogales,U3,Vertical,144,043,26
2022,Chiapas,Tapachula,U2,Vertical,12,089,07
2022,Coahuila de Zaragoza,Piedras Negras,U1,Horizontal,71,025,05
2023,Coahuila de Zaragoza,Allende,U1,Horizontal,3,003,05
2022,Jalisco,Puerto Vallarta,FC,Vertical,228,067,14
2022,Zacatecas,Fresnillo,U1,Horizontal,6,010,32
2021,Zacatecas,Zacatecas,FC,Horizontal,71,056,32
2021,Coahuila de Zaragoza,Monclova,U3,Horizontal,4,018,05
2022,Hidalgo,Apan,U1,Horizontal,4,008,13
2021,Zacatecas,Guadalupe,U2,Horizontal,66,017,32
2023,Coahuila de Zaragoza,Castaños,U2,Horizontal,29,006,05
2021,Michoacán de Ocampo,Marcos Castellanos,FC,Horizontal,1,051,16
2021,Nuevo León,Montemorelos,U2,Horizontal,9,038,19
2022,Veracruz de Ignacio de la Llave,Boca del Río,FC,Horizontal,53,028,30
2023,Jalisco,Zapotlanejo,FC,Horizontal,9,124,14
2021,Tlaxcala,Yauhquemehcan,U2,Vertical,22,043,29
2022,Tamaulipas,Reynosa,U3,Vertical,18,032,28
2022,Hidalgo,Pachuca de Soto,U3,Horizontal,286,048,13
2023,Quintana Roo,Solidaridad,FC,Vertical,358,008,23
2023,Sinaloa,Salvador Alvarado,U2,Horizontal,6,015,25
2022,Tamaulipas,Altamira,U2,Horizontal,11,003,28
2021,Coahuila de Zaragoza,Acuña,U2,Horizontal,104,002,05
2022,Colima,Colima,U3,Horizontal,66,002,06
2023,San Luis Potosí,San Luis Potosí,U1,Vertical,10,028,24
2022,Nayarit,Santiago Ixcuintla,U3,Horizontal,3,015,18
2021,Jalisco,La Barca,U2,Vertical,52,018,14
2021,México,Calimaya,U3,Horizontal,97,018,15
2022,Jalisco,Ameca,U3,Horizontal,2,006,14
2021,Yucatán,Kanasín,FC,Horizontal,119,041,31
2022,Guanajuato,Silao de la Victoria,U2,Vertical,450,037,11
2021,Guerrero,Chilpancingo de los Bravo,U1,Vertical,32,029,12
2021,Guanajuato,Celaya,FC,Horizontal,3,007,11
2021,Sinaloa,Mazatlán,U3,Horizontal,553,012,25
2022,Chihuahua,Chihuahua,U3,Horizontal,1722,019,08
2021,Yucatán,Conkal,U3,Horizontal,33,013,31
2023,Nuevo León,García,FC,Horizontal,131,018,19
2022,Quintana Roo,Cozumel,U3,Horizontal,1,001,23
2022,Veracruz de Ignacio de la Llave,Medellín de Bravo,U3,Vertical,402,105,30
2021,Jalisco,Puerto Vallarta,FC,Horizontal,39,067,14
2022,Colima,Coquimatlán,U3,Horizontal,5,004,06
2021,Coahuila de Zaragoza,Torreón,FC,Horizontal,69,035,05
2023,Guerrero,Acapulco de Juárez,U3,Vertical,6,001,12
2022,Jalisco,Tonalá,FC,Horizontal,591,101,14
2022,Baja California Sur,La Paz,U1,Horizontal,10,003,03
2021,Guanajuato,León,FC,Horizontal,104,020,11
2021,Veracruz de Ignacio de la Llave,Ixtaczoquitlán,U3,Vertical,88,085,30
2021,Coahuila de Zaragoza,Acuña,U1,Horizontal,126,002,05
2021,Ciudad de México,Iztapalapa,U1,Vertical,22,007,09
2022,Jalisco,Zapopan,U3,Vertical,859,120,14
2022,Hidalgo,Mineral de la Reforma,FC,Horizontal,155,051,13
2023,Nuevo León,El Carmen,FC,Horizontal,504,010,19
2022,Nuevo León,Linares,U2,Horizontal,43,033,19
2023,Colima,Villa de Álvarez,U1,Horizontal,28,010,06
2023,Baja California,Ensenada,U2,Horizontal,3,001,02
2021,México,Huehuetoca,U3,Horizontal,387,035,15
2021,Jalisco,Zapotlán el Grande,U2,Horizontal,71,023,14
2022,México,Cuautitlán,U3,Horizontal,377,024,15
2021,Michoacán de Ocampo,Jiquilpan,U2,Horizontal,15,045,16
2023,Tabasco,Nacajuca,U3,Horizontal,27,013,27
2022,Jalisco,Zapopan,FC,Vertical,184,120,14
2022,Durango,Gómez Palacio,U2,Horizontal,311,007,10
2021,Guerrero,Acapulco de Juárez,U3,Vertical,40,001,12
2023,Chihuahua,Delicias,U3,Horizontal,141,021,08
2021,Guanajuato,San José Iturbide,FC,Horizontal,34,032,11
2021,Jalisco,Tonalá,U2,Horizontal,132,101,14
2021,México,Almoloya de Juárez,U3,Horizontal,175,005,15
2022,Yucatán,Kanasín,U2,Horizontal,150,041,31
2022,Nuevo León,General Escobedo,FC,Horizontal,636,021,19
2021,Campeche,Champotón,FC,Horizontal,1,004,04
2022,Tlaxcala,Tepetitla de Lardizábal,U2,Horizontal,2,019,29
2023,Tamaulipas,Reynosa,U2,Horizontal,257,032,28
2022,Puebla,San Martín Texmelucan,U2,Horizontal,72,132,21
2023,Veracruz de Ignacio de la Llave,Xalapa,U2,Vertical,1,087,30
2022,Sinaloa,Mazatlán,U3,Vertical,175,012,25
2021,Sonora,Puerto Peñasco,U1,Horizontal,17,048,26
2022,Nuevo León,Salinas Victoria,U3,Horizontal,1336,045,19
2023,Zacatecas,Villanueva,FC,Horizontal,3,055,32
2021,Sonora,Cajeme,U3,Horizontal,415,018,26
2021,Querétaro,San Juan del Río,FC,Horizontal,177,016,22
2021,Nayarit,Bahía de Banderas,U3,Vertical,341,020,18
2021,Querétaro,Querétaro,FC,Horizontal,90,014,22
2021,Michoacán de Ocampo,Hidalgo,FC,Horizontal,1,034,16
2023,Michoacán de Ocampo,Morelia,U3,Horizontal,733,053,16
2021,Querétaro,San Juan del Río,U3,Horizontal,483,016,22
2023,Tlaxcala,Yauhquemehcan,U2,Horizontal,14,043,29
2021,Puebla,Chignahuapan,U3,Horizontal,4,053,21
2022,Puebla,Atempan,U1,Horizontal,1,017,21
2022,Sinaloa,Ahome,U1,Horizontal,1,001,25
2023,Yucatán,Umán,U3,Vertical,105,101,31
2021,Chiapas,Pichucalco,FC,Horizontal,3,068,07
2022,Aguascalientes,Pabellón de Arteaga,U1,Horizontal,10,006,01
2023,Guerrero,Ometepec,FC,Horizontal,10,046,12
2023,Puebla,Tehuacán,U1,Horizontal,40,156,21
2023,Veracruz de Ignacio de la Llave,Boca del Río,FC,Horizontal,60,028,30
2022,Tlaxcala,Yauhquemehcan,U1,Horizontal,1,043,29
2023,Hidalgo,Zempoala,FC,Horizontal,775,083,13
2022,Coahuila de Zaragoza,Saltillo,U3,Vertical,134,030,05
2023,Chihuahua,Nuevo Casas Grandes,U1,Horizontal,1,050,08
2021,San Luis Potosí,Soledad de Graciano Sánchez,U1,Horizontal,19,035,24
2022,Chihuahua,Ojinaga,U3,Horizontal,36,052,08
2022,Chiapas,La Libertad,FC,Horizontal,1,050,07
2023,Tlaxcala,Tzompantepec,U2,Vertical,3,038,29
2022,Coahuila de Zaragoza,Sabinas,U3,Horizontal,14,028,05
2023,Coahuila de Zaragoza,Torreón,U2,Horizontal,697,035,05
2023,Nuevo León,Montemorelos,U1,Horizontal,2,038,19
2021,Tlaxcala,Amaxac de Guerrero,FC,Horizontal,4,001,29
2022,Chiapas,Tuxtla Gutiérrez,FC,Horizontal,48,101,07
2023,Tamaulipas,Matamoros,U1,Horizontal,1,022,28
2023,Morelos,Jojutla,FC,Vertical,3,012,17
2021,Tamaulipas,El Mante,U2,Horizontal,75,021,28
2023,Hidalgo,Zempoala,FC,Vertical,264,083,13
2021,Puebla,Tehuacán,U3,Vertical,83,156,21
2023,Chiapas,Ocozocoautla de Espinosa,FC,Vertical,8,061,07
2023,Tlaxcala,Zacatelco,U2,Horizontal,3,044,29
2021,Chiapas,Villaflores,U3,Horizontal,70,108,07
2021,San Luis Potosí,Matehuala,U2,Horizontal,2,020,24
2022,Nuevo León,Cadereyta Jiménez,U3,Horizontal,541,009,19
2022,Michoacán de Ocampo,Tarímbaro,U3,Horizontal,55,088,16
2022,Jalisco,Lagos de Moreno,U3,Horizontal,328,053,14
2021,Coahuila de Zaragoza,Torreón,U1,Horizontal,120,035,05
2022,Michoacán de Ocampo,Morelia,FC,Vertical,80,053,16
2021,Tlaxcala,Tzompantepec,U3,Horizontal,1,038,29
2021,Guanajuato,Irapuato,U1,Vertical,3,017,11
2021,Yucatán,Tixkokob,FC,Horizontal,5,093,31
2023,Tamaulipas,Altamira,U3,Horizontal,23,003,28
2022,Tlaxcala,Yauhquemehcan,U2,Horizontal,6,043,29
2022,Michoacán de Ocampo,Pátzcuaro,U1,Vertical,7,066,16
2023,Jalisco,Tlajomulco de Zúñiga,FC,Vertical,12,097,14
2021,Jalisco,Encarnación de Díaz,FC,Horizontal,13,035,14
2021,Durango,Durango,U1,Horizontal,66,005,10
2023,Puebla,Coronango,U1,Horizontal,60,034,21
2022,Jalisco,Ocotlán,U2,Vertical,24,063,14
2022,Puebla,Xiutetelco,U1,Horizontal,1,199,21
2022,San Luis Potosí,Ciudad Valles,FC,Horizontal,19,013,24
2022,Sonora,Hermosillo,U2,Vertical,1,030,26
2021,Nayarit,Santiago Ixcuintla,U3,Vertical,6,015,18
2023,Veracruz de Ignacio de la Llave,Xalapa,U3,Horizontal,66,087,30
2022,Guanajuato,Salamanca,U3,Horizontal,147,027,11
2023,Nayarit,Bahía de Banderas,U2,Vertical,66,020,18
2021,Veracruz de Ignacio de la Llave,San Andrés Tuxtla,U3,Horizontal,40,141,30
2022,Jalisco,Tlajomulco de Zúñiga,U2,Horizontal,317,097,14
2023,Sonora,Puerto Peñasco,U1,Horizontal,16,048,26
2022,San Luis Potosí,San Luis Potosí,U2,Horizontal,395,028,24
2022,Veracruz de Ignacio de la Llave,Tuxpan,U3,Vertical,30,189,30
2022,Puebla,Tehuacán,U2,Horizontal,99,156,21
2022,Nayarit,Xalisco,U3,Horizontal,6,008,18
2022,Tlaxcala,Tlaxco,U2,Horizontal,13,034,29
2022,Quintana Roo,Solidaridad,U2,Horizontal,127,008,23
2023,Jalisco,Puerto Vallarta,U2,Vertical,1,067,14
2021,Morelos,Xochitepec,U2,Horizontal,31,028,17
2021,Sonora,Hermosillo,FC,Horizontal,100,030,26
2021,México,Chalco,U3,Horizontal,1293,025,15
2022,Coahuila de Zaragoza,Torreón,U3,Horizontal,242,035,05
2023,Colima,Cuauhtémoc,FC,Horizontal,63,005,06
2022,Durango,Durango,U1,Horizontal,63,005,10
2021,Jalisco,La Barca,U2,Horizontal,8,018,14
2022,Yucatán,Umán,U1,Horizontal,85,101,31
2023,Jalisco,Zapotlán el Grande,U3,Horizontal,30,023,14
2021,Chiapas,Tapachula,U3,Horizontal,74,089,07
2023,Chihuahua,Cuauhtémoc,U1,Horizontal,25,017,08
2022,Veracruz de Ignacio de la Llave,Ixtaczoquitlán,U3,Vertical,144,085,30
2022,Coahuila de Zaragoza,Acuña,U3,Horizontal,508,002,05
2021,Aguascalientes,Pabellón de Arteaga,U2,Horizontal,8,006,01
2021,Yucatán,Kanasín,U2,Horizontal,230,041,31
2022,Coahuila de Zaragoza,Múzquiz,U3,Horizontal,38,020,05
2021,Durango,Lerdo,U3,Horizontal,258,012,10
2023,Tlaxcala,Tzompantepec,U3,Vertical,3,038,29
2022,Chiapas,Comitán de Domínguez,U2,Horizontal,41,019,07
2021,Aguascalientes,Cosío,FC,Horizontal,5,004,01
2021,Puebla,Atlixco,U2,Horizontal,3,019,21
2023,Sinaloa,Salvador Alvarado,U3,Horizontal,82,015,25
2022,Guerrero,Acapulco de Juárez,FC,Vertical,50,001,12
2023,Michoacán de Ocampo,Pátzcuaro,FC,Horizontal,8,066,16
2023,Hidalgo,Almoloya,FC,Horizontal,1,007,13
2023,Quintana Roo,Benito Juárez,U2,Vertical,80,005,23
2021,Jalisco,San Pedro Tlaquepaque,U3,Horizontal,78,098,14
2021,Nuevo León,Montemorelos,U3,Horizontal,106,038,19
2023,Colima,Tecomán,U3,Horizontal,13,009,06
2023,Yucatán,Conkal,U3,Horizontal,7,013,31
2021,Chiapas,Chiapa de Corzo,FC,Horizontal,11,027,07
2021,Jalisco,Tala,U1,Horizontal,40,083,14
2021,Michoacán de Ocampo,Apatzingán,FC,Horizontal,3,006,16
2021,Michoacán de Ocampo,Morelia,FC,Horizontal,40,053,16
2021,Ciudad de México,Iztacalco,U2,Vertical,5,006,09
2021,Aguascalientes,Jesús María,U1,Horizontal,10,005,01
2021,Guanajuato,San Felipe,U3,Horizontal,79,030,11
2021,Hidalgo,Tizayuca,U3,Horizontal,2338,069,13
2023,Sonora,Navojoa,U2,Horizontal,78,042,26
2021,Tamaulipas,Reynosa,U3,Horizontal,3319,032,28
2023,Zacatecas,Morelos,FC,Horizontal,1,032,32
2022,Guanajuato,Guanajuato,FC,Horizontal,17,015,11
2021,Coahuila de Zaragoza,Francisco I. Madero,U2,Horizontal,4,009,05
2023,Veracruz de Ignacio de la Llave,Veracruz,U3,Vertical,1203,193,30
2023,Jalisco,Zapopan,FC,Horizontal,181,120,14
2022,San Luis Potosí,Soledad de Graciano Sánchez,U2,Horizontal,129,035,24
2021,Yucatán,Valladolid,U3,Horizontal,151,102,31
2023,México,Huehuetoca,U1,Horizontal,1,035,15
2022,Aguascalientes,Calvillo,U2,Horizontal,3,003,01
2023,Guerrero,Zihuatanejo de Azueta,U3,Vertical,3,038,12
2022,Chiapas,Chiapa de Corzo,U2,Horizontal,1,027,07
2022,Morelos,Jiutepec,U1,Horizontal,90,011,17
2023,Guanajuato,Purísima del Rincón,FC,Horizontal,6,025,11
2022,Aguascalientes,Jesús María,U2,Horizontal,154,005,01
2023,México,Zumpango,U3,Vertical,1412,120,15
2021,Aguascalientes,Calvillo,FC,Horizontal,3,003,01
2021,Morelos,Emiliano Zapata,U3,Horizontal,192,008,17
2022,Puebla,Puebla,U3,Vertical,166,114,21
2021,Michoacán de Ocampo,Tarímbaro,U3,Horizontal,15,088,16
2023,Yucatán,Mérida,U3,Horizontal,2495,050,31
2022,Guerrero,Chilpancingo de los Bravo,U2,Vertical,1,029,12
2023,Jalisco,Zapotiltic,U3,Vertical,149,121,14
2021,Guanajuato,Irapuato,U2,Horizontal,23,017,11
2022,Hidalgo,Cuautepec de Hinojosa,U3,Horizontal,19,016,13
2022,Guanajuato,San Miguel de Allende,FC,Horizontal,13,003,11
2022,Zacatecas,Pinos,FC,Horizontal,5,038,32
2023,Nayarit,Xalisco,U2,Vertical,8,008,18
2021,México,Soyaniquilpan de Juárez,FC,Horizontal,4,079,15
2021,Veracruz de Ignacio de la Llave,Coatepec,U3,Vertical,6,038,30
2021,Hidalgo,Tizayuca,U2,Horizontal,67,069,13
2021,Jalisco,Valle de Guadalupe,FC,Horizontal,109,111,14
2022,San Luis Potosí,San Luis Potosí,U1,Vertical,9,028,24
2022,Jalisco,Tepatitlán de Morelos,U2,Horizontal,12,093,14
2023,Chiapas,Tuxtla Gutiérrez,U1,Vertical,31,101,07
2023,Coahuila de Zaragoza,Francisco I. Madero,U2,Horizontal,4,009,05
2021,Baja California Sur,Loreto,U3,Horizontal,3,009,03
2022,Chiapas,Chiapa de Corzo,FC,Horizontal,7,027,07
2021,Puebla,Tehuacán,U3,Horizontal,51,156,21
2022,Guanajuato,San Francisco del Rincón,U1,Horizontal,9,031,11
2023,Sonora,Hermosillo,U3,Vertical,32,030,26
2021,Guanajuato,Irapuato,U3,Horizontal,60,017,11
2023,Guanajuato,Villagrán,FC,Horizontal,42,044,11
2021,Coahuila de Zaragoza,Frontera,U3,Horizontal,10,010,05
2021,Guanajuato,León,FC,Vertical,1,020,11
2023,Tamaulipas,Altamira,U2,Vertical,49,003,28
2022,San Luis Potosí,Soledad de Graciano Sánchez,U3,Vertical,98,035,24
2022,Puebla,Teziutlán,U3,Vertical,10,174,21
2021,San Luis Potosí,Soledad de Graciano Sánchez,U3,Vertical,125,035,24
2022,Sonora,Cajeme,U3,Horizontal,499,018,26
2023,Tlaxcala,Yauhquemehcan,U2,Vertical,50,043,29
2023,Coahuila de Zaragoza,San Pedro,U3,Horizontal,25,033,05
2023,Jalisco,Tepatitlán de Morelos,FC,Horizontal,10,093,14
2022,Sonora,Empalme,U2,Horizontal,4,025,26
2023,Ciudad de México,Gustavo A. Madero,U2,Vertical,110,005,09
2022,Jalisco,San Juan de los Lagos,U3,Horizontal,155,073,14
2023,Sinaloa,Culiacán,U1,Vertical,24,006,25
2023,Morelos,Zacatepec,FC,Horizontal,22,031,17
2022,Baja California,Tijuana,U1,Horizontal,22,004,02
2023,Querétaro,El Marqués,U2,Horizontal,1,011,22
2023,Jalisco,Puerto Vallarta,U2,Horizontal,3,067,14
2023,Sonora,Guaymas,U3,Horizontal,170,029,26
2022,Nayarit,Tepic,U1,Vertical,2,017,18
2021,Jalisco,Poncitlán,FC,Horizontal,12,066,14
2022,Coahuila de Zaragoza,Torreón,U1,Vertical,7,035,05
2022,Querétaro,Corregidora,FC,Horizontal,79,006,22
2021,Nuevo León,Pesquería,U3,Horizontal,682,041,19
2022,Hidalgo,Tizayuca,U3,Vertical,1007,069,13
2021,Hidalgo,Ixmiquilpan,U2,Horizontal,2,030,13
2023,Michoacán de Ocampo,Morelia,U3,Vertical,632,053,16
2021,Jalisco,Tonalá,FC,Horizontal,558,101,14
2021,Oaxaca,Santa María Huatulco,U3,Vertical,176,413,20
2021,Nuevo León,Guadalupe,U2,Vertical,70,026,19
2022,Guanajuato,Apaseo el Grande,FC,Vertical,72,005,11
2023,Hidalgo,Mineral de la Reforma,U3,Vertical,60,051,13
2022,Michoacán de Ocampo,Lázaro Cárdenas,U2,Horizontal,20,052,16
2021,México,Melchor Ocampo,U3,Horizontal,348,053,15
2021,Veracruz de Ignacio de la Llave,Tlalnelhuayocan,U2,Horizontal,10,182,30
2021,Sonora,Agua Prieta,U2,Horizontal,1,002,26
2022,Yucatán,Kanasín,FC,Horizontal,186,041,31
2023,Jalisco,Lagos de Moreno,FC,Horizontal,11,053,14
2021,Durango,Gómez Palacio,U1,Horizontal,76,007,10
2023,Tlaxcala,Apetatitlán de Antonio Carvajal,U2,Horizontal,2,002,29
2023,Coahuila de Zaragoza,Frontera,U3,Horizontal,37,010,05
2022,Tlaxcala,Santa Cruz Tlaxcala,U2,Horizontal,12,026,29
2022,Tlaxcala,Chiautempan,U2,Horizontal,1,010,29
2022,Jalisco,Guadalajara,U2,Vertical,64,039,14
2021,Coahuila de Zaragoza,Castaños,U2,Horizontal,30,006,05
2022,Jalisco,El Salto,U2,Horizontal,142,070,14
2022,Morelos,Xochitepec,FC,Horizontal,204,028,17
2023,Guanajuato,Celaya,U2,Horizontal,8,007,11
2023,Yucatán,Kanasín,U2,Horizontal,115,041,31
2022,Coahuila de Zaragoza,Matamoros,U3,Vertical,60,017,05
2023,Veracruz de Ignacio de la Llave,Córdoba,U3,Vertical,4,044,30
2021,Zacatecas,Zacatecas,U3,Horizontal,333,056,32
2021,Hidalgo,Atotonilco de Tula,FC,Vertical,502,013,13
2022,Nuevo León,Salinas Victoria,FC,Horizontal,546,045,19
2022,Puebla,Puebla,U1,Vertical,40,114,21
2022,Zacatecas,Zacatecas,U1,Horizontal,36,056,32
2023,Puebla,San Martín Texmelucan,U3,Vertical,60,132,21
2021,Coahuila de Zaragoza,Nava,U3,Horizontal,44,022,05
2023,Nuevo León,Cadereyta Jiménez,U2,Horizontal,204,009,19
2022,Oaxaca,Cuilápam de Guerrero,FC,Vertical,18,023,20
2021,Michoacán de Ocampo,Zamora,FC,Horizontal,23,108,16
2022,Puebla,Cuautlancingo,U1,Vertical,133,041,21
2021,Oaxaca,Santa Cruz Xoxocotlán,U3,Vertical,64,385,20
2023,Guanajuato,Irapuato,U2,Horizontal,135,017,11
2021,Tlaxcala,Huamantla,U2,Vertical,64,013,29
2023,Coahuila de Zaragoza,Múzquiz,U2,Horizontal,4,020,05
2023,Michoacán de Ocampo,Morelia,U1,Vertical,14,053,16
2022,Sonora,Guaymas,U2,Horizontal,65,029,26
2022,Coahuila de Zaragoza,Monclova,U1,Horizontal,144,018,05
2021,Coahuila de Zaragoza,Monclova,U1,Horizontal,185,018,05
2021,Veracruz de Ignacio de la Llave,Medellín de Bravo,U2,Vertical,15,105,30
2022,Aguascalientes,Aguascalientes,U2,Horizontal,438,001,01
2023,Guanajuato,Apaseo el Grande,U3,Vertical,712,005,11
2022,Guerrero,Chilpancingo de los Bravo,U1,Vertical,32,029,12
2021,Michoacán de Ocampo,Jiquilpan,U3,Horizontal,6,045,16
2023,Nayarit,Xalisco,U3,Vertical,6,008,18
2022,Chiapas,Villaflores,U3,Horizontal,2,108,07
2023,Aguascalientes,Pabellón de Arteaga,U2,Horizontal,3,006,01
2021,Nuevo León,Cerralvo,FC,Horizontal,20,011,19
2021,Puebla,Amozoc,U3,Vertical,80,015,21
2023,San Luis Potosí,Matehuala,U2,Horizontal,39,020,24
2021,Nuevo León,Apodaca,U2,Horizontal,273,006,19
2021,Nuevo León,Anáhuac,U3,Horizontal,48,005,19
2021,Colima,Colima,U1,Horizontal,309,002,06
2021,Puebla,Coronango,U2,Vertical,6,034,21
2021,Jalisco,Unión de San Antonio,FC,Horizontal,1,109,14
2023,Tlaxcala,Huamantla,U2,Horizontal,3,013,29
2023,México,Cuautitlán,U3,Horizontal,386,024,15
2021,Chihuahua,Cuauhtémoc,U2,Horizontal,147,017,08
2021,Guerrero,Acapulco de Juárez,U2,Horizontal,9,001,12
2022,México,Chicoloapan,U2,Horizontal,13,029,15
2023,Jalisco,Zapotiltic,U2,Horizontal,8,121,14
2022,México,Zinacantepec,FC,Horizontal,3,118,15
2021,Tlaxcala,Tlaxcala,U2,Vertical,28,033,29
2022,Guanajuato,León,U2,Vertical,314,020,11
2021,Morelos,Tlayacapan,FC,Horizontal,4,026,17
2023,Yucatán,Mérida,U1,Horizontal,265,050,31
2022,Jalisco,Atotonilco el Alto,U1,Horizontal,43,013,14
2023,Tlaxcala,Huamantla,U2,Vertical,64,013,29
2021,Durango,Vicente Guerrero,U3,Horizontal,1,038,10
2021,Baja California,Ensenada,U3,Vertical,28,001,02
2021,Veracruz de Ignacio de la Llave,Orizaba,U2,Horizontal,52,118,30
2021,Sinaloa,Culiacán,U3,Vertical,624,006,25
2022,Nuevo León,García,U2,Horizontal,231,018,19
2022,Veracruz de Ignacio de la Llave,Río Blanco,U3,Vertical,88,138,30
2021,Tamaulipas,Victoria,U2,Horizontal,25,041,28
2021,Veracruz de Ignacio de la Llave,Xalapa,FC,Vertical,30,087,30
2021,Coahuila de Zaragoza,Morelos,FC,Horizontal,2,019,05
2023,Nayarit,Xalisco,U1,Horizontal,1,008,18
2023,Sinaloa,Culiacán,U2,Vertical,88,006,25
2021,Veracruz de Ignacio de la Llave,Tlalnelhuayocan,U2,Vertical,1,182,30
2023,Sinaloa,Ahome,U3,Horizontal,556,001,25
2021,Jalisco,Zapopan,U2,Vertical,1,120,14
2023,Zacatecas,Zacatecas,U2,Horizontal,2,056,32
2021,Guanajuato,Silao de la Victoria,U2,Vertical,585,037,11
2021,Nuevo León,García,U2,Horizontal,1117,018,19
2022,Nayarit,Bahía de Banderas,FC,Vertical,171,020,18
2022,México,Ixtapaluca,FC,Horizontal,43,039,15
2021,Nuevo León,Cadereyta Jiménez,U3,Horizontal,455,009,19
2022,Guanajuato,Irapuato,U3,Vertical,81,017,11
2023,Tamaulipas,Reynosa,FC,Horizontal,902,032,28
2021,Puebla,Amozoc,U3,Horizontal,113,015,21
2021,Ciudad de México,Gustavo A. Madero,U2,Vertical,1,005,09
2023,Hidalgo,Tizayuca,U3,Vertical,848,069,13
2021,Hidalgo,Tulancingo de Bravo,U2,Horizontal,5,077,13
2022,San Luis Potosí,Soledad de Graciano Sánchez,U2,Vertical,51,035,24
2021,Ciudad de México,Azcapotzalco,U1,Vertical,26,002,09
2023,Jalisco,Tala,FC,Horizontal,24,083,14
2021,Coahuila de Zaragoza,Saltillo,U1,Horizontal,845,030,05
2022,Michoacán de Ocampo,Jiquilpan,U3,Horizontal,8,045,16
2023,Tamaulipas,Río Bravo,U2,Horizontal,187,033,28
2022,Nuevo León,Apodaca,U2,Horizontal,32,006,19
2021,Morelos,Emiliano Zapata,U3,Vertical,8,008,17
2022,Querétaro,El Marqués,FC,Vertical,776,011,22
2022,México,Tecámac,U1,Horizontal,113,081,15
2021,Tlaxcala,Yauhquemehcan,U2,Horizontal,19,043,29
2022,Guanajuato,Salvatierra,U3,Horizontal,87,028,11
2022,Michoacán de Ocampo,Morelia,FC,Horizontal,15,053,16
2022,Chiapas,Chiapa de Corzo,U3,Horizontal,18,027,07
2023,Yucatán,Kanasín,U3,Horizontal,752,041,31
2022,Coahuila de Zaragoza,Castaños,U2,Horizontal,14,006,05
2021,Baja California,Playas de Rosarito,FC,Vertical,144,005,02
2022,Ciudad de México,Miguel Hidalgo,U1,Vertical,52,016,09
2022,Zacatecas,Guadalupe,U3,Horizontal,578,017,32
2022,Coahuila de Zaragoza,Piedras Negras,U2,Horizontal,3,025,05
2021,Puebla,Ocoyucan,U3,Horizontal,2,106,21
2022,Guanajuato,León,U1,Horizontal,35,020,11
2021,Guanajuato,León,U1,Horizontal,215,020,11
2021,Tabasco,Nacajuca,U3,Horizontal,50,013,27
2022,Durango,Durango,U1,Vertical,18,005,10
2023,Morelos,Yecapixtla,U3,Horizontal,1,030,17
2022,Puebla,Teziutlán,U1,Vertical,30,174,21
2022,Veracruz de Ignacio de la Llave,Papantla,U3,Horizontal,3,124,30
2021,Oaxaca,San Juan Bautista Tuxtepec,U3,Horizontal,20,184,20
2022,Jalisco,Tepatitlán de Morelos,FC,Horizontal,9,093,14
2021,Jalisco,El Salto,U3,Vertical,943,070,14
2023,Veracruz de Ignacio de la Llave,Pánuco,U2,Horizontal,1,123,30
2021,Ciudad de México,Iztacalco,U1,Vertical,242,006,09
2022,Coahuila de Zaragoza,Sacramento,FC,Horizontal,9,029,05
2021,Jalisco,Ojuelos de Jalisco,FC,Horizontal,6,064,14
2023,Zacatecas,Loreto,U1,Horizontal,2,024,32
2022,Oaxaca,Ciudad Ixtepec,U2,Horizontal,6,014,20
2023,Jalisco,Etzatlán,FC,Horizontal,11,036,14
2022,Nayarit,Bahía de Banderas,FC,Horizontal,190,020,18
2021,Veracruz de Ignacio de la Llave,Emiliano Zapata,FC,Vertical,55,065,30
2023,Baja California,Ensenada,U3,Horizontal,99,001,02
2021,Chiapas,Chiapa de Corzo,U3,Horizontal,4,027,07
2022,Guerrero,Acapulco de Juárez,U2,Horizontal,14,001,12
2023,Jalisco,Zapotiltic,U3,Horizontal,11,121,14
2021,Zacatecas,Calera,U1,Horizontal,3,005,32
2023,Nuevo León,Apodaca,U1,Horizontal,9,006,19
2023,Tlaxcala,Tlaxco,U3,Vertical,1,034,29
2023,Nuevo León,Ciénega de Flores,FC,Horizontal,95,012,19
2023,Aguascalientes,Aguascalientes,U2,Horizontal,411,001,01
2022,Chihuahua,Cuauhtémoc,U3,Horizontal,295,017,08
2022,Durango,Durango,U3,Horizontal,560,005,10
2021,Veracruz de Ignacio de la Llave,Coatepec,U2,Horizontal,4,038,30
2021,Chihuahua,Delicias,U1,Horizontal,80,021,08
2023,Hidalgo,Atotonilco de Tula,FC,Horizontal,139,013,13
2021,Coahuila de Zaragoza,Piedras Negras,FC,Horizontal,1,025,05
2023,Yucatán,Kanasín,U3,Vertical,54,041,31
2022,Jalisco,Ameca,U2,Horizontal,1,006,14
2021,Veracruz de Ignacio de la Llave,Medellín de Bravo,U3,Vertical,399,105,30
2021,Jalisco,Lagos de Moreno,U2,Horizontal,25,053,14
2021,Hidalgo,Huichapan,FC,Horizontal,8,029,13
2022,Chihuahua,Hidalgo del Parral,U1,Horizontal,43,032,08
2022,Tlaxcala,Xaloztoc,U1,Horizontal,8,039,29
2022,Hidalgo,Atotonilco de Tula,U1,Horizontal,4,013,13
2023,Tamaulipas,Ciudad Madero,U2,Horizontal,21,009,28
2021,Michoacán de Ocampo,Pátzcuaro,U2,Horizontal,3,066,16
2023,Nuevo León,General Escobedo,U3,Horizontal,958,021,19
2023,Zacatecas,Guadalupe,U2,Horizontal,34,017,32
2022,Michoacán de Ocampo,Apatzingán,FC,Horizontal,3,006,16
2022,Puebla,Coronango,U3,Horizontal,195,034,21
2023,Quintana Roo,Benito Juárez,FC,Horizontal,17,005,23
2022,Guerrero,Tixtla de Guerrero,U2,Horizontal,4,061,12
2021,Tamaulipas,Altamira,U2,Vertical,24,003,28
2023,San Luis Potosí,Villa de Reyes,FC,Horizontal,46,050,24
2023,Puebla,Puebla,U1,Vertical,156,114,21
2023,Jalisco,Puerto Vallarta,U3,Horizontal,77,067,14
2022,Michoacán de Ocampo,Morelia,U2,Vertical,7,053,16
2022,Puebla,Amozoc,U2,Horizontal,5,015,21
2021,Hidalgo,Atotonilco de Tula,FC,Horizontal,373,013,13
2021,Tlaxcala,Tzompantepec,U2,Horizontal,8,038,29
2022,Guerrero,Ometepec,FC,Horizontal,8,046,12
2023,Quintana Roo,Solidaridad,U2,Horizontal,201,008,23
2021,Sinaloa,Salvador Alvarado,U2,Horizontal,1,015,25
2022,San Luis Potosí,San Luis Potosí,U3,Horizontal,383,028,24
2022,Sonora,Caborca,U1,Horizontal,7,017,26
2021,Hidalgo,Zempoala,FC,Horizontal,544,083,13
2021,Jalisco,Puerto Vallarta,U3,Horizontal,63,067,14
2021,Tlaxcala,Apizaco,U2,Horizontal,160,005,29
2023,Veracruz de Ignacio de la Llave,Coatepec,U2,Horizontal,8,038,30
2022,San Luis Potosí,Tamuín,U2,Horizontal,3,040,24
2023,Michoacán de Ocampo,Hidalgo,FC,Horizontal,3,034,16
2022,México,Huehuetoca,U3,Horizontal,305,035,15
2022,Veracruz de Ignacio de la Llave,Papantla,U2,Horizontal,3,124,30
2023,Sonora,Puerto Peñasco,U3,Horizontal,92,048,26
2023,Chihuahua,Hidalgo del Parral,U2,Horizontal,44,032,08
2022,Guerrero,Iguala de la Independencia,U1,Vertical,32,035,12
2023,Quintana Roo,Benito Juárez,U2,Horizontal,185,005,23
2022,Morelos,Emiliano Zapata,U3,Vertical,144,008,17
2023,Veracruz de Ignacio de la Llave,Fortín,U2,Horizontal,2,068,30
2022,Quintana Roo,Benito Juárez,U3,Horizontal,1599,005,23
2021,México,Zumpango,U2,Horizontal,45,120,15
2021,Nayarit,Tepic,U3,Horizontal,115,017,18
2023,Guanajuato,Guanajuato,U3,Horizontal,4,015,11
2023,Querétaro,Querétaro,U1,Vertical,1,014,22
2023,Nuevo León,Ciénega de Flores,U1,Horizontal,9,012,19
2021,Veracruz de Ignacio de la Llave,Veracruz,U3,Horizontal,752,193,30
2021,Quintana Roo,Othón P. Blanco,U1,Horizontal,2,004,23
2022,Baja California Sur,La Paz,FC,Horizontal,38,003,03
2022,Guanajuato,Irapuato,U2,Horizontal,131,017,11
2022,Michoacán de Ocampo,La Piedad,U2,Vertical,8,069,16
2023,Veracruz de Ignacio de la Llave,Veracruz,FC,Horizontal,28,193,30
2022,Nuevo León,Juárez,U3,Horizontal,5356,031,19
2022,Jalisco,Tonalá,U2,Horizontal,182,101,14
2023,Michoacán de Ocampo,Tarímbaro,FC,Vertical,36,088,16
2023,Zacatecas,Ojocaliente,U3,Horizontal,11,036,32
2021,Guanajuato,Silao de la Victoria,FC,Horizontal,12,037,11
2023,Colima,Tecomán,U1,Horizontal,18,009,06
2021,Veracruz de Ignacio de la Llave,Córdoba,U1,Horizontal,44,044,30
2021,Veracruz de Ignacio de la Llave,Orizaba,U1,Horizontal,1,118,30
2022,Guanajuato,Apaseo el Grande,U3,Horizontal,319,005,11
2023,Jalisco,Tlajomulco de Zúñiga,U2,Vertical,14,097,14
2023,Puebla,Coronango,U2,Horizontal,24,034,21
2021,Tabasco,Huimanguillo,U2,Vertical,9,008,27
2021,Yucatán,Mérida,U3,Horizontal,3098,050,31
2023,México,Tecámac,U1,Horizontal,95,081,15
2022,México,Toluca,FC,Horizontal,46,106,15
2021,San Luis Potosí,Tamuín,U2,Horizontal,8,040,24
2021,México,Tecámac,U3,Vertical,269,081,15
2021,Yucatán,Umán,U1,Horizontal,146,101,31
2023,Tlaxcala,Cuapiaxtla,FC,Horizontal,2,008,29
2023,Baja California Sur,Los Cabos,U3,Vertical,252,008,03
2023,Puebla,Chignautla,U3,Horizontal,1,054,21
2022,Oaxaca,Santa Cruz Xoxocotlán,U3,Horizontal,42,385,20
2022,Durango,Lerdo,U2,Horizontal,10,012,10
2023,Nuevo León,García,U3,Horizontal,3451,018,19
2022,Puebla,Tehuacán,U1,Vertical,27,156,21
2022,Coahuila de Zaragoza,Nava,U2,Horizontal,89,022,05
2021,Chiapas,Pijijiapan,U3,Horizontal,2,069,07
2022,Zacatecas,Zacatecas,U2,Horizontal,9,056,32
2022,Ciudad de México,Gustavo A. Madero,U1,Vertical,24,005,09
2023,Durango,Lerdo,U1,Horizontal,39,012,10
2023,Baja California,Tijuana,U2,Horizontal,4,004,02
2023,Hidalgo,Mineral de la Reforma,U3,Horizontal,753,051,13
2023,México,Otzolotepec,FC,Horizontal,313,067,15
2023,Morelos,Yecapixtla,FC,Horizontal,203,030,17
2023,Nuevo León,Ciénega de Flores,U3,Horizontal,357,012,19
2022,Jalisco,San Pedro Tlaquepaque,U3,Vertical,52,098,14
2023,Ciudad de México,Benito Juárez,U1,Vertical,1,014,09
2022,Jalisco,Tepatitlán de Morelos,U1,Horizontal,5,093,14
2023,Guanajuato,Acámbaro,U2,Horizontal,3,002,11
2021,Michoacán de Ocampo,Zinapécuaro,U2,Horizontal,1,110,16
2023,Veracruz de Ignacio de la Llave,Medellín de Bravo,U2,Horizontal,99,105,30
2021,Coahuila de Zaragoza,Saltillo,U2,Vertical,96,030,05
2021,Puebla,Atlixco,U3,Horizontal,8,019,21
2021,Puebla,Teziutlán,U1,Horizontal,44,174,21
2021,Nuevo León,García,U1,Horizontal,161,018,19
2023,Tabasco,Centro,FC,Horizontal,2,004,27
2023,Jalisco,Lagos de Moreno,U3,Horizontal,231,053,14
2021,Michoacán de Ocampo,Morelia,U3,Vertical,886,053,16
2022,Sinaloa,Culiacán,U3,Vertical,94,006,25
2021,Coahuila de Zaragoza,Sabinas,FC,Horizontal,11,028,05
2023,Oaxaca,Heroica Ciudad de Huajuapan de León,U3,Vertical,3,039,20
2021,Coahuila de Zaragoza,Arteaga,U1,Horizontal,4,004,05
2023,Zacatecas,Río Grande,U2,Horizontal,4,039,32
2022,Nuevo León,Montemorelos,U3,Horizontal,102,038,19
2021,Quintana Roo,Benito Juárez,U3,Vertical,2743,005,23
2022,Durango,Durango,U2,Horizontal,89,005,10
2023,Jalisco,Tonalá,U3,Vertical,91,101,14
2023,Chiapas,Berriozábal,U1,Horizontal,2,012,07
2023,Chiapas,Palenque,U3,Horizontal,2,065,07
2023,Querétaro,El Marqués,FC,Horizontal,513,011,22
2022,Jalisco,Autlán de Navarro,U2,Horizontal,69,015,14
2022,Guanajuato,Silao de la Victoria,U3,Vertical,30,037,11
2023,Zacatecas,Guadalupe,U1,Horizontal,3,017,32
2021,Veracruz de Ignacio de la Llave,Córdoba,FC,Horizontal,82,044,30
2022,Yucatán,Mérida,U3,Vertical,40,050,31
2021,Zacatecas,Zacatecas,U1,Horizontal,67,056,32
2023,Chihuahua,Chihuahua,U1,Horizontal,20,019,08
2021,Nuevo León,Juárez,U1,Horizontal,346,031,19
2022,Ciudad de México,Venustiano Carranza,U2,Vertical,1,017,09
2022,México,Nextlalpan,U3,Horizontal,116,059,15
2022,Coahuila de Zaragoza,Saltillo,U1,Horizontal,638,030,05
2021,Tamaulipas,Tampico,U2,Vertical,107,038,28
2023,Baja California Sur,Los Cabos,U3,Horizontal,2,008,03
2021,Chiapas,Berriozábal,U3,Horizontal,30,012,07
2022,Veracruz de Ignacio de la Llave,San Andrés Tuxtla,U3,Horizontal,64,141,30
2021,Durango,Durango,U3,Vertical,383,005,10
2022,Guanajuato,Irapuato,FC,Horizontal,173,017,11
2021,Puebla,Cuautlancingo,U3,Horizontal,202,041,21
2023,Baja California Sur,Comondú,U1,Horizontal,2,001,03
2021,Jalisco,Tepatitlán de Morelos,U3,Horizontal,51,093,14
2021,Jalisco,Encarnación de Díaz,U3,Horizontal,12,035,14
2022,Coahuila de Zaragoza,Torreón,U1,Horizontal,46,035,05
2022,Tamaulipas,Río Bravo,U3,Horizontal,6,033,28
2023,Durango,Durango,U3,Horizontal,621,005,10
2021,Jalisco,Tala,FC,Horizontal,32,083,14
2021,Sinaloa,Mazatlán,FC,Horizontal,169,012,25
2023,Coahuila de Zaragoza,Acuña,U3,Horizontal,585,002,05
2021,Morelos,Xochitepec,FC,Horizontal,121,028,17
2022,Jalisco,La Barca,U2,Vertical,28,018,14
2023,Nuevo León,García,U2,Horizontal,79,018,19
2022,Jalisco,San Pedro Tlaquepaque,U2,Vertical,167,098,14
2023,Guanajuato,Celaya,U3,Horizontal,758,007,11
2023,Colima,Colima,U3,Vertical,16,002,06
2021,Guerrero,Acapulco de Juárez,FC,Vertical,56,001,12
2022,Colima,Colima,U2,Horizontal,65,002,06
2021,Puebla,Puebla,U1,Horizontal,1,114,21
2021,México,Tultepec,U2,Horizontal,30,108,15
2023,Jalisco,Tlajomulco de Zúñiga,FC,Horizontal,7,097,14
2023,Jalisco,San Pedro Tlaquepaque,U2,Vertical,195,098,14
2021,Sinaloa,Culiacán,U1,Horizontal,170,006,25
2023,Baja California Sur,La Paz,U1,Horizontal,4,003,03
2021,Coahuila de Zaragoza,Frontera,U2,Horizontal,2,010,05
2021,Querétaro,Corregidora,U3,Horizontal,116,006,22
2022,Durango,Durango,U3,Vertical,42,005,10
2021,Hidalgo,San Agustín Tlaxiaca,U1,Horizontal,1,052,13
2021,Zacatecas,Fresnillo,U2,Horizontal,51,010,32
2021,Chiapas,Tuxtla Gutiérrez,U2,Vertical,29,101,07
2023,Nayarit,Tepic,U2,Horizontal,22,017,18
2021,Veracruz de Ignacio de la Llave,Tuxpan,U2,Horizontal,50,189,30
2023,Yucatán,Valladolid,U3,Horizontal,3,102,31
2022,Guanajuato,Apaseo el Grande,FC,Horizontal,139,005,11
2023,Jalisco,Acatlán de Juárez,FC,Horizontal,56,002,14
2021,Tamaulipas,Valle Hermoso,U2,Horizontal,4,040,28
2022,México,Coacalco de Berriozábal,U2,Vertical,20,020,15
2021,México,Tlalmanalco,U3,Vertical,23,103,15
2021,Baja California,Ensenada,U2,Horizontal,2,001,02
2023,Hidalgo,Tulancingo de Bravo,U2,Horizontal,1,077,13
2021,Morelos,Jojutla,FC,Horizontal,16,012,17
2022,Hidalgo,Ixmiquilpan,U3,Horizontal,2,030,13
2021,Guanajuato,Villagrán,FC,Horizontal,86,044,11
2023,Coahuila de Zaragoza,General Cepeda,FC,Horizontal,3,011,05
2021,Michoacán de Ocampo,Apatzingán,U3,Horizontal,34,006,16
2021,Jalisco,El Salto,U3,Horizontal,1818,070,14
2023,Tabasco,Nacajuca,U2,Horizontal,1,013,27
2022,Puebla,Puebla,U2,Horizontal,31,114,21
2023,Guerrero,Acapulco de Juárez,U2,Vertical,40,001,12
2021,Hidalgo,Tolcayuca,FC,Horizontal,1,075,13
2022,Coahuila de Zaragoza,Sabinas,U2,Horizontal,27,028,05
2023,Puebla,San Martín Texmelucan,U2,Vertical,214,132,21
2023,Baja California,Mexicali,U2,Horizontal,158,002,02
2021,Nuevo León,San Nicolás de los Garza,U2,Horizontal,3,046,19
2021,Quintana Roo,Benito Juárez,U3,Horizontal,1307,005,23
2022,Yucatán,Conkal,U3,Horizontal,34,013,31
2021,Durango,Durango,U2,Horizontal,100,005,10
2021,Guanajuato,Irapuato,FC,Horizontal,131,017,11
2022,Tlaxcala,Apetatitlán de Antonio Carvajal,U2,Horizontal,3,002,29
2023,Zacatecas,Fresnillo,U2,Horizontal,30,010,32
2023,Guanajuato,San Miguel de Allende,U3,Vertical,60,003,11
2021,Yucatán,Maxcanú,FC,Horizontal,1,048,31
2021,Yucatán,Kanasín,U1,Horizontal,41,041,31
2021,Baja California,Tijuana,U1,Horizontal,25,004,02
2021,San Luis Potosí,Tamazunchale,U3,Horizontal,6,037,24
2023,Morelos,Yautepec,U2,Horizontal,26,029,17
2023,Tlaxcala,Apizaco,U2,Vertical,3,005,29
2022,Guanajuato,San Miguel de Allende,U3,Vertical,108,003,11
2021,Jalisco,Ixtlahuacán de los Membrillos,U3,Horizontal,15,044,14
2023,Veracruz de Ignacio de la Llave,Córdoba,U3,Horizontal,18,044,30
2022,Sinaloa,Mazatlán,U2,Horizontal,25,012,25
2021,México,Huehuetoca,U3,Vertical,197,035,15
2022,Sonora,Cajeme,U1,Horizontal,1,018,26
2022,Chihuahua,Jiménez,U2,Horizontal,4,036,08
2021,Sonora,Puerto Peñasco,U3,Horizontal,134,048,26
2023,Sonora,Hermosillo,FC,Horizontal,109,030,26
2023,Aguascalientes,San Francisco de los Romo,U3,Horizontal,218,011,01
2023,Jalisco,Ameca,U3,Horizontal,1,006,14
2021,Tamaulipas,Ciudad Madero,U2,Horizontal,48,009,28
2022,Veracruz de Ignacio de la Llave,Veracruz,U3,Vertical,1002,193,30
2022,Jalisco,Tonalá,U2,Vertical,399,101,14
2021,Coahuila de Zaragoza,Acuña,U3,Horizontal,664,002,05
2023,Sinaloa,Culiacán,U1,Horizontal,13,006,25
2022,Hidalgo,Tizayuca,U1,Horizontal,26,069,13
2022,México,Chalco,U3,Vertical,216,025,15
2022,Jalisco,Zapotiltic,U3,Horizontal,42,121,14
2023,Chiapas,Comitán de Domínguez,U2,Horizontal,23,019,07
2021,Puebla,Tehuacán,U1,Vertical,6,156,21
2022,Michoacán de Ocampo,Sahuayo,U1,Horizontal,3,076,16
2021,Michoacán de Ocampo,Tarímbaro,FC,Vertical,12,088,16
2023,Guanajuato,León,U2,Vertical,167,020,11
2022,Jalisco,El Salto,FC,Horizontal,162,070,14
2021,Puebla,Chignautla,U3,Horizontal,10,054,21
2022,Guanajuato,Acámbaro,U2,Horizontal,3,002,11
2021,Aguascalientes,Aguascalientes,U3,Vertical,64,001,01
2021,Aguascalientes,San Francisco de los Romo,U3,Horizontal,714,011,01
2021,Puebla,San Pedro Cholula,U2,Vertical,1,140,21
2022,Baja California Sur,Los Cabos,U1,Horizontal,20,008,03
2022,Jalisco,Tala,FC,Horizontal,4,083,14
2021,Chiapas,Tuxtla Gutiérrez,U1,Horizontal,2,101,07
2021,Tamaulipas,Tampico,U1,Horizontal,2,038,28
2023,Sinaloa,Navolato,U2,Horizontal,30,018,25
2023,México,Cuautitlán Izcalli,U2,Vertical,1,121,15
2021,Durango,Durango,U3,Horizontal,536,005,10
2022,Nuevo León,San Nicolás de los Garza,U1,Horizontal,1,046,19
2021,Nayarit,Ixtlán del Río,U3,Horizontal,10,006,18
2022,Chihuahua,Guachochi,FC,Horizontal,7,027,08
2023,Veracruz de Ignacio de la Llave,Ixtaczoquitlán,U3,Vertical,180,085,30
2021,Colima,Villa de Álvarez,U3,Horizontal,498,010,06
2021,Nuevo León,El Carmen,U2,Horizontal,64,010,19
2023,Puebla,Cuautlancingo,FC,Horizontal,6,041,21
2022,Veracruz de Ignacio de la Llave,Naranjos Amatlán,U2,Horizontal,4,013,30
2021,México,Tecámac,U2,Vertical,387,081,15
2021,Zacatecas,Morelos,FC,Horizontal,3,032,32
2021,Tabasco,Nacajuca,U2,Horizontal,3,013,27
2023,Coahuila de Zaragoza,Acuña,FC,Horizontal,16,002,05
2022,Baja California Sur,La Paz,U2,Horizontal,32,003,03
2022,Sonora,San Luis Río Colorado,U1,Horizontal,3,055,26
2021,México,Otzolotepec,FC,Horizontal,241,067,15
2022,Chihuahua,Juárez,U3,Horizontal,333,037,08
2022,Veracruz de Ignacio de la Llave,San Andrés Tuxtla,U2,Horizontal,3,141,30
2021,Yucatán,Valladolid,U2,Horizontal,2,102,31
2022,Jalisco,Tonalá,U3,Vertical,260,101,14
2022,Nuevo León,Juárez,FC,Horizontal,246,031,19
2023,Veracruz de Ignacio de la Llave,Veracruz,U1,Horizontal,15,193,30
2022,Tamaulipas,Reynosa,U2,Vertical,60,032,28
2023,Sinaloa,Mazatlán,U3,Vertical,137,012,25
2021,Guerrero,Chilpancingo de los Bravo,U3,Horizontal,4,029,12
2022,Jalisco,Puerto Vallarta,FC,Horizontal,80,067,14
2021,Jalisco,Sayula,U3,Horizontal,13,082,14
2021,Coahuila de Zaragoza,Torreón,U3,Horizontal,510,035,05
2022,Chihuahua,Guachochi,U3,Horizontal,53,027,08
2021,Yucatán,Mérida,U3,Vertical,32,050,31
2021,México,Tecámac,U1,Horizontal,161,081,15
2023,Guanajuato,Apaseo el Grande,FC,Vertical,137,005,11
2023,Puebla,Huejotzingo,U3,Vertical,488,074,21
2021,Guerrero,Zihuatanejo de Azueta,FC,Horizontal,6,038,12
2021,Sinaloa,Culiacán,FC,Horizontal,5,006,25
2023,Michoacán de Ocampo,Jiquilpan,U2,Horizontal,10,045,16
2021,Michoacán de Ocampo,Morelia,U3,Horizontal,617,053,16
2023,Oaxaca,San Juan Bautista Tuxtepec,U2,Vertical,8,184,20
2021,Zacatecas,Fresnillo,U3,Horizontal,10,010,32
2023,Veracruz de Ignacio de la Llave,Medellín de Bravo,U3,Vertical,328,105,30
2023,Michoacán de Ocampo,Zamora,FC,Horizontal,26,108,16
2022,Nayarit,Xalisco,U3,Vertical,12,008,18
2021,Coahuila de Zaragoza,Sacramento,FC,Horizontal,9,029,05
2023,Coahuila de Zaragoza,Francisco I. Madero,U3,Horizontal,112,009,05
2021,Quintana Roo,Solidaridad,U2,Horizontal,61,008,23
2023,Sinaloa,Ahome,U2,Horizontal,155,001,25
2022,Jalisco,Zapotlán el Grande,U3,Vertical,222,023,14
2021,Colima,Villa de Álvarez,U2,Horizontal,113,010,06
2022,Hidalgo,Ixmiquilpan,U2,Horizontal,3,030,13
2022,Puebla,Amozoc,U2,Vertical,5,015,21
2021,México,Zumpango,U3,Horizontal,592,120,15
2021,Puebla,Teziutlán,U2,Vertical,20,174,21
2022,Jalisco,Zapotiltic,U2,Horizontal,9,121,14
2023,Tamaulipas,Ciudad Madero,U2,Vertical,3,009,28
2023,San Luis Potosí,Venado,FC,Horizontal,3,045,24
2023,Guanajuato,León,U3,Horizontal,1375,020,11
2022,Guanajuato,Salamanca,FC,Horizontal,192,027,11
2021,Guanajuato,Apaseo el Grande,FC,Horizontal,330,005,11
2022,Nuevo León,Guadalupe,U2,Vertical,72,026,19
2023,Oaxaca,Santa Cruz Xoxocotlán,U3,Vertical,96,385,20
2022,Tamaulipas,Matamoros,FC,Horizontal,7,022,28
2023,Hidalgo,Pachuca de Soto,U3,Horizontal,353,048,13
2022,Puebla,San Martín Texmelucan,U2,Vertical,118,132,21
2021,Colima,Manzanillo,U3,Vertical,102,007,06
2023,Coahuila de Zaragoza,Ramos Arizpe,U2,Horizontal,18,027,05
2021,Guanajuato,Apaseo el Grande,U2,Horizontal,11,005,11
2022,Hidalgo,Atotonilco de Tula,FC,Horizontal,237,013,13
2022,Chihuahua,Casas Grandes,FC,Horizontal,2,013,08
2022,Colima,Tecomán,U3,Horizontal,23,009,06
2023,Puebla,Tehuacán,U1,Vertical,24,156,21
2021,Guerrero,Acapulco de Juárez,U2,Vertical,6,001,12
2023,Sinaloa,Mazatlán,U1,Horizontal,2,012,25
2023,Guanajuato,Pénjamo,U1,Horizontal,5,023,11
2023,Tamaulipas,Matamoros,U3,Horizontal,1255,022,28
2021,Yucatán,Kanasín,U3,Horizontal,1088,041,31
2022,Morelos,Tlayacapan,FC,Horizontal,12,026,17
2021,Michoacán de Ocampo,Tarímbaro,U2,Horizontal,15,088,16
2021,Nayarit,Xalisco,U2,Horizontal,13,008,18
2022,Aguascalientes,San Francisco de los Romo,FC,Horizontal,95,011,01
2022,Jalisco,Tonalá,U3,Horizontal,546,101,14
2023,Chihuahua,Ascensión,FC,Horizontal,66,005,08
2023,Veracruz de Ignacio de la Llave,Veracruz,U2,Vertical,32,193,30
2021,Michoacán de Ocampo,Maravatío,U3,Horizontal,10,050,16
2023,Tlaxcala,Santa Cruz Tlaxcala,U2,Vertical,32,026,29
2022,Coahuila de Zaragoza,San Pedro,U3,Horizontal,37,033,05
2022,Coahuila de Zaragoza,Frontera,U2,Horizontal,10,010,05
2022,Veracruz de Ignacio de la Llave,Río Blanco,U2,Horizontal,8,138,30
2023,Michoacán de Ocampo,Lázaro Cárdenas,U1,Horizontal,9,052,16
2022,Guanajuato,San José Iturbide,FC,Horizontal,11,032,11
2021,Baja California,Mexicali,U1,Horizontal,176,002,02
2021,Jalisco,El Salto,U2,Horizontal,126,070,14
2023,Yucatán,Tixkokob,FC,Horizontal,42,093,31
2023,Colima,Coquimatlán,U3,Horizontal,3,004,06
2022,Puebla,Chignahuapan,U3,Horizontal,2,053,21
2023,Puebla,Coronango,U3,Horizontal,422,034,21
2021,Nayarit,Compostela,U3,Horizontal,4,004,18
2023,Michoacán de Ocampo,La Piedad,U2,Horizontal,203,069,16
2023,Morelos,Yautepec,U3,Vertical,20,029,17
2023,Chihuahua,Cuauhtémoc,U2,Horizontal,23,017,08
2022,Baja California Sur,Los Cabos,U3,Horizontal,9,008,03
2022,Baja California,Tijuana,FC,Vertical,1612,004,02
2021,Zacatecas,Pinos,FC,Horizontal,6,038,32
2023,Jalisco,El Salto,FC,Horizontal,105,070,14
2022,Tamaulipas,Nuevo Laredo,U1,Horizontal,316,027,28
2022,Guerrero,Chilpancingo de los Bravo,U3,Horizontal,50,029,12
2021,Durango,Lerdo,U1,Horizontal,40,012,10
2021,Nuevo León,Salinas Victoria,U1,Horizontal,83,045,19
2022,Guanajuato,Irapuato,U1,Horizontal,143,017,11
2022,Coahuila de Zaragoza,Torreón,U2,Horizontal,685,035,05
2021,Sinaloa,Guasave,U1,Horizontal,107,011,25
2023,Oaxaca,San Jacinto Amilpas,U1,Horizontal,2,157,20
2022,Hidalgo,Mineral de la Reforma,U2,Horizontal,63,051,13
2023,Sonora,San Luis Río Colorado,U2,Horizontal,186,055,26
2021,Puebla,Cuautlancingo,U1,Vertical,268,041,21
2023,Oaxaca,Santa María Atzompa,U1,Horizontal,5,399,20
2021,Aguascalientes,Aguascalientes,U2,Vertical,33,001,01
2021,Nayarit,Tepic,U3,Vertical,7,017,18
2022,Tamaulipas,Reynosa,U3,Horizontal,2462,032,28
2023,Nuevo León,García,U1,Horizontal,180,018,19
2022,Tamaulipas,Matamoros,U2,Horizontal,166,022,28
2021,Chiapas,Berriozábal,FC,Vertical,36,012,07
2022,Guanajuato,León,U3,Vertical,1380,020,11
2021,Tlaxcala,Tepetitla de Lardizábal,U2,Horizontal,1,019,29
2021,Guanajuato,San José Iturbide,U3,Horizontal,8,032,11
2021,Zacatecas,Noria de Ángeles,FC,Horizontal,1,035,32
2022,Aguascalientes,Cosío,FC,Horizontal,5,004,01
2022,Nuevo León,García,U1,Horizontal,75,018,19
2021,Chihuahua,Chihuahua,FC,Horizontal,3,019,08
2022,México,Jilotepec,FC,Horizontal,20,045,15
2023,Quintana Roo,Tulum,FC,Vertical,918,009,23
2023,Tamaulipas,Reynosa,U3,Vertical,88,032,28
2021,Quintana Roo,Benito Juárez,U2,Horizontal,264,005,23
2022,Querétaro,El Marqués,FC,Horizontal,512,011,22
2023,Jalisco,Tlajomulco de Zúñiga,U3,Vertical,2015,097,14
2021,Coahuila de Zaragoza,Allende,U2,Horizontal,28,003,05
2021,Michoacán de Ocampo,Pátzcuaro,U1,Horizontal,1,066,16
2023,Coahuila de Zaragoza,Sabinas,U2,Horizontal,98,028,05
2022,Chiapas,Tuxtla Gutiérrez,U2,Vertical,20,101,07
2022,Michoacán de Ocampo,Morelia,U3,Vertical,723,053,16
2021,Tamaulipas,Nuevo Laredo,U1,Horizontal,215,027,28
2023,Puebla,Puebla,U3,Horizontal,241,114,21
2023,Tlaxcala,Calpulalpan,U1,Horizontal,7,006,29
2023,Querétaro,San Juan del Río,FC,Horizontal,215,016,22
2021,Colima,Comala,U2,Horizontal,1,003,06
2022,Tamaulipas,Nuevo Laredo,FC,Horizontal,6,027,28
2023,Tamaulipas,Victoria,U3,Horizontal,155,041,28
2021,México,Acolman,U3,Vertical,60,002,15
2022,Tamaulipas,Reynosa,FC,Horizontal,510,032,28
2023,Coahuila de Zaragoza,Piedras Negras,U2,Horizontal,5,025,05
2023,Coahuila de Zaragoza,Múzquiz,U3,Horizontal,64,020,05
2021,Durango,Gómez Palacio,U2,Horizontal,257,007,10
2023,Oaxaca,Santa Cruz Xoxocotlán,U3,Horizontal,15,385,20
2023,Michoacán de Ocampo,Hidalgo,U1,Horizontal,1,034,16
2021,Chihuahua,Juárez,U1,Horizontal,48,037,08
2023,Baja California,Tijuana,U1,Vertical,11,004,02
2022,Tlaxcala,Tetla de la Solidaridad,U2,Horizontal,14,031,29
2021,Coahuila de Zaragoza,Piedras Negras,U2,Horizontal,46,025,05
2021,Veracruz de Ignacio de la Llave,Mariano Escobedo,U3,Horizontal,6,101,30
2023,Michoacán de Ocampo,Vista Hermosa,FC,Horizontal,34,105,16
2021,Quintana Roo,Othón P. Blanco,U2,Horizontal,7,004,23
2021,Tlaxcala,Santa Cruz Tlaxcala,U3,Horizontal,1,026,29
2022,Sinaloa,Guasave,U2,Horizontal,6,011,25
2023,Nayarit,Santiago Ixcuintla,U3,Horizontal,2,015,18
2021,Jalisco,Zapotlanejo,FC,Horizontal,11,124,14
2023,Coahuila de Zaragoza,Monclova,U2,Horizontal,25,018,05
2021,Puebla,San Andrés Cholula,U3,Horizontal,17,119,21
2023,Oaxaca,Santa María Atzompa,U3,Horizontal,3,399,20
2021,México,Cuautitlán Izcalli,U2,Horizontal,20,121,15
2021,Morelos,Yecapixtla,FC,Vertical,512,030,17
2022,Veracruz de Ignacio de la Llave,Córdoba,U3,Vertical,2,044,30
2021,Hidalgo,Tizayuca,U3,Vertical,689,069,13
2021,Puebla,Tehuacán,U1,Horizontal,145,156,21
2021,Sonora,Guaymas,U3,Horizontal,146,029,26
2022,Tamaulipas,Ciudad Madero,U2,Horizontal,54,009,28
2022,Campeche,Campeche,U2,Horizontal,49,002,04
2022,Tlaxcala,Tlaxcala,U2,Horizontal,77,033,29
2022,Jalisco,Puerto Vallarta,U2,Horizontal,4,067,14
2023,Ciudad de México,Azcapotzalco,U2,Vertical,1,002,09
2023,Jalisco,San Juan de los Lagos,U2,Horizontal,1,073,14
2022,Tabasco,Nacajuca,U3,Vertical,194,013,27
2023,Quintana Roo,Benito Juárez,FC,Vertical,266,005,23
2021,Coahuila de Zaragoza,Matamoros,U2,Horizontal,60,017,05
2023,Yucatán,Mérida,U3,Vertical,24,050,31
2021,Nuevo León,Guadalupe,U3,Horizontal,104,026,19
2021,Aguascalientes,Aguascalientes,U3,Horizontal,3111,001,01
2023,Tabasco,Centro,U2,Horizontal,4,004,27
2021,Nuevo León,Ciénega de Flores,U2,Horizontal,109,012,19
2023,Zacatecas,Fresnillo,U1,Horizontal,8,010,32
2022,México,Zumpango,U3,Vertical,1730,120,15
2023,Sinaloa,Navolato,FC,Horizontal,1,018,25
2021,Jalisco,Puerto Vallarta,U3,Vertical,117,067,14
2023,Tlaxcala,Xicohtzinco,U2,Horizontal,8,042,29
2022,Guanajuato,San José Iturbide,U2,Horizontal,44,032,11
2023,Coahuila de Zaragoza,San Juan de Sabinas,U3,Horizontal,56,032,05
2022,Nuevo León,Sabinas Hidalgo,U1,Horizontal,5,044,19
2023,Tlaxcala,Santa Cruz Tlaxcala,U2,Horizontal,5,026,29
2021,Hidalgo,Apan,U2,Horizontal,1,008,13
2023,Guanajuato,Apaseo el Grande,FC,Horizontal,198,005,11
2021,Quintana Roo,Tulum,FC,Horizontal,274,009,23
2021,Hidalgo,Pachuca de Soto,U3,Horizontal,187,048,13
2021,Guanajuato,Silao de la Victoria,U3,Vertical,36,037,11
2021,Guanajuato,Dolores Hidalgo Cuna de la Independencia Nacional,U3,Horizontal,212,014,11
2021,México,Tianguistenco,U3,Horizontal,325,101,15
2022,Aguascalientes,El Llano,FC,Horizontal,4,010,01
2023,Jalisco,Puerto Vallarta,U3,Vertical,118,067,14
2023,Michoacán de Ocampo,Zamora,U3,Vertical,148,108,16
2021,Hidalgo,Cuautepec de Hinojosa,U3,Horizontal,40,016,13
2022,Sinaloa,Culiacán,U1,Vertical,42,006,25
2021,Hidalgo,Mineral de la Reforma,U3,Horizontal,957,051,13
2023,Puebla,Teziutlán,U2,Vertical,20,174,21
2023,San Luis Potosí,Rioverde,U2,Horizontal,4,024,24
2021,Guanajuato,Guanajuato,U3,Horizontal,8,015,11
2023,Michoacán de Ocampo,Zamora,U3,Horizontal,164,108,16
2022,Sinaloa,Navolato,U2,Horizontal,30,018,25
2021,Guanajuato,Moroleón,U3,Horizontal,4,021,11
2021,Nuevo León,Allende,U2,Horizontal,161,004,19
2021,México,Coacalco de Berriozábal,U2,Horizontal,167,020,15
2022,Tabasco,Cunduacán,U2,Horizontal,5,006,27
2021,Veracruz de Ignacio de la Llave,Xalapa,U1,Vertical,8,087,30
2023,Jalisco,Lagos de Moreno,U1,Horizontal,4,053,14
2021,Sinaloa,Culiacán,U2,Horizontal,340,006,25
2021,México,Zinacantepec,FC,Horizontal,18,118,15
2021,Chiapas,Comitán de Domínguez,U3,Horizontal,69,019,07
2021,México,Zinacantepec,U3,Vertical,110,118,15
2023,Jalisco,Autlán de Navarro,U2,Horizontal,108,015,14
2022,Sonora,Hermosillo,U1,Horizontal,5,030,26
2023,San Luis Potosí,San Luis Potosí,U3,Horizontal,168,028,24
2021,Nuevo León,General Escobedo,U2,Horizontal,384,021,19
2022,Colima,Manzanillo,U3,Vertical,15,007,06
2022,Nuevo León,Apodaca,U1,Horizontal,31,006,19
2022,Michoacán de Ocampo,Jiquilpan,U2,Horizontal,10,045,16
2023,Nuevo León,General Escobedo,FC,Horizontal,863,021,19
2023,Coahuila de Zaragoza,Torreón,U3,Horizontal,322,035,05
2022,Sinaloa,Ahome,FC,Horizontal,12,001,25
2021,Jalisco,San Pedro Tlaquepaque,U2,Vertical,313,098,14
2023,Sonora,Navojoa,U1,Horizontal,99,042,26
2022,Jalisco,Poncitlán,FC,Horizontal,4,066,14
2023,Nuevo León,Apodaca,FC,Horizontal,671,006,19
2021,Sonora,Navojoa,U1,Horizontal,168,042,26
2023,Veracruz de Ignacio de la Llave,Ixtaczoquitlán,U3,Horizontal,83,085,30
2022,Michoacán de Ocampo,Apatzingán,U3,Horizontal,18,006,16
2023,Baja California Sur,Los Cabos,U2,Horizontal,5,008,03
2022,Puebla,Amozoc,U1,Horizontal,20,015,21
2021,Sonora,Cajeme,U2,Horizontal,247,018,26
2022,Guanajuato,Pénjamo,U1,Horizontal,8,023,11
2023,Puebla,Cuautlancingo,U2,Vertical,1,041,21
2022,Aguascalientes,Pabellón de Arteaga,U3,Horizontal,74,006,01
2022,Puebla,Huejotzingo,U2,Horizontal,8,074,21
2023,Durango,Durango,FC,Vertical,304,005,10
2022,Sonora,Guaymas,FC,Horizontal,1,029,26
2021,Puebla,Coronango,U3,Horizontal,224,034,21
2022,Tlaxcala,Santa Cruz Tlaxcala,U3,Horizontal,2,026,29
2021,Guanajuato,Apaseo el Grande,U3,Horizontal,1072,005,11
2022,Durango,Lerdo,U3,Horizontal,54,012,10
2023,Baja California Sur,La Paz,FC,Horizontal,14,003,03
2022,Coahuila de Zaragoza,Francisco I. Madero,U2,Horizontal,18,009,05
2022,Sonora,Puerto Peñasco,U3,Horizontal,99,048,26
2022,Oaxaca,Santa María Atzompa,U3,Horizontal,3,399,20
2023,Tabasco,Huimanguillo,U2,Horizontal,2,008,27
2021,Hidalgo,Epazoyucan,U3,Horizontal,3,022,13
2023,México,Calimaya,FC,Horizontal,11,018,15
2022,Puebla,Amozoc,U3,Horizontal,18,015,21
2023,Baja California Sur,Los Cabos,U1,Horizontal,21,008,03
2023,Tlaxcala,Xaloztoc,U1,Horizontal,4,039,29
2021,Nuevo León,Sabinas Hidalgo,U1,Horizontal,3,044,19
2023,Nuevo León,Pesquería,U3,Horizontal,663,041,19
2023,Zacatecas,Calera,U3,Horizontal,35,005,32
2022,Baja California,Mexicali,U2,Vertical,10,002,02
2021,México,Tlalmanalco,U3,Horizontal,77,103,15
2023,Colima,Manzanillo,U3,Vertical,2,007,06
2021,Quintana Roo,Benito Juárez,U1,Horizontal,5,005,23
2021,Puebla,Tianguismanalco,FC,Vertical,128,175,21
2021,Jalisco,Tuxpan,U3,Horizontal,15,108,14
2023,Jalisco,Tala,U1,Horizontal,8,083,14
2022,México,Zumpango,U2,Vertical,32,120,15
2021,Quintana Roo,Solidaridad,U3,Horizontal,901,008,23
2021,Veracruz de Ignacio de la Llave,Veracruz,U3,Vertical,1311,193,30
2021,Baja California Sur,Los Cabos,U3,Vertical,388,008,03
2022,Nuevo León,Guadalupe,U1,Horizontal,97,026,19
2021,Baja California Sur,Comondú,U3,Horizontal,18,001,03
2021,Sonora,Navojoa,U2,Horizontal,88,042,26
2022,Aguascalientes,Aguascalientes,U1,Horizontal,48,001,01
2021,Guanajuato,San Miguel de Allende,FC,Horizontal,49,003,11
2021,Quintana Roo,Solidaridad,U3,Vertical,1735,008,23
2022,Michoacán de Ocampo,Uruapan,U1,Horizontal,1,102,16
2023,Guanajuato,San Felipe,U3,Horizontal,75,030,11
2023,Guanajuato,León,U1,Horizontal,58,020,11
2021,San Luis Potosí,Rioverde,U1,Horizontal,6,024,24
2023,Aguascalientes,Rincón de Romos,U2,Horizontal,2,007,01
2022,Chihuahua,Aldama,U3,Horizontal,2,002,08
2022,Puebla,Ocoyucan,U3,Horizontal,17,106,21
2022,Michoacán de Ocampo,Morelia,U2,Horizontal,66,053,16
2022,Chiapas,Ocosingo,U2,Horizontal,5,059,07
2021,Hidalgo,Tepeji del Río de Ocampo,U2,Horizontal,16,063,13
2023,Yucatán,Umán,U1,Horizontal,134,101,31
2023,Guanajuato,Uriangato,U3,Horizontal,165,041,11
2021,Oaxaca,Santa María Atzompa,FC,Vertical,68,399,20
2022,Guanajuato,Guanajuato,U3,Horizontal,68,015,11
2022,Jalisco,Tala,FC,Vertical,20,083,14
2021,Colima,Colima,U3,Horizontal,245,002,06
2022,Jalisco,Lagos de Moreno,U1,Horizontal,2,053,14
2022,San Luis Potosí,Soledad de Graciano Sánchez,U1,Horizontal,21,035,24
2023,Veracruz de Ignacio de la Llave,Coatzacoalcos,U3,Vertical,1,039,30
2021,Jalisco,Zapotiltic,U2,Horizontal,12,121,14
2022,Sinaloa,Mazatlán,U3,Horizontal,684,012,25
2021,Sonora,Guaymas,U2,Horizontal,58,029,26
2023,Guerrero,Iguala de la Independencia,U3,Horizontal,1,035,12
2023,Guanajuato,San Francisco del Rincón,U2,Vertical,1,031,11
2021,Puebla,San Martín Texmelucan,U3,Vertical,48,132,21
2021,Guerrero,Acapulco de Juárez,FC,Horizontal,29,001,12
2023,Guanajuato,Cortazar,FC,Horizontal,84,011,11
2021,Baja California,Mexicali,FC,Horizontal,9,002,02
2021,Jalisco,Zapopan,U1,Horizontal,32,120,14
2022,Sinaloa,Mazatlán,FC,Horizontal,15,012,25
2023,Coahuila de Zaragoza,Torreón,U1,Horizontal,36,035,05
2023,Quintana Roo,Benito Juárez,U3,Horizontal,939,005,23
2021,Oaxaca,San Sebastián Tutla,U1,Horizontal,2,350,20
2021,Tlaxcala,Papalotla de Xicohténcatl,U2,Horizontal,1,041,29
2021,México,Cuautitlán Izcalli,U2,Vertical,2,121,15
2022,Chihuahua,Chihuahua,U2,Horizontal,384,019,08
2021,Guerrero,Chilpancingo de los Bravo,U1,Horizontal,1,029,12
2021,Tabasco,Centro,FC,Horizontal,3,004,27
2022,Tlaxcala,Yauhquemehcan,U3,Horizontal,1,043,29
2022,Hidalgo,Tulancingo de Bravo,U1,Horizontal,29,077,13
2021,Guanajuato,San Francisco del Rincón,U1,Horizontal,6,031,11
2021,Baja California,Tijuana,U1,Vertical,9,004,02
2021,Hidalgo,Zempoala,U3,Horizontal,358,083,13
2022,Baja California,Mexicali,U3,Horizontal,1319,002,02
2023,Chiapas,Tapachula,U2,Horizontal,65,089,07
2023,Morelos,Emiliano Zapata,U2,Horizontal,51,008,17
2022,Oaxaca,Heroica Ciudad de Huajuapan de León,U2,Horizontal,10,039,20
2023,Colima,Manzanillo,U2,Horizontal,14,007,06
2021,Veracruz de Ignacio de la Llave,Papantla,U3,Horizontal,4,124,30
2022,Tlaxcala,Apetatitlán de Antonio Carvajal,U3,Horizontal,2,002,29
2023,Sonora,Navojoa,U3,Horizontal,71,042,26
2022,Nayarit,Xalisco,U2,Vertical,16,008,18
2022,Chiapas,Tapachula,U1,Horizontal,1,089,07
2021,Chihuahua,Guachochi,FC,Horizontal,49,027,08
2022,Coahuila de Zaragoza,Múzquiz,U2,Horizontal,15,020,05
2022,Nuevo León,García,FC,Horizontal,355,018,19
2021,Oaxaca,Cuilápam de Guerrero,FC,Vertical,72,023,20
2023,Morelos,Emiliano Zapata,U3,Horizontal,52,008,17
2022,Querétaro,Querétaro,U3,Vertical,179,014,22
2021,Puebla,Coronango,U1,Horizontal,159,034,21
2021,Michoacán de Ocampo,Morelia,U1,Vertical,6,053,16
2022,Baja California,Tijuana,U2,Vertical,80,004,02
2022,Jalisco,Tepatitlán de Morelos,U3,Horizontal,33,093,14
2022,Chiapas,Tuxtla Gutiérrez,U2,Horizontal,65,101,07
2021,Jalisco,Zapopan,FC,Vertical,188,120,14
2021,Jalisco,Lagos de Moreno,U1,Horizontal,65,053,14
2022,Quintana Roo,Cozumel,U2,Horizontal,10,001,23
2021,Tamaulipas,Tampico,U1,Vertical,39,038,28
2023,Sonora,Hermosillo,U3,Horizontal,1120,030,26
2021,Nuevo León,Ciénega de Flores,FC,Horizontal,246,012,19
2023,Sonora,Puerto Peñasco,U2,Horizontal,62,048,26
2022,San Luis Potosí,Rioverde,U1,Horizontal,1,024,24
2022,Colima,Manzanillo,U2,Horizontal,22,007,06
2021,Tlaxcala,Cuapiaxtla,FC,Horizontal,3,008,29
2023,Puebla,Atlixco,FC,Vertical,240,019,21
2021,Zacatecas,Calera,U2,Horizontal,41,005,32
2021,Sinaloa,Ahome,U1,Horizontal,9,001,25
2022,Baja California Sur,Loreto,U2,Horizontal,1,009,03
2022,Baja California Sur,Loreto,U3,Horizontal,6,009,03
2021,Puebla,Zacapoaxtla,U3,Horizontal,1,207,21
2023,Tamaulipas,Reynosa,U3,Horizontal,2096,032,28
2023,Baja California Sur,Comondú,U3,Horizontal,12,001,03
2021,Sonora,Agua Prieta,U3,Horizontal,193,002,26
2022,Morelos,Atlatlahucan,FC,Horizontal,1,002,17
2023,Hidalgo,Epazoyucan,U3,Horizontal,7,022,13
2023,Michoacán de Ocampo,Apatzingán,U3,Horizontal,21,006,16
2021,Oaxaca,San Jacinto Amilpas,U1,Horizontal,19,157,20
2021,Durango,Lerdo,U2,Horizontal,28,012,10
2023,Tamaulipas,Matamoros,U2,Horizontal,167,022,28
2022,Jalisco,Tala,U1,Horizontal,40,083,14
2021,Zacatecas,Guadalupe,FC,Horizontal,3,017,32
2023,Chihuahua,Chihuahua,U3,Horizontal,1545,019,08
2022,Puebla,Tehuacán,U2,Vertical,8,156,21
2023,Sinaloa,Mazatlán,U2,Horizontal,124,012,25
2021,Michoacán de Ocampo,Yurécuaro,U2,Horizontal,4,106,16
2021,Puebla,Ocoyucan,FC,Horizontal,1,106,21
2022,Chiapas,Palenque,U1,Horizontal,6,065,07
2022,Baja California Sur,Comondú,U2,Horizontal,10,001,03
2022,San Luis Potosí,Ebano,U2,Horizontal,2,016,24
2021,Colima,Colima,U2,Horizontal,75,002,06
2022,Sonora,Navojoa,U1,Horizontal,96,042,26
2021,Sonora,Hermosillo,U3,Horizontal,1713,030,26
2021,Hidalgo,Tulancingo de Bravo,U1,Horizontal,22,077,13
2023,Baja California,Mexicali,U1,Horizontal,75,002,02
2021,México,Cuautitlán,U3,Horizontal,457,024,15
2022,Zacatecas,Villanueva,FC,Horizontal,1,055,32
2021,México,Melchor Ocampo,U3,Vertical,60,053,15
2021,Puebla,Teziutlán,U3,Horizontal,12,174,21
2022,Sinaloa,Guasave,U3,Horizontal,279,011,25
2022,Guerrero,Zihuatanejo de Azueta,FC,Horizontal,7,038,12
2023,Jalisco,San Juan de los Lagos,U3,Horizontal,283,073,14
2023,Jalisco,Guadalajara,U2,Vertical,7,039,14
2023,Sinaloa,Mazatlán,U2,Vertical,34,012,25
2023,Puebla,Tehuacán,U3,Horizontal,28,156,21
2021,Nuevo León,Pesquería,U2,Horizontal,252,041,19
2022,Colima,Manzanillo,U3,Horizontal,60,007,06
2022,Puebla,Tehuacán,U3,Vertical,11,156,21
2023,Jalisco,Autlán de Navarro,U1,Horizontal,2,015,14
2021,Guanajuato,Acámbaro,FC,Horizontal,2,002,11
2021,Jalisco,Ocotlán,U2,Vertical,60,063,14
2022,México,Atlacomulco,FC,Horizontal,6,014,15
2023,Veracruz de Ignacio de la Llave,Tuxpan,U2,Vertical,40,189,30
2021,San Luis Potosí,San Luis Potosí,U2,Vertical,78,028,24
2023,Baja California,Tijuana,U3,Horizontal,776,004,02
2021,Baja California,Tijuana,U3,Horizontal,972,004,02
2023,Puebla,Cuautlancingo,U1,Vertical,124,041,21
2021,Querétaro,Querétaro,U3,Vertical,401,014,22
2023,Coahuila de Zaragoza,Saltillo,U2,Vertical,158,030,05
2023,Hidalgo,Cuautepec de Hinojosa,U3,Horizontal,54,016,13
2023,Jalisco,Tepatitlán de Morelos,U3,Horizontal,41,093,14
2023,San Luis Potosí,Soledad de Graciano Sánchez,U3,Vertical,229,035,24
2023,San Luis Potosí,Cárdenas,U2,Horizontal,2,005,24
2023,Michoacán de Ocampo,Zinapécuaro,U3,Horizontal,2,110,16
2021,Guanajuato,San Felipe,FC,Horizontal,1,030,11
2023,Chiapas,Palenque,U1,Horizontal,3,065,07
2021,Guanajuato,Purísima del Rincón,FC,Horizontal,2,025,11
2022,Yucatán,Umán,U3,Horizontal,654,101,31
2022,Guanajuato,Silao de la Victoria,U2,Horizontal,16,037,11
2023,México,Tecámac,U3,Vertical,465,081,15
2023,Sinaloa,Ahome,U1,Horizontal,14,001,25
2021,Durango,Poanas,FC,Horizontal,8,022,10
2022,Coahuila de Zaragoza,Torreón,FC,Horizontal,149,035,05
2022,Zacatecas,Calera,U2,Horizontal,2,005,32
2021,Coahuila de Zaragoza,Acuña,FC,Horizontal,3,002,05
2022,Guanajuato,León,U3,Horizontal,1473,020,11
2023,Durango,Gómez Palacio,U1,Horizontal,19,007,10
2021,Colima,Tecomán,U1,Horizontal,39,009,06
2023,Tamaulipas,Altamira,U2,Horizontal,57,003,28
2022,México,Ixtapaluca,U2,Vertical,53,039,15
2022,Zacatecas,Calera,U1,Horizontal,1,005,32
2022,Michoacán de Ocampo,Zitácuaro,U2,Horizontal,4,112,16
2021,Nayarit,Bahía de Banderas,U1,Vertical,196,020,18
2021,Michoacán de Ocampo,Zamora,U3,Horizontal,144,108,16
2022,Sonora,Hermosillo,U2,Horizontal,279,030,26
2023,Tamaulipas,Ciudad Madero,U1,Vertical,44,009,28
2021,México,Calimaya,FC,Horizontal,50,018,15
2023,Nuevo León,Pesquería,FC,Horizontal,723,041,19
2021,Yucatán,Umán,U3,Horizontal,889,101,31
2023,Yucatán,Valladolid,FC,Horizontal,26,102,31
2022,México,Toluca,U3,Horizontal,12,106,15
2021,Tamaulipas,Altamira,U1,Horizontal,17,003,28
2021,Puebla,Puebla,FC,Horizontal,191,114,21
2023,Jalisco,Zapopan,FC,Vertical,177,120,14
2022,Hidalgo,Apan,U3,Horizontal,5,008,13
2021,Tamaulipas,Altamira,U3,Horizontal,38,003,28
2022,Coahuila de Zaragoza,Saltillo,U1,Vertical,150,030,05
2021,Jalisco,Puerto Vallarta,U2,Horizontal,17,067,14
2021,Tamaulipas,Reynosa,U2,Horizontal,401,032,28
2021,Tamaulipas,Ciudad Madero,U1,Vertical,10,009,28
2023,Guanajuato,Apaseo el Grande,U3,Horizontal,463,005,11
2022,Chiapas,Pijijiapan,U3,Horizontal,1,069,07
2022,Nuevo León,General Escobedo,U3,Horizontal,1104,021,19
2022,Zacatecas,Zacatecas,U3,Horizontal,188,056,32
2022,Puebla,Huejotzingo,U3,Vertical,721,074,21
2022,Quintana Roo,Othón P. Blanco,U3,Horizontal,223,004,23
2022,Yucatán,Mérida,FC,Horizontal,134,050,31
2023,Tlaxcala,Tzompantepec,U2,Horizontal,4,038,29
2021,Sonora,Nogales,U3,Horizontal,500,043,26
2023,Baja California,Tijuana,FC,Vertical,949,004,02
2023,México,Huehuetoca,U3,Vertical,191,035,15
2022,Guanajuato,Salvatierra,U2,Horizontal,1,028,11
2021,Oaxaca,Cuilápam de Guerrero,FC,Horizontal,5,023,20
2021,Jalisco,Ixtlahuacán de los Membrillos,U3,Vertical,12,044,14
2021,Puebla,Puebla,U1,Vertical,80,114,21
2022,Sonora,Empalme,U3,Horizontal,66,025,26
2021,Tlaxcala,Santa Cruz Tlaxcala,U2,Vertical,108,026,29
2021,Tamaulipas,Reynosa,U1,Horizontal,6,032,28
2021,Nayarit,Bahía de Banderas,FC,Horizontal,128,020,18
2022,Sonora,Puerto Peñasco,U1,Horizontal,23,048,26
2021,Morelos,Temixco,U3,Horizontal,7,018,17
2022,Morelos,Emiliano Zapata,U3,Horizontal,293,008,17
2022,Guerrero,Iguala de la Independencia,U1,Horizontal,72,035,12
2021,Yucatán,Tizimín,U3,Horizontal,2,096,31
2022,Sonora,Agua Prieta,U3,Horizontal,210,002,26
2023,Durango,Durango,U1,Horizontal,53,005,10
2022,Tlaxcala,Calpulalpan,U1,Horizontal,32,006,29
2023,Oaxaca,Santa María Huatulco,U3,Vertical,46,413,20
2022,Coahuila de Zaragoza,Ramos Arizpe,U2,Horizontal,113,027,05
2022,Guanajuato,San Felipe,U2,Horizontal,6,030,11
2021,Morelos,Tlayacapan,U2,Horizontal,1,026,17
2021,San Luis Potosí,Ciudad Valles,U3,Horizontal,61,013,24
2021,México,Chalco,U3,Vertical,43,025,15
2021,Baja California Sur,Los Cabos,U3,Horizontal,21,008,03
2023,Hidalgo,Huichapan,FC,Horizontal,1,029,13
2023,Nuevo León,Monterrey,U2,Horizontal,23,039,19
2021,Michoacán de Ocampo,Uruapan,U3,Horizontal,1,102,16
2022,Yucatán,Kanasín,U1,Horizontal,5,041,31
2022,Tabasco,Nacajuca,U1,Vertical,14,013,27
2023,Coahuila de Zaragoza,Nava,U3,Horizontal,95,022,05
2023,Chiapas,Chiapa de Corzo,U2,Horizontal,1,027,07
2022,Sonora,Navojoa,U2,Horizontal,131,042,26
2022,San Luis Potosí,San Luis Potosí,U1,Horizontal,2,028,24
2021,Coahuila de Zaragoza,Frontera,U1,Horizontal,31,010,05
2023,Oaxaca,San Juan Bautista Tuxtepec,U3,Horizontal,4,184,20
2021,Baja California Sur,Los Cabos,U1,Horizontal,1,008,03
2022,Nayarit,Tepic,U2,Vertical,33,017,18
2023,Guerrero,Acapulco de Juárez,U1,Vertical,14,001,12
2021,Coahuila de Zaragoza,Ramos Arizpe,U1,Horizontal,15,027,05
2021,Guanajuato,San Luis de la Paz,FC,Horizontal,388,033,11
2022,Puebla,Coronango,U1,Horizontal,182,034,21
2023,Hidalgo,Atotonilco de Tula,FC,Vertical,475,013,13
2022,Jalisco,Guadalajara,U3,Horizontal,62,039,14
2023,Veracruz de Ignacio de la Llave,Veracruz,U2,Horizontal,123,193,30
2022,Morelos,Yecapixtla,FC,Horizontal,31,030,17
2022,Durango,Gómez Palacio,U3,Horizontal,9,007,10
2023,Nuevo León,Anáhuac,U3,Horizontal,7,005,19
2023,Guanajuato,San Luis de la Paz,FC,Horizontal,88,033,11
2021,Hidalgo,Zapotlán de Juárez,FC,Horizontal,6,082,13
2023,Veracruz de Ignacio de la Llave,Córdoba,U1,Horizontal,2,044,30
2021,Ciudad de México,Venustiano Carranza,U1,Vertical,254,017,09
2021,Michoacán de Ocampo,Pátzcuaro,U1,Vertical,16,066,16
2023,Morelos,Xochitepec,U3,Vertical,48,028,17
2021,Guanajuato,Dolores Hidalgo Cuna de la Independencia Nacional,FC,Horizontal,99,014,11
2022,Coahuila de Zaragoza,Allende,U2,Horizontal,40,003,05
2022,Coahuila de Zaragoza,San Juan de Sabinas,U3,Horizontal,35,032,05
2022,Puebla,Cuautlancingo,U3,Vertical,128,041,21
2021,Sonora,Guaymas,FC,Horizontal,5,029,26
2022,Tlaxcala,Tlaxco,U3,Horizontal,3,034,29
2021,Aguascalientes,Pabellón de Arteaga,U1,Horizontal,16,006,01
2023,Jalisco,El Salto,U2,Horizontal,92,070,14
2023,Tamaulipas,Altamira,U3,Vertical,152,003,28
2023,Puebla,Puebla,U2,Vertical,248,114,21
2022,Aguascalientes,Rincón de Romos,U2,Horizontal,31,007,01
2023,Nuevo León,General Escobedo,U2,Horizontal,144,021,19
2021,Hidalgo,Mineral de la Reforma,U1,Horizontal,2,051,13
2023,Hidalgo,Pachuca de Soto,U1,Horizontal,1,048,13
2022,Chihuahua,Aldama,U2,Horizontal,32,002,08
2021,Guanajuato,Salamanca,FC,Vertical,189,027,11
2023,Veracruz de Ignacio de la Llave,Nogales,U2,Horizontal,1,115,30
2022,Tlaxcala,San Pablo del Monte,U1,Vertical,8,025,29
2023,Colima,Comala,U3,Horizontal,5,003,06
2022,Oaxaca,San Juan Bautista Tuxtepec,U2,Horizontal,7,184,20
2023,Ciudad de México,Iztacalco,U1,Vertical,271,006,09
2022,Guanajuato,Villagrán,U3,Horizontal,77,044,11
2023,Sonora,Caborca,U3,Horizontal,2,017,26
2023,Sonora,Cajeme,FC,Horizontal,19,018,26
2023,Jalisco,Tlajomulco de Zúñiga,U1,Horizontal,60,097,14
2022,Chihuahua,Camargo,U1,Horizontal,5,011,08
2021,Michoacán de Ocampo,Zamora,U3,Vertical,210,108,16
2022,Michoacán de Ocampo,Sahuayo,FC,Horizontal,5,076,16
2023,Puebla,Huauchinango,U2,Horizontal,3,071,21
2021,Veracruz de Ignacio de la Llave,Córdoba,U3,Vertical,19,044,30
2023,México,Tlalnepantla de Baz,U1,Horizontal,7,104,15
2021,Tamaulipas,Matamoros,U1,Horizontal,5,022,28
2022,Jalisco,San Pedro Tlaquepaque,U2,Horizontal,167,098,14
2022,Veracruz de Ignacio de la Llave,Fortín,U2,Horizontal,1,068,30
2021,Puebla,Tehuacán,U2,Horizontal,49,156,21
2021,Baja California,Tijuana,U3,Vertical,903,004,02
2022,Tabasco,Centro,U2,Horizontal,1,004,27
2023,Guanajuato,San Miguel de Allende,U3,Horizontal,100,003,11
2023,Chihuahua,Bocoyna,FC,Horizontal,22,009,08
2021,Nayarit,Bahía de Banderas,U3,Horizontal,201,020,18
2021,Puebla,Huejotzingo,U3,Horizontal,415,074,21
2022,Morelos,Cuernavaca,U2,Horizontal,15,007,17
2023,Puebla,Huejotzingo,U3,Horizontal,272,074,21
2022,Sonora,Caborca,U3,Horizontal,4,017,26
2023,Guanajuato,Irapuato,FC,Horizontal,119,017,11
2023,Guanajuato,San Miguel de Allende,FC,Horizontal,82,003,11
2021,Tabasco,Huimanguillo,U3,Vertical,15,008,27
2021,Quintana Roo,Benito Juárez,FC,Vertical,133,005,23
2021,México,Toluca,U1,Horizontal,2,106,15
2023,Jalisco,Poncitlán,U2,Horizontal,127,066,14
2023,Chiapas,Tuxtla Gutiérrez,FC,Horizontal,36,101,07
2021,Jalisco,Ameca,U3,Horizontal,1,006,14
2023,Chihuahua,Juárez,U1,Horizontal,41,037,08
2023,Coahuila de Zaragoza,Piedras Negras,U3,Horizontal,532,025,05
2022,Jalisco,Ixtlahuacán de los Membrillos,U2,Vertical,84,044,14
2023,Michoacán de Ocampo,Tarímbaro,U3,Vertical,85,088,16
2021,Aguascalientes,Aguascalientes,U2,Horizontal,867,001,01
2023,Guerrero,Iguala de la Independencia,U1,Horizontal,2,035,12
2021,Quintana Roo,Othón P. Blanco,U3,Horizontal,342,004,23
2021,Puebla,Tehuacán,U2,Vertical,22,156,21
2021,Sinaloa,Guasave,U3,Horizontal,130,011,25
2022,Coahuila de Zaragoza,Matamoros,U2,Horizontal,60,017,05
2021,Tlaxcala,Tlaxcala,U2,Horizontal,13,033,29
2022,Hidalgo,Tolcayuca,FC,Horizontal,872,075,13
2023,San Luis Potosí,Cerritos,U3,Horizontal,9,008,24
2021,Jalisco,Tlajomulco de Zúñiga,FC,Vertical,2,097,14
2021,Jalisco,El Salto,FC,Horizontal,409,070,14
2021,Jalisco,Zapopan,U3,Vertical,1495,120,14
2022,Veracruz de Ignacio de la Llave,Orizaba,U1,Horizontal,2,118,30
2023,Michoacán de Ocampo,Hidalgo,U2,Horizontal,5,034,16
2023,Colima,Colima,U2,Horizontal,72,002,06
2022,Nuevo León,Guadalupe,U3,Horizontal,16,026,19
2023,Guerrero,Chilpancingo de los Bravo,U2,Horizontal,4,029,12
2023,Coahuila de Zaragoza,San Buenaventura,U2,Horizontal,11,031,05
2021,Nayarit,Bahía de Banderas,FC,Vertical,135,020,18
2021,Sonora,Navojoa,U3,Horizontal,71,042,26
2022,Tabasco,Centro,U3,Vertical,91,004,27
2022,Ciudad de México,Azcapotzalco,U2,Vertical,31,002,09
2023,Hidalgo,Tulancingo de Bravo,U1,Horizontal,18,077,13
2023,Michoacán de Ocampo,Sahuayo,U3,Horizontal,4,076,16
2021,Sinaloa,Navolato,U2,Horizontal,47,018,25
2022,Veracruz de Ignacio de la Llave,Pánuco,U1,Horizontal,2,123,30
2021,Puebla,Huejotzingo,U2,Vertical,16,074,21
2022,Yucatán,Mérida,U2,Horizontal,179,050,31
2023,Jalisco,San Pedro Tlaquepaque,U1,Horizontal,11,098,14
2023,Querétaro,Corregidora,U3,Horizontal,41,006,22
2023,Tamaulipas,Nuevo Laredo,U1,Horizontal,242,027,28
2022,Guanajuato,Salamanca,FC,Vertical,132,027,11
2021,Coahuila de Zaragoza,Monclova,U2,Horizontal,26,018,05
2021,Veracruz de Ignacio de la Llave,Medellín de Bravo,U2,Horizontal,180,105,30
2022,Michoacán de Ocampo,Zamora,FC,Horizontal,23,108,16
2022,México,Melchor Ocampo,U3,Horizontal,412,053,15
2021,Coahuila de Zaragoza,Múzquiz,U3,Horizontal,120,020,05
2021,Jalisco,Zapotlanejo,U2,Horizontal,2,124,14
2023,Colima,Villa de Álvarez,U2,Horizontal,36,010,06
2021,Hidalgo,Santiago Tulantepec de Lugo Guerrero,U3,Horizontal,2,056,13
2023,Hidalgo,Ixmiquilpan,U2,Horizontal,1,030,13
2021,Oaxaca,Santa Lucía del Camino,U1,Horizontal,1,390,20
2021,Coahuila de Zaragoza,Arteaga,U2,Horizontal,1,004,05
2021,Baja California,Mexicali,U2,Horizontal,217,002,02
2022,Jalisco,Zapotlán el Grande,U3,Horizontal,49,023,14
2022,Nuevo León,Pesquería,FC,Horizontal,963,041,19
2023,Quintana Roo,Solidaridad,U3,Vertical,1930,008,23
2023,Querétaro,El Marqués,FC,Vertical,995,011,22
2021,México,Tlalnepantla de Baz,U1,Vertical,1,104,15
2023,Jalisco,Tonalá,U2,Vertical,700,101,14
2021,Chiapas,Tuxtla Gutiérrez,U3,Horizontal,1,101,07
2021,Chihuahua,Cuauhtémoc,U3,Horizontal,491,017,08
2022,Sinaloa,Ahome,U2,Horizontal,112,001,25
2023,Querétaro,Querétaro,U3,Vertical,379,014,22
2022,Nayarit,Tepic,U1,Horizontal,2,017,18
2021,Tabasco,Centro,U2,Horizontal,3,004,27
2021,Morelos,Xochitepec,U2,Vertical,57,028,17
2021,Guanajuato,León,U3,Horizontal,1427,020,11
2021,Chiapas,Tonalá,FC,Horizontal,36,097,07
2021,Chihuahua,Jiménez,U1,Horizontal,5,036,08
2021,Coahuila de Zaragoza,San Pedro,U3,Horizontal,150,033,05
2021,Baja California Sur,Comondú,U2,Horizontal,12,001,03
2021,Tamaulipas,Río Bravo,U2,Horizontal,73,033,28
2023,Veracruz de Ignacio de la Llave,Tuxpan,U2,Horizontal,8,189,30
2022,Guanajuato,Silao de la Victoria,FC,Vertical,2,037,11
2023,San Luis Potosí,Soledad de Graciano Sánchez,U2,Vertical,101,035,24
2023,Nayarit,Bahía de Banderas,U2,Horizontal,19,020,18
2022,Sonora,Nogales,U3,Vertical,126,043,26
2022,Puebla,Cuautlancingo,U3,Horizontal,193,041,21
2023,Tlaxcala,Chiautempan,U2,Horizontal,2,010,29
2023,México,Soyaniquilpan de Juárez,FC,Horizontal,5,079,15
2023,Colima,Villa de Álvarez,U3,Horizontal,605,010,06
2023,México,Calimaya,U3,Horizontal,64,018,15
2023,Tlaxcala,Santa Isabel Xiloxoxtla,U2,Horizontal,1,060,29
2021,Jalisco,Tepatitlán de Morelos,FC,Horizontal,22,093,14
2022,Baja California,Tecate,U3,Horizontal,1,003,02
2021,Chihuahua,Delicias,U2,Horizontal,6,021,08
2022,Hidalgo,Tizayuca,U3,Horizontal,1787,069,13
2021,Nuevo León,Salinas Victoria,U2,Vertical,120,045,19
2023,Guanajuato,Salamanca,FC,Vertical,156,027,11
2023,Yucatán,Temax,FC,Horizontal,10,084,31
2021,Querétaro,Pedro Escobedo,FC,Horizontal,89,012,22
2023,Sonora,Cajeme,U2,Horizontal,148,018,26
2021,Guanajuato,Uriangato,U2,Horizontal,1,041,11
2021,Michoacán de Ocampo,Tarímbaro,U3,Vertical,126,088,16
2021,Coahuila de Zaragoza,Ramos Arizpe,U3,Horizontal,233,027,05
2021,Tlaxcala,Tetla de la Solidaridad,U2,Horizontal,16,031,29
2021,Ciudad de México,Benito Juárez,U1,Vertical,2,014,09
2021,Aguascalientes,Rincón de Romos,U1,Horizontal,22,007,01
2023,México,Zinacantepec,U3,Horizontal,178,118,15
2022,Veracruz de Ignacio de la Llave,Veracruz,U3,Horizontal,650,193,30
2022,Michoacán de Ocampo,Zinapécuaro,U3,Horizontal,1,110,16
2021,Guanajuato,Salvatierra,U2,Horizontal,9,028,11
2023,Morelos,Yecapixtla,FC,Vertical,576,030,17
2021,Nuevo León,General Escobedo,FC,Horizontal,295,021,19
2021,Chiapas,Comitán de Domínguez,U2,Horizontal,17,019,07
2022,Quintana Roo,Tulum,FC,Horizontal,448,009,23
2022,Sonora,Guaymas,U3,Horizontal,236,029,26
2022,Baja California,Mexicali,U2,Horizontal,181,002,02
2021,Jalisco,Tonalá,U2,Vertical,567,101,14
2021,Chiapas,Pichucalco,U3,Horizontal,1,068,07
2022,Yucatán,Valladolid,FC,Horizontal,36,102,31
2022,Ciudad de México,Iztacalco,U2,Vertical,20,006,09
2021,México,Otzolotepec,FC,Vertical,196,067,15
2023,Tamaulipas,El Mante,U2,Horizontal,5,021,28
2023,Campeche,Seybaplaya,FC,Horizontal,3,012,04
2023,Puebla,Tianguismanalco,FC,Vertical,32,175,21
2021,Quintana Roo,Tulum,FC,Vertical,1516,009,23
2023,Nuevo León,Pesquería,FC,Vertical,36,041,19
2022,Chiapas,Tapachula,U3,Horizontal,88,089,07
2023,Quintana Roo,Othón P. Blanco,U2,Horizontal,9,004,23
2023,Veracruz de Ignacio de la Llave,Emiliano Zapata,U3,Vertical,288,065,30
2022,Colima,Armería,U2,Horizontal,1,001,06
2021,Quintana Roo,Puerto Morelos,FC,Horizontal,22,011,23
2021,Morelos,Cuernavaca,U1,Vertical,50,007,17
2021,Nuevo León,Salinas Victoria,FC,Horizontal,233,045,19
2023,Puebla,Teziutlán,U2,Horizontal,83,174,21
2021,Veracruz de Ignacio de la Llave,Veracruz,U2,Vertical,7,193,30
2023,Chihuahua,Juárez,U3,Horizontal,51,037,08
2021,Veracruz de Ignacio de la Llave,Tuxpan,U3,Vertical,120,189,30
2023,Coahuila de Zaragoza,San Juan de Sabinas,U2,Horizontal,6,032,05
2021,Veracruz de Ignacio de la Llave,San Andrés Tuxtla,U2,Horizontal,15,141,30
2021,Yucatán,Kanasín,U2,Vertical,12,041,31
2021,Guerrero,Chilpancingo de los Bravo,U3,Vertical,40,029,12
2021,Michoacán de Ocampo,Sahuayo,FC,Horizontal,20,076,16
2022,Chiapas,Comitán de Domínguez,U3,Horizontal,38,019,07
2021,Veracruz de Ignacio de la Llave,Tierra Blanca,U2,Horizontal,1,174,30
2022,Baja California,Tijuana,U3,Vertical,674,004,02
2021,Tamaulipas,Victoria,FC,Horizontal,1,041,28
2022,Sonora,San Luis Río Colorado,U3,Horizontal,14,055,26
2023,Michoacán de Ocampo,Tarímbaro,U2,Horizontal,12,088,16
2021,Guanajuato,Celaya,U2,Horizontal,16,007,11
2021,Querétaro,Corregidora,FC,Horizontal,150,006,22
2022,Nuevo León,El Carmen,U3,Horizontal,1352,010,19
2023,Tamaulipas,Nuevo Laredo,U3,Horizontal,365,027,28
2021,Sonora,Empalme,U3,Horizontal,89,025,26
2021,Tlaxcala,Chiautempan,U1,Horizontal,1,010,29
2023,Guerrero,Chilpancingo de los Bravo,U3,Vertical,41,029,12
2022,México,Huehuetoca,U3,Vertical,363,035,15
2021,Puebla,Izúcar de Matamoros,U2,Horizontal,6,085,21
2021,Morelos,Yautepec,U2,Horizontal,30,029,17
2021,San Luis Potosí,Soledad de Graciano Sánchez,U2,Horizontal,158,035,24
2023,Puebla,Izúcar de Matamoros,U2,Horizontal,3,085,21
2023,Nuevo León,General Zuazua,FC,Horizontal,957,025,19
2021,Tlaxcala,San Pablo del Monte,U2,Vertical,12,025,29
2023,Nuevo León,Salinas Victoria,U2,Horizontal,1,045,19
2022,Sinaloa,Culiacán,U1,Horizontal,62,006,25
2021,Hidalgo,Tulancingo de Bravo,FC,Horizontal,1,077,13
2023,Chihuahua,Jiménez,U2,Horizontal,6,036,08
2021,Coahuila de Zaragoza,San Juan de Sabinas,U3,Horizontal,66,032,05
2022,Tamaulipas,Nuevo Laredo,U3,Horizontal,253,027,28
2022,Baja California,Tijuana,FC,Horizontal,676,004,02
2021,Veracruz de Ignacio de la Llave,Emiliano Zapata,U3,Vertical,445,065,30
2023,México,Atlacomulco,FC,Horizontal,13,014,15
2022,Michoacán de Ocampo,La Piedad,U2,Horizontal,125,069,16
2021,Tlaxcala,Zacatelco,U2,Horizontal,8,044,29
2022,Guanajuato,Villagrán,FC,Horizontal,48,044,11
2022,Morelos,Yautepec,U3,Horizontal,24,029,17
2022,Michoacán de Ocampo,Lázaro Cárdenas,U1,Horizontal,51,052,16
2022,Colima,Villa de Álvarez,U3,Horizontal,678,010,06
2021,Hidalgo,Mineral de la Reforma,U2,Horizontal,20,051,13
2022,Veracruz de Ignacio de la Llave,Xalapa,FC,Vertical,15,087,30
2022,México,Ixtapaluca,FC,Vertical,230,039,15
2021,México,Zumpango,U2,Vertical,6,120,15
2023,Baja California Sur,La Paz,U2,Horizontal,30,003,03
2021,Guerrero,Iguala de la Independencia,U1,Horizontal,115,035,12
2022,Morelos,Jojutla,FC,Horizontal,1,012,17
2023,Zacatecas,Loreto,U2,Horizontal,6,024,32
2023,Chiapas,Tapachula,FC,Horizontal,119,089,07
2022,Querétaro,Corregidora,U3,Horizontal,107,006,22
2023,Hidalgo,Mineral de la Reforma,FC,Horizontal,148,051,13
2023,Nuevo León,Cadereyta Jiménez,FC,Horizontal,243,009,19
2023,Coahuila de Zaragoza,Matamoros,U3,Horizontal,101,017,05
2023,Hidalgo,Apan,U3,Horizontal,17,008,13
2021,Puebla,Coronango,U2,Horizontal,8,034,21
2021,Sinaloa,Mazatlán,U1,Vertical,17,012,25
2022,Nayarit,Xalisco,U2,Horizontal,16,008,18
2023,Hidalgo,Tolcayuca,FC,Horizontal,894,075,13
2022,Coahuila de Zaragoza,Frontera,U1,Horizontal,29,010,05
2022,Chihuahua,Cuauhtémoc,U1,Horizontal,2,017,08
2022,Nuevo León,Ciénega de Flores,FC,Horizontal,84,012,19
2023,Puebla,Teziutlán,U1,Horizontal,36,174,21
2021,Campeche,Seybaplaya,FC,Horizontal,1,012,04
2022,Guanajuato,León,U1,Vertical,34,020,11
2022,Michoacán de Ocampo,Uruapan,U2,Horizontal,2,102,16
2023,México,Huehuetoca,U3,Horizontal,530,035,15
2022,Aguascalientes,Jesús María,U3,Horizontal,157,005,01
2023,San Luis Potosí,Soledad de Graciano Sánchez,U3,Horizontal,719,035,24
2021,Jalisco,Cocula,FC,Horizontal,12,024,14
2022,Sinaloa,Salvador Alvarado,U3,Horizontal,113,015,25
2021,Hidalgo,Actopan,U1,Horizontal,1,003,13
2021,Nuevo León,El Carmen,FC,Horizontal,3,010,19
2022,Guanajuato,Cortazar,FC,Horizontal,44,011,11
2022,Jalisco,El Salto,U3,Horizontal,1417,070,14
2023,Sinaloa,Mazatlán,U1,Vertical,5,012,25
2022,Baja California,Tecate,FC,Horizontal,8,003,02
2021,Puebla,Coronango,U3,Vertical,312,034,21
2021,Nuevo León,General Escobedo,U3,Horizontal,900,021,19
2021,Jalisco,Tlajomulco de Zúñiga,U2,Vertical,50,097,14
2023,Guanajuato,León,FC,Horizontal,95,020,11
2023,Guanajuato,Purísima del Rincón,U2,Horizontal,56,025,11
2021,Tlaxcala,Tlaxco,U3,Horizontal,5,034,29
2021,Jalisco,Guadalajara,U2,Vertical,133,039,14
2021,Oaxaca,Heroica Ciudad de Huajuapan de León,U2,Horizontal,2,039,20
2021,Tlaxcala,Calpulalpan,U1,Horizontal,17,006,29
2022,Tlaxcala,Tlaxcala,U2,Vertical,40,033,29
2022,Veracruz de Ignacio de la Llave,Nogales,U2,Horizontal,2,115,30
2023,México,Nextlalpan,U3,Vertical,32,059,15
2022,Guerrero,Iguala de la Independencia,U2,Horizontal,1,035,12
2023,Chiapas,San Cristóbal de las Casas,U2,Horizontal,1,078,07
2022,Tamaulipas,Altamira,U3,Vertical,300,003,28
2021,Jalisco,San Juan de los Lagos,U3,Horizontal,58,073,14
2023,Nayarit,Tepic,U3,Horizontal,13,017,18
2021,Jalisco,Poncitlán,U2,Horizontal,72,066,14
2022,Tabasco,Jalpa de Méndez,U1,Horizontal,4,010,27
2022,Veracruz de Ignacio de la Llave,Tuxpan,U3,Horizontal,24,189,30
2023,Morelos,Xochitepec,U2,Vertical,70,028,17
2021,Chiapas,Tapachula,FC,Horizontal,1,089,07
2021,Ciudad de México,Gustavo A. Madero,U1,Vertical,71,005,09
2023,México,Zumpango,U3,Horizontal,814,120,15
2021,Puebla,Huauchinango,U2,Horizontal,3,071,21
2022,Sinaloa,Navolato,FC,Vertical,1,018,25
2023,México,Coacalco de Berriozábal,U2,Vertical,4,020,15
2021,Nuevo León,Pesquería,FC,Vertical,78,041,19
2021,San Luis Potosí,San Luis Potosí,U1,Horizontal,72,028,24
2021,Hidalgo,Ixmiquilpan,U1,Horizontal,2,030,13
2022,Guanajuato,Moroleón,FC,Horizontal,1,021,11
2022,Nuevo León,Juárez,U1,Horizontal,154,031,19
2023,México,Zumpango,FC,Vertical,648,120,15
2022,Yucatán,Hunucmá,U3,Horizontal,13,038,31
2021,Nuevo León,Pesquería,FC,Horizontal,667,041,19
2022,Veracruz de Ignacio de la Llave,Veracruz,FC,Horizontal,4,193,30
2021,Veracruz de Ignacio de la Llave,Coatepec,U1,Horizontal,15,038,30
2021,Nuevo León,Santa Catarina,U2,Horizontal,97,048,19
2022,Oaxaca,Santa María Atzompa,FC,Vertical,112,399,20
2023,Chihuahua,Aldama,U2,Horizontal,19,002,08
2021,Oaxaca,Santa Cruz Xoxocotlán,U3,Horizontal,7,385,20
2021,Sonora,San Luis Río Colorado,U1,Horizontal,13,055,26
2021,Quintana Roo,Solidaridad,FC,Horizontal,5,008,23
2021,Tlaxcala,Tlaxco,U3,Vertical,1,034,29
2022,Sinaloa,Culiacán,U2,Vertical,121,006,25
2021,Guanajuato,San Miguel de Allende,U1,Horizontal,1,003,11
2022,Colima,Tecomán,U2,Horizontal,112,009,06
2022,Veracruz de Ignacio de la Llave,Medellín de Bravo,U2,Horizontal,197,105,30
2023,Puebla,Cuautlancingo,U3,Horizontal,169,041,21
2023,Aguascalientes,Jesús María,U2,Horizontal,8,005,01
2021,Tamaulipas,Altamira,U3,Vertical,149,003,28
2022,Zacatecas,Guadalupe,U2,Horizontal,18,017,32
2022,Coahuila de Zaragoza,Acuña,U1,Horizontal,276,002,05
2021,Chiapas,Tuxtla Gutiérrez,U2,Horizontal,184,101,07
2023,Chiapas,Tuxtla Gutiérrez,U2,Vertical,24,101,07
2022,México,Ecatepec de Morelos,U1,Vertical,55,033,15
2021,México,Zumpango,FC,Horizontal,198,120,15
2022,Puebla,Amozoc,U3,Vertical,48,015,21
2021,Hidalgo,San Agustín Tlaxiaca,U2,Horizontal,2,052,13
2021,Veracruz de Ignacio de la Llave,Río Blanco,U3,Horizontal,26,138,30
2021,Guerrero,Iguala de la Independencia,U1,Vertical,32,035,12
2023,Jalisco,Ixtlahuacán de los Membrillos,U2,Vertical,84,044,14
2022,Oaxaca,San Jacinto Amilpas,U1,Horizontal,5,157,20
2023,Guerrero,Chilpancingo de los Bravo,U1,Vertical,32,029,12
2021,Nuevo León,Salinas Victoria,U3,Horizontal,1646,045,19
2022,Colima,Cuauhtémoc,FC,Horizontal,28,005,06
2023,Chihuahua,Cuauhtémoc,U3,Horizontal,173,017,08
2022,Baja California,Tijuana,U2,Horizontal,121,004,02
2021,Veracruz de Ignacio de la Llave,Perote,U3,Horizontal,21,128,30
2023,Yucatán,Umán,U1,Vertical,48,101,31
2022,Baja California Sur,Comondú,U3,Horizontal,11,001,03
2023,Coahuila de Zaragoza,Parras,U2,Horizontal,52,024,05
2023,Chiapas,Comitán de Domínguez,U3,Horizontal,41,019,07
2021,Michoacán de Ocampo,Vista Hermosa,FC,Horizontal,15,105,16
2021,Jalisco,Ixtlahuacán de los Membrillos,U2,Vertical,141,044,14
2023,México,Otzolotepec,FC,Vertical,144,067,15
2023,Sonora,Nogales,U3,Vertical,107,043,26
2021,Colima,Tecomán,U2,Horizontal,134,009,06
2023,Veracruz de Ignacio de la Llave,Veracruz,U3,Horizontal,612,193,30
2022,Hidalgo,Zempoala,U3,Horizontal,287,083,13
2021,Querétaro,El Marqués,U3,Horizontal,558,011,22
2023,Zacatecas,Ojocaliente,U1,Horizontal,1,036,32
2021,Chihuahua,Jiménez,U2,Horizontal,13,036,08
2023,Hidalgo,Zapotlán de Juárez,FC,Horizontal,3,082,13
2022,Quintana Roo,Solidaridad,U3,Horizontal,429,008,23
2021,Chihuahua,Casas Grandes,FC,Horizontal,1,013,08
2021,San Luis Potosí,Villa de Reyes,FC,Horizontal,27,050,24
2022,Morelos,Yautepec,U3,Vertical,30,029,17
2022,Quintana Roo,Benito Juárez,U2,Horizontal,42,005,23
2021,Tlaxcala,Santa Cruz Tlaxcala,U2,Horizontal,11,026,29
2023,Veracruz de Ignacio de la Llave,Río Blanco,U3,Vertical,120,138,30
2022,Tamaulipas,Nuevo Laredo,U2,Horizontal,289,027,28
2022,Hidalgo,Tizayuca,FC,Horizontal,63,069,13
2021,Jalisco,San Pedro Tlaquepaque,U2,Horizontal,224,098,14
2022,Sonora,Cananea,U3,Horizontal,2,019,26
2022,Guanajuato,Apaseo el Grande,U3,Vertical,356,005,11
2022,Ciudad de México,Azcapotzalco,U1,Vertical,55,002,09
2022,Querétaro,San Juan del Río,FC,Horizontal,189,016,22
2023,Zacatecas,Calera,U2,Horizontal,6,005,32
2023,Puebla,Coronango,U1,Vertical,51,034,21
2021,Zacatecas,Jerez,U2,Horizontal,3,020,32
2021,Querétaro,El Marqués,FC,Vertical,949,011,22
2022,Sonora,Hermosillo,FC,Horizontal,121,030,26
2021,Jalisco,Guadalajara,U1,Vertical,20,039,14
2021,San Luis Potosí,Soledad de Graciano Sánchez,U3,Horizontal,740,035,24
2022,Hidalgo,Mineral de la Reforma,U3,Horizontal,711,051,13
2023,Guanajuato,Villagrán,U3,Vertical,24,044,11
2023,Veracruz de Ignacio de la Llave,Orizaba,U2,Horizontal,6,118,30
2023,Tabasco,Centro,FC,Vertical,16,004,27
2021,Tlaxcala,Xaloztoc,U1,Vertical,30,039,29
2021,Coahuila de Zaragoza,Torreón,U2,Vertical,15,035,05
2021,Guerrero,Iguala de la Independencia,U3,Horizontal,1,035,12
2022,Hidalgo,Atotonilco de Tula,FC,Vertical,486,013,13
2023,Hidalgo,Tizayuca,FC,Vertical,330,069,13
2021,Aguascalientes,San Francisco de los Romo,U2,Horizontal,16,011,01
2023,Guanajuato,San Francisco del Rincón,U2,Horizontal,19,031,11
2023,Tamaulipas,Victoria,FC,Horizontal,4,041,28
2023,Colima,Tecomán,U2,Horizontal,98,009,06
2023,Aguascalientes,Aguascalientes,U1,Horizontal,29,001,01
2022,Jalisco,Autlán de Navarro,U1,Horizontal,5,015,14
2022,México,Cuautitlán,U2,Horizontal,33,024,15
2022,Morelos,Cuautla,U1,Horizontal,1,006,17
2022,México,Tecámac,U3,Horizontal,1029,081,15
2023,Hidalgo,Tepeapulco,U2,Horizontal,3,061,13
2023,Jalisco,Tala,U3,Horizontal,115,083,14
2021,Guanajuato,Abasolo,U2,Horizontal,4,001,11
2023,México,Zinacantepec,U3,Vertical,108,118,15
2023,Guerrero,Iguala de la Independencia,U1,Vertical,48,035,12
2023,Querétaro,Querétaro,U2,Vertical,165,014,22
2023,Coahuila de Zaragoza,Allende,U2,Horizontal,45,003,05
2021,Querétaro,El Marqués,U3,Vertical,19,011,22
2022,Hidalgo,Tepeapulco,U2,Horizontal,5,061,13
2022,Sinaloa,Navolato,FC,Horizontal,1,018,25
2021,Baja California,Tijuana,FC,Horizontal,273,004,02
2021,Morelos,Yautepec,U3,Horizontal,46,029,17
2022,Aguascalientes,Rincón de Romos,U3,Horizontal,6,007,01
2021,Nayarit,Tepic,U2,Vertical,22,017,18
2021,Hidalgo,Zempoala,U2,Horizontal,47,083,13
2023,Tlaxcala,Apizaco,U2,Horizontal,6,005,29
2022,Quintana Roo,Tulum,FC,Vertical,1032,009,23
2023,Veracruz de Ignacio de la Llave,San Andrés Tuxtla,U3,Horizontal,3,141,30
2021,Baja California Sur,Los Cabos,U2,Vertical,12,008,03
2021,Guerrero,Acapulco de Juárez,U1,Vertical,321,001,12
2021,Sinaloa,Navolato,U2,Vertical,2,018,25
2021,Tamaulipas,Matamoros,FC,Horizontal,22,022,28
2022,Jalisco,Encarnación de Díaz,U2,Horizontal,82,035,14
2022,Morelos,Emiliano Zapata,U1,Horizontal,26,008,17
2023,San Luis Potosí,Ciudad Valles,U3,Vertical,10,013,24
2023,Zacatecas,Guadalupe,U3,Horizontal,529,017,32
2022,Jalisco,Tlajomulco de Zúñiga,U3,Horizontal,775,097,14
2022,Jalisco,Ojuelos de Jalisco,FC,Horizontal,5,064,14
2022,Baja California,Ensenada,U3,Horizontal,143,001,02
2022,Coahuila de Zaragoza,Sabinas,U1,Horizontal,3,028,05
2022,Chihuahua,Hidalgo del Parral,U2,Horizontal,15,032,08
2021,Coahuila de Zaragoza,Piedras Negras,U3,Horizontal,709,025,05
2022,Nuevo León,Guadalupe,U2,Horizontal,1,026,19
2021,Chiapas,Berriozábal,FC,Horizontal,91,012,07
2023,Michoacán de Ocampo,Lázaro Cárdenas,U2,Horizontal,3,052,16
2022,Tlaxcala,Tzompantepec,FC,Horizontal,3,038,29
2021,Chihuahua,Aldama,U3,Horizontal,5,002,08
2023,Baja California,Mexicali,U3,Horizontal,1475,002,02
2023,México,Coacalco de Berriozábal,U2,Horizontal,51,020,15
2021,Michoacán de Ocampo,La Piedad,U3,Horizontal,2,069,16
2022,Tamaulipas,Victoria,U3,Horizontal,280,041,28
2022,Zacatecas,Ojocaliente,U1,Horizontal,1,036,32
2022,Sonora,Navojoa,U3,Horizontal,42,042,26
2022,Baja California Sur,Los Cabos,U2,Horizontal,5,008,03
2022,San Luis Potosí,San Luis Potosí,U3,Vertical,13,028,24
2021,Ciudad de México,Coyoacán,U2,Vertical,163,003,09
2021,Puebla,Puebla,U2,Horizontal,130,114,21
2022,Guanajuato,Purísima del Rincón,FC,Horizontal,10,025,11
2023,Jalisco,Tonalá,U3,Horizontal,538,101,14
2021,México,Ixtapaluca,FC,Vertical,177,039,15
2023,Jalisco,Ocotlán,U2,Vertical,28,063,14
2021,Tamaulipas,Río Bravo,U3,Horizontal,8,033,28
2021,Nayarit,Xalisco,U2,Vertical,22,008,18
2021,Baja California Sur,La Paz,U2,Horizontal,121,003,03
2021,Coahuila de Zaragoza,Saltillo,U3,Horizontal,282,030,05
2022,Querétaro,Corregidora,U1,Horizontal,2,006,22
2021,Veracruz de Ignacio de la Llave,Río Blanco,U2,Horizontal,15,138,30
2022,Querétaro,Querétaro,U2,Vertical,12,014,22
2021,Morelos,Cuernavaca,U1,Horizontal,28,007,17
2022,Guanajuato,San Miguel de Allende,U3,Horizontal,84,003,11
2022,Oaxaca,Santa María Huatulco,U3,Vertical,16,413,20
2022,Coahuila de Zaragoza,Parras,U1,Horizontal,21,024,05
2023,Hidalgo,Santiago Tulantepec de Lugo Guerrero,U2,Horizontal,1,056,13
2023,Sonora,Empalme,U2,Horizontal,17,025,26
2022,Campeche,Seybaplaya,FC,Horizontal,4,012,04
2023,Aguascalientes,Aguascalientes,U3,Horizontal,2875,001,01
2021,Puebla,Huejotzingo,U2,Horizontal,48,074,21
2021,Jalisco,Zapotiltic,U3,Horizontal,20,121,14
2022,Nuevo León,Ciénega de Flores,U2,Horizontal,58,012,19
2021,Jalisco,Tepatitlán de Morelos,U1,Horizontal,3,093,14
2022,Nuevo León,Cadereyta Jiménez,U1,Horizontal,3,009,19
2021,Nuevo León,Cadereyta Jiménez,FC,Horizontal,184,009,19
2022,Sinaloa,Salvador Alvarado,U2,Horizontal,1,015,25
2022,Quintana Roo,Benito Juárez,U3,Vertical,2647,005,23
2021,Sinaloa,Guasave,U2,Horizontal,63,011,25
2023,Coahuila de Zaragoza,Frontera,U1,Horizontal,21,010,05
2023,San Luis Potosí,Soledad de Graciano Sánchez,U2,Horizontal,142,035,24
2022,Coahuila de Zaragoza,Monclova,U3,Horizontal,23,018,05
2022,Morelos,Xochitepec,U3,Horizontal,29,028,17
2022,Michoacán de Ocampo,Pátzcuaro,FC,Horizontal,13,066,16
2022,Veracruz de Ignacio de la Llave,Álamo Temapache,U3,Horizontal,3,160,30
2022,México,Chalco,U2,Horizontal,1,025,15
2022,Hidalgo,Almoloya,FC,Horizontal,1,007,13
2021,Colima,Manzanillo,U3,Horizontal,249,007,06
2021,San Luis Potosí,San Luis Potosí,U3,Vertical,2,028,24
2023,México,Chalco,U3,Horizontal,1009,025,15
2023,Morelos,Emiliano Zapata,U3,Vertical,8,008,17
2022,Zacatecas,Calera,U3,Horizontal,41,005,32
2022,México,Almoloya de Juárez,U3,Horizontal,20,005,15
2022,Nuevo León,Pesquería,U3,Horizontal,464,041,19
2023,Quintana Roo,Solidaridad,U2,Vertical,13,008,23
2021,Chiapas,Palenque,U1,Horizontal,8,065,07
2022,Guerrero,Chilpancingo de los Bravo,U2,Horizontal,2,029,12
2022,Jalisco,San Pedro Tlaquepaque,U1,Vertical,216,098,14
2021,Tamaulipas,Nuevo Laredo,U2,Horizontal,208,027,28
2022,Michoacán de Ocampo,Zamora,U3,Vertical,160,108,16
2022,Tlaxcala,Santa Cruz Tlaxcala,U2,Vertical,122,026,29
2023,Nuevo León,Juárez,U2,Horizontal,1039,031,19
2021,Puebla,Cuautlancingo,U1,Horizontal,247,041,21
2022,Sonora,Cajeme,U2,Horizontal,54,018,26
2022,Tamaulipas,Matamoros,U3,Horizontal,1238,022,28
2022,Tamaulipas,Ciudad Madero,U2,Vertical,52,009,28
2022,Colima,Villa de Álvarez,U1,Horizontal,8,010,06
2022,Nuevo León,Ciénega de Flores,U3,Horizontal,294,012,19
2022,Zacatecas,Guadalupe,U1,Horizontal,4,017,32
2023,Jalisco,Tonalá,U1,Horizontal,16,101,14
2023,Sinaloa,Guasave,U2,Horizontal,52,011,25
2021,Baja California,Mexicali,U1,Vertical,30,002,02
2022,Coahuila de Zaragoza,Matamoros,U3,Horizontal,298,017,05
2022,Chihuahua,Nuevo Casas Grandes,U2,Horizontal,128,050,08
2021,Durango,Durango,FC,Vertical,225,005,10
2021,Tamaulipas,Victoria,U3,Horizontal,300,041,28
2021,Coahuila de Zaragoza,Francisco I. Madero,U1,Horizontal,180,009,05
2021,México,Zumpango,U3,Vertical,925,120,15
2023,Jalisco,Lagos de Moreno,U2,Horizontal,113,053,14
2023,Jalisco,Ixtlahuacán de los Membrillos,U3,Horizontal,6,044,14
2021,Sinaloa,Mazatlán,U1,Horizontal,20,012,25
2023,Sonora,San Luis Río Colorado,U3,Horizontal,67,055,26
2022,Coahuila de Zaragoza,Arteaga,U3,Horizontal,65,004,05
2021,Baja California,Mexicali,U3,Horizontal,1328,002,02
2023,Coahuila de Zaragoza,Acuña,U2,Horizontal,231,002,05
2021,Querétaro,Corregidora,U3,Vertical,124,006,22
2022,Veracruz de Ignacio de la Llave,Veracruz,U2,Vertical,91,193,30
2022,Querétaro,Querétaro,U3,Horizontal,435,014,22
2021,Veracruz de Ignacio de la Llave,Papantla,U1,Horizontal,2,124,30
2023,Jalisco,San Pedro Tlaquepaque,U1,Vertical,80,098,14
2021,Yucatán,Mérida,U2,Horizontal,317,050,31
2021,Yucatán,Hunucmá,U1,Horizontal,1,038,31
2021,Coahuila de Zaragoza,General Cepeda,FC,Horizontal,8,011,05
2021,Morelos,Emiliano Zapata,U2,Horizontal,20,008,17
2023,Veracruz de Ignacio de la Llave,Tuxpan,U3,Vertical,60,189,30
2022,Baja California Sur,Los Cabos,FC,Horizontal,2,008,03
2023,Coahuila de Zaragoza,Sabinas,U3,Horizontal,32,028,05
2021,Guanajuato,Silao de la Victoria,U2,Horizontal,25,037,11
2023,Guerrero,Zihuatanejo de Azueta,FC,Horizontal,15,038,12
2022,Tlaxcala,Zacatelco,U1,Horizontal,1,044,29
2021,Tabasco,Teapa,U3,Horizontal,3,016,27
2021,Jalisco,Zapopan,U3,Horizontal,637,120,14
2021,Guanajuato,Salamanca,FC,Horizontal,233,027,11
2023,Oaxaca,San Juan Bautista Tuxtepec,U2,Horizontal,3,184,20
2022,Michoacán de Ocampo,Zitácuaro,U1,Horizontal,1,112,16
2021,Nuevo León,Juárez,U3,Horizontal,6703,031,19
2023,Puebla,Cuautlancingo,U1,Horizontal,233,041,21
2021,Yucatán,Mérida,FC,Horizontal,123,050,31
2021,Puebla,Teziutlán,U2,Horizontal,51,174,21
2022,Morelos,Yecapixtla,FC,Vertical,448,030,17
2022,Coahuila de Zaragoza,Múzquiz,U1,Horizontal,13,020,05
2021,Ciudad de México,Azcapotzalco,U2,Vertical,27,002,09
2022,Puebla,Atlixco,FC,Vertical,192,019,21
2021,Sinaloa,Ahome,U3,Horizontal,529,001,25
2022,Hidalgo,Tizayuca,U2,Horizontal,19,069,13
2021,Michoacán de Ocampo,La Piedad,U1,Horizontal,34,069,16
2022,Ciudad de México,Cuauhtémoc,U1,Vertical,102,015,09
2022,San Luis Potosí,Matehuala,U3,Horizontal,26,020,24
2021,Veracruz de Ignacio de la Llave,Veracruz,U2,Horizontal,227,193,30
2021,México,Tecámac,U2,Horizontal,606,081,15
2022,Guerrero,Acapulco de Juárez,U1,Vertical,148,001,12
2022,Tlaxcala,Tlaxco,FC,Horizontal,2,034,29
2022,Guanajuato,Silao de la Victoria,FC,Horizontal,122,037,11
2022,Tamaulipas,Altamira,U2,Vertical,12,003,28
2023,Quintana Roo,Othón P. Blanco,U3,Horizontal,269,004,23
2022,Michoacán de Ocampo,Zitácuaro,U3,Horizontal,1,112,16
2022,Guerrero,Acapulco de Juárez,U3,Vertical,84,001,12
2022,Chiapas,Arriaga,U2,Horizontal,3,009,07
2022,Coahuila de Zaragoza,Frontera,U3,Horizontal,38,010,05
2022,San Luis Potosí,Soledad de Graciano Sánchez,U3,Horizontal,677,035,24
2021,Guanajuato,Celaya,U3,Horizontal,238,007,11
2022,Veracruz de Ignacio de la Llave,Río Blanco,U3,Horizontal,24,138,30
2023,Chihuahua,Chihuahua,U2,Horizontal,258,019,08
2023,Colima,Coquimatlán,FC,Horizontal,129,004,06
2023,Nuevo León,Sabinas Hidalgo,U1,Horizontal,8,044,19
2021,Aguascalientes,Jesús María,U2,Horizontal,77,005,01
2021,Morelos,Yautepec,U2,Vertical,9,029,17
2023,Jalisco,San Pedro Tlaquepaque,U2,Horizontal,327,098,14
2021,Nuevo León,Salinas Victoria,U2,Horizontal,107,045,19
2021,Sinaloa,Culiacán,U1,Vertical,1,006,25
2022,Morelos,Xochitepec,FC,Vertical,7,028,17
2023,Michoacán de Ocampo,Morelia,U2,Vertical,19,053,16
2022,Zacatecas,Jerez,U3,Horizontal,5,020,32
2021,Tabasco,Huimanguillo,U2,Horizontal,4,008,27
2021,Guanajuato,San Luis de la Paz,U3,Horizontal,7,033,11
2023,Coahuila de Zaragoza,Saltillo,U2,Horizontal,690,030,05
2022,Michoacán de Ocampo,Maravatío,U3,Horizontal,2,050,16
2023,Sinaloa,Mazatlán,U3,Horizontal,581,012,25
2023,Nayarit,Tepic,U2,Vertical,28,017,18
2022,México,Calimaya,U3,Horizontal,41,018,15
2022,Guanajuato,Celaya,U2,Horizontal,14,007,11
2023,Hidalgo,Tizayuca,U3,Horizontal,1516,069,13
2022,Tlaxcala,Huamantla,U2,Vertical,38,013,29
2021,Tlaxcala,Acuamanala de Miguel Hidalgo,U1,Horizontal,2,022,29
2021,Hidalgo,Santiago Tulantepec de Lugo Guerrero,U1,Horizontal,2,056,13
2021,Coahuila de Zaragoza,Torreón,U2,Horizontal,802,035,05
2023,Oaxaca,Cuilápam de Guerrero,FC,Horizontal,2,023,20
2022,Jalisco,La Barca,U3,Vertical,78,018,14
2022,Chihuahua,Delicias,U2,Horizontal,9,021,08
2021,Campeche,Calkiní,FC,Horizontal,6,001,04
2021,Querétaro,El Marqués,FC,Horizontal,591,011,22
2021,Michoacán de Ocampo,Lázaro Cárdenas,U1,Horizontal,63,052,16
2022,Jalisco,El Salto,U3,Vertical,96,070,14
2023,Quintana Roo,Solidaridad,U3,Horizontal,310,008,23
2023,Tlaxcala,La Magdalena Tlaltelulco,U2,Horizontal,4,048,29
2021,Chiapas,Tuxtla Gutiérrez,FC,Horizontal,57,101,07
2021,Hidalgo,Tulancingo de Bravo,U3,Horizontal,4,077,13
2023,Yucatán,Motul,U2,Horizontal,2,052,31
2021,Michoacán de Ocampo,Sahuayo,U3,Horizontal,12,076,16
2022,Nuevo León,Pesquería,U2,Horizontal,26,041,19
2021,Tamaulipas,Altamira,U2,Horizontal,134,003,28
2023,Chihuahua,Nuevo Casas Grandes,U3,Horizontal,44,050,08
2023,Puebla,San José Chiapa,FC,Horizontal,1,128,21
2021,México,Chalco,U2,Vertical,12,025,15
2023,Ciudad de México,Cuauhtémoc,U1,Vertical,463,015,09
2023,Hidalgo,Tizayuca,FC,Horizontal,5,069,13
2022,Michoacán de Ocampo,Zamora,U3,Horizontal,37,108,16
2023,Jalisco,Tlajomulco de Zúñiga,U3,Horizontal,618,097,14
2023,Coahuila de Zaragoza,Morelos,FC,Horizontal,10,019,05
2021,Sinaloa,Mazatlán,U3,Vertical,96,012,25
2023,Michoacán de Ocampo,Zamora,U2,Horizontal,8,108,16
2021,Zacatecas,Fresnillo,U1,Horizontal,4,010,32
2022,Tlaxcala,Xaloztoc,U1,Vertical,6,039,29
2023,Tlaxcala,Xaloztoc,U1,Vertical,6,039,29
2023,Morelos,Tlayacapan,FC,Horizontal,98,026,17
2022,San Luis Potosí,San Luis Potosí,U2,Vertical,160,028,24
2022,Quintana Roo,Solidaridad,FC,Horizontal,35,008,23
2022,Coahuila de Zaragoza,Monclova,U2,Horizontal,53,018,05
2021,Jalisco,Zacoalco de Torres,U2,Horizontal,3,119,14
2022,Veracruz de Ignacio de la Llave,Xalapa,U1,Vertical,1,087,30
2023,San Luis Potosí,Soledad de Graciano Sánchez,FC,Horizontal,4,035,24
2021,Hidalgo,Atotonilco el Grande,FC,Horizontal,1,012,13
2021,Colima,Colima,FC,Horizontal,5,002,06
2021,San Luis Potosí,Ciudad Valles,FC,Horizontal,1,013,24
2022,Baja California Sur,Comondú,U1,Horizontal,9,001,03
2022,Veracruz de Ignacio de la Llave,Medellín de Bravo,U3,Horizontal,129,105,30
2023,Michoacán de Ocampo,Pátzcuaro,U1,Vertical,16,066,16
2022,Zacatecas,Morelos,FC,Horizontal,2,032,32
2021,Baja California Sur,La Paz,FC,Horizontal,37,003,03
2023,Coahuila de Zaragoza,Saltillo,U1,Horizontal,562,030,05
2022,México,Coacalco de Berriozábal,U2,Horizontal,2,020,15
2022,Nuevo León,Anáhuac,U3,Horizontal,73,005,19
2022,Coahuila de Zaragoza,San Buenaventura,U2,Horizontal,23,031,05
2023,Sinaloa,Culiacán,U3,Vertical,294,006,25
2022,Jalisco,Zapotlanejo,FC,Horizontal,10,124,14
2021,Sonora,Cajeme,FC,Horizontal,22,018,26
2021,Michoacán de Ocampo,Morelia,FC,Vertical,40,053,16
2023,México,Ocoyoacac,U3,Horizontal,1,062,15
2022,Sinaloa,Culiacán,U2,Horizontal,175,006,25
2023,Quintana Roo,Benito Juárez,U3,Vertical,2161,005,23
2022,Jalisco,Ocotlán,U2,Horizontal,129,063,14
2021,Sonora,Cajeme,U1,Horizontal,30,018,26
2021,Sonora,San Luis Río Colorado,U2,Horizontal,84,055,26
2022,Ciudad de México,Tlalpan,U2,Horizontal,1,012,09
2022,Chihuahua,Nuevo Casas Grandes,U1,Horizontal,5,050,08
2022,Coahuila de Zaragoza,Torreón,U2,Vertical,11,035,05
2022,Sinaloa,Ahome,U3,Horizontal,528,001,25
2023,Chiapas,Villaflores,U3,Horizontal,1,108,07
2022,Puebla,Teziutlán,U1,Horizontal,21,174,21
2022,Michoacán de Ocampo,Morelia,U1,Vertical,36,053,16
2023,Jalisco,Encarnación de Díaz,U2,Horizontal,1,035,14
2023,Puebla,Xiutetelco,U1,Horizontal,1,199,21
2023,Guanajuato,Salamanca,U3,Horizontal,53,027,11
2021,Puebla,Amozoc,U2,Horizontal,3,015,21
2021,Sinaloa,Navolato,FC,Vertical,1,018,25
2022,Aguascalientes,San Francisco de los Romo,U3,Horizontal,183,011,01
2022,Guerrero,Chilpancingo de los Bravo,U3,Vertical,80,029,12
2022,Michoacán de Ocampo,Tarímbaro,FC,Vertical,44,088,16
2023,Nuevo León,Guadalupe,U3,Horizontal,18,026,19
2022,Nuevo León,General Escobedo,U2,Horizontal,91,021,19
2021,Baja California,Tijuana,FC,Vertical,1655,004,02
2022,México,Tecámac,U2,Horizontal,391,081,15
2022,Veracruz de Ignacio de la Llave,Ixtaczoquitlán,U3,Horizontal,93,085,30
2022,Tamaulipas,Tampico,U1,Vertical,46,038,28
2022,Hidalgo,Villa de Tezontepec,FC,Horizontal,4,066,13
2022,Nuevo León,Montemorelos,U1,Horizontal,7,038,19
2021,Chihuahua,Juárez,U3,Horizontal,918,037,08
2023,Puebla,San Martín Texmelucan,U2,Horizontal,20,132,21
2021,Tlaxcala,Apetatitlán de Antonio Carvajal,U2,Horizontal,3,002,29
2021,Puebla,Cuautlancingo,U3,Vertical,27,041,21
2022,Zacatecas,Loreto,U1,Horizontal,1,024,32
2021,Jalisco,Ameca,U2,Horizontal,1,006,14
2022,Quintana Roo,Solidaridad,FC,Vertical,21,008,23
2023,Oaxaca,Santa Cruz Xoxocotlán,U2,Horizontal,15,385,20
2023,Querétaro,San Juan del Río,U2,Horizontal,2,016,22
2023,Colima,Colima,U1,Horizontal,50,002,06
2023,Colima,Colima,U1,Vertical,8,002,06
2021,Puebla,San Martín Texmelucan,U2,Vertical,104,132,21
2022,San Luis Potosí,San Luis Potosí,FC,Horizontal,67,028,24
2023,Michoacán de Ocampo,Apatzingán,FC,Horizontal,7,006,16
2022,Sonora,Hermosillo,U3,Horizontal,1261,030,26
2022,San Luis Potosí,Ciudad Valles,U3,Horizontal,74,013,24
2022,Coahuila de Zaragoza,Nava,U3,Horizontal,62,022,05
2021,Michoacán de Ocampo,Morelia,U2,Horizontal,153,053,16
2021,Sinaloa,Ahome,U2,Horizontal,188,001,25
2023,Querétaro,San Juan del Río,U3,Horizontal,482,016,22
2023,Zacatecas,Zacatecas,FC,Horizontal,504,056,32
2023,Chiapas,Berriozábal,U3,Horizontal,6,012,07
2022,Veracruz de Ignacio de la Llave,Veracruz,U1,Horizontal,1,193,30
2021,Morelos,Yecapixtla,U3,Horizontal,324,030,17
2022,México,Zinacantepec,U3,Vertical,48,118,15
2022,Baja California Sur,Los Cabos,U2,Vertical,12,008,03
2022,México,Soyaniquilpan de Juárez,FC,Horizontal,4,079,15
2023,Nuevo León,Cadereyta Jiménez,U3,Horizontal,140,009,19
2021,México,Atlacomulco,FC,Horizontal,88,014,15
2023,México,Toluca,U3,Horizontal,46,106,15
2023,San Luis Potosí,San Luis Potosí,FC,Horizontal,45,028,24
2023,Puebla,Cuautlancingo,U3,Vertical,223,041,21
2022,Veracruz de Ignacio de la Llave,Perote,U1,Horizontal,8,128,30
2021,Tlaxcala,Xicohtzinco,U2,Horizontal,5,042,29
2021,Jalisco,San Pedro Tlaquepaque,U1,Vertical,44,098,14
2022,Tabasco,Centro,FC,Vertical,146,004,27
2022,Colima,Villa de Álvarez,U2,Horizontal,61,010,06
2022,México,Tianguistenco,U3,Horizontal,548,101,15
2023,México,Chalco,U2,Horizontal,26,025,15
2023,Ciudad de México,Cuauhtémoc,U2,Vertical,171,015,09
2021,Ciudad de México,Miguel Hidalgo,U1,Vertical,114,016,09
2021,San Luis Potosí,Cerritos,U3,Horizontal,10,008,24
2021,Zacatecas,Villanueva,FC,Horizontal,2,055,32
2022,Guanajuato,Apaseo el Grande,U2,Horizontal,5,005,11
2022,Zacatecas,Zacatecas,FC,Horizontal,320,056,32
2023,Puebla,Chignahuapan,U3,Horizontal,3,053,21
2022,Guanajuato,Dolores Hidalgo Cuna de la Independencia Nacional,U3,Horizontal,128,014,11
2023,Yucatán,Umán,U3,Horizontal,891,101,31
2022,Veracruz de Ignacio de la Llave,Pánuco,U2,Horizontal,2,123,30
2023,Jalisco,Puerto Vallarta,FC,Vertical,229,067,14
2022,Guanajuato,San Francisco del Rincón,FC,Horizontal,1,031,11
2023,Jalisco,Atotonilco el Alto,U1,Horizontal,4,013,14
2021,Puebla,Xiutetelco,U1,Horizontal,3,199,21
2023,Baja California,Tijuana,U1,Horizontal,57,004,02
2021,México,Ixtapaluca,FC,Horizontal,3,039,15
2021,Hidalgo,Tula de Allende,FC,Horizontal,10,076,13
2022,Quintana Roo,Othón P. Blanco,U2,Horizontal,5,004,23
2023,Chihuahua,Chihuahua,U2,Vertical,8,019,08
2022,Tlaxcala,Apizaco,U2,Horizontal,12,005,29
2022,Guanajuato,Acámbaro,FC,Horizontal,1,002,11
2022,Ciudad de México,Benito Juárez,U1,Vertical,18,014,09
2023,Baja California Sur,Comondú,U2,Horizontal,19,001,03
2022,Querétaro,El Marqués,U3,Horizontal,977,011,22
2023,Jalisco,Guadalajara,U3,Horizontal,146,039,14
2023,Chihuahua,Cuauhtémoc,FC,Horizontal,8,017,08
2022,Guanajuato,Silao de la Victoria,U3,Horizontal,91,037,11
2021,Chihuahua,Hidalgo del Parral,U2,Horizontal,109,032,08
2021,Guanajuato,Irapuato,U1,Horizontal,20,017,11
2021,México,Tlalnepantla de Baz,U2,Vertical,88,104,15
2023,México,Toluca,FC,Horizontal,55,106,15
2021,Michoacán de Ocampo,Morelia,U1,Horizontal,42,053,16
2023,Sinaloa,Culiacán,U2,Horizontal,104,006,25
2022,Chihuahua,Jiménez,U1,Horizontal,4,036,08
2021,Ciudad de México,Cuauhtémoc,U1,Vertical,67,015,09
2023,Guanajuato,Guanajuato,FC,Horizontal,23,015,11
2021,Chiapas,Tapachula,U1,Horizontal,3,089,07
2023,Jalisco,Zapopan,U2,Vertical,438,120,14
2021,Coahuila de Zaragoza,Sabinas,U3,Horizontal,28,028,05
2021,Baja California,Ensenada,U3,Horizontal,133,001,02
2021,Querétaro,San Juan del Río,U2,Horizontal,42,016,22
2022,San Luis Potosí,Ciudad Valles,U3,Vertical,27,013,24
2023,Baja California,Mexicali,FC,Horizontal,32,002,02
2021,Puebla,Teziutlán,U3,Vertical,12,174,21
2021,Baja California Sur,Mulegé,U3,Horizontal,4,002,03
2022,Puebla,Coronango,U2,Horizontal,4,034,21
2021,San Luis Potosí,San Luis Potosí,FC,Horizontal,73,028,24
2023,Coahuila de Zaragoza,Sacramento,FC,Horizontal,8,029,05
2023,San Luis Potosí,Matehuala,U3,Horizontal,7,020,24
2023,Sinaloa,Ahome,FC,Horizontal,14,001,25
2021,Morelos,Temixco,U2,Horizontal,10,018,17
2023,Sonora,Agua Prieta,U3,Horizontal,175,002,26
2021,Guanajuato,Apaseo el Grande,FC,Vertical,328,005,11
2023,Jalisco,Tonalá,U2,Horizontal,249,101,14
2022,Coahuila de Zaragoza,Arteaga,U1,Horizontal,1,004,05
2021,Tamaulipas,Tampico,U2,Horizontal,16,038,28
2023,Guanajuato,Silao de la Victoria,U3,Horizontal,82,037,11
2021,Jalisco,San Pedro Tlaquepaque,U3,Vertical,160,098,14
2021,Michoacán de Ocampo,Uruapan,U2,Horizontal,4,102,16
2022,Morelos,Yecapixtla,U3,Horizontal,10,030,17
2021,Veracruz de Ignacio de la Llave,Coatepec,U1,Vertical,13,038,30
2021,Guanajuato,Irapuato,U3,Vertical,144,017,11
2023,Aguascalientes,San Francisco de los Romo,FC,Horizontal,51,011,01
2021,Hidalgo,Pachuca de Soto,U1,Horizontal,1,048,13
2022,Tamaulipas,Tampico,U1,Horizontal,6,038,28
2022,Colima,Colima,U1,Horizontal,134,002,06
2023,Sonora,Cajeme,U3,Horizontal,369,018,26
2023,Aguascalientes,Aguascalientes,FC,Horizontal,36,001,01
2021,Oaxaca,Santa María Atzompa,FC,Horizontal,23,399,20
2023,Querétaro,Pedro Escobedo,FC,Horizontal,202,012,22
2023,Puebla,Puebla,U3,Vertical,97,114,21
2023,México,Melchor Ocampo,U3,Horizontal,92,053,15
2021,Veracruz de Ignacio de la Llave,Coatzacoalcos,U2,Vertical,6,039,30
2023,Sonora,Hermosillo,U2,Horizontal,443,030,26
2022,Veracruz de Ignacio de la Llave,Fortín,U1,Horizontal,2,068,30
2021,Veracruz de Ignacio de la Llave,Boca del Río,FC,Horizontal,19,028,30
2022,Tamaulipas,Victoria,U2,Horizontal,7,041,28
2021,Tabasco,Centro,U3,Vertical,123,004,27
2021,Michoacán de Ocampo,Apatzingán,U2,Horizontal,4,006,16
2022,Guanajuato,León,U2,Horizontal,29,020,11
2021,México,Toluca,U3,Horizontal,13,106,15
2023,Puebla,Tehuacán,U2,Horizontal,30,156,21
2021,Chihuahua,Nuevo Casas Grandes,U1,Horizontal,8,050,08
2021,Tlaxcala,Huamantla,U2,Horizontal,3,013,29
2022,Guanajuato,San Luis de la Paz,FC,Horizontal,286,033,11
2021,Sinaloa,Culiacán,U3,Horizontal,801,006,25
2021,Michoacán de Ocampo,Hidalgo,U2,Horizontal,17,034,16
2023,Jalisco,Tlajomulco de Zúñiga,U2,Horizontal,46,097,14
2023,Morelos,Xochitepec,FC,Horizontal,130,028,17
2022,Baja California Sur,La Paz,U3,Horizontal,413,003,03
2021,México,Toluca,FC,Horizontal,32,106,15
2021,Nuevo León,Juárez,U2,Horizontal,808,031,19
2021,Jalisco,La Barca,U3,Vertical,126,018,14
2022,Durango,Durango,FC,Vertical,272,005,10
2023,Chihuahua,Nuevo Casas Grandes,U2,Horizontal,32,050,08
2021,Zacatecas,Calera,U3,Horizontal,42,005,32
2022,Veracruz de Ignacio de la Llave,Coatepec,U1,Vertical,2,038,30
2022,Jalisco,Tlajomulco de Zúñiga,U3,Vertical,1819,097,14
2023,Nayarit,Xalisco,U3,Horizontal,6,008,18
2022,Veracruz de Ignacio de la Llave,Coatepec,U2,Horizontal,4,038,30
2021,Zacatecas,Loreto,U2,Horizontal,3,024,32
2023,Querétaro,Querétaro,U2,Horizontal,15,014,22
2021,Tamaulipas,Matamoros,U2,Horizontal,27,022,28
2023,San Luis Potosí,Ebano,U2,Horizontal,1,016,24
2021,Jalisco,Encarnación de Díaz,U2,Horizontal,17,035,14
2021,Jalisco,Zapotlán el Grande,U3,Vertical,8,023,14
2021,Baja California Sur,Los Cabos,U2,Horizontal,7,008,03
2021,Guanajuato,San Francisco del Rincón,FC,Horizontal,3,031,11
2022,Guanajuato,Acámbaro,U1,Horizontal,4,002,11
2023,Yucatán,Mérida,U2,Horizontal,155,050,31
2023,Sonora,Nogales,U1,Horizontal,1,043,26
2021,Michoacán de Ocampo,Zamora,U2,Horizontal,20,108,16
2023,Puebla,Tehuacán,U2,Vertical,17,156,21
2021,Nayarit,Xalisco,U3,Vertical,33,008,18
2021,Veracruz de Ignacio de la Llave,Ixtaczoquitlán,U3,Horizontal,80,085,30
2021,Guanajuato,San Miguel de Allende,U3,Horizontal,98,003,11
2023,Querétaro,Querétaro,U3,Horizontal,365,014,22
2022,Chiapas,Berriozábal,FC,Horizontal,16,012,07
2023,Durango,Durango,U1,Vertical,21,005,10
2021,Chihuahua,Aquiles Serdán,U3,Horizontal,392,004,08
2022,Coahuila de Zaragoza,Acuña,U2,Horizontal,122,002,05
2022,Baja California,Ensenada,U2,Horizontal,1,001,02
2021,San Luis Potosí,San Luis Potosí,U2,Horizontal,330,028,24
2023,Tamaulipas,Tampico,U2,Vertical,92,038,28
2022,Tamaulipas,Reynosa,U2,Horizontal,317,032,28
2023,Coahuila de Zaragoza,Matamoros,U2,Horizontal,41,017,05
2023,Tlaxcala,Tlaxco,U3,Horizontal,1,034,29
2023,Michoacán de Ocampo,Uruapan,U1,Horizontal,2,102,16
2023,Nuevo León,Guadalupe,U1,Horizontal,6,026,19
2022,Puebla,San Martín Texmelucan,U3,Vertical,60,132,21
2023,Sinaloa,Guasave,U3,Horizontal,163,011,25
2022,Jalisco,Zacoalco de Torres,U2,Horizontal,1,119,14
2023,Baja California Sur,La Paz,U3,Horizontal,292,003,03
2022,Michoacán de Ocampo,Vista Hermosa,FC,Horizontal,34,105,16
2022,Sonora,Puerto Peñasco,U2,Horizontal,79,048,26
2023,Morelos,Jiutepec,U2,Vertical,18,011,17
2022,Sinaloa,Mazatlán,U1,Horizontal,10,012,25
2021,Michoacán de Ocampo,Hidalgo,U3,Horizontal,3,034,16
2023,Hidalgo,Zempoala,U3,Horizontal,228,083,13
2021,Baja California Sur,Mulegé,FC,Horizontal,14,002,03
2022,Jalisco,San Pedro Tlaquepaque,U1,Horizontal,9,098,14
2022,Yucatán,Valladolid,U2,Horizontal,6,102,31
2023,Querétaro,Corregidora,FC,Horizontal,4,006,22
2021,Tabasco,Nacajuca,U1,Vertical,213,013,27
2022,Aguascalientes,Aguascalientes,U3,Horizontal,2689,001,01
2022,Nuevo León,Montemorelos,U2,Horizontal,20,038,19
2021,Sinaloa,Mazatlán,U2,Horizontal,49,012,25
2021,México,Zinacantepec,U3,Horizontal,152,118,15
2021,Guanajuato,Apaseo el Alto,U2,Horizontal,3,004,11
2022,San Luis Potosí,Venado,FC,Horizontal,7,045,24
2021,Puebla,Coronango,U1,Vertical,150,034,21
2021,Jalisco,Ocotlán,U2,Horizontal,32,063,14
2021,Yucatán,Umán,U2,Horizontal,27,101,31
2023,Oaxaca,Oaxaca de Juárez,U2,Vertical,16,067,20
2022,Michoacán de Ocampo,Morelia,U3,Horizontal,482,053,16
2021,Coahuila de Zaragoza,Sabinas,U1,Horizontal,2,028,05
2023,México,Tecámac,U3,Horizontal,774,081,15
2022,Guerrero,Acapulco de Juárez,U2,Vertical,28,001,12
2022,Coahuila de Zaragoza,Zaragoza,FC,Horizontal,36,038,05
2021,Tamaulipas,Victoria,U1,Horizontal,8,041,28
2023,Baja California Sur,Loreto,FC,Horizontal,5,009,03
2022,Chihuahua,Juárez,U1,Horizontal,122,037,08
2022,Sinaloa,Culiacán,U3,Horizontal,978,006,25
2021,Puebla,Puebla,U2,Vertical,719,114,21
2021,Querétaro,Corregidora,U1,Horizontal,1,006,22
2021,Michoacán de Ocampo,Zitácuaro,U2,Horizontal,8,112,16
2022,Sonora,Cananea,U2,Horizontal,3,019,26
2023,San Luis Potosí,Ciudad Valles,U3,Horizontal,26,013,24
2021,Querétaro,Querétaro,U3,Horizontal,385,014,22
2023,Veracruz de Ignacio de la Llave,Naranjos Amatlán,U2,Horizontal,3,013,30
2023,Sinaloa,Mazatlán,FC,Horizontal,18,012,25
2021,Tabasco,Nacajuca,U3,Vertical,106,013,27
2023,Hidalgo,Tepeji del Río de Ocampo,U2,Horizontal,19,063,13
2021,Tamaulipas,Miguel Alemán,U2,Horizontal,10,025,28
2023,Michoacán de Ocampo,Morelia,FC,Horizontal,42,053,16
2022,Baja California,Mexicali,U1,Horizontal,328,002,02
2022,Zacatecas,Fresnillo,U3,Horizontal,21,010,32
2022,Aguascalientes,Aguascalientes,U3,Vertical,40,001,01
2021,Nayarit,Tepic,U2,Horizontal,69,017,18
2023,Guanajuato,Salamanca,U2,Horizontal,7,027,11
2022,Veracruz de Ignacio de la Llave,Tuxpan,U2,Horizontal,31,189,30
2022,Oaxaca,Santa María Atzompa,U1,Horizontal,2,399,20
2021,Chihuahua,Guachochi,U3,Horizontal,69,027,08
2021,Nuevo León,Apodaca,U1,Horizontal,245,006,19
2021,Puebla,Puebla,U3,Vertical,254,114,21
2023,Tabasco,Nacajuca,U3,Vertical,239,013,27
2021,Nuevo León,El Carmen,U3,Horizontal,2422,010,19
2021,Sonora,Cananea,U3,Horizontal,22,019,26
2022,Coahuila de Zaragoza,San Juan de Sabinas,U2,Horizontal,7,032,05
2021,Jalisco,Tlajomulco de Zúñiga,FC,Horizontal,10,097,14
2022,Veracruz de Ignacio de la Llave,Veracruz,U2,Horizontal,102,193,30
2021,Nuevo León,Ciénega de Flores,U3,Horizontal,235,012,19
2021,Michoacán de Ocampo,Zitácuaro,U3,Horizontal,3,112,16
2021,Chihuahua,Chihuahua,U3,Horizontal,1940,019,08
2023,Colima,Comala,U2,Horizontal,3,003,06
2021,Tlaxcala,Zacatelco,U1,Horizontal,2,044,29
2023,Sonora,Guaymas,U2,Horizontal,25,029,26
2021,Zacatecas,Guadalupe,U3,Horizontal,853,017,32
2023,Michoacán de Ocampo,Jiquilpan,U3,Horizontal,10,045,16
2023,Colima,Villa de Álvarez,U1,Vertical,4,010,06
2021,Nuevo León,García,FC,Horizontal,176,018,19
2022,Guanajuato,Irapuato,U3,Horizontal,105,017,11
2022,Veracruz de Ignacio de la Llave,Tlalnelhuayocan,U2,Horizontal,16,182,30
2022,Chihuahua,Delicias,U3,Horizontal,117,021,08
2023,Puebla,Puebla,U2,Horizontal,106,114,21
2022,Guanajuato,Celaya,U3,Vertical,7,007,11
2022,Tlaxcala,Santa Cruz Tlaxcala,U1,Horizontal,23,026,29
2021,Zacatecas,Zacatecas,U2,Horizontal,9,056,32
2023,Nuevo León,El Carmen,U3,Horizontal,1091,010,19
2021,Veracruz de Ignacio de la Llave,Córdoba,U3,Horizontal,31,044,30
2022,Oaxaca,Heroica Ciudad de Huajuapan de León,U3,Vertical,4,039,20
2021,Veracruz de Ignacio de la Llave,Fortín,U1,Horizontal,5,068,30
2023,Tlaxcala,Tlaxcala,U3,Horizontal,1,033,29
2023,Sinaloa,Guasave,FC,Horizontal,1,011,25
2022,Tlaxcala,Chiautempan,U3,Horizontal,4,010,29
2023,Morelos,Tlaltizapán de Zapata,FC,Horizontal,7,024,17
2021,Sonora,Nogales,U2,Horizontal,36,043,26
2022,Durango,Gómez Palacio,U1,Horizontal,52,007,10
2021,México,Zumpango,FC,Vertical,357,120,15
2022,Tlaxcala,Cuapiaxtla,FC,Horizontal,1,008,29
2021,Puebla,San Andrés Cholula,U1,Horizontal,2,119,21
2021,México,Chalco,U2,Horizontal,57,025,15
2022,Campeche,Campeche,U3,Horizontal,13,002,04
2023,San Luis Potosí,San Luis Potosí,U1,Horizontal,2,028,24
2022,Nayarit,Tepic,U2,Horizontal,34,017,18
2023,Coahuila de Zaragoza,Cuatro Ciénegas,FC,Horizontal,1,007,05
2022,Jalisco,Ixtlahuacán de los Membrillos,U3,Vertical,18,044,14
2022,Veracruz de Ignacio de la Llave,Orizaba,U2,Horizontal,10,118,30
2021,Chihuahua,Aldama,U2,Horizontal,19,002,08
2021,Michoacán de Ocampo,Lázaro Cárdenas,U2,Horizontal,7,052,16
2023,Veracruz de Ignacio de la Llave,Medellín de Bravo,U3,Horizontal,102,105,30
2022,Guerrero,Acapulco de Juárez,FC,Horizontal,122,001,12
2021,Puebla,Huejotzingo,U3,Vertical,754,074,21
2021,Coahuila de Zaragoza,Arteaga,U3,Horizontal,321,004,05
2022,Nuevo León,Salinas Victoria,U2,Horizontal,64,045,19
2021,Coahuila de Zaragoza,San Pedro,U2,Horizontal,36,033,05
2022,Durango,Poanas,FC,Horizontal,7,022,10
2021,Hidalgo,Ixmiquilpan,U3,Horizontal,3,030,13
2022,Yucatán,Motul,U3,Horizontal,3,052,31
2023,Puebla,San Salvador el Verde,FC,Horizontal,6,143,21
2021,Guanajuato,Moroleón,U2,Horizontal,8,021,11
2021,Nuevo León,Linares,U2,Horizontal,19,033,19
2023,Sonora,Magdalena,U3,Horizontal,21,036,26
2023,Coahuila de Zaragoza,Francisco I. Madero,U1,Horizontal,48,009,05
2021,Guerrero,Ometepec,FC,Horizontal,23,046,12
2022,Michoacán de Ocampo,Hidalgo,FC,Horizontal,3,034,16
2021,Puebla,Puebla,U3,Horizontal,172,114,21
2022,Coahuila de Zaragoza,San Pedro,U2,Horizontal,37,033,05
2021,Coahuila de Zaragoza,Sabinas,U2,Horizontal,153,028,05
2021,Aguascalientes,Rincón de Romos,U2,Horizontal,58,007,01
2021,Sonora,San Luis Río Colorado,U3,Horizontal,30,055,26
2023,Coahuila de Zaragoza,Ramos Arizpe,U3,Horizontal,133,027,05
2021,Sonora,Caborca,U2,Horizontal,22,017,26
2022,Michoacán de Ocampo,Sahuayo,U2,Horizontal,15,076,16
2021,Tamaulipas,Reynosa,FC,Horizontal,471,032,28
2021,Querétaro,Querétaro,U2,Vertical,131,014,22
2023,Nuevo León,General Terán,FC,Horizontal,13,022,19
2023,Guanajuato,León,U2,Horizontal,112,020,11
2021,Chihuahua,Juárez,U2,Horizontal,1261,037,08
2022,Tlaxcala,Zacatelco,U2,Horizontal,6,044,29
2021,Guanajuato,Silao de la Victoria,U3,Horizontal,94,037,11
2022,México,Tlalnepantla de Baz,U2,Vertical,59,104,15
2022,México,Otzolotepec,FC,Vertical,163,067,15
2021,Colima,Coquimatlán,U3,Horizontal,34,004,06
2021,Chihuahua,Nuevo Casas Grandes,U2,Horizontal,92,050,08
2023,Tamaulipas,Reynosa,U1,Horizontal,70,032,28
2021,Veracruz de Ignacio de la Llave,Naranjos Amatlán,U2,Horizontal,4,013,30
2023,Guanajuato,San Luis de la Paz,U3,Horizontal,49,033,11
2022,Tlaxcala,Tlaxco,U3,Vertical,8,034,29
2022,Baja California Sur,Mulegé,FC,Horizontal,25,002,03
2023,Chiapas,Tapachula,U3,Horizontal,18,089,07
2023,Nayarit,Bahía de Banderas,U3,Vertical,305,020,18
2023,México,Chalco,U3,Vertical,264,025,15
2022,Baja California,Playas de Rosarito,FC,Vertical,181,005,02
2023,Aguascalientes,Aguascalientes,U3,Vertical,482,001,01
2021,Colima,Villa de Álvarez,U1,Horizontal,39,010,06
2022,México,Tianguistenco,FC,Horizontal,143,101,15
2021,Veracruz de Ignacio de la Llave,Veracruz,FC,Vertical,1,193,30
2022,Sinaloa,Rosario,U1,Horizontal,6,014,25
2021,Quintana Roo,Solidaridad,FC,Vertical,96,008,23
2022,Puebla,Tianguismanalco,FC,Vertical,176,175,21
2023,Nuevo León,Apodaca,U3,Horizontal,521,006,19
2022,Ciudad de México,Venustiano Carranza,U1,Vertical,180,017,09
2023,Coahuila de Zaragoza,Monclova,U1,Horizontal,76,018,05
2023,Guanajuato,Irapuato,U3,Vertical,70,017,11
2021,Tamaulipas,Valle Hermoso,U1,Horizontal,4,040,28
2021,Jalisco,Tlajomulco de Zúñiga,U3,Vertical,2823,097,14
2021,Colima,Manzanillo,U2,Horizontal,80,007,06
2022,Tlaxcala,Tzompantepec,U3,Horizontal,1,038,29
2021,Coahuila de Zaragoza,Ramos Arizpe,U2,Horizontal,107,027,05
2021,Veracruz de Ignacio de la Llave,Fortín,U3,Horizontal,10,068,30
2021,Veracruz de Ignacio de la Llave,Ixhuatlancillo,U2,Horizontal,1,081,30
2022,Veracruz de Ignacio de la Llave,Córdoba,U2,Horizontal,2,044,30
2023,Puebla,Coronango,U3,Vertical,136,034,21
2023,Ciudad de México,Azcapotzalco,U1,Vertical,395,002,09
2023,Sonora,Empalme,U3,Horizontal,32,025,26
2023,Guerrero,Acapulco de Juárez,U3,Horizontal,106,001,12
2021,Tlaxcala,Apetatitlán de Antonio Carvajal,U3,Horizontal,7,002,29
2022,Jalisco,Tlajomulco de Zúñiga,FC,Horizontal,10,097,14
2023,Colima,Manzanillo,U3,Horizontal,142,007,06
2023,Tamaulipas,Nuevo Laredo,U2,Horizontal,215,027,28
2022,Chiapas,Villaflores,U2,Horizontal,1,108,07
2021,Jalisco,San Juan de los Lagos,U2,Horizontal,2,073,14
2023,Baja California,Tijuana,U3,Vertical,731,004,02
2023,Tlaxcala,Apizaco,U1,Horizontal,1,005,29
2021,Guanajuato,León,U2,Vertical,262,020,11
2022,Nuevo León,García,U3,Horizontal,3904,018,19
2023,Guanajuato,San José Iturbide,U3,Horizontal,59,032,11
2022,Jalisco,Tlajomulco de Zúñiga,U1,Horizontal,117,097,14
2021,Durango,Santiago Papasquiaro,U2,Horizontal,1,032,10
2022,Guanajuato,San Felipe,U3,Horizontal,97,030,11
2021,Tamaulipas,Matamoros,U3,Horizontal,1222,022,28
2021,Jalisco,Lagos de Moreno,U3,Horizontal,460,053,14
2021,Guanajuato,Villagrán,U3,Horizontal,262,044,11
2021,Guanajuato,San Miguel de Allende,U3,Vertical,108,003,11
2022,Tamaulipas,Río Bravo,U2,Horizontal,89,033,28
2023,Coahuila de Zaragoza,Piedras Negras,U1,Horizontal,56,025,05
2023,Durango,Lerdo,U2,Horizontal,5,012,10
2023,Tlaxcala,Tlaxcala,U2,Horizontal,6,033,29
2023,Jalisco,Zapopan,U3,Vertical,1085,120,14
2022,Coahuila de Zaragoza,Saltillo,U2,Horizontal,412,030,05
2021,Veracruz de Ignacio de la Llave,Medellín de Bravo,U3,Horizontal,150,105,30
2021,Sinaloa,Guasave,FC,Horizontal,28,011,25
2023,Coahuila de Zaragoza,Torreón,U1,Vertical,12,035,05
2022,Coahuila de Zaragoza,Ramos Arizpe,U3,Horizontal,15,027,05
2022,México,Otzolotepec,FC,Horizontal,213,067,15
2022,Querétaro,Querétaro,FC,Horizontal,4,014,22
2021,Morelos,Xochitepec,U3,Horizontal,65,028,17
2023,Guanajuato,Salvatierra,U3,Horizontal,421,028,11
2022,Zacatecas,Río Grande,U2,Horizontal,7,039,32
2023,Jalisco,Guadalajara,U1,Vertical,14,039,14
2022,Tlaxcala,Tzompantepec,U2,Horizontal,3,038,29
2023,Coahuila de Zaragoza,Nava,U2,Horizontal,42,022,05
2023,Tamaulipas,Matamoros,FC,Horizontal,14,022,28
2021,Chihuahua,Nuevo Casas Grandes,U3,Horizontal,58,050,08
2022,Ciudad de México,Cuauhtémoc,U2,Vertical,97,015,09
2023,Coahuila de Zaragoza,Saltillo,U3,Vertical,147,030,05
2023,Michoacán de Ocampo,Tarímbaro,U3,Horizontal,50,088,16
2022,Jalisco,San Pedro Tlaquepaque,U3,Horizontal,50,098,14
2023,Aguascalientes,Cosío,FC,Horizontal,10,004,01
2023,Guanajuato,Irapuato,U1,Horizontal,92,017,11
2021,Jalisco,Tonalá,U3,Vertical,657,101,14
2023,Durango,Gómez Palacio,U2,Horizontal,392,007,10
2022,Michoacán de Ocampo,Morelia,U1,Horizontal,8,053,16
2021,Coahuila de Zaragoza,Saltillo,U1,Vertical,276,030,05
2023,Michoacán de Ocampo,Apatzingán,U2,Horizontal,10,006,16
2023,Ciudad de México,Miguel Hidalgo,U1,Vertical,99,016,09
2021,Nuevo León,General Zuazua,FC,Horizontal,1035,025,19
2021,Sinaloa,El Fuerte,FC,Horizontal,4,010,25
2021,Sinaloa,Mazatlán,U2,Vertical,71,012,25
2022,Jalisco,Colotlán,FC,Horizontal,1,025,14
2021,Jalisco,Puerto Vallarta,U2,Vertical,33,067,14
2023,México,Ixtapaluca,FC,Vertical,284,039,15
2022,Nuevo León,Apodaca,FC,Horizontal,613,006,19
2022,Tlaxcala,Yauhquemehcan,U2,Vertical,50,043,29
2022,Jalisco,Tlajomulco de Zúñiga,FC,Vertical,96,097,14
2022,Veracruz de Ignacio de la Llave,Emiliano Zapata,U3,Vertical,518,065,30
2023,Guanajuato,Salamanca,FC,Horizontal,150,027,11
2022,Coahuila de Zaragoza,Saltillo,U2,Vertical,248,030,05
2023,Aguascalientes,Aguascalientes,U1,Vertical,4,001,01
2021,Puebla,Amozoc,U1,Horizontal,21,015,21
2023,Puebla,Chignautla,U2,Horizontal,1,054,21
2023,Michoacán de Ocampo,Morelia,FC,Vertical,32,053,16
2021,Querétaro,Querétaro,U2,Horizontal,52,014,22
2021,Hidalgo,Villa de Tezontepec,FC,Horizontal,19,066,13
2021,Coahuila de Zaragoza,Matamoros,U3,Horizontal,408,017,05
2021,Jalisco,Zapopan,FC,Horizontal,999,120,14
2021,Nayarit,Bahía de Banderas,U2,Horizontal,34,020,18
2023,Coahuila de Zaragoza,Monclova,U3,Horizontal,59,018,05
2021,Coahuila de Zaragoza,San Buenaventura,U2,Horizontal,22,031,05
2021,Yucatán,Kanasín,U3,Vertical,156,041,31
2023,Hidalgo,Villa de Tezontepec,FC,Horizontal,109,066,13
2022,Tabasco,Nacajuca,U3,Horizontal,56,013,27
2023,Sonora,Caborca,U2,Horizontal,20,017,26
2022,Chiapas,Tapachula,U2,Horizontal,20,089,07
2022,Chihuahua,Juárez,U2,Horizontal,1218,037,08
2022,Tlaxcala,Papalotla de Xicohténcatl,U2,Horizontal,1,041,29
2022,Coahuila de Zaragoza,Cuatro Ciénegas,FC,Horizontal,2,007,05
2022,Chihuahua,Ignacio Zaragoza,FC,Horizontal,6,034,08
2021,México,Acolman,U3,Horizontal,20,002,15
2022,México,Chalco,U3,Horizontal,436,025,15
2021,Chiapas,Tapachula,U2,Horizontal,70,089,07
2021,Coahuila de Zaragoza,Parras,U2,Horizontal,4,024,05
2023,Coahuila de Zaragoza,Saltillo,U3,Horizontal,175,030,05
2021,Aguascalientes,Aguascalientes,U1,Horizontal,30,001,01
2021,Coahuila de Zaragoza,Saltillo,U3,Vertical,20,030,05
2021,Coahuila de Zaragoza,Múzquiz,U1,Horizontal,13,020,05
2023,Chihuahua,Guachochi,U3,Horizontal,58,027,08
2022,Jalisco,San Juan de los Lagos,U2,Horizontal,10,073,14
2023,Coahuila de Zaragoza,Torreón,FC,Horizontal,265,035,05
2022,Michoacán de Ocampo,Hidalgo,U2,Horizontal,11,034,16
2022,Chihuahua,Delicias,U1,Horizontal,26,021,08
2021,Coahuila de Zaragoza,Piedras Negras,U1,Horizontal,29,025,05
2023,Guanajuato,San José Iturbide,U2,Horizontal,13,032,11
2023,Chiapas,Tuxtla Gutiérrez,U3,Horizontal,1,101,07
2021,Guanajuato,León,U2,Horizontal,324,020,11
2021,Coahuila de Zaragoza,San Juan de Sabinas,U2,Horizontal,41,032,05
2021,Chihuahua,Delicias,U3,Horizontal,43,021,08
2021,Morelos,Emiliano Zapata,U1,Horizontal,23,008,17
2022,Hidalgo,Zempoala,FC,Horizontal,637,083,13
2021,México,Almoloya de Juárez,U2,Horizontal,6,005,15
2022,Aguascalientes,Aguascalientes,FC,Horizontal,16,001,01
2023,Nuevo León,Salinas Victoria,FC,Horizontal,588,045,19
2022,Veracruz de Ignacio de la Llave,Tuxpan,U2,Vertical,26,189,30
2021,Aguascalientes,San Francisco de los Romo,U1,Horizontal,109,011,01
2023,Nuevo León,Guadalupe,U2,Horizontal,15,026,19
2022,Puebla,Chignautla,U3,Horizontal,7,054,21
2023,Morelos,Xochitepec,FC,Vertical,28,028,17
2021,Veracruz de Ignacio de la Llave,Tuxpan,U3,Horizontal,41,189,30
2022,Jalisco,Tala,U3,Horizontal,122,083,14
2021,Nuevo León,Juárez,FC,Horizontal,203,031,19
2021,Yucatán,Tekax,U1,Horizontal,1,079,31
2023,Nuevo León,Juárez,U3,Horizontal,4342,031,19
2021,Baja California,Tijuana,U2,Horizontal,51,004,02
2021,Zacatecas,Guadalupe,U1,Horizontal,47,017,32
2021,Guanajuato,León,U3,Vertical,1060,020,11
2023,Zacatecas,Pinos,FC,Horizontal,6,038,32
2022,Baja California,Tijuana,U3,Horizontal,478,004,02
2021,Michoacán de Ocampo,Tarímbaro,U2,Vertical,16,088,16
2021,Nuevo León,Monterrey,U2,Horizontal,81,039,19
2021,Guanajuato,San José Iturbide,U2,Horizontal,94,032,11
2022,Baja California Sur,Los Cabos,U3,Vertical,216,008,03
2021,Coahuila de Zaragoza,Ocampo,FC,Horizontal,2,023,05
2022,Morelos,Tlaltizapán de Zapata,FC,Horizontal,9,024,17
2023,Tlaxcala,San José Teacalco,FC,Horizontal,1,052,29
2023,Chihuahua,Aquiles Serdán,U3,Horizontal,177,004,08
2023,Tlaxcala,Santa Cruz Tlaxcala,U1,Horizontal,14,026,29
2022,Nayarit,Bahía de Banderas,U3,Vertical,351,020,18
2021,Zacatecas,Loreto,U1,Horizontal,4,024,32
2023,Jalisco,Tepatitlán de Morelos,U2,Horizontal,5,093,14
2022,Jalisco,Tuxpan,U3,Horizontal,15,108,14
2022,México,Zumpango,U3,Horizontal,1141,120,15
2021,Nayarit,Compostela,U2,Horizontal,6,004,18
2023,Michoacán de Ocampo,Morelia,U2,Horizontal,6,053,16
2021,Jalisco,Tala,U3,Horizontal,104,083,14
2022,Puebla,Coronango,U1,Vertical,265,034,21
2022,Guanajuato,Villagrán,U3,Vertical,120,044,11
2023,Baja California,Tijuana,FC,Horizontal,535,004,02
2023,Chihuahua,Chihuahua,FC,Horizontal,94,019,08
2023,Veracruz de Ignacio de la Llave,Coatzacoalcos,U3,Horizontal,6,039,30
2021,Tamaulipas,Reynosa,U3,Vertical,18,032,28
2022,Jalisco,El Salto,U2,Vertical,33,070,14
2022,Morelos,Ayala,FC,Horizontal,359,004,17
2023,Zacatecas,Fresnillo,U3,Horizontal,11,010,32
2022,Sonora,Caborca,U2,Horizontal,3,017,26
2023,Chihuahua,Aquiles Serdán,FC,Horizontal,13,004,08
2021,Baja California Sur,La Paz,U1,Horizontal,10,003,03
2021,Zacatecas,Ojocaliente,U3,Horizontal,9,036,32
2023,Durango,Santiago Papasquiaro,U2,Horizontal,10,032,10
2022,Jalisco,Zapopan,FC,Horizontal,507,120,14
2021,Michoacán de Ocampo,Morelia,U2,Vertical,12,053,16
2022,Nuevo León,Apodaca,U3,Horizontal,763,006,19
2023,Jalisco,Tuxpan,U3,Horizontal,5,108,14
2023,Zacatecas,Zacatecas,U3,Horizontal,114,056,32
2021,Puebla,Teziutlán,U1,Vertical,32,174,21
2023,Sonora,Nogales,U3,Horizontal,357,043,26
2022,Querétaro,San Juan del Río,U2,Horizontal,102,016,22
2023,Chihuahua,Juárez,U2,Horizontal,1220,037,08
2021,Hidalgo,Santiago Tulantepec de Lugo Guerrero,U2,Horizontal,2,056,13
2022,Coahuila de Zaragoza,Saltillo,U3,Horizontal,157,030,05
2021,Oaxaca,Ciudad Ixtepec,U2,Horizontal,11,014,20
2021,Nayarit,Bahía de Banderas,U1,Horizontal,25,020,18
2023,Nuevo León,Montemorelos,U3,Horizontal,60,038,19
2021,Coahuila de Zaragoza,Nava,U2,Horizontal,93,022,05
2023,Baja California,Playas de Rosarito,FC,Vertical,229,005,02
2022,Coahuila de Zaragoza,Allende,U1,Horizontal,9,003,05
2023,Nuevo León,Salinas Victoria,U3,Horizontal,1632,045,19
2021,Jalisco,San Pedro Tlaquepaque,U1,Horizontal,31,098,14
2022,Hidalgo,Tulancingo de Bravo,U2,Horizontal,7,077,13
2022,Chiapas,Tonalá,FC,Horizontal,57,097,07
2021,Aguascalientes,San Francisco de los Romo,FC,Horizontal,61,011,01
2021,Tlaxcala,Apetatitlán de Antonio Carvajal,U1,Horizontal,6,002,29
2023,Baja California,Playas de Rosarito,U3,Horizontal,81,005,02
2023,Guanajuato,León,FC,Vertical,8,020,11
2022,Nuevo León,El Carmen,U2,Horizontal,18,010,19
2022,Querétaro,San Juan del Río,U3,Horizontal,385,016,22
2023,Ciudad de México,Venustiano Carranza,U2,Vertical,31,017,09
2023,Jalisco,La Barca,U2,Horizontal,1,018,14
2022,Tamaulipas,Matamoros,U1,Horizontal,38,022,28
2021,Aguascalientes,Pabellón de Arteaga,U3,Horizontal,87,006,01
2021,Yucatán,Hunucmá,U3,Horizontal,13,038,31
2023,Sinaloa,Culiacán,U3,Horizontal,792,006,25
2021,San Luis Potosí,San Luis Potosí,U3,Horizontal,600,028,24
2023,Ciudad de México,Venustiano Carranza,U1,Vertical,155,017,09
2021,Quintana Roo,Puerto Morelos,U3,Horizontal,39,011,23
2023,Nayarit,Bahía de Banderas,FC,Vertical,248,020,18
2022,Colima,Coquimatlán,FC,Horizontal,63,004,06
2021,Jalisco,Atotonilco el Alto,U1,Horizontal,20,013,14
2023,Puebla,Amozoc,U1,Horizontal,18,015,21
2023,Querétaro,El Marqués,U3,Horizontal,1015,011,22
2021,Michoacán de Ocampo,Numarán,U3,Vertical,18,060,16
2022,México,Tecámac,U2,Vertical,261,081,15
2022,Guanajuato,Celaya,U3,Horizontal,728,007,11
2021,Quintana Roo,Benito Juárez,U2,Vertical,132,005,23
2023,Jalisco,San Pedro Tlaquepaque,U3,Vertical,386,098,14
2022,Nayarit,Bahía de Banderas,U2,Horizontal,16,020,18
2023,Coahuila de Zaragoza,San Pedro,U2,Horizontal,37,033,05
2021,Yucatán,Mérida,U1,Horizontal,345,050,31
2023,Nuevo León,Santa Catarina,U2,Horizontal,16,048,19
2021,Tabasco,Huimanguillo,FC,Horizontal,1,008,27
2023,San Luis Potosí,Tamuín,U2,Horizontal,2,040,24
2022,Puebla,Puebla,U2,Vertical,900,114,21
2023,Puebla,Teziutlán,U1,Vertical,138,174,21
2021,Baja California Sur,La Paz,U3,Horizontal,403,003,03
2023,Michoacán de Ocampo,Jiquilpan,U3,Vertical,3,045,16
2022,Coahuila de Zaragoza,Piedras Negras,U3,Horizontal,596,025,05
2023,Morelos,Ayala,FC,Horizontal,66,004,17
2021,Querétaro,El Marqués,U2,Vertical,89,011,22
2021,Veracruz de Ignacio de la Llave,Veracruz,FC,Horizontal,1,193,30
2023,Chihuahua,Delicias,U2,Horizontal,3,021,08
2021,Puebla,Atlixco,FC,Vertical,112,019,21
2023,Chihuahua,Guachochi,FC,Horizontal,20,027,08
2022,Ciudad de México,Iztacalco,U1,Vertical,169,006,09
2021,Morelos,Jiutepec,U2,Vertical,20,011,17
2022,Jalisco,Zapopan,U2,Vertical,11,120,14
2021,Veracruz de Ignacio de la Llave,Río Blanco,U3,Vertical,56,138,30
2022,Chihuahua,Chihuahua,U1,Vertical,8,019,08
2022,Yucatán,Mérida,U1,Horizontal,361,050,31
2021,Michoacán de Ocampo,Los Reyes,U2,Horizontal,6,075,16
2023,Morelos,Emiliano Zapata,U1,Horizontal,24,008,17
2023,Puebla,Coronango,U2,Vertical,8,034,21
2023,Jalisco,Zapopan,U3,Horizontal,387,120,14
2022,Puebla,Huejotzingo,U3,Horizontal,255,074,21
2021,Chiapas,Villaflores,U2,Horizontal,2,108,07
2021,Zacatecas,Río Grande,U2,Horizontal,12,039,32
2023,México,Tianguistenco,U3,Horizontal,169,101,15
2021,Sonora,Caborca,U3,Horizontal,1,017,26
2023,Durango,Durango,U2,Horizontal,35,005,10
2021,Jalisco,Tonalá,U3,Horizontal,4,101,14
2021,Coahuila de Zaragoza,Múzquiz,U2,Horizontal,12,020,05
2021,Sonora,Nogales,U2,Vertical,36,043,26
2021,México,Ixtapaluca,U2,Vertical,87,039,15
2022,Chiapas,Berriozábal,U3,Horizontal,24,012,07
2023,Guerrero,Tixtla de Guerrero,FC,Horizontal,5,061,12
2021,Michoacán de Ocampo,Uruapan,U1,Horizontal,1,102,16
2022,Jalisco,Puerto Vallarta,U3,Vertical,79,067,14
2021,Guanajuato,Apaseo el Grande,U3,Vertical,516,005,11
2021,Nuevo León,Apodaca,FC,Horizontal,437,006,19
2021,Hidalgo,Mineral de la Reforma,FC,Horizontal,146,051,13
2022,Nuevo León,Cadereyta Jiménez,FC,Horizontal,121,009,19
2022,Nuevo León,Juárez,U2,Horizontal,634,031,19
2021,Michoacán de Ocampo,Pátzcuaro,FC,Horizontal,3,066,16
2023,Yucatán,Kanasín,FC,Horizontal,286,041,31
2021,Morelos,Zacatepec,FC,Horizontal,20,031,17
2022,Coahuila de Zaragoza,General Cepeda,FC,Horizontal,4,011,05
2023,Puebla,Tehuacán,U3,Vertical,12,156,21
2022,Puebla,Cuautlancingo,U1,Horizontal,173,041,21
2021,Jalisco,Tepatitlán de Morelos,U2,Horizontal,20,093,14
2023,Guanajuato,Apaseo el Grande,U2,Horizontal,3,005,11
2022,Michoacán de Ocampo,Tarímbaro,U3,Vertical,44,088,16
2022,Nuevo León,General Zuazua,FC,Horizontal,1056,025,19
2022,Yucatán,Kanasín,U3,Horizontal,900,041,31
2021,Sinaloa,Salvador Alvarado,U3,Horizontal,100,015,25
2021,Nuevo León,García,U3,Horizontal,5192,018,19
2022,México,Tecámac,U3,Vertical,424,081,15
2023,Nuevo León,Juárez,FC,Horizontal,257,031,19
2021,Sonora,Hermosillo,U2,Horizontal,436,030,26
2022,México,Huixquilucan,U2,Vertical,32,037,15
2023,Durango,Gómez Palacio,U3,Horizontal,30,007,10
2021,Sonora,Puerto Peñasco,U2,Horizontal,143,048,26
2021,Jalisco,Tlajomulco de Zúñiga,U3,Horizontal,875,097,14
2021,Jalisco,Autlán de Navarro,U2,Horizontal,61,015,14
2022,Hidalgo,Pachuca de Soto,FC,Horizontal,119,048,13
2023,Guanajuato,Irapuato,U3,Horizontal,125,017,11
2022,Zacatecas,Ojocaliente,U3,Horizontal,13,036,32
2023,Tamaulipas,Valle Hermoso,U2,Horizontal,5,040,28
2023,Baja California Sur,Mulegé,FC,Horizontal,17,002,03
2023,Chihuahua,Hidalgo del Parral,U1,Horizontal,21,032,08
2021,San Luis Potosí,Cárdenas,U2,Horizontal,1,005,24
2023,Guanajuato,Abasolo,U2,Horizontal,8,001,11
2021,Nuevo León,Cadereyta Jiménez,U2,Horizontal,6,009,19
2021,Hidalgo,Apan,U3,Horizontal,7,008,13
2023,Jalisco,Tonalá,FC,Horizontal,618,101,14
2023,Yucatán,Mérida,FC,Horizontal,327,050,31
2022,Sonora,San Luis Río Colorado,U2,Horizontal,124,055,26
2022,Tamaulipas,Victoria,U1,Horizontal,4,041,28
2023,Tlaxcala,Tetla de la Solidaridad,U2,Horizontal,6,031,29
2021,Nuevo León,Guadalupe,U2,Horizontal,12,026,19
2021,Jalisco,Tlajomulco de Zúñiga,U1,Horizontal,125,097,14
2022,Yucatán,Mérida,U3,Horizontal,2508,050,31
2023,Coahuila de Zaragoza,Acuña,U1,Horizontal,64,002,05
2022,Quintana Roo,Benito Juárez,U1,Horizontal,19,005,23
2021,Chiapas,Tapachula,U2,Vertical,16,089,07
2022,Yucatán,Progreso,U2,Horizontal,2,059,31
2021,Aguascalientes,Aguascalientes,U1,Vertical,55,001,01
2021,Michoacán de Ocampo,Tarímbaro,FC,Horizontal,69,088,16
2021,Yucatán,Motul,U2,Horizontal,12,052,31
2023,Baja California,Tijuana,U2,Vertical,27,004,02
2021,Guanajuato,Celaya,U1,Horizontal,12,007,11
2022,San Luis Potosí,Matehuala,U2,Horizontal,35,020,24
2022,Jalisco,Ixtlahuacán de los Membrillos,U3,Horizontal,25,044,14
2022,Colima,Tecomán,U1,Horizontal,152,009,06
2022,México,Zumpango,U2,Horizontal,109,120,15
2022,Durango,Vicente Guerrero,U2,Horizontal,1,038,10
2021,Baja California,Tecate,U3,Horizontal,1,003,02
2023,Jalisco,El Salto,U3,Horizontal,1631,070,14
2021,Chihuahua,Chihuahua,U2,Horizontal,551,019,08
2023,México,Tecámac,U2,Vertical,287,081,15
2022,Jalisco,Lagos de Moreno,U2,Horizontal,84,053,14
2023,Michoacán de Ocampo,Jiquilpan,FC,Vertical,12,045,16
2023,Puebla,Ocoyucan,FC,Horizontal,1,106,21
2023,Sonora,Nogales,U2,Horizontal,2,043,26
2021,Tamaulipas,Nuevo Laredo,U3,Horizontal,281,027,28
2021,Veracruz de Ignacio de la Llave,Tantoyuca,U3,Horizontal,1,155,30
2023,Veracruz de Ignacio de la Llave,Córdoba,FC,Horizontal,16,044,30
2023,Tamaulipas,Victoria,U2,Horizontal,7,041,28
2023,Quintana Roo,Cozumel,U2,Horizontal,14,001,23
2022,Guanajuato,San Francisco del Rincón,U2,Horizontal,4,031,11
2023,Guerrero,Chilpancingo de los Bravo,U3,Horizontal,2,029,12
2021,Morelos,Ayala,FC,Horizontal,376,004,17
2021,Guerrero,Zihuatanejo de Azueta,U3,Horizontal,1,038,12
2021,Jalisco,Puerto Vallarta,FC,Vertical,186,067,14
2022,Zacatecas,Fresnillo,U2,Horizontal,41,010,32
2021,Aguascalientes,Jesús María,U3,Horizontal,1,005,01
2023,Guanajuato,León,U3,Vertical,1074,020,11
2021,México,Nextlalpan,U3,Horizontal,340,059,15
2023,Veracruz de Ignacio de la Llave,Ixtaczoquitlán,U2,Horizontal,1,085,30
2023,Tabasco,Cunduacán,U2,Horizontal,12,006,27
2021,México,Tianguistenco,FC,Horizontal,137,101,15
2023,Jalisco,San Pedro Tlaquepaque,U3,Horizontal,18,098,14
2022,Oaxaca,Cuilápam de Guerrero,FC,Horizontal,4,023,20
2023,Chiapas,Berriozábal,FC,Horizontal,16,012,07
2022,Puebla,Ocoyucan,FC,Horizontal,1,106,21
2023,San Luis Potosí,San Luis Potosí,U2,Vertical,110,028,24
2021,Ciudad de México,Cuauhtémoc,U2,Vertical,1,015,09
2022,San Luis Potosí,Cárdenas,U2,Horizontal,1,005,24
2021,México,Coacalco de Berriozábal,U2,Vertical,14,020,15
2021,México,Tecámac,U3,Horizontal,1025,081,15
2022,Hidalgo,Epazoyucan,U3,Horizontal,13,022,13
2021,Oaxaca,Santa María Atzompa,U1,Horizontal,10,399,20
2022,Chihuahua,Bocoyna,FC,Horizontal,21,009,08
2022,México,Calimaya,FC,Horizontal,54,018,15
2022,Chihuahua,Cuauhtémoc,U2,Horizontal,97,017,08
2022,Aguascalientes,Aguascalientes,U1,Vertical,10,001,01
2022,Puebla,Atempan,U3,Horizontal,6,017,21
2022,Tamaulipas,El Mante,U2,Horizontal,16,021,28
2022,Nuevo León,Monterrey,U2,Horizontal,113,039,19
2021,Guerrero,Acapulco de Juárez,U1,Horizontal,135,001,12
2021,Colima,Manzanillo,U1,Horizontal,1,007,06
2022,Michoacán de Ocampo,Tarímbaro,FC,Horizontal,42,088,16
2023,San Luis Potosí,Soledad de Graciano Sánchez,U1,Horizontal,9,035,24
2023,Quintana Roo,Solidaridad,FC,Horizontal,67,008,23
2022,Nuevo León,El Carmen,FC,Horizontal,64,010,19
2021,Hidalgo,Pachuca de Soto,FC,Horizontal,308,048,13
2023,México,Tecámac,U2,Horizontal,755,081,15
2021,Nayarit,Tepic,U1,Horizontal,8,017,18
2022,Jalisco,Zapopan,U3,Horizontal,454,120,14
2022,Sinaloa,Mazatlán,U2,Vertical,37,012,25
2022,San Luis Potosí,Villa de Reyes,FC,Horizontal,126,050,24
2023,Hidalgo,Mineral de la Reforma,U2,Horizontal,45,051,13
2021,Campeche,Campeche,U3,Horizontal,14,002,04
2021,Veracruz de Ignacio de la Llave,Coatzacoalcos,U3,Horizontal,11,039,30
2022,Sonora,Nogales,U2,Horizontal,7,043,26
2021,Oaxaca,Santa Cruz Xoxocotlán,U1,Vertical,2,385,20
2023,Jalisco,Cuquío,FC,Horizontal,3,029,14
2021,Guanajuato,San Felipe,U3,Vertical,8,030,11
2023,Michoacán de Ocampo,Maravatío,U3,Horizontal,1,050,16
2021,Puebla,San Martín Texmelucan,U2,Horizontal,14,132,21
2021,Tamaulipas,Ciudad Madero,U2,Vertical,25,009,28
2021,Veracruz de Ignacio de la Llave,Emiliano Zapata,U3,Horizontal,28,065,30
2021,Michoacán de Ocampo,La Piedad,U2,Horizontal,3,069,16
2022,Puebla,Tehuacán,U3,Horizontal,84,156,21
2022,Guanajuato,León,FC,Horizontal,119,020,11
2021,Baja California Sur,Comondú,U1,Horizontal,8,001,03
2021,Durango,Durango,U1,Vertical,8,005,10
2021,Jalisco,Tala,U2,Horizontal,18,083,14
2022,San Luis Potosí,Cerritos,U3,Horizontal,4,008,24
2021,Tabasco,Centro,FC,Vertical,286,004,27
2021,Puebla,Tlatlauquitepec,FC,Horizontal,1,186,21
2022,Michoacán de Ocampo,Zamora,U2,Horizontal,8,108,16
2023,Aguascalientes,Pabellón de Arteaga,U1,Horizontal,7,006,01
2022,Quintana Roo,Solidaridad,U3,Vertical,1837,008,23
2021,Sonora,Empalme,U2,Horizontal,16,025,26
2023,Aguascalientes,Jesús María,U3,Horizontal,160,005,01
2022,Guerrero,Acapulco de Juárez,U1,Horizontal,46,001,12
2022,Yucatán,Maxcanú,FC,Horizontal,2,048,31
2023,México,Zumpango,FC,Horizontal,183,120,15
2021,Durango,Santiago Papasquiaro,U3,Horizontal,24,032,10
2021,Colima,Tecomán,U3,Horizontal,1,009,06
2022,Veracruz de Ignacio de la Llave,Mariano Escobedo,U3,Horizontal,3,101,30
2021,Coahuila de Zaragoza,Saltillo,U2,Horizontal,542,030,05
2023,Coahuila de Zaragoza,Saltillo,U1,Vertical,174,030,05
2022,México,Zinacantepec,U3,Horizontal,364,118,15
2023,Nayarit,Bahía de Banderas,FC,Horizontal,159,020,18
2023,Campeche,Campeche,U2,Horizontal,39,002,04
2022,Tlaxcala,Xicohtzinco,U2,Horizontal,6,042,29
2022,Zacatecas,Loreto,U2,Horizontal,6,024,32
2021,Nayarit,Santiago Ixcuintla,U3,Horizontal,6,015,18
2023,Sinaloa,El Fuerte,FC,Horizontal,5,010,25
2024,Hidalgo,Mineral de la Reforma,U2,Horizontal,18,051,13
2025,Coahuila de Zaragoza,Monclova,U2,Horizontal,35,018,05
2024,Tlaxcala,Xaloztoc,U2,Horizontal,2,039,29
2024,Chiapas,Tuxtla Gutiérrez,U2,Horizontal,2,101,07
2024,Tamaulipas,Valle Hermoso,U2,Horizontal,6,040,28
2025,Puebla,Coronango,U3,Vertical,24,034,21
2024,Hidalgo,Huejutla de Reyes,U1,Horizontal,1,028,13
2025,Quintana Roo,Tulum,FC,Horizontal,50,009,23
2024,Jalisco,Tonalá,U2,Horizontal,146,101,14
2024,Sinaloa,Navolato,U2,Horizontal,10,018,25
2025,Quintana Roo,Solidaridad,FC,Vertical,594,008,23
2025,Baja California,Ensenada,FC,Horizontal,22,001,02
2025,Hidalgo,Epazoyucan,U3,Horizontal,5,022,13
2025,Guanajuato,León,U3,Vertical,531,020,11
2025,Colima,Coquimatlán,FC,Vertical,12,004,06
2025,Baja California Sur,Los Cabos,U1,Horizontal,22,008,03
2025,San Luis Potosí,San Luis Potosí,U2,Horizontal,113,028,24
2024,Tamaulipas,Reynosa,U3,Vertical,277,032,28
2025,Quintana Roo,Benito Juárez,FC,Vertical,16,005,23
2025,México,Cuautitlán,U3,Horizontal,196,024,15
2025,Puebla,Puebla,U1,Vertical,100,114,21
2025,Yucatán,Umán,U3,Vertical,32,101,31
2024,Chiapas,Arriaga,U2,Horizontal,6,009,07
2024,Coahuila de Zaragoza,Ramos Arizpe,U2,Horizontal,138,027,05
2025,Guanajuato,Apaseo el Grande,FC,Horizontal,314,005,11
2024,Veracruz de Ignacio de la Llave,Veracruz,U2,Vertical,179,193,30
2025,Michoacán de Ocampo,Jiquilpan,FC,Horizontal,9,045,16
2025,Coahuila de Zaragoza,Torreón,U2,Horizontal,957,035,05
2024,Puebla,Amozoc,U2,Horizontal,6,015,21
2024,Chihuahua,Chihuahua,U2,Horizontal,333,019,08
2025,Chiapas,Tuxtla Gutiérrez,U3,Vertical,9,101,07
2025,Nuevo León,Montemorelos,U3,Horizontal,96,038,19
2024,Baja California,Mexicali,U2,Horizontal,588,002,02
2025,Jalisco,La Barca,U2,Horizontal,1,018,14
2024,San Luis Potosí,Soledad de Graciano Sánchez,U1,Horizontal,4,035,24
2025,Guanajuato,Apaseo el Grande,U3,Horizontal,468,005,11
2025,Sonora,Empalme,U2,Horizontal,9,025,26
2025,Baja California Sur,Mulegé,U3,Horizontal,3,002,03
2025,Yucatán,Kanasín,U3,Vertical,24,041,31
2025,Guanajuato,San Miguel de Allende,FC,Horizontal,131,003,11
2024,Durango,Lerdo,U2,Horizontal,7,012,10
2025,México,Jilotepec,FC,Horizontal,14,045,15
2024,Quintana Roo,Benito Juárez,U3,Horizontal,1143,005,23
2025,Tamaulipas,Altamira,U3,Vertical,172,003,28
2024,Guanajuato,Irapuato,U3,Horizontal,47,017,11
2024,México,Tecámac,FC,Vertical,307,081,15
2025,Querétaro,San Juan del Río,U2,Horizontal,28,016,22
2024,Oaxaca,San Juan Bautista Tuxtepec,U2,Horizontal,2,184,20
2024,Baja California Sur,Los Cabos,U2,Horizontal,8,008,03
2024,Sonora,Empalme,U2,Horizontal,15,025,26
2024,México,Zinacantepec,U3,Vertical,12,118,15
2024,Puebla,Teziutlán,U1,Horizontal,84,174,21
2025,Nayarit,Xalisco,U3,Vertical,6,008,18
2024,Jalisco,Tala,U3,Horizontal,106,083,14
2025,Tlaxcala,Zacatelco,U2,Horizontal,4,044,29
2024,Tlaxcala,Xaloztoc,U1,Vertical,6,039,29
2025,Coahuila de Zaragoza,Francisco I. Madero,U2,Horizontal,11,009,05
2025,Veracruz de Ignacio de la Llave,Veracruz,U3,Horizontal,1010,193,30
2024,San Luis Potosí,San Luis Potosí,U2,Horizontal,41,028,24
2024,México,Zumpango,U3,Horizontal,760,120,15
2024,Guerrero,Acapulco de Juárez,U3,Horizontal,182,001,12
2024,Tlaxcala,Tetla de la Solidaridad,U2,Horizontal,12,031,29
2024,Colima,Villa de Álvarez,U3,Horizontal,572,010,06
2024,México,Tecámac,U3,Horizontal,621,081,15
2025,Morelos,Tlaltizapán de Zapata,FC,Horizontal,2,024,17
2024,Guanajuato,Salvatierra,U3,Horizontal,163,028,11
2024,Ciudad de México,Miguel Hidalgo,U1,Vertical,20,016,09
2025,Querétaro,Querétaro,U3,Horizontal,167,014,22
2024,Michoacán de Ocampo,Uruapan,U2,Horizontal,2,102,16
2025,Baja California,Mexicali,U3,Horizontal,1489,002,02
2025,Guanajuato,Celaya,U2,Horizontal,10,007,11
2024,México,Tecámac,U2,Horizontal,740,081,15
2024,Chihuahua,Juárez,U2,Horizontal,1716,037,08
2025,Jalisco,Atotonilco el Alto,U3,Horizontal,267,013,14
2025,Aguascalientes,Pabellón de Arteaga,U1,Horizontal,8,006,01
2024,Nuevo León,García,U1,Horizontal,65,018,19
2024,Jalisco,Tlajomulco de Zúñiga,U3,Vertical,1956,097,14
2024,Yucatán,Kanasín,FC,Horizontal,252,041,31
2024,Puebla,Ocoyucan,U3,Vertical,1,106,21
2025,Chihuahua,Cuauhtémoc,FC,Horizontal,5,017,08
2025,Sinaloa,Culiacán,U3,Vertical,110,006,25
2024,Sinaloa,Culiacán,U2,Horizontal,63,006,25
2024,Sinaloa,Navolato,FC,Horizontal,1,018,25
2024,Michoacán de Ocampo,Sahuayo,U1,Horizontal,8,076,16
2025,San Luis Potosí,Villa de Reyes,FC,Horizontal,197,050,24
2025,Sonora,Nogales,U3,Vertical,189,043,26
2025,Sonora,Huatabampo,U3,Horizontal,33,033,26
2025,Hidalgo,Tulancingo de Bravo,U3,Horizontal,5,077,13
2025,Oaxaca,San Jacinto Amilpas,U1,Horizontal,6,157,20
2024,Baja California,San Quintín,FC,Horizontal,1,006,02
2024,Zacatecas,Guadalupe,U3,Horizontal,315,017,32
2025,Jalisco,Lagos de Moreno,U2,Horizontal,72,053,14
2024,Jalisco,Tala,U1,Horizontal,8,083,14
2024,Michoacán de Ocampo,Apatzingán,FC,Horizontal,11,006,16
2025,Colima,Tecomán,U1,Horizontal,114,009,06
2025,Jalisco,Zapotlán el Grande,U2,Vertical,135,023,14
2024,Aguascalientes,Jesús María,U2,Vertical,12,005,01
2024,Guanajuato,Irapuato,U2,Vertical,521,017,11
2024,Guanajuato,Salamanca,U3,Horizontal,41,027,11
2024,Chihuahua,Juárez,U3,Horizontal,442,037,08
2024,Veracruz de Ignacio de la Llave,Xalapa,U3,Horizontal,60,087,30
2024,Puebla,Teziutlán,U3,Horizontal,5,174,21
2025,Michoacán de Ocampo,Morelia,U2,Vertical,23,053,16
2024,Sonora,Puerto Peñasco,U2,Horizontal,45,048,26
2024,Jalisco,Zapotiltic,U3,Horizontal,19,121,14
2024,Nuevo León,General Escobedo,U2,Horizontal,39,021,19
2025,Baja California,Mexicali,FC,Horizontal,19,002,02
2025,Puebla,Huauchinango,U2,Horizontal,1,071,21
2025,Veracruz de Ignacio de la Llave,Tuxpan,U2,Horizontal,4,189,30
2024,Jalisco,Tala,FC,Horizontal,12,083,14
2025,San Luis Potosí,Ciudad Valles,U3,Horizontal,21,013,24
2025,Guanajuato,León,U1,Vertical,1,020,11
2024,Sinaloa,Mazatlán,U3,Vertical,430,012,25
2024,Michoacán de Ocampo,Sahuayo,U3,Horizontal,4,076,16
2024,Chihuahua,Hidalgo del Parral,U2,Horizontal,42,032,08
2024,Coahuila de Zaragoza,Sabinas,U2,Horizontal,80,028,05
2025,Nuevo León,Ciénega de Flores,U2,Horizontal,14,012,19
2024,Morelos,Xochitepec,U3,Horizontal,13,028,17
2025,Chihuahua,Chihuahua,U2,Horizontal,241,019,08
2024,Querétaro,San Juan del Río,U2,Horizontal,36,016,22
2025,Zacatecas,Río Grande,U2,Horizontal,3,039,32
2025,Chiapas,Arriaga,U1,Horizontal,5,009,07
2024,Sinaloa,Ahome,U2,Horizontal,313,001,25
2025,Guanajuato,San Luis de la Paz,FC,Horizontal,24,033,11
2024,Veracruz de Ignacio de la Llave,Medellín de Bravo,U3,Horizontal,5,105,30
2024,Hidalgo,Tizayuca,U3,Horizontal,1220,069,13
2024,Sinaloa,Concordia,FC,Horizontal,1,004,25
2025,Guanajuato,Silao de la Victoria,U3,Vertical,98,037,11
2024,Sinaloa,Guasave,U2,Horizontal,19,011,25
2025,Aguascalientes,Pabellón de Arteaga,U2,Horizontal,1,006,01
2024,Guerrero,Iguala de la Independencia,U2,Vertical,98,035,12
2024,Puebla,San Martín Texmelucan,U2,Horizontal,25,132,21
2024,Baja California Sur,La Paz,FC,Horizontal,22,003,03
2025,Veracruz de Ignacio de la Llave,Veracruz,U1,Vertical,28,193,30
2024,Morelos,Tlayacapan,FC,Horizontal,158,026,17
2024,Puebla,Coronango,U2,Horizontal,101,034,21
2025,Colima,Coquimatlán,FC,Horizontal,125,004,06
2025,Coahuila de Zaragoza,Torreón,U1,Horizontal,52,035,05
2024,Tlaxcala,Santa Cruz Tlaxcala,U1,Horizontal,126,026,29
2025,México,Toluca,FC,Horizontal,29,106,15
2024,Ciudad de México,Venustiano Carranza,U1,Vertical,155,017,09
2024,México,Chalco,U3,Vertical,17,025,15
2025,Yucatán,Umán,U1,Horizontal,37,101,31
2025,México,Huehuetoca,U3,Horizontal,579,035,15
2024,Jalisco,Ixtlahuacán de los Membrillos,U2,Vertical,84,044,14
2024,Guanajuato,Villagrán,U3,Horizontal,219,044,11
2025,Sonora,Hermosillo,U3,Horizontal,2073,030,26
2025,Querétaro,El Marqués,FC,Horizontal,426,011,22
2024,Yucatán,Umán,U3,Vertical,164,101,31
2024,Sonora,Hermosillo,U3,Horizontal,1772,030,26
2025,Sonora,Puerto Peñasco,U3,Horizontal,131,048,26
2025,Guanajuato,Silao de la Victoria,U3,Horizontal,159,037,11
2025,Yucatán,Valladolid,FC,Horizontal,4,102,31
2024,Jalisco,Lagos de Moreno,U2,Horizontal,111,053,14
2024,Veracruz de Ignacio de la Llave,Huiloapan de Cuauhtémoc,U2,Horizontal,5,074,30
2024,Guanajuato,Silao de la Victoria,U2,Horizontal,63,037,11
2025,Baja California Sur,Los Cabos,U3,Vertical,156,008,03
2024,Jalisco,Tonalá,FC,Horizontal,464,101,14
2024,Querétaro,El Marqués,FC,Vertical,1558,011,22
2024,México,Jilotepec,FC,Horizontal,11,045,15
2025,Zacatecas,Fresnillo,U3,Horizontal,34,010,32
2024,Guanajuato,Cortazar,FC,Horizontal,54,011,11
2025,Jalisco,San Pedro Tlaquepaque,U3,Vertical,256,098,14
2025,Hidalgo,Mineral de la Reforma,U3,Vertical,36,051,13
2024,Puebla,Cuautlancingo,U1,Horizontal,361,041,21
2024,México,Toluca,FC,Horizontal,4,106,15
2024,Aguascalientes,Aguascalientes,FC,Horizontal,6,001,01
2024,Guanajuato,San José Iturbide,U3,Horizontal,76,032,11
2024,Morelos,Tlayacapan,FC,Vertical,224,026,17
2025,Sonora,Huatabampo,FC,Horizontal,2,033,26
2025,Colima,Villa de Álvarez,U3,Horizontal,872,010,06
2024,Quintana Roo,Benito Juárez,U2,Horizontal,65,005,23
2024,Coahuila de Zaragoza,Torreón,FC,Horizontal,373,035,05
2024,Coahuila de Zaragoza,Saltillo,U2,Vertical,294,030,05
2025,Puebla,Huejotzingo,U2,Horizontal,24,074,21
2024,Baja California Sur,Mulegé,FC,Horizontal,21,002,03
2024,Nuevo León,Ciénega de Flores,FC,Horizontal,103,012,19
2024,Jalisco,Acatlán de Juárez,FC,Horizontal,38,002,14
2025,Quintana Roo,Solidaridad,U2,Vertical,87,008,23
2025,Sonora,Nogales,U3,Horizontal,427,043,26
2025,Guerrero,Chilpancingo de los Bravo,U3,Vertical,3,029,12
2025,Coahuila de Zaragoza,Saltillo,U1,Vertical,138,030,05
2025,Hidalgo,Mineral de la Reforma,U2,Vertical,90,051,13
2024,Baja California,Playas de Rosarito,FC,Vertical,342,005,02
2025,Querétaro,El Marqués,U3,Vertical,166,011,22
2025,Tamaulipas,Río Bravo,U3,Horizontal,1,033,28
2024,Nuevo León,El Carmen,FC,Horizontal,313,010,19
2025,Sonora,Empalme,U1,Horizontal,1,025,26
2025,San Luis Potosí,San Luis Potosí,U1,Horizontal,1,028,24
2025,Morelos,Yautepec,U2,Horizontal,38,029,17
2024,Guanajuato,León,U1,Horizontal,13,020,11
2025,Yucatán,Valladolid,U3,Horizontal,45,102,31
2025,Nayarit,Compostela,U3,Horizontal,5,004,18
2025,Chiapas,Tuxtla Gutiérrez,U3,Horizontal,9,101,07
2024,Coahuila de Zaragoza,Matamoros,U2,Horizontal,95,017,05
2025,Quintana Roo,Benito Juárez,U2,Horizontal,188,005,23
2024,Colima,Cuauhtémoc,FC,Horizontal,17,005,06
2025,Veracruz de Ignacio de la Llave,Emiliano Zapata,FC,Vertical,80,065,30
2024,Puebla,San Martín Texmelucan,U2,Vertical,184,132,21
2024,Coahuila de Zaragoza,Castaños,U2,Horizontal,42,006,05
2025,Baja California Sur,La Paz,U3,Horizontal,476,003,03
2025,Michoacán de Ocampo,Morelia,U2,Horizontal,18,053,16
2024,Morelos,Tlaltizapán de Zapata,FC,Horizontal,11,024,17
2024,Tabasco,Huimanguillo,U2,Horizontal,2,008,27
2024,Morelos,Cuernavaca,U1,Vertical,26,007,17
2024,Michoacán de Ocampo,Puruándiro,U2,Horizontal,3,071,16
2025,Michoacán de Ocampo,Apatzingán,U2,Vertical,6,006,16
2025,Jalisco,El Salto,U3,Vertical,1,070,14
2025,Quintana Roo,Solidaridad,U2,Horizontal,51,008,23
2025,Campeche,Campeche,U3,Horizontal,34,002,04
2025,Veracruz de Ignacio de la Llave,Xalapa,U3,Horizontal,47,087,30
2025,Chihuahua,Hidalgo del Parral,U1,Horizontal,35,032,08
2025,Guanajuato,Apaseo el Alto,U2,Horizontal,3,004,11
2024,Guerrero,Acapulco de Juárez,U3,Vertical,11,001,12
2025,Zacatecas,Jerez,U1,Horizontal,1,020,32
2025,Michoacán de Ocampo,Zamora,U3,Horizontal,93,108,16
2024,Quintana Roo,Cozumel,U2,Horizontal,31,001,23
2024,Jalisco,San Pedro Tlaquepaque,U3,Horizontal,131,098,14
2025,Tabasco,Nacajuca,U3,Horizontal,10,013,27
2025,México,Tecámac,FC,Horizontal,176,081,15
2024,Michoacán de Ocampo,Sahuayo,FC,Horizontal,6,076,16
2024,San Luis Potosí,Cerritos,U3,Horizontal,6,008,24
2024,Querétaro,Querétaro,U3,Horizontal,185,014,22
2024,Veracruz de Ignacio de la Llave,Coatepec,U3,Vertical,6,038,30
2025,Puebla,Huejotzingo,U3,Vertical,420,074,21
2025,Michoacán de Ocampo,La Piedad,U1,Horizontal,4,069,16
2024,Morelos,Cuautla,U1,Horizontal,6,006,17
2025,Puebla,Puebla,U2,Horizontal,58,114,21
2024,Puebla,Puebla,U2,Horizontal,73,114,21
2025,Aguascalientes,San Francisco de los Romo,FC,Horizontal,524,011,01
2025,Jalisco,Puerto Vallarta,U3,Horizontal,40,067,14
2025,Guanajuato,San Francisco del Rincón,U2,Horizontal,24,031,11
2025,Baja California,Mexicali,U2,Horizontal,573,002,02
2025,Michoacán de Ocampo,Hidalgo,FC,Horizontal,3,034,16
2025,Quintana Roo,Benito Juárez,U1,Horizontal,22,005,23
2025,Sinaloa,Ahome,U3,Horizontal,687,001,25
2024,Sonora,Nogales,U3,Horizontal,346,043,26
2024,Chihuahua,Jiménez,U2,Horizontal,7,036,08
2024,Jalisco,Puerto Vallarta,U2,Vertical,6,067,14
2025,Nayarit,Tepic,U2,Horizontal,5,017,18
2024,Puebla,Chignahuapan,U3,Horizontal,3,053,21
2025,Aguascalientes,San Francisco de los Romo,U3,Horizontal,71,011,01
2025,Michoacán de Ocampo,Jiquilpan,U2,Horizontal,10,045,16
2024,Tlaxcala,Tlaxcala,U2,Horizontal,16,033,29
2025,Morelos,Xochitepec,FC,Horizontal,145,028,17
2024,Puebla,Izúcar de Matamoros,U2,Vertical,12,085,21
2025,Puebla,San Andrés Cholula,U3,Horizontal,1,119,21
2025,Yucatán,Kanasín,U3,Horizontal,837,041,31
2025,Coahuila de Zaragoza,Sacramento,FC,Horizontal,8,029,05
2025,Chiapas,Villaflores,U2,Horizontal,1,108,07
2024,Tabasco,Nacajuca,U3,Horizontal,34,013,27
2025,Jalisco,San Pedro Tlaquepaque,U1,Horizontal,87,098,14
2024,Tamaulipas,Ciudad Madero,U2,Horizontal,2,009,28
2024,Hidalgo,Tepeapulco,U2,Horizontal,3,061,13
2025,México,Toluca,U3,Horizontal,81,106,15
2025,Guanajuato,Irapuato,U1,Horizontal,221,017,11
2024,Nuevo León,General Zuazua,FC,Horizontal,930,025,19
2025,Chihuahua,Cuauhtémoc,U2,Horizontal,71,017,08
2025,Nuevo León,Montemorelos,U1,Horizontal,11,038,19
2025,Guanajuato,Silao de la Victoria,U2,Horizontal,24,037,11
2024,Tlaxcala,Zacatelco,U2,Vertical,16,044,29
2025,Michoacán de Ocampo,Morelia,U1,Horizontal,8,053,16
2025,Puebla,Cuautlancingo,U3,Vertical,209,041,21
2025,Baja California Sur,La Paz,U2,Horizontal,16,003,03
2024,Hidalgo,Atotonilco de Tula,U1,Vertical,80,013,13
2024,Guerrero,Ometepec,FC,Horizontal,6,046,12
2024,Sinaloa,Ahome,U3,Horizontal,381,001,25
2025,Nuevo León,Guadalupe,U2,Horizontal,5,026,19
2024,Oaxaca,San Jacinto Amilpas,U1,Horizontal,6,157,20
2024,Sonora,Puerto Peñasco,U3,Horizontal,106,048,26
2024,Sinaloa,Navolato,FC,Vertical,1,018,25
2025,Guerrero,Chilpancingo de los Bravo,U3,Horizontal,1,029,12
2024,México,Acolman,U3,Horizontal,48,002,15
2024,Aguascalientes,Jesús María,U1,Horizontal,2,005,01
2025,Nuevo León,El Carmen,FC,Horizontal,526,010,19
2025,Zacatecas,Zacatecas,U2,Horizontal,10,056,32
2025,Yucatán,Ucú,U3,Horizontal,121,100,31
2024,Tamaulipas,Altamira,U2,Horizontal,8,003,28
2025,Zacatecas,Fresnillo,U2,Horizontal,49,010,32
2025,Nuevo León,Juárez,U2,Horizontal,350,031,19
2024,Tamaulipas,Ciudad Madero,U1,Vertical,20,009,28
2024,Oaxaca,Santa María Atzompa,U1,Horizontal,1,399,20
2024,Sonora,San Luis Río Colorado,U1,Horizontal,6,055,26
2024,Sonora,Nogales,U1,Horizontal,1,043,26
2025,Oaxaca,Santa Cruz Xoxocotlán,U1,Vertical,30,385,20
2024,Morelos,Yecapixtla,FC,Horizontal,58,030,17
2024,Hidalgo,Atotonilco de Tula,FC,Vertical,486,013,13
2025,Hidalgo,Tulancingo de Bravo,U2,Horizontal,2,077,13
2024,Hidalgo,Tizayuca,U3,Vertical,960,069,13
2025,Chihuahua,Aquiles Serdán,FC,Horizontal,328,004,08
2024,Nayarit,Bahía de Banderas,U3,Horizontal,327,020,18
2024,Aguascalientes,Aguascalientes,U2,Horizontal,131,001,01
2024,México,Zumpango,U3,Vertical,1144,120,15
2024,Jalisco,Tala,FC,Vertical,32,083,14
2024,Sonora,Guaymas,U3,Horizontal,161,029,26
2024,México,Toluca,U3,Horizontal,25,106,15
2024,Michoacán de Ocampo,La Piedad,U2,Horizontal,155,069,16
2025,Veracruz de Ignacio de la Llave,Xalapa,U1,Horizontal,1,087,30
2024,Sinaloa,Culiacán,U1,Horizontal,42,006,25
2024,Guerrero,Zihuatanejo de Azueta,U3,Horizontal,2,038,12
2025,Tabasco,Nacajuca,U3,Vertical,240,013,27
2025,Coahuila de Zaragoza,Piedras Negras,U3,Horizontal,683,025,05
2024,Michoacán de Ocampo,Morelia,U3,Vertical,778,053,16
2024,Hidalgo,Zempoala,U3,Horizontal,8,083,13
2024,México,Cuautitlán,U3,Horizontal,167,024,15
2024,Campeche,Campeche,U2,Horizontal,36,002,04
2024,San Luis Potosí,Ciudad Valles,U3,Horizontal,42,013,24
2025,Michoacán de Ocampo,Tarímbaro,U3,Horizontal,224,088,16
2024,Tlaxcala,Tzompantepec,U2,Vertical,16,038,29
2024,Jalisco,Autlán de Navarro,U1,Horizontal,5,015,14
2025,Campeche,Campeche,U1,Horizontal,2,002,04
2024,Nuevo León,Cadereyta Jiménez,U3,Horizontal,360,009,19
2025,Chiapas,Villaflores,U3,Horizontal,9,108,07
2024,Guanajuato,Silao de la Victoria,U3,Horizontal,123,037,11
2025,Colima,Colima,U1,Horizontal,102,002,06
2024,Colima,Armería,U1,Horizontal,1,001,06
2025,Jalisco,Zapopan,U3,Vertical,81,120,14
2025,Colima,Comala,U3,Horizontal,3,003,06
2025,Baja California Sur,Mulegé,FC,Horizontal,13,002,03
2025,Guanajuato,Santa Cruz de Juventino Rosas,U3,Horizontal,12,035,11
2024,Puebla,Tehuacán,U1,Vertical,31,156,21
2024,Guanajuato,San Luis de la Paz,U3,Horizontal,77,033,11
2025,México,Huehuetoca,U3,Vertical,49,035,15
2025,Sonora,Magdalena,U3,Horizontal,1,036,26
2025,Coahuila de Zaragoza,Torreón,FC,Horizontal,309,035,05
2024,Guerrero,Chilpancingo de los Bravo,U1,Vertical,16,029,12
2025,Tamaulipas,Altamira,U2,Vertical,26,003,28
2025,Jalisco,Zapotiltic,U3,Horizontal,9,121,14
2025,Coahuila de Zaragoza,Saltillo,U2,Horizontal,679,030,05
2025,Guerrero,Zihuatanejo de Azueta,FC,Horizontal,6,038,12
2025,Ciudad de México,Iztacalco,U1,Vertical,242,006,09
2024,Jalisco,Zapopan,FC,Vertical,268,120,14
2025,Yucatán,Kanasín,U2,Horizontal,129,041,31
2024,Jalisco,San Juan de los Lagos,U3,Horizontal,235,073,14
2025,Hidalgo,Mineral de la Reforma,U3,Horizontal,623,051,13
2025,Hidalgo,Apan,U3,Horizontal,1,008,13
2024,Quintana Roo,Solidaridad,FC,Vertical,574,008,23
2025,Hidalgo,Tizayuca,U3,Vertical,1346,069,13
2024,Tlaxcala,Zacatelco,U2,Horizontal,6,044,29
2024,Zacatecas,Guadalupe,U1,Horizontal,6,017,32
2025,México,Tecámac,FC,Vertical,519,081,15
2024,Michoacán de Ocampo,Morelia,U3,Horizontal,734,053,16
2025,México,Tecámac,U3,Vertical,223,081,15
2025,Michoacán de Ocampo,Zamora,FC,Horizontal,29,108,16
2025,Sonora,Navojoa,U1,Horizontal,120,042,26
2024,Quintana Roo,Solidaridad,FC,Horizontal,75,008,23
2024,Jalisco,Guadalajara,U3,Horizontal,6,039,14
2024,Querétaro,San Juan del Río,U3,Horizontal,47,016,22
2025,Sonora,Puerto Peñasco,U1,Horizontal,27,048,26
2024,México,Calimaya,U3,Horizontal,139,018,15
2025,Quintana Roo,Othón P. Blanco,U2,Horizontal,5,004,23
2024,Durango,Durango,FC,Vertical,208,005,10
2025,México,Tlalnepantla de Baz,U1,Vertical,4,104,15
2024,Morelos,Zacatepec,FC,Horizontal,16,031,17
2024,Zacatecas,Zacatecas,FC,Horizontal,8,056,32
2024,Guanajuato,Salamanca,FC,Horizontal,376,027,11
2024,Nuevo León,Montemorelos,U3,Horizontal,13,038,19
2025,Nuevo León,Ciénega de Flores,FC,Horizontal,164,012,19
2024,Zacatecas,Loreto,U2,Horizontal,4,024,32
2024,Guanajuato,León,U2,Vertical,174,020,11
2025,Puebla,Teziutlán,U3,Horizontal,3,174,21
2024,Morelos,Yecapixtla,FC,Vertical,128,030,17
2025,México,Ixtapaluca,FC,Horizontal,11,039,15
2024,Nuevo León,General Escobedo,FC,Horizontal,1085,021,19
2025,Tamaulipas,Reynosa,FC,Horizontal,2131,032,28
2025,Puebla,San Martín Texmelucan,U2,Horizontal,2,132,21
2025,Tamaulipas,Nuevo Laredo,U1,Horizontal,428,027,28
2025,Veracruz de Ignacio de la Llave,Xalapa,U2,Horizontal,1,087,30
2025,Guanajuato,Irapuato,U1,Vertical,16,017,11
2025,San Luis Potosí,Soledad de Graciano Sánchez,U2,Horizontal,17,035,24
2025,San Luis Potosí,Villa de Pozos,U3,Horizontal,284,059,24
2025,Veracruz de Ignacio de la Llave,Boca del Río,FC,Vertical,80,028,30
2025,Coahuila de Zaragoza,Piedras Negras,U1,Horizontal,57,025,05
2025,Tamaulipas,Reynosa,U3,Vertical,132,032,28
2024,Chihuahua,Ojinaga,U3,Horizontal,30,052,08
2024,Hidalgo,Tulancingo de Bravo,U2,Horizontal,1,077,13
2024,Puebla,San Martín Texmelucan,U3,Vertical,90,132,21
2024,Morelos,Emiliano Zapata,U2,Horizontal,241,008,17
2025,Jalisco,Lagos de Moreno,U3,Horizontal,95,053,14
2024,Michoacán de Ocampo,Tarímbaro,U3,Horizontal,91,088,16
2025,Guanajuato,San Felipe,U2,Horizontal,5,030,11
2025,Campeche,Carmen,U1,Vertical,160,003,04
2024,Sinaloa,Ahome,U1,Horizontal,11,001,25
2025,Coahuila de Zaragoza,Torreón,U3,Horizontal,284,035,05
2024,Colima,Tecomán,U1,Horizontal,107,009,06
2024,Sonora,Empalme,U3,Horizontal,48,025,26
2025,Jalisco,Puerto Vallarta,FC,Vertical,181,067,14
2025,Chihuahua,Camargo,U1,Horizontal,1,011,08
2024,Durango,Durango,U1,Vertical,31,005,10
2025,Sinaloa,Mazatlán,U1,Vertical,5,012,25
2025,Zacatecas,Ojocaliente,U2,Horizontal,1,036,32
2024,Guanajuato,León,U3,Horizontal,1272,020,11
2025,Jalisco,Tlajomulco de Zúñiga,U1,Horizontal,62,097,14
2025,Chihuahua,Cuauhtémoc,U3,Horizontal,181,017,08
2024,México,Chalco,U2,Horizontal,14,025,15
2025,Nuevo León,General Escobedo,U2,Horizontal,34,021,19
2024,México,Coacalco de Berriozábal,U2,Vertical,10,020,15
2024,Aguascalientes,Pabellón de Arteaga,U1,Horizontal,13,006,01
2025,Veracruz de Ignacio de la Llave,Fortín,U3,Vertical,20,068,30
2025,Coahuila de Zaragoza,Monclova,U3,Horizontal,116,018,05
2024,Baja California,Ensenada,U1,Horizontal,1,001,02
2025,Coahuila de Zaragoza,Ramos Arizpe,U1,Horizontal,22,027,05
2025,Tlaxcala,Xaloztoc,U2,Horizontal,2,039,29
2024,Veracruz de Ignacio de la Llave,Medellín de Bravo,U2,Horizontal,372,105,30
2025,Sinaloa,Ahome,U2,Horizontal,57,001,25
2025,San Luis Potosí,San Luis Potosí,U2,Vertical,66,028,24
2025,San Luis Potosí,Matehuala,U3,Horizontal,12,020,24
2025,Aguascalientes,Jesús María,FC,Horizontal,192,005,01
2025,Sonora,Puerto Peñasco,U2,Horizontal,54,048,26
2025,México,Ocoyoacac,U3,Horizontal,12,062,15
2025,Chihuahua,Delicias,U2,Horizontal,39,021,08
2024,San Luis Potosí,Soledad de Graciano Sánchez,U3,Horizontal,393,035,24
2025,México,Nextlalpan,U3,Vertical,33,059,15
2024,Veracruz de Ignacio de la Llave,Coatzacoalcos,U3,Horizontal,4,039,30
2024,Guerrero,Taxco de Alarcón,FC,Vertical,5,055,12
2025,Tlaxcala,Santa Cruz Tlaxcala,U2,Horizontal,43,026,29
2025,Hidalgo,Mineral de la Reforma,FC,Horizontal,212,051,13
2025,Tabasco,Cunduacán,U2,Horizontal,3,006,27
2024,Chihuahua,Aquiles Serdán,FC,Horizontal,20,004,08
2024,Guanajuato,Celaya,U3,Vertical,44,007,11
2025,Puebla,Puebla,U3,Vertical,104,114,21
2024,Nuevo León,Pesquería,U3,Horizontal,604,041,19
2024,Campeche,Seybaplaya,FC,Horizontal,2,012,04
2024,Jalisco,San Juan de los Lagos,U2,Horizontal,1,073,14
2024,Ciudad de México,Miguel Hidalgo,U2,Vertical,35,016,09
2025,Jalisco,Puerto Vallarta,U3,Vertical,108,067,14
2025,Jalisco,Zapotlán del Rey,U2,Horizontal,6,123,14
2025,Colima,Colima,U2,Horizontal,62,002,06
2025,Tamaulipas,Altamira,U3,Horizontal,91,003,28
2024,Nuevo León,Juárez,U1,Horizontal,184,031,19
2025,Colima,Villa de Álvarez,U1,Horizontal,20,010,06
2024,México,Chalco,U3,Horizontal,774,025,15
2024,Coahuila de Zaragoza,Frontera,U3,Horizontal,10,010,05
2024,Sonora,Guaymas,U2,Horizontal,32,029,26
2024,Chiapas,Palenque,U2,Horizontal,1,065,07
2024,Oaxaca,Santa Cruz Xoxocotlán,U3,Horizontal,33,385,20
2025,Coahuila de Zaragoza,Frontera,U2,Horizontal,125,010,05
2025,Campeche,Seybaplaya,FC,Horizontal,4,012,04
2024,Quintana Roo,Benito Juárez,FC,Horizontal,3,005,23
2024,Jalisco,El Salto,U3,Horizontal,1985,070,14
2024,Zacatecas,Pinos,FC,Horizontal,6,038,32
2025,Querétaro,Corregidora,U3,Horizontal,63,006,22
2024,Guanajuato,San Francisco del Rincón,FC,Horizontal,1,031,11
2024,Morelos,Cuernavaca,U3,Horizontal,39,007,17
2025,Colima,Tecomán,U3,Horizontal,60,009,06
2025,Tlaxcala,Tlaxco,U3,Vertical,12,034,29
2025,Baja California Sur,Loreto,U3,Horizontal,4,009,03
2024,Tlaxcala,Tzompantepec,FC,Vertical,6,038,29
2024,Guanajuato,Irapuato,U1,Vertical,6,017,11
2024,Michoacán de Ocampo,Tarímbaro,U3,Vertical,127,088,16
2024,Chiapas,Berriozábal,FC,Horizontal,16,012,07
2025,Puebla,Tehuacán,U3,Horizontal,94,156,21
2025,Yucatán,Umán,U3,Horizontal,969,101,31
2025,Michoacán de Ocampo,Apatzingán,FC,Horizontal,25,006,16
2024,Chihuahua,Delicias,U1,Vertical,13,021,08
2025,Coahuila de Zaragoza,San Juan de Sabinas,U2,Horizontal,33,032,05
2025,Puebla,Amozoc,U1,Horizontal,19,015,21
2024,Chihuahua,Cuauhtémoc,U3,Horizontal,209,017,08
2025,Nuevo León,García,FC,Horizontal,794,018,19
2025,Puebla,Tehuacán,U1,Vertical,64,156,21
2025,San Luis Potosí,Soledad de Graciano Sánchez,U2,Vertical,16,035,24
2024,San Luis Potosí,Soledad de Graciano Sánchez,U2,Vertical,119,035,24
2025,Zacatecas,Pinos,FC,Horizontal,6,038,32
2025,Tabasco,Teapa,U1,Horizontal,1,016,27
2025,Sinaloa,Culiacán,U2,Vertical,115,006,25
2024,Tlaxcala,Tlaxcala,U1,Horizontal,64,033,29
2024,Chiapas,Tuxtla Gutiérrez,U1,Horizontal,9,101,07
2024,Zacatecas,Guadalupe,U2,Horizontal,31,017,32
2024,Guanajuato,Salamanca,FC,Vertical,132,027,11
2024,Sonora,Caborca,U2,Horizontal,6,017,26
2025,Chiapas,Comitán de Domínguez,U3,Horizontal,16,019,07
2025,Michoacán de Ocampo,Zinapécuaro,U3,Horizontal,9,110,16
2025,Puebla,Izúcar de Matamoros,U2,Vertical,6,085,21
2024,Puebla,Puebla,U1,Horizontal,1,114,21
2024,Zacatecas,Guadalupe,FC,Horizontal,171,017,32
2025,Aguascalientes,Pabellón de Arteaga,U1,Vertical,32,006,01
2024,Sonora,Hermosillo,FC,Horizontal,27,030,26
2025,Aguascalientes,Calvillo,U3,Horizontal,3,003,01
2025,Sonora,San Luis Río Colorado,U1,Horizontal,39,055,26
2025,Chihuahua,Delicias,U1,Horizontal,20,021,08
2025,Chiapas,Berriozábal,U3,Horizontal,3,012,07
2024,Ciudad de México,Iztacalco,U1,Vertical,313,006,09
2025,Querétaro,San Juan del Río,FC,Horizontal,157,016,22
2024,Nayarit,Compostela,U3,Horizontal,1,004,18
2024,Sonora,Navojoa,U3,Horizontal,136,042,26
2025,Jalisco,Tlajomulco de Zúñiga,FC,Horizontal,12,097,14
2024,Puebla,Coronango,U1,Horizontal,106,034,21
2025,Durango,Gómez Palacio,U2,Horizontal,462,007,10
2024,Puebla,Teziutlán,U2,Horizontal,81,174,21
2024,Guanajuato,Salvatierra,U2,Horizontal,3,028,11
2025,Veracruz de Ignacio de la Llave,Tlalnelhuayocan,U3,Horizontal,4,182,30
2025,Guanajuato,Irapuato,U2,Horizontal,38,017,11
2025,Michoacán de Ocampo,Zamora,U3,Vertical,34,108,16
2025,Chihuahua,Nuevo Casas Grandes,U2,Horizontal,6,050,08
2024,Jalisco,Zapopan,U3,Horizontal,407,120,14
2025,Zacatecas,Zacatecas,U3,Horizontal,75,056,32
2025,Sinaloa,Mazatlán,U1,Horizontal,2,012,25
2024,Querétaro,Pedro Escobedo,FC,Horizontal,14,012,22
2025,Yucatán,Maxcanú,FC,Horizontal,8,048,31
2025,Nayarit,Bahía de Banderas,U3,Horizontal,496,020,18
2024,Durango,Lerdo,U3,Horizontal,115,012,10
2024,Michoacán de Ocampo,Tarímbaro,U2,Horizontal,5,088,16
2025,Jalisco,Atotonilco el Alto,U3,Vertical,184,013,14
2025,Puebla,Chignautla,U3,Horizontal,1,054,21
2025,Guanajuato,Cortazar,FC,Horizontal,24,011,11
2025,Sinaloa,Guasave,U1,Horizontal,7,011,25
2024,Veracruz de Ignacio de la Llave,Veracruz,U1,Vertical,13,193,30
2024,Hidalgo,Tizayuca,FC,Vertical,227,069,13
2025,Guanajuato,Salamanca,FC,Vertical,60,027,11
2025,Jalisco,Tonalá,U2,Vertical,570,101,14
2024,Tlaxcala,Tzompantepec,FC,Horizontal,2,038,29
2025,Tlaxcala,Tzompantepec,U3,Horizontal,1,038,29
2024,Tamaulipas,Victoria,FC,Horizontal,59,041,28
2024,San Luis Potosí,San Luis Potosí,U2,Vertical,124,028,24
2024,Colima,Colima,U1,Horizontal,71,002,06
2024,Coahuila de Zaragoza,Saltillo,U2,Horizontal,642,030,05
2025,Jalisco,Tuxpan,U3,Horizontal,5,108,14
2025,Jalisco,Jalostotitlán,U3,Horizontal,10,046,14
2025,Veracruz de Ignacio de la Llave,Veracruz,FC,Horizontal,42,193,30
2025,Coahuila de Zaragoza,Matamoros,U3,Vertical,50,017,05
2024,Colima,Coquimatlán,FC,Horizontal,131,004,06
2025,Sonora,Navojoa,U3,Horizontal,110,042,26
2025,Sinaloa,Culiacán,U1,Vertical,16,006,25
2024,Puebla,Puebla,U2,Vertical,656,114,21
2024,Chiapas,Tapachula,FC,Horizontal,40,089,07
2025,Nuevo León,General Zuazua,FC,Horizontal,467,025,19
2025,Tlaxcala,Apetatitlán de Antonio Carvajal,U2,Horizontal,1,002,29
2025,Chihuahua,Hidalgo del Parral,U2,Horizontal,40,032,08
2024,Ciudad de México,Venustiano Carranza,U2,Vertical,26,017,09
2025,Jalisco,San Juan de los Lagos,U3,Horizontal,74,073,14
2024,Tamaulipas,Altamira,U3,Vertical,116,003,28
2024,Morelos,Yautepec,U2,Horizontal,37,029,17
2024,Nuevo León,Salinas Victoria,U2,Horizontal,19,045,19
2025,San Luis Potosí,El Naranjo,U3,Horizontal,1,058,24
2025,México,Zumpango,U3,Horizontal,1070,120,15
2025,Baja California,Ensenada,U3,Horizontal,197,001,02
2025,San Luis Potosí,Soledad de Graciano Sánchez,U3,Horizontal,428,035,24
2024,Oaxaca,Heroica Ciudad de Huajuapan de León,U3,Horizontal,5,039,20
2024,Puebla,Puebla,U3,Horizontal,75,114,21
2024,México,Zumpango,U2,Horizontal,30,120,15
2024,San Luis Potosí,Villa de Reyes,FC,Horizontal,53,050,24
2025,Veracruz de Ignacio de la Llave,Veracruz,U2,Horizontal,72,193,30
2025,Aguascalientes,Jesús María,U1,Horizontal,11,005,01
2025,Tamaulipas,Matamoros,U1,Horizontal,14,022,28
2024,Sinaloa,Mazatlán,U2,Horizontal,11,012,25
2024,Hidalgo,Cuautepec de Hinojosa,U3,Horizontal,69,016,13
2025,Guerrero,Acapulco de Juárez,U1,Vertical,1,001,12
2024,Baja California,Playas de Rosarito,U3,Horizontal,97,005,02
2024,Guanajuato,San Felipe,U3,Vertical,6,030,11
2024,Veracruz de Ignacio de la Llave,Veracruz,U3,Vertical,697,193,30
2024,Hidalgo,Tolcayuca,FC,Horizontal,502,075,13
2024,Chihuahua,Nuevo Casas Grandes,U1,Horizontal,3,050,08
2025,Jalisco,La Barca,U2,Vertical,72,018,14
2024,Hidalgo,Pachuca de Soto,FC,Horizontal,30,048,13
2024,Chihuahua,Cuauhtémoc,U2,Horizontal,33,017,08
2025,Guanajuato,Abasolo,U3,Horizontal,1,001,11
2025,Oaxaca,San Pedro Mixtepec -Dto. 22 -,FC,Vertical,3,318,20
2024,Jalisco,Zapotiltic,U3,Vertical,78,121,14
2024,Coahuila de Zaragoza,Monclova,U2,Horizontal,51,018,05
2024,Durango,Lerdo,U1,Horizontal,37,012,10
2025,Puebla,Huejotzingo,U3,Horizontal,213,074,21
2024,Michoacán de Ocampo,Jiquilpan,U3,Horizontal,24,045,16
2024,Michoacán de Ocampo,Lázaro Cárdenas,U2,Horizontal,11,052,16
2025,Hidalgo,Tizayuca,FC,Horizontal,822,069,13
2024,Ciudad de México,Gustavo A. Madero,U1,Vertical,177,005,09
2024,Coahuila de Zaragoza,Francisco I. Madero,U1,Horizontal,16,009,05
2024,Yucatán,Mérida,FC,Horizontal,233,050,31
2024,Michoacán de Ocampo,Tarímbaro,FC,Horizontal,3,088,16
2024,San Luis Potosí,San Luis Potosí,FC,Horizontal,1,028,24
2024,Coahuila de Zaragoza,Acuña,U2,Horizontal,138,002,05
2024,Baja California,Tijuana,U1,Horizontal,60,004,02
2024,Coahuila de Zaragoza,Matamoros,U3,Horizontal,93,017,05
2024,Querétaro,El Marqués,FC,Horizontal,418,011,22
2025,Nayarit,Tepic,U2,Vertical,16,017,18
2024,Jalisco,Tlajomulco de Zúñiga,U1,Horizontal,183,097,14
2025,Guanajuato,León,FC,Vertical,60,020,11
2024,Veracruz de Ignacio de la Llave,Emiliano Zapata,FC,Vertical,45,065,30
2024,Yucatán,Motul,U2,Horizontal,16,052,31
2024,Jalisco,La Barca,U2,Vertical,72,018,14
2024,Quintana Roo,Solidaridad,U2,Vertical,54,008,23
2025,Tlaxcala,Santa Cruz Tlaxcala,U1,Horizontal,172,026,29
2025,Tlaxcala,Tzompantepec,FC,Horizontal,1,038,29
2025,Puebla,San Martín Texmelucan,U3,Horizontal,20,132,21
2024,Coahuila de Zaragoza,Piedras Negras,FC,Horizontal,273,025,05
2024,Jalisco,Puerto Vallarta,U3,Vertical,25,067,14
2024,Chihuahua,Aldama,U2,Horizontal,22,002,08
2024,México,Tecámac,FC,Horizontal,44,081,15
2024,Chihuahua,Bocoyna,FC,Horizontal,9,009,08
2024,Puebla,Tehuacán,U3,Horizontal,2,156,21
2024,Quintana Roo,Othón P. Blanco,U3,Horizontal,158,004,23
2025,Querétaro,Querétaro,U3,Vertical,517,014,22
2024,Sonora,Hermosillo,U2,Horizontal,182,030,26
2024,Veracruz de Ignacio de la Llave,Emiliano Zapata,U3,Vertical,394,065,30
2024,Oaxaca,Heroica Ciudad de Huajuapan de León,U3,Vertical,3,039,20
2025,Baja California,Tijuana,U3,Vertical,478,004,02
2024,Hidalgo,Mineral de la Reforma,U3,Horizontal,570,051,13
2025,Durango,Durango,U1,Horizontal,39,005,10
2025,Baja California Sur,Comondú,U3,Horizontal,8,001,03
2024,Guanajuato,Santa Cruz de Juventino Rosas,U3,Horizontal,354,035,11
2025,Tlaxcala,Xaloztoc,U1,Horizontal,3,039,29
2025,Hidalgo,Tepeji del Río de Ocampo,U2,Horizontal,6,063,13
2025,Zacatecas,Loreto,U2,Horizontal,4,024,32
2025,Aguascalientes,Jesús María,U3,Horizontal,434,005,01
2025,Jalisco,Tepatitlán de Morelos,U2,Horizontal,8,093,14
2025,Coahuila de Zaragoza,Matamoros,U2,Horizontal,39,017,05
2024,Puebla,Huejotzingo,U3,Horizontal,239,074,21
2024,Nuevo León,Monterrey,U2,Horizontal,9,039,19
2025,Yucatán,Kanasín,FC,Horizontal,301,041,31
2025,Chihuahua,Chihuahua,U3,Horizontal,1189,019,08
2024,Querétaro,San Juan del Río,U2,Vertical,8,016,22
2025,Tamaulipas,Victoria,FC,Horizontal,50,041,28
2024,Tamaulipas,Altamira,U2,Vertical,73,003,28
2024,Colima,Colima,U3,Horizontal,259,002,06
2024,Aguascalientes,Aguascalientes,U3,Vertical,34,001,01
2025,Ciudad de México,Cuauhtémoc,U1,Vertical,175,015,09
2024,Puebla,Huejotzingo,U3,Vertical,436,074,21
2025,México,Tecámac,U2,Horizontal,358,081,15
2025,Coahuila de Zaragoza,Saltillo,U3,Horizontal,460,030,05
2024,Tamaulipas,Nuevo Laredo,U1,Horizontal,186,027,28
2025,Puebla,Tehuacán,U2,Horizontal,280,156,21
2025,Sinaloa,Salvador Alvarado,U3,Horizontal,28,015,25
2025,Sonora,Cajeme,U3,Horizontal,448,018,26
2024,Hidalgo,Mineral de la Reforma,U3,Vertical,130,051,13
2024,Coahuila de Zaragoza,Nava,FC,Horizontal,71,022,05
2024,Tlaxcala,Yauhquemehcan,U2,Horizontal,4,043,29
2024,Jalisco,Zapopan,U2,Vertical,671,120,14
2025,Jalisco,San Pedro Tlaquepaque,U3,Horizontal,159,098,14
2024,Coahuila de Zaragoza,Monclova,U1,Horizontal,50,018,05
2025,Hidalgo,Tizayuca,U3,Horizontal,1466,069,13
2025,Michoacán de Ocampo,Hidalgo,U2,Horizontal,5,034,16
2025,Colima,Manzanillo,U3,Horizontal,59,007,06
2024,Tlaxcala,Chiautempan,U3,Horizontal,5,010,29
2025,Nayarit,Bahía de Banderas,U3,Vertical,621,020,18
2025,Baja California,Tijuana,FC,Horizontal,422,004,02
2025,Guanajuato,Silao de la Victoria,FC,Horizontal,24,037,11
2025,Durango,Gómez Palacio,U3,Horizontal,103,007,10
2025,Chihuahua,Juárez,U1,Horizontal,93,037,08
2025,Jalisco,Autlán de Navarro,U2,Horizontal,4,015,14
2025,Coahuila de Zaragoza,Nava,U3,Horizontal,282,022,05
2025,Coahuila de Zaragoza,Monclova,U1,Horizontal,42,018,05
2024,México,Zinacantepec,U3,Horizontal,50,118,15
2024,Aguascalientes,Pabellón de Arteaga,U3,Horizontal,32,006,01
2024,Morelos,Xochitepec,FC,Horizontal,47,028,17
2024,Quintana Roo,Tulum,FC,Vertical,1030,009,23
2024,Guanajuato,Apaseo el Alto,U2,Horizontal,2,004,11
2024,Michoacán de Ocampo,Morelia,U1,Horizontal,8,053,16
2024,Chiapas,Comitán de Domínguez,U2,Horizontal,6,019,07
2025,Tlaxcala,Santa Cruz Tlaxcala,U2,Vertical,48,026,29
2025,Guanajuato,San Miguel de Allende,U3,Horizontal,68,003,11
2025,Coahuila de Zaragoza,Ramos Arizpe,U3,Horizontal,339,027,05
2025,Michoacán de Ocampo,Morelia,FC,Horizontal,202,053,16
2025,Guanajuato,Uriangato,U3,Horizontal,303,041,11
2025,Sinaloa,Culiacán,U1,Horizontal,259,006,25
2024,Puebla,Coronango,U1,Vertical,144,034,21
2024,San Luis Potosí,San Luis Potosí,U3,Vertical,17,028,24
2024,Tamaulipas,Reynosa,U1,Horizontal,30,032,28
2025,Puebla,Atlixco,FC,Vertical,152,019,21
2024,Morelos,Xochitepec,FC,Vertical,3,028,17
2024,Tlaxcala,Cuapiaxtla,FC,Horizontal,2,008,29
2025,Querétaro,Pedro Escobedo,FC,Horizontal,15,012,22
2024,Chihuahua,Chihuahua,U3,Horizontal,1644,019,08
2024,Tabasco,Centro,FC,Horizontal,1,004,27
2024,Sinaloa,Salvador Alvarado,U3,Horizontal,80,015,25
2025,Tamaulipas,Nuevo Laredo,U2,Horizontal,172,027,28
2025,Aguascalientes,Aguascalientes,FC,Horizontal,7,001,01
2024,Puebla,Ocoyucan,FC,Horizontal,1,106,21
2024,Oaxaca,Oaxaca de Juárez,U2,Vertical,21,067,20
2024,Puebla,Atlixco,FC,Vertical,224,019,21
2024,Puebla,Chignautla,U3,Horizontal,1,054,21
2025,México,Calimaya,U3,Horizontal,177,018,15
2025,Chiapas,Tuxtla Gutiérrez,U2,Horizontal,22,101,07
2024,Guanajuato,San Miguel de Allende,FC,Horizontal,88,003,11
2025,Veracruz de Ignacio de la Llave,Medellín de Bravo,U3,Horizontal,298,105,30
2024,Jalisco,Tlajomulco de Zúñiga,U2,Horizontal,165,097,14
2024,Ciudad de México,Benito Juárez,U1,Vertical,3,014,09
2025,Quintana Roo,Othón P. Blanco,U3,Horizontal,199,004,23
2025,Michoacán de Ocampo,Morelia,FC,Vertical,480,053,16
2025,Tamaulipas,Victoria,U3,Horizontal,133,041,28
2025,Chiapas,Berriozábal,FC,Horizontal,18,012,07
2025,Nuevo León,Juárez,FC,Horizontal,1131,031,19
2025,México,Zinacantepec,U3,Horizontal,356,118,15
2025,Guerrero,Acapulco de Juárez,U2,Vertical,6,001,12
2024,Zacatecas,Fresnillo,U2,Horizontal,67,010,32
2025,Jalisco,Encarnación de Díaz,U2,Horizontal,51,035,14
2025,Baja California Sur,Comondú,U2,Horizontal,31,001,03
2025,Coahuila de Zaragoza,Acuña,U3,Horizontal,790,002,05
2025,Chiapas,Arriaga,U2,Horizontal,1,009,07
2024,Jalisco,Tepatitlán de Morelos,U2,Horizontal,3,093,14
2024,Baja California,Tijuana,U2,Horizontal,43,004,02
2024,Coahuila de Zaragoza,Francisco I. Madero,U2,Horizontal,8,009,05
2024,Veracruz de Ignacio de la Llave,Veracruz,FC,Horizontal,21,193,30
2024,Zacatecas,Jerez,U3,Horizontal,10,020,32
2025,Guanajuato,Irapuato,FC,Horizontal,181,017,11
2025,Yucatán,Umán,U1,Vertical,80,101,31
2024,México,Huehuetoca,U3,Horizontal,345,035,15
2025,Morelos,Tlayacapan,FC,Horizontal,82,026,17
2024,Aguascalientes,Calvillo,U3,Horizontal,7,003,01
2025,San Luis Potosí,Cerritos,U3,Horizontal,2,008,24
2025,Puebla,Chignahuapan,U3,Horizontal,2,053,21
2025,Tabasco,Centro,U3,Horizontal,1,004,27
2024,Jalisco,San Pedro Tlaquepaque,U2,Vertical,384,098,14
2025,Hidalgo,Zapotlán de Juárez,FC,Horizontal,205,082,13
2025,Puebla,San Martín Texmelucan,U3,Vertical,60,132,21
2025,Michoacán de Ocampo,La Piedad,U2,Vertical,15,069,16
2025,Jalisco,El Salto,U2,Horizontal,1,070,14
2025,Aguascalientes,Aguascalientes,U2,Horizontal,134,001,01
2024,Oaxaca,Santa María Atzompa,FC,Horizontal,61,399,20
2025,Querétaro,Corregidora,FC,Horizontal,4,006,22
2024,Yucatán,Kanasín,U2,Horizontal,76,041,31
2024,Jalisco,Colotlán,FC,Horizontal,1,025,14
2025,Guerrero,Iguala de la Independencia,U2,Horizontal,47,035,12
2024,Aguascalientes,Rincón de Romos,U3,Horizontal,1,007,01
2024,Guerrero,Acapulco de Juárez,U2,Vertical,24,001,12
2025,Ciudad de México,Gustavo A. Madero,U1,Vertical,107,005,09
2024,México,Zumpango,FC,Vertical,810,120,15
2024,Chiapas,Arriaga,U1,Horizontal,3,009,07
2024,Nayarit,Bahía de Banderas,U2,Vertical,36,020,18
2024,Jalisco,Tlajomulco de Zúñiga,FC,Vertical,12,097,14
2024,Baja California,Mexicali,U1,Horizontal,86,002,02
2025,Sinaloa,Mazatlán,FC,Horizontal,13,012,25
2024,Tlaxcala,Xaloztoc,U1,Horizontal,3,039,29
2025,Veracruz de Ignacio de la Llave,Naranjos Amatlán,U2,Horizontal,8,013,30
2025,Quintana Roo,Solidaridad,U3,Horizontal,412,008,23
2025,Chihuahua,Juárez,U2,Horizontal,2254,037,08
2025,Jalisco,Tonalá,U2,Horizontal,156,101,14
2025,Michoacán de Ocampo,Morelia,U1,Vertical,8,053,16
2025,Guerrero,Iguala de la Independencia,U2,Vertical,17,035,12
2024,Coahuila de Zaragoza,Sacramento,FC,Horizontal,10,029,05
2024,Zacatecas,Río Grande,U2,Horizontal,6,039,32
2024,Michoacán de Ocampo,Zinapécuaro,U3,Horizontal,1,110,16
2024,México,Zumpango,FC,Horizontal,320,120,15
2024,Veracruz de Ignacio de la Llave,Naranjos Amatlán,U2,Horizontal,6,013,30
2025,Baja California,Mexicali,U2,Vertical,42,002,02
2025,Michoacán de Ocampo,Puruándiro,U2,Horizontal,4,071,16
2025,Puebla,Ocoyucan,U3,Horizontal,3,106,21
2025,Guerrero,Ometepec,FC,Horizontal,2,046,12
2025,Hidalgo,Pachuca de Soto,U3,Horizontal,125,048,13
2024,Michoacán de Ocampo,Morelia,FC,Horizontal,29,053,16
2024,Guanajuato,Dolores Hidalgo Cuna de la Independencia Nacional,FC,Horizontal,12,014,11
2024,Guanajuato,San Miguel de Allende,U3,Horizontal,125,003,11
2024,Coahuila de Zaragoza,Torreón,U1,Horizontal,50,035,05
2024,Hidalgo,Mineral de la Reforma,FC,Horizontal,85,051,13
2024,México,Acolman,U3,Vertical,12,002,15
2025,Guanajuato,Salamanca,FC,Horizontal,265,027,11
2025,Sonora,Hermosillo,FC,Horizontal,38,030,26
2024,Nayarit,Tepic,U2,Horizontal,14,017,18
2024,Jalisco,Zapopan,U3,Vertical,48,120,14
2025,Chiapas,Tapachula,U1,Horizontal,24,089,07
2024,Tlaxcala,La Magdalena Tlaltelulco,U2,Horizontal,2,048,29
2025,Guerrero,Taxco de Alarcón,U3,Vertical,2,055,12
2024,Chiapas,Comitán de Domínguez,U3,Horizontal,56,019,07
2025,Nayarit,Bahía de Banderas,FC,Vertical,214,020,18
2024,Veracruz de Ignacio de la Llave,Veracruz,U3,Horizontal,746,193,30
2024,Colima,Comala,U3,Horizontal,3,003,06
2024,Zacatecas,Calera,U3,Horizontal,100,005,32
2025,Coahuila de Zaragoza,Múzquiz,U3,Horizontal,14,020,05
2024,Quintana Roo,Tulum,FC,Horizontal,552,009,23
2025,San Luis Potosí,Villa de Pozos,U3,Vertical,5,059,24
2024,Puebla,Puebla,U3,Vertical,276,114,21
2025,Jalisco,Tlajomulco de Zúñiga,U2,Vertical,42,097,14
2024,Veracruz de Ignacio de la Llave,Veracruz,U2,Horizontal,119,193,30
2024,Veracruz de Ignacio de la Llave,Tuxpan,U2,Horizontal,13,189,30
2024,Michoacán de Ocampo,Zamora,FC,Horizontal,8,108,16
2024,Michoacán de Ocampo,Apatzingán,U2,Horizontal,18,006,16
2025,Guerrero,Taxco de Alarcón,FC,Vertical,4,055,12
2024,Hidalgo,Zapotlán de Juárez,FC,Horizontal,19,082,13
2024,Jalisco,Atotonilco el Alto,U3,Vertical,80,013,14
2024,Veracruz de Ignacio de la Llave,Boca del Río,FC,Horizontal,41,028,30
2025,Tabasco,Centro,FC,Horizontal,2,004,27
2025,Sonora,Guaymas,U3,Horizontal,118,029,26
2024,Nayarit,Xalisco,U3,Horizontal,1,008,18
2024,Querétaro,San Juan del Río,FC,Horizontal,83,016,22
2025,Michoacán de Ocampo,Pátzcuaro,FC,Horizontal,8,066,16
2025,Jalisco,San Pedro Tlaquepaque,U2,Horizontal,140,098,14
2025,Sinaloa,Mazatlán,U2,Horizontal,23,012,25
2024,Puebla,Chignahuapan,U2,Horizontal,1,053,21
2025,Sonora,Agua Prieta,U3,Horizontal,309,002,26
2025,Ciudad de México,Azcapotzalco,U1,Vertical,269,002,09
2024,Michoacán de Ocampo,Hidalgo,FC,Horizontal,3,034,16
2024,Ciudad de México,Azcapotzalco,U1,Vertical,40,002,09
2025,Tlaxcala,Santa Cruz Tlaxcala,U3,Horizontal,2,026,29
2024,Guanajuato,Celaya,U2,Horizontal,28,007,11
2025,Chiapas,Tuxtla Gutiérrez,U1,Horizontal,16,101,07
2024,Tamaulipas,Victoria,U2,Horizontal,16,041,28
2024,Tabasco,Centro,FC,Vertical,80,004,27
2025,Tamaulipas,Victoria,U2,Horizontal,39,041,28
2025,Durango,Lerdo,U2,Horizontal,13,012,10
2024,Puebla,Tehuacán,U2,Vertical,4,156,21
2024,Tamaulipas,Reynosa,FC,Horizontal,1521,032,28
2025,Sinaloa,Mazatlán,U3,Horizontal,527,012,25
2024,Tlaxcala,Tzompantepec,U2,Horizontal,11,038,29
2024,México,Nextlalpan,U3,Horizontal,78,059,15
2025,Sinaloa,Culiacán,FC,Horizontal,117,006,25
2025,Guerrero,Zihuatanejo de Azueta,U3,Horizontal,8,038,12
2025,Chiapas,Tonalá,FC,Horizontal,84,097,07
2025,Chiapas,Tapachula,U2,Horizontal,44,089,07
2025,Tamaulipas,Miguel Alemán,U2,Horizontal,10,025,28
2024,Nuevo León,El Carmen,U3,Horizontal,684,010,19
2024,México,Atlacomulco,FC,Horizontal,6,014,15
2024,Coahuila de Zaragoza,Sabinas,U3,Horizontal,10,028,05
2024,Baja California Sur,Los Cabos,U3,Horizontal,23,008,03
2025,Sonora,Cananea,U2,Horizontal,4,019,26
2024,Puebla,Tehuacán,U1,Horizontal,60,156,21
2025,Nuevo León,Apodaca,FC,Horizontal,333,006,19
2025,Puebla,Tianguismanalco,FC,Horizontal,106,175,21
2024,Sinaloa,Mazatlán,FC,Horizontal,14,012,25
2025,Aguascalientes,Jesús María,U2,Horizontal,16,005,01
2024,México,Toluca,U1,Horizontal,10,106,15
2025,Puebla,Chignautla,U2,Horizontal,2,054,21
2025,Guanajuato,Apaseo el Grande,FC,Vertical,20,005,11
2025,Nuevo León,San Nicolás de los Garza,U2,Horizontal,3,046,19
2025,Tamaulipas,Matamoros,U3,Horizontal,766,022,28
2025,Nuevo León,Apodaca,U1,Horizontal,62,006,19
2024,México,Otzolotepec,FC,Horizontal,176,067,15
2024,Coahuila de Zaragoza,Torreón,U3,Horizontal,382,035,05
2024,Coahuila de Zaragoza,San Juan de Sabinas,U2,Horizontal,7,032,05
2024,Baja California,Mexicali,FC,Horizontal,2,002,02
2025,Veracruz de Ignacio de la Llave,Xalapa,U3,Vertical,7,087,30
2024,Tamaulipas,Tampico,U2,Vertical,5,038,28
2024,Morelos,Jiutepec,U1,Horizontal,70,011,17
2024,Jalisco,San Pedro Tlaquepaque,U3,Vertical,263,098,14
2025,Oaxaca,Santa María Huatulco,U3,Vertical,98,413,20
2025,Veracruz de Ignacio de la Llave,Boca del Río,FC,Horizontal,18,028,30
2024,Chihuahua,Guachochi,FC,Horizontal,28,027,08
2024,México,Huehuetoca,U3,Vertical,194,035,15
2024,Jalisco,Tlajomulco de Zúñiga,U3,Horizontal,342,097,14
2025,Tlaxcala,Xaloztoc,U1,Vertical,12,039,29
2024,Tamaulipas,El Mante,U2,Horizontal,8,021,28
2024,Zacatecas,Guadalupe,U3,Vertical,3,017,32
2024,Tlaxcala,Tzompantepec,U3,Vertical,3,038,29
2025,Zacatecas,Zacatecas,FC,Horizontal,4,056,32
2025,Jalisco,El Salto,FC,Horizontal,174,070,14
2024,Jalisco,El Salto,U2,Vertical,2,070,14
2025,México,Nextlalpan,U3,Horizontal,7,059,15
2025,Chihuahua,Juárez,U3,Horizontal,1131,037,08
2025,Ciudad de México,Gustavo A. Madero,U2,Vertical,100,005,09
2024,San Luis Potosí,Soledad de Graciano Sánchez,U2,Horizontal,216,035,24
2025,Nuevo León,Salinas Victoria,U3,Horizontal,1215,045,19
2025,Baja California,Tijuana,U2,Vertical,136,004,02
2025,Baja California Sur,Comondú,U1,Horizontal,1,001,03
2025,Coahuila de Zaragoza,Allende,U2,Horizontal,91,003,05
2024,Chiapas,Berriozábal,U1,Horizontal,4,012,07
2025,Veracruz de Ignacio de la Llave,Córdoba,FC,Horizontal,32,044,30
2024,Baja California,Ensenada,U3,Horizontal,161,001,02
2025,Hidalgo,Tulancingo de Bravo,U1,Horizontal,1,077,13
2025,Yucatán,Mérida,U3,Horizontal,2214,050,31
2024,Querétaro,Corregidora,FC,Horizontal,19,006,22
2025,Durango,Durango,U3,Horizontal,518,005,10
2024,México,Calimaya,FC,Horizontal,2,018,15
2024,Chihuahua,Juárez,U1,Horizontal,85,037,08
2024,Aguascalientes,Jesús María,FC,Horizontal,53,005,01
2025,Zacatecas,Fresnillo,U1,Horizontal,2,010,32
2025,Coahuila de Zaragoza,San Pedro,U1,Horizontal,98,033,05
2024,Guanajuato,Apaseo el Grande,FC,Horizontal,113,005,11
2025,México,Tecámac,U2,Vertical,426,081,15
2024,Ciudad de México,Iztacalco,U2,Vertical,4,006,09
2024,Coahuila de Zaragoza,Saltillo,U1,Horizontal,146,030,05
2025,Tamaulipas,Altamira,U2,Horizontal,100,003,28
2024,Nuevo León,Cadereyta Jiménez,FC,Horizontal,249,009,19
2025,San Luis Potosí,Villa de Pozos,U2,Horizontal,6,059,24
2025,Puebla,Tehuacán,U2,Vertical,46,156,21
2024,Hidalgo,Zempoala,FC,Vertical,78,083,13
2024,Nuevo León,General Escobedo,U3,Horizontal,587,021,19
2024,Puebla,Cuautlancingo,U1,Vertical,204,041,21
2025,Tlaxcala,Tetla de la Solidaridad,U2,Horizontal,6,031,29
2025,Coahuila de Zaragoza,Nava,U2,Horizontal,11,022,05
2024,Guanajuato,San José Iturbide,U2,Horizontal,20,032,11
2024,Chiapas,Tapachula,U3,Horizontal,28,089,07
2024,Tabasco,Nacajuca,U3,Vertical,224,013,27
2024,Chiapas,Tuxtla Gutiérrez,FC,Horizontal,9,101,07
2024,Jalisco,Tonalá,U3,Vertical,60,101,14
2024,Chihuahua,Delicias,U2,Horizontal,2,021,08
2025,Tamaulipas,Reynosa,U2,Horizontal,124,032,28
2024,Guanajuato,Irapuato,FC,Horizontal,130,017,11
2024,Jalisco,Ixtlahuacán de los Membrillos,U3,Horizontal,25,044,14
2024,México,Almoloya de Juárez,U3,Horizontal,40,005,15
2025,Tamaulipas,Nuevo Laredo,U3,Horizontal,313,027,28
2024,Michoacán de Ocampo,Morelia,U2,Horizontal,62,053,16
2025,Zacatecas,Ojocaliente,U3,Horizontal,1,036,32
2024,Jalisco,Ameca,U3,Horizontal,1,006,14
2024,Jalisco,El Salto,FC,Horizontal,312,070,14
2024,Guerrero,Iguala de la Independencia,U1,Vertical,39,035,12
2024,Coahuila de Zaragoza,San Pedro,U3,Horizontal,55,033,05
2025,Sonora,Navojoa,U2,Horizontal,111,042,26
2025,Querétaro,San Juan del Río,U3,Horizontal,197,016,22
2025,Colima,Villa de Álvarez,U2,Horizontal,40,010,06
2025,Puebla,Amozoc,U3,Horizontal,44,015,21
2025,Puebla,Cuautlancingo,U3,Horizontal,265,041,21
2025,Jalisco,Tepatitlán de Morelos,FC,Horizontal,32,093,14
2024,Guanajuato,Uriangato,U3,Horizontal,209,041,11
2025,Yucatán,Mérida,U2,Horizontal,170,050,31
2024,Hidalgo,Villa de Tezontepec,FC,Horizontal,6,066,13
2025,Jalisco,Guadalajara,U1,Vertical,35,039,14
2025,Sinaloa,Navolato,FC,Vertical,1,018,25
2024,Michoacán de Ocampo,Morelia,U2,Vertical,11,053,16
2025,Nuevo León,General Zuazua,U3,Horizontal,71,025,19
2025,Veracruz de Ignacio de la Llave,Medellín de Bravo,U2,Horizontal,152,105,30
2024,Puebla,Tehuacán,U2,Horizontal,73,156,21
2025,Michoacán de Ocampo,Uruapan,U2,Horizontal,1,102,16
2024,Sinaloa,Culiacán,U3,Horizontal,678,006,25
2025,Tamaulipas,Tampico,U1,Vertical,32,038,28
2025,México,Acolman,U3,Horizontal,189,002,15
2025,Veracruz de Ignacio de la Llave,Medellín de Bravo,U3,Vertical,912,105,30
2024,Coahuila de Zaragoza,Saltillo,U1,Vertical,240,030,05
2024,Jalisco,Tonalá,U2,Vertical,863,101,14
2025,Coahuila de Zaragoza,Parras,U2,Horizontal,141,024,05
2025,Puebla,Izúcar de Matamoros,U2,Horizontal,3,085,21
2024,Coahuila de Zaragoza,Acuña,U1,Horizontal,95,002,05
2025,México,Tecámac,U1,Horizontal,35,081,15
2024,Guanajuato,Moroleón,FC,Horizontal,31,021,11
2025,Nuevo León,El Carmen,U2,Horizontal,3,010,19
2025,San Luis Potosí,Soledad de Graciano Sánchez,U3,Vertical,74,035,24
2025,Veracruz de Ignacio de la Llave,Veracruz,U2,Vertical,65,193,30
2024,Jalisco,El Salto,U2,Horizontal,13,070,14
2025,Tlaxcala,Calpulalpan,U2,Horizontal,12,006,29
2024,Chihuahua,Chihuahua,FC,Horizontal,56,019,08
2025,Zacatecas,Morelos,FC,Horizontal,2,032,32
2025,Jalisco,San Pedro Tlaquepaque,U2,Vertical,656,098,14
2024,Durango,Gómez Palacio,U2,Horizontal,290,007,10
2025,Guanajuato,Celaya,FC,Horizontal,7,007,11
2025,Tlaxcala,Tzompantepec,FC,Vertical,6,038,29
2025,Morelos,Yecapixtla,U3,Horizontal,1,030,17
2024,Veracruz de Ignacio de la Llave,Córdoba,FC,Horizontal,8,044,30
2024,Puebla,Coronango,U3,Horizontal,57,034,21
2025,Quintana Roo,Solidaridad,FC,Horizontal,192,008,23
2025,Yucatán,Mérida,U1,Horizontal,140,050,31
2025,Michoacán de Ocampo,La Piedad,U3,Horizontal,6,069,16
2025,Zacatecas,Loreto,FC,Horizontal,1,024,32
2024,Coahuila de Zaragoza,Francisco I. Madero,U3,Horizontal,70,009,05
2024,México,Nextlalpan,U3,Vertical,64,059,15
2025,Nuevo León,Cadereyta Jiménez,U2,Horizontal,219,009,19
2025,Nuevo León,Salinas Victoria,U2,Horizontal,136,045,19
2024,Hidalgo,Apan,U2,Horizontal,1,008,13
2024,Chihuahua,Delicias,U3,Horizontal,116,021,08
2024,Yucatán,Ucú,U3,Horizontal,61,100,31
2024,Jalisco,Zapotlán el Grande,U2,Vertical,16,023,14
2024,Veracruz de Ignacio de la Llave,Tlalnelhuayocan,U3,Horizontal,1,182,30
2024,Coahuila de Zaragoza,Monclova,U3,Horizontal,5,018,05
2024,Veracruz de Ignacio de la Llave,Ixtaczoquitlán,U3,Vertical,190,085,30
2025,Guanajuato,Villagrán,FC,Horizontal,170,044,11
2025,Yucatán,Mérida,FC,Horizontal,485,050,31
2025,Yucatán,Motul,U2,Horizontal,19,052,31
2024,México,Tecámac,U3,Vertical,522,081,15
2024,Hidalgo,Pachuca de Soto,U3,Horizontal,180,048,13
2025,Michoacán de Ocampo,Sahuayo,FC,Horizontal,20,076,16
2025,Tamaulipas,Ciudad Madero,U2,Horizontal,1,009,28
2024,Ciudad de México,Cuauhtémoc,U1,Vertical,262,015,09
2024,Quintana Roo,Benito Juárez,U3,Vertical,2531,005,23
2025,Baja California Sur,La Paz,FC,Horizontal,25,003,03
2024,Puebla,Tianguismanalco,FC,Horizontal,62,175,21
2025,Hidalgo,Cuautepec de Hinojosa,U3,Horizontal,50,016,13
2024,Yucatán,Mérida,U2,Horizontal,71,050,31
2025,Quintana Roo,Benito Juárez,U3,Horizontal,2151,005,23
2025,Coahuila de Zaragoza,Acuña,U1,Horizontal,160,002,05
2025,México,Zinacantepec,U3,Vertical,70,118,15
2024,Colima,Tecomán,U3,Horizontal,19,009,06
2025,Morelos,Emiliano Zapata,U3,Vertical,137,008,17
2025,Nuevo León,Apodaca,U2,Horizontal,88,006,19
2024,Hidalgo,Apan,U3,Horizontal,7,008,13
2025,Zacatecas,Villanueva,FC,Horizontal,4,055,32
2025,Puebla,Ocoyucan,FC,Vertical,49,106,21
2024,México,Ixtapaluca,FC,Horizontal,3,039,15
2025,Querétaro,San Juan del Río,U2,Vertical,24,016,22
2025,Michoacán de Ocampo,Apatzingán,U3,Horizontal,9,006,16
2024,Zacatecas,Zacatecas,U2,Horizontal,8,056,32
2024,Puebla,Amozoc,U3,Horizontal,52,015,21
2024,México,Tecámac,U2,Vertical,293,081,15
2025,Michoacán de Ocampo,Tarímbaro,U3,Vertical,264,088,16
2024,Tlaxcala,Yauhquemehcan,U3,Horizontal,1,043,29
2024,Sonora,San Luis Río Colorado,U3,Horizontal,146,055,26
2024,Durango,Gómez Palacio,U3,Horizontal,50,007,10
2024,Aguascalientes,Rincón de Romos,U2,Horizontal,13,007,01
2024,Quintana Roo,Cozumel,U3,Horizontal,169,001,23
2024,Sinaloa,Mazatlán,U2,Vertical,16,012,25
2025,Veracruz de Ignacio de la Llave,Pueblo Viejo,U1,Horizontal,2,133,30
2025,Zacatecas,Calera,U2,Horizontal,5,005,32
2025,Chiapas,Ocozocoautla de Espinosa,U2,Horizontal,1,061,07
2025,Veracruz de Ignacio de la Llave,San Rafael,FC,Horizontal,7,211,30
2025,Guanajuato,Irapuato,FC,Vertical,272,017,11
2024,Hidalgo,Tizayuca,FC,Horizontal,788,069,13
2025,Michoacán de Ocampo,La Piedad,U2,Horizontal,223,069,16
2025,Michoacán de Ocampo,Zamora,U2,Vertical,40,108,16
2024,Jalisco,Lagos de Moreno,U3,Horizontal,94,053,14
2025,Sonora,Caborca,U2,Horizontal,11,017,26
2025,Hidalgo,Pachuca de Soto,FC,Horizontal,145,048,13
2024,Chihuahua,Hidalgo del Parral,U1,Horizontal,55,032,08
2025,Puebla,Cuautlancingo,U1,Horizontal,134,041,21
2024,Chiapas,Tuxtla Gutiérrez,U3,Horizontal,4,101,07
2024,Hidalgo,Zempoala,FC,Horizontal,738,083,13
2024,Puebla,Huejotzingo,U2,Vertical,27,074,21
2024,Sinaloa,Culiacán,FC,Horizontal,21,006,25
2024,Tlaxcala,Huamantla,U2,Vertical,42,013,29
2024,Nayarit,Bahía de Banderas,U3,Vertical,568,020,18
2024,Jalisco,San Pedro Tlaquepaque,U1,Horizontal,15,098,14
2025,Coahuila de Zaragoza,San Juan de Sabinas,U3,Horizontal,37,032,05
2025,Chihuahua,Aldama,U2,Horizontal,20,002,08
2025,Coahuila de Zaragoza,Saltillo,U3,Vertical,114,030,05
2025,Coahuila de Zaragoza,Francisco I. Madero,U1,Horizontal,206,009,05
2025,Chiapas,Tuxtla Gutiérrez,U1,Vertical,30,101,07
2024,Baja California,Tijuana,U2,Vertical,24,004,02
2025,Jalisco,Tlajomulco de Zúñiga,U3,Horizontal,536,097,14
2025,México,Otzolotepec,FC,Vertical,37,067,15
2024,Coahuila de Zaragoza,Acuña,U3,Horizontal,612,002,05
2025,Nuevo León,Apodaca,U3,Horizontal,208,006,19
2024,Jalisco,Tonalá,U3,Horizontal,360,101,14
2025,Sonora,Cajeme,U1,Horizontal,41,018,26
2024,Aguascalientes,San Francisco de los Romo,FC,Horizontal,75,011,01
2024,Coahuila de Zaragoza,Múzquiz,U3,Horizontal,64,020,05
2024,Guanajuato,Pénjamo,U1,Horizontal,15,023,11
2024,Nuevo León,Ciénega de Flores,U3,Horizontal,566,012,19
2024,Yucatán,Mérida,U1,Horizontal,139,050,31
2024,Guanajuato,Irapuato,U1,Horizontal,153,017,11
2024,Baja California,Tijuana,FC,Horizontal,382,004,02
2024,Hidalgo,Mineral de la Reforma,U2,Vertical,35,051,13
2025,Coahuila de Zaragoza,San Pedro,U2,Horizontal,54,033,05
2024,Jalisco,San Pedro Tlaquepaque,U2,Horizontal,228,098,14
2025,Sonora,Nogales,U2,Horizontal,3,043,26
2024,Nuevo León,Sabinas Hidalgo,U2,Horizontal,4,044,19
2024,Tlaxcala,Huamantla,U2,Horizontal,21,013,29
2024,Coahuila de Zaragoza,Allende,U2,Horizontal,84,003,05
2025,Sinaloa,Navolato,U2,Horizontal,19,018,25
2024,Zacatecas,Fresnillo,U1,Horizontal,2,010,32
2025,Jalisco,Tonalá,FC,Horizontal,791,101,14
2024,Guanajuato,León,U3,Vertical,430,020,11
2024,Quintana Roo,Solidaridad,U3,Vertical,1328,008,23
2025,México,Zumpango,FC,Vertical,1302,120,15
2024,Yucatán,Umán,U3,Horizontal,896,101,31
2025,San Luis Potosí,San Luis Potosí,U3,Vertical,30,028,24
2025,Coahuila de Zaragoza,Morelos,FC,Horizontal,3,019,05
2025,Hidalgo,Tolcayuca,FC,Horizontal,28,075,13
2025,Guanajuato,San Luis de la Paz,U3,Horizontal,608,033,11
2024,Colima,Villa de Álvarez,U2,Horizontal,102,010,06
2025,México,Tecámac,U3,Horizontal,465,081,15
2025,Morelos,Xochitepec,U3,Horizontal,11,028,17
2024,Guanajuato,San Felipe,U3,Horizontal,62,030,11
2025,Jalisco,Zapopan,U3,Horizontal,326,120,14
2025,Jalisco,Tlajomulco de Zúñiga,U3,Vertical,3223,097,14
2025,México,Zumpango,FC,Horizontal,377,120,15
2024,Nayarit,Tepic,U2,Vertical,39,017,18
2024,Nuevo León,Apodaca,U3,Horizontal,264,006,19
2024,Durango,Durango,U1,Horizontal,47,005,10
2024,Zacatecas,Jerez,U1,Horizontal,1,020,32
2025,Baja California,Tijuana,U1,Horizontal,21,004,02
2024,Quintana Roo,Benito Juárez,FC,Vertical,480,005,23
2025,Nuevo León,Pesquería,U3,Horizontal,1050,041,19
2024,Coahuila de Zaragoza,San Juan de Sabinas,U3,Horizontal,84,032,05
2024,Veracruz de Ignacio de la Llave,Medellín de Bravo,U3,Vertical,584,105,30
2025,México,Cuautitlán,U2,Horizontal,14,024,15
2024,Zacatecas,Loreto,U1,Horizontal,3,024,32
2024,Tabasco,Huimanguillo,U3,Vertical,32,008,27
2024,Nuevo León,Pesquería,FC,Horizontal,586,041,19
2025,Michoacán de Ocampo,Morelia,U3,Vertical,527,053,16
2025,Michoacán de Ocampo,Zitácuaro,U1,Horizontal,1,112,16
2025,Chihuahua,Bocoyna,FC,Horizontal,5,009,08
2025,Puebla,Coronango,U3,Horizontal,134,034,21
2025,Tlaxcala,Huamantla,U2,Horizontal,30,013,29
2024,Nuevo León,Juárez,U2,Horizontal,626,031,19
2024,Sonora,Agua Prieta,U3,Horizontal,356,002,26
2024,Jalisco,Puerto Vallarta,FC,Vertical,256,067,14
2024,Nuevo León,Juárez,FC,Horizontal,472,031,19
2024,Tlaxcala,Tlaxco,U3,Vertical,12,034,29
2025,Jalisco,Tala,U1,Horizontal,13,083,14
2024,Morelos,Jojutla,FC,Vertical,3,012,17
2024,Durango,Durango,U3,Horizontal,438,005,10
2025,Zacatecas,Guadalupe,U2,Horizontal,35,017,32
2024,Aguascalientes,San Francisco de los Romo,FC,Vertical,18,011,01
2025,Sonora,San Luis Río Colorado,U3,Horizontal,95,055,26
2025,Nuevo León,El Carmen,U3,Horizontal,1043,010,19
2024,Chihuahua,Camargo,U1,Horizontal,1,011,08
2025,Puebla,Tehuacán,U3,Vertical,9,156,21
2024,Morelos,Emiliano Zapata,U3,Vertical,17,008,17
2024,Zacatecas,Morelos,FC,Horizontal,1,032,32
2024,Hidalgo,Atotonilco de Tula,FC,Horizontal,366,013,13
2025,Ciudad de México,Miguel Hidalgo,U1,Vertical,48,016,09
2025,Nayarit,Xalisco,U1,Horizontal,8,008,18
2024,Zacatecas,Fresnillo,U3,Horizontal,7,010,32
2024,Quintana Roo,Solidaridad,U3,Horizontal,385,008,23
2025,Quintana Roo,Cozumel,U3,Horizontal,149,001,23
2025,Jalisco,Ixtlahuacán de los Membrillos,U3,Vertical,48,044,14
2024,México,Almoloya de Juárez,U2,Horizontal,4,005,15
2024,Aguascalientes,San Francisco de los Romo,U1,Horizontal,4,011,01
2024,Quintana Roo,Solidaridad,U2,Horizontal,124,008,23
2024,Chiapas,Berriozábal,U3,Horizontal,12,012,07
2025,México,Otzolotepec,FC,Horizontal,207,067,15
2024,Tlaxcala,Chiautempan,U2,Horizontal,4,010,29
2024,Puebla,Tehuacán,U3,Vertical,6,156,21
2025,Ciudad de México,Cuauhtémoc,U2,Vertical,23,015,09
2025,Michoacán de Ocampo,Lázaro Cárdenas,U2,Horizontal,4,052,16
2024,Nuevo León,General Zuazua,U3,Horizontal,40,025,19
2024,Guanajuato,Moroleón,U3,Horizontal,6,021,11
2025,Baja California,Tijuana,FC,Vertical,995,004,02
2025,San Luis Potosí,Rioverde,U2,Horizontal,7,024,24
2024,Coahuila de Zaragoza,San Buenaventura,U2,Horizontal,39,031,05
2024,Chiapas,Tuxtla Gutiérrez,U2,Vertical,47,101,07
2025,Puebla,Chignahuapan,FC,Horizontal,1,053,21
2024,Tamaulipas,Victoria,U3,Horizontal,90,041,28
2024,Yucatán,Kanasín,U1,Horizontal,1,041,31
2025,Veracruz de Ignacio de la Llave,Emiliano Zapata,U3,Vertical,181,065,30
2024,Hidalgo,Tulancingo de Bravo,U1,Horizontal,10,077,13
2024,Baja California,Tijuana,U1,Vertical,1,004,02
2024,Michoacán de Ocampo,Apatzingán,U3,Horizontal,13,006,16
2024,Sonora,Huatabampo,FC,Horizontal,22,033,26
2025,Durango,Lerdo,U1,Horizontal,37,012,10
2024,Guanajuato,Apaseo el Grande,U3,Vertical,720,005,11
2024,México,Tianguistenco,U3,Horizontal,32,101,15
2025,Coahuila de Zaragoza,Saltillo,U2,Vertical,360,030,05
2024,Nuevo León,Apodaca,U1,Horizontal,7,006,19
2024,Sonora,Huatabampo,U3,Horizontal,46,033,26
2025,Morelos,Emiliano Zapata,U1,Horizontal,44,008,17
2025,Durango,Gómez Palacio,U1,Horizontal,3,007,10
2025,Tlaxcala,Tzompantepec,U3,Vertical,8,038,29
2024,Hidalgo,Huichapan,FC,Horizontal,3,029,13
2024,Michoacán de Ocampo,Hidalgo,U2,Horizontal,5,034,16
2024,Aguascalientes,Jesús María,U3,Horizontal,357,005,01
2024,Veracruz de Ignacio de la Llave,Fortín,U2,Horizontal,2,068,30
2025,Hidalgo,Zempoala,FC,Vertical,40,083,13
2025,Michoacán de Ocampo,Sahuayo,U1,Horizontal,6,076,16
2025,Morelos,Yautepec,U2,Vertical,78,029,17
2024,Sinaloa,Mazatlán,U1,Horizontal,3,012,25
2025,Chihuahua,Jiménez,U1,Horizontal,10,036,08
2025,Chihuahua,Ojinaga,U3,Horizontal,11,052,08
2025,Guanajuato,Salamanca,U3,Horizontal,97,027,11
2025,San Luis Potosí,Matehuala,U2,Horizontal,3,020,24
2025,Querétaro,Querétaro,U2,Horizontal,34,014,22
2025,México,Chalco,U3,Horizontal,578,025,15
2025,Morelos,Emiliano Zapata,U3,Horizontal,216,008,17
2025,Sonora,San Luis Río Colorado,U2,Horizontal,233,055,26
2025,Jalisco,Zapotiltic,U2,Horizontal,2,121,14
2024,Coahuila de Zaragoza,Cuatro Ciénegas,FC,Horizontal,1,007,05
2025,Colima,Manzanillo,U2,Horizontal,2,007,06
2024,Chiapas,Tonalá,FC,Horizontal,92,097,07
2025,Sinaloa,Salvador Alvarado,U2,Horizontal,13,015,25
2025,Jalisco,Tepatitlán de Morelos,U3,Horizontal,34,093,14
2025,Chihuahua,Delicias,U3,Horizontal,208,021,08
2024,México,Otzolotepec,FC,Vertical,200,067,15
2025,Quintana Roo,Solidaridad,U3,Vertical,1489,008,23
2024,Yucatán,Kanasín,U3,Vertical,48,041,31
2025,Guanajuato,Irapuato,U3,Horizontal,59,017,11
2024,Querétaro,El Marqués,U3,Horizontal,868,011,22
2024,Guerrero,Zihuatanejo de Azueta,FC,Horizontal,11,038,12
2024,Nuevo León,Salinas Victoria,FC,Horizontal,855,045,19
2024,Baja California,Tijuana,U3,Vertical,727,004,02
2025,Zacatecas,Jerez,U3,Horizontal,2,020,32
2024,Oaxaca,Santa Cruz Xoxocotlán,U3,Vertical,48,385,20
2024,México,Tecámac,U1,Horizontal,53,081,15
2025,Hidalgo,Zempoala,U3,Horizontal,52,083,13
2025,Colima,Cuauhtémoc,FC,Horizontal,52,005,06
2025,Durango,Durango,U1,Vertical,20,005,10
2025,Michoacán de Ocampo,Zamora,U2,Horizontal,12,108,16
2025,Michoacán de Ocampo,Morelia,U3,Horizontal,479,053,16
2024,Sinaloa,Culiacán,U2,Vertical,35,006,25
2025,Coahuila de Zaragoza,Cuatro Ciénegas,FC,Horizontal,2,007,05
2025,México,Ixtapaluca,FC,Vertical,261,039,15
2024,Chiapas,Tapachula,U2,Vertical,19,089,07
2025,Quintana Roo,Benito Juárez,U3,Vertical,3088,005,23
2025,Jalisco,Zapotiltic,U2,Vertical,3,121,14
2025,Guanajuato,León,U2,Vertical,312,020,11
2025,Coahuila de Zaragoza,Matamoros,U3,Horizontal,190,017,05
2025,Coahuila de Zaragoza,Saltillo,U1,Horizontal,45,030,05
2024,Tlaxcala,Calpulalpan,U2,Horizontal,10,006,29
2024,Baja California Sur,Comondú,U2,Horizontal,9,001,03
2024,Puebla,Cuautlancingo,U3,Vertical,199,041,21
2024,Coahuila de Zaragoza,Piedras Negras,U1,Horizontal,121,025,05
2025,Jalisco,Tonalá,U3,Vertical,224,101,14
2025,Nuevo León,Cadereyta Jiménez,FC,Horizontal,98,009,19
2025,Michoacán de Ocampo,Lázaro Cárdenas,U3,Horizontal,78,052,16
2025,Puebla,Ocoyucan,U3,Vertical,2,106,21
2024,Nuevo León,García,U3,Horizontal,2396,018,19
2025,San Luis Potosí,Tamuín,U2,Horizontal,2,040,24
2025,Puebla,Cuautlancingo,U1,Vertical,175,041,21
2025,Michoacán de Ocampo,Pátzcuaro,U2,Horizontal,1,066,16
2025,Jalisco,Zapotlán el Grande,U3,Horizontal,48,023,14
2024,Oaxaca,San Juan Bautista Tuxtepec,U2,Vertical,8,184,20
2025,Tlaxcala,Tlaxcala,U2,Vertical,6,033,29
2025,Oaxaca,Santa María Huatulco,U2,Vertical,58,413,20
2025,Michoacán de Ocampo,Zitácuaro,U2,Horizontal,1,112,16
2024,Coahuila de Zaragoza,Piedras Negras,U3,Horizontal,370,025,05
2025,Puebla,Amozoc,U2,Horizontal,3,015,21
2024,Jalisco,Zapopan,FC,Horizontal,187,120,14
2025,Jalisco,Puerto Vallarta,U2,Vertical,1,067,14
2025,Jalisco,Tlajomulco de Zúñiga,FC,Vertical,52,097,14
2025,México,Coacalco de Berriozábal,U2,Vertical,3,020,15
2025,Coahuila de Zaragoza,Acuña,U2,Horizontal,176,002,05
2024,San Luis Potosí,Tamuín,U2,Horizontal,1,040,24
2024,Morelos,Ayala,FC,Horizontal,129,004,17
2025,Puebla,Teziutlán,U1,Vertical,20,174,21
2025,Puebla,Tehuacán,U1,Horizontal,49,156,21
2025,Sonora,Cajeme,U2,Horizontal,121,018,26
2025,Sonora,Caborca,U3,Horizontal,108,017,26
2025,Hidalgo,Santiago Tulantepec de Lugo Guerrero,U1,Horizontal,4,056,13
2025,Guanajuato,Villagrán,U3,Horizontal,263,044,11
2025,Zacatecas,Guadalupe,U1,Horizontal,24,017,32
2025,Coahuila de Zaragoza,Ramos Arizpe,U2,Horizontal,212,027,05
2025,Nuevo León,Salinas Victoria,FC,Horizontal,905,045,19
2025,Sonora,Agua Prieta,U2,Horizontal,11,002,26
2025,Guanajuato,León,FC,Horizontal,533,020,11
2025,Tamaulipas,Matamoros,U2,Horizontal,406,022,28
2025,Colima,Colima,U3,Horizontal,48,002,06
2025,Nuevo León,Pesquería,FC,Horizontal,284,041,19
2024,Chiapas,Tapachula,U2,Horizontal,53,089,07
2025,Colima,Colima,U3,Vertical,24,002,06
2025,Aguascalientes,Rincón de Romos,U2,Horizontal,2,007,01
2025,México,Acolman,U3,Vertical,24,002,15
2024,Veracruz de Ignacio de la Llave,Mariano Escobedo,U3,Horizontal,7,101,30
2025,Tlaxcala,Panotla,U2,Horizontal,1,024,29
2025,México,Toluca,U1,Horizontal,3,106,15
2025,Guanajuato,Dolores Hidalgo Cuna de la Independencia Nacional,FC,Horizontal,9,014,11
2024,Michoacán de Ocampo,La Piedad,U3,Horizontal,2,069,16
2025,Chihuahua,Praxedis G. Guerrero,FC,Horizontal,26,053,08
2025,Oaxaca,Heroica Ciudad de Huajuapan de León,U2,Horizontal,3,039,20
2025,Baja California,Playas de Rosarito,FC,Vertical,224,005,02
2025,Hidalgo,Zapotlán de Juárez,FC,Vertical,75,082,13
2024,Puebla,Teziutlán,U1,Vertical,12,174,21
2025,México,Zumpango,U3,Vertical,342,120,15
2024,Puebla,Cuautlancingo,U3,Horizontal,161,041,21
2024,Veracruz de Ignacio de la Llave,Medellín de Bravo,FC,Vertical,39,105,30
2024,Guanajuato,San Felipe,U2,Horizontal,1,030,11
2024,Chiapas,Ocosingo,U2,Horizontal,11,059,07
2024,Oaxaca,Santa María Huatulco,U3,Vertical,92,413,20
2025,Tlaxcala,Tzompantepec,U2,Horizontal,11,038,29
2024,Sonora,Caborca,U3,Horizontal,51,017,26
2024,Baja California Sur,Comondú,U3,Horizontal,9,001,03
2025,Baja California,Tijuana,U3,Horizontal,729,004,02
2025,Puebla,Puebla,U3,Horizontal,41,114,21
2024,San Luis Potosí,Ebano,U2,Horizontal,1,016,24
2024,Durango,Durango,U3,Vertical,10,005,10
2025,Chiapas,Tuxtla Gutiérrez,FC,Vertical,15,101,07
2024,México,Tlalnepantla de Baz,U1,Vertical,28,104,15
2024,Querétaro,Corregidora,U3,Horizontal,36,006,22
2025,Coahuila de Zaragoza,Múzquiz,U2,Horizontal,6,020,05
2024,Chihuahua,Guachochi,U3,Horizontal,63,027,08
2024,Tamaulipas,Matamoros,U3,Horizontal,1079,022,28
2024,Morelos,Xochitepec,U3,Vertical,4,028,17
2025,Jalisco,San Pedro Tlaquepaque,U1,Vertical,242,098,14
2025,Hidalgo,Tepeapulco,U1,Horizontal,25,061,13
2025,Oaxaca,San Juan Bautista Tuxtepec,U2,Horizontal,3,184,20
2025,Coahuila de Zaragoza,Piedras Negras,FC,Horizontal,2,025,05
2025,Colima,Colima,FC,Horizontal,1,002,06
2025,Coahuila de Zaragoza,Castaños,U2,Horizontal,46,006,05
2025,Tamaulipas,Reynosa,U3,Horizontal,1836,032,28
2025,Michoacán de Ocampo,Vista Hermosa,FC,Horizontal,37,105,16
2025,Jalisco,Ocotlán,U3,Horizontal,24,063,14
2025,Nuevo León,Sabinas Hidalgo,U2,Horizontal,4,044,19
2025,Hidalgo,Emiliano Zapata,FC,Horizontal,3,021,13
2024,Nayarit,Bahía de Banderas,U2,Horizontal,1,020,18
2025,Durango,Durango,U2,Horizontal,58,005,10
2024,Yucatán,Umán,U1,Horizontal,26,101,31
2024,Guanajuato,León,FC,Horizontal,226,020,11
2025,Jalisco,El Salto,U2,Vertical,1,070,14
2025,Guanajuato,Salvatierra,U3,Horizontal,29,028,11
2024,Aguascalientes,Jesús María,U2,Horizontal,43,005,01
2024,Guanajuato,San Luis de la Paz,FC,Horizontal,92,033,11
2025,Morelos,Cuautla,U1,Horizontal,3,006,17
2025,Jalisco,Zapopan,U2,Vertical,88,120,14
2025,Oaxaca,Tlacolula de Matamoros,FC,Vertical,48,551,20
2025,Aguascalientes,Aguascalientes,U3,Horizontal,1951,001,01
2025,Coahuila de Zaragoza,Acuña,FC,Horizontal,28,002,05
2024,Michoacán de Ocampo,Zamora,U3,Vertical,162,108,16
2024,Veracruz de Ignacio de la Llave,Xalapa,U2,Horizontal,2,087,30
2024,Coahuila de Zaragoza,Nava,U3,Horizontal,189,022,05
2024,Chiapas,Villaflores,U3,Horizontal,7,108,07
2024,Guerrero,Chilpancingo de los Bravo,U3,Vertical,95,029,12
2024,Sonora,Caborca,U1,Horizontal,22,017,26
2024,Michoacán de Ocampo,Pátzcuaro,FC,Horizontal,3,066,16
2025,Baja California Sur,Los Cabos,U2,Horizontal,4,008,03
2025,Nuevo León,General Escobedo,U3,Horizontal,414,021,19
2025,Guanajuato,Villagrán,U3,Vertical,124,044,11
2024,Guanajuato,Villagrán,FC,Horizontal,108,044,11
2024,Sonora,Cajeme,U2,Horizontal,79,018,26
2024,Coahuila de Zaragoza,Múzquiz,U2,Horizontal,2,020,05
2024,Jalisco,San Pedro Tlaquepaque,U1,Vertical,105,098,14
2025,Sonora,Guaymas,U2,Horizontal,11,029,26
2024,Tlaxcala,Apizaco,U2,Horizontal,5,005,29
2024,Jalisco,Atotonilco el Alto,U3,Horizontal,64,013,14
2025,Coahuila de Zaragoza,Frontera,U1,Horizontal,1,010,05
2024,Sonora,Cajeme,U3,Horizontal,372,018,26
2025,Ciudad de México,Venustiano Carranza,U2,Vertical,40,017,09
2025,Sinaloa,Ahome,FC,Horizontal,2,001,25
2024,Querétaro,Querétaro,U2,Horizontal,25,014,22
2024,Tamaulipas,Nuevo Laredo,U2,Horizontal,289,027,28
2024,Jalisco,Encarnación de Díaz,U2,Horizontal,78,035,14
2024,Nuevo León,Cadereyta Jiménez,U2,Horizontal,347,009,19
2025,Chiapas,Tuxtla Gutiérrez,U2,Vertical,160,101,07
2024,Tlaxcala,Yauhquemehcan,U2,Vertical,20,043,29
2025,Sinaloa,Culiacán,U2,Horizontal,66,006,25
2025,México,Calimaya,FC,Horizontal,62,018,15
2024,Puebla,Huejotzingo,U2,Horizontal,4,074,21
2024,San Luis Potosí,San Luis Potosí,U3,Horizontal,481,028,24
2025,Jalisco,Tlajomulco de Zúñiga,U2,Horizontal,27,097,14
2025,México,Chalco,U3,Vertical,348,025,15
2025,Guanajuato,León,U2,Horizontal,24,020,11
2025,Tlaxcala,Apizaco,U2,Horizontal,4,005,29
2024,Nuevo León,García,U2,Horizontal,27,018,19
2025,Veracruz de Ignacio de la Llave,Veracruz,U3,Vertical,1064,193,30
2024,Baja California Sur,Los Cabos,FC,Horizontal,19,008,03
2025,Puebla,Puebla,U1,Horizontal,1,114,21
2024,Nuevo León,Apodaca,U2,Horizontal,4,006,19
2025,Guanajuato,San José Iturbide,U2,Horizontal,1,032,11
2025,Chihuahua,Nuevo Casas Grandes,U3,Horizontal,31,050,08
2024,Zacatecas,Ojocaliente,U3,Horizontal,8,036,32
2025,Querétaro,El Marqués,U3,Horizontal,781,011,22
2024,Baja California Sur,La Paz,U3,Horizontal,387,003,03
2024,Coahuila de Zaragoza,Torreón,U2,Horizontal,747,035,05
2024,Sinaloa,Guasave,U3,Horizontal,143,011,25
2025,Veracruz de Ignacio de la Llave,Fortín,U3,Horizontal,79,068,30
2025,Querétaro,El Marqués,FC,Vertical,1272,011,22
2025,Michoacán de Ocampo,Tarímbaro,FC,Vertical,6,088,16
2025,Hidalgo,Atotonilco de Tula,FC,Vertical,546,013,13
2024,Guanajuato,Irapuato,U2,Horizontal,6,017,11
2024,Baja California Sur,La Paz,U2,Horizontal,16,003,03
2025,Michoacán de Ocampo,Pátzcuaro,U1,Vertical,28,066,16
2024,Veracruz de Ignacio de la Llave,Tuxpan,U2,Vertical,8,189,30
2025,Tlaxcala,Tlaxcala,U2,Horizontal,17,033,29
2024,Morelos,Temixco,U1,Horizontal,10,018,17
2025,Zacatecas,Zacatecas,U1,Horizontal,1,056,32
2025,Guanajuato,León,U3,Horizontal,1417,020,11
2024,Quintana Roo,Benito Juárez,U2,Vertical,32,005,23
2024,Jalisco,Lagos de Moreno,U1,Horizontal,1,053,14
2024,Chihuahua,Cuauhtémoc,U1,Horizontal,1,017,08
2024,Durango,Gómez Palacio,U1,Horizontal,32,007,10
2024,México,Ixtapaluca,FC,Vertical,217,039,15
2024,Sonora,Navojoa,U1,Horizontal,141,042,26
2025,Jalisco,Colotlán,FC,Horizontal,4,025,14
2025,Coahuila de Zaragoza,Torreón,U1,Vertical,8,035,05
2025,Puebla,San Martín Texmelucan,U2,Vertical,180,132,21
2025,Jalisco,Zapopan,FC,Horizontal,181,120,14
2025,Nuevo León,Cadereyta Jiménez,U3,Horizontal,448,009,19
2025,Guanajuato,Pénjamo,U1,Horizontal,3,023,11
2025,Guanajuato,San Felipe,U3,Horizontal,58,030,11
2024,San Luis Potosí,Matehuala,U2,Horizontal,40,020,24
2024,Baja California Sur,Los Cabos,U3,Vertical,280,008,03
2025,Michoacán de Ocampo,Uruapan,U2,Vertical,72,102,16
2025,Nuevo León,General Escobedo,FC,Horizontal,1588,021,19
2024,Guanajuato,Celaya,U3,Horizontal,352,007,11
2025,Sinaloa,Culiacán,U3,Horizontal,595,006,25
2024,Baja California Sur,Los Cabos,U1,Horizontal,21,008,03
2024,Tamaulipas,Matamoros,U2,Horizontal,336,022,28
2025,Nuevo León,García,U1,Horizontal,137,018,19
2024,Nuevo León,Salinas Victoria,U3,Horizontal,1162,045,19
2024,Guanajuato,Villagrán,U3,Vertical,20,044,11
2024,Aguascalientes,Aguascalientes,U3,Horizontal,2269,001,01
2024,San Luis Potosí,San Luis Potosí,U1,Horizontal,11,028,24
2024,Guanajuato,Apaseo el Grande,U3,Horizontal,464,005,11
2025,Coahuila de Zaragoza,Sabinas,U2,Horizontal,128,028,05
2025,San Luis Potosí,San Luis Potosí,U3,Horizontal,293,028,24
2025,Jalisco,El Salto,U3,Horizontal,2383,070,14
2025,Zacatecas,Guadalupe,U3,Horizontal,218,017,32
2024,Baja California,Tijuana,U3,Horizontal,754,004,02
2025,Sinaloa,Guasave,U3,Horizontal,222,011,25
2025,Chihuahua,Chihuahua,FC,Horizontal,105,019,08
2024,San Luis Potosí,Soledad de Graciano Sánchez,U3,Vertical,175,035,24
2024,Puebla,Cuautlancingo,FC,Horizontal,137,041,21
2025,Hidalgo,Mineral de la Reforma,U2,Horizontal,3,051,13
2025,Coahuila de Zaragoza,Nava,FC,Horizontal,58,022,05
2024,Michoacán de Ocampo,Morelia,U1,Vertical,1,053,16
2025,Hidalgo,Apan,U2,Horizontal,5,008,13
2025,Nuevo León,Juárez,U1,Horizontal,301,031,19
2024,Morelos,Emiliano Zapata,U1,Horizontal,25,008,17
2025,México,Chalco,U2,Horizontal,31,025,15
2024,Nayarit,Santiago Ixcuintla,U3,Horizontal,1,015,18
2025,Chihuahua,Guachochi,FC,Horizontal,70,027,08
2024,Hidalgo,Tepeji del Río de Ocampo,U2,Horizontal,19,063,13
2024,Colima,Manzanillo,U3,Vertical,16,007,06
2025,Hidalgo,Zempoala,FC,Horizontal,740,083,13
2024,Coahuila de Zaragoza,Acuña,FC,Horizontal,162,002,05
2025,Guanajuato,Apaseo el Grande,U3,Vertical,728,005,11
2024,Jalisco,Guadalajara,U2,Vertical,22,039,14
2025,Michoacán de Ocampo,Hidalgo,U3,Horizontal,1,034,16
2024,Querétaro,Querétaro,U2,Vertical,18,014,22
2024,Veracruz de Ignacio de la Llave,San Andrés Tuxtla,U3,Horizontal,7,141,30
2024,Guanajuato,León,U2,Horizontal,42,020,11
2024,Veracruz de Ignacio de la Llave,Ixtaczoquitlán,U3,Horizontal,1,085,30
2025,Campeche,Campeche,U2,Horizontal,7,002,04
2024,Colima,Tecomán,U2,Horizontal,122,009,06
2025,Jalisco,Ixtlahuacán de los Membrillos,U3,Horizontal,19,044,14
2025,Michoacán de Ocampo,Tarímbaro,U2,Horizontal,2,088,16
2024,Baja California,Tijuana,FC,Vertical,1047,004,02
2024,Tlaxcala,Xicohtzinco,U2,Horizontal,2,042,29
2024,Tamaulipas,Ciudad Madero,U2,Vertical,54,009,28
2024,Chihuahua,Nuevo Casas Grandes,U2,Horizontal,46,050,08
2024,Baja California,Ensenada,U2,Horizontal,1,001,02
2024,Sonora,Navojoa,U2,Horizontal,100,042,26
2024,Zacatecas,Villanueva,FC,Horizontal,2,055,32
2025,Nuevo León,García,U3,Horizontal,1166,018,19
2025,Guerrero,Zihuatanejo de Azueta,FC,Vertical,12,038,12
2024,Ciudad de México,Cuauhtémoc,U2,Vertical,10,015,09
2024,Guanajuato,Silao de la Victoria,U3,Vertical,96,037,11
2025,Hidalgo,Atotonilco de Tula,FC,Horizontal,301,013,13
2025,Michoacán de Ocampo,Hidalgo,U1,Horizontal,3,034,16
2025,Guanajuato,Acámbaro,U2,Horizontal,6,002,11
2025,Veracruz de Ignacio de la Llave,Río Blanco,U1,Horizontal,48,138,30
2025,Oaxaca,Santa María Atzompa,FC,Horizontal,35,399,20
2024,Michoacán de Ocampo,Zitácuaro,U2,Horizontal,1,112,16
2025,Nayarit,Xalisco,U2,Horizontal,11,008,18
2024,Veracruz de Ignacio de la Llave,Río Blanco,U2,Horizontal,1,138,30
2024,Zacatecas,Zacatecas,U3,Horizontal,235,056,32
2025,Puebla,Juan C. Bonilla,U1,Vertical,96,090,21
2024,Guanajuato,San Francisco del Rincón,U1,Horizontal,2,031,11
2025,Puebla,Cuautlancingo,FC,Horizontal,3,041,21
2024,Chihuahua,Nuevo Casas Grandes,U3,Horizontal,27,050,08
2025,Colima,Tecomán,U2,Horizontal,10,009,06
2025,Tamaulipas,Ciudad Madero,U2,Vertical,73,009,28
2024,Coahuila de Zaragoza,Parras,U2,Horizontal,142,024,05
2024,Nayarit,Bahía de Banderas,FC,Vertical,261,020,18
2025,Baja California,Mexicali,U1,Horizontal,143,002,02
2024,Chihuahua,Aquiles Serdán,U3,Horizontal,159,004,08
2024,Jalisco,Zapotiltic,U2,Horizontal,3,121,14
2025,Aguascalientes,Aguascalientes,U3,Vertical,86,001,01
2024,Michoacán de Ocampo,Zamora,U3,Horizontal,66,108,16
2025,Guanajuato,Moroleón,FC,Horizontal,2,021,11
2025,Guanajuato,Celaya,U3,Horizontal,461,007,11
2024,Campeche,Campeche,U3,Horizontal,21,002,04
2024,Puebla,Amozoc,U1,Horizontal,11,015,21
2025,Chiapas,Chiapa de Corzo,U2,Horizontal,3,027,07
2024,Nuevo León,Apodaca,FC,Horizontal,574,006,19
2024,Tabasco,Macuspana,FC,Horizontal,1,012,27
2025,Baja California Sur,La Paz,U1,Horizontal,1,003,03
2025,Puebla,Huejotzingo,U2,Vertical,27,074,21
2024,Puebla,Ocoyucan,FC,Vertical,3,106,21
2024,Quintana Roo,Benito Juárez,U1,Horizontal,129,005,23
2024,Yucatán,Motul,FC,Horizontal,5,052,31
2025,Tlaxcala,Yauhquemehcan,U2,Horizontal,5,043,29
2024,Sonora,Cajeme,FC,Horizontal,41,018,26
2024,Sinaloa,Mazatlán,U3,Horizontal,556,012,25
2024,Michoacán de Ocampo,Uruapan,U2,Vertical,24,102,16
2024,Coahuila de Zaragoza,San Pedro,U2,Horizontal,38,033,05
2025,Baja California,Tijuana,U2,Horizontal,154,004,02
2025,Zacatecas,Guadalupe,FC,Horizontal,424,017,32
2025,Puebla,Teziutlán,U2,Horizontal,36,174,21
2025,Nuevo León,Juárez,U3,Horizontal,3248,031,19
2024,Coahuila de Zaragoza,Saltillo,U3,Horizontal,427,030,05
2024,Colima,Manzanillo,U3,Horizontal,276,007,06
2025,Sinaloa,Mazatlán,U3,Vertical,619,012,25
2024,Durango,Durango,U2,Horizontal,46,005,10
2025,Veracruz de Ignacio de la Llave,Tuxpan,U3,Horizontal,90,189,30
2024,Ciudad de México,Gustavo A. Madero,U2,Vertical,112,005,09
2024,Puebla,Izúcar de Matamoros,U2,Horizontal,15,085,21
2024,Chihuahua,Cuauhtémoc,FC,Horizontal,2,017,08
2025,Jalisco,Guadalajara,U2,Vertical,50,039,14
2024,Hidalgo,Epazoyucan,U3,Horizontal,8,022,13
2024,Michoacán de Ocampo,Zamora,U2,Vertical,16,108,16
2024,Nuevo León,Juárez,U3,Horizontal,3616,031,19
2024,Tabasco,Nacajuca,U2,Horizontal,1,013,27
2024,Nuevo León,García,FC,Horizontal,907,018,19
2024,Colima,Manzanillo,U2,Horizontal,3,007,06
2025,Veracruz de Ignacio de la Llave,Ixtaczoquitlán,U3,Vertical,80,085,30
2024,Jalisco,Tepatitlán de Morelos,U3,Horizontal,26,093,14
2025,Tlaxcala,Tlaxco,U3,Horizontal,3,034,29
2024,Aguascalientes,Aguascalientes,U1,Horizontal,139,001,01
2025,Nuevo León,Ciénega de Flores,U3,Horizontal,727,012,19
2024,México,Coacalco de Berriozábal,U2,Horizontal,7,020,15
2025,Jalisco,Zapopan,FC,Vertical,1811,120,14
2025,Sonora,Empalme,U3,Horizontal,59,025,26
2024,Veracruz de Ignacio de la Llave,Xalapa,FC,Vertical,14,087,30
2024,Michoacán de Ocampo,Jiquilpan,U2,Horizontal,3,045,16
2024,Morelos,Emiliano Zapata,U3,Horizontal,51,008,17
2024,Guanajuato,León,FC,Vertical,21,020,11
2024,Coahuila de Zaragoza,Ramos Arizpe,U3,Horizontal,139,027,05
2025,Morelos,Ayala,FC,Horizontal,200,004,17
2024,Sinaloa,Culiacán,U3,Vertical,465,006,25
2025,Aguascalientes,Jesús María,U2,Vertical,14,005,01
2024,Coahuila de Zaragoza,Nava,U2,Horizontal,17,022,05
2025,Guerrero,Chilpancingo de los Bravo,U1,Vertical,16,029,12
2025,Jalisco,San Juan de los Lagos,U2,Horizontal,20,073,14
2025,Tlaxcala,Huamantla,U2,Vertical,48,013,29
2024,Tamaulipas,Altamira,U3,Horizontal,36,003,28
2025,Guanajuato,León,U1,Horizontal,71,020,11
2024,Baja California,Mexicali,U3,Horizontal,1451,002,02
2025,Guerrero,Tixtla de Guerrero,FC,Horizontal,8,061,12
2024,Sonora,Nogales,U3,Vertical,123,043,26
2024,Coahuila de Zaragoza,Saltillo,U3,Vertical,116,030,05
2024,Colima,Villa de Álvarez,U1,Horizontal,32,010,06
2024,Veracruz de Ignacio de la Llave,Veracruz,U1,Horizontal,12,193,30
2024,Jalisco,Tepatitlán de Morelos,FC,Horizontal,21,093,14
2024,Quintana Roo,Othón P. Blanco,U2,Horizontal,26,004,23
2025,Morelos,Tlayacapan,FC,Vertical,480,026,17
2025,Oaxaca,Santa Cruz Xoxocotlán,U3,Horizontal,7,385,20
2025,Veracruz de Ignacio de la Llave,Río Blanco,U3,Vertical,72,138,30
2025,Chiapas,Tapachula,FC,Vertical,24,089,07
2025,Coahuila de Zaragoza,San Buenaventura,U2,Horizontal,25,031,05
2024,Nayarit,Tepic,U1,Horizontal,5,017,18
2024,Tlaxcala,Yauhquemehcan,U1,Horizontal,2,043,29
2024,Sonora,San Luis Río Colorado,U2,Horizontal,156,055,26
2025,Nayarit,Xalisco,U3,Horizontal,1,008,18
2024,Baja California Sur,Mulegé,U2,Horizontal,1,002,03
2024,Tlaxcala,Tlaxco,U3,Horizontal,2,034,29
2024,Jalisco,Autlán de Navarro,U2,Horizontal,3,015,14
2025,Sonora,Agua Prieta,U1,Horizontal,28,002,26
2025,Sonora,Hermosillo,U2,Horizontal,275,030,26
2024,Jalisco,Tlajomulco de Zúñiga,U2,Vertical,1244,097,14
2024,Yucatán,Umán,U1,Vertical,112,101,31
2024,Coahuila de Zaragoza,Frontera,U1,Horizontal,3,010,05
2024,Tamaulipas,Nuevo Laredo,U3,Horizontal,299,027,28
2024,Michoacán de Ocampo,Morelia,FC,Vertical,20,053,16
2024,Tamaulipas,Reynosa,U2,Horizontal,75,032,28
2025,Jalisco,Lagos de Moreno,U1,Horizontal,3,053,14
2024,Coahuila de Zaragoza,Matamoros,U3,Vertical,50,017,05
2025,Sinaloa,Guasave,U2,Horizontal,9,011,25
2025,Puebla,Puebla,U2,Vertical,1416,114,21
2024,Tamaulipas,Reynosa,U3,Horizontal,1763,032,28
2025,Coahuila de Zaragoza,Arteaga,U3,Horizontal,2,004,05
2024,San Luis Potosí,Matehuala,U3,Horizontal,6,020,24
2025,Durango,Durango,U3,Vertical,2,005,10
2025,Jalisco,Ameca,U3,Horizontal,5,006,14
2025,Yucatán,Hunucmá,U1,Horizontal,1,038,31
2024,Puebla,Zacatlán,U2,Horizontal,4,208,21
2024,Sinaloa,Rosario,U1,Horizontal,2,014,25
2024,Zacatecas,Calera,U2,Horizontal,2,005,32
2025,Guerrero,Iguala de la Independencia,U1,Horizontal,14,035,12
2024,Guanajuato,Apaseo el Grande,FC,Vertical,56,005,11
2025,Jalisco,Acatlán de Juárez,FC,Horizontal,44,002,14
2025,Durango,Lerdo,U3,Horizontal,231,012,10
2024,Michoacán de Ocampo,Zamora,U2,Horizontal,10,108,16
2025,Jalisco,Tala,FC,Vertical,20,083,14
2024,Querétaro,Querétaro,U3,Vertical,299,014,22
2025,Jalisco,Tala,U3,Horizontal,61,083,14
2025,Quintana Roo,Tulum,FC,Vertical,538,009,23
2025,Ciudad de México,Venustiano Carranza,U1,Vertical,218,017,09
2025,Tamaulipas,Río Bravo,U2,Horizontal,225,033,28
2024,Michoacán de Ocampo,Uruapan,U1,Horizontal,1,102,16
2025,Guanajuato,Salvatierra,U2,Horizontal,192,028,11
2025,Querétaro,Querétaro,U2,Vertical,48,014,22
2024,Tabasco,Teapa,U3,Horizontal,1,016,27
2025,Veracruz de Ignacio de la Llave,San Andrés Tuxtla,U3,Horizontal,8,141,30
2025,Jalisco,Zapopan,U1,Vertical,66,120,14
2024,Tamaulipas,Matamoros,U1,Horizontal,20,022,28
2024,Tabasco,Centro,U3,Horizontal,2,004,27
2025,Tamaulipas,Valle Hermoso,U2,Horizontal,15,040,28
2025,Puebla,Teziutlán,U1,Horizontal,76,174,21
2025,Morelos,Xochitepec,U3,Vertical,9,028,17
2025,Zacatecas,Calera,U3,Horizontal,18,005,32
2024,Yucatán,Mérida,U3,Horizontal,2100,050,31
2025,Aguascalientes,Aguascalientes,U1,Horizontal,123,001,01
2025,Sinaloa,Concordia,FC,Horizontal,1,004,25
2024,Yucatán,Kanasín,U3,Horizontal,603,041,31
2024,Oaxaca,Santa María Huatulco,U2,Vertical,3,413,20
2024,Jalisco,Guadalajara,U1,Vertical,31,039,14
2024,Guanajuato,Cortazar,U3,Horizontal,6,011,11
2024,Tamaulipas,Tampico,U1,Vertical,61,038,28
2024,Jalisco,Tuxpan,U3,Horizontal,5,108,14
2024,México,Cuautitlán Izcalli,U2,Vertical,1,121,15
2024,Aguascalientes,San Francisco de los Romo,U3,Horizontal,187,011,01
2024,Hidalgo,Almoloya,FC,Horizontal,2,007,13
2024,Guerrero,Tixtla de Guerrero,FC,Horizontal,3,061,12
2024,Colima,Colima,U2,Horizontal,56,002,06
2025,Chiapas,Tapachula,FC,Horizontal,347,089,07
2024,Tamaulipas,Río Bravo,U2,Horizontal,147,033,28
2025,Yucatán,Kanasín,U1,Horizontal,30,041,31
2024,Michoacán de Ocampo,Pátzcuaro,U1,Vertical,16,066,16
2024,Baja California Sur,Loreto,U3,Horizontal,3,009,03
2025,Nayarit,Compostela,U2,Horizontal,1,004,18
2025,Quintana Roo,Cozumel,U2,Horizontal,149,001,23
