ano,estado,municipio,pcu,tipo_vivienda,viviendas,clave_municipio,clave_estado
2015,Nuevo León,Santa Catarina,U3,Horizontal,19,048,19
2017,Jalisco,Acatic,FC,Horizontal,2,001,14
2016,Puebla,Atlixco,U2,Horizontal,7,019,21
2016,Guanajuato,Dolores Hidalgo Cuna de la Independencia Nacional,U2,Horizontal,267,014,11
2017,México,Almoloya de Juárez,U3,Horizontal,76,005,15
2016,México,Tecámac,U3,Horizontal,1199,081,15
2016,Guanajuato,Salamanca,FC,Vertical,297,027,11
2016,Chiapas,Palenque,U1,Horizontal,26,065,07
2017,Jalisco,Tonalá,U3,Vertical,98,101,14
2015,México,Zumpango,U3,Vertical,108,120,15
2015,Nuevo León,Sabinas Hidalgo,U1,Horizontal,4,044,19
2016,Durango,Durango,U3,Horizontal,253,005,10
2015,Ciudad de México,Venustiano Carranza,U2,Vertical,43,017,09
2015,Puebla,Puebla,U2,Vertical,1539,114,21
2017,Veracruz de Ignacio de la Llave,Ixtaczoquitlán,U3,Horizontal,21,085,30
2015,Aguascalientes,Aguascalientes,FC,Horizontal,48,001,01
2016,Tamaulipas,Reynosa,FC,Horizontal,11,032,28
2016,Michoacán de Ocampo,Purépero,FC,Horizontal,4,070,16
2017,Guerrero,Acapulco de Juárez,U3,Vertical,197,001,12
2015,Coahuila de Zaragoza,Nava,U2,Horizontal,177,022,05
2017,Tabasco,Nacajuca,U1,Vertical,256,013,27
2015,México,Tonanitla,U3,Vertical,28,125,15
2017,Guanajuato,San Francisco del Rincón,FC,Horizontal,4,031,11
2015,Nuevo León,Sabinas Hidalgo,U2,Horizontal,2,044,19
2017,Puebla,Puebla,U3,Horizontal,4,114,21
2017,Hidalgo,Atotonilco de Tula,FC,Vertical,224,013,13
2017,Coahuila de Zaragoza,Arteaga,U3,Horizontal,350,004,05
2017,Jalisco,Zapotlán el Grande,U3,Horizontal,281,023,14
2017,Nayarit,Xalisco,U1,Vertical,14,008,18
2016,México,Nextlalpan,U3,Horizontal,30,059,15
2017,Veracruz de Ignacio de la Llave,Córdoba,U1,Vertical,96,044,30
2017,San Luis Potosí,San Luis Potosí,U1,Vertical,32,028,24
2016,Aguascalientes,Calvillo,U1,Horizontal,2,003,01
2015,Jalisco,Tototlán,FC,Horizontal,8,105,14
2015,Tlaxcala,Xaloztoc,U1,Vertical,10,039,29
2015,Nuevo León,Apodaca,FC,Horizontal,113,006,19
2015,Puebla,Cuautlancingo,U1,Horizontal,760,041,21
2016,Michoacán de Ocampo,Yurécuaro,U2,Horizontal,5,106,16
2015,Nayarit,Tepic,U2,Horizontal,356,017,18
2017,Guerrero,Acapulco de Juárez,U3,Horizontal,59,001,12
2015,Chihuahua,Aldama,U2,Horizontal,21,002,08
2016,Chihuahua,Delicias,U3,Horizontal,12,021,08
2017,Veracruz de Ignacio de la Llave,Río Blanco,U2,Horizontal,13,138,30
2015,Durango,Lerdo,U1,Horizontal,12,012,10
2016,San Luis Potosí,Matehuala,U2,Horizontal,122,020,24
2017,Aguascalientes,Jesús María,U2,Horizontal,129,005,01
2015,Zacatecas,Morelos,FC,Horizontal,3,032,32
2015,San Luis Potosí,Cerritos,U2,Horizontal,11,008,24
2016,Puebla,Puebla,U2,Horizontal,338,114,21
2016,Tlaxcala,Yauhquemehcan,U2,Vertical,108,043,29
2016,Nuevo León,El Carmen,U2,Horizontal,1871,010,19
2015,Quintana Roo,Benito Juárez,U3,Horizontal,399,005,23
2017,Tamaulipas,Tampico,U2,Horizontal,30,038,28
2017,Yucatán,Mérida,U2,Vertical,128,050,31
2015,Jalisco,El Salto,U3,Horizontal,466,070,14
2017,Michoacán de Ocampo,La Piedad,U1,Vertical,16,069,16
2017,Michoacán de Ocampo,Zamora,U3,Horizontal,79,108,16
2015,Nayarit,Xalisco,U1,Horizontal,8,008,18
2015,Sonora,Magdalena,U2,Horizontal,222,036,26
2016,Puebla,Coronango,U2,Vertical,302,034,21
2015,México,La Paz,U2,Vertical,50,070,15
2017,Guerrero,Acapulco de Juárez,U1,Horizontal,1,001,12
2017,Guanajuato,León,U2,Vertical,96,020,11
2015,Puebla,Amozoc,U1,Horizontal,138,015,21
2015,Oaxaca,Santa María Atzompa,U3,Horizontal,26,399,20
2017,Sonora,Nogales,U2,Horizontal,442,043,26
2017,Colima,Colima,U1,Horizontal,299,002,06
2017,San Luis Potosí,Soledad de Graciano Sánchez,U1,Horizontal,73,035,24
2017,Coahuila de Zaragoza,Francisco I. Madero,U3,Horizontal,170,009,05
2015,Nuevo León,Apodaca,U2,Horizontal,1891,006,19
2016,Puebla,Puebla,U3,Vertical,217,114,21
2016,Zacatecas,Zacatecas,FC,Horizontal,2,056,32
2017,Sonora,Guaymas,U3,Horizontal,37,029,26
2015,Guanajuato,Salvatierra,U1,Vertical,24,028,11
2016,Guanajuato,León,U3,Vertical,114,020,11
2015,Tamaulipas,Altamira,U1,Horizontal,2,003,28
2015,Jalisco,Puerto Vallarta,U3,Vertical,72,067,14
2015,Michoacán de Ocampo,Jacona,U2,Horizontal,64,043,16
2016,Nuevo León,Cadereyta Jiménez,FC,Horizontal,672,009,19
2017,Puebla,Atlixco,FC,Horizontal,1,019,21
2016,Sonora,Guaymas,U2,Horizontal,229,029,26
2017,Ciudad de México,Cuauhtémoc,U1,Vertical,680,015,09
2016,Veracruz de Ignacio de la Llave,Coatepec,U2,Horizontal,1,038,30
2015,Nuevo León,Salinas Victoria,U3,Horizontal,934,045,19
2015,Jalisco,Tonalá,U2,Horizontal,231,101,14
2017,Nayarit,Ixtlán del Río,U3,Horizontal,19,006,18
2017,Tamaulipas,Altamira,U2,Vertical,360,003,28
2017,Nuevo León,Cadereyta Jiménez,U3,Vertical,80,009,19
2017,Ciudad de México,Iztapalapa,U2,Vertical,189,007,09
2017,Morelos,Yautepec,U3,Horizontal,1,029,17
2016,Hidalgo,Tizayuca,U2,Horizontal,1012,069,13
2015,Chihuahua,Chihuahua,U1,Horizontal,105,019,08
2016,Yucatán,Mérida,U2,Vertical,64,050,31
2015,Nuevo León,Santa Catarina,U3,Vertical,252,048,19
2015,Nuevo León,Cadereyta Jiménez,U3,Horizontal,66,009,19
2015,Sinaloa,Guasave,U3,Horizontal,24,011,25
2016,Colima,Coquimatlán,U3,Horizontal,24,004,06
2015,Tamaulipas,Altamira,U3,Horizontal,50,003,28
2015,Querétaro,Tequisquiapan,U3,Vertical,276,017,22
2015,Colima,Villa de Álvarez,FC,Horizontal,6,010,06
2016,Zacatecas,Zacatecas,U2,Horizontal,42,056,32
2017,Morelos,Xochitepec,U3,Horizontal,29,028,17
2017,Puebla,Zacapoaxtla,U3,Horizontal,1,207,21
2015,Hidalgo,Mineral de la Reforma,U2,Vertical,150,051,13
2017,Coahuila de Zaragoza,Monclova,U2,Horizontal,106,018,05
2016,Ciudad de México,Álvaro Obregón,U1,Vertical,38,010,09
2017,Puebla,San Salvador el Verde,U2,Vertical,176,143,21
2017,Puebla,Coronango,U1,Horizontal,213,034,21
2017,Coahuila de Zaragoza,Ramos Arizpe,U3,Horizontal,57,027,05
2017,San Luis Potosí,Soledad de Graciano Sánchez,U2,Vertical,14,035,24
2015,Guanajuato,Irapuato,FC,Horizontal,140,017,11
2016,Veracruz de Ignacio de la Llave,Alvarado,FC,Horizontal,24,011,30
2015,Chiapas,Cintalapa de Figueroa,U2,Horizontal,5,017,07
2015,Michoacán de Ocampo,Purépero,FC,Horizontal,6,070,16
2015,Yucatán,Mérida,U3,Horizontal,946,050,31
2015,Tlaxcala,Huamantla,U2,Horizontal,43,013,29
2016,México,Toluca,U1,Horizontal,155,106,15
2015,Veracruz de Ignacio de la Llave,Minatitlán,U3,Horizontal,50,108,30
2017,San Luis Potosí,Ciudad Valles,U2,Horizontal,14,013,24
2017,Chiapas,Tapachula,U1,Horizontal,6,089,07
2016,Tlaxcala,Xicohtzinco,U1,Horizontal,2,042,29
2017,Sonora,Navojoa,U1,Horizontal,255,042,26
2017,Tabasco,Emiliano Zapata,U2,Horizontal,3,007,27
2015,Nuevo León,El Carmen,U3,Horizontal,651,010,19
2016,Michoacán de Ocampo,Morelia,U2,Vertical,1078,053,16
2015,Coahuila de Zaragoza,Arteaga,U2,Horizontal,1,004,05
2017,Sinaloa,Ahome,U2,Horizontal,346,001,25
2016,Sonora,Hermosillo,U3,Horizontal,1040,030,26
2015,Ciudad de México,Cuauhtémoc,U2,Vertical,174,015,09
2017,Aguascalientes,San Francisco de los Romo,U3,Horizontal,168,011,01
2016,Tlaxcala,Huamantla,U2,Vertical,72,013,29
2016,Tamaulipas,Reynosa,U2,Vertical,69,032,28
2015,Querétaro,San Juan del Río,U3,Horizontal,409,016,22
2016,Querétaro,El Marqués,FC,Vertical,734,011,22
2015,Guanajuato,San Miguel de Allende,U2,Horizontal,17,003,11
2015,Quintana Roo,Benito Juárez,U2,Horizontal,6266,005,23
2016,Morelos,Jiutepec,U2,Vertical,1,011,17
2017,Ciudad de México,Tlalpan,U2,Vertical,7,012,09
2016,Coahuila de Zaragoza,Parras,U2,Vertical,6,024,05
2016,México,Tenancingo,U1,Horizontal,7,088,15
2016,Nuevo León,General Escobedo,U3,Horizontal,191,021,19
2015,Hidalgo,Atotonilco de Tula,U3,Vertical,180,013,13
2015,Puebla,San Salvador el Verde,U2,Horizontal,87,143,21
2016,Coahuila de Zaragoza,Ramos Arizpe,U1,Horizontal,214,027,05
2015,San Luis Potosí,Ciudad Valles,U2,Horizontal,98,013,24
2017,Zacatecas,Guadalupe,U2,Horizontal,488,017,32
2017,Jalisco,Tlajomulco de Zúñiga,U3,Vertical,210,097,14
2017,Chiapas,Arriaga,U1,Horizontal,6,009,07
2016,Ciudad de México,Gustavo A. Madero,U2,Vertical,2,005,09
2016,Morelos,Temixco,U3,Vertical,128,018,17
2016,Guerrero,Chilpancingo de los Bravo,U1,Horizontal,50,029,12
2015,Guanajuato,San Luis de la Paz,U3,Vertical,30,033,11
2015,Jalisco,Jocotepec,U2,Horizontal,1,050,14
2015,Aguascalientes,San Francisco de los Romo,FC,Horizontal,5,011,01
2016,Hidalgo,Tepeapulco,U3,Horizontal,64,061,13
2017,Tamaulipas,Victoria,FC,Horizontal,49,041,28
2015,San Luis Potosí,Ciudad Fernández,U2,Horizontal,1,011,24
2016,Jalisco,Puerto Vallarta,U2,Horizontal,93,067,14
2016,México,La Paz,U1,Horizontal,26,070,15
2015,Morelos,Ayala,U3,Horizontal,58,004,17
2017,Coahuila de Zaragoza,Múzquiz,U3,Horizontal,110,020,05
2017,Hidalgo,Tepeapulco,U2,Horizontal,10,061,13
2016,Aguascalientes,Aguascalientes,U1,Vertical,126,001,01
2016,Veracruz de Ignacio de la Llave,Martínez de la Torre,U2,Horizontal,2,102,30
2017,Oaxaca,Santa Cruz Xoxocotlán,U3,Vertical,200,385,20
2017,Puebla,Teziutlán,U1,Horizontal,106,174,21
2017,Puebla,Cuautlancingo,U1,Horizontal,335,041,21
2016,Guanajuato,Acámbaro,U2,Horizontal,11,002,11
2016,Michoacán de Ocampo,Gabriel Zamora,FC,Horizontal,1,033,16
2016,Oaxaca,Santa Cruz Xoxocotlán,U2,Vertical,80,385,20
2017,Chihuahua,Guachochi,U3,Horizontal,11,027,08
2017,Yucatán,Mérida,FC,Horizontal,32,050,31
2017,Tabasco,Emiliano Zapata,U3,Horizontal,1,007,27
2017,Michoacán de Ocampo,Morelia,FC,Horizontal,62,053,16
2015,Aguascalientes,Jesús María,U2,Horizontal,23,005,01
2016,Sonora,Magdalena,U2,Horizontal,16,036,26
2015,Coahuila de Zaragoza,Acuña,U2,Horizontal,807,002,05
2015,Veracruz de Ignacio de la Llave,Córdoba,U3,Vertical,117,044,30
2016,Chiapas,Berriozábal,U1,Horizontal,7,012,07
2016,Nayarit,Santiago Ixcuintla,FC,Horizontal,4,015,18
2016,México,La Paz,U2,Horizontal,1,070,15
2015,Colima,Tecomán,U2,Horizontal,3,009,06
2015,Michoacán de Ocampo,La Piedad,U1,Horizontal,12,069,16
2015,Tamaulipas,Reynosa,U2,Vertical,486,032,28
2017,Chihuahua,Delicias,U3,Horizontal,59,021,08
2015,Baja California Sur,Los Cabos,U2,Vertical,366,008,03
2015,Chihuahua,Nuevo Casas Grandes,U2,Horizontal,334,050,08
2015,Veracruz de Ignacio de la Llave,Coatzintla,FC,Vertical,124,040,30
2015,Veracruz de Ignacio de la Llave,Córdoba,U3,Horizontal,8,044,30
2017,Aguascalientes,Rincón de Romos,U2,Horizontal,112,007,01
2015,Baja California,Tecate,U2,Horizontal,13,003,02
2017,Veracruz de Ignacio de la Llave,San Andrés Tuxtla,U2,Horizontal,43,141,30
2016,Chiapas,Tonalá,U2,Horizontal,41,097,07
2016,Durango,Durango,FC,Vertical,8,005,10
2015,Yucatán,Kanasín,U3,Horizontal,679,041,31
2017,México,Coacalco de Berriozábal,U2,Horizontal,132,020,15
2017,Sonora,Agua Prieta,U2,Horizontal,20,002,26
2016,Baja California Sur,Loreto,U1,Horizontal,1,009,03
2015,México,Toluca,U3,Horizontal,559,106,15
2017,Puebla,San Salvador el Verde,U3,Horizontal,3,143,21
2015,Tlaxcala,Zacatelco,U3,Horizontal,1,044,29
2016,Aguascalientes,Jesús María,U2,Horizontal,51,005,01
2016,Puebla,Huejotzingo,U2,Vertical,1128,074,21
2015,Nuevo León,Guadalupe,U1,Horizontal,148,026,19
2015,Puebla,Atlixco,U2,Horizontal,10,019,21
2016,Coahuila de Zaragoza,San Buenaventura,U2,Horizontal,14,031,05
2016,Veracruz de Ignacio de la Llave,Córdoba,FC,Vertical,12,044,30
2016,Baja California Sur,Comondú,U3,Horizontal,18,001,03
2017,Michoacán de Ocampo,Pátzcuaro,U2,Horizontal,14,066,16
2017,San Luis Potosí,Tamazunchale,U1,Horizontal,2,037,24
2017,Jalisco,Tuxpan,U2,Horizontal,6,108,14
2015,Puebla,Coronango,U3,Horizontal,15,034,21
2015,Veracruz de Ignacio de la Llave,Córdoba,FC,Vertical,156,044,30
2016,Jalisco,El Salto,U2,Vertical,1156,070,14
2015,Nayarit,Tepic,U2,Vertical,429,017,18
2017,Guerrero,Zihuatanejo de Azueta,U3,Vertical,16,038,12
2015,Sonora,General Plutarco Elías Calles,FC,Horizontal,18,070,26
2015,Michoacán de Ocampo,Jiquilpan,U3,Horizontal,27,045,16
2015,Michoacán de Ocampo,La Piedad,U2,Vertical,192,069,16
2017,Querétaro,Pedro Escobedo,FC,Horizontal,80,012,22
2017,Guanajuato,Celaya,U1,Horizontal,18,007,11
2015,Nuevo León,Santiago,U3,Horizontal,8,049,19
2016,Michoacán de Ocampo,Jiquilpan,U2,Horizontal,10,045,16
2017,Veracruz de Ignacio de la Llave,Huatusco,U2,Horizontal,1,071,30
2015,Oaxaca,Heroica Ciudad de Huajuapan de León,U2,Horizontal,3,039,20
2017,Hidalgo,Mineral de la Reforma,U1,Horizontal,4,051,13
2015,Sinaloa,Mazatlán,U2,Horizontal,1823,012,25
2017,Zacatecas,Sombrerete,U2,Horizontal,1,042,32
2016,Coahuila de Zaragoza,Torreón,U2,Vertical,144,035,05
2015,Guanajuato,León,FC,Horizontal,156,020,11
2015,Guanajuato,Cortazar,U3,Horizontal,20,011,11
2015,Michoacán de Ocampo,Sahuayo,U3,Horizontal,13,076,16
2015,Tabasco,Cárdenas,U2,Horizontal,2,002,27
2017,Veracruz de Ignacio de la Llave,Veracruz,U3,Vertical,660,193,30
2016,Morelos,Emiliano Zapata,U3,Vertical,122,008,17
2015,Sonora,Cajeme,U1,Horizontal,25,018,26
2016,Tlaxcala,Xaltocan,FC,Horizontal,1,040,29
2017,Nuevo León,Montemorelos,U2,Horizontal,175,038,19
2015,Morelos,Tlayacapan,FC,Horizontal,156,026,17
2016,Hidalgo,Santiago Tulantepec de Lugo Guerrero,U1,Horizontal,2,056,13
2017,Guerrero,Tixtla de Guerrero,FC,Horizontal,4,061,12
2015,Baja California,Tijuana,FC,Horizontal,6,004,02
2015,Jalisco,Chapala,U3,Horizontal,18,030,14
2015,Quintana Roo,Benito Juárez,U3,Vertical,727,005,23
2016,Sonora,Empalme,U2,Horizontal,19,025,26
2016,Coahuila de Zaragoza,Saltillo,U3,Horizontal,355,030,05
2016,Michoacán de Ocampo,Zamora,U2,Vertical,256,108,16
2016,Jalisco,Ameca,U3,Horizontal,8,006,14
2017,Aguascalientes,Calvillo,U3,Horizontal,8,003,01
2015,Veracruz de Ignacio de la Llave,Coatzacoalcos,U2,Vertical,768,039,30
2015,Sonora,Cananea,U2,Horizontal,19,019,26
2017,Guanajuato,Salamanca,U2,Horizontal,4,027,11
2015,Michoacán de Ocampo,Apatzingán,U3,Horizontal,70,006,16
2017,San Luis Potosí,San Luis Potosí,U2,Horizontal,440,028,24
2015,Guerrero,Acapulco de Juárez,U2,Vertical,1563,001,12
2015,Guanajuato,Salamanca,FC,Horizontal,384,027,11
2015,Coahuila de Zaragoza,Saltillo,U3,Vertical,4,030,05
2015,Jalisco,Ixtlahuacán de los Membrillos,U3,Horizontal,39,044,14
2015,Baja California,Tijuana,FC,Vertical,728,004,02
2015,Veracruz de Ignacio de la Llave,Tuxpan,U2,Horizontal,20,189,30
2015,Guanajuato,Cortazar,U1,Horizontal,2,011,11
2016,Hidalgo,Tulancingo de Bravo,U2,Horizontal,8,077,13
2016,Jalisco,La Barca,U2,Horizontal,15,018,14
2015,Guanajuato,León,U1,Horizontal,370,020,11
2017,Jalisco,Tepatitlán de Morelos,U3,Horizontal,75,093,14
2016,México,Chicoloapan,U2,Horizontal,111,029,15
2015,Michoacán de Ocampo,Jiquilpan,U2,Horizontal,27,045,16
2016,Michoacán de Ocampo,La Piedad,U1,Vertical,40,069,16
2015,Nuevo León,García,U1,Horizontal,99,018,19
2017,Tlaxcala,Tlaxcala,U1,Vertical,16,033,29
2015,Veracruz de Ignacio de la Llave,Pánuco,U2,Horizontal,7,123,30
2015,Jalisco,Ixtlahuacán del Río,FC,Horizontal,4,045,14
2016,San Luis Potosí,Soledad de Graciano Sánchez,U3,Horizontal,200,035,24
2017,Tlaxcala,Yauhquemehcan,U1,Vertical,6,043,29
2017,Tlaxcala,Tepetitla de Lardizábal,U2,Horizontal,30,019,29
2016,Oaxaca,Santa Cruz Xoxocotlán,U3,Horizontal,26,385,20
2015,Yucatán,Umán,U1,Horizontal,316,101,31
2016,Morelos,Cuernavaca,U1,Vertical,17,007,17
2017,Guerrero,Chilpancingo de los Bravo,U1,Vertical,70,029,12
2015,Jalisco,Tlajomulco de Zúñiga,FC,Horizontal,800,097,14
2016,Veracruz de Ignacio de la Llave,Medellín de Bravo,U3,Horizontal,56,105,30
2015,Veracruz de Ignacio de la Llave,Cosoleacaque,U1,Vertical,144,048,30
2015,Sonora,Caborca,U3,Horizontal,128,017,26
2017,San Luis Potosí,Cárdenas,U2,Horizontal,11,005,24
2016,Morelos,Yautepec,U3,Horizontal,70,029,17
2015,Tamaulipas,Tampico,U1,Vertical,32,038,28
2017,Sonora,Navojoa,U2,Horizontal,159,042,26
2015,Tabasco,Nacajuca,FC,Horizontal,2,013,27
2016,Querétaro,Querétaro,U1,Horizontal,269,014,22
2016,Michoacán de Ocampo,Tarímbaro,U2,Horizontal,14,088,16
2017,Chihuahua,Nuevo Casas Grandes,U1,Horizontal,26,050,08
2016,Veracruz de Ignacio de la Llave,Emiliano Zapata,U2,Horizontal,32,065,30
2015,Chiapas,Cintalapa de Figueroa,U3,Horizontal,3,017,07
2017,Michoacán de Ocampo,Lázaro Cárdenas,U2,Horizontal,116,052,16
2017,Veracruz de Ignacio de la Llave,Cosoleacaque,U3,Vertical,16,048,30
2017,Tamaulipas,Altamira,U3,Horizontal,70,003,28
2017,Sinaloa,Mazatlán,U3,Vertical,168,012,25
2015,Durango,Vicente Guerrero,U3,Horizontal,7,038,10
2015,Tlaxcala,Calpulalpan,U1,Horizontal,8,006,29
2015,Hidalgo,Pachuca de Soto,FC,Horizontal,170,048,13
2015,Nuevo León,Ciénega de Flores,U2,Horizontal,2494,012,19
2017,Chiapas,Berriozábal,U2,Horizontal,37,012,07
2016,Sinaloa,Mazatlán,FC,Horizontal,60,012,25
2016,Oaxaca,San Francisco Lachigoló,FC,Horizontal,3,145,20
2015,Chihuahua,Meoqui,U2,Horizontal,37,045,08
2017,México,Coacalco de Berriozábal,U1,Horizontal,1,020,15
2017,Hidalgo,Santiago Tulantepec de Lugo Guerrero,U1,Horizontal,4,056,13
2015,Michoacán de Ocampo,Maravatío,U2,Horizontal,4,050,16
2016,Guanajuato,Apaseo el Grande,U2,Vertical,528,005,11
2016,Oaxaca,Guadalupe Etla,FC,Horizontal,4,033,20
2016,Jalisco,Jocotepec,U3,Horizontal,114,050,14
2015,Jalisco,La Barca,FC,Horizontal,10,018,14
2015,Guanajuato,San Miguel de Allende,FC,Horizontal,287,003,11
2016,Guanajuato,León,U1,Vertical,52,020,11
2015,México,Huixquilucan,U2,Vertical,152,037,15
2016,Nuevo León,Juárez,U2,Horizontal,6145,031,19
2015,Jalisco,Sayula,U3,Horizontal,232,082,14
2016,Guanajuato,San José Iturbide,U3,Horizontal,170,032,11
2015,Querétaro,San Juan del Río,U1,Horizontal,2,016,22
2017,Guanajuato,San Miguel de Allende,U3,Horizontal,30,003,11
2015,Tlaxcala,Papalotla de Xicohténcatl,U2,Vertical,96,041,29
2017,Quintana Roo,Bacalar,FC,Horizontal,1,010,23
2016,Baja California Sur,La Paz,U2,Horizontal,1009,003,03
2016,San Luis Potosí,San Luis Potosí,U1,Horizontal,439,028,24
2016,Hidalgo,Mineral de la Reforma,U2,Vertical,1055,051,13
2015,Quintana Roo,Solidaridad,U3,Vertical,291,008,23
2016,Coahuila de Zaragoza,Arteaga,U2,Horizontal,35,004,05
2016,México,Zumpango,U3,Horizontal,594,120,15
2017,Jalisco,Ixtlahuacán de los Membrillos,U3,Vertical,30,044,14
2016,Guanajuato,Irapuato,U3,Vertical,424,017,11
2016,Michoacán de Ocampo,Morelia,U2,Horizontal,1091,053,16
2015,Puebla,Cuautlancingo,U1,Vertical,461,041,21
2015,Jalisco,Magdalena,U2,Horizontal,14,055,14
2015,Hidalgo,Mineral de la Reforma,U3,Horizontal,372,051,13
2016,Querétaro,El Marqués,U3,Horizontal,345,011,22
2015,San Luis Potosí,Soledad de Graciano Sánchez,U2,Horizontal,1939,035,24
2015,Durango,Poanas,FC,Horizontal,6,022,10
2015,Tlaxcala,Yauhquemehcan,U2,Vertical,15,043,29
2016,Veracruz de Ignacio de la Llave,Banderilla,U1,Horizontal,4,026,30
2015,México,Toluca,FC,Horizontal,24,106,15
2015,Jalisco,El Salto,U1,Vertical,19,070,14
2016,Quintana Roo,Solidaridad,U3,Horizontal,366,008,23
2016,Oaxaca,Oaxaca de Juárez,U1,Horizontal,3,067,20
2015,México,Tecámac,U2,Horizontal,1411,081,15
2017,Coahuila de Zaragoza,Matamoros,U2,Horizontal,138,017,05
2017,Michoacán de Ocampo,Tarímbaro,U3,Vertical,76,088,16
2017,Tabasco,Centro,FC,Vertical,880,004,27
2016,Baja California,Tijuana,FC,Vertical,1632,004,02
2017,Veracruz de Ignacio de la Llave,Xalapa,U1,Vertical,13,087,30
2016,Nuevo León,Sabinas Hidalgo,U3,Horizontal,51,044,19
2016,Guerrero,Acapulco de Juárez,U1,Vertical,222,001,12
2016,Guanajuato,Pénjamo,U2,Horizontal,52,023,11
2017,Coahuila de Zaragoza,Acuña,U3,Horizontal,166,002,05
2015,Tamaulipas,Altamira,U3,Vertical,456,003,28
2015,Tamaulipas,Ciudad Madero,U1,Horizontal,22,009,28
2015,Hidalgo,Mineral de la Reforma,FC,Horizontal,554,051,13
2016,Morelos,Temixco,U2,Vertical,64,018,17
2016,Guanajuato,León,U3,Horizontal,587,020,11
2016,Sinaloa,Guasave,U2,Horizontal,306,011,25
2016,Guanajuato,Silao de la Victoria,U3,Horizontal,58,037,11
2017,Baja California Sur,Los Cabos,U3,Vertical,52,008,03
2017,Michoacán de Ocampo,Zamora,U2,Vertical,104,108,16
2016,Jalisco,El Grullo,FC,Horizontal,2,037,14
2017,Sinaloa,Culiacán,FC,Vertical,5,006,25
2016,Aguascalientes,Jesús María,U2,Vertical,10,005,01
2015,Nuevo León,Linares,U3,Horizontal,40,033,19
2016,Querétaro,San Juan del Río,U2,Horizontal,748,016,22
2017,Guanajuato,San Felipe,U2,Horizontal,60,030,11
2017,Baja California,Tijuana,U1,Horizontal,101,004,02
2017,Sinaloa,Ahome,U3,Horizontal,493,001,25
2015,Nayarit,Bahía de Banderas,U2,Horizontal,841,020,18
2015,Ciudad de México,Miguel Hidalgo,U2,Vertical,1,016,09
2017,Michoacán de Ocampo,Zitácuaro,U2,Horizontal,14,112,16
2017,Querétaro,Querétaro,U2,Horizontal,1506,014,22
2017,Baja California,Ensenada,U1,Horizontal,6,001,02
2015,Durango,Santiago Papasquiaro,U2,Horizontal,10,032,10
2015,Nayarit,Xalisco,U2,Horizontal,11,008,18
2015,Hidalgo,Mineral de la Reforma,FC,Vertical,144,051,13
2017,Nayarit,Tepic,U2,Horizontal,165,017,18
2017,Nuevo León,Linares,U3,Horizontal,107,033,19
2017,Quintana Roo,Benito Juárez,U2,Horizontal,1425,005,23
2015,Puebla,Izúcar de Matamoros,U2,Horizontal,15,085,21
2016,San Luis Potosí,Tamuín,U1,Horizontal,2,040,24
2015,México,Lerma,U2,Horizontal,254,051,15
2016,Yucatán,Mérida,FC,Horizontal,5,050,31
2015,Querétaro,El Marqués,U2,Horizontal,2845,011,22
2016,Yucatán,Mérida,U3,Horizontal,948,050,31
2017,Jalisco,Zapotlán el Grande,U1,Horizontal,92,023,14
2015,Baja California Sur,Los Cabos,U3,Vertical,48,008,03
2016,Aguascalientes,Jesús María,U3,Horizontal,258,005,01
2017,Morelos,Yautepec,U2,Horizontal,79,029,17
2015,Nuevo León,García,U2,Vertical,570,018,19
2017,México,Huehuetoca,U2,Vertical,459,035,15
2016,Hidalgo,Tizayuca,U3,Vertical,47,069,13
2016,Michoacán de Ocampo,Morelia,U3,Horizontal,71,053,16
2016,México,Tecámac,FC,Horizontal,1,081,15
2015,Puebla,Tehuacán,U1,Vertical,29,156,21
2017,Michoacán de Ocampo,Jiquilpan,U3,Horizontal,32,045,16
2017,Colima,Villa de Álvarez,U3,Vertical,14,010,06
2015,Michoacán de Ocampo,Uruapan,U2,Vertical,19,102,16
2015,Baja California Sur,Los Cabos,U3,Horizontal,13,008,03
2016,Hidalgo,Tepeapulco,U1,Horizontal,9,061,13
2017,Nayarit,Bahía de Banderas,U3,Vertical,364,020,18
2016,Tamaulipas,Valle Hermoso,U1,Horizontal,30,040,28
2016,Puebla,Cuautlancingo,U2,Vertical,144,041,21
2015,Yucatán,Valladolid,FC,Horizontal,1,102,31
2017,Michoacán de Ocampo,Ario,U2,Horizontal,1,009,16
2017,Tabasco,Nacajuca,U3,Horizontal,32,013,27
2017,Baja California Sur,La Paz,U1,Horizontal,32,003,03
2015,Morelos,Cuernavaca,U2,Horizontal,1,007,17
2015,Tabasco,Centro,U1,Horizontal,1,004,27
2015,Querétaro,Tequisquiapan,U3,Horizontal,236,017,22
2017,Durango,Santiago Papasquiaro,U2,Horizontal,14,032,10
2015,Querétaro,Tequisquiapan,FC,Horizontal,8,017,22
2015,Zacatecas,Fresnillo,U1,Horizontal,68,010,32
2015,Veracruz de Ignacio de la Llave,Boca del Río,U3,Horizontal,1,028,30
2016,Jalisco,Cuquío,FC,Horizontal,4,029,14
2016,Zacatecas,Fresnillo,U2,Horizontal,83,010,32
2015,Nuevo León,Pesquería,U2,Vertical,114,041,19
2016,Coahuila de Zaragoza,San Pedro,U2,Horizontal,58,033,05
2017,Hidalgo,Tulancingo de Bravo,U1,Horizontal,39,077,13
2016,Coahuila de Zaragoza,Matamoros,U3,Vertical,40,017,05
2016,Tabasco,Teapa,U1,Horizontal,2,016,27
2017,Yucatán,Izamal,U1,Horizontal,6,040,31
2017,Colima,Coquimatlán,U3,Horizontal,26,004,06
2015,Oaxaca,Santa María Atzompa,U3,Vertical,40,399,20
2017,Veracruz de Ignacio de la Llave,Agua Dulce,U3,Horizontal,2,204,30
2016,Sonora,Empalme,U3,Horizontal,129,025,26
2016,San Luis Potosí,Ciudad Valles,U1,Horizontal,15,013,24
2015,Hidalgo,Tizayuca,U2,Horizontal,3120,069,13
2015,Nuevo León,Guadalupe,U2,Horizontal,150,026,19
2015,Nayarit,Bahía de Banderas,U2,Vertical,383,020,18
2016,Zacatecas,Fresnillo,U3,Horizontal,2,010,32
2017,Guerrero,Iguala de la Independencia,U1,Horizontal,92,035,12
2017,Tlaxcala,Xaloztoc,U1,Vertical,50,039,29
2016,Veracruz de Ignacio de la Llave,Ixtaczoquitlán,U3,Horizontal,167,085,30
2016,Yucatán,Valladolid,U2,Horizontal,22,102,31
2016,Guanajuato,León,FC,Horizontal,594,020,11
2017,México,Tecámac,U3,Horizontal,1126,081,15
2015,Hidalgo,Atotonilco de Tula,FC,Vertical,2652,013,13
2017,México,La Paz,U2,Horizontal,24,070,15
2016,Veracruz de Ignacio de la Llave,Tuxpan,U3,Horizontal,137,189,30
2017,Baja California,Tijuana,U1,Vertical,165,004,02
2017,Nuevo León,Ciénega de Flores,FC,Horizontal,52,012,19
2017,Guanajuato,Guanajuato,U3,Horizontal,343,015,11
2015,Jalisco,Zapotlanejo,U3,Horizontal,2,124,14
2017,Tlaxcala,Zacatelco,U2,Vertical,40,044,29
2016,San Luis Potosí,Axtla de Terrazas,FC,Horizontal,17,053,24
2017,Guanajuato,Pénjamo,U1,Horizontal,1,023,11
2015,Chiapas,Palenque,U1,Vertical,168,065,07
2015,Hidalgo,Tizayuca,U1,Vertical,148,069,13
2017,Campeche,Carmen,FC,Horizontal,27,003,04
2017,Nuevo León,Apodaca,U3,Horizontal,1051,006,19
2016,Nuevo León,Montemorelos,U3,Vertical,9,038,19
2015,Jalisco,Guadalajara,U2,Horizontal,57,039,14
2015,Ciudad de México,Iztacalco,U1,Vertical,723,006,09
2015,Coahuila de Zaragoza,Arteaga,U3,Horizontal,25,004,05
2017,Chiapas,Tapachula,FC,Vertical,246,089,07
2016,Tlaxcala,Xaloztoc,U1,Vertical,10,039,29
2016,México,Chalco,U2,Vertical,367,025,15
2015,Jalisco,Zapopan,U2,Horizontal,232,120,14
2017,Coahuila de Zaragoza,Francisco I. Madero,U2,Horizontal,2,009,05
2017,Tlaxcala,Ixtacuixtla de Mariano Matamoros,U2,Horizontal,3,015,29
2017,México,Huehuetoca,U3,Horizontal,833,035,15
2016,Oaxaca,Santa María Atzompa,U1,Horizontal,5,399,20
2016,Hidalgo,Tulancingo de Bravo,U1,Horizontal,32,077,13
2016,Jalisco,Tlajomulco de Zúñiga,U2,Horizontal,1729,097,14
2017,Veracruz de Ignacio de la Llave,Jalacingo,U1,Horizontal,3,086,30
2015,Jalisco,Arandas,FC,Horizontal,3,008,14
2017,Jalisco,Zapopan,U2,Horizontal,201,120,14
2015,Oaxaca,Santa Cruz Xoxocotlán,U2,Horizontal,130,385,20
2017,Veracruz de Ignacio de la Llave,Tuxpan,U2,Horizontal,185,189,30
2017,Guanajuato,Irapuato,U3,Vertical,333,017,11
2015,Yucatán,Kanasín,U2,Vertical,9,041,31
2017,Veracruz de Ignacio de la Llave,Tantoyuca,FC,Horizontal,1,155,30
2016,Coahuila de Zaragoza,Ramos Arizpe,U3,Horizontal,38,027,05
2015,Tlaxcala,Tlaxcala,U2,Vertical,168,033,29
2016,Sonora,Agua Prieta,U3,Horizontal,20,002,26
2017,Veracruz de Ignacio de la Llave,Boca del Río,U2,Horizontal,2,028,30
2016,Tabasco,Teapa,U3,Vertical,4,016,27
2017,Hidalgo,Pachuca de Soto,U2,Horizontal,224,048,13
2017,Tamaulipas,Río Bravo,U1,Horizontal,1,033,28
2017,México,Nezahualcóyotl,U2,Horizontal,2,058,15
2017,México,Cuautitlán,U2,Horizontal,48,024,15
2016,Michoacán de Ocampo,La Piedad,U1,Horizontal,5,069,16
2017,Yucatán,Ticul,FC,Horizontal,3,089,31
2017,Puebla,Chalchicomula de Sesma,FC,Horizontal,17,045,21
2015,Sinaloa,Mazatlán,U1,Horizontal,87,012,25
2017,Puebla,Huejotzingo,U2,Vertical,620,074,21
2016,Querétaro,Corregidora,U3,Horizontal,216,006,22
2015,Baja California,Tijuana,U1,Vertical,40,004,02
2015,Sinaloa,Culiacán,U2,Horizontal,2517,006,25
2016,Nuevo León,Guadalupe,U3,Horizontal,717,026,19
2015,Tabasco,Cunduacán,U3,Vertical,28,006,27
2015,Guanajuato,Dolores Hidalgo Cuna de la Independencia Nacional,U3,Horizontal,410,014,11
2015,Baja California,Mexicali,U2,Horizontal,1236,002,02
2017,Jalisco,Lagos de Moreno,U3,Horizontal,104,053,14
2017,Jalisco,El Arenal,FC,Vertical,168,009,14
2017,Guanajuato,Apaseo el Grande,FC,Vertical,144,005,11
2017,San Luis Potosí,Soledad de Graciano Sánchez,U3,Vertical,36,035,24
2017,Jalisco,Zapotiltic,U3,Horizontal,24,121,14
2017,Jalisco,Zapopan,U3,Vertical,104,120,14
2016,Baja California Sur,Los Cabos,U2,Horizontal,203,008,03
2017,Puebla,Coronango,U3,Horizontal,189,034,21
2016,Oaxaca,Heroica Ciudad de Huajuapan de León,FC,Horizontal,33,039,20
2016,Yucatán,Valladolid,FC,Horizontal,3,102,31
2015,Baja California,Mexicali,U1,Horizontal,369,002,02
2016,Jalisco,Puerto Vallarta,FC,Vertical,180,067,14
2016,Tabasco,Nacajuca,U3,Horizontal,7,013,27
2016,Aguascalientes,Aguascalientes,U2,Vertical,304,001,01
2016,Guanajuato,León,U2,Horizontal,2807,020,11
2015,Morelos,Emiliano Zapata,U3,Horizontal,13,008,17
2017,San Luis Potosí,Ciudad Fernández,U2,Horizontal,1,011,24
2015,Guerrero,Iguala de la Independencia,U3,Vertical,8,035,12
2016,Coahuila de Zaragoza,Nava,U2,Horizontal,97,022,05
2015,Morelos,Ayala,U2,Horizontal,502,004,17
2015,Jalisco,Lagos de Moreno,U1,Horizontal,6,053,14
2016,Veracruz de Ignacio de la Llave,Veracruz,FC,Vertical,315,193,30
2017,Oaxaca,Santa Cruz Xoxocotlán,U2,Vertical,16,385,20
2015,Michoacán de Ocampo,Pátzcuaro,U3,Horizontal,100,066,16
2017,Nuevo León,Pesquería,FC,Horizontal,488,041,19
2015,Hidalgo,Tizayuca,FC,Horizontal,543,069,13
2016,Sonora,Puerto Peñasco,U1,Horizontal,32,048,26
2016,Puebla,Coronango,U1,Horizontal,58,034,21
2015,Guanajuato,Irapuato,U2,Horizontal,426,017,11
2017,Coahuila de Zaragoza,Acuña,U2,Horizontal,714,002,05
2016,México,San Martín de las Pirámides,U1,Horizontal,2,075,15
2015,Yucatán,Chocholá,FC,Horizontal,3,023,31
2015,Sinaloa,Guasave,U2,Horizontal,577,011,25
2016,Michoacán de Ocampo,Marcos Castellanos,FC,Horizontal,2,051,16
2016,Guanajuato,Irapuato,U2,Vertical,415,017,11
2015,Querétaro,San Juan del Río,FC,Horizontal,171,016,22
2015,Coahuila de Zaragoza,Arteaga,U1,Horizontal,80,004,05
2016,Puebla,San Andrés Cholula,U1,Horizontal,3,119,21
2016,Ciudad de México,Miguel Hidalgo,U1,Vertical,187,016,09
2015,Veracruz de Ignacio de la Llave,Pánuco,U3,Horizontal,2,123,30
2017,Nuevo León,Apodaca,FC,Horizontal,187,006,19
2015,Chihuahua,Delicias,U2,Horizontal,341,021,08
2016,Veracruz de Ignacio de la Llave,Fortín,U3,Horizontal,26,068,30
2017,Guanajuato,Dolores Hidalgo Cuna de la Independencia Nacional,U1,Horizontal,5,014,11
2016,Guanajuato,Villagrán,U3,Vertical,228,044,11
2016,México,Tecámac,U2,Horizontal,2096,081,15
2015,México,Almoloya de Juárez,U2,Horizontal,219,005,15
2015,Nuevo León,Cadereyta Jiménez,U3,Vertical,112,009,19
2015,Hidalgo,Tulancingo de Bravo,U3,Horizontal,10,077,13
2017,Aguascalientes,San Francisco de los Romo,U2,Horizontal,10,011,01
2016,Jalisco,Tuxpan,U2,Horizontal,2,108,14
2016,Tlaxcala,Apizaco,U3,Horizontal,1,005,29
2016,Querétaro,Querétaro,U3,Horizontal,1585,014,22
2017,Sonora,Guaymas,FC,Horizontal,36,029,26
2017,Coahuila de Zaragoza,Sabinas,U2,Horizontal,136,028,05
2016,Sinaloa,Culiacán,U2,Horizontal,1231,006,25
2015,Chiapas,San Cristóbal de las Casas,U2,Horizontal,44,078,07
2015,Puebla,Coronango,U2,Horizontal,126,034,21
2017,Quintana Roo,Benito Juárez,U1,Horizontal,131,005,23
2016,Jalisco,Zacoalco de Torres,U2,Horizontal,29,119,14
2015,Puebla,Ocoyucan,U2,Horizontal,1,106,21
2015,San Luis Potosí,Axtla de Terrazas,FC,Horizontal,14,053,24
2017,Guanajuato,Irapuato,U2,Vertical,15,017,11
2015,Querétaro,Querétaro,U2,Horizontal,2933,014,22
2015,Guerrero,Chilpancingo de los Bravo,U2,Vertical,260,029,12
2017,Coahuila de Zaragoza,Acuña,U1,Horizontal,91,002,05
2016,Jalisco,Tepatitlán de Morelos,U1,Horizontal,6,093,14
2015,Nuevo León,Santa Catarina,U1,Horizontal,2,048,19
2015,Nayarit,Santa María del Oro,FC,Horizontal,16,014,18
2015,Chiapas,Tapachula,U3,Horizontal,41,089,07
2017,Veracruz de Ignacio de la Llave,Alvarado,U3,Horizontal,8,011,30
2016,México,Tlalmanalco,U3,Vertical,134,103,15
2015,Tabasco,Paraíso,U2,Horizontal,8,014,27
2016,Ciudad de México,Iztacalco,U2,Vertical,256,006,09
2017,Puebla,San Pedro Cholula,U3,Horizontal,3,140,21
2015,Veracruz de Ignacio de la Llave,Coatzacoalcos,U3,Horizontal,140,039,30
2017,México,Soyaniquilpan de Juárez,FC,Horizontal,6,079,15
2017,Michoacán de Ocampo,Zitácuaro,U1,Horizontal,1,112,16
2016,Nuevo León,Ciénega de Flores,FC,Horizontal,214,012,19
2017,Puebla,Chignahuapan,U3,Horizontal,16,053,21
2016,Nayarit,Xalisco,U2,Horizontal,62,008,18
2017,Hidalgo,Tizayuca,U3,Horizontal,454,069,13
2015,Veracruz de Ignacio de la Llave,Ixtaczoquitlán,U3,Horizontal,70,085,30
2017,Puebla,San Martín Texmelucan,U2,Horizontal,18,132,21
2015,Hidalgo,Cuautepec de Hinojosa,U3,Horizontal,68,016,13
2015,Oaxaca,Tlacolula de Matamoros,FC,Vertical,108,551,20
2016,Querétaro,Corregidora,FC,Horizontal,73,006,22
2015,Puebla,Huejotzingo,U2,Vertical,850,074,21
2016,Hidalgo,Tizayuca,U1,Horizontal,1429,069,13
2015,Yucatán,Hunucmá,U3,Horizontal,1,038,31
2017,Durango,Durango,U1,Vertical,18,005,10
2016,Guanajuato,Celaya,U2,Vertical,108,007,11
2016,Tabasco,Centro,FC,Horizontal,44,004,27
2015,Sonora,Hermosillo,U1,Horizontal,70,030,26
2016,Hidalgo,Zempoala,FC,Horizontal,305,083,13
2016,Aguascalientes,Pabellón de Arteaga,U1,Horizontal,14,006,01
2017,San Luis Potosí,Soledad de Graciano Sánchez,U2,Horizontal,462,035,24
2016,Morelos,Xochitepec,U3,Horizontal,88,028,17
2015,Morelos,Temixco,U2,Horizontal,302,018,17
2017,Chiapas,Tuxtla Gutiérrez,U2,Horizontal,13,101,07
2015,Guanajuato,Silao de la Victoria,U2,Horizontal,160,037,11
2015,Ciudad de México,Coyoacán,U1,Horizontal,1,003,09
2015,Tlaxcala,Xaloztoc,U1,Horizontal,10,039,29
2015,Zacatecas,Jerez,U2,Horizontal,1,020,32
2016,Morelos,Yecapixtla,U3,Horizontal,68,030,17
2017,Chiapas,Comitán de Domínguez,U2,Horizontal,96,019,07
2015,Nuevo León,Santa Catarina,U2,Horizontal,821,048,19
2016,Tamaulipas,Río Bravo,U2,Horizontal,132,033,28
2017,Baja California,Ensenada,U2,Horizontal,8,001,02
2015,Chiapas,Tuxtla Gutiérrez,U3,Horizontal,219,101,07
2016,Baja California,Tijuana,U2,Vertical,429,004,02
2017,Hidalgo,Tepeji del Río de Ocampo,U3,Horizontal,123,063,13
2015,Coahuila de Zaragoza,San Buenaventura,U2,Horizontal,4,031,05
2015,Veracruz de Ignacio de la Llave,Emiliano Zapata,U1,Horizontal,1,065,30
2016,Nuevo León,Juárez,U3,Horizontal,599,031,19
2015,Jalisco,Encarnación de Díaz,U2,Horizontal,132,035,14
2017,México,Cuautitlán Izcalli,U3,Vertical,3,121,15
2015,Veracruz de Ignacio de la Llave,Banderilla,U1,Horizontal,22,026,30
2016,Campeche,Calkiní,FC,Horizontal,6,001,04
2015,Jalisco,Atotonilco el Alto,FC,Horizontal,1,013,14
2015,Hidalgo,Tulancingo de Bravo,U1,Horizontal,21,077,13
2016,Colima,Armería,U1,Horizontal,7,001,06
2017,Chihuahua,Guachochi,U1,Horizontal,5,027,08
2017,Tamaulipas,Reynosa,U2,Horizontal,2443,032,28
2017,Coahuila de Zaragoza,San Juan de Sabinas,U3,Horizontal,10,032,05
2016,Querétaro,San Juan del Río,U3,Horizontal,405,016,22
2017,Morelos,Ayala,U3,Horizontal,188,004,17
2015,Jalisco,Tonalá,U3,Vertical,606,101,14
2017,Guanajuato,Celaya,FC,Horizontal,137,007,11
2016,Jalisco,Guadalajara,U2,Horizontal,72,039,14
2015,Coahuila de Zaragoza,Torreón,U1,Horizontal,172,035,05
2017,Michoacán de Ocampo,Pátzcuaro,FC,Horizontal,22,066,16
2017,Ciudad de México,Iztapalapa,U1,Vertical,164,007,09
2016,Guerrero,Acapulco de Juárez,U2,Vertical,832,001,12
2017,Baja California Sur,Comondú,FC,Horizontal,1,001,03
2016,Oaxaca,San Jacinto Amilpas,U1,Horizontal,4,157,20
2017,Michoacán de Ocampo,Uruapan,U2,Horizontal,12,102,16
2015,Colima,Villa de Álvarez,U3,Horizontal,75,010,06
2015,Quintana Roo,Solidaridad,U2,Horizontal,5430,008,23
2015,Tabasco,Nacajuca,U2,Horizontal,228,013,27
2016,Ciudad de México,Tlalpan,U1,Vertical,2,012,09
2017,Baja California Sur,Los Cabos,U1,Vertical,48,008,03
2016,Michoacán de Ocampo,Arteaga,FC,Horizontal,1,010,16
2016,Zacatecas,Guadalupe,U2,Horizontal,801,017,32
2017,Michoacán de Ocampo,Apatzingán,U2,Horizontal,50,006,16
2016,Puebla,San Martín Texmelucan,U1,Horizontal,1,132,21
2015,Coahuila de Zaragoza,Allende,U2,Horizontal,63,003,05
2017,Veracruz de Ignacio de la Llave,Coatepec,U1,Horizontal,77,038,30
2015,México,Tenango del Valle,U3,Horizontal,1,090,15
2017,Yucatán,Kanasín,U3,Horizontal,162,041,31
2017,México,Zinacantepec,U3,Vertical,1,118,15
2017,Guanajuato,Irapuato,U1,Vertical,9,017,11
2016,Tamaulipas,Victoria,U3,Horizontal,413,041,28
2015,Puebla,Cuautlancingo,U3,Horizontal,6,041,21
2017,Michoacán de Ocampo,Uruapan,U2,Vertical,1,102,16
2016,Nuevo León,Santa Catarina,U2,Vertical,9,048,19
2017,Michoacán de Ocampo,Morelia,U2,Horizontal,1025,053,16
2015,Jalisco,Atotonilco el Alto,U1,Horizontal,178,013,14
2017,Ciudad de México,Gustavo A. Madero,U2,Vertical,47,005,09
2016,Guanajuato,León,U1,Horizontal,218,020,11
2017,Tabasco,Centro,U3,Horizontal,19,004,27
2016,Chiapas,Comitán de Domínguez,U1,Horizontal,1,019,07
2017,Jalisco,Puerto Vallarta,FC,Vertical,636,067,14
2015,Jalisco,El Grullo,U3,Horizontal,1,037,14
2017,Yucatán,Valladolid,U3,Horizontal,46,102,31
2017,Michoacán de Ocampo,Yurécuaro,U2,Horizontal,3,106,16
2017,Chihuahua,Juárez,U1,Horizontal,344,037,08
2017,Colima,Manzanillo,U1,Horizontal,1,007,06
2017,Aguascalientes,Aguascalientes,U3,Vertical,18,001,01
2015,Jalisco,Lagos de Moreno,U2,Horizontal,25,053,14
2016,Quintana Roo,Solidaridad,U2,Horizontal,4699,008,23
2016,Zacatecas,Morelos,FC,Horizontal,4,032,32
2015,Quintana Roo,Felipe Carrillo Puerto,FC,Horizontal,40,002,23
2015,Veracruz de Ignacio de la Llave,Veracruz,U2,Vertical,2504,193,30
2017,Guanajuato,Apaseo el Grande,FC,Horizontal,132,005,11
2016,Coahuila de Zaragoza,San Buenaventura,U1,Horizontal,3,031,05
2017,Puebla,Ocoyucan,FC,Horizontal,8,106,21
2016,Durango,Lerdo,U2,Horizontal,399,012,10
2015,Colima,Cuauhtémoc,FC,Horizontal,43,005,06
2017,Ciudad de México,Iztacalco,U1,Vertical,329,006,09
2017,Morelos,Yautepec,FC,Horizontal,111,029,17
2015,Zacatecas,Fresnillo,U2,Horizontal,89,010,32
2017,Sonora,Puerto Peñasco,U2,Horizontal,75,048,26
2016,Tabasco,Centro,U3,Horizontal,5,004,27
2016,Nuevo León,Linares,U3,Horizontal,230,033,19
2015,Yucatán,Tizimín,U1,Horizontal,54,096,31
2017,Nuevo León,Monterrey,U2,Horizontal,103,039,19
2017,Aguascalientes,Jesús María,U1,Horizontal,33,005,01
2016,Michoacán de Ocampo,Los Reyes,U3,Horizontal,1,075,16
2015,Jalisco,Zapopan,U3,Horizontal,1128,120,14
2015,Yucatán,Conkal,U2,Horizontal,50,013,31
2017,Chihuahua,Hidalgo del Parral,U2,Horizontal,52,032,08
2015,México,Ecatepec de Morelos,U2,Horizontal,2,033,15
2017,Hidalgo,Zempoala,FC,Vertical,66,083,13
2015,Veracruz de Ignacio de la Llave,Córdoba,U1,Horizontal,2,044,30
2016,Nayarit,Bahía de Banderas,U3,Vertical,24,020,18
2016,Puebla,Cuautlancingo,U1,Vertical,378,041,21
2015,Zacatecas,Río Grande,U2,Horizontal,19,039,32
2015,Chiapas,Berriozábal,U2,Horizontal,48,012,07
2015,Morelos,Yecapixtla,U2,Horizontal,100,030,17
2017,Coahuila de Zaragoza,Matamoros,U3,Vertical,160,017,05
2015,Hidalgo,Tula de Allende,FC,Vertical,8,076,13
2015,Sinaloa,Mazatlán,U1,Vertical,41,012,25
2017,Tlaxcala,Huamantla,U1,Horizontal,2,013,29
2017,Coahuila de Zaragoza,Ramos Arizpe,U2,Horizontal,590,027,05
2015,México,Coacalco de Berriozábal,U1,Vertical,60,020,15
2015,Tamaulipas,Victoria,FC,Horizontal,10,041,28
2015,Veracruz de Ignacio de la Llave,Tuxpan,U3,Horizontal,81,189,30
2015,Coahuila de Zaragoza,Múzquiz,U2,Horizontal,25,020,05
2015,Morelos,Temixco,U2,Vertical,260,018,17
2015,Veracruz de Ignacio de la Llave,Emiliano Zapata,U2,Vertical,44,065,30
2017,Veracruz de Ignacio de la Llave,Veracruz,U1,Horizontal,28,193,30
2015,Yucatán,Chicxulub Pueblo,FC,Horizontal,1,020,31
2016,Veracruz de Ignacio de la Llave,Córdoba,FC,Horizontal,31,044,30
2015,México,Nextlalpan,U2,Horizontal,680,059,15
2017,Sinaloa,Ahome,U1,Horizontal,3,001,25
2017,Sonora,Caborca,U2,Horizontal,13,017,26
2017,Zacatecas,Río Grande,U2,Horizontal,4,039,32
2017,Guanajuato,León,U3,Vertical,452,020,11
2015,México,Tultitlán,U2,Horizontal,3,109,15
2017,Tlaxcala,Santa Cruz Tlaxcala,U2,Vertical,24,026,29
2015,Jalisco,Tlajomulco de Zúñiga,U2,Horizontal,4127,097,14
2016,Chiapas,Ocosingo,FC,Horizontal,10,059,07
2015,Nuevo León,Salinas Victoria,U2,Horizontal,3564,045,19
2016,Baja California Sur,Los Cabos,U3,Vertical,84,008,03
2015,Tabasco,Tenosique,U2,Horizontal,8,017,27
2016,Jalisco,San Juan de los Lagos,U2,Horizontal,95,073,14
2016,Chihuahua,Nuevo Casas Grandes,U1,Horizontal,9,050,08
2015,Coahuila de Zaragoza,Allende,U3,Horizontal,1,003,05
2016,México,Texcoco,U1,Horizontal,12,099,15
2016,Nuevo León,Apodaca,U3,Horizontal,1021,006,19
2016,San Luis Potosí,San Luis Potosí,U2,Vertical,79,028,24
2016,Michoacán de Ocampo,Los Reyes,U2,Horizontal,43,075,16
2016,Morelos,Jojutla,FC,Vertical,20,012,17
2016,Jalisco,Zapopan,U2,Horizontal,236,120,14
2016,México,Tlalmanalco,U3,Horizontal,145,103,15
2016,Veracruz de Ignacio de la Llave,Huatusco,U2,Horizontal,1,071,30
2017,Yucatán,Motul,U2,Horizontal,22,052,31
2015,Sonora,Guaymas,U2,Horizontal,429,029,26
2017,Colima,Coquimatlán,U2,Horizontal,7,004,06
2016,Puebla,Coronango,U1,Vertical,12,034,21
2017,Aguascalientes,Pabellón de Arteaga,U1,Horizontal,1,006,01
2017,Guanajuato,Acámbaro,U2,Horizontal,19,002,11
2016,Chiapas,Tapachula,U1,Horizontal,9,089,07
2017,Nuevo León,Juárez,U1,Horizontal,270,031,19
2015,Durango,Gómez Palacio,U2,Vertical,80,007,10
2017,Jalisco,San Pedro Tlaquepaque,U1,Horizontal,21,098,14
2015,Tabasco,Cárdenas,U1,Horizontal,24,002,27
2016,Puebla,Teziutlán,U2,Vertical,1,174,21
2016,Aguascalientes,Pabellón de Arteaga,U2,Horizontal,41,006,01
2016,Guanajuato,San Luis de la Paz,U3,Vertical,18,033,11
2017,Nayarit,Santiago Ixcuintla,U3,Horizontal,23,015,18
2015,Durango,Guadalupe Victoria,U2,Horizontal,5,008,10
2017,Jalisco,El Arenal,FC,Horizontal,113,009,14
2017,Guanajuato,San Francisco del Rincón,U2,Horizontal,22,031,11
2017,Guerrero,Ometepec,U2,Horizontal,2,046,12
2016,Sinaloa,Mazatlán,U3,Vertical,6,012,25
2016,Chiapas,Tapachula,U3,Vertical,6,089,07
2015,Chiapas,Tapachula,U1,Horizontal,14,089,07
2015,Yucatán,Tizimín,U2,Horizontal,2,096,31
2015,Querétaro,Pedro Escobedo,FC,Horizontal,108,012,22
2015,Guerrero,Zihuatanejo de Azueta,FC,Horizontal,62,038,12
2016,Aguascalientes,Aguascalientes,FC,Horizontal,83,001,01
2017,Guanajuato,León,FC,Horizontal,389,020,11
2017,México,Tonanitla,U3,Vertical,24,125,15
2016,Veracruz de Ignacio de la Llave,Cosoleacaque,U2,Vertical,296,048,30
2015,Coahuila de Zaragoza,Villa Unión,FC,Horizontal,1,037,05
2016,Sonora,Cajeme,U2,Horizontal,572,018,26
2017,Jalisco,Tonalá,U1,Vertical,144,101,14
2015,Yucatán,Motul,U3,Horizontal,10,052,31
2017,Jalisco,Acatlán de Juárez,FC,Horizontal,87,002,14
2015,Morelos,Temixco,U3,Horizontal,4,018,17
2015,Hidalgo,Apan,U2,Horizontal,53,008,13
2015,Hidalgo,Acatlán,FC,Horizontal,3,001,13
2017,Veracruz de Ignacio de la Llave,Emiliano Zapata,U2,Horizontal,1,065,30
2017,Baja California Sur,Comondú,U2,Horizontal,17,001,03
2015,Guanajuato,Uriangato,U2,Horizontal,6,041,11
2017,Tlaxcala,Yauhquemehcan,U3,Horizontal,2,043,29
2017,Chihuahua,Aquiles Serdán,U3,Horizontal,99,004,08
2016,San Luis Potosí,San Luis Potosí,U2,Horizontal,1899,028,24
2015,Zacatecas,Fresnillo,FC,Horizontal,1,010,32
2016,Coahuila de Zaragoza,Torreón,FC,Horizontal,30,035,05
2016,Yucatán,Kanasín,U2,Horizontal,1251,041,31
2017,Guanajuato,Acámbaro,U1,Horizontal,1,002,11
2015,Guanajuato,Dolores Hidalgo Cuna de la Independencia Nacional,U2,Horizontal,41,014,11
2017,Guerrero,Zihuatanejo de Azueta,FC,Horizontal,37,038,12
2016,Campeche,Calkiní,U3,Horizontal,30,001,04
2016,Aguascalientes,Calvillo,FC,Horizontal,3,003,01
2016,Guerrero,Acapulco de Juárez,U3,Vertical,145,001,12
2016,Yucatán,Umán,U3,Horizontal,44,101,31
2015,Coahuila de Zaragoza,San Pedro,U2,Horizontal,59,033,05
2017,Veracruz de Ignacio de la Llave,Poza Rica de Hidalgo,U2,Horizontal,82,131,30
2016,Puebla,Tehuacán,U2,Horizontal,255,156,21
2017,Sinaloa,Mazatlán,U2,Vertical,56,012,25
2015,Veracruz de Ignacio de la Llave,Veracruz,U2,Horizontal,1941,193,30
2017,Guanajuato,Salvatierra,U2,Vertical,3,028,11
2016,Jalisco,Zapopan,FC,Horizontal,594,120,14
2015,México,Huehuetoca,FC,Vertical,188,035,15
2016,Aguascalientes,Rincón de Romos,U3,Horizontal,26,007,01
2015,Nuevo León,Pesquería,U2,Horizontal,3838,041,19
2015,Zacatecas,Juan Aldama,U2,Horizontal,100,022,32
2016,Veracruz de Ignacio de la Llave,San Andrés Tuxtla,U3,Horizontal,2,141,30
2015,México,San Mateo Atenco,U2,Horizontal,1,076,15
2015,Aguascalientes,Calvillo,U1,Horizontal,5,003,01
2015,Tlaxcala,La Magdalena Tlaltelulco,U2,Horizontal,6,048,29
2015,Sinaloa,Ahome,U2,Vertical,57,001,25
2016,Tamaulipas,Matamoros,U2,Horizontal,1229,022,28
2016,Nuevo León,Cadereyta Jiménez,U3,Horizontal,62,009,19
2015,Tabasco,Centro,U2,Horizontal,15,004,27
2016,Aguascalientes,Calvillo,U2,Horizontal,9,003,01
2016,Jalisco,Tonalá,U3,Vertical,140,101,14
2017,Sonora,Cananea,U3,Horizontal,65,019,26
2017,Jalisco,Zapopan,FC,Horizontal,1020,120,14
2015,Veracruz de Ignacio de la Llave,Xalapa,U2,Horizontal,29,087,30
2016,Michoacán de Ocampo,Apatzingán,U3,Horizontal,53,006,16
2017,Morelos,Yecapixtla,U3,Horizontal,50,030,17
2017,Sonora,Nogales,U3,Horizontal,330,043,26
2017,Oaxaca,San Juan Bautista Tuxtepec,U2,Horizontal,103,184,20
2015,Campeche,Campeche,U2,Vertical,16,002,04
2017,México,Zinacantepec,U3,Horizontal,321,118,15
2015,Colima,Villa de Álvarez,U2,Horizontal,1815,010,06
2016,Nuevo León,Santa Catarina,U2,Horizontal,857,048,19
2017,Nayarit,Bahía de Banderas,U2,Horizontal,195,020,18
2016,Guanajuato,Romita,U2,Horizontal,4,026,11
2015,Yucatán,Umán,U2,Vertical,144,101,31
2017,Querétaro,El Marqués,U3,Horizontal,178,011,22
2016,Puebla,San Martín Texmelucan,U2,Vertical,344,132,21
2015,Colima,Colima,U3,Horizontal,114,002,06
2017,Nuevo León,Santa Catarina,U2,Horizontal,398,048,19
2017,Guanajuato,Irapuato,FC,Horizontal,508,017,11
2015,Jalisco,Juanacatlán,FC,Horizontal,1137,051,14
2017,Ciudad de México,Benito Juárez,U1,Vertical,63,014,09
2017,Querétaro,San Juan del Río,U2,Horizontal,422,016,22
2017,Coahuila de Zaragoza,Múzquiz,U2,Horizontal,22,020,05
2017,Chihuahua,Chihuahua,U2,Horizontal,1347,019,08
2016,Puebla,Puebla,FC,Horizontal,11,114,21
2016,Oaxaca,Santa María Huatulco,U3,Vertical,16,413,20
2016,Durango,Gómez Palacio,U2,Horizontal,723,007,10
2016,Guanajuato,Irapuato,U3,Horizontal,314,017,11
2017,Michoacán de Ocampo,Uruapan,U1,Horizontal,4,102,16
2017,Chiapas,Tapachula,U2,Vertical,148,089,07
2015,Guanajuato,Salamanca,U1,Horizontal,4,027,11
2015,Guanajuato,Celaya,U2,Horizontal,1453,007,11
2016,Jalisco,Encarnación de Díaz,U3,Horizontal,1,035,14
2016,San Luis Potosí,San Luis Potosí,U1,Vertical,113,028,24
2016,México,Lerma,U3,Horizontal,212,051,15
2016,Tabasco,Teapa,U2,Vertical,15,016,27
2016,Sinaloa,Ahome,U2,Horizontal,1396,001,25
2017,Sinaloa,Culiacán,U2,Horizontal,1008,006,25
2017,Sinaloa,Mazatlán,FC,Horizontal,27,012,25
2017,Puebla,San Andrés Cholula,U1,Horizontal,1,119,21
2016,Jalisco,Zapopan,U3,Horizontal,574,120,14
2015,Jalisco,Puerto Vallarta,FC,Vertical,420,067,14
2016,Puebla,San Martín Texmelucan,U3,Horizontal,2,132,21
2017,Hidalgo,Tizayuca,U2,Horizontal,303,069,13
2017,Veracruz de Ignacio de la Llave,San Andrés Tuxtla,U1,Vertical,16,141,30
2016,Nuevo León,Santa Catarina,U1,Horizontal,7,048,19
2016,Puebla,Tehuacán,U3,Vertical,36,156,21
2017,Hidalgo,Atotonilco de Tula,FC,Horizontal,149,013,13
2016,Hidalgo,Tula de Allende,U3,Horizontal,5,076,13
2017,Jalisco,Ixtlahuacán del Río,FC,Horizontal,14,045,14
2016,Puebla,Teziutlán,U2,Horizontal,22,174,21
2017,Jalisco,Ocotlán,U1,Horizontal,6,063,14
2016,Quintana Roo,Solidaridad,U3,Vertical,204,008,23
2015,Ciudad de México,Tláhuac,U2,Vertical,41,011,09
2015,México,Zumpango,FC,Horizontal,10,120,15
2017,Puebla,Tehuacán,U2,Horizontal,160,156,21
2016,Veracruz de Ignacio de la Llave,Córdoba,U1,Vertical,240,044,30
2016,Jalisco,Zapotlanejo,U2,Horizontal,21,124,14
2015,Baja California,Tijuana,U1,Horizontal,452,004,02
2015,Guanajuato,Guanajuato,U2,Vertical,228,015,11
2017,Sonora,Hermosillo,U1,Horizontal,27,030,26
2016,Guanajuato,Apaseo el Grande,U3,Horizontal,82,005,11
2017,Veracruz de Ignacio de la Llave,Mariano Escobedo,U3,Horizontal,129,101,30
2017,Tlaxcala,Totolac,U1,Horizontal,10,036,29
2016,Querétaro,Querétaro,U2,Vertical,316,014,22
2016,Durango,Gómez Palacio,U2,Vertical,80,007,10
2016,Guanajuato,Cortazar,U3,Vertical,48,011,11
2016,Guanajuato,Celaya,FC,Horizontal,40,007,11
2016,Tamaulipas,Ciudad Madero,U2,Vertical,12,009,28
2016,Jalisco,Tala,U2,Horizontal,56,083,14
2015,Baja California,Playas de Rosarito,FC,Vertical,27,005,02
2016,Ciudad de México,Cuauhtémoc,U2,Vertical,302,015,09
2016,Tabasco,Teapa,U3,Horizontal,2,016,27
2016,Veracruz de Ignacio de la Llave,Xalapa,U1,Horizontal,46,087,30
2016,Nuevo León,Pesquería,U2,Vertical,78,041,19
2015,México,Cuautitlán Izcalli,U2,Vertical,40,121,15
2015,Baja California Sur,La Paz,FC,Horizontal,52,003,03
2015,Nuevo León,El Carmen,FC,Horizontal,22,010,19
2015,Nuevo León,García,U3,Horizontal,1418,018,19
2016,Jalisco,Tepatitlán de Morelos,FC,Horizontal,38,093,14
2016,Puebla,Coronango,U3,Horizontal,50,034,21
2016,Guanajuato,Irapuato,FC,Horizontal,34,017,11
2015,Jalisco,Tlajomulco de Zúñiga,U3,Horizontal,1752,097,14
2016,Hidalgo,Tizayuca,FC,Horizontal,554,069,13
2016,Michoacán de Ocampo,Morelia,U1,Vertical,5,053,16
2016,Chihuahua,Nuevo Casas Grandes,U2,Horizontal,351,050,08
2016,Hidalgo,Huichapan,FC,Horizontal,4,029,13
2017,Oaxaca,Heroica Ciudad de Huajuapan de León,FC,Horizontal,3,039,20
2017,Oaxaca,Santa Lucía del Camino,U2,Horizontal,2,390,20
2015,Michoacán de Ocampo,Zamora,FC,Horizontal,244,108,16
2017,Coahuila de Zaragoza,Francisco I. Madero,U1,Horizontal,481,009,05
2017,Oaxaca,Heroica Ciudad de Huajuapan de León,U2,Horizontal,9,039,20
2017,Tamaulipas,Victoria,U1,Horizontal,12,041,28
2017,Puebla,San Andrés Cholula,U3,Vertical,3,119,21
2015,Jalisco,Ocotlán,U3,Horizontal,175,063,14
2015,Guanajuato,San Felipe,U3,Horizontal,75,030,11
2015,Chiapas,Chiapa de Corzo,FC,Horizontal,530,027,07
2016,Baja California Sur,Los Cabos,U1,Vertical,72,008,03
2016,Nuevo León,Apodaca,U2,Horizontal,1243,006,19
2017,Baja California Sur,Loreto,U3,Horizontal,2,009,03
2017,Nuevo León,San Nicolás de los Garza,U1,Vertical,47,046,19
2017,Nuevo León,García,U2,Vertical,203,018,19
2015,Yucatán,Mérida,U2,Vertical,520,050,31
2016,Puebla,Cuautlancingo,U2,Horizontal,50,041,21
2015,Quintana Roo,Solidaridad,U2,Vertical,1352,008,23
2016,Durango,Gómez Palacio,U1,Horizontal,129,007,10
2017,Tlaxcala,Santa Cruz Tlaxcala,U1,Horizontal,50,026,29
2016,Baja California Sur,Loreto,U2,Horizontal,1,009,03
2017,Sinaloa,Guasave,U3,Horizontal,258,011,25
2015,Colima,Colima,U2,Vertical,28,002,06
2017,Guanajuato,Silao de la Victoria,U2,Horizontal,202,037,11
2017,Guerrero,Acapulco de Juárez,U1,Vertical,190,001,12
2016,Guanajuato,Moroleón,U3,Horizontal,47,021,11
2017,Coahuila de Zaragoza,Torreón,FC,Horizontal,91,035,05
2017,Veracruz de Ignacio de la Llave,Veracruz,U3,Horizontal,727,193,30
2016,Baja California,Tecate,FC,Horizontal,12,003,02
2017,Puebla,Atempan,U1,Horizontal,1,017,21
2017,Sonora,Hermosillo,U3,Horizontal,1108,030,26
2015,Veracruz de Ignacio de la Llave,Xico,FC,Horizontal,9,092,30
2015,México,Lerma,U3,Horizontal,459,051,15
2017,Hidalgo,Tepeji del Río de Ocampo,U3,Vertical,140,063,13
2015,Querétaro,Corregidora,FC,Horizontal,161,006,22
2016,Tamaulipas,Altamira,U2,Vertical,1288,003,28
2017,Colima,Colima,U2,Horizontal,278,002,06
2017,Hidalgo,Tulancingo de Bravo,U2,Horizontal,16,077,13
2016,Veracruz de Ignacio de la Llave,Xalapa,U2,Horizontal,19,087,30
2017,Tamaulipas,Valle Hermoso,U2,Horizontal,79,040,28
2017,Yucatán,Mérida,U3,Vertical,144,050,31
2015,Baja California Sur,La Paz,U2,Vertical,144,003,03
2017,Hidalgo,Zempoala,FC,Horizontal,471,083,13
2017,Nuevo León,Apodaca,U1,Horizontal,511,006,19
2015,Tamaulipas,Reynosa,U1,Horizontal,292,032,28
2015,Aguascalientes,Pabellón de Arteaga,U3,Horizontal,14,006,01
2015,Sinaloa,Ahome,U3,Horizontal,42,001,25
2016,Puebla,Atlixco,U3,Horizontal,45,019,21
2015,Durango,Durango,U1,Horizontal,287,005,10
2017,Quintana Roo,Solidaridad,U2,Horizontal,3041,008,23
2015,Tamaulipas,Tampico,U1,Horizontal,55,038,28
2017,Chihuahua,Cuauhtémoc,U2,Horizontal,71,017,08
2017,Nuevo León,Salinas Victoria,U3,Horizontal,642,045,19
2017,Jalisco,Lagos de Moreno,U2,Horizontal,906,053,14
2015,Coahuila de Zaragoza,Saltillo,U2,Horizontal,2461,030,05
2015,México,Tecámac,U2,Vertical,682,081,15
2015,Tlaxcala,Ixtacuixtla de Mariano Matamoros,U2,Horizontal,1,015,29
2015,Aguascalientes,Cosío,FC,Horizontal,25,004,01
2016,Guerrero,Chilpancingo de los Bravo,U1,Vertical,67,029,12
2015,Nayarit,Bahía de Banderas,U3,Vertical,48,020,18
2016,Michoacán de Ocampo,Tarímbaro,U2,Vertical,160,088,16
2017,Puebla,Tecamachalco,U2,Vertical,2,154,21
2015,Veracruz de Ignacio de la Llave,Poza Rica de Hidalgo,U2,Vertical,114,131,30
2017,Puebla,Tehuacán,U1,Horizontal,82,156,21
2015,Guanajuato,Irapuato,U3,Vertical,4,017,11
2017,Jalisco,Ixtlahuacán de los Membrillos,U2,Vertical,168,044,14
2016,Tlaxcala,Contla de Juan Cuamatzi,U1,Horizontal,2,018,29
2016,Chiapas,Tuxtla Gutiérrez,U2,Horizontal,87,101,07
2017,Puebla,Teziutlán,U2,Horizontal,91,174,21
2016,México,Acolman,U3,Vertical,60,002,15
2017,Puebla,Atlixco,U3,Horizontal,83,019,21
2016,Guanajuato,Guanajuato,U3,Horizontal,65,015,11
2016,Jalisco,Tepatitlán de Morelos,U3,Horizontal,72,093,14
2017,Coahuila de Zaragoza,Nava,U3,Horizontal,92,022,05
2017,Guanajuato,Salamanca,FC,Horizontal,294,027,11
2015,Guerrero,Iguala de la Independencia,U3,Horizontal,4,035,12
2016,Querétaro,Querétaro,U2,Horizontal,2100,014,22
2015,Michoacán de Ocampo,Zamora,U3,Horizontal,123,108,16
2016,Tabasco,Paraíso,U2,Horizontal,1,014,27
2015,Michoacán de Ocampo,Lázaro Cárdenas,U3,Horizontal,4,052,16
2017,Morelos,Cuautla,U1,Horizontal,6,006,17
2016,Tamaulipas,Matamoros,U3,Horizontal,157,022,28
2015,Guanajuato,Guanajuato,U2,Horizontal,548,015,11
2015,Yucatán,Mérida,FC,Horizontal,67,050,31
2016,Veracruz de Ignacio de la Llave,Veracruz,U3,Horizontal,350,193,30
2017,Coahuila de Zaragoza,Monclova,U1,Horizontal,121,018,05
2015,Jalisco,Encarnación de Díaz,FC,Horizontal,24,035,14
2017,Oaxaca,Tlacolula de Matamoros,U3,Vertical,328,551,20
2016,México,Ecatepec de Morelos,U1,Horizontal,554,033,15
2017,Jalisco,Guadalajara,U1,Horizontal,1,039,14
2016,Chihuahua,Juárez,U1,Horizontal,133,037,08
2016,Tamaulipas,Victoria,U1,Horizontal,9,041,28
2015,Tamaulipas,Tampico,FC,Horizontal,3,038,28
2015,Veracruz de Ignacio de la Llave,Naranjos Amatlán,U2,Horizontal,3,013,30
2017,Jalisco,Guadalajara,U1,Vertical,25,039,14
2015,Coahuila de Zaragoza,Ramos Arizpe,U3,Horizontal,6,027,05
2016,Colima,Armería,U2,Horizontal,88,001,06
2015,Chiapas,San Cristóbal de las Casas,U2,Vertical,1,078,07
2016,Chiapas,Tuxtla Gutiérrez,U2,Vertical,994,101,07
2015,Jalisco,Zapopan,FC,Vertical,486,120,14
2017,Coahuila de Zaragoza,Frontera,U1,Horizontal,153,010,05
2017,Guerrero,Chilpancingo de los Bravo,U3,Horizontal,23,029,12
2017,Nayarit,Bahía de Banderas,U2,Vertical,330,020,18
2015,Michoacán de Ocampo,Erongarícuaro,FC,Horizontal,5,032,16
2016,México,Tonanitla,U2,Horizontal,412,125,15
2015,Michoacán de Ocampo,Sahuayo,U1,Horizontal,3,076,16
2015,Zacatecas,Guadalupe,U2,Horizontal,1803,017,32
2015,Guanajuato,Dolores Hidalgo Cuna de la Independencia Nacional,U3,Vertical,51,014,11
2015,Sonora,Nogales,U2,Horizontal,1188,043,26
2016,Veracruz de Ignacio de la Llave,Orizaba,U2,Horizontal,13,118,30
2015,Nuevo León,San Nicolás de los Garza,U1,Horizontal,1,046,19
2017,Jalisco,Ameca,U3,Horizontal,24,006,14
2015,Coahuila de Zaragoza,Sabinas,U1,Horizontal,5,028,05
2017,Jalisco,Zapotlanejo,FC,Horizontal,19,124,14
2015,Guanajuato,León,U3,Vertical,969,020,11
2015,Oaxaca,Tlacolula de Matamoros,U2,Vertical,256,551,20
2016,Nuevo León,Guadalupe,U1,Horizontal,48,026,19
2016,Jalisco,Zapotlanejo,U3,Horizontal,57,124,14
2017,Jalisco,Zapopan,U3,Horizontal,916,120,14
2017,Guanajuato,Apaseo el Grande,U2,Horizontal,102,005,11
2017,Jalisco,Ixtlahuacán de los Membrillos,U3,Horizontal,10,044,14
2016,Quintana Roo,Benito Juárez,U2,Horizontal,4695,005,23
2017,Veracruz de Ignacio de la Llave,Fortín,U2,Horizontal,4,068,30
2015,Puebla,San Salvador el Verde,U2,Vertical,95,143,21
2017,Michoacán de Ocampo,Los Reyes,U2,Vertical,4,075,16
2016,Jalisco,Tala,U1,Horizontal,11,083,14
2015,Veracruz de Ignacio de la Llave,Xalapa,U3,Vertical,205,087,30
2015,Nuevo León,Linares,U2,Horizontal,93,033,19
2015,Nuevo León,Juárez,U1,Horizontal,1084,031,19
2015,Veracruz de Ignacio de la Llave,Mariano Escobedo,U2,Horizontal,59,101,30
2016,Sonora,Nogales,U2,Horizontal,613,043,26
2017,Nuevo León,Juárez,U3,Horizontal,2090,031,19
2015,Hidalgo,Santiago Tulantepec de Lugo Guerrero,U2,Horizontal,99,056,13
2016,Ciudad de México,Tláhuac,U2,Vertical,149,011,09
2017,Nuevo León,El Carmen,U3,Horizontal,1356,010,19
2015,Coahuila de Zaragoza,Cuatro Ciénegas,FC,Horizontal,9,007,05
2017,Morelos,Cuernavaca,U1,Vertical,140,007,17
2016,Jalisco,Zapotlanejo,FC,Horizontal,14,124,14
2017,Oaxaca,Guadalupe Etla,FC,Horizontal,2,033,20
2017,Tamaulipas,Tampico,U1,Horizontal,89,038,28
2016,Tabasco,Nacajuca,U2,Vertical,448,013,27
2015,Tabasco,Teapa,U1,Horizontal,2,016,27
2017,Querétaro,Querétaro,U1,Vertical,141,014,22
2015,Chihuahua,Chihuahua,U2,Horizontal,3686,019,08
2016,Guanajuato,San Miguel de Allende,FC,Horizontal,148,003,11
2015,Jalisco,Guadalajara,U2,Vertical,398,039,14
2017,Baja California Sur,Los Cabos,U2,Vertical,327,008,03
2015,Tabasco,Nacajuca,U3,Horizontal,15,013,27
2016,Querétaro,Tequisquiapan,FC,Horizontal,1,017,22
2017,Hidalgo,Mineral de la Reforma,U3,Horizontal,137,051,13
2015,Puebla,Amozoc,U1,Vertical,156,015,21
2016,Yucatán,Progreso,FC,Horizontal,1,059,31
2017,Veracruz de Ignacio de la Llave,Medellín de Bravo,U3,Horizontal,72,105,30
2016,Tabasco,Cunduacán,U2,Vertical,80,006,27
2017,Jalisco,Encarnación de Díaz,U2,Horizontal,101,035,14
2016,Nuevo León,Pesquería,FC,Horizontal,577,041,19
2015,Tamaulipas,Ciudad Madero,U1,Vertical,3,009,28
2016,San Luis Potosí,Ebano,U2,Horizontal,22,016,24
2016,Guanajuato,Guanajuato,U2,Vertical,36,015,11
2016,Jalisco,Casimiro Castillo,FC,Horizontal,10,021,14
2017,Oaxaca,Ciudad Ixtepec,U2,Horizontal,50,014,20
2016,Aguascalientes,Calvillo,U3,Horizontal,7,003,01
2016,Ciudad de México,Venustiano Carranza,U1,Horizontal,1,017,09
2017,Jalisco,Lagos de Moreno,U2,Vertical,3,053,14
2017,Morelos,Temixco,U3,Vertical,184,018,17
2015,Hidalgo,Zempoala,U2,Horizontal,1015,083,13
2015,Michoacán de Ocampo,Hidalgo,U2,Horizontal,33,034,16
2015,Baja California,Tijuana,U3,Horizontal,284,004,02
2015,Chiapas,Tuxtla Gutiérrez,U2,Vertical,12,101,07
2017,Michoacán de Ocampo,Puruándiro,U2,Horizontal,1,071,16
2016,Durango,Poanas,FC,Horizontal,9,022,10
2015,Tabasco,Centro,U3,Vertical,20,004,27
2017,Yucatán,Mérida,U1,Horizontal,110,050,31
2016,Veracruz de Ignacio de la Llave,Cosoleacaque,U2,Horizontal,54,048,30
2015,Morelos,Yecapixtla,U3,Horizontal,3,030,17
2016,Yucatán,Umán,U2,Vertical,160,101,31
2016,Yucatán,Umán,U1,Horizontal,61,101,31
2017,Hidalgo,Atotonilco de Tula,U1,Horizontal,372,013,13
2017,Michoacán de Ocampo,Jacona,U2,Horizontal,18,043,16
2015,Guanajuato,Dolores Hidalgo Cuna de la Independencia Nacional,U2,Vertical,12,014,11
2015,Ciudad de México,Iztapalapa,U2,Vertical,106,007,09
2015,Tlaxcala,Yauhquemehcan,U2,Horizontal,82,043,29
2017,Zacatecas,Loreto,U2,Horizontal,2,024,32
2015,Guanajuato,Apaseo el Grande,FC,Horizontal,382,005,11
2017,Puebla,Puebla,U1,Vertical,109,114,21
2015,San Luis Potosí,Soledad de Graciano Sánchez,U3,Horizontal,126,035,24
2015,Guanajuato,Purísima del Rincón,U2,Horizontal,13,025,11
2017,Colima,Cuauhtémoc,FC,Horizontal,4,005,06
2015,San Luis Potosí,San Luis Potosí,U2,Horizontal,2125,028,24
2017,Jalisco,Tonalá,U3,Horizontal,378,101,14
2016,Veracruz de Ignacio de la Llave,Cosoleacaque,U3,Horizontal,5,048,30
2015,Guerrero,Acapulco de Juárez,U3,Vertical,112,001,12
2015,Coahuila de Zaragoza,Piedras Negras,U2,Horizontal,607,025,05
2016,Guerrero,Chilpancingo de los Bravo,U2,Vertical,274,029,12
2015,Jalisco,Ixtlahuacán de los Membrillos,U2,Vertical,234,044,14
2017,Baja California Sur,La Paz,U2,Vertical,15,003,03
2016,Quintana Roo,Cozumel,U3,Horizontal,15,001,23
2016,Tamaulipas,Victoria,U2,Horizontal,1191,041,28
2017,Puebla,Huejotzingo,U3,Horizontal,187,074,21
2015,Querétaro,San Juan del Río,U3,Vertical,28,016,22
2015,Coahuila de Zaragoza,Francisco I. Madero,U2,Horizontal,210,009,05
2015,Guerrero,Chilpancingo de los Bravo,U3,Vertical,16,029,12
2015,Guanajuato,Dolores Hidalgo Cuna de la Independencia Nacional,FC,Horizontal,21,014,11
2016,Colima,Cuauhtémoc,FC,Horizontal,3,005,06
2016,Jalisco,Jocotepec,U1,Horizontal,1,050,14
2017,Baja California,Tecate,FC,Horizontal,6,003,02
2017,Tamaulipas,El Mante,U2,Horizontal,47,021,28
2016,Durango,Gómez Palacio,U3,Horizontal,49,007,10
2017,Oaxaca,San Juan Bautista Tuxtepec,U2,Vertical,47,184,20
2017,México,Atizapán de Zaragoza,U2,Vertical,3,013,15
2017,Puebla,Cuautlancingo,U1,Vertical,48,041,21
2017,Sonora,Caborca,U3,Horizontal,130,017,26
2016,Tamaulipas,Nuevo Laredo,U2,Horizontal,89,027,28
2016,Morelos,Ayala,U3,Horizontal,90,004,17
2015,Jalisco,Tlajomulco de Zúñiga,U2,Vertical,12360,097,14
2017,Guanajuato,Cortazar,U3,Horizontal,171,011,11
2017,Quintana Roo,Solidaridad,U3,Horizontal,895,008,23
2015,Guanajuato,Apaseo el Grande,U2,Vertical,520,005,11
2015,Yucatán,Ticul,FC,Horizontal,1,089,31
2015,Chihuahua,Juárez,U2,Horizontal,3485,037,08
2015,Nuevo León,El Carmen,U2,Horizontal,3459,010,19
2017,Jalisco,Atotonilco el Alto,FC,Horizontal,9,013,14
2017,México,Huehuetoca,U2,Horizontal,220,035,15
2015,Veracruz de Ignacio de la Llave,Tantoyuca,U2,Horizontal,7,155,30
2016,Ciudad de México,Azcapotzalco,U1,Vertical,4,002,09
2016,Hidalgo,Mineral de la Reforma,U3,Horizontal,1116,051,13
2015,México,Tlalmanalco,U3,Horizontal,200,103,15
2017,Querétaro,El Marqués,U2,Horizontal,735,011,22
2015,Coahuila de Zaragoza,Parras,U2,Horizontal,52,024,05
2017,Michoacán de Ocampo,Zacapu,U1,Horizontal,3,107,16
2015,Guanajuato,Acámbaro,U2,Horizontal,41,002,11
2017,Zacatecas,Fresnillo,U2,Horizontal,75,010,32
2016,Puebla,Huauchinango,U2,Horizontal,37,071,21
2016,Tlaxcala,Santa Cruz Tlaxcala,U2,Vertical,168,026,29
2017,Guanajuato,San José Iturbide,U3,Horizontal,84,032,11
2017,Querétaro,El Marqués,FC,Horizontal,999,011,22
2017,Yucatán,Umán,U3,Vertical,332,101,31
2015,Tlaxcala,Xaloztoc,U2,Horizontal,4,039,29
2015,Michoacán de Ocampo,Tarímbaro,U3,Horizontal,29,088,16
2017,Michoacán de Ocampo,Lázaro Cárdenas,U1,Horizontal,13,052,16
2017,Jalisco,Tonalá,U2,Horizontal,315,101,14
2016,México,Cuautitlán Izcalli,U2,Vertical,100,121,15
2017,Jalisco,Zapopan,U1,Horizontal,16,120,14
2016,Baja California,Tijuana,U3,Horizontal,789,004,02
2016,Michoacán de Ocampo,Sahuayo,U3,Horizontal,26,076,16
2017,Zacatecas,Río Grande,U3,Horizontal,6,039,32
2016,Ciudad de México,La Magdalena Contreras,U2,Vertical,6,008,09
2017,Guanajuato,Cortazar,U2,Horizontal,111,011,11
2015,Jalisco,Tequila,U2,Horizontal,2,094,14
2015,Jalisco,Tonalá,U2,Vertical,71,101,14
2017,Sonora,Hermosillo,FC,Horizontal,3,030,26
2017,San Luis Potosí,Soledad de Graciano Sánchez,U3,Horizontal,646,035,24
2017,Sonora,Empalme,U2,Horizontal,26,025,26
2016,Michoacán de Ocampo,Zitácuaro,U2,Horizontal,14,112,16
2017,México,Xonacatlán,U3,Horizontal,39,115,15
2016,Jalisco,Sayula,U3,Horizontal,4,082,14
2016,Chihuahua,Cuauhtémoc,U3,Horizontal,104,017,08
2015,Guanajuato,San Luis de la Paz,U3,Horizontal,246,033,11
2015,Baja California Sur,La Paz,U1,Horizontal,25,003,03
2017,Querétaro,Tequisquiapan,U2,Horizontal,2,017,22
2016,Yucatán,Valladolid,U3,Horizontal,113,102,31
2015,Puebla,Huejotzingo,U2,Horizontal,719,074,21
2017,Guanajuato,Apaseo el Grande,U3,Vertical,84,005,11
2017,Jalisco,Tepatitlán de Morelos,U1,Horizontal,13,093,14
2015,Yucatán,Dzemul,FC,Horizontal,1,026,31
2016,Guerrero,Iguala de la Independencia,U2,Horizontal,1,035,12
2017,México,Tianguistenco,U3,Horizontal,587,101,15
2016,Quintana Roo,Benito Juárez,U1,Vertical,2,005,23
2016,Veracruz de Ignacio de la Llave,Coatzacoalcos,U2,Horizontal,62,039,30
2017,Coahuila de Zaragoza,Piedras Negras,U2,Horizontal,202,025,05
2017,Hidalgo,Ixmiquilpan,U2,Horizontal,2,030,13
2017,Hidalgo,Mineral de la Reforma,FC,Vertical,160,051,13
2017,Nuevo León,Pesquería,U3,Horizontal,402,041,19
2016,Coahuila de Zaragoza,Piedras Negras,U2,Horizontal,646,025,05
2016,Puebla,Tehuacán,U2,Vertical,180,156,21
2015,Chiapas,Chiapa de Corzo,U3,Horizontal,11,027,07
2016,Guerrero,Acapulco de Juárez,U2,Horizontal,413,001,12
2017,Guerrero,Iguala de la Independencia,U1,Vertical,160,035,12
2017,Michoacán de Ocampo,Marcos Castellanos,FC,Horizontal,20,051,16
2016,San Luis Potosí,Ciudad Valles,U3,Horizontal,100,013,24
2015,Tlaxcala,Huamantla,U1,Horizontal,5,013,29
2017,Jalisco,Puerto Vallarta,U3,Vertical,2,067,14
2017,Durango,Durango,U2,Horizontal,355,005,10
2016,Baja California,Ensenada,U3,Horizontal,211,001,02
2017,Oaxaca,Santa María Atzompa,U3,Horizontal,73,399,20
2017,Nayarit,Xalisco,U2,Horizontal,73,008,18
2015,Coahuila de Zaragoza,Saltillo,U3,Horizontal,773,030,05
2017,Coahuila de Zaragoza,Sacramento,FC,Horizontal,11,029,05
2016,México,Texcoco,U2,Horizontal,146,099,15
2015,San Luis Potosí,Ciudad Valles,U1,Horizontal,16,013,24
2016,Quintana Roo,Benito Juárez,U1,Horizontal,87,005,23
2015,Jalisco,Gómez Farías,FC,Horizontal,1,079,14
2015,San Luis Potosí,Villa de Reyes,FC,Horizontal,32,050,24
2017,Veracruz de Ignacio de la Llave,Coatzintla,U2,Horizontal,1,040,30
2017,Tlaxcala,Apizaco,U2,Horizontal,28,005,29
2017,San Luis Potosí,San Luis Potosí,FC,Horizontal,250,028,24
2015,Ciudad de México,Coyoacán,U2,Vertical,35,003,09
2017,Coahuila de Zaragoza,Torreón,U2,Vertical,13,035,05
2017,Oaxaca,Salina Cruz,U3,Horizontal,25,079,20
2015,Tlaxcala,Zacatelco,U2,Vertical,40,044,29
2017,Zacatecas,Calera,U1,Horizontal,5,005,32
2015,Coahuila de Zaragoza,Múzquiz,U3,Horizontal,51,020,05
2016,México,Tecámac,U3,Vertical,306,081,15
2016,Coahuila de Zaragoza,Monclova,U2,Horizontal,78,018,05
2016,Chihuahua,Delicias,U1,Horizontal,53,021,08
2016,Veracruz de Ignacio de la Llave,Veracruz,U2,Vertical,988,193,30
2015,Jalisco,Lagos de Moreno,U3,Horizontal,195,053,14
2017,Tamaulipas,Matamoros,U3,Horizontal,567,022,28
2017,Guanajuato,Irapuato,U3,Horizontal,280,017,11
2017,Michoacán de Ocampo,La Piedad,U1,Horizontal,9,069,16
2015,Querétaro,Querétaro,U2,Vertical,1150,014,22
2015,Jalisco,Acatic,FC,Horizontal,40,001,14
2016,Nuevo León,Montemorelos,U3,Horizontal,111,038,19
2017,Baja California Sur,Los Cabos,U2,Horizontal,171,008,03
2015,Veracruz de Ignacio de la Llave,Martínez de la Torre,U3,Horizontal,3,102,30
2016,Coahuila de Zaragoza,Acuña,U3,Horizontal,50,002,05
2015,Jalisco,San Juan de los Lagos,U2,Horizontal,11,073,14
2015,Veracruz de Ignacio de la Llave,Veracruz,FC,Horizontal,366,193,30
2016,Nayarit,Xalisco,U1,Horizontal,8,008,18
2017,Tamaulipas,El Mante,U3,Horizontal,58,021,28
2015,Sinaloa,Ahome,FC,Horizontal,9,001,25
2017,Guanajuato,Irapuato,U2,Horizontal,847,017,11
2017,México,Ecatepec de Morelos,U1,Horizontal,341,033,15
2016,Jalisco,Jocotepec,U2,Vertical,66,050,14
2015,Chihuahua,Cuauhtémoc,U1,Horizontal,25,017,08
2017,Michoacán de Ocampo,Morelia,U1,Vertical,18,053,16
2016,Ciudad de México,Cuauhtémoc,U1,Vertical,395,015,09
2015,Puebla,Puebla,U3,Vertical,192,114,21
2016,Zacatecas,Guadalupe,U3,Horizontal,746,017,32
2017,Chiapas,Tonalá,U2,Horizontal,22,097,07
2015,Jalisco,Zapopan,U1,Horizontal,21,120,14
2016,Sinaloa,Mazatlán,U3,Horizontal,293,012,25
2015,Tamaulipas,Matamoros,U3,Horizontal,471,022,28
2016,Zacatecas,Río Grande,U3,Horizontal,3,039,32
2016,Tlaxcala,Chiautempan,U1,Horizontal,9,010,29
2016,San Luis Potosí,Soledad de Graciano Sánchez,U2,Horizontal,1502,035,24
2016,México,Calimaya,U3,Horizontal,6,018,15
2017,Zacatecas,Jalpa,FC,Horizontal,1,019,32
2016,Jalisco,Juanacatlán,FC,Horizontal,587,051,14
2016,Chiapas,Tapachula,FC,Horizontal,60,089,07
2015,Baja California,Ensenada,U1,Horizontal,20,001,02
2015,Chihuahua,Chihuahua,U3,Horizontal,566,019,08
2015,Sinaloa,Salvador Alvarado,U2,Horizontal,361,015,25
2016,Guanajuato,Salamanca,U2,Horizontal,6,027,11
2015,Guanajuato,León,U2,Vertical,3958,020,11
2017,Sonora,Cajeme,FC,Horizontal,78,018,26
2015,Oaxaca,Heroica Ciudad de Huajuapan de León,FC,Horizontal,46,039,20
2017,Guanajuato,Celaya,U3,Horizontal,259,007,11
2017,Querétaro,Corregidora,U2,Horizontal,89,006,22
2016,Coahuila de Zaragoza,Torreón,U3,Horizontal,230,035,05
2016,Sonora,Cumpas,FC,Horizontal,16,023,26
2017,Querétaro,Corregidora,U3,Vertical,264,006,22
2016,Jalisco,El Arenal,FC,Vertical,288,009,14
2016,Coahuila de Zaragoza,Acuña,U1,Horizontal,230,002,05
2015,Morelos,Emiliano Zapata,U1,Horizontal,114,008,17
2015,Tamaulipas,El Mante,U2,Horizontal,37,021,28
2016,Hidalgo,Tizayuca,U2,Vertical,1591,069,13
2015,Nuevo León,Sabinas Hidalgo,U3,Horizontal,159,044,19
2017,México,Huehuetoca,U1,Horizontal,75,035,15
2015,Hidalgo,Tulancingo de Bravo,FC,Horizontal,5,077,13
2016,Hidalgo,Atotonilco de Tula,FC,Horizontal,775,013,13
2016,Guanajuato,Irapuato,U2,Horizontal,500,017,11
2015,Tabasco,Comalcalco,U2,Horizontal,1,005,27
2017,México,Lerma,U2,Horizontal,54,051,15
2015,Veracruz de Ignacio de la Llave,Martínez de la Torre,U2,Horizontal,1,102,30
2015,Hidalgo,Pachuca de Soto,U1,Horizontal,5,048,13
2015,Veracruz de Ignacio de la Llave,San Andrés Tuxtla,U2,Vertical,72,141,30
2015,Quintana Roo,Benito Juárez,FC,Vertical,8,005,23
2015,Hidalgo,Tizayuca,U3,Horizontal,491,069,13
2017,Tamaulipas,Reynosa,U3,Vertical,9,032,28
2015,Veracruz de Ignacio de la Llave,Medellín de Bravo,U2,Horizontal,630,105,30
2016,Nuevo León,San Nicolás de los Garza,U2,Horizontal,6,046,19
2015,México,Toluca,U2,Horizontal,152,106,15
2015,Chiapas,San Cristóbal de las Casas,FC,Horizontal,26,078,07
2015,Aguascalientes,Jesús María,FC,Horizontal,33,005,01
2017,Guanajuato,Purísima del Rincón,U3,Horizontal,1,025,11
2017,Michoacán de Ocampo,Jiquilpan,U2,Horizontal,7,045,16
2015,México,Acolman,FC,Horizontal,1,002,15
2015,Colima,Colima,FC,Horizontal,11,002,06
2015,Guanajuato,Purísima del Rincón,U1,Horizontal,7,025,11
2017,Guerrero,Tlapehuala,FC,Horizontal,30,067,12
2015,Baja California,Ensenada,U2,Vertical,166,001,02
2016,Veracruz de Ignacio de la Llave,Emiliano Zapata,U3,Horizontal,3,065,30
2016,Nuevo León,Pesquería,U2,Horizontal,2312,041,19
2016,Querétaro,El Marqués,U2,Vertical,354,011,22
2017,Guanajuato,Salvatierra,U2,Horizontal,25,028,11
2017,Guanajuato,Purísima del Rincón,U3,Vertical,18,025,11
2016,Jalisco,Lagos de Moreno,U1,Horizontal,159,053,14
2017,Hidalgo,Ixmiquilpan,U1,Horizontal,3,030,13
2017,Nuevo León,García,U3,Horizontal,3386,018,19
2017,Querétaro,El Marqués,FC,Vertical,752,011,22
2016,Yucatán,Mérida,U1,Horizontal,218,050,31
2015,Chiapas,Tapachula,U2,Horizontal,60,089,07
2015,Coahuila de Zaragoza,Saltillo,U1,Horizontal,129,030,05
2017,Baja California Sur,Los Cabos,U1,Horizontal,3,008,03
2015,México,Chicoloapan,U2,Horizontal,20,029,15
2016,Tabasco,Cunduacán,U1,Horizontal,1,006,27
2016,Coahuila de Zaragoza,Matamoros,U3,Horizontal,273,017,05
2017,Veracruz de Ignacio de la Llave,Coatzacoalcos,U3,Vertical,288,039,30
2015,Morelos,Ayala,FC,Horizontal,71,004,17
2015,Ciudad de México,Venustiano Carranza,U2,Horizontal,1,017,09
2015,Sonora,Hermosillo,FC,Horizontal,231,030,26
2016,Baja California Sur,La Paz,FC,Horizontal,86,003,03
2016,Veracruz de Ignacio de la Llave,Coatzacoalcos,U2,Vertical,16,039,30
2017,Guanajuato,Villagrán,FC,Horizontal,292,044,11
2017,Yucatán,Conkal,U2,Horizontal,128,013,31
2017,Coahuila de Zaragoza,Piedras Negras,U3,Horizontal,362,025,05
2015,Tlaxcala,Apizaco,U2,Horizontal,33,005,29
2017,Puebla,Amozoc,U1,Horizontal,44,015,21
2017,Puebla,Teziutlán,U1,Vertical,10,174,21
2017,Guanajuato,Guanajuato,U2,Horizontal,97,015,11
2017,Sinaloa,Guasave,U2,Horizontal,90,011,25
2016,México,Zinacantepec,U3,Horizontal,252,118,15
2016,Veracruz de Ignacio de la Llave,Córdoba,U1,Horizontal,48,044,30
2015,Hidalgo,Tolcayuca,FC,Horizontal,158,075,13
2017,Veracruz de Ignacio de la Llave,Martínez de la Torre,U2,Horizontal,5,102,30
2015,Jalisco,Tlajomulco de Zúñiga,U3,Vertical,3703,097,14
2016,Michoacán de Ocampo,Lázaro Cárdenas,FC,Horizontal,10,052,16
2015,Coahuila de Zaragoza,Monclova,U1,Horizontal,227,018,05
2015,Oaxaca,Santa Cruz Xoxocotlán,U3,Horizontal,29,385,20
2017,Querétaro,Corregidora,FC,Horizontal,658,006,22
2017,Nuevo León,General Zuazua,FC,Horizontal,3011,025,19
2016,Nayarit,Tepic,U2,Vertical,568,017,18
2015,Jalisco,La Barca,U3,Horizontal,38,018,14
2015,Jalisco,Tonalá,FC,Horizontal,587,101,14
2016,Tamaulipas,El Mante,U2,Horizontal,17,021,28
2016,Tamaulipas,Altamira,U3,Vertical,748,003,28
2015,Michoacán de Ocampo,Zamora,U1,Horizontal,73,108,16
2015,Yucatán,Oxkutzcab,U2,Horizontal,1,056,31
2015,Chiapas,Cintalapa de Figueroa,U1,Horizontal,2,017,07
2017,Jalisco,Cocula,FC,Horizontal,2,024,14
2015,Michoacán de Ocampo,La Piedad,U2,Horizontal,101,069,16
2015,Aguascalientes,Pabellón de Arteaga,U1,Horizontal,13,006,01
2017,Baja California,Tecate,U1,Horizontal,4,003,02
2015,Baja California,Mexicali,U3,Horizontal,264,002,02
2017,Puebla,Cuautlancingo,U3,Vertical,268,041,21
2017,Jalisco,Tala,U3,Horizontal,61,083,14
2016,Guanajuato,Silao de la Victoria,U2,Horizontal,125,037,11
2015,Michoacán de Ocampo,Morelia,U3,Horizontal,76,053,16
2016,Yucatán,Oxkutzcab,U2,Horizontal,11,056,31
2017,Aguascalientes,Pabellón de Arteaga,U2,Horizontal,17,006,01
2015,Querétaro,Corregidora,U2,Horizontal,311,006,22
2015,Coahuila de Zaragoza,Ramos Arizpe,U2,Horizontal,956,027,05
2017,Aguascalientes,Aguascalientes,U1,Horizontal,360,001,01
2015,Tamaulipas,Altamira,U2,Vertical,1768,003,28
2016,Oaxaca,Santa María Atzompa,U3,Horizontal,63,399,20
2016,Michoacán de Ocampo,Tarímbaro,U3,Horizontal,12,088,16
2015,Baja California Sur,Los Cabos,U2,Horizontal,316,008,03
2017,Jalisco,Tonalá,FC,Horizontal,627,101,14
2017,Tlaxcala,Chiautempan,U1,Horizontal,3,010,29
2016,México,La Paz,U1,Vertical,16,070,15
2017,San Luis Potosí,Tamuín,U1,Horizontal,1,040,24
2016,Jalisco,Ixtlahuacán de los Membrillos,U3,Horizontal,27,044,14
2016,Colima,Manzanillo,U2,Horizontal,546,007,06
2015,Nuevo León,General Escobedo,U1,Horizontal,17,021,19
2015,Sonora,Agua Prieta,U3,Horizontal,42,002,26
2017,Nuevo León,Cadereyta Jiménez,U2,Horizontal,27,009,19
2016,Chiapas,Tuxtla Gutiérrez,FC,Vertical,224,101,07
2016,Michoacán de Ocampo,Zacapu,U2,Horizontal,86,107,16
2015,Durango,Durango,U3,Horizontal,221,005,10
2016,Puebla,Juan C. Bonilla,U1,Vertical,424,090,21
2016,México,Huehuetoca,FC,Vertical,464,035,15
2015,Querétaro,Querétaro,U3,Vertical,235,014,22
2017,Tabasco,Centro,U2,Vertical,112,004,27
2016,Michoacán de Ocampo,Coahuayana,FC,Horizontal,2,014,16
2017,Guanajuato,Dolores Hidalgo Cuna de la Independencia Nacional,FC,Vertical,32,014,11
2016,Jalisco,Mazamitla,FC,Horizontal,3,059,14
2017,Chiapas,Tonalá,U2,Vertical,47,097,07
2016,Tamaulipas,Nuevo Laredo,U3,Horizontal,91,027,28
2015,Ciudad de México,Gustavo A. Madero,U1,Vertical,110,005,09
2015,Sonora,Navojoa,U3,Horizontal,25,042,26
2016,Guanajuato,San Francisco del Rincón,U2,Horizontal,280,031,11
2016,Puebla,Cuautlancingo,U3,Horizontal,87,041,21
2016,México,Texcoco,U2,Vertical,186,099,15
2017,Tabasco,Huimanguillo,U1,Horizontal,4,008,27
2016,Tabasco,Cárdenas,U3,Horizontal,4,002,27
2016,Tabasco,Nacajuca,U2,Horizontal,26,013,27
2016,Yucatán,Kanasín,U3,Horizontal,184,041,31
2015,Michoacán de Ocampo,Apatzingán,U2,Horizontal,18,006,16
2015,Durango,Vicente Guerrero,U2,Horizontal,3,038,10
2016,Tamaulipas,Valle Hermoso,U2,Horizontal,55,040,28
2015,Sonora,General Plutarco Elías Calles,U1,Horizontal,1,070,26
2016,Quintana Roo,Puerto Morelos,U3,Horizontal,58,011,23
2017,Jalisco,San Juan de los Lagos,U2,Horizontal,3,073,14
2015,Colima,Tecomán,U1,Horizontal,341,009,06
2016,Zacatecas,Villa de Cos,FC,Horizontal,3,051,32
2015,Jalisco,Puerto Vallarta,U3,Horizontal,35,067,14
2015,Jalisco,Tala,U3,Horizontal,200,083,14
2017,Aguascalientes,Jesús María,U3,Horizontal,197,005,01
2017,Tlaxcala,Tlaxcala,U1,Horizontal,2,033,29
2016,Quintana Roo,Othón P. Blanco,U3,Horizontal,7,004,23
2016,Baja California Sur,Mulegé,FC,Horizontal,8,002,03
2015,Guanajuato,Villagrán,FC,Horizontal,278,044,11
2016,Nuevo León,General Escobedo,U2,Horizontal,1343,021,19
2015,Tamaulipas,Matamoros,U2,Horizontal,1247,022,28
2015,Guanajuato,Celaya,FC,Horizontal,8,007,11
2017,Colima,Manzanillo,U3,Vertical,137,007,06
2016,Chihuahua,Allende,FC,Horizontal,5,003,08
2015,Michoacán de Ocampo,Jacona,U2,Vertical,24,043,16
2015,Coahuila de Zaragoza,Acuña,U3,Horizontal,50,002,05
2015,Michoacán de Ocampo,Zitácuaro,U3,Horizontal,2,112,16
2017,Colima,Armería,U2,Horizontal,8,001,06
2016,Guanajuato,Cortazar,U3,Horizontal,196,011,11
2015,Tamaulipas,Tampico,U2,Horizontal,176,038,28
2016,Nuevo León,General Escobedo,FC,Horizontal,485,021,19
2016,Tlaxcala,Santa Cruz Quilehtla,U2,Horizontal,3,059,29
2015,Chiapas,Tapachula,FC,Vertical,84,089,07
2017,Jalisco,Autlán de Navarro,U2,Horizontal,92,015,14
2015,Veracruz de Ignacio de la Llave,Pánuco,U1,Horizontal,4,123,30
2016,Tamaulipas,Victoria,FC,Horizontal,107,041,28
2017,Puebla,San José Chiapa,FC,Horizontal,7,128,21
2015,México,Tonanitla,U2,Horizontal,57,125,15
2016,Guerrero,Chilpancingo de los Bravo,U2,Horizontal,12,029,12
2016,Ciudad de México,Benito Juárez,U1,Vertical,46,014,09
2016,Chihuahua,Hidalgo del Parral,U2,Horizontal,234,032,08
2017,México,Texcoco,U1,Horizontal,58,099,15
2016,Campeche,Campeche,U2,Vertical,304,002,04
2016,México,Capulhuac,U3,Horizontal,2,019,15
2016,Hidalgo,Pachuca de Soto,U2,Horizontal,464,048,13
2015,Quintana Roo,Cozumel,U2,Horizontal,659,001,23
2017,Yucatán,Progreso,FC,Horizontal,1,059,31
2016,Morelos,Ayala,FC,Horizontal,72,004,17
2017,México,Texcoco,U2,Horizontal,161,099,15
2016,Veracruz de Ignacio de la Llave,Medellín de Bravo,U2,Horizontal,723,105,30
2015,Nayarit,Ixtlán del Río,U3,Horizontal,6,006,18
2017,Chihuahua,Jiménez,U1,Horizontal,3,036,08
2017,Querétaro,Corregidora,U3,Horizontal,52,006,22
2015,Jalisco,Ocotlán,U2,Vertical,624,063,14
2017,Chihuahua,Meoqui,U2,Horizontal,120,045,08
2016,Baja California,Mexicali,U3,Horizontal,226,002,02
2017,Chiapas,Palenque,U1,Vertical,120,065,07
2017,Jalisco,Zapotlanejo,U3,Vertical,240,124,14
2015,Sonora,Empalme,FC,Horizontal,4,025,26
2016,Tabasco,Jalpa de Méndez,U1,Horizontal,3,010,27
2015,Veracruz de Ignacio de la Llave,Huatusco,U2,Horizontal,4,071,30
2016,Morelos,Jiutepec,U1,Horizontal,66,011,17
2017,Morelos,Jojutla,FC,Horizontal,224,012,17
2015,Morelos,Emiliano Zapata,U2,Horizontal,104,008,17
2016,Guanajuato,Salamanca,U1,Horizontal,9,027,11
2016,Morelos,Jojutla,FC,Horizontal,453,012,17
2016,Hidalgo,Tizayuca,U3,Horizontal,422,069,13
2015,Michoacán de Ocampo,Sahuayo,U2,Horizontal,258,076,16
2016,México,Acolman,U3,Horizontal,59,002,15
2017,Puebla,Coronango,U1,Vertical,378,034,21
2017,Tabasco,Cunduacán,U2,Horizontal,5,006,27
2015,Guanajuato,Villagrán,U2,Horizontal,84,044,11
2015,México,Tlalnepantla de Baz,U1,Vertical,193,104,15
2017,México,Zumpango,U2,Horizontal,519,120,15
2015,Veracruz de Ignacio de la Llave,San Andrés Tuxtla,U1,Horizontal,3,141,30
2016,Tamaulipas,Tampico,U2,Horizontal,81,038,28
2015,Michoacán de Ocampo,Los Reyes,U2,Horizontal,21,075,16
2015,Morelos,Cuautla,U3,Horizontal,3,006,17
2017,Jalisco,Tlajomulco de Zúñiga,U3,Horizontal,908,097,14
2016,Michoacán de Ocampo,Zamora,U1,Horizontal,6,108,16
2015,Jalisco,Autlán de Navarro,U2,Horizontal,405,015,14
2015,Guanajuato,Apaseo el Grande,FC,Vertical,242,005,11
2015,Querétaro,San Juan del Río,U2,Vertical,72,016,22
2016,Michoacán de Ocampo,Uruapan,U1,Horizontal,18,102,16
2017,San Luis Potosí,Ciudad Valles,U3,Horizontal,48,013,24
2016,Veracruz de Ignacio de la Llave,Veracruz,U3,Vertical,66,193,30
2016,Colima,Colima,FC,Horizontal,15,002,06
2016,Quintana Roo,Cozumel,U2,Horizontal,1,001,23
2015,Guanajuato,San José Iturbide,U3,Horizontal,279,032,11
2016,Coahuila de Zaragoza,Castaños,U2,Horizontal,11,006,05
2016,Baja California Sur,Mulegé,U3,Horizontal,1,002,03
2016,Quintana Roo,Benito Juárez,FC,Vertical,84,005,23
2016,Quintana Roo,Othón P. Blanco,U2,Horizontal,568,004,23
2017,Guanajuato,León,U1,Vertical,103,020,11
2016,Coahuila de Zaragoza,Acuña,FC,Horizontal,5,002,05
2015,Tamaulipas,Reynosa,FC,Horizontal,48,032,28
2017,Tamaulipas,Tampico,U1,Vertical,13,038,28
2016,Tabasco,Centla,U2,Horizontal,4,003,27
2016,Puebla,Puebla,U1,Vertical,566,114,21
2017,Tlaxcala,Yauhquemehcan,U2,Horizontal,13,043,29
2016,Michoacán de Ocampo,Pátzcuaro,U1,Horizontal,1,066,16
2016,Guanajuato,Irapuato,U1,Vertical,9,017,11
2016,Ciudad de México,Azcapotzalco,U2,Vertical,128,002,09
2017,Chiapas,Cintalapa de Figueroa,U1,Horizontal,2,017,07
2016,Nayarit,Compostela,U2,Horizontal,7,004,18
2015,Jalisco,Tepatitlán de Morelos,FC,Horizontal,20,093,14
2015,Tamaulipas,Victoria,U2,Horizontal,710,041,28
2017,Zacatecas,Guadalupe,U3,Horizontal,619,017,32
2015,Guanajuato,San Miguel de Allende,U1,Horizontal,3,003,11
2016,Jalisco,Magdalena,U3,Horizontal,11,055,14
2017,Jalisco,Puerto Vallarta,U2,Vertical,114,067,14
2017,San Luis Potosí,San Luis Potosí,U3,Horizontal,344,028,24
2015,Guerrero,Iguala de la Independencia,U2,Horizontal,22,035,12
2015,Sinaloa,Mazatlán,FC,Horizontal,40,012,25
2015,Aguascalientes,San Francisco de los Romo,U2,Horizontal,392,011,01
2015,Tlaxcala,Tepeyanco,U3,Horizontal,1,029,29
2015,Sinaloa,Culiacán,U1,Vertical,8,006,25
2015,Veracruz de Ignacio de la Llave,Fortín,U3,Horizontal,50,068,30
2015,Veracruz de Ignacio de la Llave,Cosoleacaque,U3,Horizontal,209,048,30
2016,Coahuila de Zaragoza,Acuña,U2,Horizontal,571,002,05
2017,Oaxaca,Cuilápam de Guerrero,FC,Horizontal,9,023,20
2017,Puebla,Teteles de Ávila Castillo,U2,Horizontal,1,173,21
2017,Puebla,Chignahuapan,U3,Vertical,32,053,21
2017,Chihuahua,Guachochi,FC,Horizontal,68,027,08
2016,Hidalgo,Pachuca de Soto,U3,Horizontal,170,048,13
2017,Jalisco,La Barca,U3,Horizontal,25,018,14
2017,Baja California,Mexicali,U1,Horizontal,279,002,02
2016,Zacatecas,Calera,U3,Horizontal,16,005,32
2017,Hidalgo,Tizayuca,U1,Horizontal,700,069,13
2017,Tlaxcala,Tlaxcala,U2,Horizontal,47,033,29
2017,Veracruz de Ignacio de la Llave,Córdoba,FC,Horizontal,26,044,30
2015,Jalisco,San Pedro Tlaquepaque,U2,Vertical,92,098,14
2016,Yucatán,Izamal,U3,Horizontal,5,040,31
2017,San Luis Potosí,Rioverde,U1,Horizontal,11,024,24
2017,Chiapas,Tapachula,U2,Horizontal,45,089,07
2015,Zacatecas,Zacatecas,U3,Horizontal,27,056,32
2015,Guanajuato,Salamanca,U3,Horizontal,138,027,11
2015,México,Tultepec,U1,Horizontal,6,108,15
2017,Aguascalientes,San Francisco de los Romo,U1,Horizontal,18,011,01
2017,Oaxaca,Cuilápam de Guerrero,FC,Vertical,60,023,20
2015,Coahuila de Zaragoza,Torreón,U3,Horizontal,96,035,05
2017,Hidalgo,Ixmiquilpan,U3,Horizontal,4,030,13
2017,Jalisco,Puerto Vallarta,U2,Horizontal,48,067,14
2015,Guerrero,Iguala de la Independencia,U1,Horizontal,246,035,12
2015,Tabasco,Teapa,U3,Vertical,3,016,27
2016,Guanajuato,Apaseo el Grande,FC,Horizontal,116,005,11
2016,Nayarit,Bahía de Banderas,U2,Vertical,625,020,18
2016,Zacatecas,Sombrerete,U1,Horizontal,1,042,32
2016,Chiapas,San Fernando,FC,Horizontal,1,079,07
2015,Zacatecas,Ojocaliente,U2,Horizontal,15,036,32
2015,Puebla,Coronango,U1,Vertical,18,034,21
2016,Veracruz de Ignacio de la Llave,Poza Rica de Hidalgo,FC,Horizontal,1,131,30
2016,Veracruz de Ignacio de la Llave,Río Blanco,U2,Horizontal,357,138,30
2015,Hidalgo,Actopan,U1,Horizontal,120,003,13
2017,México,Chicoloapan,U2,Horizontal,90,029,15
2016,Veracruz de Ignacio de la Llave,Emiliano Zapata,U2,Vertical,2,065,30
2015,Jalisco,Guadalajara,U1,Vertical,86,039,14
2015,Chihuahua,Chihuahua,FC,Horizontal,170,019,08
2015,México,Acolman,U3,Vertical,120,002,15
2017,Veracruz de Ignacio de la Llave,Córdoba,U2,Horizontal,9,044,30
2015,Tabasco,Jalpa de Méndez,U1,Horizontal,6,010,27
2015,Puebla,Puebla,U1,Vertical,503,114,21
2016,Nayarit,Santiago Ixcuintla,U3,Horizontal,24,015,18
2015,Nayarit,Tepic,U3,Vertical,3,017,18
2015,México,Calimaya,U3,Horizontal,1,018,15
2015,Yucatán,Motul,U2,Vertical,24,052,31
2017,Michoacán de Ocampo,Lázaro Cárdenas,U1,Vertical,32,052,16
2015,Nayarit,Compostela,U2,Horizontal,11,004,18
2017,Puebla,Amozoc,U2,Vertical,26,015,21
2017,Puebla,Zacatlán,U2,Horizontal,12,208,21
2016,Baja California Sur,Los Cabos,U3,Horizontal,19,008,03
2015,México,Tlalnepantla de Baz,U1,Horizontal,6,104,15
2016,Coahuila de Zaragoza,Torreón,U2,Horizontal,1642,035,05
2015,Quintana Roo,Solidaridad,FC,Horizontal,43,008,23
2016,Morelos,Xochitepec,FC,Horizontal,545,028,17
2015,Coahuila de Zaragoza,Saltillo,FC,Horizontal,127,030,05
2015,Zacatecas,Guadalupe,U1,Horizontal,2,017,32
2016,Tamaulipas,Reynosa,U2,Horizontal,3098,032,28
2017,Puebla,Coronango,U2,Vertical,866,034,21
2017,Coahuila de Zaragoza,Cuatro Ciénegas,FC,Horizontal,7,007,05
2015,Tabasco,Teapa,U2,Horizontal,25,016,27
2015,Jalisco,Jocotepec,U2,Vertical,30,050,14
2017,Puebla,Tehuacán,U1,Vertical,36,156,21
2016,Jalisco,San Pedro Tlaquepaque,U1,Horizontal,4,098,14
2016,Nuevo León,García,U1,Horizontal,286,018,19
2017,Jalisco,Tala,U2,Horizontal,65,083,14
2016,Querétaro,Querétaro,FC,Horizontal,101,014,22
2017,Sonora,Puerto Peñasco,U1,Horizontal,2,048,26
2015,Jalisco,Tepatitlán de Morelos,U3,Horizontal,49,093,14
2016,Sinaloa,El Fuerte,FC,Horizontal,10,010,25
2017,Morelos,Emiliano Zapata,U1,Horizontal,115,008,17
2016,Tlaxcala,Tlaxco,U1,Horizontal,3,034,29
2017,Veracruz de Ignacio de la Llave,Emiliano Zapata,FC,Horizontal,2,065,30
2016,Oaxaca,Santa Cruz Xoxocotlán,U3,Vertical,70,385,20
2016,Oaxaca,Heroica Ciudad de Huajuapan de León,U2,Horizontal,22,039,20
2017,San Luis Potosí,Matehuala,U2,Horizontal,168,020,24
2016,Guanajuato,León,U2,Vertical,2598,020,11
2016,Nuevo León,García,U2,Horizontal,2852,018,19
2017,Hidalgo,Atotonilco de Tula,U2,Horizontal,28,013,13
2016,Veracruz de Ignacio de la Llave,Alvarado,U3,Horizontal,9,011,30
2015,Colima,Coquimatlán,U2,Horizontal,198,004,06
2016,Morelos,Yautepec,U2,Horizontal,78,029,17
2015,Chihuahua,Juárez,FC,Horizontal,1,037,08
2017,Durango,Vicente Guerrero,U2,Horizontal,4,038,10
2016,Guanajuato,Purísima del Rincón,U2,Horizontal,99,025,11
2017,Quintana Roo,Solidaridad,U2,Vertical,391,008,23
2015,Sonora,Cananea,FC,Horizontal,30,019,26
2017,Tlaxcala,Tlaxcala,U2,Vertical,76,033,29
2017,Michoacán de Ocampo,Sahuayo,U2,Horizontal,28,076,16
2016,Puebla,Amozoc,U2,Horizontal,4,015,21
2016,Puebla,Cuautlancingo,U1,Horizontal,460,041,21
2017,Jalisco,Ocotlán,U3,Horizontal,479,063,14
2017,Campeche,Campeche,U2,Vertical,100,002,04
2015,Veracruz de Ignacio de la Llave,Fortín,U1,Horizontal,3,068,30
2016,Jalisco,Ocotlán,U1,Horizontal,4,063,14
2015,Puebla,Atlixco,FC,Horizontal,23,019,21
2015,Sonora,Hermosillo,U2,Vertical,5,030,26
2017,Morelos,Yecapixtla,U3,Vertical,102,030,17
2015,Aguascalientes,Pabellón de Arteaga,U2,Horizontal,96,006,01
2017,Sinaloa,Mazatlán,U3,Horizontal,599,012,25
2016,Chiapas,Tonalá,U3,Horizontal,1,097,07
2017,Chihuahua,Juárez,U2,Horizontal,1577,037,08
2015,Tamaulipas,Nuevo Laredo,U3,Horizontal,79,027,28
2016,Zacatecas,Zacatecas,U3,Horizontal,51,056,32
2015,Baja California Sur,La Paz,U2,Horizontal,1705,003,03
2015,Michoacán de Ocampo,Morelia,FC,Horizontal,204,053,16
2017,Baja California Sur,Mulegé,U3,Horizontal,12,002,03
2017,San Luis Potosí,San Luis Potosí,U1,Horizontal,444,028,24
2016,Durango,Durango,U2,Vertical,40,005,10
2017,Tabasco,Teapa,FC,Horizontal,6,016,27
2015,Puebla,Teziutlán,U2,Horizontal,2,174,21
2016,Puebla,Cuautlancingo,U3,Vertical,2,041,21
2016,Jalisco,Lagos de Moreno,U2,Horizontal,587,053,14
2017,Jalisco,Arandas,U3,Horizontal,2,008,14
2017,Tabasco,Nacajuca,U2,Horizontal,63,013,27
2016,Querétaro,Tequisquiapan,U2,Horizontal,1,017,22
2016,Chihuahua,Meoqui,U2,Horizontal,30,045,08
2017,Hidalgo,Atotonilco de Tula,U2,Vertical,145,013,13
2016,Sinaloa,Guasave,U3,Horizontal,14,011,25
2015,Coahuila de Zaragoza,Matamoros,U3,Horizontal,176,017,05
2017,Yucatán,Kanasín,U2,Vertical,208,041,31
2016,Sonora,Cajeme,U3,Horizontal,138,018,26
2015,Querétaro,Querétaro,FC,Vertical,24,014,22
2016,Chihuahua,Aldama,U3,Horizontal,10,002,08
2016,Sinaloa,Culiacán,U1,Vertical,36,006,25
2017,Veracruz de Ignacio de la Llave,Coatepec,U3,Horizontal,4,038,30
2015,Chiapas,Tapachula,U2,Vertical,144,089,07
2016,Baja California,Mexicali,U1,Horizontal,147,002,02
2015,Jalisco,Puerto Vallarta,U2,Horizontal,136,067,14
2016,México,Chalco,U3,Horizontal,884,025,15
2017,Jalisco,Zapopan,U2,Vertical,2779,120,14
2017,Michoacán de Ocampo,Zinapécuaro,U2,Horizontal,1,110,16
2015,Jalisco,Tecolotlán,FC,Horizontal,2,088,14
2015,Baja California,Tecate,FC,Horizontal,9,003,02
2017,Durango,Gómez Palacio,U1,Horizontal,6,007,10
2017,Hidalgo,Tulancingo de Bravo,U3,Horizontal,35,077,13
2015,Oaxaca,Guadalupe Etla,FC,Horizontal,2,033,20
2015,Michoacán de Ocampo,Morelia,U2,Vertical,2304,053,16
2015,Hidalgo,Tula de Allende,FC,Horizontal,7,076,13
2016,Tabasco,Nacajuca,FC,Horizontal,5,013,27
2016,Yucatán,Umán,U1,Vertical,224,101,31
2017,Michoacán de Ocampo,Los Reyes,FC,Horizontal,1,075,16
2015,Guanajuato,San Felipe,U2,Horizontal,100,030,11
2017,Puebla,Puebla,U3,Vertical,640,114,21
2017,Coahuila de Zaragoza,Torreón,U3,Horizontal,156,035,05
2015,Quintana Roo,Felipe Carrillo Puerto,U3,Horizontal,17,002,23
2016,Puebla,Izúcar de Matamoros,U2,Horizontal,53,085,21
2015,Ciudad de México,Xochimilco,U3,Vertical,5,013,09
2015,Jalisco,Encarnación de Díaz,U3,Horizontal,2,035,14
2016,Michoacán de Ocampo,Lázaro Cárdenas,U2,Horizontal,159,052,16
2015,Coahuila de Zaragoza,Sabinas,U2,Horizontal,383,028,05
2017,Guerrero,Chilpancingo de los Bravo,U2,Vertical,3,029,12
2015,Coahuila de Zaragoza,Francisco I. Madero,U1,Horizontal,141,009,05
2017,Aguascalientes,Calvillo,FC,Horizontal,1,003,01
2015,Puebla,San Martín Texmelucan,U3,Horizontal,41,132,21
2015,Nayarit,Tepic,U1,Vertical,10,017,18
2015,Coahuila de Zaragoza,San Juan de Sabinas,U2,Horizontal,3,032,05
2015,México,Toluca,U1,Horizontal,166,106,15
2015,Nayarit,Santiago Ixcuintla,FC,Horizontal,4,015,18
2017,Hidalgo,Pachuca de Soto,U1,Horizontal,17,048,13
2016,Colima,Villa de Álvarez,U1,Horizontal,43,010,06
2016,México,Nextlalpan,U2,Horizontal,241,059,15
2016,Sonora,San Luis Río Colorado,U1,Horizontal,35,055,26
2015,Durango,Durango,U2,Vertical,212,005,10
2016,Veracruz de Ignacio de la Llave,Córdoba,U2,Horizontal,21,044,30
2015,Quintana Roo,Solidaridad,U3,Horizontal,485,008,23
2016,Aguascalientes,Aguascalientes,U2,Horizontal,3548,001,01
2016,Jalisco,Tonalá,U3,Horizontal,330,101,14
2016,Sinaloa,Ahome,U3,Horizontal,189,001,25
2017,México,Otzolotepec,FC,Horizontal,486,067,15
2015,México,Huehuetoca,U2,Horizontal,845,035,15
2017,Veracruz de Ignacio de la Llave,Tuxpan,U3,Horizontal,52,189,30
2015,Oaxaca,Santa María Atzompa,U2,Horizontal,7,399,20
2015,Oaxaca,Oaxaca de Juárez,U2,Vertical,2,067,20
2015,Querétaro,El Marqués,FC,Vertical,150,011,22
2015,México,Tlalnepantla de Baz,U2,Vertical,2,104,15
2015,Puebla,Izúcar de Matamoros,U1,Horizontal,5,085,21
2017,Jalisco,Zapopan,FC,Vertical,942,120,14
2017,Veracruz de Ignacio de la Llave,Xalapa,U3,Horizontal,15,087,30
2016,Chiapas,Villaflores,U3,Horizontal,3,108,07
2015,Tamaulipas,Victoria,U1,Horizontal,14,041,28
2016,Zacatecas,Loreto,U2,Horizontal,3,024,32
2015,Guanajuato,Celaya,U1,Horizontal,36,007,11
2017,Morelos,Yecapixtla,U2,Horizontal,15,030,17
2016,Colima,Tecomán,U1,Horizontal,281,009,06
2016,Nuevo León,Apodaca,U1,Horizontal,640,006,19
2017,Nuevo León,Apodaca,U1,Vertical,3,006,19
2016,Guanajuato,Celaya,U1,Horizontal,47,007,11
2017,México,Nezahualcóyotl,U2,Vertical,17,058,15
2017,Michoacán de Ocampo,Tarímbaro,FC,Horizontal,3,088,16
2016,Querétaro,El Marqués,FC,Horizontal,578,011,22
2015,México,Otzolotepec,FC,Vertical,241,067,15
2016,San Luis Potosí,Cerritos,U2,Horizontal,26,008,24
2017,Nuevo León,Ciénega de Flores,U2,Horizontal,1153,012,19
2016,Sonora,Hermosillo,U2,Vertical,15,030,26
2017,Aguascalientes,Aguascalientes,U2,Vertical,255,001,01
2017,Jalisco,Tlajomulco de Zúñiga,U2,Vertical,815,097,14
2016,Yucatán,Tizimín,U3,Horizontal,9,096,31
2017,Ciudad de México,Miguel Hidalgo,U1,Vertical,1,016,09
2015,Zacatecas,Sombrerete,U1,Horizontal,1,042,32
2016,Sonora,Nogales,U3,Horizontal,55,043,26
2015,Coahuila de Zaragoza,Frontera,U2,Horizontal,11,010,05
2015,Sonora,Cajeme,U2,Horizontal,1415,018,26
2015,Veracruz de Ignacio de la Llave,Cosoleacaque,FC,Vertical,58,048,30
2017,Sonora,Cajeme,U1,Horizontal,2,018,26
2017,Zacatecas,Guadalupe,FC,Horizontal,63,017,32
2016,San Luis Potosí,Rioverde,U1,Horizontal,10,024,24
2017,Tabasco,Teapa,U1,Horizontal,4,016,27
2015,Guanajuato,León,U2,Horizontal,1844,020,11
2015,Nuevo León,Apodaca,U3,Horizontal,1511,006,19
2017,Sinaloa,Culiacán,U1,Horizontal,292,006,25
2017,Durango,Durango,U3,Horizontal,508,005,10
2016,Durango,Lerdo,U1,Horizontal,249,012,10
2015,Baja California,Mexicali,FC,Horizontal,97,002,02
2017,Sonora,San Luis Río Colorado,U2,Horizontal,152,055,26
2017,México,Tultitlán,U2,Vertical,2,109,15
2017,Zacatecas,Calera,U3,Horizontal,11,005,32
2016,Yucatán,Motul,U3,Horizontal,3,052,31
2015,Morelos,Yautepec,FC,Vertical,1,029,17
2017,Chihuahua,Nuevo Casas Grandes,U2,Horizontal,278,050,08
2016,Guanajuato,Apaseo el Alto,U2,Horizontal,44,004,11
2016,Morelos,Cuernavaca,U2,Horizontal,4,007,17
2017,Ciudad de México,Iztacalco,U2,Vertical,15,006,09
2015,Baja California,Playas de Rosarito,FC,Horizontal,76,005,02
2017,Colima,Villa de Álvarez,U2,Horizontal,676,010,06
2015,Oaxaca,San Pedro Ixtlahuaca,FC,Horizontal,4,310,20
2015,Ciudad de México,Álvaro Obregón,U1,Vertical,10,010,09
2015,Nuevo León,Monterrey,U3,Horizontal,50,039,19
2015,Coahuila de Zaragoza,Parras,U2,Vertical,6,024,05
2017,Veracruz de Ignacio de la Llave,Coatzacoalcos,U2,Vertical,16,039,30
2017,Morelos,Temixco,U3,Horizontal,138,018,17
2017,Colima,Tecomán,U2,Horizontal,9,009,06
2016,Coahuila de Zaragoza,Frontera,U2,Horizontal,182,010,05
2015,Colima,Manzanillo,U3,Vertical,105,007,06
2015,Sinaloa,Culiacán,FC,Horizontal,24,006,25
2015,Sonora,Empalme,U2,Horizontal,36,025,26
2016,Tabasco,Emiliano Zapata,U2,Horizontal,2,007,27
2016,Guerrero,Iguala de la Independencia,U1,Vertical,32,035,12
2015,Tamaulipas,Valle Hermoso,U2,Horizontal,11,040,28
2017,Jalisco,Sayula,U2,Horizontal,12,082,14
2017,Sinaloa,Salvador Alvarado,U2,Horizontal,218,015,25
2016,Nuevo León,Salinas Victoria,U3,Horizontal,319,045,19
2015,Jalisco,San Pedro Tlaquepaque,U1,Vertical,566,098,14
2017,Nuevo León,Guadalupe,U2,Horizontal,215,026,19
2016,Morelos,Tlaltizapán de Zapata,FC,Vertical,80,024,17
2016,Sonora,Guaymas,FC,Horizontal,4,029,26
2015,Ciudad de México,Benito Juárez,U1,Vertical,101,014,09
2016,Quintana Roo,Solidaridad,U2,Vertical,1264,008,23
2016,Sonora,Caborca,U2,Horizontal,1,017,26
2017,Tlaxcala,Tzompantepec,U2,Horizontal,3,038,29
2017,Baja California,Tijuana,U2,Vertical,184,004,02
2017,México,Zumpango,U2,Vertical,906,120,15
2015,Nuevo León,Pesquería,FC,Vertical,468,041,19
2017,Tamaulipas,Reynosa,U1,Horizontal,188,032,28
2015,México,Nextlalpan,U2,Vertical,720,059,15
2017,Sinaloa,Culiacán,U2,Vertical,604,006,25
2017,Nuevo León,Guadalupe,U3,Horizontal,273,026,19
2015,Tabasco,Nacajuca,U2,Vertical,864,013,27
2017,Puebla,Tehuacán,U3,Vertical,93,156,21
2016,Jalisco,Acatic,FC,Horizontal,10,001,14
2016,Puebla,San Salvador el Verde,FC,Horizontal,3,143,21
2015,México,Tonanitla,U2,Vertical,110,125,15
2015,Tamaulipas,Ciudad Madero,U2,Vertical,6,009,28
2017,Guerrero,Coyuca de Benítez,FC,Horizontal,15,021,12
2017,Hidalgo,Huejutla de Reyes,U1,Horizontal,1,028,13
2016,Oaxaca,Santa Cruz Xoxocotlán,FC,Horizontal,1,385,20
2015,Nuevo León,García,U3,Vertical,41,018,19
2015,Veracruz de Ignacio de la Llave,Fortín,FC,Horizontal,1,068,30
2017,Guerrero,Chilpancingo de los Bravo,U1,Horizontal,61,029,12
2016,Jalisco,El Salto,U2,Horizontal,1623,070,14
2016,Veracruz de Ignacio de la Llave,Coatzacoalcos,U3,Vertical,560,039,30
2017,Nuevo León,General Escobedo,U3,Horizontal,820,021,19
2015,Michoacán de Ocampo,Apatzingán,FC,Horizontal,13,006,16
2017,Durango,Lerdo,U3,Horizontal,101,012,10
2017,Puebla,San Salvador el Verde,FC,Horizontal,1,143,21
2015,Guanajuato,Irapuato,U3,Horizontal,41,017,11
2017,Nuevo León,García,U2,Horizontal,2452,018,19
2017,Sinaloa,Mazatlán,U1,Vertical,24,012,25
2017,Tabasco,Comalcalco,U1,Horizontal,2,005,27
2016,Zacatecas,Ojocaliente,U3,Horizontal,58,036,32
2017,Nuevo León,Pesquería,U2,Horizontal,1755,041,19
2015,México,Atizapán de Zaragoza,U2,Vertical,9,013,15
2015,Morelos,Jojutla,FC,Horizontal,133,012,17
2016,Jalisco,El Salto,U3,Horizontal,789,070,14
2016,Hidalgo,Tepeapulco,U2,Horizontal,120,061,13
2015,Puebla,San Martín Texmelucan,U2,Horizontal,59,132,21
2015,Nuevo León,Juárez,U2,Horizontal,6770,031,19
2015,Chihuahua,Cuauhtémoc,U2,Horizontal,491,017,08
2015,México,Almoloya de Juárez,U3,Horizontal,147,005,15
2017,Coahuila de Zaragoza,Castaños,U2,Horizontal,13,006,05
2015,Tlaxcala,Tlaxcala,U1,Vertical,3,033,29
2015,Jalisco,Ixtlahuacán de los Membrillos,U3,Vertical,6,044,14
2016,Michoacán de Ocampo,Tarímbaro,FC,Vertical,174,088,16
2016,Baja California,Mexicali,U2,Horizontal,1453,002,02
2015,México,Nezahualcóyotl,U2,Vertical,6,058,15
2017,Veracruz de Ignacio de la Llave,Xalapa,FC,Horizontal,44,087,30
2017,Baja California,Tijuana,U3,Horizontal,833,004,02
2017,Coahuila de Zaragoza,Torreón,U1,Horizontal,116,035,05
2015,Guerrero,Tixtla de Guerrero,FC,Horizontal,11,061,12
2015,Jalisco,Chapala,U2,Vertical,57,030,14
2016,Morelos,Yecapixtla,U3,Vertical,34,030,17
2017,Veracruz de Ignacio de la Llave,Veracruz,FC,Vertical,45,193,30
2017,Colima,Manzanillo,U2,Vertical,115,007,06
2015,México,Nicolás Romero,U2,Horizontal,251,060,15
2015,Yucatán,Valladolid,U3,Horizontal,163,102,31
2017,Sonora,Puerto Peñasco,U3,Horizontal,191,048,26
2017,Sonora,Caborca,U1,Horizontal,6,017,26
2015,Coahuila de Zaragoza,Morelos,FC,Horizontal,23,019,05
2016,México,Tlalnepantla de Baz,U1,Horizontal,1,104,15
2015,Jalisco,San Pedro Tlaquepaque,U3,Horizontal,251,098,14
2017,Tamaulipas,Reynosa,FC,Horizontal,322,032,28
2015,Zacatecas,Guadalupe,U3,Horizontal,288,017,32
2017,Veracruz de Ignacio de la Llave,Cosoleacaque,U1,Horizontal,16,048,30
2015,Sonora,San Luis Río Colorado,U1,Horizontal,49,055,26
2016,Guanajuato,Apaseo el Grande,FC,Vertical,168,005,11
2015,Puebla,Cuautlancingo,U2,Horizontal,340,041,21
2015,Coahuila de Zaragoza,Castaños,U2,Horizontal,45,006,05
2015,San Luis Potosí,San Luis Potosí,U1,Vertical,136,028,24
2016,Hidalgo,Mineral de la Reforma,U1,Horizontal,3,051,13
2015,Jalisco,San Juan de los Lagos,U3,Horizontal,60,073,14
2017,Querétaro,Querétaro,FC,Horizontal,57,014,22
2015,Nuevo León,Pesquería,U3,Horizontal,327,041,19
2017,Chiapas,Tuxtla Gutiérrez,U1,Horizontal,7,101,07
2016,Ciudad de México,Iztapalapa,U1,Vertical,762,007,09
2016,México,Tecámac,U1,Horizontal,547,081,15
2015,San Luis Potosí,Rioverde,U2,Horizontal,3,024,24
2017,Coahuila de Zaragoza,San Juan de Sabinas,FC,Horizontal,24,032,05
2015,Jalisco,Zapotlán el Grande,U2,Horizontal,128,023,14
2015,Puebla,Cuautlancingo,U2,Vertical,248,041,21
2015,Puebla,Coronango,U1,Horizontal,180,034,21
2015,Jalisco,Ocotlán,U2,Horizontal,27,063,14
2016,Nuevo León,General Escobedo,U2,Vertical,92,021,19
2015,Michoacán de Ocampo,Tarímbaro,U3,Vertical,12,088,16
2015,Hidalgo,Ixmiquilpan,U2,Horizontal,3,030,13
2015,San Luis Potosí,San Luis Potosí,U2,Vertical,178,028,24
2015,Chiapas,Tuxtla Gutiérrez,FC,Horizontal,10,101,07
2015,Tabasco,Comalcalco,FC,Horizontal,39,005,27
2016,México,Tonanitla,U2,Vertical,60,125,15
2017,México,La Paz,U1,Horizontal,27,070,15
2016,Coahuila de Zaragoza,Torreón,U1,Horizontal,61,035,05
2016,México,Coacalco de Berriozábal,U2,Vertical,128,020,15
2015,Sonora,Nogales,FC,Horizontal,36,043,26
2017,Nuevo León,Cadereyta Jiménez,U3,Horizontal,252,009,19
2017,Chiapas,Chiapa de Corzo,U2,Horizontal,211,027,07
2017,Guanajuato,Silao de la Victoria,U3,Horizontal,364,037,11
2016,Baja California Sur,La Paz,U1,Horizontal,26,003,03
2015,Oaxaca,Santa Cruz Xoxocotlán,U2,Vertical,180,385,20
2015,Puebla,Amozoc,U3,Horizontal,9,015,21
2015,Durango,Durango,U2,Horizontal,1481,005,10
2017,San Luis Potosí,Ciudad Valles,U1,Horizontal,4,013,24
2016,Veracruz de Ignacio de la Llave,San Andrés Tuxtla,U2,Horizontal,17,141,30
2017,Veracruz de Ignacio de la Llave,Tuxpan,U3,Vertical,40,189,30
2016,Nuevo León,Salinas Victoria,U2,Horizontal,82,045,19
2017,Oaxaca,Santa Cruz Xoxocotlán,U2,Horizontal,80,385,20
2015,Chihuahua,Juárez,U1,Horizontal,443,037,08
2016,Veracruz de Ignacio de la Llave,Poza Rica de Hidalgo,U3,Horizontal,171,131,30
2016,Nayarit,Tepic,U1,Horizontal,7,017,18
2017,Tlaxcala,Tetla de la Solidaridad,U2,Horizontal,9,031,29
2016,Hidalgo,Apan,U2,Horizontal,9,008,13
2016,Nuevo León,General Terán,FC,Horizontal,23,022,19
2015,Jalisco,Zapotlán el Grande,U1,Horizontal,1,023,14
2015,Chihuahua,Delicias,FC,Horizontal,1,021,08
2015,Michoacán de Ocampo,Morelia,FC,Vertical,40,053,16
2015,México,Chalco,U2,Horizontal,1865,025,15
2015,San Luis Potosí,Rioverde,U1,Horizontal,10,024,24
2015,Coahuila de Zaragoza,Piedras Negras,U3,Horizontal,40,025,05
2017,Michoacán de Ocampo,Uruapan,U1,Vertical,448,102,16
2016,Tlaxcala,Tlaxco,U3,Horizontal,8,034,29
2016,Jalisco,La Barca,U3,Horizontal,79,018,14
2016,Nayarit,Tepic,U3,Horizontal,143,017,18
2015,Jalisco,El Salto,U2,Horizontal,2884,070,14
2017,México,Tonanitla,U3,Horizontal,179,125,15
2015,México,Capulhuac,U3,Horizontal,5,019,15
2015,Aguascalientes,Aguascalientes,U2,Vertical,323,001,01
2017,Sinaloa,Salvador Alvarado,U3,Horizontal,34,015,25
2015,Tlaxcala,Chiautempan,U2,Horizontal,9,010,29
2017,Coahuila de Zaragoza,Torreón,U2,Horizontal,1847,035,05
2017,Sonora,Cajeme,U3,Horizontal,380,018,26
2015,México,Temascalapa,U3,Horizontal,232,084,15
2017,Querétaro,Corregidora,U2,Vertical,68,006,22
2016,Michoacán de Ocampo,Jacona,U2,Horizontal,18,043,16
2017,Morelos,Tlaltizapán de Zapata,FC,Vertical,112,024,17
2015,Tlaxcala,Tlaxco,U1,Horizontal,2,034,29
2015,Zacatecas,Zacatecas,U2,Horizontal,114,056,32
2016,Nayarit,Ixtlán del Río,U3,Horizontal,23,006,18
2017,Yucatán,Mérida,U3,Horizontal,3233,050,31
2016,Aguascalientes,Jesús María,U1,Horizontal,100,005,01
2017,Sonora,San Luis Río Colorado,U1,Horizontal,6,055,26
2015,Coahuila de Zaragoza,San Juan de Sabinas,FC,Horizontal,34,032,05
2016,Jalisco,Tala,FC,Horizontal,268,083,14
2016,Nuevo León,Juárez,FC,Horizontal,1,031,19
2016,México,Temascalapa,U3,Horizontal,10,084,15
2017,Coahuila de Zaragoza,Saltillo,U2,Horizontal,1924,030,05
2016,Sonora,Navojoa,U2,Horizontal,327,042,26
2015,México,Tlalmanalco,U3,Vertical,42,103,15
2015,Yucatán,Kanasín,U1,Horizontal,55,041,31
2016,Zacatecas,Pinos,FC,Horizontal,8,038,32
2016,Colima,Colima,U2,Horizontal,573,002,06
2015,México,Zumpango,U3,Horizontal,159,120,15
2016,Michoacán de Ocampo,Zitácuaro,U3,Horizontal,1,112,16
2015,Colima,Colima,U2,Horizontal,475,002,06
2017,México,Toluca,U3,Horizontal,202,106,15
2017,Chiapas,Cintalapa de Figueroa,U3,Horizontal,3,017,07
2016,Veracruz de Ignacio de la Llave,Poza Rica de Hidalgo,U2,Horizontal,23,131,30
2016,Jalisco,Arandas,U2,Horizontal,2,008,14
2017,Sonora,Santa Ana,FC,Horizontal,1,058,26
2017,Hidalgo,Apan,U2,Horizontal,11,008,13
2015,México,Atizapán de Zaragoza,U1,Vertical,4,013,15
2016,Tlaxcala,Xicohtzinco,U2,Horizontal,2,042,29
2017,Querétaro,Querétaro,U1,Horizontal,325,014,22
2017,Michoacán de Ocampo,La Piedad,U2,Horizontal,70,069,16
2015,México,Lerma,U2,Vertical,3,051,15
2015,Puebla,Chignahuapan,U3,Horizontal,4,053,21
2017,Tamaulipas,Río Bravo,U3,Horizontal,17,033,28
2015,Colima,Manzanillo,U2,Vertical,63,007,06
2016,Baja California Sur,Los Cabos,U2,Vertical,292,008,03
2017,Baja California,Playas de Rosarito,FC,Horizontal,144,005,02
2015,Querétaro,El Marqués,U3,Horizontal,153,011,22
2015,Jalisco,Chapala,U2,Horizontal,22,030,14
2016,Nuevo León,Sabinas Hidalgo,U1,Horizontal,11,044,19
2016,Jalisco,Ojuelos de Jalisco,FC,Horizontal,6,064,14
2015,Michoacán de Ocampo,Morelia,U1,Vertical,82,053,16
2017,México,Zumpango,U3,Vertical,602,120,15
2015,México,Ocoyoacac,FC,Horizontal,1,062,15
2015,Chiapas,Tapachula,FC,Horizontal,378,089,07
2017,Yucatán,Motul,U2,Vertical,12,052,31
2015,Aguascalientes,Calvillo,U3,Horizontal,7,003,01
2015,Veracruz de Ignacio de la Llave,San Andrés Tuxtla,U2,Horizontal,43,141,30
2015,Hidalgo,Pachuca de Soto,U2,Horizontal,1247,048,13
2017,Michoacán de Ocampo,Morelia,U3,Horizontal,658,053,16
2015,Yucatán,Mérida,U2,Horizontal,5113,050,31
2015,Yucatán,Valladolid,U2,Horizontal,26,102,31
2017,México,Tecámac,U3,Vertical,312,081,15
2017,Nuevo León,Guadalupe,U1,Horizontal,207,026,19
2017,México,Tultitlán,U2,Horizontal,74,109,15
2015,Zacatecas,Jerez,U1,Horizontal,8,020,32
2017,Ciudad de México,Azcapotzalco,U2,Vertical,124,002,09
2017,Guanajuato,León,U3,Horizontal,1342,020,11
2015,Guanajuato,San Luis de la Paz,FC,Horizontal,8,033,11
2016,Guanajuato,Salamanca,U3,Horizontal,209,027,11
2016,Hidalgo,Mineral de la Reforma,U2,Horizontal,318,051,13
2016,Tabasco,Teapa,U2,Horizontal,4,016,27
2016,Coahuila de Zaragoza,Saltillo,U2,Horizontal,2236,030,05
2015,Ciudad de México,Cuauhtémoc,U1,Vertical,637,015,09
2015,Sonora,Hermosillo,U2,Horizontal,3315,030,26
2016,Jalisco,San Miguel el Alto,U1,Horizontal,1,078,14
2015,Michoacán de Ocampo,Morelia,U1,Horizontal,342,053,16
2016,Sonora,Empalme,FC,Horizontal,1,025,26
2017,Puebla,Atlixco,U2,Horizontal,7,019,21
2017,Coahuila de Zaragoza,Frontera,FC,Horizontal,3,010,05
2015,San Luis Potosí,San Luis Potosí,U1,Horizontal,624,028,24
2016,Jalisco,Zapotlán el Grande,U2,Horizontal,357,023,14
2015,Tamaulipas,Tampico,U2,Vertical,20,038,28
2017,Baja California,Tijuana,FC,Horizontal,121,004,02
2015,Veracruz de Ignacio de la Llave,Río Blanco,U2,Horizontal,160,138,30
2017,Quintana Roo,Solidaridad,FC,Horizontal,22,008,23
2017,Nuevo León,García,U1,Horizontal,99,018,19
2016,Michoacán de Ocampo,Zamora,U2,Horizontal,10,108,16
2015,México,Coacalco de Berriozábal,U1,Horizontal,23,020,15
2015,Yucatán,Motul,FC,Horizontal,19,052,31
2015,Guanajuato,León,U3,Horizontal,799,020,11
2017,Michoacán de Ocampo,La Piedad,U3,Horizontal,26,069,16
2016,Jalisco,Encarnación de Díaz,U2,Horizontal,114,035,14
2015,Sinaloa,Culiacán,FC,Vertical,150,006,25
2017,Querétaro,Querétaro,U3,Vertical,520,014,22
2017,Jalisco,Tlajomulco de Zúñiga,FC,Horizontal,568,097,14
2015,Nuevo León,Apodaca,U1,Horizontal,479,006,19
2015,Aguascalientes,Aguascalientes,U2,Horizontal,4714,001,01
2015,San Luis Potosí,Soledad de Graciano Sánchez,U1,Horizontal,44,035,24
2016,Puebla,San Pedro Cholula,U2,Horizontal,5,140,21
2017,Yucatán,Kanasín,U2,Horizontal,703,041,31
2015,Guanajuato,Salamanca,U2,Horizontal,146,027,11
2016,Veracruz de Ignacio de la Llave,Cosoleacaque,U3,Vertical,16,048,30
2016,Zacatecas,Río Grande,U2,Horizontal,10,039,32
2016,Coahuila de Zaragoza,Zaragoza,FC,Horizontal,4,038,05
2016,Nuevo León,García,U3,Horizontal,1233,018,19
2015,Chiapas,Tuxtla Gutiérrez,U1,Vertical,234,101,07
2016,Baja California,Tecate,U3,Horizontal,52,003,02
2016,Hidalgo,Pachuca de Soto,U1,Horizontal,150,048,13
2017,México,Xonacatlán,U3,Vertical,167,115,15
2017,Veracruz de Ignacio de la Llave,Tierra Blanca,U2,Horizontal,4,174,30
2017,Guanajuato,Salamanca,U3,Horizontal,89,027,11
2017,Ciudad de México,Venustiano Carranza,U1,Vertical,556,017,09
2017,Chiapas,Chiapa de Corzo,U3,Horizontal,1,027,07
2015,Yucatán,Motul,U2,Horizontal,12,052,31
2015,Hidalgo,Actopan,U3,Horizontal,6,003,13
2017,Guanajuato,Guanajuato,U1,Horizontal,1,015,11
2016,Tlaxcala,Yauhquemehcan,U1,Vertical,160,043,29
2017,Guerrero,Zihuatanejo de Azueta,FC,Vertical,18,038,12
2017,Baja California Sur,La Paz,U3,Horizontal,164,003,03
2015,Puebla,Coronango,U2,Vertical,247,034,21
2017,Tlaxcala,Contla de Juan Cuamatzi,U2,Horizontal,1,018,29
2017,Puebla,Izúcar de Matamoros,U2,Horizontal,5,085,21
2017,Jalisco,Jocotepec,U3,Horizontal,6,050,14
2016,Guanajuato,Irapuato,U1,Horizontal,380,017,11
2017,Chihuahua,Delicias,FC,Horizontal,1,021,08
2015,Nuevo León,Montemorelos,U2,Horizontal,145,038,19
2017,Tabasco,Jalpa de Méndez,U1,Horizontal,14,010,27
2016,Tlaxcala,Santa Cruz Tlaxcala,U3,Horizontal,2,026,29
2016,Tlaxcala,Teolocholco,U2,Horizontal,1,028,29
2017,Veracruz de Ignacio de la Llave,Xalapa,U2,Horizontal,13,087,30
2017,Veracruz de Ignacio de la Llave,Veracruz,U1,Vertical,88,193,30
2015,Nuevo León,Ciénega de Flores,U3,Horizontal,434,012,19
2017,Veracruz de Ignacio de la Llave,Córdoba,U3,Horizontal,42,044,30
2015,Oaxaca,Heroica Ciudad de Huajuapan de León,U3,Vertical,8,039,20
2015,Tamaulipas,Altamira,U2,Horizontal,157,003,28
2017,Baja California Sur,Los Cabos,U3,Horizontal,57,008,03
2015,Hidalgo,Atotonilco de Tula,U3,Horizontal,70,013,13
2016,Veracruz de Ignacio de la Llave,Río Blanco,U2,Vertical,24,138,30
2015,Guanajuato,Moroleón,U3,Horizontal,2,021,11
2017,Morelos,Emiliano Zapata,U2,Horizontal,62,008,17
2015,Oaxaca,Santa María Huatulco,U3,Vertical,304,413,20
2017,Chihuahua,Chihuahua,U3,Horizontal,1641,019,08
2015,Yucatán,Progreso,FC,Horizontal,1,059,31
2015,Chiapas,San Fernando,FC,Horizontal,5,079,07
2015,Campeche,Campeche,U2,Horizontal,425,002,04
2017,Chiapas,Tuxtla Gutiérrez,U2,Vertical,119,101,07
2017,Yucatán,Kanasín,U1,Horizontal,22,041,31
2015,Durango,Gómez Palacio,U1,Horizontal,28,007,10
2016,Tamaulipas,Reynosa,U3,Vertical,6,032,28
2016,Coahuila de Zaragoza,Piedras Negras,U1,Horizontal,34,025,05
2016,Quintana Roo,Solidaridad,U1,Horizontal,1,008,23
2016,Baja California,Mexicali,FC,Horizontal,41,002,02
2016,Oaxaca,Santa Cruz Xoxocotlán,U1,Vertical,20,385,20
2015,Jalisco,Cocula,FC,Horizontal,49,024,14
2016,Yucatán,Maxcanú,FC,Horizontal,3,048,31
2016,Guerrero,Coyuca de Benítez,FC,Horizontal,2,021,12
2017,Guanajuato,Acámbaro,FC,Horizontal,12,002,11
2016,Jalisco,San Pedro Tlaquepaque,U1,Vertical,318,098,14
2015,Veracruz de Ignacio de la Llave,Córdoba,U2,Horizontal,104,044,30
2017,Veracruz de Ignacio de la Llave,Xalapa,FC,Vertical,332,087,30
2017,Sinaloa,Culiacán,U3,Horizontal,1294,006,25
2016,Sonora,Hermosillo,U1,Horizontal,354,030,26
2016,Nuevo León,El Carmen,U3,Horizontal,210,010,19
2017,México,Huehuetoca,U3,Vertical,632,035,15
2017,Durango,Durango,U1,Horizontal,241,005,10
2015,Michoacán de Ocampo,Zamora,U2,Horizontal,276,108,16
2017,Nayarit,Xalisco,U3,Horizontal,47,008,18
2017,Jalisco,Sayula,U3,Horizontal,7,082,14
2017,Veracruz de Ignacio de la Llave,Veracruz,U2,Horizontal,1102,193,30
2017,Guanajuato,San Miguel de Allende,U2,Horizontal,1,003,11
2017,Guerrero,Iguala de la Independencia,U2,Horizontal,2,035,12
2015,Veracruz de Ignacio de la Llave,Orizaba,U2,Horizontal,1,118,30
2015,Puebla,Nopalucan,U1,Vertical,40,104,21
2015,Hidalgo,Huichapan,FC,Horizontal,4,029,13
2016,Puebla,Juan C. Bonilla,U3,Horizontal,1,090,21
2015,Puebla,Ocoyucan,U3,Horizontal,14,106,21
2017,México,Nextlalpan,U3,Vertical,482,059,15
2015,México,Otzolotepec,FC,Horizontal,175,067,15
2016,Jalisco,Zapotlán el Grande,FC,Horizontal,1,023,14
2016,Michoacán de Ocampo,Sahuayo,U2,Horizontal,186,076,16
2017,Zacatecas,Zacatecas,FC,Horizontal,8,056,32
2015,Jalisco,El Arenal,FC,Vertical,144,009,14
2017,Colima,Manzanillo,U3,Horizontal,604,007,06
2017,Colima,Villa de Álvarez,U1,Horizontal,38,010,06
2017,San Luis Potosí,Salinas,U1,Horizontal,7,025,24
2016,Tabasco,Teapa,U1,Vertical,3,016,27
2017,Zacatecas,Guadalupe,U1,Horizontal,8,017,32
2016,Tlaxcala,Huamantla,U2,Horizontal,11,013,29
2016,Jalisco,Tepatitlán de Morelos,U2,Horizontal,13,093,14
2015,Guerrero,Zihuatanejo de Azueta,U3,Horizontal,1,038,12
2015,Nuevo León,General Escobedo,U3,Horizontal,226,021,19
2016,Sinaloa,Mazatlán,U2,Horizontal,1180,012,25
2017,Hidalgo,Tizayuca,U3,Vertical,356,069,13
2016,San Luis Potosí,Ciudad Valles,U2,Horizontal,149,013,24
2017,Querétaro,El Marqués,U2,Vertical,72,011,22
2016,Guerrero,Acapulco de Juárez,U3,Horizontal,234,001,12
2015,Puebla,Ocoyucan,FC,Horizontal,14,106,21
2017,Sinaloa,Navolato,FC,Vertical,11,018,25
2017,Jalisco,Puerto Vallarta,U1,Horizontal,1,067,14
2016,Guanajuato,Salamanca,U3,Vertical,120,027,11
2016,Sinaloa,Mazatlán,U2,Vertical,135,012,25
2017,México,Zumpango,U3,Horizontal,637,120,15
2015,Veracruz de Ignacio de la Llave,Xalapa,U2,Vertical,5,087,30
2017,Guerrero,Acapulco de Juárez,FC,Vertical,88,001,12
2015,Guanajuato,San Francisco del Rincón,U1,Horizontal,22,031,11
2015,Guanajuato,Guanajuato,U3,Horizontal,185,015,11
2016,Oaxaca,Santa Cruz Xoxocotlán,U2,Horizontal,79,385,20
2016,Zacatecas,Calera,U2,Horizontal,4,005,32
2017,Guanajuato,Moroleón,U3,Horizontal,52,021,11
2016,Yucatán,Dzemul,FC,Horizontal,1,026,31
2017,Veracruz de Ignacio de la Llave,Orizaba,U2,Horizontal,32,118,30
2016,Michoacán de Ocampo,Apatzingán,U2,Horizontal,38,006,16
2016,Coahuila de Zaragoza,Villa Unión,FC,Horizontal,6,037,05
2017,Morelos,Yecapixtla,U2,Vertical,145,030,17
2016,Hidalgo,Zempoala,U3,Horizontal,772,083,13
2015,Jalisco,Zapotlanejo,U2,Horizontal,11,124,14
2017,Michoacán de Ocampo,Morelia,U2,Vertical,367,053,16
2016,Ciudad de México,Venustiano Carranza,U2,Vertical,211,017,09
2016,Baja California Sur,La Paz,U2,Vertical,96,003,03
2017,Guanajuato,Celaya,U3,Vertical,135,007,11
2017,Morelos,Ayala,FC,Horizontal,171,004,17
2015,Veracruz de Ignacio de la Llave,Orizaba,U1,Horizontal,1,118,30
2015,Tabasco,Huimanguillo,U2,Horizontal,16,008,27
2015,Aguascalientes,Aguascalientes,U1,Vertical,144,001,01
2017,Nuevo León,Juárez,U2,Horizontal,5419,031,19
2015,Sonora,Empalme,U3,Horizontal,59,025,26
2017,Chiapas,Tuxtla Gutiérrez,U3,Horizontal,104,101,07
2016,Tlaxcala,Ixtacuixtla de Mariano Matamoros,U2,Horizontal,7,015,29
2016,Tlaxcala,Zacatelco,U2,Horizontal,10,044,29
2016,Tlaxcala,Calpulalpan,U2,Horizontal,7,006,29
2017,Guanajuato,Purísima del Rincón,U2,Vertical,3,025,11
2016,Puebla,Amozoc,U1,Horizontal,34,015,21
2015,Sinaloa,Mazatlán,U3,Horizontal,45,012,25
2016,Chihuahua,Juárez,FC,Horizontal,15,037,08
2015,San Luis Potosí,San Luis Potosí,U3,Horizontal,62,028,24
2017,Michoacán de Ocampo,Apatzingán,U3,Horizontal,1,006,16
2016,Coahuila de Zaragoza,Piedras Negras,U3,Horizontal,113,025,05
2015,San Luis Potosí,Salinas,U2,Horizontal,8,025,24
2017,Michoacán de Ocampo,Morelia,U3,Vertical,503,053,16
2015,Querétaro,San Juan del Río,U2,Horizontal,328,016,22
2015,Guanajuato,Romita,U2,Horizontal,4,026,11
2016,Puebla,Amozoc,U2,Vertical,20,015,21
2017,Tabasco,Cárdenas,FC,Horizontal,1,002,27
2016,Tlaxcala,Apetatitlán de Antonio Carvajal,U1,Horizontal,14,002,29
2016,San Luis Potosí,San Luis Potosí,FC,Horizontal,741,028,24
2016,Hidalgo,Zempoala,FC,Vertical,540,083,13
2017,Tabasco,Nacajuca,FC,Horizontal,6,013,27
2016,Ciudad de México,Venustiano Carranza,U1,Vertical,280,017,09
2016,Coahuila de Zaragoza,Monclova,U1,Horizontal,100,018,05
2015,Veracruz de Ignacio de la Llave,Poza Rica de Hidalgo,U3,Horizontal,109,131,30
2016,Sonora,Empalme,U1,Horizontal,1,025,26
2016,Tlaxcala,Tlaxcala,U1,Vertical,52,033,29
2017,Michoacán de Ocampo,Zamora,FC,Horizontal,21,108,16
2017,México,Coacalco de Berriozábal,U2,Vertical,114,020,15
2017,Jalisco,La Barca,U2,Horizontal,6,018,14
2016,Nayarit,Bahía de Banderas,U3,Horizontal,95,020,18
2015,Nayarit,Tepic,FC,Horizontal,3,017,18
2016,Guanajuato,Guanajuato,U1,Horizontal,2,015,11
2017,Tlaxcala,Huamantla,U2,Vertical,12,013,29
2015,Baja California,Ensenada,U2,Horizontal,120,001,02
2017,Jalisco,Tlajomulco de Zúñiga,U1,Horizontal,307,097,14
2017,Hidalgo,Apan,U1,Horizontal,3,008,13
2016,Tlaxcala,Xaloztoc,U2,Horizontal,2,039,29
2016,México,Otzolotepec,FC,Vertical,132,067,15
2016,Coahuila de Zaragoza,Matamoros,U2,Horizontal,7,017,05
2015,Jalisco,Autlán de Navarro,U1,Horizontal,2,015,14
2017,Hidalgo,San Agustín Tlaxiaca,U1,Horizontal,1,052,13
2016,México,Huehuetoca,U2,Horizontal,528,035,15
2016,Morelos,Yecapixtla,U2,Vertical,188,030,17
2015,México,Zinacantepec,U3,Horizontal,2,118,15
2016,Querétaro,Querétaro,U1,Vertical,120,014,22
2016,Guanajuato,Guanajuato,U3,Vertical,120,015,11
2016,Ciudad de México,Iztacalco,U1,Vertical,751,006,09
2016,Tlaxcala,Tlaxcala,U2,Vertical,67,033,29
2015,Colima,Armería,U3,Horizontal,2,001,06
2016,Sinaloa,Mazatlán,U1,Vertical,27,012,25
2017,Veracruz de Ignacio de la Llave,Banderilla,U1,Horizontal,4,026,30
2017,Nuevo León,Ciénega de Flores,U3,Horizontal,717,012,19
2016,Veracruz de Ignacio de la Llave,Pánuco,U3,Horizontal,1,123,30
2015,Ciudad de México,Iztacalco,U2,Vertical,99,006,09
2017,Jalisco,Tlajomulco de Zúñiga,U2,Horizontal,369,097,14
2016,Baja California Sur,La Paz,U1,Vertical,2,003,03
2015,Sonora,Huatabampo,U2,Horizontal,10,033,26
2015,Quintana Roo,Othón P. Blanco,U3,Horizontal,285,004,23
2015,Tlaxcala,Tlaxcala,U2,Horizontal,56,033,29
2017,Coahuila de Zaragoza,Frontera,U2,Horizontal,46,010,05
2016,Jalisco,Tlajomulco de Zúñiga,FC,Horizontal,874,097,14
2015,Guanajuato,Irapuato,U1,Horizontal,179,017,11
2017,Michoacán de Ocampo,Maravatío,U2,Horizontal,6,050,16
2015,Aguascalientes,San Francisco de los Romo,U3,Horizontal,4,011,01
2017,Aguascalientes,Aguascalientes,FC,Horizontal,6,001,01
2017,Tabasco,Teapa,U3,Horizontal,6,016,27
2017,Jalisco,Zapotlanejo,U3,Horizontal,2,124,14
2016,Hidalgo,Mineral de la Reforma,FC,Vertical,80,051,13
2015,Chiapas,Tuxtla Gutiérrez,U1,Horizontal,17,101,07
2017,Guerrero,Acapulco de Juárez,FC,Horizontal,44,001,12
2016,Guanajuato,Dolores Hidalgo Cuna de la Independencia Nacional,U2,Vertical,30,014,11
2016,Nuevo León,Juárez,U1,Horizontal,797,031,19
2016,Chihuahua,Aquiles Serdán,U2,Horizontal,194,004,08
2016,Quintana Roo,Benito Juárez,FC,Horizontal,73,005,23
2016,Aguascalientes,San Francisco de los Romo,U3,Horizontal,106,011,01
2016,Puebla,Huejotzingo,U2,Horizontal,333,074,21
2016,Colima,Coquimatlán,FC,Horizontal,1,004,06
2015,Guanajuato,San Francisco del Rincón,U2,Horizontal,58,031,11
2016,Tamaulipas,San Fernando,U3,Horizontal,40,035,28
2015,Puebla,Puebla,U3,Horizontal,236,114,21
2015,Jalisco,Tlajomulco de Zúñiga,FC,Vertical,2,097,14
2017,Nuevo León,Santa Catarina,U3,Horizontal,79,048,19
2017,Colima,Tecomán,U1,Horizontal,264,009,06
2016,Sonora,Caborca,U3,Horizontal,86,017,26
2016,Morelos,Temixco,U3,Horizontal,18,018,17
2016,Chiapas,Palenque,U1,Vertical,96,065,07
2017,Tamaulipas,Nuevo Laredo,U2,Horizontal,130,027,28
2016,Veracruz de Ignacio de la Llave,Cosoleacaque,U1,Horizontal,29,048,30
2015,Nuevo León,General Escobedo,FC,Horizontal,144,021,19
2017,Veracruz de Ignacio de la Llave,Fortín,U1,Horizontal,1,068,30
2015,Hidalgo,Zempoala,FC,Horizontal,20,083,13
2017,Hidalgo,Huichapan,FC,Horizontal,5,029,13
2016,Guanajuato,San Luis de la Paz,U2,Horizontal,2,033,11
2016,Coahuila de Zaragoza,Arteaga,U1,Horizontal,164,004,05
2016,Veracruz de Ignacio de la Llave,Poza Rica de Hidalgo,U2,Vertical,12,131,30
2015,Oaxaca,Tlacolula de Matamoros,FC,Horizontal,145,551,20
2015,Querétaro,El Marqués,FC,Horizontal,915,011,22
2015,Puebla,Amozoc,U2,Horizontal,100,015,21
2017,Oaxaca,Heroica Ciudad de Huajuapan de León,U3,Horizontal,3,039,20
2015,Ciudad de México,Gustavo A. Madero,U2,Vertical,215,005,09
2017,Michoacán de Ocampo,Zamora,U1,Horizontal,17,108,16
2017,Ciudad de México,Cuauhtémoc,U2,Vertical,271,015,09
2016,Puebla,Cuautlancingo,FC,Horizontal,2,041,21
2017,Baja California Sur,Comondú,U1,Horizontal,1,001,03
2015,Jalisco,Lagos de Moreno,U2,Vertical,30,053,14
2017,Puebla,San Andrés Cholula,U2,Vertical,60,119,21
2017,Baja California,Ensenada,U3,Horizontal,160,001,02
2016,Hidalgo,Pachuca de Soto,FC,Horizontal,94,048,13
2016,Nuevo León,Ciénega de Flores,U3,Horizontal,648,012,19
2017,Puebla,Tehuacán,U2,Vertical,56,156,21
2016,Veracruz de Ignacio de la Llave,Santiago Tuxtla,U2,Horizontal,2,143,30
2016,Guerrero,Chilpancingo de los Bravo,U3,Horizontal,67,029,12
2015,Tlaxcala,Yauhquemehcan,U1,Vertical,60,043,29
2017,Hidalgo,Zempoala,U3,Horizontal,959,083,13
2015,Puebla,Juan C. Bonilla,U1,Vertical,136,090,21
2015,Tamaulipas,Reynosa,U1,Vertical,27,032,28
2017,Oaxaca,San Jacinto Amilpas,U1,Horizontal,13,157,20
2016,Sonora,Hermosillo,FC,Horizontal,23,030,26
2015,Oaxaca,San Jacinto Amilpas,U2,Horizontal,7,157,20
2015,Veracruz de Ignacio de la Llave,Tierra Blanca,FC,Horizontal,228,174,30
2015,Tlaxcala,Santa Cruz Tlaxcala,U3,Horizontal,1,026,29
2015,Morelos,Yautepec,U2,Horizontal,118,029,17
2015,Michoacán de Ocampo,Uruapan,U3,Vertical,3,102,16
2016,Oaxaca,Oaxaca de Juárez,U2,Vertical,2,067,20
2017,Aguascalientes,Aguascalientes,U1,Vertical,192,001,01
2016,Yucatán,Valladolid,U3,Vertical,24,102,31
2015,Chiapas,Tuxtla Gutiérrez,U2,Horizontal,6,101,07
2017,Tamaulipas,Nuevo Laredo,U3,Horizontal,75,027,28
2016,Hidalgo,Atotonilco de Tula,FC,Vertical,2363,013,13
2017,Tamaulipas,Victoria,U2,Horizontal,94,041,28
2016,Jalisco,Zapopan,U1,Horizontal,10,120,14
2017,Chihuahua,Cuauhtémoc,U3,Horizontal,80,017,08
2015,Sonora,Navojoa,U1,Horizontal,85,042,26
2015,Nuevo León,General Zuazua,FC,Horizontal,2888,025,19
2017,Michoacán de Ocampo,Los Reyes,U2,Horizontal,21,075,16
2017,Zacatecas,Fresnillo,U3,Horizontal,17,010,32
2017,Tlaxcala,Tzompantepec,FC,Horizontal,2,038,29
2017,Jalisco,Zapotlanejo,U2,Horizontal,11,124,14
2017,Sonora,Nogales,U1,Horizontal,1,043,26
2015,Baja California,Ensenada,U3,Horizontal,113,001,02
2016,Michoacán de Ocampo,Morelia,FC,Horizontal,38,053,16
2016,Tamaulipas,Llera,FC,Horizontal,6,019,28
2015,México,Huehuetoca,U3,Horizontal,514,035,15
2015,Querétaro,Amealco de Bonfil,FC,Horizontal,1,001,22
2015,México,Zinacantepec,U2,Horizontal,30,118,15
2016,Ciudad de México,Cuajimalpa de Morelos,U1,Horizontal,1,004,09
2015,Sinaloa,El Fuerte,FC,Horizontal,15,010,25
2017,Nuevo León,Cadereyta Jiménez,FC,Horizontal,1593,009,19
2016,Jalisco,Lagos de Moreno,U3,Horizontal,97,053,14
2017,Sonora,Agua Prieta,U3,Horizontal,20,002,26
2015,Veracruz de Ignacio de la Llave,Coatepec,U3,Horizontal,4,038,30
2015,Nuevo León,General Zuazua,U3,Horizontal,5,025,19
2015,Baja California Sur,Los Cabos,U1,Vertical,2,008,03
2017,Guerrero,Iguala de la Independencia,U3,Vertical,96,035,12
2015,Chiapas,Berriozábal,U3,Horizontal,15,012,07
2017,Guanajuato,San Francisco del Rincón,U2,Vertical,64,031,11
2016,Guanajuato,San José Iturbide,FC,Horizontal,26,032,11
2015,Jalisco,Tuxpan,U2,Horizontal,2,108,14
2015,Aguascalientes,Rincón de Romos,U2,Horizontal,17,007,01
2016,Tlaxcala,Tetla de la Solidaridad,U2,Horizontal,10,031,29
2017,México,Nextlalpan,U3,Horizontal,2,059,15
2016,Baja California Sur,Loreto,U3,Horizontal,1,009,03
2016,Baja California,Ensenada,U2,Horizontal,23,001,02
2016,Campeche,Campeche,U3,Horizontal,59,002,04
2016,México,Temoaya,FC,Horizontal,259,087,15
2017,Colima,Villa de Álvarez,U3,Horizontal,560,010,06
2016,Nuevo León,García,U2,Vertical,24,018,19
2016,Nayarit,Xalisco,U3,Horizontal,73,008,18
2015,Chihuahua,Nuevo Casas Grandes,U1,Horizontal,18,050,08
2017,Hidalgo,Pachuca de Soto,FC,Horizontal,18,048,13
2016,Chihuahua,Cuauhtémoc,U2,Horizontal,969,017,08
2015,Sonora,Puerto Peñasco,U2,Horizontal,274,048,26
2017,Veracruz de Ignacio de la Llave,San Andrés Tuxtla,U1,Horizontal,12,141,30
2017,Zacatecas,Jerez,U1,Horizontal,9,020,32
2016,Baja California,Tijuana,FC,Horizontal,245,004,02
2017,Tlaxcala,Tetla de la Solidaridad,U2,Vertical,83,031,29
2016,Baja California,Ensenada,U2,Vertical,24,001,02
2016,Michoacán de Ocampo,La Piedad,U2,Horizontal,95,069,16
2015,Morelos,Cuernavaca,U1,Vertical,24,007,17
2015,Jalisco,Cihuatlán,FC,Horizontal,2,022,14
2015,Querétaro,Corregidora,U2,Vertical,84,006,22
2016,Guanajuato,Apaseo el Grande,U3,Vertical,264,005,11
2015,Puebla,San Martín Texmelucan,U2,Vertical,278,132,21
2016,Jalisco,Ameca,U2,Horizontal,2,006,14
2017,Yucatán,Conkal,FC,Horizontal,2,013,31
2017,Tlaxcala,Acuamanala de Miguel Hidalgo,U1,Horizontal,3,022,29
2017,Michoacán de Ocampo,Morelia,U1,Horizontal,158,053,16
2017,México,Tlalnepantla de Baz,U2,Vertical,27,104,15
2015,Guanajuato,Salvatierra,U1,Horizontal,113,028,11
2017,Quintana Roo,Othón P. Blanco,U2,Horizontal,145,004,23
2015,Aguascalientes,Jesús María,U3,Horizontal,390,005,01
2016,Puebla,Puebla,U3,Horizontal,251,114,21
2015,Tamaulipas,Victoria,U3,Horizontal,141,041,28
2017,Tamaulipas,Nuevo Laredo,U1,Horizontal,320,027,28
2016,Tlaxcala,Tepeyanco,U3,Horizontal,1,029,29
2017,Jalisco,Lagos de Moreno,U1,Horizontal,1,053,14
2015,Guanajuato,Celaya,U3,Horizontal,534,007,11
2017,Puebla,San Martín Texmelucan,U2,Vertical,104,132,21
2017,Baja California Sur,Comondú,U3,Horizontal,11,001,03
2015,San Luis Potosí,Soledad de Graciano Sánchez,U2,Vertical,207,035,24
2016,Tabasco,Tenosique,U2,Horizontal,3,017,27
2015,Nuevo León,Pesquería,FC,Horizontal,2249,041,19
2015,Tamaulipas,Altamira,U1,Vertical,165,003,28
2016,Chihuahua,Jiménez,U2,Horizontal,8,036,08
2017,Puebla,Tlatlauquitepec,FC,Horizontal,1,186,21
2015,México,Nicolás Romero,FC,Horizontal,2,060,15
2017,Oaxaca,Santa María Atzompa,U1,Horizontal,5,399,20
2015,Michoacán de Ocampo,Tarímbaro,U2,Vertical,40,088,16
2016,Sonora,Cananea,FC,Horizontal,68,019,26
2017,Nayarit,Bahía de Banderas,U3,Horizontal,271,020,18
2015,Querétaro,Querétaro,U3,Horizontal,1453,014,22
2017,Veracruz de Ignacio de la Llave,Minatitlán,U3,Horizontal,27,108,30
2015,Guerrero,Zihuatanejo de Azueta,U2,Vertical,3,038,12
2017,Jalisco,San Pedro Tlaquepaque,U1,Vertical,285,098,14
2017,Tabasco,Centro,U3,Vertical,48,004,27
2016,México,Texcoco,U1,Vertical,72,099,15
2017,Sonora,Empalme,U3,Horizontal,161,025,26
2017,Veracruz de Ignacio de la Llave,Pánuco,U3,Horizontal,2,123,30
2017,Nuevo León,Apodaca,U2,Horizontal,493,006,19
2015,Guanajuato,Apaseo el Grande,U2,Horizontal,27,005,11
2016,Jalisco,Tlajomulco de Zúñiga,U1,Horizontal,3,097,14
2016,Puebla,San Martín Texmelucan,U2,Horizontal,248,132,21
2016,Guanajuato,San Felipe,U3,Horizontal,26,030,11
2016,Chiapas,Tapachula,U3,Horizontal,40,089,07
2017,Michoacán de Ocampo,Coahuayana,FC,Horizontal,4,014,16
2017,Nayarit,Tepic,U3,Horizontal,164,017,18
2016,Oaxaca,San Antonio de la Cal,U3,Horizontal,2,107,20
2016,Chiapas,San Cristóbal de las Casas,U2,Vertical,3,078,07
2015,Guerrero,Acapulco de Juárez,U1,Horizontal,2,001,12
2015,Nuevo León,San Nicolás de los Garza,U2,Horizontal,1,046,19
2016,Colima,Villa de Álvarez,U2,Horizontal,1053,010,06
2016,Jalisco,Cocula,FC,Horizontal,133,024,14
2017,Hidalgo,Mineral de la Reforma,U2,Vertical,670,051,13
2017,Colima,Villa de Álvarez,FC,Horizontal,1,010,06
2016,Jalisco,Amatitán,FC,Horizontal,11,005,14
2017,Guanajuato,Pénjamo,U2,Horizontal,56,023,11
2015,Morelos,Xochitepec,U3,Horizontal,12,028,17
2015,Coahuila de Zaragoza,Ramos Arizpe,U1,Horizontal,200,027,05
2017,Zacatecas,Fresnillo,U1,Horizontal,65,010,32
2017,Hidalgo,Tula de Allende,U2,Horizontal,11,076,13
2017,Nuevo León,Linares,U2,Horizontal,151,033,19
2016,Chihuahua,Chihuahua,U1,Horizontal,61,019,08
2015,Michoacán de Ocampo,Tarímbaro,U2,Horizontal,138,088,16
2015,Sinaloa,Culiacán,U2,Vertical,849,006,25
2016,Sonora,Agua Prieta,U2,Horizontal,295,002,26
2016,Nuevo León,Ciénega de Flores,U2,Horizontal,718,012,19
2017,México,Otzolotepec,FC,Vertical,216,067,15
2015,Tabasco,Tenosique,U3,Horizontal,4,017,27
2016,Veracruz de Ignacio de la Llave,Ixtaczoquitlán,U3,Vertical,60,085,30
2015,Colima,Coquimatlán,U3,Horizontal,142,004,06
2017,San Luis Potosí,San Luis Potosí,U2,Vertical,56,028,24
2016,Guanajuato,Guanajuato,U2,Horizontal,410,015,11
2017,Michoacán de Ocampo,Purépero,FC,Horizontal,12,070,16
2017,Puebla,Huauchinango,U2,Horizontal,2,071,21
2017,Hidalgo,Mineral de la Reforma,U2,Horizontal,393,051,13
2017,Chihuahua,Chihuahua,U1,Horizontal,10,019,08
2016,Nuevo León,General Escobedo,U1,Horizontal,354,021,19
2016,Oaxaca,Heroica Ciudad de Huajuapan de León,U3,Horizontal,3,039,20
2016,México,Zumpango,U3,Vertical,126,120,15
2017,Hidalgo,Progreso de Obregón,U1,Horizontal,1,050,13
2015,Yucatán,Tekax,U2,Horizontal,8,079,31
2015,Nuevo León,Monterrey,U2,Horizontal,156,039,19
2015,Nayarit,Santiago Ixcuintla,U3,Horizontal,38,015,18
2015,Sonora,San Luis Río Colorado,U3,Horizontal,1,055,26
2016,Zacatecas,Jerez,U2,Horizontal,30,020,32
2015,Guerrero,Zihuatanejo de Azueta,U1,Horizontal,1,038,12
2017,Coahuila de Zaragoza,Parras,U2,Horizontal,72,024,05
2015,Puebla,Cuautlancingo,U3,Vertical,8,041,21
2016,Sonora,Cananea,U1,Horizontal,5,019,26
2016,Puebla,San José Chiapa,FC,Vertical,597,128,21
2016,Guanajuato,Dolores Hidalgo Cuna de la Independencia Nacional,U3,Horizontal,3,014,11
2015,Chiapas,Tonalá,U2,Horizontal,62,097,07
2017,Chiapas,Berriozábal,U3,Horizontal,103,012,07
2015,Oaxaca,Santo Domingo Tehuantepec,U1,Horizontal,25,515,20
2015,Tabasco,Centro,FC,Vertical,752,004,27
2017,Aguascalientes,Rincón de Romos,U1,Horizontal,43,007,01
2016,México,Nezahualcóyotl,U2,Vertical,4,058,15
2017,Nayarit,Santiago Ixcuintla,FC,Horizontal,7,015,18
2016,Guanajuato,San Francisco del Rincón,FC,Horizontal,1,031,11
2015,Yucatán,Kanasín,U2,Horizontal,1344,041,31
2017,Querétaro,Tequisquiapan,U1,Horizontal,9,017,22
2016,Chiapas,Tapachula,U2,Horizontal,45,089,07
2017,San Luis Potosí,San Luis Potosí,U3,Vertical,14,028,24
2017,Coahuila de Zaragoza,Villa Unión,FC,Horizontal,8,037,05
2016,Nuevo León,Guadalupe,U2,Horizontal,147,026,19
2016,México,Zumpango,U2,Vertical,1530,120,15
2017,Baja California,Mexicali,U2,Horizontal,913,002,02
2017,Hidalgo,Tizayuca,FC,Horizontal,233,069,13
2015,Baja California Sur,Mulegé,FC,Horizontal,7,002,03
2017,Guanajuato,Dolores Hidalgo Cuna de la Independencia Nacional,U2,Horizontal,280,014,11
2016,Sonora,Navojoa,U1,Horizontal,113,042,26
2016,Guerrero,Acapulco de Juárez,FC,Horizontal,200,001,12
2015,Hidalgo,Tizayuca,U3,Vertical,64,069,13
2015,Baja California Sur,La Paz,U3,Horizontal,370,003,03
2015,Hidalgo,Atotonilco de Tula,FC,Horizontal,1146,013,13
2017,Coahuila de Zaragoza,Matamoros,U3,Horizontal,109,017,05
2015,Oaxaca,Cuilápam de Guerrero,FC,Horizontal,4,023,20
2017,Jalisco,Tepatitlán de Morelos,U2,Horizontal,34,093,14
2016,Hidalgo,Villa de Tezontepec,FC,Horizontal,10,066,13
2017,Tlaxcala,Yauhquemehcan,U2,Vertical,70,043,29
2015,Tlaxcala,Yauhquemehcan,U1,Horizontal,13,043,29
2017,Puebla,San Salvador el Verde,U2,Horizontal,4,143,21
2015,Tabasco,Paraíso,U1,Horizontal,2,014,27
2017,Nayarit,Santiago Ixcuintla,U1,Horizontal,2,015,18
2017,Zacatecas,Morelos,FC,Horizontal,2,032,32
2016,Morelos,Yautepec,U2,Vertical,12,029,17
2015,Tamaulipas,Río Bravo,U2,Horizontal,228,033,28
2015,Chihuahua,Jiménez,U1,Horizontal,3,036,08
2017,Guanajuato,San José Iturbide,FC,Horizontal,62,032,11
2015,Chiapas,Berriozábal,FC,Horizontal,254,012,07
2016,Michoacán de Ocampo,Jiquilpan,U3,Horizontal,13,045,16
2015,Yucatán,Mérida,U1,Horizontal,353,050,31
2015,Michoacán de Ocampo,La Piedad,U3,Horizontal,27,069,16
2016,Oaxaca,Salina Cruz,U1,Horizontal,14,079,20
2016,Sonora,Hermosillo,U2,Horizontal,1759,030,26
2015,Jalisco,Tala,FC,Horizontal,5,083,14
2015,Jalisco,Tala,U2,Horizontal,100,083,14
2017,Baja California Sur,La Paz,U3,Vertical,81,003,03
2016,Morelos,Yautepec,FC,Horizontal,248,029,17
2016,Zacatecas,Sombrerete,U2,Horizontal,3,042,32
2016,Ciudad de México,Coyoacán,U2,Vertical,17,003,09
2016,Guanajuato,Celaya,U2,Horizontal,715,007,11
2015,Puebla,Tehuacán,U2,Horizontal,294,156,21
2015,Jalisco,Poncitlán,U2,Horizontal,2,066,14
2016,Jalisco,Tonalá,FC,Horizontal,487,101,14
2017,San Luis Potosí,Rioverde,U2,Horizontal,8,024,24
2016,Michoacán de Ocampo,Zacapu,U1,Horizontal,1,107,16
2016,Jalisco,Tlajomulco de Zúñiga,U3,Vertical,655,097,14
2015,Colima,Villa de Álvarez,U1,Horizontal,47,010,06
2016,Jalisco,Tlajomulco de Zúñiga,U3,Horizontal,859,097,14
2015,Querétaro,El Marqués,U2,Vertical,78,011,22
2015,San Luis Potosí,Matehuala,U2,Horizontal,210,020,24
2016,Chihuahua,Camargo,U1,Horizontal,48,011,08
2015,Chihuahua,Aquiles Serdán,U2,Horizontal,119,004,08
2015,Ciudad de México,Azcapotzalco,U1,Vertical,406,002,09
2017,Puebla,Puebla,U2,Horizontal,107,114,21
2016,Colima,Colima,U1,Horizontal,107,002,06
2015,México,Tecámac,FC,Horizontal,9,081,15
2016,México,Toluca,U2,Horizontal,16,106,15
2016,Michoacán de Ocampo,Morelia,FC,Vertical,40,053,16
2016,Guanajuato,Celaya,U3,Vertical,558,007,11
2015,Chiapas,Berriozábal,U2,Vertical,224,012,07
2016,Veracruz de Ignacio de la Llave,Boca del Río,U1,Vertical,1,028,30
2015,Colima,Manzanillo,U1,Horizontal,9,007,06
2016,Chiapas,Villaflores,FC,Horizontal,6,108,07
2016,Michoacán de Ocampo,Tarímbaro,U3,Vertical,28,088,16
2016,Coahuila de Zaragoza,Cuatro Ciénegas,FC,Horizontal,4,007,05
2015,Hidalgo,Apan,U1,Horizontal,5,008,13
2017,Puebla,Ocoyucan,U3,Horizontal,1,106,21
2015,Veracruz de Ignacio de la Llave,Medellín de Bravo,U3,Horizontal,261,105,30
2017,Guanajuato,San Felipe,U3,Horizontal,55,030,11
2015,Oaxaca,San Jacinto Amilpas,U1,Horizontal,7,157,20
2016,Chiapas,Tuxtla Gutiérrez,U1,Vertical,137,101,07
2017,Querétaro,San Juan del Río,U1,Horizontal,1,016,22
2015,Colima,Colima,U1,Horizontal,95,002,06
2015,Michoacán de Ocampo,Uruapan,U1,Horizontal,6,102,16
2017,Hidalgo,Zapotlán de Juárez,FC,Horizontal,5,082,13
2016,Hidalgo,Santiago Tulantepec de Lugo Guerrero,U3,Horizontal,5,056,13
2017,Sonora,Navojoa,U3,Horizontal,106,042,26
2016,Querétaro,Querétaro,U3,Vertical,292,014,22
2015,Chihuahua,Hidalgo del Parral,U1,Horizontal,124,032,08
2015,Nuevo León,General Escobedo,U2,Vertical,244,021,19
2015,México,Tonanitla,U3,Horizontal,58,125,15
2016,San Luis Potosí,Tamuín,U2,Horizontal,1,040,24
2015,Jalisco,Tepatitlán de Morelos,U2,Horizontal,13,093,14
2016,Chihuahua,Chihuahua,U2,Horizontal,2445,019,08
2017,Tlaxcala,Xaloztoc,U2,Horizontal,5,039,29
2017,Jalisco,Ocotlán,U2,Horizontal,60,063,14
2016,Oaxaca,Oaxaca de Juárez,U3,Horizontal,2,067,20
2016,Puebla,Ocoyucan,U3,Horizontal,2,106,21
2017,Tabasco,Tenosique,U2,Horizontal,1,017,27
2015,Nayarit,Xalisco,U3,Horizontal,14,008,18
2015,México,Huehuetoca,U2,Vertical,853,035,15
2015,Veracruz de Ignacio de la Llave,Tuxpan,U3,Vertical,110,189,30
2016,Coahuila de Zaragoza,Arteaga,U3,Horizontal,155,004,05
2017,Sonora,Hermosillo,U2,Horizontal,1627,030,26
2015,Tabasco,Centro,U2,Vertical,412,004,27
2016,Zacatecas,Zacatecas,U1,Horizontal,4,056,32
2016,San Luis Potosí,Soledad de Graciano Sánchez,U2,Vertical,132,035,24
2015,Nuevo León,Juárez,U2,Vertical,455,031,19
2016,Morelos,Emiliano Zapata,U1,Horizontal,195,008,17
2016,Baja California Sur,La Paz,U3,Horizontal,249,003,03
2016,Jalisco,Zapopan,U2,Vertical,1416,120,14
2016,Veracruz de Ignacio de la Llave,San Andrés Tuxtla,U1,Horizontal,6,141,30
2017,Chihuahua,Nuevo Casas Grandes,U3,Horizontal,66,050,08
2017,Guanajuato,Celaya,U2,Horizontal,624,007,11
2017,Tamaulipas,Tampico,U2,Vertical,91,038,28
2016,Nayarit,Compostela,U1,Horizontal,1,004,18
2015,Hidalgo,Tulancingo de Bravo,U2,Horizontal,26,077,13
2017,Michoacán de Ocampo,Coalcomán de Vázquez Pallares,FC,Horizontal,3,015,16
2015,Nayarit,Bahía de Banderas,FC,Horizontal,2,020,18
2015,Chiapas,Palenque,U1,Horizontal,9,065,07
2017,Colima,Colima,U1,Vertical,54,002,06
2017,Guanajuato,San Miguel de Allende,U3,Vertical,20,003,11
2015,Ciudad de México,Venustiano Carranza,U1,Vertical,388,017,09
2017,Colima,Colima,U3,Horizontal,266,002,06
2015,México,Acolman,U3,Horizontal,26,002,15
2015,Coahuila de Zaragoza,Torreón,U2,Horizontal,4025,035,05
2016,Michoacán de Ocampo,La Piedad,U3,Horizontal,59,069,16
2016,Michoacán de Ocampo,Coalcomán de Vázquez Pallares,FC,Horizontal,1,015,16
2015,Zacatecas,Pánuco,FC,Horizontal,1,037,32
2015,Coahuila de Zaragoza,San Buenaventura,FC,Horizontal,2,031,05
2016,Veracruz de Ignacio de la Llave,Xalapa,FC,Vertical,501,087,30
2015,Nayarit,Tuxpan,U2,Horizontal,1,018,18
2017,Chihuahua,Cuauhtémoc,FC,Horizontal,1,017,08
2015,Guanajuato,Salamanca,FC,Vertical,90,027,11
2016,Ciudad de México,Tláhuac,U1,Vertical,106,011,09
2017,México,Jilotepec,FC,Horizontal,8,045,15
2016,Tamaulipas,Altamira,U2,Horizontal,35,003,28
2015,Jalisco,Puerto Vallarta,U2,Vertical,114,067,14
2016,Ciudad de México,Iztapalapa,U2,Vertical,101,007,09
2015,Veracruz de Ignacio de la Llave,Veracruz,U3,Horizontal,232,193,30
2017,Puebla,Tehuacán,U3,Horizontal,40,156,21
2017,Jalisco,Jocotepec,U2,Horizontal,15,050,14
2016,Sonora,Cajeme,FC,Horizontal,84,018,26
2015,Tlaxcala,Yauhquemehcan,U3,Horizontal,4,043,29
2017,Jalisco,San Pedro Tlaquepaque,U2,Vertical,338,098,14
2016,Michoacán de Ocampo,Lázaro Cárdenas,U2,Vertical,90,052,16
2015,Querétaro,Corregidora,U3,Horizontal,455,006,22
2016,Puebla,San Andrés Cholula,U3,Horizontal,4,119,21
2017,Oaxaca,Santa Cruz Xoxocotlán,U1,Horizontal,1,385,20
2015,Yucatán,Maxcanú,FC,Horizontal,17,048,31
2016,Tabasco,Huimanguillo,U2,Horizontal,12,008,27
2015,Puebla,San Andrés Cholula,U1,Horizontal,2,119,21
2017,Coahuila de Zaragoza,Ramos Arizpe,U1,Horizontal,17,027,05
2015,Veracruz de Ignacio de la Llave,Ixhuatlancillo,U3,Horizontal,3,081,30
2015,Jalisco,Guadalajara,U1,Horizontal,8,039,14
2016,Sinaloa,Culiacán,U2,Vertical,481,006,25
2016,Tamaulipas,Tampico,U1,Horizontal,22,038,28
2016,Sinaloa,Culiacán,U1,Horizontal,135,006,25
2015,México,San Martín de las Pirámides,U3,Horizontal,1,075,15
2017,Nayarit,Tepic,U3,Vertical,138,017,18
2015,Tlaxcala,Tzompantepec,U2,Horizontal,1,038,29
2016,Chiapas,Tuxtla Gutiérrez,U1,Horizontal,14,101,07
2016,México,Lerma,U2,Horizontal,5,051,15
2015,Nuevo León,Guadalupe,U3,Horizontal,366,026,19
2015,Jalisco,Ameca,U3,Horizontal,7,006,14
2015,Guanajuato,Silao de la Victoria,U3,Horizontal,216,037,11
2015,Sinaloa,Culiacán,U3,Horizontal,586,006,25
2017,México,Toluca,U1,Horizontal,267,106,15
2016,Tamaulipas,Tampico,U1,Vertical,43,038,28
2016,Veracruz de Ignacio de la Llave,Xalapa,U3,Vertical,40,087,30
2016,Veracruz de Ignacio de la Llave,Medellín de Bravo,U2,Vertical,420,105,30
2015,Sinaloa,Escuinapa,U3,Horizontal,31,009,25
2016,Hidalgo,Mineral de la Reforma,FC,Horizontal,282,051,13
2016,Aguascalientes,San Francisco de los Romo,U2,Horizontal,367,011,01
2017,Veracruz de Ignacio de la Llave,Tierra Blanca,FC,Horizontal,90,174,30
2015,Baja California,Tijuana,U2,Vertical,539,004,02
2015,Coahuila de Zaragoza,Acuña,U1,Horizontal,219,002,05
2016,Tlaxcala,Yauhquemehcan,U3,Horizontal,4,043,29
2017,Yucatán,Tekax,U1,Horizontal,3,079,31
2017,Jalisco,Puerto Vallarta,U3,Horizontal,230,067,14
2017,Coahuila de Zaragoza,Monclova,U2,Vertical,3,018,05
2016,México,Huehuetoca,U2,Vertical,314,035,15
2017,Chiapas,Villaflores,U3,Horizontal,105,108,07
2015,Ciudad de México,Cuauhtémoc,U1,Horizontal,1,015,09
2016,San Luis Potosí,San Luis Potosí,U3,Horizontal,154,028,24
2017,Jalisco,El Salto,U3,Horizontal,892,070,14
2017,Quintana Roo,Benito Juárez,U3,Horizontal,1921,005,23
2015,Veracruz de Ignacio de la Llave,Mariano Escobedo,U3,Horizontal,6,101,30
2016,Ciudad de México,Tlalpan,U2,Vertical,16,012,09
2015,Michoacán de Ocampo,Morelia,U3,Vertical,1064,053,16
2015,Jalisco,San Miguel el Alto,FC,Horizontal,1,078,14
2017,Chihuahua,Juárez,U3,Horizontal,80,037,08
2017,Tlaxcala,Yauhquemehcan,U1,Horizontal,2,043,29
2016,Baja California,Ensenada,U1,Horizontal,5,001,02
2017,Tabasco,Paraíso,U2,Horizontal,1,014,27
2017,Veracruz de Ignacio de la Llave,Medellín de Bravo,FC,Horizontal,1,105,30
2017,Morelos,Jiutepec,U2,Vertical,20,011,17
2017,Guerrero,Iguala de la Independencia,U3,Horizontal,34,035,12
2017,Nuevo León,García,U3,Vertical,96,018,19
2017,Puebla,San Martín Texmelucan,U3,Horizontal,13,132,21
2016,Yucatán,Acanceh,FC,Horizontal,14,002,31
2017,Yucatán,Mérida,U2,Horizontal,2646,050,31
2016,Guanajuato,Moroleón,U2,Horizontal,3,021,11
2017,Tamaulipas,Altamira,U3,Vertical,112,003,28
2016,Jalisco,Arandas,U3,Horizontal,5,008,14
2016,Guanajuato,Villagrán,FC,Horizontal,374,044,11
2017,Puebla,Cuautlancingo,U3,Horizontal,321,041,21
2015,Veracruz de Ignacio de la Llave,Coatzacoalcos,U2,Horizontal,317,039,30
2017,Veracruz de Ignacio de la Llave,Coatepec,U2,Horizontal,4,038,30
2015,Baja California,Ensenada,U3,Vertical,195,001,02
2016,Morelos,Emiliano Zapata,U3,Horizontal,39,008,17
2016,Jalisco,Tonalá,U2,Vertical,706,101,14
2015,Hidalgo,San Agustín Tlaxiaca,FC,Horizontal,2,052,13
2017,Hidalgo,Mineral de la Reforma,FC,Horizontal,258,051,13
2015,Jalisco,Chapala,U3,Vertical,33,030,14
2016,Nayarit,Tepic,U2,Horizontal,397,017,18
2015,Quintana Roo,Othón P. Blanco,U2,Horizontal,331,004,23
2016,Guanajuato,Cortazar,U2,Horizontal,215,011,11
2017,Puebla,Amozoc,U3,Horizontal,2,015,21
2016,Chihuahua,Chihuahua,FC,Horizontal,50,019,08
2017,Jalisco,Zapotlán el Grande,U2,Horizontal,230,023,14
2015,Veracruz de Ignacio de la Llave,Córdoba,U2,Vertical,111,044,30
2016,Tabasco,Teapa,FC,Vertical,2,016,27
2016,Hidalgo,Tula de Allende,FC,Horizontal,13,076,13
2015,Chiapas,Chiapa de Corzo,U2,Horizontal,1,027,07
2015,Michoacán de Ocampo,Zitácuaro,U2,Horizontal,25,112,16
2017,Morelos,Tlaltizapán de Zapata,FC,Horizontal,102,024,17
2016,México,Huehuetoca,U3,Vertical,676,035,15
2015,Zacatecas,Sombrerete,U3,Horizontal,2,042,32
2017,Jalisco,San Juan de los Lagos,U3,Horizontal,101,073,14
2015,Tamaulipas,Nuevo Laredo,U2,Horizontal,268,027,28
2017,Guerrero,Acapulco de Juárez,U2,Vertical,1,001,12
2017,Nuevo León,Salinas Victoria,U2,Horizontal,911,045,19
2015,Sonora,Santa Ana,FC,Horizontal,24,058,26
2017,Veracruz de Ignacio de la Llave,Xalapa,U2,Vertical,6,087,30
2016,Jalisco,Guadalajara,U2,Vertical,181,039,14
2016,Sinaloa,Culiacán,U3,Horizontal,495,006,25
2016,Chihuahua,Hidalgo del Parral,U1,Horizontal,350,032,08
2015,Jalisco,San Pedro Tlaquepaque,U2,Horizontal,692,098,14
2016,Sinaloa,Navolato,FC,Horizontal,5,018,25
2016,Guanajuato,Celaya,U3,Horizontal,401,007,11
2017,Michoacán de Ocampo,Sahuayo,U3,Horizontal,26,076,16
2015,Veracruz de Ignacio de la Llave,Fortín,U3,Vertical,75,068,30
2016,Durango,Durango,U1,Horizontal,146,005,10
2015,Colima,Armería,U1,Horizontal,3,001,06
2015,Guanajuato,Villagrán,FC,Vertical,24,044,11
2016,Jalisco,Tecolotlán,FC,Horizontal,2,088,14
2016,Tamaulipas,Altamira,U3,Horizontal,44,003,28
2015,Morelos,Xochitepec,FC,Horizontal,575,028,17
2017,Baja California,Ensenada,U2,Vertical,96,001,02
2016,Aguascalientes,Aguascalientes,U3,Vertical,60,001,01
2015,Hidalgo,Tizayuca,U2,Vertical,1096,069,13
2017,Puebla,Coronango,U2,Horizontal,79,034,21
2015,Jalisco,Tonalá,U1,Horizontal,9,101,14
2015,Morelos,Yautepec,FC,Horizontal,141,029,17
2015,Jalisco,Zapotlán el Grande,U3,Horizontal,253,023,14
2017,Chihuahua,Hidalgo del Parral,U1,Horizontal,289,032,08
2015,Guanajuato,Villagrán,U2,Vertical,168,044,11
2015,Zacatecas,Pinos,FC,Horizontal,8,038,32
2015,Jalisco,El Grullo,FC,Horizontal,6,037,14
2016,México,Cuautitlán Izcalli,U1,Horizontal,1,121,15
2015,Tabasco,Teapa,U3,Horizontal,15,016,27
2016,San Luis Potosí,Rioverde,U3,Horizontal,12,024,24
2016,Tlaxcala,Tlaxco,FC,Horizontal,1,034,29
2015,Sinaloa,Mazatlán,U3,Vertical,72,012,25
2016,San Luis Potosí,Soledad de Graciano Sánchez,U1,Horizontal,37,035,24
2015,México,Otzolotepec,U3,Horizontal,7,067,15
2016,Veracruz de Ignacio de la Llave,Tantoyuca,U3,Horizontal,5,155,30
2017,Guerrero,Chilpancingo de los Bravo,U3,Vertical,2,029,12
2015,Veracruz de Ignacio de la Llave,Medellín de Bravo,U2,Vertical,618,105,30
2016,Hidalgo,San Agustín Tlaxiaca,U1,Horizontal,2,052,13
2017,Veracruz de Ignacio de la Llave,Pánuco,U1,Horizontal,2,123,30
2015,Tamaulipas,Río Bravo,U3,Horizontal,33,033,28
2017,Guanajuato,Apaseo el Grande,U2,Vertical,3,005,11
2016,Nuevo León,Linares,U2,Horizontal,63,033,19
2016,Jalisco,Tlajomulco de Zúñiga,U2,Vertical,1484,097,14
2016,Hidalgo,Zempoala,U3,Vertical,180,083,13
2016,Sonora,Puerto Peñasco,U2,Horizontal,176,048,26
2016,Chihuahua,Juárez,U2,Horizontal,1854,037,08
2016,Coahuila de Zaragoza,Múzquiz,U3,Horizontal,149,020,05
2017,Jalisco,Unión de Tula,FC,Horizontal,4,110,14
2017,Tabasco,Huimanguillo,FC,Horizontal,8,008,27
2017,Ciudad de México,Azcapotzalco,U1,Vertical,142,002,09
2016,Michoacán de Ocampo,Morelia,U3,Vertical,120,053,16
2015,San Luis Potosí,San Luis Potosí,FC,Horizontal,192,028,24
2016,Tlaxcala,Tlaxcala,U2,Horizontal,180,033,29
2016,Tamaulipas,Reynosa,U1,Horizontal,18,032,28
2016,Chihuahua,Chihuahua,U3,Horizontal,715,019,08
2017,Jalisco,Arandas,U2,Horizontal,2,008,14
2016,San Luis Potosí,Ciudad Fernández,U2,Horizontal,1,011,24
2016,México,Xonacatlán,U3,Horizontal,160,115,15
2016,Jalisco,Ixtlahuacán de los Membrillos,U2,Horizontal,15,044,14
2017,Querétaro,Querétaro,U2,Vertical,292,014,22
2015,Coahuila de Zaragoza,Piedras Negras,U1,Horizontal,25,025,05
2017,Tlaxcala,Zacatelco,U2,Horizontal,10,044,29
2016,Yucatán,Motul,FC,Horizontal,4,052,31
2015,Morelos,Tlaltizapán de Zapata,FC,Horizontal,62,024,17
2017,Michoacán de Ocampo,Zamora,U3,Vertical,288,108,16
2015,Veracruz de Ignacio de la Llave,Xico,U2,Vertical,9,092,30
2016,Nuevo León,Montemorelos,U2,Horizontal,253,038,19
2017,Nayarit,Tepic,U1,Horizontal,10,017,18
2017,Nuevo León,General Escobedo,U2,Horizontal,776,021,19
2016,Puebla,Tehuacán,U1,Horizontal,90,156,21
2016,Puebla,San Salvador el Verde,U3,Horizontal,6,143,21
2017,Jalisco,El Salto,U2,Horizontal,1883,070,14
2016,Tamaulipas,Ciudad Madero,U2,Horizontal,11,009,28
2017,Puebla,Puebla,U1,Horizontal,13,114,21
2017,Yucatán,Umán,U1,Horizontal,94,101,31
2016,Chiapas,Huixtla,U3,Horizontal,4,040,07
2015,Jalisco,San Juan de los Lagos,U1,Horizontal,1,073,14
2016,Tlaxcala,Tzompantepec,U2,Horizontal,1,038,29
2015,Veracruz de Ignacio de la Llave,Cosoleacaque,FC,Horizontal,53,048,30
2015,Querétaro,Tequisquiapan,U2,Horizontal,8,017,22
2017,México,Calimaya,U3,Horizontal,2,018,15
2017,Aguascalientes,Aguascalientes,U3,Horizontal,1130,001,01
2016,Veracruz de Ignacio de la Llave,Minatitlán,U3,Horizontal,25,108,30
2017,Puebla,Coronango,U3,Vertical,36,034,21
2016,Sonora,Santa Ana,FC,Horizontal,21,058,26
2015,Jalisco,Etzatlán,FC,Horizontal,50,036,14
2017,Veracruz de Ignacio de la Llave,San Andrés Tuxtla,U3,Horizontal,49,141,30
2016,Jalisco,Guadalajara,U1,Vertical,28,039,14
2015,Morelos,Jiutepec,U2,Vertical,20,011,17
2015,Chiapas,Comitán de Domínguez,U2,Horizontal,212,019,07
2016,San Luis Potosí,Soledad de Graciano Sánchez,U3,Vertical,28,035,24
2016,Veracruz de Ignacio de la Llave,Fortín,FC,Horizontal,3,068,30
2015,Colima,Manzanillo,U3,Horizontal,267,007,06
2016,Puebla,Tepeaca,U2,Horizontal,33,164,21
2016,Yucatán,Mérida,U2,Horizontal,4471,050,31
2016,Querétaro,San Juan del Río,U3,Vertical,120,016,22
2015,Sinaloa,Ahome,U2,Horizontal,1525,001,25
2016,Michoacán de Ocampo,Juárez,FC,Horizontal,1,046,16
2017,Michoacán de Ocampo,Hidalgo,U2,Horizontal,9,034,16
2015,Morelos,Yautepec,U3,Horizontal,196,029,17
2015,Veracruz de Ignacio de la Llave,Emiliano Zapata,U2,Horizontal,119,065,30
2015,Hidalgo,Tizayuca,U1,Horizontal,641,069,13
2017,Hidalgo,Cuautepec de Hinojosa,U3,Horizontal,112,016,13
2016,México,Tecámac,U2,Vertical,881,081,15
2016,Tamaulipas,Ciudad Madero,U1,Vertical,8,009,28
2016,Puebla,Atlixco,FC,Horizontal,1,019,21
2017,Jalisco,El Salto,U2,Vertical,887,070,14
2017,México,Tecámac,U1,Horizontal,201,081,15
2017,Baja California,Tijuana,FC,Vertical,892,004,02
2016,Ciudad de México,Gustavo A. Madero,U1,Vertical,59,005,09
2016,Tlaxcala,Tetla de la Solidaridad,FC,Horizontal,1,031,29
2015,Sonora,Puerto Peñasco,U3,Horizontal,155,048,26
2017,Veracruz de Ignacio de la Llave,Coatzacoalcos,U2,Horizontal,36,039,30
2017,Coahuila de Zaragoza,San Pedro,U2,Horizontal,48,033,05
2017,Puebla,Puebla,U2,Vertical,739,114,21
2016,Nuevo León,Apodaca,FC,Horizontal,255,006,19
2016,Ciudad de México,Álvaro Obregón,U1,Horizontal,2,010,09
2016,México,Toluca,FC,Horizontal,22,106,15
2017,Oaxaca,Oaxaca de Juárez,U2,Vertical,3,067,20
2016,Jalisco,Ocotlán,U2,Horizontal,50,063,14
2015,Puebla,Teziutlán,U1,Horizontal,27,174,21
2017,Coahuila de Zaragoza,Arteaga,U2,Horizontal,9,004,05
2015,Zacatecas,Calera,U1,Horizontal,7,005,32
2016,Puebla,San Salvador el Verde,U2,Vertical,160,143,21
2015,Jalisco,El Salto,U3,Vertical,56,070,14
2016,Chihuahua,Aldama,U2,Horizontal,43,002,08
2016,Hidalgo,Santiago Tulantepec de Lugo Guerrero,U2,Horizontal,2,056,13
2015,Durango,Lerdo,U3,Horizontal,118,012,10
2017,Veracruz de Ignacio de la Llave,Veracruz,U2,Vertical,828,193,30
2017,Chiapas,Ocozocoautla de Espinosa,FC,Vertical,136,061,07
2016,Guanajuato,Apaseo el Grande,U2,Horizontal,153,005,11
2016,Quintana Roo,Benito Juárez,U3,Vertical,854,005,23
2015,Tlaxcala,Apetatitlán de Antonio Carvajal,U2,Horizontal,1,002,29
2015,Jalisco,Ameca,U2,Horizontal,3,006,14
2016,México,Chalco,U3,Vertical,55,025,15
2016,Puebla,Izúcar de Matamoros,U1,Horizontal,1,085,21
2016,Jalisco,Zapopan,U3,Vertical,136,120,14
2015,Colima,Armería,U2,Horizontal,1,001,06
2016,Michoacán de Ocampo,Jiquilpan,FC,Horizontal,15,045,16
2015,Campeche,Campeche,U3,Horizontal,18,002,04
2015,Jalisco,San Pedro Tlaquepaque,U3,Vertical,10,098,14
2017,Quintana Roo,Benito Juárez,U2,Vertical,3341,005,23
2016,México,Zumpango,U2,Horizontal,1532,120,15
2015,Nuevo León,Santa Catarina,U2,Vertical,60,048,19
2015,Ciudad de México,Tlalpan,U2,Vertical,90,012,09
2017,Hidalgo,Atotonilco de Tula,U1,Vertical,1822,013,13
2017,Chiapas,Tapachula,U3,Horizontal,46,089,07
2016,Tabasco,Huimanguillo,U2,Vertical,168,008,27
2015,Veracruz de Ignacio de la Llave,San Andrés Tuxtla,U3,Horizontal,37,141,30
2016,Veracruz de Ignacio de la Llave,Veracruz,U2,Horizontal,1751,193,30
2015,Oaxaca,Oaxaca de Juárez,U1,Vertical,228,067,20
2015,Sinaloa,Salvador Alvarado,U3,Horizontal,83,015,25
2015,Tabasco,Huimanguillo,U2,Vertical,168,008,27
2016,Jalisco,El Arenal,FC,Horizontal,259,009,14
2015,Querétaro,Querétaro,U1,Horizontal,17,014,22
2016,Puebla,Chignahuapan,U3,Horizontal,4,053,21
2017,Jalisco,Tecolotlán,FC,Horizontal,2,088,14
2016,Campeche,Campeche,U2,Horizontal,290,002,04
2015,Hidalgo,Mineral de la Reforma,U2,Horizontal,565,051,13
2015,Nuevo León,Cadereyta Jiménez,U2,Vertical,38,009,19
2016,Coahuila de Zaragoza,Múzquiz,U1,Horizontal,17,020,05
2017,Quintana Roo,Cozumel,U3,Horizontal,60,001,23
2016,Quintana Roo,Puerto Morelos,U3,Vertical,36,011,23
2017,Yucatán,Progreso,U1,Horizontal,16,059,31
2016,México,Otzolotepec,FC,Horizontal,48,067,15
2015,Guerrero,Acapulco de Juárez,U2,Horizontal,549,001,12
2015,Ciudad de México,Tlalpan,U1,Vertical,8,012,09
2015,Sonora,San Luis Río Colorado,U2,Horizontal,177,055,26
2016,Chihuahua,Nuevo Casas Grandes,U3,Horizontal,1,050,08
2015,Guanajuato,Celaya,U3,Vertical,16,007,11
2017,Tamaulipas,Altamira,U2,Horizontal,1,003,28
2017,Michoacán de Ocampo,Hidalgo,FC,Horizontal,6,034,16
2017,Durango,Lerdo,U2,Horizontal,192,012,10
2017,Chihuahua,Meoqui,U1,Horizontal,5,045,08
2016,Tlaxcala,Contla de Juan Cuamatzi,U2,Horizontal,3,018,29
2017,Chiapas,Tapachula,U3,Vertical,12,089,07
2017,Sinaloa,Culiacán,U3,Vertical,695,006,25
2016,Guanajuato,Pénjamo,U1,Horizontal,2,023,11
2015,Puebla,San Andrés Cholula,U3,Horizontal,2,119,21
2017,México,Tecámac,U2,Vertical,47,081,15
2017,Chiapas,Villaflores,U2,Horizontal,9,108,07
2016,Quintana Roo,Benito Juárez,U3,Horizontal,1548,005,23
2016,Michoacán de Ocampo,Hidalgo,U2,Horizontal,35,034,16
2017,Yucatán,Valladolid,U2,Horizontal,7,102,31
2017,Chiapas,Comitán de Domínguez,U3,Horizontal,109,019,07
2016,Tlaxcala,Acuamanala de Miguel Hidalgo,U1,Horizontal,6,022,29
2017,Veracruz de Ignacio de la Llave,Mariano Escobedo,U2,Vertical,84,101,30
2017,Veracruz de Ignacio de la Llave,Xalapa,U1,Horizontal,55,087,30
2017,Yucatán,Umán,U3,Horizontal,22,101,31
2016,Nayarit,Tepic,FC,Horizontal,33,017,18
2016,Jalisco,Sayula,U2,Horizontal,28,082,14
2015,Hidalgo,Santiago Tulantepec de Lugo Guerrero,U3,Horizontal,27,056,13
2016,Jalisco,Jocotepec,U2,Horizontal,39,050,14
2017,Hidalgo,Actopan,U3,Horizontal,10,003,13
2015,Baja California Sur,Comondú,U3,Horizontal,10,001,03
2017,San Luis Potosí,Rioverde,U3,Horizontal,1,024,24
2016,Coahuila de Zaragoza,Sacramento,FC,Horizontal,7,029,05
2016,Coahuila de Zaragoza,Arteaga,FC,Horizontal,1,004,05
2017,Baja California,Tijuana,U2,Horizontal,256,004,02
2015,México,Ecatepec de Morelos,U2,Vertical,2,033,15
2017,Jalisco,Ixtlahuacán de los Membrillos,U2,Horizontal,3,044,14
2015,México,Coacalco de Berriozábal,U2,Vertical,372,020,15
2016,Hidalgo,Tula de Allende,U2,Horizontal,8,076,13
2015,México,Cuautitlán Izcalli,U2,Horizontal,21,121,15
2016,Coahuila de Zaragoza,Parras,U2,Horizontal,54,024,05
2017,Sonora,Cajeme,U2,Horizontal,842,018,26
2016,Durango,Santiago Papasquiaro,U2,Horizontal,12,032,10
2015,Guerrero,Chilpancingo de los Bravo,U3,Horizontal,4,029,12
2015,Veracruz de Ignacio de la Llave,Cosoleacaque,U2,Horizontal,339,048,30
2015,Nayarit,Compostela,FC,Horizontal,1,004,18
2017,Tlaxcala,Tlaxco,U3,Horizontal,9,034,29
2017,México,Ecatepec de Morelos,U2,Horizontal,10,033,15
2015,Ciudad de México,Miguel Hidalgo,U1,Vertical,319,016,09
2017,Campeche,Calkiní,FC,Horizontal,2,001,04
2017,Colima,Colima,FC,Horizontal,10,002,06
2016,Coahuila de Zaragoza,Francisco I. Madero,U2,Horizontal,240,009,05
2017,Jalisco,Juanacatlán,FC,Horizontal,874,051,14
2015,Tamaulipas,Nuevo Laredo,U1,Horizontal,396,027,28
2015,Guanajuato,Moroleón,U2,Horizontal,4,021,11
2015,Nayarit,Tepic,U3,Horizontal,132,017,18
2015,Quintana Roo,Solidaridad,U1,Horizontal,1,008,23
2015,Sonora,Hermosillo,U3,Horizontal,308,030,26
2016,México,Jilotepec,FC,Horizontal,4,045,15
2016,Puebla,Coronango,U2,Horizontal,193,034,21
2017,Veracruz de Ignacio de la Llave,Córdoba,FC,Vertical,50,044,30
2015,Tabasco,Teapa,U2,Vertical,38,016,27
2015,Guanajuato,Celaya,U2,Vertical,126,007,11
2015,Michoacán de Ocampo,Jiquilpan,FC,Horizontal,4,045,16
2016,Morelos,Ayala,U2,Horizontal,472,004,17
2015,Tlaxcala,Panotla,U2,Horizontal,1,024,29
2015,Michoacán de Ocampo,Lázaro Cárdenas,U2,Horizontal,105,052,16
2015,Guanajuato,Apaseo el Grande,U3,Horizontal,410,005,11
2017,Sinaloa,Mazatlán,U2,Horizontal,513,012,25
2016,Tlaxcala,Santa Isabel Xiloxoxtla,U2,Horizontal,2,060,29
2017,Puebla,San Pedro Cholula,U1,Horizontal,1,140,21
2015,Aguascalientes,Jesús María,U1,Horizontal,1,005,01
2017,Zacatecas,Ojocaliente,U3,Horizontal,13,036,32
2016,Michoacán de Ocampo,Tarímbaro,FC,Horizontal,108,088,16
2016,Oaxaca,Santo Domingo Tehuantepec,U2,Horizontal,72,515,20
2015,Quintana Roo,Benito Juárez,U1,Horizontal,86,005,23
2017,Ciudad de México,Coyoacán,U1,Vertical,94,003,09
2015,Durango,Gómez Palacio,U2,Horizontal,651,007,10
2015,Michoacán de Ocampo,Morelia,U2,Horizontal,1661,053,16
2015,Veracruz de Ignacio de la Llave,Fortín,U2,Horizontal,1,068,30
2016,Jalisco,Tonalá,U1,Vertical,224,101,14
2017,Zacatecas,Zacatecas,U1,Horizontal,1,056,32
2016,México,Cuautitlán Izcalli,U2,Horizontal,7,121,15
2017,Jalisco,Ameca,U2,Horizontal,5,006,14
2016,Guanajuato,Villagrán,FC,Vertical,48,044,11
2017,Nayarit,Acaponeta,U1,Horizontal,1,001,18
2015,Hidalgo,Mineral de la Reforma,U1,Horizontal,24,051,13
2017,Chihuahua,Aldama,U2,Horizontal,178,002,08
2016,Tlaxcala,Huamantla,U1,Horizontal,3,013,29
2017,Chihuahua,Delicias,U2,Horizontal,275,021,08
2016,Puebla,Teziutlán,U1,Horizontal,3,174,21
2017,Tlaxcala,La Magdalena Tlaltelulco,U2,Horizontal,3,048,29
2015,Chiapas,Villaflores,FC,Horizontal,6,108,07
2017,Michoacán de Ocampo,Tarímbaro,U3,Horizontal,15,088,16
2017,Guanajuato,Apaseo el Grande,U3,Horizontal,166,005,11
2015,México,La Paz,U2,Horizontal,12,070,15
2015,Chiapas,Berriozábal,FC,Vertical,304,012,07
2017,Chiapas,Tonalá,FC,Horizontal,3,097,07
2017,Guanajuato,Celaya,U2,Vertical,84,007,11
2016,Jalisco,San Pedro Tlaquepaque,U3,Horizontal,258,098,14
2016,Veracruz de Ignacio de la Llave,Xico,U2,Vertical,5,092,30
2017,Morelos,Xochitepec,FC,Horizontal,290,028,17
2016,Colima,Colima,U2,Vertical,18,002,06
2017,Michoacán de Ocampo,Tarímbaro,U2,Vertical,8,088,16
2016,México,Chalco,U2,Horizontal,139,025,15
2016,Sinaloa,Salvador Alvarado,U2,Horizontal,202,015,25
2015,Campeche,Carmen,U2,Horizontal,232,003,04
2015,Morelos,Emiliano Zapata,U2,Vertical,388,008,17
2015,Coahuila de Zaragoza,Monclova,U2,Horizontal,206,018,05
2015,Sinaloa,Culiacán,U1,Horizontal,117,006,25
2016,Puebla,Puebla,FC,Vertical,72,114,21
2017,Guanajuato,Guanajuato,U3,Vertical,168,015,11
2015,Aguascalientes,Calvillo,FC,Horizontal,1,003,01
2016,Aguascalientes,Aguascalientes,U3,Horizontal,1152,001,01
2015,Aguascalientes,San Francisco de los Romo,U2,Vertical,420,011,01
2016,Tabasco,Cunduacán,U2,Horizontal,28,006,27
2016,Jalisco,Acatlán de Juárez,FC,Horizontal,3,002,14
2017,México,Capulhuac,U3,Horizontal,2,019,15
2015,Puebla,Atlixco,U1,Horizontal,5,019,21
2017,Jalisco,San Pedro Tlaquepaque,U3,Horizontal,392,098,14
2016,Puebla,Tecamachalco,U2,Horizontal,28,154,21
2015,Coahuila de Zaragoza,Matamoros,U2,Horizontal,222,017,05
2017,Tlaxcala,Tepetitla de Lardizábal,U1,Horizontal,8,019,29
2017,Tabasco,Cunduacán,FC,Horizontal,1,006,27
2015,Puebla,Puebla,U2,Horizontal,988,114,21
2015,Sinaloa,Mazatlán,U2,Vertical,117,012,25
2015,Nuevo León,Cadereyta Jiménez,U2,Horizontal,131,009,19
2017,Sonora,Huatabampo,U2,Horizontal,7,033,26
2017,Michoacán de Ocampo,Lázaro Cárdenas,U3,Horizontal,42,052,16
2017,Querétaro,El Marqués,U3,Vertical,106,011,22
2016,Guanajuato,Dolores Hidalgo Cuna de la Independencia Nacional,U1,Horizontal,12,014,11
2015,Baja California,Tijuana,U2,Horizontal,2098,004,02
2016,Guerrero,Zihuatanejo de Azueta,FC,Horizontal,50,038,12
2017,Morelos,Cuernavaca,U1,Horizontal,10,007,17
2016,Tamaulipas,Altamira,FC,Horizontal,11,003,28
2015,Puebla,Tehuacán,U2,Vertical,95,156,21
2016,México,Huehuetoca,U3,Horizontal,129,035,15
2016,México,Cuautitlán,U2,Horizontal,152,024,15
2016,Sonora,San Luis Río Colorado,U2,Horizontal,174,055,26
2016,Yucatán,Hunucmá,U3,Horizontal,42,038,31
2015,Quintana Roo,Benito Juárez,U2,Vertical,4838,005,23
2015,Tlaxcala,Huamantla,U2,Vertical,30,013,29
2016,Tamaulipas,Reynosa,U3,Horizontal,401,032,28
2015,San Luis Potosí,Ciudad Valles,U3,Horizontal,63,013,24
2017,Jalisco,Tepatitlán de Morelos,FC,Horizontal,31,093,14
2016,Puebla,Puebla,U2,Vertical,1380,114,21
2017,Nayarit,Tepic,U2,Vertical,9,017,18
2017,Baja California Sur,La Paz,U2,Horizontal,357,003,03
2016,Hidalgo,Zapotlán de Juárez,FC,Horizontal,13,082,13
2017,Nuevo León,General Escobedo,FC,Horizontal,516,021,19
2015,Durango,Lerdo,U2,Horizontal,415,012,10
2016,Hidalgo,Ixmiquilpan,U2,Horizontal,4,030,13
2017,Coahuila de Zaragoza,Saltillo,U1,Horizontal,140,030,05
2017,Veracruz de Ignacio de la Llave,Córdoba,U1,Horizontal,4,044,30
2016,Jalisco,Autlán de Navarro,U1,Horizontal,2,015,14
2016,Veracruz de Ignacio de la Llave,Mariano Escobedo,U2,Vertical,72,101,30
2016,Hidalgo,Epazoyucan,FC,Horizontal,2,022,13
2017,Morelos,Yautepec,U2,Vertical,3,029,17
2015,Morelos,Jojutla,U3,Horizontal,194,012,17
2015,Tlaxcala,Zacatelco,U2,Horizontal,24,044,29
2017,Jalisco,Tala,U1,Horizontal,23,083,14
2017,Coahuila de Zaragoza,Allende,U2,Horizontal,18,003,05
2015,Tlaxcala,Amaxac de Guerrero,U2,Horizontal,3,001,29
2015,Jalisco,Tonalá,U3,Horizontal,256,101,14
2015,Durango,Durango,U1,Vertical,32,005,10
2017,Jalisco,Poncitlán,FC,Horizontal,25,066,14
2015,Sonora,Cananea,U3,Horizontal,60,019,26
2015,Jalisco,San Miguel el Alto,U3,Horizontal,40,078,14
2017,Puebla,Tecamachalco,U2,Horizontal,115,154,21
2016,Tamaulipas,Nuevo Laredo,U1,Horizontal,333,027,28
2016,Zacatecas,Jerez,U1,Horizontal,4,020,32
2015,Puebla,San Pedro Cholula,U2,Vertical,1,140,21
2017,Baja California Sur,Mulegé,FC,Horizontal,37,002,03
2015,Jalisco,Zapopan,FC,Horizontal,1695,120,14
2017,Guerrero,Acapulco de Juárez,U2,Horizontal,160,001,12
2017,Morelos,Emiliano Zapata,U3,Horizontal,14,008,17
2015,Nayarit,Bahía de Banderas,U3,Horizontal,211,020,18
2017,Nuevo León,General Escobedo,U1,Horizontal,422,021,19
2015,Querétaro,Querétaro,FC,Horizontal,102,014,22
2015,Sonora,Cajeme,FC,Horizontal,37,018,26
2015,Sonora,Agua Prieta,U2,Horizontal,277,002,26
2016,Sinaloa,Navolato,FC,Vertical,4,018,25
2015,México,Huehuetoca,U3,Vertical,160,035,15
2016,Ciudad de México,Coyoacán,U1,Vertical,91,003,09
2017,México,Texcoco,U2,Vertical,193,099,15
2015,Nuevo León,Montemorelos,U3,Vertical,4,038,19
2016,Coahuila de Zaragoza,Frontera,U1,Horizontal,233,010,05
2016,Puebla,Huauchinango,U3,Horizontal,26,071,21
2017,Oaxaca,San Jacinto Amilpas,U1,Vertical,5,157,20
2017,Puebla,Huejotzingo,U2,Horizontal,482,074,21
2015,Coahuila de Zaragoza,Frontera,U1,Horizontal,288,010,05
2016,Oaxaca,Oaxaca de Juárez,U2,Horizontal,5,067,20
2016,Chiapas,Cintalapa de Figueroa,U1,Horizontal,6,017,07
2015,Veracruz de Ignacio de la Llave,Poza Rica de Hidalgo,FC,Horizontal,23,131,30
2017,Nayarit,Xalisco,U1,Horizontal,5,008,18
2015,Nuevo León,Cadereyta Jiménez,FC,Vertical,108,009,19
2016,Jalisco,El Grullo,U3,Horizontal,63,037,14
2015,Durango,Durango,FC,Vertical,7,005,10
2015,Veracruz de Ignacio de la Llave,Emiliano Zapata,U3,Horizontal,2,065,30
2015,Oaxaca,Santa María Atzompa,U1,Horizontal,4,399,20
2016,Baja California Sur,Comondú,U2,Horizontal,32,001,03
2015,Nuevo León,General Escobedo,U2,Horizontal,1723,021,19
2017,Nayarit,Xalisco,U2,Vertical,36,008,18
2017,Veracruz de Ignacio de la Llave,Medellín de Bravo,U3,Vertical,178,105,30
2016,Colima,Manzanillo,U3,Horizontal,141,007,06
2015,Ciudad de México,Azcapotzalco,U2,Vertical,27,002,09
2015,Jalisco,La Barca,U2,Horizontal,8,018,14
2015,Hidalgo,Zempoala,U3,Horizontal,325,083,13
2016,Baja California,Tijuana,U2,Horizontal,966,004,02
2016,Baja California,Tijuana,U1,Vertical,43,004,02
2016,Aguascalientes,Aguascalientes,U1,Horizontal,79,001,01
2015,Veracruz de Ignacio de la Llave,Coatzintla,FC,Horizontal,50,040,30
2016,Michoacán de Ocampo,Zamora,FC,Horizontal,5,108,16
2016,Chihuahua,Delicias,U2,Horizontal,440,021,08
2015,Michoacán de Ocampo,Uruapan,U2,Horizontal,4,102,16
2017,Querétaro,San Juan del Río,U3,Horizontal,430,016,22
2016,Sonora,Puerto Peñasco,U3,Horizontal,197,048,26
2017,México,Tecámac,U2,Horizontal,988,081,15
2016,Guanajuato,San Felipe,U2,Horizontal,60,030,11
2017,Zacatecas,Pinos,FC,Horizontal,6,038,32
2017,Sinaloa,Navolato,FC,Horizontal,7,018,25
2016,México,Atizapán de Zaragoza,U2,Vertical,22,013,15
2017,Coahuila de Zaragoza,Nava,U2,Horizontal,120,022,05
2016,Baja California,Tijuana,U3,Vertical,248,004,02
2016,Veracruz de Ignacio de la Llave,Emiliano Zapata,FC,Vertical,4,065,30
2015,Michoacán de Ocampo,Coalcomán de Vázquez Pallares,FC,Horizontal,1,015,16
2015,México,Tecámac,U1,Horizontal,797,081,15
2015,México,Xonacatlán,U3,Horizontal,150,115,15
2016,Yucatán,Hunucmá,U1,Horizontal,1,038,31
2017,México,Cuautitlán,U3,Horizontal,637,024,15
2016,Veracruz de Ignacio de la Llave,Córdoba,U3,Horizontal,160,044,30
2016,Campeche,Carmen,U2,Horizontal,28,003,04
2015,Jalisco,Ocotlán,U1,Horizontal,9,063,14
2017,Durango,Durango,U2,Vertical,28,005,10
2016,Jalisco,Puerto Vallarta,U3,Horizontal,10,067,14
2016,Nuevo León,Monterrey,U2,Horizontal,39,039,19
2016,San Luis Potosí,El Naranjo,FC,Horizontal,1,058,24
2016,Tlaxcala,Apizaco,U2,Horizontal,14,005,29
2017,Jalisco,Ojuelos de Jalisco,FC,Horizontal,1,064,14
2017,Baja California Sur,Loreto,FC,Horizontal,3,009,03
2016,Veracruz de Ignacio de la Llave,Jalacingo,U1,Horizontal,1,086,30
2015,Sonora,Nogales,U3,Horizontal,248,043,26
2015,Chihuahua,Aquiles Serdán,U3,Horizontal,19,004,08
2017,Ciudad de México,Coyoacán,U2,Vertical,355,003,09
2015,Durango,Gómez Palacio,U3,Horizontal,52,007,10
2016,Coahuila de Zaragoza,Sabinas,U2,Horizontal,280,028,05
2015,Guanajuato,Pénjamo,U1,Horizontal,1,023,11
2016,Jalisco,Tala,U3,Horizontal,65,083,14
2016,Tabasco,Comalcalco,U3,Horizontal,3,005,27
2017,Michoacán de Ocampo,Pátzcuaro,U1,Horizontal,1,066,16
2016,México,Coacalco de Berriozábal,U2,Horizontal,560,020,15
2015,Zacatecas,Zacatecas,U1,Horizontal,3,056,32
2015,México,Zumpango,U2,Horizontal,982,120,15
2015,México,Coacalco de Berriozábal,U2,Horizontal,296,020,15
2016,Colima,Tecomán,U2,Horizontal,1,009,06
2015,Baja California Sur,Mulegé,U2,Horizontal,1,002,03
2017,Baja California,Tijuana,U3,Vertical,722,004,02
2016,Coahuila de Zaragoza,Saltillo,U1,Horizontal,354,030,05
2016,Hidalgo,Zempoala,U2,Horizontal,317,083,13
2015,Aguascalientes,Aguascalientes,U1,Horizontal,83,001,01
2015,Nuevo León,Juárez,U3,Horizontal,665,031,19
2017,San Luis Potosí,Matehuala,U1,Horizontal,2,020,24
2017,Quintana Roo,Solidaridad,U3,Vertical,2025,008,23
2016,Jalisco,Tonalá,U2,Horizontal,45,101,14
2017,Coahuila de Zaragoza,Monclova,U3,Horizontal,14,018,05
2015,Tlaxcala,Tetla de la Solidaridad,U2,Horizontal,32,031,29
2017,Ciudad de México,Gustavo A. Madero,U1,Vertical,259,005,09
2015,Guanajuato,San Luis de la Paz,U2,Horizontal,74,033,11
2017,Guanajuato,León,U2,Horizontal,1213,020,11
2015,Oaxaca,Heroica Ciudad de Huajuapan de León,U3,Horizontal,6,039,20
2016,Jalisco,Jalostotitlán,U3,Horizontal,2,046,14
2015,Veracruz de Ignacio de la Llave,Río Blanco,U2,Vertical,15,138,30
2016,Guerrero,Chilpancingo de los Bravo,U3,Vertical,312,029,12
2017,México,Almoloya de Juárez,U2,Horizontal,6,005,15
2016,Sinaloa,Mazatlán,U1,Horizontal,52,012,25
2015,Tamaulipas,Ciudad Madero,U2,Horizontal,29,009,28
2015,Michoacán de Ocampo,Zamora,U2,Vertical,512,108,16
2015,Veracruz de Ignacio de la Llave,Poza Rica de Hidalgo,U2,Horizontal,320,131,30
2015,Nuevo León,Montemorelos,U3,Horizontal,73,038,19
2017,Jalisco,San Juan de los Lagos,U1,Horizontal,2,073,14
2015,San Luis Potosí,Ciudad Fernández,U3,Horizontal,5,011,24
2015,Nuevo León,General Escobedo,U1,Vertical,68,021,19
2016,Guerrero,Iguala de la Independencia,U1,Horizontal,132,035,12
2017,Tamaulipas,Ciudad Madero,U2,Horizontal,28,009,28
2017,Ciudad de México,Venustiano Carranza,U2,Vertical,203,017,09
2015,Jalisco,Ameca,FC,Horizontal,2,006,14
2016,Michoacán de Ocampo,Morelia,U1,Horizontal,119,053,16
2016,Nuevo León,General Zuazua,FC,Horizontal,532,025,19
2016,Jalisco,Ameca,FC,Horizontal,2,006,14
2017,Yucatán,Umán,U2,Horizontal,438,101,31
2017,Durango,Gómez Palacio,U2,Horizontal,380,007,10
2017,Campeche,Campeche,U2,Horizontal,209,002,04
2015,Nuevo León,Cadereyta Jiménez,FC,Horizontal,1058,009,19
2017,Zacatecas,Zacatecas,U3,Horizontal,93,056,32
2015,Ciudad de México,Coyoacán,U1,Vertical,2,003,09
2015,Aguascalientes,Aguascalientes,U3,Horizontal,851,001,01
2017,Michoacán de Ocampo,Sahuayo,U1,Horizontal,13,076,16
2016,Jalisco,San Pedro Tlaquepaque,U2,Horizontal,329,098,14
2016,Jalisco,Ixtlahuacán de los Membrillos,U2,Vertical,24,044,14
2016,Michoacán de Ocampo,Sahuayo,U1,Horizontal,42,076,16
2017,Ciudad de México,Álvaro Obregón,U2,Vertical,100,010,09
2015,Tabasco,Centro,FC,Horizontal,121,004,27
2017,Jalisco,Tonalá,U2,Vertical,246,101,14
2016,Morelos,Cuernavaca,U2,Vertical,1,007,17
2015,Baja California Sur,Comondú,U2,Horizontal,24,001,03
2016,Veracruz de Ignacio de la Llave,Tuxpan,U3,Vertical,128,189,30
2015,Sonora,Nogales,U2,Vertical,3,043,26
2017,Oaxaca,Tlacolula de Matamoros,FC,Horizontal,8,551,20
2016,Durango,Durango,U2,Horizontal,727,005,10
2016,Colima,Colima,U3,Horizontal,7,002,06
2017,Baja California Sur,La Paz,FC,Horizontal,130,003,03
2015,Quintana Roo,Cozumel,U3,Horizontal,55,001,23
2015,Morelos,Yautepec,U2,Vertical,15,029,17
2016,Jalisco,Zapotlán el Grande,U1,Horizontal,85,023,14
2017,Quintana Roo,Othón P. Blanco,U3,Horizontal,444,004,23
2015,Jalisco,El Arenal,FC,Horizontal,210,009,14
2016,Tlaxcala,Santa Cruz Tlaxcala,U2,Horizontal,44,026,29
2016,Jalisco,Guadalajara,U1,Horizontal,31,039,14
2016,Zacatecas,Fresnillo,U1,Horizontal,68,010,32
2015,Yucatán,Umán,U2,Horizontal,133,101,31
2015,Jalisco,Tlajomulco de Zúñiga,U1,Horizontal,225,097,14
2017,Michoacán de Ocampo,Zamora,U2,Horizontal,52,108,16
2016,Jalisco,Zapopan,FC,Vertical,441,120,14
2017,Chiapas,San Cristóbal de las Casas,U2,Vertical,5,078,07
2016,Tlaxcala,Yauhquemehcan,U1,Horizontal,17,043,29
2017,Tabasco,Teapa,U2,Horizontal,4,016,27
2016,Nuevo León,Cadereyta Jiménez,U2,Horizontal,51,009,19
2017,Michoacán de Ocampo,Zacapu,U2,Horizontal,47,107,16
2017,Jalisco,San Miguel el Alto,U3,Horizontal,2,078,14
2016,Durango,Durango,U1,Vertical,34,005,10
2017,Chihuahua,Jiménez,U2,Horizontal,11,036,08
2015,Tabasco,Teapa,FC,Horizontal,10,016,27
2017,Hidalgo,Pachuca de Soto,U3,Horizontal,483,048,13
2016,Veracruz de Ignacio de la Llave,Tuxpan,U2,Horizontal,143,189,30
2017,Nuevo León,Montemorelos,U3,Horizontal,194,038,19
2015,México,Zumpango,U2,Vertical,1110,120,15
2015,México,Chalco,U2,Vertical,111,025,15
2017,Morelos,Cuernavaca,U2,Horizontal,33,007,17
2015,Sonora,Cajeme,U3,Horizontal,250,018,26
2015,México,Ecatepec de Morelos,U1,Horizontal,369,033,15
2016,Puebla,Ocoyucan,FC,Horizontal,45,106,21
2016,Chiapas,Berriozábal,U2,Vertical,128,012,07
2015,Ciudad de México,Iztapalapa,U1,Vertical,81,007,09
2016,Veracruz de Ignacio de la Llave,Coatzacoalcos,U3,Horizontal,3,039,30
2017,Tamaulipas,Ciudad Madero,U1,Horizontal,3,009,28
2017,Guanajuato,Irapuato,U1,Horizontal,166,017,11
2016,Tlaxcala,Apizaco,U1,Horizontal,1,005,29
2016,Quintana Roo,Benito Juárez,U2,Vertical,6384,005,23
2016,Aguascalientes,Rincón de Romos,U2,Horizontal,73,007,01
2017,Nuevo León,Santa Catarina,U2,Vertical,204,048,19
2015,Baja California Sur,Mulegé,U3,Horizontal,50,002,03
2016,Chiapas,Tonalá,FC,Horizontal,1,097,07
2015,Guanajuato,San José Iturbide,FC,Horizontal,58,032,11
2017,Guanajuato,Apaseo el Grande,U1,Horizontal,1,005,11
2016,San Luis Potosí,Soledad de Graciano Sánchez,FC,Horizontal,187,035,24
2016,Colima,Villa de Álvarez,U3,Horizontal,390,010,06
2015,Chihuahua,Hidalgo del Parral,U2,Horizontal,85,032,08
2016,Chiapas,Tuxtla Gutiérrez,FC,Horizontal,152,101,07
2016,Puebla,Tehuacán,U1,Vertical,12,156,21
2017,Tamaulipas,Río Bravo,U2,Horizontal,93,033,28
2016,Jalisco,Colotlán,FC,Horizontal,2,025,14
2016,México,Cuautitlán,U3,Horizontal,714,024,15
2017,Jalisco,San Pedro Tlaquepaque,U2,Horizontal,385,098,14
2016,Durango,Lerdo,U3,Horizontal,60,012,10
2016,San Luis Potosí,Charcas,FC,Horizontal,60,015,24
2017,Nayarit,Tepic,FC,Horizontal,3,017,18
2017,Tamaulipas,Victoria,U3,Horizontal,787,041,28
2017,Sonora,Guaymas,U2,Horizontal,267,029,26
2015,Veracruz de Ignacio de la Llave,Emiliano Zapata,FC,Horizontal,1,065,30
2016,Guanajuato,Salamanca,FC,Horizontal,341,027,11
2017,Nuevo León,Cadereyta Jiménez,U1,Horizontal,30,009,19
2015,Nuevo León,García,U2,Horizontal,6147,018,19
2015,Veracruz de Ignacio de la Llave,Xalapa,FC,Vertical,205,087,30
2015,Michoacán de Ocampo,Yurécuaro,U2,Horizontal,6,106,16
2017,Morelos,Yautepec,FC,Vertical,8,029,17
2015,Tabasco,Cunduacán,U2,Vertical,36,006,27
2016,Zacatecas,Calera,U1,Horizontal,2,005,32
2015,Jalisco,Tepatitlán de Morelos,U1,Horizontal,10,093,14
2016,México,Atizapán de Zaragoza,U1,Vertical,3,013,15
2017,Chihuahua,Delicias,U1,Horizontal,84,021,08
2015,Michoacán de Ocampo,Pátzcuaro,FC,Horizontal,8,066,16
2016,Coahuila de Zaragoza,Ramos Arizpe,U2,Horizontal,612,027,05
2017,Colima,Manzanillo,U2,Horizontal,944,007,06
2015,Michoacán de Ocampo,Hidalgo,FC,Horizontal,40,034,16
2017,Oaxaca,San Jacinto Amilpas,U2,Vertical,8,157,20
2017,Veracruz de Ignacio de la Llave,Cosoleacaque,U3,Horizontal,112,048,30
2016,Baja California,Playas de Rosarito,FC,Horizontal,139,005,02
2016,Yucatán,Kanasín,U2,Vertical,312,041,31
2017,Puebla,Teziutlán,U2,Vertical,123,174,21
2017,Tamaulipas,Reynosa,U3,Horizontal,1005,032,28
2016,Coahuila de Zaragoza,Saltillo,FC,Horizontal,41,030,05
2016,Jalisco,Autlán de Navarro,U2,Horizontal,135,015,14
2015,Jalisco,Tala,U1,Horizontal,2,083,14
2017,Quintana Roo,Puerto Morelos,FC,Horizontal,646,011,23
2015,México,Temoaya,FC,Horizontal,344,087,15
2015,Veracruz de Ignacio de la Llave,Córdoba,FC,Horizontal,136,044,30
2017,Sonora,San Luis Río Colorado,U3,Horizontal,32,055,26
2016,Nayarit,Bahía de Banderas,U2,Horizontal,369,020,18
2016,Guerrero,Zihuatanejo de Azueta,FC,Vertical,9,038,12
2017,Veracruz de Ignacio de la Llave,Emiliano Zapata,U3,Horizontal,9,065,30
2016,Tamaulipas,Río Bravo,U3,Horizontal,97,033,28
2017,Coahuila de Zaragoza,San Buenaventura,U2,Horizontal,6,031,05
2016,Tlaxcala,Yauhquemehcan,U2,Horizontal,25,043,29
2016,Michoacán de Ocampo,Uruapan,U2,Horizontal,25,102,16
2017,Aguascalientes,Aguascalientes,U2,Horizontal,2702,001,01
2017,Nayarit,Compostela,U2,Horizontal,1,004,18
2017,Querétaro,Querétaro,U3,Horizontal,1003,014,22
2017,Jalisco,El Salto,U1,Vertical,18,070,14
2015,Tlaxcala,Chiautempan,U3,Horizontal,1,010,29
2017,Oaxaca,Santa Cruz Xoxocotlán,U1,Vertical,2,385,20
2015,Coahuila de Zaragoza,Torreón,FC,Horizontal,100,035,05
2016,Nuevo León,Sabinas Hidalgo,U2,Horizontal,53,044,19
2015,Nayarit,Xalisco,FC,Horizontal,3,008,18
2017,Guanajuato,Dolores Hidalgo Cuna de la Independencia Nacional,FC,Horizontal,60,014,11
2015,Veracruz de Ignacio de la Llave,Ixtaczoquitlán,U3,Vertical,120,085,30
2015,Colima,Manzanillo,U2,Horizontal,919,007,06
2016,Chiapas,Tapachula,U2,Vertical,176,089,07
2015,Ciudad de México,Tláhuac,U1,Vertical,37,011,09
2015,Guerrero,Acapulco de Juárez,U1,Vertical,195,001,12
2015,Jalisco,Zapotiltic,U2,Horizontal,124,121,14
2017,Puebla,Huauchinango,U3,Horizontal,17,071,21
2017,Veracruz de Ignacio de la Llave,Poza Rica de Hidalgo,U1,Horizontal,1,131,30
2016,Querétaro,Pedro Escobedo,FC,Horizontal,44,012,22
2015,Tamaulipas,Reynosa,U2,Horizontal,5461,032,28
2017,Jalisco,Guadalajara,U2,Horizontal,11,039,14
2017,Sinaloa,Mazatlán,U1,Horizontal,233,012,25
2015,Jalisco,Arandas,U2,Horizontal,10,008,14
2016,Tlaxcala,Amaxac de Guerrero,U2,Horizontal,1,001,29
2016,Puebla,Puebla,U1,Horizontal,61,114,21
2016,Guanajuato,San Luis de la Paz,U3,Horizontal,158,033,11
2016,Michoacán de Ocampo,Pátzcuaro,U2,Horizontal,12,066,16
2016,Chiapas,Tuxtla Gutiérrez,U3,Horizontal,13,101,07
2015,Jalisco,San Pedro Tlaquepaque,U1,Horizontal,4,098,14
2017,México,Toluca,FC,Horizontal,4,106,15
2016,Colima,Comala,U2,Horizontal,1,003,06
2017,Tabasco,Teapa,U2,Vertical,21,016,27
2015,Sonora,Navojoa,U2,Horizontal,277,042,26
2017,Tlaxcala,Santa Cruz Tlaxcala,U2,Horizontal,80,026,29
2016,Veracruz de Ignacio de la Llave,Pánuco,U2,Horizontal,11,123,30
2015,Zacatecas,Calera,U2,Horizontal,4,005,32
2017,México,Calimaya,FC,Horizontal,29,018,15
2016,Michoacán de Ocampo,Zamora,U3,Horizontal,69,108,16
2015,Guerrero,Chilpancingo de los Bravo,U1,Vertical,53,029,12
2015,México,Xonacatlán,U3,Vertical,82,115,15
2016,Yucatán,Samahil,FC,Horizontal,3,063,31
2015,Hidalgo,Pachuca de Soto,U3,Horizontal,126,048,13
2017,Veracruz de Ignacio de la Llave,Medellín de Bravo,U2,Horizontal,131,105,30
2017,Puebla,Chignahuapan,U1,Horizontal,1,053,21
2016,Sonora,Nogales,U1,Horizontal,2,043,26
2015,Ciudad de México,Álvaro Obregón,U1,Horizontal,2,010,09
2016,México,Tonanitla,U3,Horizontal,402,125,15
2015,Puebla,Puebla,U1,Horizontal,31,114,21
2016,Guanajuato,Dolores Hidalgo Cuna de la Independencia Nacional,FC,Horizontal,40,014,11
2017,Yucatán,Hunucmá,U3,Horizontal,5,038,31
2015,Sonora,Nogales,U1,Horizontal,81,043,26
2017,Hidalgo,Santiago Tulantepec de Lugo Guerrero,U2,Horizontal,4,056,13
2015,Sonora,Guaymas,FC,Horizontal,6,029,26
2015,Campeche,Campeche,FC,Horizontal,2,002,04
2016,Guerrero,Tixtla de Guerrero,FC,Horizontal,4,061,12
2017,Tabasco,Centro,U2,Horizontal,25,004,27
2017,Tamaulipas,Matamoros,U2,Horizontal,134,022,28
2017,Quintana Roo,Benito Juárez,U3,Vertical,2165,005,23
2017,México,Tultepec,U2,Horizontal,76,108,15
2017,Morelos,Jojutla,FC,Vertical,49,012,17
2015,Morelos,Jiutepec,U2,Horizontal,5,011,17
2017,Tlaxcala,Chiautempan,U2,Horizontal,4,010,29
2015,Ciudad de México,Xochimilco,U2,Vertical,1,013,09
2016,Querétaro,Corregidora,U2,Horizontal,183,006,22
2017,San Luis Potosí,Soledad de Graciano Sánchez,U1,Vertical,12,035,24
2015,Tlaxcala,Tlaxco,U3,Horizontal,3,034,29
2015,Veracruz de Ignacio de la Llave,Veracruz,U3,Vertical,96,193,30
2015,Chihuahua,Jiménez,U2,Horizontal,29,036,08
2015,Chihuahua,Aldama,U3,Horizontal,1,002,08
2017,Veracruz de Ignacio de la Llave,Alvarado,FC,Horizontal,28,011,30
2015,Puebla,Tehuacán,U1,Horizontal,173,156,21
2017,México,Tlalnepantla de Baz,U1,Vertical,120,104,15
2017,Veracruz de Ignacio de la Llave,Naranjos Amatlán,U2,Horizontal,2,013,30
2016,Puebla,Huauchinango,U1,Horizontal,4,071,21
2017,Guanajuato,León,U1,Horizontal,868,020,11
2017,Zacatecas,Zacatecas,U2,Horizontal,44,056,32
2015,Guanajuato,Apaseo el Grande,U3,Vertical,48,005,11
2017,Nuevo León,El Carmen,U2,Horizontal,1671,010,19
2016,Colima,Manzanillo,U1,Vertical,48,007,06
2017,Guanajuato,Salamanca,U1,Horizontal,8,027,11
2016,Baja California Sur,Mulegé,U2,Horizontal,1,002,03
2015,Tamaulipas,Nuevo Laredo,FC,Horizontal,18,027,28
2017,Coahuila de Zaragoza,Saltillo,U3,Horizontal,394,030,05
2016,Querétaro,El Marqués,U2,Horizontal,826,011,22
2015,Tamaulipas,Reynosa,U3,Horizontal,267,032,28
2016,Veracruz de Ignacio de la Llave,Coatepec,U1,Horizontal,5,038,30
2016,Jalisco,La Barca,U1,Horizontal,4,018,14
2015,Guanajuato,Abasolo,U2,Horizontal,6,001,11
2015,Michoacán de Ocampo,Zacapu,U2,Horizontal,38,107,16
2015,Michoacán de Ocampo,Vista Hermosa,FC,Horizontal,5,105,16
2017,Tlaxcala,Huamantla,U2,Horizontal,10,013,29
2015,Guanajuato,Yuriria,U2,Horizontal,6,046,11
2016,Nayarit,Tepic,U1,Vertical,3,017,18
2016,Coahuila de Zaragoza,Múzquiz,U2,Horizontal,46,020,05
2016,Yucatán,Umán,U2,Horizontal,311,101,31
2016,Baja California,Tijuana,U1,Horizontal,247,004,02
2015,Puebla,Ahuazotepec,FC,Horizontal,1,008,21
2017,Jalisco,Guadalajara,U2,Vertical,558,039,14
2015,Veracruz de Ignacio de la Llave,Xalapa,U1,Horizontal,84,087,30
2015,Jalisco,Puerto Vallarta,U1,Vertical,4,067,14
2015,Michoacán de Ocampo,Los Reyes,U2,Vertical,6,075,16
2017,Chihuahua,Camargo,U1,Horizontal,2,011,08
2015,Sonora,Caborca,U2,Horizontal,54,017,26
2016,Puebla,Tecamachalco,U2,Vertical,72,154,21
2015,Jalisco,El Salto,U2,Vertical,1734,070,14
2017,Aguascalientes,Jesús María,FC,Horizontal,3,005,01
2016,Guanajuato,Purísima del Rincón,FC,Horizontal,22,025,11
2016,Tabasco,Centro,U2,Horizontal,19,004,27
2016,San Luis Potosí,Rioverde,U2,Horizontal,23,024,24
2017,Durango,Lerdo,U1,Horizontal,327,012,10
2017,Baja California,Mexicali,U3,Horizontal,848,002,02
2017,Guerrero,Tixtla de Guerrero,U2,Horizontal,5,061,12
2016,Veracruz de Ignacio de la Llave,Naranjos Amatlán,U3,Horizontal,1,013,30
2015,Puebla,Amozoc,U3,Vertical,60,015,21
2017,Coahuila de Zaragoza,Piedras Negras,U1,Horizontal,72,025,05
2015,Jalisco,Tonalá,U1,Vertical,144,101,14
2015,Nayarit,Tepic,U1,Horizontal,11,017,18
2019,México,La Paz,U2,Horizontal,9,070,15
2020,Puebla,Coronango,U3,Vertical,312,034,21
2019,Michoacán de Ocampo,Sahuayo,U2,Horizontal,1,076,16
2020,Guerrero,Zihuatanejo de Azueta,FC,Horizontal,6,038,12
2020,Nuevo León,El Carmen,FC,Horizontal,3,010,19
2018,Hidalgo,Mineral de la Reforma,U2,Horizontal,295,051,13
2019,San Luis Potosí,Rioverde,U3,Horizontal,72,024,24
2019,Veracruz de Ignacio de la Llave,Tuxpan,U2,Horizontal,101,189,30
2019,Zacatecas,Zacatecas,U3,Horizontal,33,056,32
2019,Guanajuato,León,U1,Horizontal,398,020,11
2020,Chihuahua,Hidalgo del Parral,U1,Horizontal,29,032,08
2020,México,Huixquilucan,U2,Vertical,52,037,15
2019,San Luis Potosí,San Luis Potosí,U1,Horizontal,100,028,24
2019,Chihuahua,Chihuahua,U1,Horizontal,35,019,08
2020,San Luis Potosí,Soledad de Graciano Sánchez,U2,Vertical,52,035,24
2018,Baja California,Ensenada,U3,Vertical,32,001,02
2019,Morelos,Emiliano Zapata,U1,Horizontal,147,008,17
2020,Sonora,Nogales,U2,Horizontal,22,043,26
2019,Nuevo León,Salinas Victoria,FC,Horizontal,44,045,19
2019,Jalisco,El Salto,U3,Vertical,968,070,14
2020,Chiapas,Tapachula,U3,Horizontal,144,089,07
2018,Sinaloa,Culiacán,FC,Vertical,12,006,25
2018,Hidalgo,Atotonilco de Tula,FC,Vertical,504,013,13
2020,Sonora,Puerto Peñasco,U1,Horizontal,5,048,26
2018,Michoacán de Ocampo,Jiquilpan,U2,Horizontal,22,045,16
2018,Michoacán de Ocampo,Los Reyes,U2,Horizontal,27,075,16
2018,Morelos,Xochitepec,U3,Horizontal,45,028,17
2018,Oaxaca,Santa María Atzompa,FC,Horizontal,5,399,20
2019,Nayarit,Ixtlán del Río,U3,Horizontal,13,006,18
2020,Jalisco,Lagos de Moreno,U3,Horizontal,360,053,14
2018,Tabasco,Nacajuca,U3,Vertical,72,013,27
2020,Guerrero,Chilpancingo de los Bravo,U2,Horizontal,1,029,12
2018,Colima,Manzanillo,U2,Vertical,21,007,06
2019,Jalisco,Tonalá,U2,Horizontal,267,101,14
2018,Michoacán de Ocampo,Pátzcuaro,U2,Horizontal,20,066,16
2018,Guerrero,Acapulco de Juárez,U3,Vertical,331,001,12
2019,Coahuila de Zaragoza,Torreón,U2,Horizontal,763,035,05
2020,Chiapas,Tuxtla Gutiérrez,U2,Vertical,74,101,07
2019,Tamaulipas,Ciudad Madero,U2,Vertical,6,009,28
2019,Baja California,Tijuana,FC,Horizontal,123,004,02
2018,Chiapas,Tapachula,U1,Horizontal,8,089,07
2019,Zacatecas,Loreto,U2,Horizontal,8,024,32
2018,Colima,Armería,U2,Horizontal,1,001,06
2018,Jalisco,Zapotiltic,U3,Horizontal,45,121,14
2018,Sinaloa,Mazatlán,U2,Horizontal,259,012,25
2020,Tlaxcala,Tlaxcala,U2,Vertical,32,033,29
2019,Chiapas,Berriozábal,U3,Horizontal,19,012,07
2018,Nuevo León,Juárez,U2,Horizontal,1523,031,19
2020,México,Toluca,FC,Horizontal,32,106,15
2018,México,Nicolás Romero,U2,Horizontal,60,060,15
2018,Veracruz de Ignacio de la Llave,Veracruz,U3,Horizontal,722,193,30
2020,Baja California,Tijuana,U1,Horizontal,85,004,02
2020,Chihuahua,Delicias,U1,Horizontal,80,021,08
2020,Chiapas,Pijijiapan,U3,Horizontal,2,069,07
2018,Michoacán de Ocampo,Los Reyes,U2,Vertical,8,075,16
2019,Yucatán,Motul,U3,Horizontal,3,052,31
2018,Tamaulipas,Nuevo Laredo,U2,Horizontal,44,027,28
2019,Chiapas,Tuxtla Gutiérrez,U1,Horizontal,12,101,07
2018,Veracruz de Ignacio de la Llave,Xalapa,U1,Vertical,2,087,30
2020,México,Tecámac,U1,Horizontal,116,081,15
2019,Guerrero,Acapulco de Juárez,U1,Vertical,335,001,12
2019,México,Melchor Ocampo,U3,Vertical,131,053,15
2020,Michoacán de Ocampo,Sahuayo,U1,Horizontal,41,076,16
2018,Nuevo León,García,U3,Horizontal,7972,018,19
2018,Hidalgo,San Agustín Tlaxiaca,U2,Horizontal,1,052,13
2018,Colima,Villa de Álvarez,U2,Horizontal,254,010,06
2020,Veracruz de Ignacio de la Llave,Veracruz,U3,Vertical,1175,193,30
2018,Guanajuato,Salamanca,FC,Vertical,234,027,11
2020,Tlaxcala,Yauhquemehcan,U2,Horizontal,15,043,29
2018,Tlaxcala,Xicohtzinco,U2,Horizontal,2,042,29
2019,Michoacán de Ocampo,Morelia,FC,Vertical,60,053,16
2019,México,Atizapán de Zaragoza,U2,Vertical,11,013,15
2020,Guanajuato,Guanajuato,U1,Horizontal,1,015,11
2019,San Luis Potosí,Villa de Reyes,FC,Horizontal,37,050,24
2020,Chihuahua,Chihuahua,U2,Horizontal,603,019,08
2020,Yucatán,Kanasín,FC,Horizontal,134,041,31
2020,Oaxaca,Santa María Huatulco,U3,Vertical,192,413,20
2020,Durango,Durango,U3,Vertical,315,005,10
2019,Ciudad de México,Cuauhtémoc,U1,Horizontal,1,015,09
2019,Baja California Sur,Comondú,U2,Horizontal,16,001,03
2020,Guanajuato,Irapuato,U1,Horizontal,42,017,11
2020,San Luis Potosí,Soledad de Graciano Sánchez,U3,Vertical,232,035,24
2018,Baja California Sur,Comondú,U3,Horizontal,11,001,03
2020,Tabasco,Nacajuca,U2,Horizontal,3,013,27
2019,Veracruz de Ignacio de la Llave,Tempoal,FC,Horizontal,2,161,30
2019,Ciudad de México,Tláhuac,U2,Vertical,130,011,09
2019,Sonora,Hermosillo,U1,Horizontal,77,030,26
2018,México,Cuautitlán,U2,Horizontal,227,024,15
2019,Aguascalientes,Aguascalientes,U2,Horizontal,990,001,01
2019,Tamaulipas,Matamoros,U2,Horizontal,77,022,28
2018,Jalisco,El Arenal,FC,Vertical,447,009,14
2019,Chihuahua,Chihuahua,U3,Horizontal,1423,019,08
2019,Zacatecas,Zacatecas,FC,Horizontal,14,056,32
2018,Sonora,Hermosillo,U1,Horizontal,45,030,26
2019,Morelos,Cuernavaca,U1,Vertical,50,007,17
2019,San Luis Potosí,Matehuala,U2,Horizontal,56,020,24
2018,Jalisco,Zapopan,U3,Horizontal,1111,120,14
2020,México,Acolman,U3,Horizontal,35,002,15
2018,Jalisco,Jocotepec,U3,Horizontal,32,050,14
2020,Tamaulipas,Victoria,U2,Horizontal,23,041,28
2020,Colima,Villa de Álvarez,U1,Horizontal,53,010,06
2019,Michoacán de Ocampo,Erongarícuaro,FC,Horizontal,1,032,16
2018,Veracruz de Ignacio de la Llave,Boca del Río,U1,Vertical,1,028,30
2019,Jalisco,San Juan de los Lagos,U3,Horizontal,205,073,14
2019,Michoacán de Ocampo,Sahuayo,U3,Horizontal,10,076,16
2020,San Luis Potosí,Ciudad Valles,U2,Horizontal,12,013,24
2019,Guanajuato,León,U2,Horizontal,428,020,11
2020,Puebla,Huejotzingo,U3,Vertical,1054,074,21
2019,Yucatán,Conkal,U3,Horizontal,51,013,31
2019,San Luis Potosí,Soledad de Graciano Sánchez,U3,Horizontal,495,035,24
2019,México,Tlalnepantla de Baz,U2,Vertical,92,104,15
2018,México,Zinacantepec,U2,Horizontal,279,118,15
2020,Chiapas,Tuxtla Gutiérrez,U1,Vertical,2,101,07
2018,Ciudad de México,Tlalpan,U1,Horizontal,2,012,09
2018,Tamaulipas,Ciudad Madero,U2,Horizontal,1,009,28
2019,Sinaloa,Mazatlán,U3,Vertical,378,012,25
2018,Puebla,Puebla,U1,Vertical,44,114,21
2018,Veracruz de Ignacio de la Llave,Ixhuatlancillo,U3,Horizontal,2,081,30
2018,Jalisco,Ameca,U3,Horizontal,8,006,14
2018,Guanajuato,Salamanca,U3,Vertical,54,027,11
2020,Querétaro,San Juan del Río,U3,Horizontal,723,016,22
2020,Guanajuato,Silao de la Victoria,U2,Vertical,585,037,11
2018,México,Cuautitlán Izcalli,U3,Horizontal,11,121,15
2019,Hidalgo,Zempoala,U3,Horizontal,440,083,13
2019,Morelos,Jojutla,FC,Horizontal,36,012,17
2018,México,Nezahualcóyotl,U2,Vertical,3,058,15
2020,Aguascalientes,Cosío,FC,Horizontal,10,004,01
2019,Quintana Roo,Benito Juárez,U1,Horizontal,101,005,23
2018,Tamaulipas,Altamira,U2,Horizontal,9,003,28
2018,Coahuila de Zaragoza,Monclova,U2,Horizontal,106,018,05
2019,México,Coacalco de Berriozábal,U2,Horizontal,166,020,15
2020,Puebla,Juan C. Bonilla,U3,Horizontal,1,090,21
2018,Coahuila de Zaragoza,Múzquiz,U1,Horizontal,47,020,05
2018,Nuevo León,Cadereyta Jiménez,U3,Horizontal,242,009,19
2018,Veracruz de Ignacio de la Llave,Tantoyuca,U3,Horizontal,1,155,30
2019,Baja California,Mexicali,U1,Horizontal,446,002,02
2020,Chiapas,Villaflores,U3,Horizontal,1,108,07
2020,Hidalgo,Pachuca de Soto,FC,Horizontal,106,048,13
2018,Nuevo León,Cerralvo,FC,Horizontal,20,011,19
2020,Chiapas,Tapachula,FC,Vertical,60,089,07
2018,Tabasco,Teapa,U2,Vertical,6,016,27
2020,Jalisco,Acatlán de Juárez,FC,Horizontal,40,002,14
2020,Guanajuato,Irapuato,FC,Horizontal,31,017,11
2018,San Luis Potosí,Ciudad Valles,U3,Horizontal,3,013,24
2018,Baja California Sur,Loreto,U2,Horizontal,6,009,03
2019,Tabasco,Paraíso,U2,Horizontal,6,014,27
2018,Durango,Vicente Guerrero,U3,Horizontal,2,038,10
2018,Jalisco,Zapopan,U3,Vertical,3030,120,14
2019,Ciudad de México,Gustavo A. Madero,U1,Vertical,346,005,09
2019,Chiapas,Arriaga,U2,Horizontal,3,009,07
2019,Yucatán,Kanasín,U2,Horizontal,270,041,31
2019,Baja California,Mexicali,U2,Horizontal,423,002,02
2019,Puebla,Teziutlán,FC,Vertical,8,174,21
2018,San Luis Potosí,Tamazunchale,U1,Horizontal,1,037,24
2018,Veracruz de Ignacio de la Llave,Coatzacoalcos,U2,Horizontal,94,039,30
2018,Hidalgo,Tizayuca,FC,Horizontal,666,069,13
2018,Zacatecas,Calera,U1,Horizontal,1,005,32
2018,Jalisco,Etzatlán,FC,Horizontal,3,036,14
2020,Veracruz de Ignacio de la Llave,Pánuco,U1,Horizontal,1,123,30
2019,Tabasco,Centro,U2,Vertical,32,004,27
2019,Jalisco,Tepatitlán de Morelos,U2,Horizontal,7,093,14
2019,Baja California,Tijuana,U1,Horizontal,10,004,02
2020,Coahuila de Zaragoza,Múzquiz,U2,Horizontal,3,020,05
2020,Colima,Villa de Álvarez,U2,Vertical,6,010,06
2018,Sinaloa,Mazatlán,U3,Vertical,50,012,25
2020,Tabasco,Emiliano Zapata,U1,Horizontal,1,007,27
2018,México,Chalco,U3,Horizontal,274,025,15
2020,Chiapas,Tuxtla Gutiérrez,FC,Horizontal,73,101,07
2019,Chihuahua,Nuevo Casas Grandes,U3,Horizontal,91,050,08
2019,Baja California,Tijuana,FC,Vertical,598,004,02
2020,Ciudad de México,Miguel Hidalgo,U1,Vertical,179,016,09
2019,Guanajuato,León,U2,Vertical,303,020,11
2020,Sinaloa,Culiacán,U2,Vertical,72,006,25
2019,Jalisco,Zapotlán el Grande,U3,Vertical,446,023,14
2018,Coahuila de Zaragoza,General Cepeda,FC,Horizontal,5,011,05
2018,Sinaloa,Culiacán,U2,Horizontal,900,006,25
2020,Aguascalientes,Aguascalientes,U2,Vertical,33,001,01
2019,Sonora,Caborca,U2,Horizontal,27,017,26
2019,México,Tlalnepantla de Baz,U1,Vertical,20,104,15
2019,Tlaxcala,Huamantla,U2,Horizontal,16,013,29
2019,San Luis Potosí,Ciudad Valles,U1,Horizontal,2,013,24
2018,Veracruz de Ignacio de la Llave,Xalapa,FC,Vertical,368,087,30
2018,Zacatecas,Río Grande,U2,Horizontal,5,039,32
2018,Sinaloa,Navolato,U2,Horizontal,1,018,25
2019,Nuevo León,Linares,U2,Horizontal,68,033,19
2018,Yucatán,Mérida,FC,Horizontal,55,050,31
2018,Nuevo León,Salinas Victoria,U3,Horizontal,237,045,19
2018,Colima,Manzanillo,U2,Horizontal,87,007,06
2018,México,Tecámac,U2,Horizontal,485,081,15
2020,Hidalgo,Actopan,U1,Horizontal,13,003,13
2020,Colima,Villa de Álvarez,U2,Horizontal,158,010,06
2020,Hidalgo,Mineral de la Reforma,U3,Horizontal,1080,051,13
2018,Jalisco,Zapotlán el Grande,U1,Horizontal,37,023,14
2019,Nayarit,Santiago Ixcuintla,U3,Horizontal,22,015,18
2018,Jalisco,Tlajomulco de Zúñiga,U1,Vertical,150,097,14
2019,Veracruz de Ignacio de la Llave,Tuxpan,U3,Vertical,160,189,30
2019,Nuevo León,Apodaca,U1,Horizontal,446,006,19
2019,Aguascalientes,Jesús María,U1,Horizontal,13,005,01
2019,Chiapas,Tapachula,FC,Vertical,18,089,07
2019,Ciudad de México,Iztacalco,U1,Vertical,296,006,09
2020,Quintana Roo,Puerto Morelos,FC,Horizontal,23,011,23
2020,Guerrero,Acapulco de Juárez,FC,Horizontal,29,001,12
2019,Chihuahua,Cuauhtémoc,U2,Horizontal,201,017,08
2020,Veracruz de Ignacio de la Llave,Veracruz,U2,Horizontal,317,193,30
2018,Sonora,Empalme,U3,Horizontal,76,025,26
2020,Baja California,Tijuana,FC,Horizontal,218,004,02
2018,Jalisco,Acatlán de Juárez,FC,Horizontal,23,002,14
2019,Baja California Sur,La Paz,U3,Horizontal,641,003,03
2020,Guerrero,Chilpancingo de los Bravo,U2,Vertical,16,029,12
2018,Nuevo León,Pesquería,FC,Horizontal,628,041,19
2019,Chiapas,Berriozábal,FC,Horizontal,105,012,07
2020,Chihuahua,Cuauhtémoc,U2,Horizontal,79,017,08
2018,Sinaloa,Ahome,U1,Horizontal,57,001,25
2019,Quintana Roo,Othón P. Blanco,U2,Horizontal,29,004,23
2020,Colima,Manzanillo,U2,Horizontal,156,007,06
2019,Puebla,Cuautlancingo,U2,Horizontal,2,041,21
2018,Hidalgo,Actopan,U3,Horizontal,22,003,13
2018,Tlaxcala,Xaloztoc,U1,Vertical,20,039,29
2019,Colima,Colima,U1,Horizontal,166,002,06
2019,Puebla,Teteles de Ávila Castillo,U2,Horizontal,1,173,21
2019,Sonora,Navojoa,U1,Horizontal,114,042,26
2019,Jalisco,Tuxpan,U3,Horizontal,1,108,14
2018,Colima,Tecomán,U1,Horizontal,29,009,06
2018,Tabasco,Centro,U2,Horizontal,17,004,27
2020,México,Melchor Ocampo,U3,Vertical,60,053,15
2020,Oaxaca,Salina Cruz,U2,Horizontal,5,079,20
2019,México,San Martín de las Pirámides,U1,Horizontal,1,075,15
2019,Jalisco,San Miguel el Alto,FC,Horizontal,2,078,14
2019,Tamaulipas,Nuevo Laredo,U3,Horizontal,179,027,28
2018,Morelos,Jiutepec,U1,Horizontal,120,011,17
2018,Hidalgo,Huejutla de Reyes,U1,Horizontal,1,028,13
2020,Oaxaca,Santa María Atzompa,U1,Horizontal,5,399,20
2019,Michoacán de Ocampo,Jiquilpan,U3,Vertical,30,045,16
2018,Puebla,San Martín Texmelucan,U2,Horizontal,14,132,21
2018,Sonora,San Luis Río Colorado,U2,Horizontal,193,055,26
2020,México,Zinacantepec,U3,Horizontal,45,118,15
2019,Chihuahua,Ignacio Zaragoza,FC,Horizontal,6,034,08
2018,Hidalgo,Ixmiquilpan,U1,Horizontal,1,030,13
2020,Guanajuato,Villagrán,U2,Horizontal,3,044,11
2019,Michoacán de Ocampo,Vista Hermosa,FC,Horizontal,103,105,16
2018,Yucatán,Tetiz,FC,Horizontal,1,087,31
2020,Veracruz de Ignacio de la Llave,Poza Rica de Hidalgo,U3,Horizontal,7,131,30
2019,Baja California,Tijuana,U3,Horizontal,920,004,02
2019,Nuevo León,Pesquería,FC,Vertical,78,041,19
2019,Tlaxcala,Apizaco,U2,Horizontal,48,005,29
2019,Nuevo León,Juárez,FC,Horizontal,48,031,19
2020,Nuevo León,García,U3,Horizontal,4392,018,19
2018,Tamaulipas,Victoria,FC,Horizontal,153,041,28
2019,Chiapas,Pichucalco,U3,Horizontal,2,068,07
2019,Sonora,Santa Ana,FC,Horizontal,4,058,26
2019,Hidalgo,Tulancingo de Bravo,U3,Horizontal,4,077,13
2019,Baja California Sur,Los Cabos,U3,Horizontal,96,008,03
2020,Chihuahua,Nuevo Casas Grandes,U1,Horizontal,9,050,08
2020,Nuevo León,San Nicolás de los Garza,U1,Vertical,1,046,19
2019,Michoacán de Ocampo,Pátzcuaro,FC,Horizontal,1,066,16
2019,Guerrero,Tixtla de Guerrero,U1,Horizontal,2,061,12
2019,Chiapas,Escuintla,FC,Horizontal,2,032,07
2018,Hidalgo,Tula de Allende,U2,Horizontal,4,076,13
2018,Hidalgo,San Agustín Tlaxiaca,U1,Horizontal,1,052,13
2019,Nuevo León,Guadalupe,U1,Horizontal,425,026,19
2020,Zacatecas,Sombrerete,U2,Horizontal,5,042,32
2018,Jalisco,Tala,FC,Horizontal,134,083,14
2020,Sonora,Guaymas,U2,Horizontal,95,029,26
2018,Coahuila de Zaragoza,San Juan de Sabinas,U3,Horizontal,121,032,05
2019,Coahuila de Zaragoza,Nava,U3,Horizontal,78,022,05
2018,Puebla,Teziutlán,U2,Horizontal,106,174,21
2020,Hidalgo,Mineral de la Reforma,FC,Horizontal,193,051,13
2020,México,Chalco,U2,Vertical,12,025,15
2020,Coahuila de Zaragoza,Nava,U3,Horizontal,50,022,05
2018,Tamaulipas,Río Bravo,U2,Horizontal,118,033,28
2020,Jalisco,Guadalajara,U2,Vertical,210,039,14
2018,Yucatán,Umán,U3,Horizontal,425,101,31
2019,Guerrero,Acapulco de Juárez,FC,Horizontal,58,001,12
2019,México,Atlacomulco,U1,Horizontal,16,014,15
2020,Zacatecas,Fresnillo,U2,Horizontal,79,010,32
2018,Veracruz de Ignacio de la Llave,Coatzacoalcos,U3,Vertical,288,039,30
2020,Tabasco,Nacajuca,FC,Horizontal,6,013,27
2020,Zacatecas,Fresnillo,U3,Horizontal,139,010,32
2019,México,Tlalmanalco,U3,Horizontal,90,103,15
2020,Baja California Sur,Loreto,U2,Horizontal,1,009,03
2020,Puebla,Tehuacán,U2,Horizontal,38,156,21
2018,Baja California,Tijuana,U1,Vertical,185,004,02
2020,Jalisco,Zapopan,FC,Vertical,172,120,14
2020,Guanajuato,Salamanca,FC,Horizontal,312,027,11
2019,México,Melchor Ocampo,U3,Horizontal,272,053,15
2018,Michoacán de Ocampo,Tarímbaro,U3,Vertical,192,088,16
2019,Campeche,Champotón,FC,Horizontal,4,004,04
2019,Hidalgo,Mineral de la Reforma,FC,Horizontal,353,051,13
2019,Veracruz de Ignacio de la Llave,Huatusco,U2,Horizontal,1,071,30
2018,Puebla,Puebla,U1,Horizontal,50,114,21
2018,Puebla,Ocoyucan,FC,Horizontal,4,106,21
2018,Jalisco,Poncitlán,U1,Horizontal,3,066,14
2018,Guanajuato,Silao de la Victoria,U2,Horizontal,78,037,11
2018,Guanajuato,Moroleón,U3,Horizontal,30,021,11
2018,Tlaxcala,Huamantla,U2,Horizontal,5,013,29
2019,Zacatecas,Pinos,FC,Horizontal,6,038,32
2019,Guanajuato,León,FC,Horizontal,159,020,11
2019,Guanajuato,Purísima del Rincón,FC,Horizontal,18,025,11
2018,Jalisco,El Salto,U1,Horizontal,1,070,14
2019,Coahuila de Zaragoza,Ramos Arizpe,U3,Horizontal,51,027,05
2019,Tabasco,Comalcalco,U2,Horizontal,1,005,27
2020,México,Cuautitlán,U3,Horizontal,398,024,15
2019,Sinaloa,Rosario,U1,Horizontal,18,014,25
2019,Jalisco,Zapopan,U1,Horizontal,38,120,14
2020,Guanajuato,San Felipe,U3,Horizontal,46,030,11
2020,Puebla,San Martín Texmelucan,U2,Horizontal,7,132,21
2020,Tabasco,Jalpa de Méndez,U1,Horizontal,2,010,27
2019,Chiapas,San Cristóbal de las Casas,U3,Horizontal,12,078,07
2020,Campeche,Campeche,U3,Vertical,84,002,04
2020,Coahuila de Zaragoza,Allende,U1,Horizontal,9,003,05
2019,Puebla,Coronango,U1,Horizontal,91,034,21
2019,Jalisco,Ameca,U1,Horizontal,1,006,14
2018,Oaxaca,Santa María Huatulco,U3,Vertical,80,413,20
2019,Puebla,Huejotzingo,U3,Vertical,682,074,21
2018,Tabasco,Nacajuca,U2,Horizontal,57,013,27
2019,Zacatecas,Calera,U3,Horizontal,3,005,32
2020,Guanajuato,León,U3,Horizontal,1780,020,11
2019,Puebla,Teziutlán,U3,Horizontal,1,174,21
2018,Sonora,Agua Prieta,U1,Horizontal,98,002,26
2019,Michoacán de Ocampo,Apatzingán,U2,Horizontal,5,006,16
2020,San Luis Potosí,San Luis Potosí,U1,Horizontal,42,028,24
2020,Quintana Roo,Solidaridad,U2,Horizontal,38,008,23
2018,Coahuila de Zaragoza,Francisco I. Madero,U1,Horizontal,105,009,05
2020,Nuevo León,Montemorelos,U2,Horizontal,6,038,19
2019,Chihuahua,Hidalgo del Parral,U2,Horizontal,14,032,08
2019,Puebla,San Martín Texmelucan,U2,Vertical,36,132,21
2019,Guerrero,Iguala de la Independencia,U3,Horizontal,78,035,12
2020,Coahuila de Zaragoza,Allende,U2,Horizontal,76,003,05
2020,Durango,Santiago Papasquiaro,U2,Horizontal,15,032,10
2019,Durango,Poanas,FC,Horizontal,16,022,10
2019,Nuevo León,General Terán,FC,Horizontal,32,022,19
2020,Oaxaca,Ciudad Ixtepec,U2,Horizontal,15,014,20
2020,Nuevo León,General Escobedo,U1,Horizontal,12,021,19
2019,Hidalgo,Zempoala,U1,Horizontal,35,083,13
2019,Puebla,Atlixco,U2,Horizontal,4,019,21
2018,Coahuila de Zaragoza,Sabinas,U2,Horizontal,108,028,05
2018,Jalisco,Tonalá,FC,Vertical,88,101,14
2018,Veracruz de Ignacio de la Llave,Emiliano Zapata,U3,Horizontal,205,065,30
2020,Guanajuato,San Miguel de Allende,FC,Horizontal,313,003,11
2020,Michoacán de Ocampo,Apatzingán,U3,Horizontal,31,006,16
2019,Jalisco,Lagos de Moreno,U3,Horizontal,160,053,14
2019,Coahuila de Zaragoza,Torreón,U3,Horizontal,800,035,05
2020,Tamaulipas,Altamira,U3,Vertical,72,003,28
2018,Puebla,Izúcar de Matamoros,U2,Horizontal,57,085,21
2019,Yucatán,Kanasín,U3,Horizontal,471,041,31
2018,San Luis Potosí,Soledad de Graciano Sánchez,FC,Horizontal,54,035,24
2018,Veracruz de Ignacio de la Llave,Tierra Blanca,FC,Horizontal,18,174,30
2019,Coahuila de Zaragoza,Piedras Negras,U2,Horizontal,107,025,05
2018,Jalisco,San Juan de los Lagos,U2,Horizontal,24,073,14
2020,Michoacán de Ocampo,Zamora,U3,Horizontal,71,108,16
2020,Tamaulipas,Tampico,U1,Horizontal,10,038,28
2020,Tamaulipas,Ciudad Madero,U2,Horizontal,64,009,28
2020,Zacatecas,Jerez,U1,Horizontal,4,020,32
2019,Coahuila de Zaragoza,Saltillo,U2,Horizontal,793,030,05
2018,Hidalgo,Tizayuca,U2,Vertical,159,069,13
2020,Puebla,Amozoc,U1,Horizontal,42,015,21
2018,Tlaxcala,Zacatelco,U2,Horizontal,10,044,29
2020,Michoacán de Ocampo,Lázaro Cárdenas,U3,Horizontal,1,052,16
2018,Campeche,Campeche,U2,Horizontal,84,002,04
2019,Guanajuato,Villagrán,U3,Horizontal,250,044,11
2018,Querétaro,El Marqués,FC,Horizontal,1010,011,22
2020,México,Tecámac,U3,Vertical,458,081,15
2020,Nuevo León,Cadereyta Jiménez,FC,Horizontal,9,009,19
2019,Durango,Durango,U2,Vertical,48,005,10
2020,Quintana Roo,Benito Juárez,U1,Horizontal,53,005,23
2018,Jalisco,Tlajomulco de Zúñiga,U2,Vertical,312,097,14
2020,Baja California Sur,Comondú,U3,Horizontal,20,001,03
2018,Veracruz de Ignacio de la Llave,Pánuco,U3,Horizontal,2,123,30
2020,Yucatán,Valladolid,U3,Horizontal,149,102,31
2019,Nuevo León,Ciénega de Flores,U2,Horizontal,765,012,19
2019,Tamaulipas,El Mante,U2,Horizontal,15,021,28
2019,Sonora,Cajeme,U1,Horizontal,4,018,26
2019,Jalisco,Tlajomulco de Zúñiga,U2,Horizontal,125,097,14
2019,Querétaro,Querétaro,U2,Horizontal,420,014,22
2018,Nuevo León,Ciénega de Flores,U2,Horizontal,1052,012,19
2018,Jalisco,San Juan de los Lagos,U1,Horizontal,2,073,14
2020,Michoacán de Ocampo,Zacapu,U1,Horizontal,5,107,16
2018,Guanajuato,San Francisco del Rincón,FC,Horizontal,6,031,11
2019,Aguascalientes,Jesús María,U2,Horizontal,282,005,01
2019,Michoacán de Ocampo,Pátzcuaro,U2,Vertical,14,066,16
2019,Sonora,Guaymas,FC,Horizontal,4,029,26
2019,Guerrero,Chilpancingo de los Bravo,U2,Horizontal,1,029,12
2018,Chiapas,Comitán de Domínguez,U2,Horizontal,80,019,07
2018,Veracruz de Ignacio de la Llave,Xalapa,U2,Vertical,11,087,30
2020,Nayarit,Compostela,U2,Horizontal,3,004,18
2018,Querétaro,Corregidora,FC,Horizontal,224,006,22
2018,Ciudad de México,Iztacalco,U2,Vertical,129,006,09
2018,Sinaloa,Navolato,U2,Vertical,1,018,25
2019,Coahuila de Zaragoza,Frontera,U1,Horizontal,86,010,05
2019,Yucatán,Valladolid,U3,Horizontal,99,102,31
2018,Veracruz de Ignacio de la Llave,Emiliano Zapata,FC,Horizontal,1,065,30
2019,Colima,Tecomán,U2,Horizontal,186,009,06
2020,Veracruz de Ignacio de la Llave,Coatepec,U1,Horizontal,30,038,30
2020,Hidalgo,Tepeapulco,U2,Horizontal,4,061,13
2020,Nuevo León,Guadalupe,U1,Horizontal,128,026,19
2020,Jalisco,Tonalá,U3,Vertical,821,101,14
2019,Jalisco,Ocotlán,U1,Horizontal,29,063,14
2018,Guanajuato,Purísima del Rincón,U2,Horizontal,61,025,11
2019,Coahuila de Zaragoza,Torreón,U1,Horizontal,22,035,05
2018,Querétaro,Querétaro,U1,Horizontal,126,014,22
2019,Veracruz de Ignacio de la Llave,Coatzacoalcos,U3,Horizontal,12,039,30
2019,Coahuila de Zaragoza,Matamoros,U3,Horizontal,179,017,05
2019,Nuevo León,Juárez,U2,Horizontal,1158,031,19
2018,Oaxaca,Heroica Ciudad de Huajuapan de León,U2,Horizontal,5,039,20
2020,Morelos,Yecapixtla,FC,Vertical,832,030,17
2018,Jalisco,Zapotlán el Grande,U3,Vertical,270,023,14
2018,Oaxaca,Santa Cruz Xoxocotlán,U2,Horizontal,1,385,20
2020,Nuevo León,Cadereyta Jiménez,U2,Horizontal,88,009,19
2018,Michoacán de Ocampo,Pátzcuaro,U1,Horizontal,5,066,16
2019,Sinaloa,Culiacán,U2,Horizontal,705,006,25
2018,San Luis Potosí,Ciudad Valles,FC,Horizontal,72,013,24
2018,México,La Paz,U1,Horizontal,8,070,15
2020,Sonora,Hermosillo,U1,Horizontal,56,030,26
2020,Coahuila de Zaragoza,San Pedro,U3,Horizontal,100,033,05
2020,San Luis Potosí,San Luis Potosí,U3,Horizontal,709,028,24
2019,Baja California Sur,Loreto,U2,Horizontal,1,009,03
2020,Querétaro,El Marqués,FC,Horizontal,590,011,22
2018,Chiapas,Tapachula,FC,Horizontal,1,089,07
2018,Hidalgo,Tepeji del Río de Ocampo,U2,Horizontal,14,063,13
2020,Jalisco,Valle de Guadalupe,FC,Horizontal,66,111,14
2019,Sinaloa,Mazatlán,U1,Horizontal,21,012,25
2019,Morelos,Yecapixtla,FC,Vertical,448,030,17
2018,Sonora,Cajeme,U1,Horizontal,3,018,26
2019,Jalisco,Lagos de Moreno,U1,Horizontal,16,053,14
2019,Quintana Roo,Felipe Carrillo Puerto,U3,Horizontal,5,002,23
2019,Tlaxcala,Tlaxcala,U1,Vertical,1,033,29
2020,Tamaulipas,Río Bravo,U2,Horizontal,154,033,28
2020,Guanajuato,Silao de la Victoria,U3,Horizontal,239,037,11
2019,México,Chalco,U3,Horizontal,251,025,15
2019,Michoacán de Ocampo,Zamora,U1,Vertical,20,108,16
2020,Coahuila de Zaragoza,Cuatro Ciénegas,FC,Horizontal,2,007,05
2020,Jalisco,Tuxpan,U1,Horizontal,1,108,14
2018,Puebla,Puebla,U3,Horizontal,187,114,21
2019,Coahuila de Zaragoza,Saltillo,U1,Horizontal,236,030,05
2018,Aguascalientes,Aguascalientes,FC,Horizontal,7,001,01
2020,Puebla,Coronango,U3,Horizontal,318,034,21
2019,Sonora,Guaymas,U3,Horizontal,34,029,26
2018,Tlaxcala,Xaloztoc,U2,Horizontal,2,039,29
2018,Chihuahua,Hidalgo del Parral,U2,Horizontal,4,032,08
2020,Jalisco,Lagos de Moreno,U3,Vertical,18,053,14
2020,Guanajuato,Celaya,FC,Horizontal,126,007,11
2020,Sonora,Puerto Peñasco,U3,Horizontal,149,048,26
2018,Michoacán de Ocampo,La Piedad,U3,Horizontal,90,069,16
2019,Puebla,Teziutlán,U1,Vertical,59,174,21
2019,Querétaro,Querétaro,U2,Vertical,90,014,22
2020,Chiapas,Pichucalco,U2,Horizontal,1,068,07
2018,Coahuila de Zaragoza,Acuña,U2,Horizontal,530,002,05
2018,Baja California Sur,La Paz,U1,Horizontal,28,003,03
2020,Yucatán,Mérida,U2,Horizontal,290,050,31
2019,Aguascalientes,San Francisco de los Romo,U2,Horizontal,14,011,01
2020,Oaxaca,Santa Cruz Xoxocotlán,U3,Horizontal,10,385,20
2018,Veracruz de Ignacio de la Llave,Cosoleacaque,U1,Vertical,36,048,30
2020,Puebla,Cuautlancingo,U1,Horizontal,45,041,21
2018,Guanajuato,Celaya,U1,Horizontal,42,007,11
2018,Jalisco,El Salto,U3,Horizontal,1841,070,14
2020,San Luis Potosí,Matehuala,U1,Horizontal,9,020,24
2019,Michoacán de Ocampo,Zitácuaro,U2,Horizontal,3,112,16
2018,Morelos,Emiliano Zapata,U1,Horizontal,311,008,17
2019,Jalisco,El Salto,U2,Vertical,78,070,14
2020,Coahuila de Zaragoza,Matamoros,U3,Horizontal,339,017,05
2018,Guerrero,Coyuca de Benítez,FC,Horizontal,2,021,12
2018,Michoacán de Ocampo,Jiquilpan,U3,Horizontal,45,045,16
2019,Oaxaca,Oaxaca de Juárez,U2,Vertical,15,067,20
2018,Tlaxcala,San Damián Texóloc,U2,Horizontal,1,049,29
2020,Campeche,Campeche,U1,Horizontal,3,002,04
2020,Puebla,Juan C. Bonilla,FC,Horizontal,1,090,21
2018,Chihuahua,Juárez,U3,Horizontal,130,037,08
2020,Morelos,Xochitepec,U2,Vertical,114,028,17
2020,Guerrero,Ometepec,U2,Horizontal,1,046,12
2019,Morelos,Yecapixtla,U3,Vertical,64,030,17
2018,Baja California Sur,Los Cabos,U3,Vertical,304,008,03
2019,Tabasco,Nacajuca,FC,Horizontal,5,013,27
2019,Puebla,Coronango,U3,Horizontal,118,034,21
2018,Guerrero,Ometepec,U2,Horizontal,1,046,12
2018,Veracruz de Ignacio de la Llave,Veracruz,U2,Horizontal,577,193,30
2018,Guerrero,Iguala de la Independencia,U2,Horizontal,3,035,12
2018,Quintana Roo,Benito Juárez,U2,Vertical,380,005,23
2018,Nuevo León,Monterrey,U2,Horizontal,5,039,19
2018,Coahuila de Zaragoza,Parras,U2,Vertical,9,024,05
2020,Jalisco,Poncitlán,U1,Vertical,1,066,14
2018,Campeche,Champotón,FC,Horizontal,10,004,04
2019,Morelos,Cuernavaca,U2,Horizontal,15,007,17
2018,Puebla,Cuautlancingo,U2,Horizontal,66,041,21
2018,Quintana Roo,Solidaridad,U3,Vertical,3080,008,23
2020,Tamaulipas,Miguel Alemán,U2,Horizontal,40,025,28
2018,Sinaloa,Ahome,U2,Vertical,9,001,25
2018,Durango,Gómez Palacio,U2,Horizontal,491,007,10
2019,Zacatecas,Fresnillo,U3,Horizontal,555,010,32
2019,Colima,Colima,U2,Horizontal,193,002,06
2018,Tlaxcala,Xaloztoc,U1,Horizontal,4,039,29
2018,Morelos,Yautepec,U2,Horizontal,425,029,17
2018,Sinaloa,Rosario,U1,Horizontal,14,014,25
2018,Quintana Roo,Puerto Morelos,U3,Vertical,24,011,23
2020,Tlaxcala,Ixtacuixtla de Mariano Matamoros,U1,Vertical,2,015,29
2020,Quintana Roo,Solidaridad,U3,Horizontal,1088,008,23
2018,Guanajuato,Dolores Hidalgo Cuna de la Independencia Nacional,U1,Horizontal,20,014,11
2018,Baja California,Tecate,FC,Horizontal,5,003,02
2020,Coahuila de Zaragoza,San Pedro,U2,Horizontal,49,033,05
2020,Coahuila de Zaragoza,Sacramento,FC,Horizontal,12,029,05
2020,Sonora,Cajeme,FC,Horizontal,22,018,26
2020,Jalisco,Tlajomulco de Zúñiga,FC,Horizontal,10,097,14
2019,Sinaloa,Mazatlán,U2,Vertical,97,012,25
2018,México,Melchor Ocampo,U2,Vertical,4,053,15
2020,San Luis Potosí,Cárdenas,U2,Horizontal,5,005,24
2020,Jalisco,Tepatitlán de Morelos,FC,Horizontal,22,093,14
2019,Michoacán de Ocampo,Morelia,U3,Vertical,382,053,16
2020,San Luis Potosí,Rioverde,U2,Horizontal,10,024,24
2020,Nayarit,Tepic,U2,Horizontal,66,017,18
2019,Sonora,Guaymas,U2,Horizontal,62,029,26
2019,Jalisco,Tlajomulco de Zúñiga,U1,Vertical,39,097,14
2019,Hidalgo,Mineral de la Reforma,U3,Vertical,120,051,13
2020,Guerrero,Tixtla de Guerrero,U2,Horizontal,4,061,12
2020,Zacatecas,Guadalupe,U3,Horizontal,1186,017,32
2020,Michoacán de Ocampo,Zinapécuaro,FC,Horizontal,1,110,16
2018,Puebla,San Martín Texmelucan,U2,Vertical,548,132,21
2018,Sonora,Nogales,U2,Horizontal,130,043,26
2018,Guanajuato,Apaseo el Grande,FC,Horizontal,134,005,11
2019,Veracruz de Ignacio de la Llave,Emiliano Zapata,U3,Horizontal,116,065,30
2019,Colima,Tecomán,U1,Horizontal,23,009,06
2019,Chihuahua,Guachochi,FC,Horizontal,166,027,08
2019,Jalisco,Zapopan,U3,Vertical,553,120,14
2019,Jalisco,San Pedro Tlaquepaque,U3,Horizontal,117,098,14
2020,San Luis Potosí,Tamuín,U1,Horizontal,2,040,24
2018,Baja California,Mexicali,U2,Horizontal,413,002,02
2019,Yucatán,Kanasín,U1,Horizontal,30,041,31
2019,Nuevo León,General Escobedo,U2,Horizontal,352,021,19
2018,México,Nextlalpan,U3,Vertical,212,059,15
2020,Tamaulipas,El Mante,U2,Horizontal,28,021,28
2020,San Luis Potosí,San Luis Potosí,FC,Horizontal,131,028,24
2020,Yucatán,Hunucmá,U3,Horizontal,8,038,31
2018,Guanajuato,León,U2,Vertical,658,020,11
2018,Quintana Roo,Benito Juárez,U3,Vertical,4807,005,23
2020,Coahuila de Zaragoza,Acuña,U3,Horizontal,833,002,05
2020,Michoacán de Ocampo,Yurécuaro,U2,Horizontal,4,106,16
2020,Michoacán de Ocampo,Uruapan,U2,Vertical,8,102,16
2019,Colima,Manzanillo,U3,Horizontal,223,007,06
2020,Hidalgo,Villa de Tezontepec,FC,Horizontal,28,066,13
2018,Nayarit,Xalisco,U2,Vertical,9,008,18
2020,Puebla,Amozoc,U3,Vertical,128,015,21
2020,Tamaulipas,Tampico,U1,Vertical,87,038,28
2018,Michoacán de Ocampo,Jacona,U3,Horizontal,8,043,16
2020,Guanajuato,Guanajuato,U3,Horizontal,92,015,11
2020,Puebla,San Andrés Cholula,U3,Horizontal,2,119,21
2018,Tlaxcala,Yauhquemehcan,U1,Horizontal,1,043,29
2018,Michoacán de Ocampo,Paracho,U3,Horizontal,1,065,16
2018,Jalisco,La Barca,U3,Horizontal,21,018,14
2020,Nuevo León,General Escobedo,FC,Horizontal,359,021,19
2019,Nuevo León,Apodaca,FC,Horizontal,463,006,19
2020,Nuevo León,Juárez,U1,Horizontal,335,031,19
2020,Baja California,Tijuana,FC,Vertical,1112,004,02
2018,Chihuahua,Chihuahua,U3,Horizontal,1876,019,08
2020,San Luis Potosí,Villa de Reyes,FC,Horizontal,55,050,24
2019,Tlaxcala,Yauhquemehcan,U2,Horizontal,22,043,29
2018,Tlaxcala,La Magdalena Tlaltelulco,U2,Horizontal,4,048,29
2019,Sonora,Puerto Peñasco,U1,Horizontal,6,048,26
2019,Tlaxcala,Amaxac de Guerrero,FC,Horizontal,5,001,29
2020,Yucatán,Umán,U2,Horizontal,19,101,31
2019,Quintana Roo,Felipe Carrillo Puerto,U1,Horizontal,5,002,23
2019,Querétaro,Corregidora,U2,Horizontal,52,006,22
2020,Coahuila de Zaragoza,Acuña,FC,Horizontal,1,002,05
2020,Coahuila de Zaragoza,Torreón,U2,Horizontal,647,035,05
2020,Guanajuato,León,U2,Horizontal,264,020,11
2019,Guanajuato,León,U1,Vertical,64,020,11
2019,Jalisco,San Miguel el Alto,U1,Horizontal,1,078,14
2018,Michoacán de Ocampo,Uruapan,U2,Vertical,8,102,16
2019,Coahuila de Zaragoza,Sabinas,U3,Horizontal,42,028,05
2018,Puebla,Huauchinango,U2,Horizontal,7,071,21
2020,Guanajuato,Apaseo el Grande,U3,Vertical,447,005,11
2018,Chiapas,Tapachula,U2,Horizontal,26,089,07
2019,Veracruz de Ignacio de la Llave,Veracruz,U1,Vertical,24,193,30
2018,Guanajuato,Valle de Santiago,U2,Horizontal,8,042,11
2018,Yucatán,Umán,U2,Horizontal,150,101,31
2019,Chiapas,Comitán de Domínguez,U2,Horizontal,40,019,07
2020,Colima,Colima,U2,Horizontal,48,002,06
2019,Tabasco,Teapa,U1,Horizontal,4,016,27
2019,Tamaulipas,Altamira,U2,Vertical,3,003,28
2020,Veracruz de Ignacio de la Llave,Fortín,U3,Horizontal,8,068,30
2020,Colima,Manzanillo,U3,Horizontal,208,007,06
2018,Puebla,Puebla,U3,Vertical,420,114,21
2019,Baja California Sur,Los Cabos,FC,Horizontal,40,008,03
2020,Quintana Roo,Cozumel,U3,Horizontal,1,001,23
2020,Baja California,Ensenada,U3,Vertical,36,001,02
2020,Aguascalientes,Calvillo,U2,Horizontal,2,003,01
2020,Nuevo León,García,U1,Horizontal,185,018,19
2019,Guanajuato,Guanajuato,U1,Horizontal,1,015,11
2019,Zacatecas,Jerez,U3,Horizontal,11,020,32
2020,Puebla,Cuautlancingo,U1,Vertical,185,041,21
2019,Michoacán de Ocampo,Apatzingán,U3,Horizontal,33,006,16
2020,Jalisco,La Barca,U2,Vertical,80,018,14
2020,Hidalgo,Tizayuca,U2,Horizontal,11,069,13
2019,San Luis Potosí,Soledad de Graciano Sánchez,U1,Vertical,20,035,24
2020,Michoacán de Ocampo,Pátzcuaro,U1,Horizontal,10,066,16
2018,Sonora,Caborca,U2,Horizontal,28,017,26
2020,Oaxaca,San Juan Bautista Tuxtepec,U2,Horizontal,2,184,20
2019,Oaxaca,San Raymundo Jalpan,U3,Horizontal,2,342,20
2019,Guerrero,Acapulco de Juárez,FC,Vertical,96,001,12
2019,Veracruz de Ignacio de la Llave,Río Blanco,U2,Horizontal,18,138,30
2018,Hidalgo,Francisco I. Madero,FC,Horizontal,1,023,13
2019,Querétaro,El Marqués,FC,Horizontal,1111,011,22
2019,Chiapas,Arriaga,U1,Horizontal,3,009,07
2019,Sonora,Cajeme,U3,Horizontal,193,018,26
2019,San Luis Potosí,San Luis Potosí,U3,Horizontal,873,028,24
2019,Puebla,Chignahuapan,U3,Horizontal,2,053,21
2020,Hidalgo,Tulancingo de Bravo,U1,Horizontal,34,077,13
2018,Aguascalientes,Rincón de Romos,U1,Horizontal,1,007,01
2018,Chihuahua,Juárez,U1,Horizontal,532,037,08
2018,Nayarit,Bahía de Banderas,U3,Horizontal,227,020,18
2018,México,Coacalco de Berriozábal,U1,Horizontal,55,020,15
2018,Nuevo León,Pesquería,U2,Horizontal,220,041,19
2018,Durango,Lerdo,U3,Horizontal,51,012,10
2020,Michoacán de Ocampo,Tarímbaro,U2,Vertical,16,088,16
2019,Jalisco,Zapopan,U3,Horizontal,628,120,14
2020,México,Tecámac,U3,Horizontal,1095,081,15
2019,Coahuila de Zaragoza,Sabinas,U2,Horizontal,114,028,05
2018,Jalisco,Tepatitlán de Morelos,U2,Horizontal,4,093,14
2018,Veracruz de Ignacio de la Llave,Cosoleacaque,U3,Horizontal,5,048,30
2020,Tlaxcala,Tzompantepec,U2,Horizontal,30,038,29
2020,San Luis Potosí,Ciudad Valles,U3,Horizontal,171,013,24
2020,Hidalgo,Tulancingo de Bravo,U3,Horizontal,7,077,13
2019,Nayarit,Xalisco,U3,Horizontal,1,008,18
2020,Sinaloa,Culiacán,U2,Horizontal,386,006,25
2018,Campeche,Campeche,U3,Vertical,78,002,04
2018,Chiapas,Tuxtla Gutiérrez,U1,Horizontal,6,101,07
2018,Chihuahua,Jiménez,U1,Horizontal,1,036,08
2020,Morelos,Cuernavaca,U2,Vertical,1,007,17
2020,Guerrero,Zihuatanejo de Azueta,U3,Horizontal,29,038,12
2020,Chihuahua,Chihuahua,U3,Horizontal,1773,019,08
2020,Veracruz de Ignacio de la Llave,Medellín de Bravo,U3,Vertical,297,105,30
2020,Puebla,San Pedro Cholula,U2,Horizontal,1,140,21
2018,Ciudad de México,Coyoacán,U1,Vertical,4,003,09
2020,Puebla,Tehuacán,U2,Vertical,16,156,21
2020,Coahuila de Zaragoza,Arteaga,U3,Horizontal,354,004,05
2019,Michoacán de Ocampo,Jiquilpan,U2,Horizontal,20,045,16
2019,Puebla,Tehuacán,U1,Horizontal,90,156,21
2020,Nuevo León,Juárez,U2,Horizontal,1191,031,19
2020,Veracruz de Ignacio de la Llave,Tuxpan,U2,Horizontal,101,189,30
2019,Jalisco,Puerto Vallarta,U1,Vertical,7,067,14
2020,Nuevo León,Ciénega de Flores,U2,Horizontal,187,012,19
2018,Puebla,Cuautlancingo,U3,Horizontal,206,041,21
2020,Jalisco,Puerto Vallarta,U3,Horizontal,64,067,14
2018,Ciudad de México,Miguel Hidalgo,U1,Vertical,1,016,09
2018,Yucatán,Mérida,U3,Horizontal,2091,050,31
2018,Aguascalientes,Aguascalientes,U1,Horizontal,487,001,01
2018,San Luis Potosí,Soledad de Graciano Sánchez,U2,Horizontal,230,035,24
2020,Nuevo León,Apodaca,U2,Horizontal,465,006,19
2018,Nayarit,Xalisco,U3,Vertical,12,008,18
2018,Sonora,Hermosillo,U2,Horizontal,712,030,26
2019,Michoacán de Ocampo,Los Reyes,U3,Horizontal,1,075,16
2020,Tabasco,Centro,U2,Horizontal,19,004,27
2019,Tabasco,Nacajuca,U2,Horizontal,5,013,27
2019,Michoacán de Ocampo,Múgica,U3,Horizontal,1,055,16
2018,Jalisco,La Barca,U3,Vertical,282,018,14
2018,Jalisco,Tlajomulco de Zúñiga,FC,Horizontal,561,097,14
2019,Campeche,Campeche,U2,Horizontal,60,002,04
2020,Veracruz de Ignacio de la Llave,Xalapa,U2,Horizontal,14,087,30
2018,Colima,Colima,U1,Horizontal,202,002,06
2018,Veracruz de Ignacio de la Llave,Orizaba,U2,Horizontal,24,118,30
2019,Querétaro,San Juan del Río,FC,Vertical,88,016,22
2018,Jalisco,Tlajomulco de Zúñiga,U3,Vertical,309,097,14
2020,Jalisco,Tonalá,U2,Horizontal,135,101,14
2019,Nuevo León,General Escobedo,U3,Horizontal,405,021,19
2018,Jalisco,Tala,U3,Horizontal,69,083,14
2018,Yucatán,Motul,U2,Horizontal,16,052,31
2018,Michoacán de Ocampo,Morelia,U2,Horizontal,466,053,16
2018,Nuevo León,Ciénega de Flores,U3,Horizontal,1217,012,19
2019,Jalisco,Tala,FC,Horizontal,128,083,14
2018,Querétaro,San Juan del Río,U2,Horizontal,117,016,22
2020,Guanajuato,Apaseo el Grande,U2,Horizontal,37,005,11
2020,Michoacán de Ocampo,Morelia,U3,Vertical,682,053,16
2018,Michoacán de Ocampo,Uruapan,U2,Horizontal,24,102,16
2020,Veracruz de Ignacio de la Llave,Veracruz,FC,Vertical,1,193,30
2019,Veracruz de Ignacio de la Llave,Jalacingo,U1,Horizontal,8,086,30
2019,Nayarit,Compostela,U1,Horizontal,13,004,18
2020,Michoacán de Ocampo,Tarímbaro,FC,Horizontal,43,088,16
2020,Colima,Tecomán,U1,Horizontal,64,009,06
2018,Chihuahua,Delicias,U1,Horizontal,120,021,08
2018,Chihuahua,Santa Bárbara,FC,Horizontal,1,060,08
2020,Guanajuato,Moroleón,U3,Horizontal,6,021,11
2020,Tabasco,Huimanguillo,FC,Horizontal,13,008,27
2018,México,Toluca,FC,Horizontal,230,106,15
2018,México,Zumpango,U3,Vertical,1952,120,15
2019,Tlaxcala,Zacatelco,U2,Horizontal,11,044,29
2018,Sonora,Navojoa,U2,Horizontal,79,042,26
2018,Baja California,Tijuana,FC,Vertical,1431,004,02
2019,Coahuila de Zaragoza,Monclova,U1,Horizontal,166,018,05
2018,Michoacán de Ocampo,Morelia,FC,Vertical,382,053,16
2018,Guanajuato,Irapuato,U3,Vertical,174,017,11
2019,Tabasco,Centro,U1,Horizontal,1,004,27
2019,Ciudad de México,Venustiano Carranza,U1,Vertical,311,017,09
2020,México,Ecatepec de Morelos,U1,Vertical,28,033,15
2020,Michoacán de Ocampo,Los Reyes,U2,Horizontal,12,075,16
2018,Hidalgo,Atotonilco de Tula,U1,Horizontal,357,013,13
2018,Puebla,Puebla,U2,Vertical,388,114,21
2019,Veracruz de Ignacio de la Llave,Poza Rica de Hidalgo,U2,Horizontal,11,131,30
2018,Coahuila de Zaragoza,Múzquiz,U3,Horizontal,133,020,05
2019,Tamaulipas,Río Bravo,U2,Horizontal,89,033,28
2020,Guanajuato,San Luis de la Paz,U3,Horizontal,7,033,11
2019,Jalisco,Zapopan,U2,Vertical,258,120,14
2020,Jalisco,Guadalajara,U1,Vertical,10,039,14
2018,Guanajuato,Silao de la Victoria,FC,Horizontal,190,037,11
2019,Jalisco,Zapotiltic,U2,Horizontal,38,121,14
2018,Baja California Sur,Los Cabos,U2,Vertical,36,008,03
2018,Baja California Sur,Comondú,U2,Horizontal,17,001,03
2020,Sinaloa,Mazatlán,FC,Horizontal,89,012,25
2019,Morelos,Tlayacapan,U2,Horizontal,1,026,17
2019,Jalisco,Juanacatlán,FC,Horizontal,252,051,14
2019,Sinaloa,El Fuerte,FC,Horizontal,8,010,25
2020,Ciudad de México,Cuauhtémoc,U2,Vertical,131,015,09
2019,Jalisco,Autlán de Navarro,U2,Horizontal,125,015,14
2019,Colima,Armería,U2,Horizontal,5,001,06
2019,Nuevo León,Salinas Victoria,U3,Horizontal,328,045,19
2020,Guanajuato,Purísima del Rincón,U3,Horizontal,2,025,11
2018,San Luis Potosí,Soledad de Graciano Sánchez,U3,Vertical,36,035,24
2018,Chihuahua,Meoqui,U2,Horizontal,36,045,08
2018,Guanajuato,San Luis de la Paz,U3,Horizontal,210,033,11
2020,Durango,Poanas,FC,Horizontal,8,022,10
2019,Tamaulipas,Victoria,U1,Horizontal,11,041,28
2018,Morelos,Ayala,FC,Horizontal,303,004,17
2020,Chihuahua,Jiménez,U1,Horizontal,5,036,08
2019,Tabasco,Nacajuca,U3,Vertical,256,013,27
2020,Tlaxcala,Santa Cruz Tlaxcala,U2,Vertical,335,026,29
2018,Michoacán de Ocampo,Sahuayo,U2,Horizontal,41,076,16
2019,Guerrero,Coyuca de Benítez,FC,Horizontal,8,021,12
2018,Durango,Gómez Palacio,U3,Horizontal,25,007,10
2018,Veracruz de Ignacio de la Llave,Martínez de la Torre,U1,Horizontal,1,102,30
2018,Durango,Durango,U1,Horizontal,233,005,10
2020,Tlaxcala,Zacatelco,U1,Horizontal,2,044,29
2018,Chihuahua,Guachochi,U3,Horizontal,28,027,08
2020,Veracruz de Ignacio de la Llave,Naranjos Amatlán,U1,Horizontal,1,013,30
2019,Puebla,Puebla,U2,Vertical,459,114,21
2018,Nuevo León,Sabinas Hidalgo,U3,Horizontal,41,044,19
2020,Morelos,Yautepec,U2,Horizontal,4,029,17
2018,Puebla,Tehuacán,U3,Vertical,190,156,21
2020,Guerrero,Chilpancingo de los Bravo,U1,Horizontal,1,029,12
2019,Coahuila de Zaragoza,Matamoros,U2,Horizontal,19,017,05
2019,Guanajuato,Pénjamo,U2,Horizontal,30,023,11
2018,Aguascalientes,Jesús María,FC,Horizontal,90,005,01
2018,Puebla,Coronango,U1,Vertical,96,034,21
2020,Jalisco,El Salto,U2,Horizontal,126,070,14
2018,Michoacán de Ocampo,Apatzingán,U2,Horizontal,3,006,16
2018,Tabasco,Jalpa de Méndez,U1,Horizontal,2,010,27
2019,Aguascalientes,Pabellón de Arteaga,U1,Horizontal,19,006,01
2020,Chiapas,Tapachula,U2,Horizontal,69,089,07
2020,Ciudad de México,Benito Juárez,U1,Vertical,7,014,09
2018,Veracruz de Ignacio de la Llave,La Antigua,FC,Horizontal,3,016,30
2018,Tlaxcala,Huamantla,U3,Horizontal,1,013,29
2018,Querétaro,Pedro Escobedo,FC,Horizontal,183,012,22
2019,Hidalgo,Mineral de la Reforma,U2,Horizontal,119,051,13
2020,Puebla,Tehuacán,U1,Vertical,6,156,21
2020,Veracruz de Ignacio de la Llave,Pánuco,U2,Horizontal,1,123,30
2019,Sinaloa,Ahome,U2,Horizontal,285,001,25
2018,Veracruz de Ignacio de la Llave,Ursulo Galván,FC,Horizontal,30,191,30
2018,México,Zinacantepec,U3,Horizontal,93,118,15
2019,México,Cuautitlán Izcalli,U1,Horizontal,1,121,15
2020,Jalisco,Ameca,U3,Horizontal,4,006,14
2020,Tlaxcala,Cuapiaxtla,FC,Horizontal,4,008,29
2018,Veracruz de Ignacio de la Llave,San Andrés Tuxtla,U3,Horizontal,80,141,30
2020,Guanajuato,León,FC,Horizontal,173,020,11
2018,Nuevo León,Allende,FC,Horizontal,1,004,19
2018,Morelos,Emiliano Zapata,U3,Horizontal,101,008,17
2020,Michoacán de Ocampo,Pajacuarán,FC,Horizontal,1,062,16
2018,Ciudad de México,Venustiano Carranza,U2,Vertical,27,017,09
2020,Colima,Armería,U2,Horizontal,1,001,06
2019,Baja California Sur,Los Cabos,U2,Vertical,12,008,03
2020,Puebla,Tlatlauquitepec,FC,Horizontal,2,186,21
2019,Baja California Sur,La Paz,U2,Horizontal,109,003,03
2020,México,Huehuetoca,U3,Horizontal,405,035,15
2019,Puebla,Ocoyucan,U3,Horizontal,32,106,21
2019,Guerrero,Acapulco de Juárez,U2,Horizontal,1,001,12
2020,San Luis Potosí,Matehuala,U2,Horizontal,6,020,24
2019,Durango,Lerdo,U2,Horizontal,98,012,10
2020,Coahuila de Zaragoza,Monclova,U2,Horizontal,37,018,05
2019,Sonora,Hermosillo,U3,Horizontal,1441,030,26
2019,Jalisco,Tonalá,U1,Horizontal,22,101,14
2019,México,Cuautitlán Izcalli,U2,Horizontal,64,121,15
2019,Veracruz de Ignacio de la Llave,Coatzacoalcos,U2,Horizontal,33,039,30
2018,Nuevo León,Santa Catarina,U2,Vertical,61,048,19
2019,Hidalgo,Tizayuca,U2,Horizontal,414,069,13
2019,Baja California Sur,Los Cabos,U3,Vertical,433,008,03
2018,Querétaro,Corregidora,U3,Horizontal,50,006,22
2018,Guanajuato,Cortazar,U1,Horizontal,4,011,11
2019,Querétaro,Querétaro,U3,Horizontal,753,014,22
2018,Sonora,Cananea,U3,Horizontal,115,019,26
2019,Hidalgo,Zapotlán de Juárez,FC,Horizontal,3,082,13
2018,Querétaro,Querétaro,FC,Horizontal,198,014,22
2020,Nayarit,Bahía de Banderas,U3,Horizontal,251,020,18
2019,Yucatán,Tizimín,U2,Horizontal,16,096,31
2018,Coahuila de Zaragoza,Saltillo,U1,Horizontal,363,030,05
2020,Yucatán,Umán,U1,Horizontal,340,101,31
2020,Sonora,Empalme,U2,Horizontal,16,025,26
2020,Tlaxcala,Tzompantepec,FC,Horizontal,1,038,29
2020,Jalisco,San Pedro Tlaquepaque,U3,Vertical,96,098,14
2018,Querétaro,Corregidora,U2,Vertical,68,006,22
2019,México,Zumpango,FC,Horizontal,200,120,15
2020,Morelos,Emiliano Zapata,U2,Horizontal,20,008,17
2019,Querétaro,Corregidora,FC,Horizontal,233,006,22
2020,Michoacán de Ocampo,Morelia,U1,Horizontal,28,053,16
2019,Veracruz de Ignacio de la Llave,Coatepec,U2,Horizontal,10,038,30
2019,Guanajuato,Apaseo el Grande,U1,Horizontal,14,005,11
2020,México,Tlalmanalco,U3,Vertical,12,103,15
2019,Tamaulipas,Altamira,U3,Vertical,480,003,28
2018,México,Texcoco,U2,Vertical,76,099,15
2018,Tlaxcala,Yauhquemehcan,U2,Vertical,140,043,29
2020,Michoacán de Ocampo,Jiquilpan,U2,Horizontal,9,045,16
2019,Guerrero,Acapulco de Juárez,U2,Vertical,90,001,12
2019,Hidalgo,Tizayuca,FC,Horizontal,1235,069,13
2018,Tamaulipas,Valle Hermoso,U2,Horizontal,2,040,28
2018,México,Otzolotepec,FC,Horizontal,180,067,15
2018,San Luis Potosí,Rioverde,U3,Horizontal,76,024,24
2020,Sinaloa,Navolato,U2,Horizontal,23,018,25
2020,Guanajuato,San Felipe,U2,Horizontal,2,030,11
2020,Puebla,Puebla,U1,Vertical,6,114,21
2018,Coahuila de Zaragoza,Ramos Arizpe,U3,Horizontal,223,027,05
2019,Michoacán de Ocampo,Maravatío,U2,Horizontal,10,050,16
2018,Zacatecas,Sombrerete,U2,Horizontal,4,042,32
2019,Coahuila de Zaragoza,Arteaga,U3,Horizontal,585,004,05
2019,Michoacán de Ocampo,Tarímbaro,FC,Horizontal,10,088,16
2020,Sinaloa,Culiacán,FC,Horizontal,5,006,25
2018,Michoacán de Ocampo,Zitácuaro,U1,Horizontal,1,112,16
2019,Guanajuato,Apaseo el Grande,U3,Vertical,496,005,11
2020,Puebla,Cuautlancingo,U3,Horizontal,93,041,21
2019,Veracruz de Ignacio de la Llave,Orizaba,U1,Horizontal,20,118,30
2020,Morelos,Huitzilac,FC,Horizontal,1,009,17
2019,Sonora,Cajeme,FC,Horizontal,33,018,26
2020,Jalisco,Zacoalco de Torres,U2,Horizontal,5,119,14
2020,Jalisco,Lagos de Moreno,U2,Horizontal,176,053,14
2019,Veracruz de Ignacio de la Llave,Veracruz,U3,Horizontal,1005,193,30
2020,Jalisco,Cocula,FC,Horizontal,12,024,14
2018,Nuevo León,Pesquería,FC,Vertical,396,041,19
2020,México,Tianguistenco,U3,Horizontal,279,101,15
2018,Ciudad de México,Álvaro Obregón,U2,Vertical,87,010,09
2019,Durango,Lerdo,U3,Horizontal,140,012,10
2020,Morelos,Jiutepec,U2,Vertical,20,011,17
2018,Morelos,Temixco,U3,Horizontal,128,018,17
2019,Coahuila de Zaragoza,Piedras Negras,U1,Horizontal,59,025,05
2018,Yucatán,Conkal,U3,Horizontal,58,013,31
2019,Jalisco,Encarnación de Díaz,U2,Horizontal,90,035,14
2020,Chiapas,Tapachula,U2,Vertical,40,089,07
2018,Nuevo León,García,U2,Horizontal,784,018,19
2018,Morelos,Tlaltizapán de Zapata,FC,Horizontal,110,024,17
2020,Sinaloa,Mazatlán,U3,Horizontal,598,012,25
2020,Coahuila de Zaragoza,Francisco I. Madero,U2,Horizontal,9,009,05
2018,Coahuila de Zaragoza,Arteaga,U1,Horizontal,12,004,05
2018,Veracruz de Ignacio de la Llave,Jalacingo,U1,Horizontal,4,086,30
2019,Guerrero,Chilpancingo de los Bravo,U2,Vertical,14,029,12
2018,Puebla,Puebla,FC,Horizontal,94,114,21
2020,Guerrero,Acapulco de Juárez,U1,Vertical,279,001,12
2018,Querétaro,Corregidora,U2,Horizontal,300,006,22
2019,Tlaxcala,Yauhquemehcan,U3,Horizontal,2,043,29
2019,Colima,Armería,U1,Horizontal,1,001,06
2018,Puebla,Huejotzingo,U2,Horizontal,153,074,21
2018,Guanajuato,León,FC,Horizontal,83,020,11
2020,Baja California Sur,Los Cabos,U3,Vertical,308,008,03
2019,Ciudad de México,La Magdalena Contreras,U1,Vertical,1,008,09
2020,Ciudad de México,Gustavo A. Madero,U1,Vertical,3,005,09
2019,Jalisco,Cocula,FC,Horizontal,47,024,14
2019,Michoacán de Ocampo,Maravatío,U3,Horizontal,21,050,16
2018,Jalisco,Zapotiltic,U2,Horizontal,117,121,14
2018,Ciudad de México,Tlalpan,U2,Vertical,66,012,09
2018,Nuevo León,General Escobedo,U2,Horizontal,349,021,19
2019,Guanajuato,Apaseo el Grande,U3,Horizontal,863,005,11
2020,Sinaloa,Mazatlán,U3,Vertical,177,012,25
2020,Jalisco,San Juan de los Lagos,U2,Horizontal,1,073,14
2019,Jalisco,Tala,U3,Horizontal,133,083,14
2018,Nayarit,Xalisco,U1,Horizontal,11,008,18
2019,Jalisco,Sayula,U2,Horizontal,54,082,14
2020,Ciudad de México,Azcapotzalco,U2,Horizontal,10,002,09
2019,Yucatán,Mérida,U3,Horizontal,3439,050,31
2019,Tlaxcala,Tzompantepec,U2,Horizontal,9,038,29
2020,Yucatán,Motul,U2,Horizontal,5,052,31
2020,Tamaulipas,Nuevo Laredo,U2,Horizontal,274,027,28
2020,Guerrero,Chilpancingo de los Bravo,U3,Vertical,39,029,12
2019,Aguascalientes,Aguascalientes,U3,Vertical,84,001,01
2019,Colima,Manzanillo,U3,Vertical,126,007,06
2019,Durango,Durango,U1,Horizontal,176,005,10
2018,Baja California,Ensenada,U3,Horizontal,170,001,02
2019,Durango,Durango,FC,Vertical,416,005,10
2020,Tlaxcala,Calpulalpan,U1,Horizontal,5,006,29
2020,Sonora,San Luis Río Colorado,U1,Horizontal,20,055,26
2020,Coahuila de Zaragoza,San Buenaventura,U2,Horizontal,44,031,05
2019,Tabasco,Centro,U3,Horizontal,4,004,27
2019,San Luis Potosí,Soledad de Graciano Sánchez,U2,Vertical,32,035,24
2020,Chihuahua,Cuauhtémoc,U3,Horizontal,528,017,08
2020,Aguascalientes,Jesús María,U2,Horizontal,42,005,01
2019,Aguascalientes,Pabellón de Arteaga,U3,Horizontal,58,006,01
2018,Sinaloa,Culiacán,U3,Horizontal,658,006,25
2019,Baja California Sur,Comondú,U1,Horizontal,1,001,03
2020,Oaxaca,Santa María Atzompa,FC,Horizontal,46,399,20
2018,Nayarit,Xalisco,U3,Horizontal,10,008,18
2020,Puebla,Tehuacán,U3,Vertical,83,156,21
2019,Morelos,Emiliano Zapata,U3,Horizontal,284,008,17
2020,Hidalgo,Actopan,U2,Horizontal,1,003,13
2019,Chihuahua,Delicias,U3,Horizontal,79,021,08
2018,Sinaloa,Culiacán,U1,Horizontal,664,006,25
2019,Veracruz de Ignacio de la Llave,Tuxpan,U3,Horizontal,31,189,30
2019,Nuevo León,Salinas Victoria,U1,Horizontal,545,045,19
2020,Guanajuato,Silao de la Victoria,U2,Horizontal,28,037,11
2020,Sonora,Puerto Peñasco,U2,Horizontal,232,048,26
2018,Coahuila de Zaragoza,Nava,U2,Horizontal,105,022,05
2020,Baja California Sur,Los Cabos,U2,Vertical,46,008,03
2020,Coahuila de Zaragoza,Acuña,U2,Horizontal,160,002,05
2020,Yucatán,Motul,U1,Horizontal,4,052,31
2020,Chihuahua,Juárez,U1,Horizontal,173,037,08
2019,Sonora,Agua Prieta,U2,Horizontal,4,002,26
2019,Veracruz de Ignacio de la Llave,San Andrés Tuxtla,U2,Horizontal,20,141,30
2020,México,Cuautitlán Izcalli,U2,Vertical,27,121,15
2019,Tabasco,Centla,U2,Horizontal,1,003,27
2019,Tabasco,Paraíso,U3,Horizontal,1,014,27
2018,Nayarit,Bahía de Banderas,U2,Horizontal,119,020,18
2018,Yucatán,Mérida,U3,Vertical,288,050,31
2020,Chiapas,Chiapa de Corzo,FC,Horizontal,2,027,07
2019,Jalisco,Guadalajara,U2,Vertical,288,039,14
2018,Yucatán,Conkal,FC,Horizontal,7,013,31
2019,Zacatecas,Zacatecas,U2,Horizontal,31,056,32
2018,Quintana Roo,Puerto Morelos,U3,Horizontal,21,011,23
2019,Michoacán de Ocampo,Marcos Castellanos,FC,Horizontal,6,051,16
2019,Querétaro,San Juan del Río,U3,Vertical,96,016,22
2020,Tlaxcala,Huamantla,U2,Vertical,60,013,29
2020,Sinaloa,Salvador Alvarado,U3,Horizontal,72,015,25
2020,Querétaro,Corregidora,U3,Horizontal,106,006,22
2019,Chihuahua,Juárez,U2,Horizontal,684,037,08
2018,Quintana Roo,Benito Juárez,U1,Horizontal,129,005,23
2018,Coahuila de Zaragoza,Torreón,U2,Vertical,74,035,05
2020,Querétaro,Querétaro,FC,Horizontal,81,014,22
2019,Puebla,Cuautlancingo,U1,Vertical,100,041,21
2019,Zacatecas,Fresnillo,U1,Horizontal,6,010,32
2019,Nuevo León,Allende,U2,Horizontal,56,004,19
2019,Michoacán de Ocampo,Morelia,U2,Horizontal,158,053,16
2020,Hidalgo,Cuautepec de Hinojosa,U3,Horizontal,41,016,13
2019,Michoacán de Ocampo,Zitácuaro,U1,Horizontal,1,112,16
2019,Puebla,Coronango,U1,Vertical,162,034,21
2019,Jalisco,Chapala,U3,Horizontal,1,030,14
2020,Baja California Sur,Los Cabos,U2,Horizontal,6,008,03
2019,Coahuila de Zaragoza,Saltillo,U2,Vertical,282,030,05
2020,Nuevo León,Juárez,FC,Horizontal,745,031,19
2020,Durango,Durango,U3,Horizontal,532,005,10
2019,Coahuila de Zaragoza,Acuña,U1,Horizontal,16,002,05
2019,Baja California Sur,Los Cabos,U1,Horizontal,36,008,03
2019,Quintana Roo,Othón P. Blanco,U3,Horizontal,147,004,23
2020,Morelos,Xochitepec,U2,Horizontal,30,028,17
2020,Nuevo León,Allende,U2,Horizontal,144,004,19
2018,Veracruz de Ignacio de la Llave,Veracruz,U1,Vertical,26,193,30
2018,Colima,Colima,U2,Horizontal,420,002,06
2019,Oaxaca,Santa Cruz Xoxocotlán,U2,Horizontal,83,385,20
2018,Querétaro,El Marqués,U2,Vertical,60,011,22
2018,Coahuila de Zaragoza,San Pedro,U2,Horizontal,129,033,05
2018,Querétaro,San Juan del Río,U3,Vertical,64,016,22
2018,Sonora,Empalme,U2,Horizontal,21,025,26
2019,Sinaloa,Mazatlán,FC,Horizontal,171,012,25
2019,Zacatecas,Calera,U1,Horizontal,1,005,32
2018,Michoacán de Ocampo,Numarán,FC,Vertical,72,060,16
2020,México,Huehuetoca,U3,Vertical,245,035,15
2019,Nuevo León,García,U2,Horizontal,1256,018,19
2018,Durango,Durango,U3,Horizontal,971,005,10
2018,Jalisco,Tala,U2,Horizontal,4,083,14
2020,Puebla,Tehuacán,U1,Horizontal,89,156,21
2018,Tabasco,Centro,FC,Vertical,416,004,27
2019,México,Soyaniquilpan de Juárez,FC,Horizontal,3,079,15
2018,Tamaulipas,Ciudad Madero,U1,Horizontal,8,009,28
2019,Tamaulipas,Reynosa,FC,Horizontal,232,032,28
2020,Michoacán de Ocampo,Uruapan,U1,Vertical,64,102,16
2020,Yucatán,Kanasín,U1,Horizontal,41,041,31
2020,Morelos,Jojutla,FC,Vertical,156,012,17
2018,Sonora,Guaymas,FC,Horizontal,16,029,26
2019,Baja California Sur,Loreto,FC,Horizontal,1,009,03
2019,Ciudad de México,Cuauhtémoc,U1,Vertical,414,015,09
2018,Baja California,Tijuana,FC,Horizontal,116,004,02
2019,Hidalgo,Zimapán,U3,Horizontal,1,084,13
2018,Nayarit,Tepic,U2,Horizontal,64,017,18
2020,San Luis Potosí,Rioverde,U1,Horizontal,3,024,24
2018,Jalisco,Arandas,FC,Horizontal,1,008,14
2020,Jalisco,Zapotiltic,U3,Horizontal,80,121,14
2020,Hidalgo,Pachuca de Soto,U3,Horizontal,180,048,13
2018,Michoacán de Ocampo,La Piedad,U1,Horizontal,14,069,16
2020,Veracruz de Ignacio de la Llave,Emiliano Zapata,FC,Vertical,57,065,30
2020,México,Cuautitlán Izcalli,U2,Horizontal,4,121,15
2020,San Luis Potosí,Cedral,FC,Horizontal,5,007,24
2019,Sinaloa,Mazatlán,U3,Horizontal,810,012,25
2020,Guanajuato,Salamanca,FC,Vertical,297,027,11
2018,Jalisco,Zapotlanejo,U3,Vertical,48,124,14
2019,Tabasco,Nacajuca,U1,Horizontal,1,013,27
2020,México,Melchor Ocampo,U3,Horizontal,306,053,15
2018,Sinaloa,Mazatlán,U3,Horizontal,1250,012,25
2020,Michoacán de Ocampo,Jiquilpan,U3,Horizontal,7,045,16
2020,Jalisco,Etzatlán,FC,Horizontal,3,036,14
2018,Veracruz de Ignacio de la Llave,Veracruz,FC,Vertical,114,193,30
2018,Jalisco,Autlán de Navarro,U1,Horizontal,2,015,14
2020,Zacatecas,Zacatecas,U2,Horizontal,12,056,32
2020,Guanajuato,Silao de la Victoria,U3,Vertical,36,037,11
2019,Tlaxcala,Tzompantepec,FC,Horizontal,6,038,29
2019,Tabasco,Teapa,U3,Horizontal,3,016,27
2018,Yucatán,Motul,U3,Horizontal,2,052,31
2020,Colima,Manzanillo,U3,Vertical,108,007,06
2019,Nayarit,Tepic,U3,Horizontal,78,017,18
2019,Coahuila de Zaragoza,Parras,U2,Horizontal,34,024,05
2019,Jalisco,Zapotlán el Grande,U2,Horizontal,68,023,14
2019,Tabasco,Huimanguillo,U2,Horizontal,8,008,27
2020,Chihuahua,Jiménez,U2,Horizontal,20,036,08
2018,Sinaloa,Culiacán,U1,Vertical,397,006,25
2019,Jalisco,Lagos de Moreno,U2,Horizontal,122,053,14
2018,Durango,Durango,FC,Vertical,501,005,10
2018,Puebla,Amozoc,U3,Vertical,96,015,21
2019,Nuevo León,General Escobedo,FC,Horizontal,235,021,19
2019,Michoacán de Ocampo,Uruapan,U2,Horizontal,8,102,16
2018,Sonora,Nogales,FC,Horizontal,1,043,26
2020,Durango,Lerdo,U2,Horizontal,45,012,10
2019,Sinaloa,Culiacán,U1,Horizontal,439,006,25
2019,Nuevo León,El Carmen,U3,Horizontal,2444,010,19
2019,Veracruz de Ignacio de la Llave,Pánuco,U1,Horizontal,1,123,30
2019,Guanajuato,San Miguel de Allende,FC,Horizontal,48,003,11
2020,Tamaulipas,Tampico,U2,Vertical,104,038,28
2018,Durango,Durango,U3,Vertical,4,005,10
2020,Morelos,Xochitepec,FC,Horizontal,121,028,17
2018,Sinaloa,Mazatlán,U2,Vertical,204,012,25
2020,Tamaulipas,Valle Hermoso,U2,Horizontal,36,040,28
2019,Jalisco,Puerto Vallarta,U3,Horizontal,115,067,14
2019,Yucatán,Mérida,U2,Horizontal,606,050,31
2020,Nayarit,Tepic,U1,Horizontal,6,017,18
2020,Chiapas,Palenque,U3,Horizontal,1,065,07
2019,Quintana Roo,Benito Juárez,FC,Vertical,132,005,23
2018,Chiapas,Escuintla,FC,Horizontal,2,032,07
2020,Guanajuato,Dolores Hidalgo Cuna de la Independencia Nacional,U3,Horizontal,533,014,11
2018,Yucatán,Kanasín,U1,Horizontal,82,041,31
2018,Guerrero,Acapulco de Juárez,U1,Vertical,169,001,12
2019,México,La Paz,U2,Vertical,4,070,15
2018,Quintana Roo,Benito Juárez,U2,Horizontal,551,005,23
2019,Yucatán,Baca,FC,Horizontal,4,004,31
2020,Guanajuato,Irapuato,U1,Vertical,6,017,11
2018,Sinaloa,Guasave,U2,Horizontal,66,011,25
2020,Michoacán de Ocampo,Hidalgo,U2,Horizontal,19,034,16
2018,Guanajuato,Apaseo el Grande,U2,Vertical,2,005,11
2019,Puebla,Ocoyucan,FC,Horizontal,1,106,21
2019,Hidalgo,Epazoyucan,U3,Horizontal,4,022,13
2020,Michoacán de Ocampo,Apatzingán,FC,Horizontal,6,006,16
2019,Puebla,San Andrés Cholula,U1,Vertical,1,119,21
2018,Veracruz de Ignacio de la Llave,Tuxpan,U2,Vertical,72,189,30
2018,Guanajuato,San José Iturbide,U3,Horizontal,213,032,11
2018,Jalisco,Puerto Vallarta,U3,Vertical,453,067,14
2018,México,Zumpango,U2,Horizontal,50,120,15
2018,Sinaloa,Salvador Alvarado,U2,Horizontal,21,015,25
2020,Jalisco,El Salto,U2,Vertical,36,070,14
2019,Guerrero,Ometepec,U2,Horizontal,3,046,12
2019,México,Ecatepec de Morelos,U1,Horizontal,128,033,15
2019,Sinaloa,Mazatlán,U2,Horizontal,50,012,25
2019,Colima,Cuauhtémoc,FC,Horizontal,4,005,06
2019,Puebla,Huejotzingo,U2,Vertical,186,074,21
2019,Jalisco,El Salto,U2,Horizontal,18,070,14
2018,Coahuila de Zaragoza,Arteaga,U3,Horizontal,296,004,05
2020,Coahuila de Zaragoza,Arteaga,U1,Horizontal,6,004,05
2018,Jalisco,Tepatitlán de Morelos,U3,Horizontal,13,093,14
2020,Hidalgo,Pachuca de Soto,U2,Horizontal,7,048,13
2018,Sonora,Agua Prieta,U2,Horizontal,112,002,26
2019,Puebla,San Salvador el Verde,FC,Horizontal,26,143,21
2019,Nuevo León,Montemorelos,U3,Horizontal,45,038,19
2019,San Luis Potosí,Cerritos,U3,Horizontal,27,008,24
2020,México,Acolman,U3,Vertical,108,002,15
2020,Chihuahua,Hidalgo del Parral,U3,Horizontal,5,032,08
2020,Michoacán de Ocampo,Tarímbaro,U2,Horizontal,16,088,16
2019,Tabasco,Tenosique,U2,Horizontal,6,017,27
2018,Michoacán de Ocampo,Tarímbaro,U2,Vertical,58,088,16
2018,Veracruz de Ignacio de la Llave,Medellín de Bravo,U2,Horizontal,305,105,30
2018,Jalisco,Guadalajara,U1,Vertical,196,039,14
2020,Jalisco,Zapotiltic,U1,Horizontal,1,121,14
2018,Tlaxcala,Acuamanala de Miguel Hidalgo,U1,Horizontal,3,022,29
2018,Michoacán de Ocampo,Zamora,U3,Horizontal,276,108,16
2018,San Luis Potosí,Ciudad Valles,U2,Horizontal,46,013,24
2020,Michoacán de Ocampo,Morelia,U2,Horizontal,174,053,16
2020,Michoacán de Ocampo,Tanhuato,FC,Horizontal,5,086,16
2018,Aguascalientes,San Francisco de los Romo,U2,Horizontal,61,011,01
2020,Sinaloa,Mazatlán,U1,Horizontal,15,012,25
2020,Tabasco,Centro,FC,Horizontal,6,004,27
2018,Puebla,Amozoc,U1,Horizontal,40,015,21
2019,Puebla,Zacatlán,U2,Horizontal,2,208,21
2020,Jalisco,Puerto Vallarta,FC,Vertical,114,067,14
2019,Quintana Roo,Cozumel,U2,Horizontal,100,001,23
2019,Yucatán,Conkal,FC,Horizontal,1,013,31
2018,Puebla,Huejotzingo,U2,Vertical,390,074,21
2019,México,Huixquilucan,U2,Vertical,55,037,15
2018,Aguascalientes,Aguascalientes,U2,Horizontal,1975,001,01
2018,Zacatecas,Zacatecas,FC,Horizontal,7,056,32
2018,San Luis Potosí,Tamuín,U1,Horizontal,1,040,24
2019,Sinaloa,Salvador Alvarado,U3,Horizontal,44,015,25
2020,Coahuila de Zaragoza,Ramos Arizpe,U2,Horizontal,140,027,05
2020,Jalisco,Puerto Vallarta,U3,Vertical,63,067,14
2020,Aguascalientes,San Francisco de los Romo,U3,Horizontal,790,011,01
2018,Coahuila de Zaragoza,San Buenaventura,U2,Horizontal,53,031,05
2020,Oaxaca,Santa María Atzompa,FC,Vertical,208,399,20
2020,Aguascalientes,Jesús María,U1,Horizontal,31,005,01
2019,Chihuahua,Cuauhtémoc,U1,Horizontal,4,017,08
2018,Jalisco,Zapopan,FC,Vertical,237,120,14
2019,Tlaxcala,Apetatitlán de Antonio Carvajal,U1,Horizontal,6,002,29
2019,Veracruz de Ignacio de la Llave,Córdoba,U3,Horizontal,33,044,30
2020,México,Zumpango,FC,Horizontal,289,120,15
2018,Nuevo León,General Escobedo,FC,Horizontal,290,021,19
2018,México,Tianguistenco,U3,Horizontal,378,101,15
2020,Hidalgo,Zempoala,U2,Horizontal,47,083,13
2020,Puebla,Coronango,U2,Vertical,114,034,21
2020,Durango,Santiago Papasquiaro,U3,Horizontal,24,032,10
2018,Durango,Durango,U2,Horizontal,156,005,10
2019,Morelos,Emiliano Zapata,U2,Horizontal,46,008,17
2020,Nayarit,Xalisco,U2,Horizontal,21,008,18
2018,Tabasco,Centro,U3,Horizontal,1,004,27
2018,Puebla,Hueytamalco,FC,Horizontal,2,076,21
2020,Guanajuato,Celaya,U1,Horizontal,16,007,11
2018,Michoacán de Ocampo,Lázaro Cárdenas,U3,Horizontal,6,052,16
2018,Veracruz de Ignacio de la Llave,Fortín,FC,Horizontal,2,068,30
2019,Jalisco,Ameca,U3,Horizontal,7,006,14
2019,Veracruz de Ignacio de la Llave,Xalapa,U2,Vertical,3,087,30
2018,Sinaloa,Guasave,U3,Horizontal,264,011,25
2018,Coahuila de Zaragoza,Sacramento,FC,Horizontal,10,029,05
2018,Aguascalientes,Pabellón de Arteaga,U1,Horizontal,22,006,01
2020,Chihuahua,Aquiles Serdán,U3,Horizontal,546,004,08
2018,Veracruz de Ignacio de la Llave,Córdoba,FC,Horizontal,80,044,30
2019,Jalisco,Tonalá,FC,Horizontal,494,101,14
2020,Chiapas,Berriozábal,FC,Horizontal,132,012,07
2018,Durango,Lerdo,U1,Horizontal,133,012,10
2020,Puebla,Puebla,U2,Vertical,470,114,21
2018,Guanajuato,Celaya,U3,Vertical,472,007,11
2020,Veracruz de Ignacio de la Llave,Emiliano Zapata,U3,Horizontal,65,065,30
2019,Coahuila de Zaragoza,Arteaga,U2,Horizontal,20,004,05
2018,Jalisco,El Salto,U2,Horizontal,895,070,14
2019,Jalisco,Acatlán de Juárez,FC,Horizontal,37,002,14
2019,Yucatán,Mérida,U1,Vertical,20,050,31
2019,Coahuila de Zaragoza,Arteaga,FC,Horizontal,1,004,05
2018,Tabasco,Paraíso,U2,Horizontal,2,014,27
2019,Puebla,Amozoc,U3,Vertical,64,015,21
2019,Sinaloa,Guasave,U3,Horizontal,64,011,25
2018,Veracruz de Ignacio de la Llave,Pánuco,U2,Horizontal,4,123,30
2019,Coahuila de Zaragoza,Piedras Negras,U3,Horizontal,647,025,05
2018,Veracruz de Ignacio de la Llave,Coatzintla,U3,Horizontal,10,040,30
2018,Jalisco,San Pedro Tlaquepaque,U3,Horizontal,509,098,14
2019,Chihuahua,Hidalgo del Parral,U1,Horizontal,105,032,08
2019,Nayarit,Bahía de Banderas,U3,Horizontal,211,020,18
2018,Chiapas,Berriozábal,FC,Horizontal,126,012,07
2018,Veracruz de Ignacio de la Llave,Coatepec,U1,Horizontal,51,038,30
2018,Coahuila de Zaragoza,Torreón,U1,Horizontal,102,035,05
2019,Nuevo León,Santa Catarina,U1,Horizontal,29,048,19
2018,Michoacán de Ocampo,Numarán,U3,Vertical,68,060,16
2018,Michoacán de Ocampo,Morelia,U1,Vertical,29,053,16
2019,Baja California,Tijuana,U2,Horizontal,332,004,02
2019,Nuevo León,Guadalupe,U3,Horizontal,297,026,19
2018,Jalisco,San Julián,FC,Horizontal,1,074,14
2019,Sinaloa,Guasave,U2,Horizontal,5,011,25
2019,México,Ecatepec de Morelos,U1,Vertical,56,033,15
2018,Zacatecas,Fresnillo,U2,Horizontal,70,010,32
2019,Zacatecas,Jerez,U1,Horizontal,4,020,32
2020,Yucatán,Mérida,U1,Horizontal,355,050,31
2018,Coahuila de Zaragoza,Ramos Arizpe,U2,Horizontal,643,027,05
2020,Tlaxcala,Tlaxco,U3,Horizontal,7,034,29
2019,Guanajuato,San José Iturbide,U3,Horizontal,7,032,11
2018,Baja California,Mexicali,U3,Horizontal,960,002,02
2020,Jalisco,El Salto,U3,Horizontal,1668,070,14
2019,Durango,Lerdo,U1,Horizontal,61,012,10
2018,Guanajuato,Celaya,U3,Horizontal,603,007,11
2020,Durango,Vicente Guerrero,U3,Horizontal,1,038,10
2020,Jalisco,Tlajomulco de Zúñiga,U2,Vertical,34,097,14
2019,Guanajuato,Valle de Santiago,U2,Horizontal,7,042,11
2020,Puebla,San Pedro Cholula,U1,Horizontal,1,140,21
2020,Nuevo León,García,U2,Vertical,2,018,19
2018,Campeche,Campeche,U3,Horizontal,17,002,04
2018,Puebla,San Martín Texmelucan,U1,Vertical,30,132,21
2018,Michoacán de Ocampo,Lázaro Cárdenas,U1,Horizontal,1,052,16
2020,Jalisco,La Barca,U3,Vertical,228,018,14
2019,Baja California,Tijuana,U2,Vertical,5,004,02
2020,Coahuila de Zaragoza,San Buenaventura,U1,Horizontal,3,031,05
2018,Sonora,Hermosillo,FC,Horizontal,24,030,26
2019,Chiapas,Tuxtla Gutiérrez,U2,Vertical,92,101,07
2019,Michoacán de Ocampo,Pátzcuaro,U1,Horizontal,7,066,16
2019,Nuevo León,Juárez,U1,Horizontal,100,031,19
2020,Puebla,Ocoyucan,FC,Horizontal,27,106,21
2019,Nuevo León,Guadalupe,U2,Horizontal,49,026,19
2020,Tamaulipas,Nuevo Laredo,U3,Horizontal,336,027,28
2018,Quintana Roo,Benito Juárez,U3,Horizontal,2811,005,23
2020,Veracruz de Ignacio de la Llave,Río Blanco,U2,Horizontal,24,138,30
2019,Coahuila de Zaragoza,Nava,U2,Horizontal,90,022,05
2019,México,Toluca,U1,Horizontal,40,106,15
2018,Hidalgo,Zempoala,U3,Horizontal,493,083,13
2020,México,Otzolotepec,FC,Vertical,303,067,15
2019,Morelos,Tlaltizapán de Zapata,FC,Horizontal,28,024,17
2020,Baja California,Mexicali,U3,Horizontal,1350,002,02
2018,Chiapas,Berriozábal,U3,Horizontal,128,012,07
2019,Nayarit,Xalisco,U2,Vertical,5,008,18
2020,Zacatecas,Ojocaliente,U3,Horizontal,9,036,32
2020,Veracruz de Ignacio de la Llave,Río Blanco,U3,Vertical,56,138,30
2018,Puebla,Coronango,U1,Horizontal,233,034,21
2020,México,Cuautitlán Izcalli,U3,Vertical,1,121,15
2020,Veracruz de Ignacio de la Llave,Medellín de Bravo,U3,Horizontal,143,105,30
2018,Chihuahua,Aldama,U2,Horizontal,13,002,08
2019,Guanajuato,Irapuato,FC,Horizontal,4,017,11
2020,Guanajuato,Guanajuato,U2,Horizontal,4,015,11
2019,Michoacán de Ocampo,La Piedad,U1,Horizontal,13,069,16
2018,Tamaulipas,Reynosa,U2,Horizontal,560,032,28
2018,Michoacán de Ocampo,Zitácuaro,U2,Horizontal,6,112,16
2018,Hidalgo,Tizayuca,U1,Horizontal,622,069,13
2020,Sonora,Caborca,U2,Horizontal,22,017,26
2020,Chihuahua,Aldama,U2,Horizontal,26,002,08
2018,Nuevo León,General Escobedo,U1,Vertical,11,021,19
2019,San Luis Potosí,Matehuala,U1,Horizontal,3,020,24
2019,Puebla,Zacapoaxtla,U3,Horizontal,1,207,21
2020,Jalisco,San Pedro Tlaquepaque,U2,Vertical,200,098,14
2018,Tlaxcala,Tzompantepec,FC,Horizontal,7,038,29
2019,San Luis Potosí,Soledad de Graciano Sánchez,U2,Horizontal,261,035,24
2020,México,Tecámac,U2,Horizontal,462,081,15
2020,San Luis Potosí,Soledad de Graciano Sánchez,U1,Horizontal,32,035,24
2019,Guanajuato,Guanajuato,U3,Horizontal,253,015,11
2018,Baja California Sur,La Paz,U3,Vertical,192,003,03
2019,Guerrero,Zihuatanejo de Azueta,FC,Horizontal,22,038,12
2020,Baja California,Tijuana,U1,Vertical,7,004,02
2020,Sinaloa,Navolato,FC,Horizontal,2,018,25
2019,Veracruz de Ignacio de la Llave,Tuxpan,U2,Vertical,46,189,30
2019,San Luis Potosí,Soledad de Graciano Sánchez,U3,Vertical,66,035,24
2018,Oaxaca,Heroica Ciudad de Huajuapan de León,U1,Horizontal,1,039,20
2020,Veracruz de Ignacio de la Llave,Boca del Río,FC,Horizontal,25,028,30
2020,Coahuila de Zaragoza,Ramos Arizpe,U1,Horizontal,1,027,05
2018,Morelos,Yautepec,FC,Vertical,16,029,17
2018,Hidalgo,Tizayuca,U3,Horizontal,268,069,13
2020,Nuevo León,García,FC,Horizontal,94,018,19
2019,Chiapas,Tuxtla Gutiérrez,U1,Vertical,2,101,07
2019,Querétaro,San Juan del Río,U3,Horizontal,340,016,22
2020,Guerrero,Iguala de la Independencia,U3,Horizontal,2,035,12
2020,Hidalgo,Tepeji del Río de Ocampo,U3,Horizontal,11,063,13
2019,Coahuila de Zaragoza,San Buenaventura,U2,Horizontal,8,031,05
2018,Guanajuato,San Francisco del Rincón,U1,Horizontal,43,031,11
2018,Jalisco,Tonalá,U3,Vertical,762,101,14
2020,Quintana Roo,Tulum,FC,Horizontal,366,009,23
2020,México,Zumpango,U3,Horizontal,1024,120,15
2018,Nuevo León,General Escobedo,U1,Horizontal,254,021,19
2020,México,Soyaniquilpan de Juárez,FC,Horizontal,8,079,15
2019,Aguascalientes,Jesús María,U3,Horizontal,37,005,01
2019,Jalisco,La Barca,U1,Horizontal,1,018,14
2020,Tabasco,Centro,U3,Horizontal,9,004,27
2019,México,Tianguistenco,U3,Horizontal,677,101,15
2019,Tamaulipas,Tampico,U2,Horizontal,28,038,28
2020,Aguascalientes,San Francisco de los Romo,U1,Horizontal,109,011,01
2018,Colima,Manzanillo,U3,Vertical,203,007,06
2018,Morelos,Jiutepec,U2,Vertical,20,011,17
2018,México,Jilotepec,FC,Horizontal,6,045,15
2020,Ciudad de México,Iztacalco,U1,Vertical,545,006,09
2018,Nuevo León,Juárez,FC,Horizontal,44,031,19
2020,Sinaloa,Guasave,U2,Horizontal,61,011,25
2018,Tabasco,Nacajuca,U3,Horizontal,55,013,27
2018,México,Zumpango,U2,Vertical,120,120,15
2018,Chihuahua,Nuevo Casas Grandes,U2,Horizontal,212,050,08
2020,Veracruz de Ignacio de la Llave,Tuxpan,U3,Horizontal,102,189,30
2020,Guanajuato,Abasolo,U2,Horizontal,4,001,11
2018,San Luis Potosí,San Luis Potosí,FC,Vertical,18,028,24
2019,Nuevo León,Montemorelos,U2,Horizontal,26,038,19
2019,Zacatecas,Ojocaliente,U3,Horizontal,5,036,32
2018,Veracruz de Ignacio de la Llave,Ixtaczoquitlán,U3,Horizontal,70,085,30
2020,Tlaxcala,Yauhquemehcan,U3,Horizontal,1,043,29
2018,Jalisco,San Juan de los Lagos,U3,Horizontal,19,073,14
2018,Morelos,Cuernavaca,U2,Horizontal,5,007,17
2018,Tlaxcala,Tlaxco,U3,Horizontal,14,034,29
2018,Tabasco,Tacotalpa,FC,Horizontal,2,015,27
2020,Sonora,Agua Prieta,U2,Horizontal,2,002,26
2019,Nuevo León,Ciénega de Flores,FC,Horizontal,332,012,19
2018,Tlaxcala,Tlaxcala,U2,Horizontal,51,033,29
2020,Ciudad de México,Venustiano Carranza,U1,Vertical,41,017,09
2019,Veracruz de Ignacio de la Llave,Perote,U1,Horizontal,22,128,30
2020,Colima,Manzanillo,U1,Horizontal,1,007,06
2020,Puebla,Zacapoaxtla,U1,Horizontal,1,207,21
2020,Veracruz de Ignacio de la Llave,Medellín de Bravo,U2,Vertical,33,105,30
2019,Guanajuato,Celaya,U3,Horizontal,329,007,11
2019,Tlaxcala,Cuaxomulco,U3,Horizontal,3,009,29
2020,Ciudad de México,Iztapalapa,U2,Vertical,5,007,09
2018,Zacatecas,Zacatecas,U1,Horizontal,4,056,32
2020,México,Zumpango,U2,Horizontal,99,120,15
2020,Jalisco,Autlán de Navarro,U2,Horizontal,49,015,14
2019,Hidalgo,Huichapan,FC,Horizontal,10,029,13
2018,Sinaloa,Mazatlán,U1,Vertical,51,012,25
2020,Nayarit,Bahía de Banderas,U1,Horizontal,24,020,18
2020,Ciudad de México,Iztacalco,U2,Vertical,34,006,09
2019,México,Toluca,FC,Horizontal,24,106,15
2019,Guanajuato,Irapuato,U3,Horizontal,64,017,11
2020,Querétaro,El Marqués,FC,Vertical,945,011,22
2020,Quintana Roo,Othón P. Blanco,U2,Horizontal,4,004,23
2020,Baja California Sur,Mulegé,U3,Horizontal,4,002,03
2018,Jalisco,Ojuelos de Jalisco,FC,Horizontal,2,064,14
2018,Nuevo León,San Nicolás de los Garza,U2,Horizontal,6,046,19
2018,Jalisco,Puerto Vallarta,U1,Vertical,13,067,14
2020,Nayarit,Bahía de Banderas,U2,Horizontal,18,020,18
2019,Aguascalientes,Calvillo,U2,Horizontal,2,003,01
2018,Chiapas,Tuxtla Gutiérrez,U3,Horizontal,85,101,07
2019,Yucatán,Mérida,FC,Horizontal,85,050,31
2019,Baja California,Ensenada,U3,Horizontal,174,001,02
2018,Durango,Vicente Guerrero,U2,Horizontal,2,038,10
2020,Morelos,Temixco,U2,Horizontal,23,018,17
2020,Tamaulipas,Nuevo Laredo,U1,Horizontal,267,027,28
2020,Jalisco,Tecolotlán,FC,Horizontal,2,088,14
2018,Baja California Sur,Mulegé,FC,Horizontal,9,002,03
2020,Michoacán de Ocampo,Numarán,U3,Vertical,42,060,16
2019,Guanajuato,Cortazar,FC,Horizontal,140,011,11
2018,Morelos,Yecapixtla,U3,Horizontal,28,030,17
2020,Baja California,Mexicali,U2,Horizontal,241,002,02
2018,Yucatán,Hunucmá,U3,Horizontal,81,038,31
2019,México,La Paz,U1,Horizontal,6,070,15
2020,Jalisco,Tepatitlán de Morelos,U2,Horizontal,20,093,14
2019,Baja California,Mexicali,U3,Horizontal,1327,002,02
2020,Jalisco,San Pedro Tlaquepaque,U2,Horizontal,246,098,14
2019,México,Zumpango,U3,Horizontal,1565,120,15
2018,Nuevo León,Sabinas Hidalgo,U2,Horizontal,50,044,19
2020,Michoacán de Ocampo,Uruapan,U2,Horizontal,6,102,16
2018,Jalisco,Juanacatlán,FC,Horizontal,482,051,14
2019,México,Tultepec,U2,Horizontal,368,108,15
2020,San Luis Potosí,San Luis Potosí,U2,Horizontal,382,028,24
2019,Michoacán de Ocampo,Zamora,FC,Horizontal,142,108,16
2020,Querétaro,Corregidora,U1,Horizontal,2,006,22
2018,Guanajuato,Apaseo el Grande,U3,Vertical,1048,005,11
2018,Baja California Sur,La Paz,U3,Horizontal,925,003,03
2019,Guanajuato,Celaya,U2,Vertical,48,007,11
2019,Guerrero,Iguala de la Independencia,U2,Vertical,48,035,12
2020,Tlaxcala,Ixtacuixtla de Mariano Matamoros,U3,Vertical,234,015,29
2020,Nayarit,Tepic,U2,Vertical,22,017,18
2020,Chiapas,Palenque,FC,Horizontal,1,065,07
2020,Jalisco,Tonalá,U2,Vertical,509,101,14
2020,Oaxaca,San Jacinto Amilpas,U1,Horizontal,2,157,20
2019,Puebla,Tehuacán,U2,Horizontal,78,156,21
2019,Aguascalientes,Calvillo,FC,Horizontal,1,003,01
2020,Coahuila de Zaragoza,Saltillo,U3,Horizontal,327,030,05
2020,Hidalgo,Zempoala,FC,Horizontal,557,083,13
2018,Michoacán de Ocampo,Zacapu,U2,Horizontal,22,107,16
2019,Nuevo León,Cadereyta Jiménez,U2,Horizontal,7,009,19
2020,México,Tianguistenco,FC,Horizontal,86,101,15
2020,Michoacán de Ocampo,Tarímbaro,U3,Horizontal,12,088,16
2020,Guanajuato,Apaseo el Grande,U3,Horizontal,793,005,11
2018,Nuevo León,Cadereyta Jiménez,U2,Horizontal,8,009,19
2020,Oaxaca,Heroica Ciudad de Huajuapan de León,U2,Horizontal,22,039,20
2019,Tamaulipas,Nuevo Laredo,U2,Horizontal,265,027,28
2019,Coahuila de Zaragoza,Arteaga,U1,Horizontal,31,004,05
2020,Durango,Gómez Palacio,U1,Horizontal,209,007,10
2019,Puebla,Puebla,U1,Horizontal,8,114,21
2018,Sonora,Santa Ana,FC,Horizontal,1,058,26
2018,México,Calimaya,FC,Horizontal,1,018,15
2018,Chihuahua,Hidalgo del Parral,U1,Horizontal,249,032,08
2019,México,Zumpango,FC,Vertical,999,120,15
2018,Querétaro,San Juan del Río,FC,Vertical,16,016,22
2018,Sonora,Puerto Peñasco,U1,Horizontal,3,048,26
2019,Tabasco,Teapa,FC,Horizontal,1,016,27
2019,Yucatán,Motul,U2,Horizontal,21,052,31
2020,Sinaloa,Ahome,U1,Horizontal,9,001,25
2020,Guanajuato,San Miguel de Allende,U3,Vertical,108,003,11
2020,Tabasco,Paraíso,U3,Horizontal,2,014,27
2018,Veracruz de Ignacio de la Llave,Río Blanco,U2,Horizontal,30,138,30
2018,Puebla,Cuautlancingo,U3,Vertical,81,041,21
2020,Nayarit,Bahía de Banderas,U2,Vertical,15,020,18
2018,México,Texcoco,U2,Horizontal,36,099,15
2018,Sinaloa,Ahome,U2,Horizontal,594,001,25
2019,Sonora,Cajeme,U2,Horizontal,160,018,26
2020,Chiapas,Berriozábal,U3,Horizontal,68,012,07
2019,Veracruz de Ignacio de la Llave,Perote,U3,Horizontal,71,128,30
2019,Ciudad de México,Cuauhtémoc,U2,Horizontal,1,015,09
2020,Guanajuato,Villagrán,FC,Horizontal,122,044,11
2019,Chiapas,Chiapa de Corzo,FC,Horizontal,10,027,07
2020,Jalisco,Tepatitlán de Morelos,U3,Horizontal,40,093,14
2020,Sonora,Navojoa,U3,Horizontal,74,042,26
2020,Yucatán,Mérida,U3,Vertical,33,050,31
2020,Nayarit,Xalisco,U3,Vertical,45,008,18
2019,Michoacán de Ocampo,Uruapan,U3,Horizontal,5,102,16
2018,Hidalgo,Tula de Allende,FC,Horizontal,24,076,13
2019,Chihuahua,Delicias,U2,Horizontal,156,021,08
2018,Tamaulipas,Victoria,U1,Horizontal,12,041,28
2019,Chiapas,Tuxtla Gutiérrez,U2,Horizontal,42,101,07
2019,Veracruz de Ignacio de la Llave,Xalapa,U2,Horizontal,13,087,30
2020,Tlaxcala,Yauhquemehcan,U2,Vertical,12,043,29
2020,Hidalgo,Zapotlán de Juárez,FC,Horizontal,3,082,13
2020,Jalisco,Zapopan,U2,Vertical,88,120,14
2020,Nayarit,Bahía de Banderas,FC,Vertical,126,020,18
2018,Quintana Roo,Othón P. Blanco,U2,Horizontal,24,004,23
2020,Ciudad de México,Azcapotzalco,U2,Vertical,58,002,09
2018,Michoacán de Ocampo,Hidalgo,U2,Horizontal,14,034,16
2018,Michoacán de Ocampo,Marcos Castellanos,FC,Horizontal,16,051,16
2020,Sonora,Hermosillo,FC,Horizontal,62,030,26
2018,México,Zumpango,U3,Horizontal,1801,120,15
2020,Nuevo León,Linares,U3,Horizontal,28,033,19
2018,Sonora,Puerto Peñasco,U3,Horizontal,124,048,26
2020,Nayarit,Santiago Ixcuintla,FC,Horizontal,1,015,18
2020,Hidalgo,Apan,U2,Horizontal,3,008,13
2019,Puebla,Atlixco,U1,Horizontal,1,019,21
2019,Hidalgo,Actopan,U2,Horizontal,1,003,13
2019,Querétaro,Pedro Escobedo,FC,Horizontal,155,012,22
2020,Colima,Tecomán,U3,Horizontal,1,009,06
2018,Nuevo León,Santa Catarina,U2,Horizontal,102,048,19
2019,Veracruz de Ignacio de la Llave,Papantla,U2,Horizontal,1,124,30
2018,Veracruz de Ignacio de la Llave,Mariano Escobedo,U3,Horizontal,30,101,30
2020,Hidalgo,Atotonilco de Tula,FC,Vertical,356,013,13
2018,Coahuila de Zaragoza,Piedras Negras,U1,Horizontal,39,025,05
2020,Nuevo León,Guadalupe,U2,Horizontal,42,026,19
2020,México,Zinacantepec,FC,Horizontal,6,118,15
2018,Veracruz de Ignacio de la Llave,Tuxpan,U3,Vertical,70,189,30
2018,Baja California,Tijuana,U1,Horizontal,1,004,02
2020,Guanajuato,San Luis de la Paz,FC,Horizontal,235,033,11
2019,Sinaloa,Ahome,U1,Horizontal,33,001,25
2018,México,Atizapán de Zaragoza,U2,Vertical,2,013,15
2019,Nuevo León,Monterrey,U2,Horizontal,68,039,19
2018,Chihuahua,Allende,FC,Horizontal,9,003,08
2020,Sinaloa,Guasave,U3,Horizontal,204,011,25
2019,Tabasco,Centro,U2,Horizontal,32,004,27
2019,Baja California Sur,La Paz,FC,Horizontal,49,003,03
2019,Hidalgo,Ixmiquilpan,U2,Horizontal,2,030,13
2019,Jalisco,Tonalá,U3,Vertical,651,101,14
2020,Zacatecas,Zacatecas,U1,Horizontal,31,056,32
2018,Chiapas,Villaflores,U3,Horizontal,220,108,07
2019,Ciudad de México,Azcapotzalco,U1,Vertical,198,002,09
2018,Guanajuato,San Miguel de Allende,FC,Horizontal,1,003,11
2020,Tlaxcala,Tetla de la Solidaridad,U2,Horizontal,23,031,29
2019,Zacatecas,Guadalupe,U1,Horizontal,3,017,32
2018,Guerrero,Chilpancingo de los Bravo,U3,Vertical,226,029,12
2020,Baja California Sur,Loreto,U3,Horizontal,3,009,03
2018,Jalisco,Puerto Vallarta,U2,Vertical,108,067,14
2018,Chihuahua,Chihuahua,U2,Horizontal,1098,019,08
2018,Guanajuato,San Felipe,U2,Horizontal,120,030,11
2019,Puebla,Tehuacán,U1,Vertical,2,156,21
2019,Ciudad de México,Benito Juárez,U1,Vertical,10,014,09
2020,Michoacán de Ocampo,Uruapan,U3,Horizontal,2,102,16
2018,Puebla,Tehuacán,U2,Vertical,312,156,21
2019,Michoacán de Ocampo,Zamora,U1,Horizontal,1,108,16
2018,Hidalgo,Zapotlán de Juárez,FC,Horizontal,5,082,13
2020,Morelos,Cuernavaca,U1,Horizontal,5,007,17
2018,Chihuahua,Chihuahua,U1,Horizontal,40,019,08
2019,Baja California,Ensenada,U1,Horizontal,1,001,02
2018,Chihuahua,Chihuahua,FC,Horizontal,2,019,08
2020,Nuevo León,Montemorelos,U3,Horizontal,194,038,19
2019,Coahuila de Zaragoza,Torreón,FC,Horizontal,61,035,05
2019,Oaxaca,San Juan Bautista Tuxtepec,U3,Horizontal,31,184,20
2018,Jalisco,Zapotlán el Grande,U2,Horizontal,1,023,14
2020,Guanajuato,León,U1,Horizontal,254,020,11
2019,Nuevo León,El Carmen,U2,Horizontal,405,010,19
2018,Jalisco,Chapala,U3,Horizontal,1,030,14
2019,México,Nextlalpan,U3,Vertical,113,059,15
2020,Jalisco,San Pedro Tlaquepaque,U3,Horizontal,88,098,14
2020,Jalisco,Zapopan,FC,Horizontal,618,120,14
2019,Colima,Villa de Álvarez,U2,Vertical,6,010,06
2020,Tlaxcala,Xaloztoc,U1,Vertical,35,039,29
2020,Hidalgo,Tulancingo de Bravo,U2,Horizontal,9,077,13
2020,San Luis Potosí,Soledad de Graciano Sánchez,U2,Horizontal,222,035,24
2020,Guanajuato,San Francisco del Rincón,U1,Horizontal,22,031,11
2018,Colima,Colima,FC,Horizontal,2,002,06
2020,Campeche,Campeche,U2,Horizontal,15,002,04
2020,Tabasco,Tenosique,U2,Horizontal,2,017,27
2020,San Luis Potosí,Matehuala,U3,Horizontal,34,020,24
2018,Nuevo León,Allende,U2,Horizontal,195,004,19
2020,México,Chalco,U3,Horizontal,1862,025,15
2018,Puebla,Tehuacán,U2,Horizontal,214,156,21
2020,Guanajuato,Salvatierra,U2,Horizontal,7,028,11
2019,Guanajuato,Irapuato,U1,Horizontal,22,017,11
2018,Guerrero,Coyuca de Benítez,U2,Horizontal,4,021,12
2018,Guanajuato,Pénjamo,U3,Horizontal,1,023,11
2020,Jalisco,Encarnación de Díaz,FC,Horizontal,14,035,14
2019,Aguascalientes,Rincón de Romos,U2,Horizontal,121,007,01
2019,Oaxaca,San Agustín de las Juntas,U1,Horizontal,2,083,20
2020,Campeche,Calkiní,FC,Horizontal,1,001,04
2019,Michoacán de Ocampo,La Piedad,U2,Horizontal,8,069,16
2019,Puebla,Izúcar de Matamoros,U2,Horizontal,6,085,21
2019,Durango,Durango,U3,Horizontal,718,005,10
2020,Puebla,Puebla,FC,Horizontal,147,114,21
2019,Michoacán de Ocampo,Numarán,U3,Vertical,86,060,16
2018,Nuevo León,Montemorelos,U1,Horizontal,19,038,19
2018,México,Tecámac,U2,Vertical,461,081,15
2019,Puebla,Puebla,U3,Vertical,800,114,21
2020,Puebla,Coronango,U1,Horizontal,154,034,21
2020,Querétaro,El Marqués,U3,Horizontal,705,011,22
2020,Sonora,Hermosillo,U3,Horizontal,1391,030,26
2020,Quintana Roo,Felipe Carrillo Puerto,U3,Horizontal,39,002,23
2019,Hidalgo,Actopan,U3,Horizontal,1,003,13
2020,Jalisco,Zapotiltic,U2,Horizontal,9,121,14
2018,Tamaulipas,Reynosa,U3,Vertical,49,032,28
2018,México,Huixquilucan,U2,Vertical,74,037,15
2020,Zacatecas,Pinos,FC,Horizontal,6,038,32
2018,México,Huehuetoca,U1,Horizontal,376,035,15
2020,Jalisco,La Barca,FC,Horizontal,16,018,14
2018,Oaxaca,Santa María Huatulco,U2,Vertical,15,413,20
2019,Guanajuato,Apaseo el Grande,U2,Horizontal,25,005,11
2020,Nuevo León,General Escobedo,U2,Horizontal,284,021,19
2020,Jalisco,La Barca,U2,Horizontal,9,018,14
2019,Sonora,Hermosillo,U2,Horizontal,331,030,26
2020,Guerrero,Quechultenango,FC,Horizontal,8,051,12
2020,Hidalgo,Santiago Tulantepec de Lugo Guerrero,U3,Horizontal,4,056,13
2020,Jalisco,Ocotlán,U2,Vertical,68,063,14
2018,Yucatán,Valladolid,FC,Horizontal,2,102,31
2018,Sonora,Puerto Peñasco,U2,Horizontal,211,048,26
2020,Veracruz de Ignacio de la Llave,Banderilla,U1,Horizontal,2,026,30
2018,Jalisco,San Miguel el Alto,U1,Horizontal,1,078,14
2018,Nuevo León,Guadalupe,U3,Horizontal,466,026,19
2018,Guanajuato,León,U1,Horizontal,333,020,11
2018,Sonora,Guaymas,FC,Vertical,6,029,26
2018,Hidalgo,Mineral de la Reforma,U3,Horizontal,982,051,13
2020,Michoacán de Ocampo,Lázaro Cárdenas,U1,Horizontal,35,052,16
2020,Jalisco,Zapotlanejo,FC,Horizontal,15,124,14
2019,Nayarit,Compostela,U3,Horizontal,10,004,18
2018,Tabasco,Huimanguillo,U3,Vertical,105,008,27
2018,Yucatán,Valladolid,U3,Horizontal,54,102,31
2020,Nuevo León,Juárez,U2,Vertical,10,031,19
2018,Coahuila de Zaragoza,Francisco I. Madero,U3,Horizontal,1,009,05
2020,Puebla,San Pedro Cholula,U1,Vertical,5,140,21
2020,Michoacán de Ocampo,La Piedad,U3,Horizontal,31,069,16
2020,Jalisco,Puerto Vallarta,U2,Vertical,50,067,14
2019,Querétaro,El Marqués,U3,Horizontal,931,011,22
2018,Jalisco,Tlajomulco de Zúñiga,U3,Horizontal,346,097,14
2018,Zacatecas,Calera,U2,Horizontal,17,005,32
2019,Guanajuato,Cortazar,U2,Horizontal,54,011,11
2020,Michoacán de Ocampo,Zamora,FC,Horizontal,14,108,16
2020,Baja California Sur,La Paz,U2,Horizontal,163,003,03
2020,México,Tlalmanalco,U3,Horizontal,83,103,15
2020,Chihuahua,Aldama,U3,Horizontal,11,002,08
2020,México,Chalco,U2,Horizontal,57,025,15
2020,Veracruz de Ignacio de la Llave,Veracruz,U3,Horizontal,726,193,30
2018,Veracruz de Ignacio de la Llave,Banderilla,U1,Horizontal,2,026,30
2018,Sonora,San Luis Río Colorado,U1,Horizontal,5,055,26
2020,Nuevo León,El Carmen,U3,Horizontal,1666,010,19
2020,Jalisco,Tlajomulco de Zúñiga,U1,Horizontal,72,097,14
2018,Sonora,Navojoa,U1,Horizontal,216,042,26
2020,Querétaro,Querétaro,U2,Vertical,82,014,22
2019,Coahuila de Zaragoza,Múzquiz,U2,Horizontal,20,020,05
2019,Colima,Villa de Álvarez,U1,Horizontal,100,010,06
2020,Chiapas,Tuxtla Gutiérrez,U2,Horizontal,132,101,07
2019,Morelos,Temixco,U2,Horizontal,10,018,17
2018,Michoacán de Ocampo,La Piedad,U2,Horizontal,44,069,16
2019,México,Tecámac,U1,Horizontal,43,081,15
2019,Tabasco,Centro,FC,Vertical,592,004,27
2018,Colima,Tecomán,U2,Horizontal,179,009,06
2018,Jalisco,Tlajomulco de Zúñiga,U1,Horizontal,283,097,14
2018,Oaxaca,Salina Cruz,U3,Horizontal,9,079,20
2018,Guanajuato,León,U2,Horizontal,1005,020,11
2019,Guanajuato,Silao de la Victoria,U3,Horizontal,59,037,11
2020,Baja California Sur,Loreto,FC,Horizontal,2,009,03
2020,Guerrero,Iguala de la Independencia,U1,Horizontal,126,035,12
2019,Sonora,Empalme,U2,Horizontal,11,025,26
2020,Guanajuato,Celaya,U3,Horizontal,227,007,11
2020,Chiapas,Tuxtla Gutiérrez,U1,Horizontal,9,101,07
2018,Baja California,Mexicali,U1,Horizontal,244,002,02
2020,México,Tultepec,U2,Horizontal,274,108,15
2018,Puebla,San Pedro Cholula,U1,Horizontal,1,140,21
2019,Nayarit,Bahía de Banderas,U2,Vertical,6,020,18
2018,San Luis Potosí,San Luis Potosí,U2,Vertical,167,028,24
2020,Coahuila de Zaragoza,Torreón,U1,Vertical,16,035,05
2020,Sinaloa,Culiacán,U1,Vertical,2,006,25
2020,Yucatán,Hunucmá,U1,Horizontal,3,038,31
2020,Aguascalientes,Pabellón de Arteaga,U1,Horizontal,13,006,01
2019,Quintana Roo,Solidaridad,FC,Horizontal,76,008,23
2020,Veracruz de Ignacio de la Llave,Veracruz,U2,Vertical,22,193,30
2019,Puebla,Cuautlancingo,U3,Vertical,1,041,21
2018,Guanajuato,Guanajuato,U1,Horizontal,1,015,11
2018,Michoacán de Ocampo,Lázaro Cárdenas,U2,Horizontal,44,052,16
2018,Tabasco,Centro,U2,Vertical,64,004,27
2018,Puebla,San Andrés Cholula,U3,Horizontal,1,119,21
2019,San Luis Potosí,San Luis Potosí,FC,Horizontal,158,028,24
2020,Sonora,Caborca,U3,Horizontal,2,017,26
2019,Chiapas,Chiapa de Corzo,U3,Horizontal,4,027,07
2019,Tlaxcala,Santa Cruz Tlaxcala,U2,Horizontal,62,026,29
2019,Coahuila de Zaragoza,San Juan de Sabinas,FC,Horizontal,15,032,05
2018,Guanajuato,León,U3,Horizontal,2035,020,11
2019,Michoacán de Ocampo,Sahuayo,U1,Horizontal,18,076,16
2019,Sonora,Puerto Peñasco,U2,Horizontal,221,048,26
2018,Guanajuato,Apaseo el Grande,FC,Vertical,296,005,11
2019,Nayarit,Bahía de Banderas,U3,Vertical,510,020,18
2019,Guanajuato,Moroleón,U3,Horizontal,11,021,11
2018,Chihuahua,Juárez,U2,Horizontal,614,037,08
2018,Guanajuato,San Felipe,U3,Horizontal,77,030,11
2018,Nuevo León,Anáhuac,U3,Horizontal,70,005,19
2019,México,Zinacantepec,FC,Horizontal,4,118,15
2020,Sinaloa,Mazatlán,U1,Vertical,27,012,25
2019,Sonora,Hermosillo,FC,Horizontal,62,030,26
2018,México,Cuautitlán Izcalli,U2,Vertical,20,121,15
2020,Jalisco,San Pedro Tlaquepaque,U1,Horizontal,38,098,14
2018,Puebla,San Andrés Cholula,U1,Horizontal,1,119,21
2018,Morelos,Yecapixtla,U3,Vertical,78,030,17
2018,Aguascalientes,Rincón de Romos,U2,Horizontal,126,007,01
2018,Coahuila de Zaragoza,Torreón,U2,Horizontal,1365,035,05
2019,Puebla,San Salvador el Verde,U3,Horizontal,2,143,21
2020,Coahuila de Zaragoza,Torreón,FC,Horizontal,34,035,05
2019,México,Tianguistenco,FC,Horizontal,66,101,15
2020,Coahuila de Zaragoza,Múzquiz,U1,Horizontal,14,020,05
2020,Baja California,Tijuana,U2,Horizontal,42,004,02
2018,Nuevo León,Linares,U2,Horizontal,102,033,19
2020,Nayarit,Xalisco,U3,Horizontal,14,008,18
2019,Guerrero,Chilpancingo de los Bravo,U1,Vertical,63,029,12
2019,Guanajuato,Romita,U2,Horizontal,5,026,11
2018,Tamaulipas,Tampico,U1,Vertical,14,038,28
2018,Guanajuato,Romita,U2,Horizontal,3,026,11
2020,Tlaxcala,Ixtacuixtla de Mariano Matamoros,FC,Horizontal,4,015,29
2019,Ciudad de México,Azcapotzalco,U2,Vertical,1,002,09
2018,México,Toluca,U3,Horizontal,287,106,15
2019,Veracruz de Ignacio de la Llave,Coatepec,U1,Vertical,30,038,30
2020,Jalisco,Atotonilco el Alto,U1,Horizontal,53,013,14
2018,Michoacán de Ocampo,Puruándiro,U2,Horizontal,2,071,16
2019,Baja California Sur,La Paz,U1,Horizontal,34,003,03
2018,Baja California,Ensenada,U2,Vertical,12,001,02
2020,Aguascalientes,Aguascalientes,U3,Horizontal,3290,001,01
2019,Ciudad de México,Miguel Hidalgo,U1,Vertical,2,016,09
2020,Zacatecas,Calera,U1,Horizontal,2,005,32
2019,Jalisco,Zapopan,U1,Vertical,63,120,14
2018,Jalisco,El Salto,U2,Vertical,319,070,14
2020,Veracruz de Ignacio de la Llave,Jalacingo,U1,Horizontal,1,086,30
2019,Sonora,Puerto Peñasco,U3,Horizontal,131,048,26
2020,Michoacán de Ocampo,Pátzcuaro,FC,Horizontal,6,066,16
2018,San Luis Potosí,Rioverde,U1,Horizontal,10,024,24
2018,Puebla,Coronango,U2,Vertical,252,034,21
2020,Puebla,Xiutetelco,U1,Horizontal,2,199,21
2018,México,Atlacomulco,FC,Horizontal,142,014,15
2018,Jalisco,Zapopan,U2,Horizontal,45,120,14
2018,Sonora,Hermosillo,U3,Horizontal,1650,030,26
2018,Michoacán de Ocampo,Yurécuaro,U2,Horizontal,19,106,16
2019,Hidalgo,Santiago Tulantepec de Lugo Guerrero,U1,Horizontal,2,056,13
2018,Zacatecas,Loreto,U2,Horizontal,5,024,32
2020,Puebla,San Martín Texmelucan,U2,Vertical,48,132,21
2019,San Luis Potosí,San Luis Potosí,U2,Vertical,168,028,24
2018,Puebla,Teziutlán,U1,Vertical,3,174,21
2018,Michoacán de Ocampo,Apatzingán,U1,Horizontal,1,006,16
2020,San Luis Potosí,Soledad de Graciano Sánchez,U3,Horizontal,1138,035,24
2020,Quintana Roo,Benito Juárez,U2,Vertical,168,005,23
2020,Durango,Vicente Guerrero,U2,Horizontal,1,038,10
2020,Guerrero,Iguala de la Independencia,U1,Vertical,44,035,12
2019,Guanajuato,San Luis de la Paz,U3,Horizontal,201,033,11
2018,Tabasco,Centro,U3,Vertical,52,004,27
2020,Nuevo León,Apodaca,U3,Horizontal,985,006,19
2018,Nuevo León,Montemorelos,U3,Horizontal,194,038,19
2019,Oaxaca,Villa de Zaachila,U3,Horizontal,1,565,20
2018,Morelos,Tlaltizapán de Zapata,FC,Vertical,48,024,17
2019,Jalisco,San Pedro Tlaquepaque,U2,Vertical,876,098,14
2018,Zacatecas,Fresnillo,U3,Horizontal,430,010,32
2019,Tamaulipas,Tampico,U1,Horizontal,10,038,28
2019,Veracruz de Ignacio de la Llave,Pánuco,U3,Horizontal,1,123,30
2019,Guanajuato,San Francisco del Rincón,FC,Horizontal,8,031,11
2020,México,Toluca,U1,Vertical,12,106,15
2019,Puebla,Teziutlán,U2,Horizontal,98,174,21
2018,Jalisco,Ixtlahuacán de los Membrillos,U3,Horizontal,30,044,14
2018,Tabasco,Huimanguillo,U2,Horizontal,4,008,27
2019,Hidalgo,Actopan,U1,Horizontal,1,003,13
2019,Tlaxcala,Yauhquemehcan,U2,Vertical,40,043,29
2018,Tlaxcala,Zacatelco,U1,Horizontal,4,044,29
2018,Nuevo León,Pesquería,U3,Horizontal,1247,041,19
2020,Guerrero,Acapulco de Juárez,U1,Horizontal,50,001,12
2020,Hidalgo,Actopan,U3,Horizontal,4,003,13
2020,Chihuahua,Nuevo Casas Grandes,U2,Horizontal,30,050,08
2018,Guanajuato,San José Iturbide,FC,Horizontal,46,032,11
2018,Puebla,Huauchinango,U2,Vertical,64,071,21
2018,Ciudad de México,Venustiano Carranza,U1,Vertical,363,017,09
2019,Sinaloa,Culiacán,U3,Vertical,446,006,25
2019,Guanajuato,Irapuato,U3,Vertical,121,017,11
2020,Sonora,Empalme,U3,Horizontal,100,025,26
2020,Tamaulipas,Reynosa,FC,Horizontal,262,032,28
2019,Sinaloa,Culiacán,U2,Vertical,313,006,25
2019,Veracruz de Ignacio de la Llave,Ixhuatlancillo,U3,Horizontal,2,081,30
2018,Chiapas,Comitán de Domínguez,U3,Horizontal,36,019,07
2019,Hidalgo,Tula de Allende,FC,Horizontal,27,076,13
2019,Sonora,Guaymas,U1,Horizontal,9,029,26
2018,Guanajuato,Irapuato,U2,Horizontal,87,017,11
2020,México,La Paz,U2,Horizontal,14,070,15
2020,Tlaxcala,Xicohtzinco,U1,Horizontal,1,042,29
2020,Tabasco,Centro,U3,Vertical,226,004,27
2019,Hidalgo,Tulancingo de Bravo,U1,Horizontal,39,077,13
2020,Guanajuato,Irapuato,U2,Horizontal,25,017,11
2019,Ciudad de México,Iztapalapa,U1,Vertical,107,007,09
2020,Tlaxcala,Ixtacuixtla de Mariano Matamoros,U1,Horizontal,3,015,29
2019,San Luis Potosí,San Luis Potosí,U2,Horizontal,359,028,24
2018,Sonora,Cajeme,U3,Horizontal,527,018,26
2018,Jalisco,Autlán de Navarro,U2,Horizontal,29,015,14
2018,Ciudad de México,Cuauhtémoc,U1,Vertical,369,015,09
2020,Jalisco,Ixtlahuacán de los Membrillos,U2,Vertical,138,044,14
2020,Morelos,Jojutla,FC,Horizontal,23,012,17
2020,Chiapas,Chiapa de Corzo,U3,Horizontal,56,027,07
2018,Guanajuato,Celaya,U2,Horizontal,767,007,11
2018,Querétaro,Tequisquiapan,U1,Horizontal,1,017,22
2018,Tamaulipas,Nuevo Laredo,U1,Horizontal,309,027,28
2019,Veracruz de Ignacio de la Llave,Cosoleacaque,U1,Horizontal,8,048,30
2018,Michoacán de Ocampo,Maravatío,U2,Horizontal,9,050,16
2020,Coahuila de Zaragoza,Parras,U2,Horizontal,13,024,05
2018,Nuevo León,General Zuazua,FC,Horizontal,1422,025,19
2019,Hidalgo,San Agustín Tlaxiaca,U2,Horizontal,2,052,13
2020,Jalisco,Tlajomulco de Zúñiga,FC,Vertical,2,097,14
2018,Tlaxcala,Chiautempan,U1,Horizontal,5,010,29
2018,Ciudad de México,Benito Juárez,U1,Horizontal,1,014,09
2020,Nuevo León,Pesquería,FC,Horizontal,994,041,19
2018,Tamaulipas,Ciudad Madero,U2,Vertical,27,009,28
2019,Zacatecas,Morelos,FC,Horizontal,4,032,32
2019,Veracruz de Ignacio de la Llave,Coatepec,U3,Vertical,18,038,30
2018,Guanajuato,Salamanca,U3,Horizontal,161,027,11
2020,Morelos,Yecapixtla,U3,Horizontal,104,030,17
2019,Guerrero,Chilpancingo de los Bravo,U1,Horizontal,24,029,12
2018,Guanajuato,Apaseo el Grande,U2,Horizontal,55,005,11
2019,Morelos,Cuernavaca,U2,Vertical,5,007,17
2018,Colima,Villa de Álvarez,U1,Horizontal,39,010,06
2018,Veracruz de Ignacio de la Llave,Tuxpan,U3,Horizontal,197,189,30
2020,Tlaxcala,Tlaxco,FC,Horizontal,2,034,29
2019,Morelos,Jiutepec,U2,Horizontal,8,011,17
2018,Guanajuato,Irapuato,U1,Vertical,26,017,11
2018,Michoacán de Ocampo,Tarímbaro,U3,Horizontal,163,088,16
2018,Sinaloa,El Fuerte,FC,Horizontal,15,010,25
2020,Guanajuato,San Felipe,FC,Horizontal,1,030,11
2020,Veracruz de Ignacio de la Llave,Medellín de Bravo,U2,Horizontal,234,105,30
2019,Aguascalientes,Aguascalientes,U1,Vertical,16,001,01
2019,Guanajuato,Irapuato,U2,Horizontal,50,017,11
2018,Coahuila de Zaragoza,Villa Unión,FC,Horizontal,2,037,05
2018,Morelos,Temixco,U2,Horizontal,66,018,17
2020,Guanajuato,León,U1,Vertical,33,020,11
2019,Coahuila de Zaragoza,Frontera,U2,Horizontal,4,010,05
2019,San Luis Potosí,San Luis Potosí,FC,Vertical,6,028,24
2019,Tlaxcala,Xaloztoc,U1,Vertical,20,039,29
2018,Hidalgo,Mineral de la Reforma,U3,Vertical,520,051,13
2019,Tabasco,Huimanguillo,U3,Horizontal,5,008,27
2019,Sonora,Caborca,U1,Horizontal,2,017,26
2020,Jalisco,Tuxpan,U3,Horizontal,16,108,14
2020,Puebla,Cuautlancingo,U3,Vertical,64,041,21
2019,Chiapas,Berriozábal,FC,Vertical,60,012,07
2020,Jalisco,Zapopan,U2,Horizontal,12,120,14
2019,Yucatán,Kanasín,FC,Horizontal,57,041,31
2020,Durango,Durango,FC,Horizontal,1,005,10
2019,Sonora,Empalme,U3,Horizontal,4,025,26
2020,México,Tonanitla,U3,Horizontal,13,125,15
2020,Michoacán de Ocampo,La Piedad,U2,Horizontal,11,069,16
2020,Puebla,Amozoc,U3,Horizontal,80,015,21
2019,Nuevo León,García,U3,Horizontal,4620,018,19
2018,Michoacán de Ocampo,Múgica,U2,Horizontal,1,055,16
2020,Tlaxcala,Yauhquemehcan,U1,Horizontal,1,043,29
2018,Puebla,Puebla,U2,Horizontal,151,114,21
2018,Guerrero,Chilpancingo de los Bravo,U1,Vertical,83,029,12
2019,Veracruz de Ignacio de la Llave,Emiliano Zapata,FC,Horizontal,2,065,30
2018,Chiapas,Tonalá,U2,Horizontal,41,097,07
2020,Tamaulipas,Matamoros,U3,Horizontal,1158,022,28
2018,San Luis Potosí,San Luis Potosí,FC,Horizontal,702,028,24
2018,Coahuila de Zaragoza,San Juan de Sabinas,U2,Horizontal,45,032,05
2018,Coahuila de Zaragoza,Matamoros,U3,Horizontal,395,017,05
2018,Jalisco,El Salto,U3,Vertical,1330,070,14
2020,México,Zinacantepec,U3,Vertical,96,118,15
2019,Michoacán de Ocampo,Lázaro Cárdenas,U3,Horizontal,5,052,16
2020,Jalisco,Zapotlanejo,U2,Horizontal,5,124,14
2018,Coahuila de Zaragoza,Saltillo,U2,Horizontal,947,030,05
2018,Puebla,San Andrés Cholula,U1,Vertical,1,119,21
2020,Guanajuato,San Miguel de Allende,U3,Horizontal,151,003,11
2020,México,Nextlalpan,U3,Horizontal,309,059,15
2018,Tlaxcala,Apizaco,U1,Horizontal,16,005,29
2020,Nuevo León,Salinas Victoria,U2,Horizontal,107,045,19
2018,Puebla,Coronango,U3,Horizontal,170,034,21
2019,Chihuahua,Aquiles Serdán,U3,Horizontal,105,004,08
2018,Hidalgo,Cuautepec de Hinojosa,U3,Horizontal,27,016,13
2019,Colima,Colima,U2,Vertical,6,002,06
2018,Campeche,Campeche,U2,Vertical,112,002,04
2019,Guanajuato,Celaya,U2,Horizontal,322,007,11
2020,Guanajuato,Moroleón,U2,Horizontal,9,021,11
2020,Nuevo León,Juárez,U3,Horizontal,5855,031,19
2018,Veracruz de Ignacio de la Llave,Naranjos Amatlán,U1,Horizontal,1,013,30
2020,Ciudad de México,Benito Juárez,U1,Horizontal,1,014,09
2020,Yucatán,Umán,U3,Vertical,4,101,31
2018,México,Coacalco de Berriozábal,U2,Horizontal,199,020,15
2020,Jalisco,Zapopan,U1,Horizontal,33,120,14
2020,Baja California Sur,La Paz,U1,Horizontal,10,003,03
2020,Tlaxcala,Ixtacuixtla de Mariano Matamoros,U2,Vertical,8,015,29
2019,Oaxaca,San Jacinto Amilpas,U2,Horizontal,4,157,20
2019,Puebla,Cuautlancingo,U3,Horizontal,326,041,21
2020,Baja California Sur,Mulegé,FC,Horizontal,15,002,03
2018,Jalisco,Sayula,U1,Horizontal,5,082,14
2020,Zacatecas,Río Grande,U2,Horizontal,8,039,32
2018,Jalisco,Atotonilco el Alto,U1,Horizontal,4,013,14
2020,Coahuila de Zaragoza,Acuña,U1,Horizontal,6,002,05
2020,Tamaulipas,Victoria,U3,Horizontal,413,041,28
2020,Tlaxcala,Huamantla,U2,Horizontal,8,013,29
2019,Veracruz de Ignacio de la Llave,Córdoba,U2,Horizontal,17,044,30
2019,Tabasco,Jalpa de Méndez,U1,Horizontal,2,010,27
2019,Veracruz de Ignacio de la Llave,Xalapa,FC,Vertical,50,087,30
2019,Jalisco,Tala,FC,Vertical,72,083,14
2018,Coahuila de Zaragoza,Torreón,U3,Horizontal,960,035,05
2019,Guerrero,Chilpancingo de los Bravo,U3,Vertical,93,029,12
2018,Coahuila de Zaragoza,Nava,U3,Horizontal,48,022,05
2018,Zacatecas,Zacatecas,U2,Horizontal,40,056,32
2020,Jalisco,Tlajomulco de Zúñiga,U3,Horizontal,656,097,14
2020,Puebla,Teziutlán,U1,Vertical,51,174,21
2019,México,Almoloya de Juárez,U3,Horizontal,197,005,15
2018,Veracruz de Ignacio de la Llave,Poza Rica de Hidalgo,U2,Horizontal,77,131,30
2020,Michoacán de Ocampo,Morelia,U2,Vertical,27,053,16
2020,Jalisco,Encarnación de Díaz,U3,Horizontal,14,035,14
2019,Hidalgo,Tulancingo de Bravo,U2,Horizontal,7,077,13
2020,Coahuila de Zaragoza,Piedras Negras,U3,Horizontal,648,025,05
2020,Hidalgo,Tulancingo de Bravo,FC,Horizontal,1,077,13
2020,Sinaloa,Mazatlán,U2,Horizontal,72,012,25
2019,Morelos,Tlayacapan,U1,Horizontal,68,026,17
2018,Sinaloa,Navolato,FC,Vertical,3,018,25
2020,Sinaloa,El Fuerte,FC,Horizontal,5,010,25
2020,Ciudad de México,Azcapotzalco,U1,Horizontal,1,002,09
2020,Oaxaca,Santa María Atzompa,U3,Horizontal,25,399,20
2019,Nayarit,Xalisco,U2,Horizontal,46,008,18
2020,Puebla,Chignahuapan,U3,Horizontal,2,053,21
2020,Jalisco,San Juan de los Lagos,U3,Horizontal,8,073,14
2020,Puebla,Izúcar de Matamoros,U1,Horizontal,6,085,21
2019,Jalisco,Tonalá,U1,Vertical,20,101,14
2020,Baja California Sur,Los Cabos,U1,Horizontal,1,008,03
2019,Veracruz de Ignacio de la Llave,San Andrés Tuxtla,U3,Horizontal,79,141,30
2019,Querétaro,San Juan del Río,FC,Horizontal,116,016,22
2018,Ciudad de México,Álvaro Obregón,U1,Vertical,3,010,09
2020,Chihuahua,Chihuahua,FC,Horizontal,2,019,08
2018,Nuevo León,General Zuazua,U3,Horizontal,5,025,19
2019,Tabasco,Centro,FC,Horizontal,55,004,27
2020,Coahuila de Zaragoza,Sabinas,U2,Horizontal,137,028,05
2019,Michoacán de Ocampo,Hidalgo,U2,Horizontal,16,034,16
2020,Hidalgo,Atotonilco de Tula,FC,Horizontal,212,013,13
2020,Morelos,Jiutepec,U2,Horizontal,9,011,17
2019,Veracruz de Ignacio de la Llave,Chinampa de Gorostiza,FC,Horizontal,2,060,30
2020,México,Ixtapaluca,U2,Vertical,87,039,15
2020,Tamaulipas,Reynosa,U2,Horizontal,524,032,28
2018,Tlaxcala,Contla de Juan Cuamatzi,U1,Horizontal,3,018,29
2019,Jalisco,Ixtlahuacán de los Membrillos,U3,Vertical,12,044,14
2019,Puebla,Puebla,U2,Horizontal,92,114,21
2018,Yucatán,Telchac Puerto,FC,Horizontal,1,083,31
2019,Guanajuato,San Felipe,U2,Horizontal,76,030,11
2020,Chiapas,Escuintla,FC,Horizontal,2,032,07
2018,Tlaxcala,Tzompantepec,U2,Horizontal,2,038,29
2018,Nuevo León,Guadalupe,U1,Horizontal,245,026,19
2018,Tabasco,Centro,FC,Horizontal,2,004,27
2018,Durango,Gómez Palacio,U1,Horizontal,62,007,10
2020,Baja California,Playas de Rosarito,FC,Vertical,100,005,02
2020,Sinaloa,Mazatlán,U2,Vertical,77,012,25
2019,Guerrero,Chilpancingo de los Bravo,U3,Horizontal,94,029,12
2019,Chihuahua,Jiménez,U1,Horizontal,11,036,08
2020,Baja California Sur,La Paz,FC,Horizontal,25,003,03
2018,Guanajuato,León,U3,Vertical,216,020,11
2020,San Luis Potosí,San Luis Potosí,U3,Vertical,7,028,24
2020,Quintana Roo,Benito Juárez,U3,Vertical,2157,005,23
2020,Coahuila de Zaragoza,Torreón,U2,Vertical,16,035,05
2020,Baja California Sur,Comondú,U2,Horizontal,14,001,03
2019,Oaxaca,Santa Cruz Xoxocotlán,U3,Vertical,130,385,20
2019,Sonora,Nogales,U3,Horizontal,559,043,26
2020,Tlaxcala,Ixtacuixtla de Mariano Matamoros,U2,Horizontal,3,015,29
2018,Hidalgo,Pachuca de Soto,U1,Horizontal,16,048,13
2019,Yucatán,Mérida,U1,Horizontal,485,050,31
2018,Michoacán de Ocampo,Maravatío,U3,Horizontal,1,050,16
2020,Chihuahua,Chihuahua,U1,Vertical,8,019,08
2019,Tlaxcala,Tepetitla de Lardizábal,U2,Horizontal,12,019,29
2018,México,Tultepec,U2,Horizontal,148,108,15
2018,San Luis Potosí,Soledad de Graciano Sánchez,U1,Horizontal,49,035,24
2018,Oaxaca,Guadalupe Etla,FC,Horizontal,1,033,20
2020,Oaxaca,Santa Cruz Xoxocotlán,U3,Vertical,64,385,20
2018,Jalisco,Lagos de Moreno,U3,Horizontal,523,053,14
2018,Coahuila de Zaragoza,Frontera,U2,Horizontal,8,010,05
2018,Nuevo León,Apodaca,U1,Horizontal,782,006,19
2018,Puebla,Atlixco,U1,Horizontal,6,019,21
2020,Coahuila de Zaragoza,Francisco I. Madero,U1,Horizontal,123,009,05
2018,Jalisco,Encarnación de Díaz,U2,Horizontal,103,035,14
2020,Sinaloa,Ahome,U2,Horizontal,264,001,25
2018,Veracruz de Ignacio de la Llave,Tuxpan,U2,Horizontal,35,189,30
2018,Sonora,Navojoa,U3,Horizontal,162,042,26
2020,Coahuila de Zaragoza,San Juan de Sabinas,U3,Horizontal,18,032,05
2019,Nayarit,Xalisco,U1,Vertical,3,008,18
2019,Baja California Sur,Los Cabos,U2,Horizontal,86,008,03
2020,Tlaxcala,Tlaxcala,U1,Horizontal,2,033,29
2018,San Luis Potosí,San Luis Potosí,U3,Horizontal,354,028,24
2018,Coahuila de Zaragoza,Sabinas,FC,Horizontal,53,028,05
2019,Yucatán,Umán,U2,Horizontal,102,101,31
2019,Puebla,San Andrés Cholula,U2,Vertical,20,119,21
2019,Zacatecas,Calera,U2,Horizontal,16,005,32
2020,México,Zumpango,FC,Vertical,111,120,15
2018,Jalisco,Puerto Vallarta,U2,Horizontal,70,067,14
2018,Coahuila de Zaragoza,Acuña,U1,Horizontal,90,002,05
2018,San Luis Potosí,Soledad de Graciano Sánchez,U2,Vertical,12,035,24
2018,Morelos,Cuernavaca,U2,Vertical,31,007,17
2019,Oaxaca,Heroica Ciudad de Huajuapan de León,FC,Horizontal,1,039,20
2019,Jalisco,Tonalá,U2,Vertical,131,101,14
2018,Yucatán,Kanasín,U2,Vertical,428,041,31
2019,Durango,Durango,U2,Horizontal,103,005,10
2018,Hidalgo,Tepeji del Río de Ocampo,U3,Vertical,480,063,13
2019,Hidalgo,Tepeji del Río de Ocampo,U3,Horizontal,8,063,13
2020,Jalisco,Ameca,U2,Horizontal,5,006,14
2020,Coahuila de Zaragoza,General Cepeda,FC,Horizontal,9,011,05
2018,Sonora,Guaymas,U3,Horizontal,123,029,26
2019,Michoacán de Ocampo,Jiquilpan,U1,Horizontal,1,045,16
2020,Tamaulipas,Matamoros,U2,Vertical,96,022,28
2018,Coahuila de Zaragoza,Frontera,U1,Horizontal,158,010,05
2020,Puebla,Huauchinango,U2,Vertical,2,071,21
2018,Nuevo León,El Carmen,U3,Horizontal,1534,010,19
2019,Quintana Roo,Solidaridad,U3,Horizontal,3639,008,23
2019,Veracruz de Ignacio de la Llave,Medellín de Bravo,FC,Vertical,39,105,30
2019,Querétaro,Corregidora,U3,Horizontal,101,006,22
2020,Nayarit,Xalisco,U2,Vertical,30,008,18
2018,Jalisco,La Barca,U2,Horizontal,3,018,14
2019,Tlaxcala,Santa Cruz Tlaxcala,U2,Vertical,60,026,29
2020,Nuevo León,Apodaca,FC,Horizontal,283,006,19
2018,Jalisco,Ameca,U1,Horizontal,3,006,14
2018,Nuevo León,Guadalupe,U2,Horizontal,53,026,19
2018,Veracruz de Ignacio de la Llave,Medellín de Bravo,FC,Vertical,60,105,30
2018,Nuevo León,García,FC,Horizontal,26,018,19
2020,Yucatán,Kanasín,U2,Vertical,76,041,31
2018,Guanajuato,Moroleón,U1,Horizontal,1,021,11
2018,Jalisco,San Diego de Alejandría,FC,Horizontal,1,072,14
2019,Puebla,Puebla,U3,Horizontal,167,114,21
2020,Puebla,Teziutlán,U2,Horizontal,71,174,21
2019,Michoacán de Ocampo,Zamora,U3,Horizontal,240,108,16
2018,Hidalgo,Atotonilco de Tula,FC,Horizontal,205,013,13
2019,Puebla,Amozoc,U3,Horizontal,218,015,21
2019,Morelos,Cuernavaca,U1,Horizontal,28,007,17
2018,Baja California,Tijuana,U3,Horizontal,981,004,02
2020,Michoacán de Ocampo,Lázaro Cárdenas,U2,Horizontal,15,052,16
2020,Veracruz de Ignacio de la Llave,Boca del Río,U1,Horizontal,1,028,30
2019,Baja California Sur,Loreto,U3,Horizontal,2,009,03
2018,Veracruz de Ignacio de la Llave,Córdoba,U3,Horizontal,46,044,30
2019,Chihuahua,Camargo,U2,Horizontal,1,011,08
2020,Chiapas,Berriozábal,U2,Horizontal,7,012,07
2019,Hidalgo,Atotonilco de Tula,FC,Horizontal,254,013,13
2020,Jalisco,Tala,U3,Horizontal,100,083,14
2019,Coahuila de Zaragoza,Múzquiz,U3,Horizontal,33,020,05
2020,Veracruz de Ignacio de la Llave,Ixtaczoquitlán,U3,Vertical,78,085,30
2019,Querétaro,Querétaro,FC,Horizontal,243,014,22
2018,Tabasco,Nacajuca,U1,Vertical,184,013,27
2018,Chiapas,Tapachula,U3,Vertical,12,089,07
2020,Puebla,Izúcar de Matamoros,U2,Horizontal,6,085,21
2020,Oaxaca,Salina Cruz,U3,Horizontal,13,079,20
2019,Quintana Roo,Cozumel,U3,Horizontal,124,001,23
2018,Nuevo León,Ciénega de Flores,FC,Horizontal,280,012,19
2020,Tlaxcala,Santa Cruz Tlaxcala,U2,Horizontal,61,026,29
2019,Jalisco,San Pedro Tlaquepaque,U2,Horizontal,200,098,14
2018,Tabasco,Huimanguillo,U2,Vertical,63,008,27
2019,Michoacán de Ocampo,Lázaro Cárdenas,U1,Vertical,48,052,16
2018,Nuevo León,Juárez,U1,Horizontal,218,031,19
2020,Nuevo León,Pesquería,U2,Horizontal,263,041,19
2020,Puebla,Teziutlán,U1,Horizontal,75,174,21
2019,Durango,Durango,FC,Horizontal,14,005,10
2019,Tlaxcala,Xaloztoc,U1,Horizontal,4,039,29
2019,Colima,Coquimatlán,U3,Horizontal,14,004,06
2018,Jalisco,Tonalá,U2,Horizontal,207,101,14
2018,Yucatán,Mérida,U1,Horizontal,522,050,31
2018,Chihuahua,Aquiles Serdán,U3,Horizontal,191,004,08
2019,México,Nextlalpan,U3,Horizontal,205,059,15
2018,Tamaulipas,Reynosa,U1,Horizontal,9,032,28
2018,Jalisco,Tonalá,FC,Horizontal,406,101,14
2018,Ciudad de México,Gustavo A. Madero,U1,Vertical,253,005,09
2020,Michoacán de Ocampo,Zacapu,U2,Horizontal,1,107,16
2020,Oaxaca,Oaxaca de Juárez,U2,Vertical,9,067,20
2020,Coahuila de Zaragoza,Monclova,U3,Horizontal,8,018,05
2018,México,Melchor Ocampo,U3,Vertical,71,053,15
2019,Jalisco,Tonalá,U3,Horizontal,9,101,14
2020,Nayarit,Bahía de Banderas,U1,Vertical,158,020,18
2020,Chiapas,Comitán de Domínguez,U2,Horizontal,4,019,07
2018,Coahuila de Zaragoza,Arteaga,U2,Horizontal,15,004,05
2019,Puebla,Huejotzingo,U2,Horizontal,45,074,21
2020,Veracruz de Ignacio de la Llave,Papantla,U1,Horizontal,2,124,30
2020,Durango,Durango,U1,Vertical,40,005,10
2019,Nuevo León,Sabinas Hidalgo,U1,Horizontal,3,044,19
2019,Tamaulipas,Victoria,U2,Vertical,3,041,28
2019,Durango,Gómez Palacio,U1,Horizontal,265,007,10
2020,San Luis Potosí,Tamazunchale,U3,Horizontal,6,037,24
2020,Guanajuato,San José Iturbide,FC,Horizontal,121,032,11
2020,Chihuahua,Chihuahua,U1,Horizontal,34,019,08
2019,Jalisco,Poncitlán,U2,Horizontal,125,066,14
2020,Hidalgo,Tizayuca,U3,Horizontal,1642,069,13
2019,Veracruz de Ignacio de la Llave,Xalapa,U3,Horizontal,2,087,30
2018,Michoacán de Ocampo,Jiquilpan,U1,Horizontal,2,045,16
2018,Tamaulipas,Tampico,U2,Vertical,38,038,28
2018,Jalisco,Tlajomulco de Zúñiga,U2,Horizontal,307,097,14
2020,Coahuila de Zaragoza,Frontera,U1,Horizontal,30,010,05
2020,Jalisco,Zapopan,U3,Horizontal,382,120,14
2018,Guanajuato,Irapuato,FC,Horizontal,193,017,11
2019,Veracruz de Ignacio de la Llave,Xalapa,U1,Horizontal,1,087,30
2018,Hidalgo,Zempoala,FC,Horizontal,457,083,13
2018,Tlaxcala,Santa Cruz Tlaxcala,U2,Vertical,212,026,29
2018,Coahuila de Zaragoza,Piedras Negras,U3,Horizontal,702,025,05
2019,Durango,Vicente Guerrero,U2,Horizontal,3,038,10
2020,Guerrero,Ometepec,FC,Horizontal,36,046,12
2018,Veracruz de Ignacio de la Llave,Medellín de Bravo,U2,Vertical,54,105,30
2019,Tamaulipas,Matamoros,U3,Horizontal,1248,022,28
2020,Chihuahua,Guachochi,U3,Horizontal,67,027,08
2019,Coahuila de Zaragoza,Sacramento,FC,Horizontal,12,029,05
2019,Veracruz de Ignacio de la Llave,Mariano Escobedo,U3,Horizontal,40,101,30
2019,Nayarit,Tepic,U3,Vertical,6,017,18
2018,Colima,Cuauhtémoc,FC,Horizontal,6,005,06
2020,Quintana Roo,Solidaridad,FC,Vertical,56,008,23
2018,Jalisco,Lagos de Moreno,U3,Vertical,30,053,14
2020,Jalisco,Zapotlanejo,U3,Horizontal,80,124,14
2018,Baja California,Playas de Rosarito,FC,Horizontal,109,005,02
2018,Aguascalientes,Jesús María,U1,Horizontal,107,005,01
2018,Michoacán de Ocampo,Zacapu,U1,Horizontal,1,107,16
2018,Michoacán de Ocampo,Apatzingán,U3,Horizontal,71,006,16
2018,Puebla,Tianguismanalco,FC,Vertical,48,175,21
2018,México,Chicoloapan,U2,Horizontal,50,029,15
2020,Michoacán de Ocampo,Zitácuaro,U2,Horizontal,5,112,16
2020,Colima,Comala,U2,Horizontal,1,003,06
2020,Baja California,Mexicali,U1,Vertical,24,002,02
2020,Chihuahua,Nuevo Casas Grandes,U3,Horizontal,91,050,08
2019,Oaxaca,Salina Cruz,U3,Horizontal,20,079,20
2019,Nuevo León,Cadereyta Jiménez,U3,Horizontal,777,009,19
2018,Puebla,Cuautlancingo,U1,Horizontal,110,041,21
2019,Durango,Gómez Palacio,U2,Horizontal,126,007,10
2020,México,Tlalnepantla de Baz,U1,Vertical,2,104,15
2020,Nuevo León,Cadereyta Jiménez,U1,Horizontal,1,009,19
2018,San Luis Potosí,San Luis Potosí,U2,Horizontal,417,028,24
2018,México,Acolman,U3,Vertical,120,002,15
2020,Coahuila de Zaragoza,Saltillo,U1,Horizontal,568,030,05
2019,Hidalgo,Apan,U2,Horizontal,2,008,13
2018,Aguascalientes,Pabellón de Arteaga,U3,Horizontal,39,006,01
2018,Sinaloa,Navolato,FC,Horizontal,25,018,25
2020,Veracruz de Ignacio de la Llave,Córdoba,U3,Horizontal,24,044,30
2020,Colima,Colima,FC,Horizontal,7,002,06
2019,Zacatecas,Guadalupe,FC,Horizontal,441,017,32
2020,Michoacán de Ocampo,Tarímbaro,U3,Vertical,212,088,16
2020,Aguascalientes,San Francisco de los Romo,U2,Horizontal,98,011,01
2019,Quintana Roo,Benito Juárez,U3,Vertical,2624,005,23
2019,Veracruz de Ignacio de la Llave,Fortín,U1,Horizontal,18,068,30
2018,Chihuahua,Cuauhtémoc,U3,Horizontal,347,017,08
2020,Tabasco,Nacajuca,U3,Horizontal,20,013,27
2020,Jalisco,Teocaltiche,U1,Horizontal,1,091,14
2018,Quintana Roo,Cozumel,U3,Horizontal,81,001,23
2018,Zacatecas,Guadalupe,FC,Horizontal,243,017,32
2020,Jalisco,Ojuelos de Jalisco,FC,Horizontal,5,064,14
2020,Chihuahua,Camargo,U1,Horizontal,16,011,08
2020,Tamaulipas,Nuevo Laredo,FC,Horizontal,87,027,28
2018,Veracruz de Ignacio de la Llave,San Andrés Tuxtla,U2,Horizontal,21,141,30
2018,Tlaxcala,Cuapiaxtla,FC,Horizontal,1,008,29
2019,Baja California,Ensenada,U2,Horizontal,3,001,02
2018,Sonora,General Plutarco Elías Calles,U3,Horizontal,6,070,26
2018,Sonora,Cajeme,U2,Horizontal,307,018,26
2019,Puebla,Huauchinango,U2,Horizontal,3,071,21
2018,México,Cuautitlán,U3,Horizontal,586,024,15
2019,México,Valle de Chalco Solidaridad,U2,Horizontal,6,122,15
2020,Chiapas,Palenque,U1,Horizontal,3,065,07
2020,Zacatecas,Calera,U3,Horizontal,26,005,32
2020,Jalisco,Tlajomulco de Zúñiga,U3,Vertical,946,097,14
2019,México,Cuautitlán Izcalli,U2,Vertical,2,121,15
2018,Chiapas,Tuxtla Gutiérrez,U2,Horizontal,47,101,07
2019,San Luis Potosí,Rioverde,U1,Horizontal,9,024,24
2019,Tamaulipas,Reynosa,U3,Vertical,6,032,28
2018,México,Otzolotepec,FC,Vertical,588,067,15
2019,Jalisco,Tepatitlán de Morelos,U3,Horizontal,16,093,14
2020,Morelos,Cuautla,U1,Vertical,1,006,17
2019,Tamaulipas,Victoria,U3,Horizontal,376,041,28
2018,Puebla,Cuautlancingo,U2,Vertical,24,041,21
2019,Hidalgo,Pachuca de Soto,U1,Horizontal,1,048,13
2018,Coahuila de Zaragoza,Matamoros,U3,Vertical,90,017,05
2020,Jalisco,Ocotlán,U2,Horizontal,5,063,14
2019,Guanajuato,Salamanca,U3,Vertical,54,027,11
2018,Chihuahua,Cuauhtémoc,U2,Horizontal,110,017,08
2020,Michoacán de Ocampo,Pátzcuaro,U1,Vertical,16,066,16
2020,Puebla,Amozoc,U2,Horizontal,8,015,21
2018,Coahuila de Zaragoza,Monclova,U1,Horizontal,262,018,05
2019,Colima,Manzanillo,U2,Horizontal,117,007,06
2019,Chihuahua,Nuevo Casas Grandes,U1,Horizontal,20,050,08
2020,Aguascalientes,Aguascalientes,U3,Vertical,56,001,01
2020,Tamaulipas,Reynosa,U1,Horizontal,19,032,28
2020,Chiapas,Tapachula,FC,Horizontal,8,089,07
2019,Jalisco,Puerto Vallarta,FC,Vertical,420,067,14
2018,Yucatán,Umán,U1,Horizontal,454,101,31
2020,Chihuahua,Juárez,U3,Horizontal,154,037,08
2020,Baja California,Ensenada,U2,Horizontal,7,001,02
2020,Puebla,Atlixco,U2,Horizontal,7,019,21
2020,Guerrero,Iguala de la Independencia,U2,Vertical,24,035,12
2018,México,Tlalnepantla de Baz,U1,Vertical,1,104,15
2019,Chiapas,Villaflores,U3,Horizontal,3,108,07
2019,Guanajuato,San Luis de la Paz,U3,Vertical,30,033,11
2019,Sinaloa,Guasave,U1,Horizontal,61,011,25
2019,Querétaro,El Marqués,U3,Vertical,239,011,22
2018,Querétaro,Querétaro,U2,Horizontal,654,014,22
2018,Tlaxcala,Amaxac de Guerrero,U2,Horizontal,1,001,29
2019,Hidalgo,Atotonilco de Tula,FC,Vertical,420,013,13
2020,Veracruz de Ignacio de la Llave,Perote,U3,Horizontal,60,128,30
2019,Puebla,Tehuacán,U3,Horizontal,91,156,21
2018,Guanajuato,Guanajuato,U3,Horizontal,281,015,11
2020,Guerrero,Acapulco de Juárez,U2,Horizontal,15,001,12
2020,Querétaro,Tequisquiapan,FC,Horizontal,1,017,22
2018,Guerrero,Acapulco de Juárez,U2,Vertical,81,001,12
2019,Hidalgo,Pachuca de Soto,U2,Horizontal,44,048,13
2018,Tlaxcala,Contla de Juan Cuamatzi,U2,Horizontal,4,018,29
2019,Chiapas,Tonalá,U2,Horizontal,1,097,07
2018,México,Tecámac,U3,Horizontal,555,081,15
2018,Veracruz de Ignacio de la Llave,Coatzacoalcos,U1,Vertical,1,039,30
2020,Coahuila de Zaragoza,Saltillo,U2,Horizontal,533,030,05
2019,Colima,Colima,FC,Horizontal,5,002,06
2018,Michoacán de Ocampo,Uruapan,U1,Horizontal,4,102,16
2019,Querétaro,Corregidora,U3,Vertical,128,006,22
2019,Puebla,Teziutlán,U2,Vertical,48,174,21
2020,Nuevo León,Apodaca,U1,Horizontal,275,006,19
2020,Tlaxcala,Tetla de la Solidaridad,U2,Vertical,3,031,29
2019,Jalisco,San Pedro Tlaquepaque,U3,Vertical,208,098,14
2020,Guerrero,Chilpancingo de los Bravo,U3,Horizontal,137,029,12
2019,San Luis Potosí,Tamuín,U2,Horizontal,6,040,24
2019,Hidalgo,Zempoala,FC,Horizontal,727,083,13
2019,San Luis Potosí,Cárdenas,U3,Horizontal,2,005,24
2019,Veracruz de Ignacio de la Llave,Veracruz,U2,Vertical,292,193,30
2018,Aguascalientes,Jesús María,U2,Horizontal,228,005,01
2020,Chihuahua,Ascensión,U1,Horizontal,7,005,08
2020,Chihuahua,Delicias,U3,Horizontal,20,021,08
2018,México,Tecámac,U3,Vertical,338,081,15
2019,Tlaxcala,Contla de Juan Cuamatzi,U2,Horizontal,2,018,29
2018,Colima,Villa de Álvarez,U3,Horizontal,269,010,06
2018,Guerrero,Acapulco de Juárez,U2,Horizontal,250,001,12
2019,México,Jilotepec,FC,Horizontal,20,045,15
2020,Guanajuato,Apaseo el Grande,FC,Horizontal,342,005,11
2020,Guanajuato,San José Iturbide,U3,Horizontal,10,032,11
2019,Michoacán de Ocampo,Zitácuaro,FC,Horizontal,1,112,16
2019,Michoacán de Ocampo,Morelia,U3,Horizontal,647,053,16
2020,Veracruz de Ignacio de la Llave,Veracruz,FC,Horizontal,1,193,30
2018,Tamaulipas,Reynosa,FC,Horizontal,51,032,28
2018,Baja California,Tecate,U1,Horizontal,6,003,02
2019,Jalisco,Zapotlanejo,U2,Horizontal,12,124,14
2019,Veracruz de Ignacio de la Llave,Medellín de Bravo,U2,Horizontal,188,105,30
2020,Campeche,Carmen,FC,Horizontal,10,003,04
2019,Colima,Villa de Álvarez,U3,Horizontal,280,010,06
2018,Michoacán de Ocampo,Morelia,U3,Horizontal,810,053,16
2020,Aguascalientes,Pabellón de Arteaga,U3,Horizontal,75,006,01
2018,Sonora,Guaymas,U2,Horizontal,242,029,26
2020,Nuevo León,Monterrey,U2,Horizontal,88,039,19
2020,Oaxaca,Heroica Ciudad de Huajuapan de León,U3,Horizontal,1,039,20
2020,Yucatán,Ticul,FC,Horizontal,65,089,31
2020,Guanajuato,Celaya,U2,Horizontal,209,007,11
2019,Michoacán de Ocampo,Hidalgo,U3,Horizontal,235,034,16
2019,San Luis Potosí,Ciudad Valles,U2,Horizontal,27,013,24
2019,Ciudad de México,Tlalpan,U2,Vertical,7,012,09
2019,México,Otzolotepec,FC,Horizontal,102,067,15
2019,Veracruz de Ignacio de la Llave,Medellín de Bravo,U3,Vertical,319,105,30
2019,Baja California,Tecate,U3,Horizontal,4,003,02
2018,Coahuila de Zaragoza,Saltillo,U3,Horizontal,553,030,05
2020,Sonora,Cajeme,U3,Horizontal,333,018,26
2018,Tabasco,Cárdenas,U3,Horizontal,1,002,27
2019,Zacatecas,Guadalupe,U2,Horizontal,79,017,32
2019,Veracruz de Ignacio de la Llave,Córdoba,U1,Horizontal,2,044,30
2019,Querétaro,San Juan del Río,U2,Horizontal,261,016,22
2020,Nuevo León,Linares,U2,Horizontal,50,033,19
2020,Tlaxcala,Xaloztoc,U2,Horizontal,1,039,29
2019,Chihuahua,Hidalgo del Parral,U3,Horizontal,4,032,08
2019,Chihuahua,Guachochi,U3,Horizontal,16,027,08
2020,Guanajuato,León,FC,Vertical,1,020,11
2020,México,Coacalco de Berriozábal,U2,Horizontal,11,020,15
2019,Michoacán de Ocampo,Uruapan,U2,Vertical,6,102,16
2020,Baja California,Tecate,U3,Horizontal,5,003,02
2019,Jalisco,Tepatitlán de Morelos,U1,Horizontal,18,093,14
2019,Baja California Sur,Los Cabos,U1,Vertical,42,008,03
2019,Tabasco,Emiliano Zapata,U2,Horizontal,6,007,27
2018,Baja California Sur,Los Cabos,U2,Horizontal,124,008,03
2019,Tlaxcala,Zacatelco,U1,Vertical,30,044,29
2018,Guanajuato,Guanajuato,U3,Vertical,276,015,11
2019,Zacatecas,Sombrerete,U2,Horizontal,3,042,32
2019,Nuevo León,Juárez,U3,Horizontal,7276,031,19
2018,México,Almoloya de Juárez,U3,Horizontal,154,005,15
2020,Nayarit,Bahía de Banderas,FC,Horizontal,40,020,18
2018,Baja California Sur,La Paz,U2,Horizontal,170,003,03
2019,Coahuila de Zaragoza,Ramos Arizpe,U2,Horizontal,510,027,05
2020,Michoacán de Ocampo,Morelia,FC,Vertical,101,053,16
2019,Hidalgo,Cuautepec de Hinojosa,U3,Horizontal,9,016,13
2020,Michoacán de Ocampo,Sahuayo,FC,Horizontal,20,076,16
2018,Hidalgo,Huichapan,FC,Horizontal,7,029,13
2020,Colima,Cuauhtémoc,FC,Horizontal,4,005,06
2019,Jalisco,Zapotlanejo,FC,Horizontal,5,124,14
2019,Chiapas,Tapachula,U1,Horizontal,10,089,07
2019,Colima,Manzanillo,U1,Horizontal,1,007,06
2019,Coahuila de Zaragoza,Castaños,U2,Horizontal,4,006,05
2020,Coahuila de Zaragoza,Torreón,U1,Horizontal,79,035,05
2020,Michoacán de Ocampo,Morelia,U3,Horizontal,402,053,16
2018,Tlaxcala,Tepetitla de Lardizábal,U2,Horizontal,30,019,29
2018,Oaxaca,San Jacinto Amilpas,U1,Horizontal,24,157,20
2020,Jalisco,Tonalá,U3,Horizontal,2,101,14
2020,Durango,Durango,FC,Vertical,385,005,10
2019,Coahuila de Zaragoza,Saltillo,U3,Horizontal,942,030,05
2018,Guanajuato,Irapuato,U3,Horizontal,424,017,11
2020,Hidalgo,Zempoala,U3,Horizontal,319,083,13
2019,Tabasco,Emiliano Zapata,U1,Horizontal,1,007,27
2019,San Luis Potosí,Matehuala,U3,Horizontal,25,020,24
2018,Puebla,Coronango,U2,Horizontal,94,034,21
2018,Guanajuato,Silao de la Victoria,U3,Horizontal,19,037,11
2020,Tamaulipas,Reynosa,U3,Horizontal,3357,032,28
2019,Veracruz de Ignacio de la Llave,Medellín de Bravo,U3,Horizontal,43,105,30
2018,Quintana Roo,Solidaridad,U3,Horizontal,4100,008,23
2019,Nayarit,Bahía de Banderas,U2,Horizontal,51,020,18
2019,Tlaxcala,Xaloztoc,U2,Horizontal,1,039,29
2020,Ciudad de México,Cuauhtémoc,U1,Vertical,236,015,09
2018,Michoacán de Ocampo,Maravatío,U1,Horizontal,1,050,16
2018,Hidalgo,Tepeapulco,U2,Horizontal,6,061,13
2020,Sonora,Navojoa,U1,Horizontal,35,042,26
2018,Oaxaca,San Raymundo Jalpan,U3,Horizontal,4,342,20
2018,Nuevo León,García,U1,Horizontal,140,018,19
2019,Nuevo León,García,FC,Horizontal,97,018,19
2018,Michoacán de Ocampo,Zinapécuaro,U3,Horizontal,11,110,16
2018,Yucatán,Tizimín,U1,Horizontal,1,096,31
2020,Ciudad de México,Gustavo A. Madero,U2,Vertical,119,005,09
2020,Yucatán,Valladolid,U2,Horizontal,8,102,31
2019,Nayarit,Compostela,U2,Horizontal,8,004,18
2018,Guanajuato,Apaseo el Grande,U1,Horizontal,7,005,11
2019,Coahuila de Zaragoza,San Juan de Sabinas,U3,Horizontal,66,032,05
2019,Coahuila de Zaragoza,Francisco I. Madero,U1,Horizontal,253,009,05
2019,Sinaloa,Navolato,FC,Horizontal,3,018,25
2019,San Luis Potosí,Soledad de Graciano Sánchez,U1,Horizontal,11,035,24
2019,Tlaxcala,Tepeyanco,U3,Horizontal,1,029,29
2018,Tlaxcala,Apizaco,U2,Horizontal,12,005,29
2020,Michoacán de Ocampo,Morelia,FC,Horizontal,49,053,16
2018,Jalisco,Tonalá,U3,Horizontal,503,101,14
2020,Aguascalientes,Aguascalientes,U2,Horizontal,727,001,01
2018,Jalisco,San Pedro Tlaquepaque,U2,Horizontal,186,098,14
2018,Ciudad de México,Iztapalapa,U1,Vertical,185,007,09
2020,Veracruz de Ignacio de la Llave,Mariano Escobedo,U3,Horizontal,12,101,30
2020,Colima,Coquimatlán,U3,Horizontal,35,004,06
2020,Nayarit,Ixtlán del Río,U2,Horizontal,1,006,18
2018,Chihuahua,Nuevo Casas Grandes,U1,Horizontal,14,050,08
2018,Michoacán de Ocampo,Pátzcuaro,U3,Horizontal,1,066,16
2020,Quintana Roo,Cozumel,U2,Horizontal,50,001,23
2019,Durango,Gómez Palacio,U3,Horizontal,42,007,10
2020,Puebla,Coronango,U1,Vertical,107,034,21
2020,Nayarit,Tepic,U3,Vertical,7,017,18
2020,Guanajuato,Irapuato,U3,Vertical,156,017,11
2020,Veracruz de Ignacio de la Llave,San Andrés Tuxtla,U3,Horizontal,66,141,30
2018,Coahuila de Zaragoza,San Juan de Sabinas,FC,Horizontal,14,032,05
2019,Ciudad de México,Coyoacán,U1,Vertical,11,003,09
2018,Quintana Roo,Solidaridad,U2,Horizontal,759,008,23
2018,Coahuila de Zaragoza,Parras,U2,Horizontal,39,024,05
2018,Sonora,Agua Prieta,U3,Horizontal,314,002,26
2020,Quintana Roo,Tulum,FC,Vertical,948,009,23
2019,Jalisco,Tlajomulco de Zúñiga,U2,Vertical,462,097,14
2019,Chiapas,Comitán de Domínguez,U3,Horizontal,33,019,07
2018,Zacatecas,Ojocaliente,FC,Horizontal,1,036,32
2020,Querétaro,Corregidora,FC,Horizontal,125,006,22
2020,Colima,Tecomán,U2,Horizontal,194,009,06
2018,Morelos,Jiutepec,U2,Horizontal,1,011,17
2018,Jalisco,Tecolotlán,FC,Horizontal,1,088,14
2019,Nuevo León,Pesquería,U2,Horizontal,268,041,19
2019,Chiapas,Tapachula,U2,Horizontal,124,089,07
2020,Sinaloa,Culiacán,U1,Horizontal,437,006,25
2020,Guanajuato,Acámbaro,FC,Horizontal,2,002,11
2020,Querétaro,San Juan del Río,U2,Horizontal,23,016,22
2020,Quintana Roo,Benito Juárez,FC,Vertical,1,005,23
2019,Oaxaca,Heroica Ciudad de Huajuapan de León,U1,Horizontal,13,039,20
2018,Zacatecas,Pinos,FC,Horizontal,6,038,32
2020,Sinaloa,Culiacán,U3,Vertical,833,006,25
2019,Michoacán de Ocampo,Zacapu,U2,Horizontal,1,107,16
2019,Chihuahua,Chihuahua,U2,Horizontal,825,019,08
2018,Chihuahua,Hidalgo del Parral,U3,Horizontal,1,032,08
2018,Tlaxcala,Tlaxcala,U1,Vertical,16,033,29
2020,Aguascalientes,Aguascalientes,U1,Vertical,34,001,01
2020,Jalisco,San Miguel el Alto,U3,Horizontal,1,078,14
2019,Zacatecas,Guadalupe,U3,Horizontal,852,017,32
2020,Michoacán de Ocampo,Hidalgo,U3,Horizontal,2,034,16
2018,Nayarit,Tepic,FC,Horizontal,1,017,18
2018,Puebla,Tlatlauquitepec,FC,Horizontal,1,186,21
2019,Tlaxcala,Huamantla,U2,Vertical,102,013,29
2020,Veracruz de Ignacio de la Llave,Naranjos Amatlán,U2,Horizontal,2,013,30
2019,Querétaro,El Marqués,FC,Vertical,816,011,22
2018,Oaxaca,Oaxaca de Juárez,U2,Vertical,7,067,20
2020,Coahuila de Zaragoza,Monclova,U1,Horizontal,177,018,05
2020,Ciudad de México,Azcapotzalco,U1,Vertical,130,002,09
2019,Aguascalientes,San Francisco de los Romo,U1,Horizontal,62,011,01
2019,Colima,Villa de Álvarez,U1,Vertical,24,010,06
2020,Michoacán de Ocampo,Zinapécuaro,U3,Horizontal,1,110,16
2019,Baja California Sur,Comondú,FC,Horizontal,1,001,03
2019,Tamaulipas,Victoria,U2,Horizontal,33,041,28
2020,Tamaulipas,Victoria,U1,Horizontal,6,041,28
2019,Yucatán,Umán,U3,Horizontal,94,101,31
2019,Michoacán de Ocampo,Pátzcuaro,U3,Horizontal,1,066,16
2020,Zacatecas,Zacatecas,FC,Horizontal,67,056,32
2020,Veracruz de Ignacio de la Llave,Platón Sánchez,FC,Horizontal,2,129,30
2020,Veracruz de Ignacio de la Llave,Emiliano Zapata,U3,Vertical,435,065,30
2020,Veracruz de Ignacio de la Llave,Xalapa,FC,Vertical,15,087,30
2020,Morelos,Cuernavaca,U1,Vertical,7,007,17
2020,México,Chalco,U3,Vertical,126,025,15
2020,Veracruz de Ignacio de la Llave,Córdoba,FC,Horizontal,4,044,30
2019,Veracruz de Ignacio de la Llave,Córdoba,FC,Horizontal,9,044,30
2020,Nuevo León,Santa Catarina,U3,Horizontal,1,048,19
2020,Jalisco,Lagos de Moreno,U1,Horizontal,81,053,14
2020,Michoacán de Ocampo,Sahuayo,U2,Horizontal,7,076,16
2020,Nuevo León,Santa Catarina,U2,Horizontal,113,048,19
2018,Veracruz de Ignacio de la Llave,Xalapa,U1,Horizontal,6,087,30
2018,Tamaulipas,Reynosa,U3,Horizontal,3603,032,28
2020,Jalisco,Zapopan,U3,Vertical,1112,120,14
2019,Oaxaca,Heroica Ciudad de Huajuapan de León,U3,Vertical,4,039,20
2018,Tabasco,Tenosique,U2,Horizontal,7,017,27
2019,Morelos,Xochitepec,FC,Horizontal,3,028,17
2020,Guerrero,Iguala de la Independencia,U2,Horizontal,28,035,12
2019,Morelos,Xochitepec,U3,Horizontal,85,028,17
2019,Quintana Roo,Solidaridad,U3,Vertical,2034,008,23
2018,México,Ecatepec de Morelos,U1,Horizontal,395,033,15
2018,Michoacán de Ocampo,Morelia,U3,Vertical,1037,053,16
2019,Jalisco,El Salto,U3,Horizontal,1192,070,14
2019,México,Tecámac,U2,Vertical,234,081,15
2019,Chiapas,Tapachula,U3,Vertical,18,089,07
2019,Puebla,Tianguismanalco,FC,Vertical,64,175,21
2019,México,Tecámac,U3,Horizontal,1046,081,15
2020,Yucatán,Kanasín,U3,Vertical,252,041,31
2018,Zacatecas,Ojocaliente,U3,Horizontal,7,036,32
2019,Nuevo León,Santa Catarina,U2,Horizontal,145,048,19
2019,Coahuila de Zaragoza,Acuña,U3,Horizontal,689,002,05
2018,Guerrero,Zihuatanejo de Azueta,U3,Vertical,128,038,12
2020,Veracruz de Ignacio de la Llave,Orizaba,U2,Horizontal,26,118,30
2020,Coahuila de Zaragoza,Saltillo,U3,Vertical,4,030,05
2018,Nayarit,Santiago Ixcuintla,U3,Horizontal,25,015,18
2018,Coahuila de Zaragoza,Torreón,FC,Horizontal,98,035,05
2020,Tlaxcala,Xaloztoc,U1,Horizontal,1,039,29
2019,Nayarit,Bahía de Banderas,FC,Horizontal,170,020,18
2019,Nuevo León,Pesquería,U3,Horizontal,1203,041,19
2019,Michoacán de Ocampo,Apatzingán,U1,Horizontal,2,006,16
2019,Yucatán,Tixkokob,FC,Horizontal,5,093,31
2020,Nuevo León,Ciénega de Flores,FC,Horizontal,251,012,19
2019,Tabasco,Nacajuca,U1,Vertical,256,013,27
2019,Guerrero,Acapulco de Juárez,U3,Vertical,232,001,12
2018,Nayarit,Bahía de Banderas,U3,Vertical,435,020,18
2020,Yucatán,Tizimín,U3,Horizontal,4,096,31
2018,Tlaxcala,Tetla de la Solidaridad,U2,Horizontal,23,031,29
2020,Michoacán de Ocampo,Pátzcuaro,U2,Horizontal,1,066,16
2020,Jalisco,El Salto,U3,Vertical,1030,070,14
2020,Coahuila de Zaragoza,Piedras Negras,U2,Horizontal,64,025,05
2018,Nayarit,Bahía de Banderas,FC,Horizontal,6,020,18
2020,Tlaxcala,Tlaxcala,U2,Horizontal,50,033,29
2018,Zacatecas,Pinos,FC,Vertical,3,038,32
2019,Tamaulipas,Tampico,U2,Vertical,20,038,28
2020,Coahuila de Zaragoza,Múzquiz,U3,Horizontal,38,020,05
2018,Nayarit,Tepic,U1,Horizontal,3,017,18
2020,Tlaxcala,Ixtacuixtla de Mariano Matamoros,FC,Vertical,6,015,29
2019,Guanajuato,San Felipe,U3,Horizontal,98,030,11
2020,Chihuahua,Guadalupe y Calvo,FC,Horizontal,3,029,08
2020,Morelos,Yautepec,U2,Vertical,9,029,17
2018,México,Coacalco de Berriozábal,U2,Vertical,25,020,15
2018,Jalisco,Tonalá,U2,Vertical,36,101,14
2018,Tamaulipas,Victoria,U2,Horizontal,125,041,28
2018,Querétaro,Querétaro,U2,Vertical,110,014,22
2019,Jalisco,Autlán de Navarro,U3,Horizontal,3,015,14
2018,Nayarit,Compostela,U1,Horizontal,28,004,18
2020,Colima,Colima,U1,Horizontal,339,002,06
2020,Quintana Roo,Felipe Carrillo Puerto,FC,Horizontal,1,002,23
2019,Chiapas,Tapachula,U3,Horizontal,75,089,07
2019,Sonora,San Luis Río Colorado,U1,Horizontal,29,055,26
2018,Jalisco,Ocotlán,U2,Horizontal,24,063,14
2020,Morelos,Tlayacapan,FC,Horizontal,85,026,17
2019,Morelos,Xochitepec,U2,Horizontal,9,028,17
2018,Sonora,Cajeme,FC,Horizontal,29,018,26
2019,Oaxaca,Heroica Ciudad de Huajuapan de León,U2,Horizontal,6,039,20
2018,Oaxaca,Oaxaca de Juárez,U1,Vertical,72,067,20
2018,Tamaulipas,Altamira,U3,Horizontal,44,003,28
2018,Michoacán de Ocampo,Sahuayo,U1,Horizontal,14,076,16
2020,Quintana Roo,Puerto Morelos,U3,Horizontal,39,011,23
2018,México,Tlalnepantla de Baz,U2,Vertical,120,104,15
2019,Zacatecas,Zacatecas,U1,Horizontal,20,056,32
2018,Aguascalientes,Pabellón de Arteaga,U2,Horizontal,10,006,01
2019,Chihuahua,Meoqui,U1,Horizontal,1,045,08
2019,Michoacán de Ocampo,Hidalgo,U1,Horizontal,2,034,16
2018,Jalisco,Zapopan,U2,Vertical,900,120,14
2020,Michoacán de Ocampo,Zamora,U3,Vertical,144,108,16
2019,Oaxaca,Heroica Ciudad de Huajuapan de León,U3,Horizontal,40,039,20
2020,Chiapas,Arriaga,U2,Horizontal,2,009,07
2018,Nuevo León,Sabinas Hidalgo,U1,Horizontal,6,044,19
2019,Tlaxcala,Natívitas,U3,Horizontal,3,023,29
2019,Sonora,Cananea,FC,Horizontal,51,019,26
2020,Aguascalientes,Rincón de Romos,U1,Horizontal,55,007,01
2020,Sonora,Guaymas,U3,Horizontal,139,029,26
2020,Chiapas,San Cristóbal de las Casas,U3,Horizontal,12,078,07
2018,Oaxaca,Tlacolula de Matamoros,U3,Vertical,104,551,20
2018,Sinaloa,Salvador Alvarado,U3,Horizontal,260,015,25
2018,Sinaloa,Mazatlán,U1,Horizontal,33,012,25
2018,Guanajuato,Moroleón,U2,Horizontal,8,021,11
2018,Nuevo León,El Carmen,U2,Horizontal,385,010,19
2019,Baja California,Tijuana,U1,Vertical,162,004,02
2019,Ciudad de México,Miguel Hidalgo,U2,Vertical,1,016,09
2020,Morelos,Yautepec,U3,Horizontal,41,029,17
2020,Durango,Gómez Palacio,U2,Horizontal,407,007,10
2018,Hidalgo,Tulancingo de Bravo,FC,Horizontal,10,077,13
2019,Tlaxcala,Santa Cruz Tlaxcala,U1,Horizontal,49,026,29
2019,Chiapas,Pichucalco,U2,Horizontal,2,068,07
2018,Tamaulipas,Tampico,U2,Horizontal,26,038,28
2018,Jalisco,Zapopan,FC,Horizontal,671,120,14
2019,Puebla,Tehuacán,U3,Vertical,3,156,21
2019,México,Zinacantepec,U3,Horizontal,15,118,15
2020,Jalisco,Zapotlán el Grande,U2,Horizontal,71,023,14
2018,Jalisco,Tuxpan,U3,Horizontal,1,108,14
2020,Veracruz de Ignacio de la Llave,Fortín,U2,Horizontal,1,068,30
2020,Tamaulipas,Altamira,U3,Horizontal,43,003,28
2020,Chiapas,Tonalá,U2,Horizontal,1,097,07
2019,México,Zinacantepec,U3,Vertical,2,118,15
2019,Tamaulipas,Nuevo Laredo,FC,Horizontal,95,027,28
2018,Jalisco,Tuxpan,U1,Horizontal,3,108,14
2018,Jalisco,El Grullo,U3,Horizontal,50,037,14
2019,Sonora,Nogales,U3,Vertical,174,043,26
2020,Ciudad de México,Coyoacán,U1,Vertical,2,003,09
2019,Tabasco,Nacajuca,U3,Horizontal,77,013,27
2018,Nuevo León,Apodaca,U3,Horizontal,1684,006,19
2020,Veracruz de Ignacio de la Llave,Xalapa,U1,Horizontal,1,087,30
2019,México,Tonanitla,U3,Horizontal,59,125,15
2020,Nuevo León,Salinas Victoria,U1,Horizontal,83,045,19
2020,Michoacán de Ocampo,Jacona,U2,Horizontal,3,043,16
2019,Michoacán de Ocampo,Morelia,FC,Horizontal,43,053,16
2019,Colima,Colima,U3,Horizontal,113,002,06
2020,Baja California,Ensenada,U3,Horizontal,33,001,02
2019,Hidalgo,San Agustín Tlaxiaca,U1,Horizontal,1,052,13
2020,Sinaloa,Salvador Alvarado,U2,Horizontal,2,015,25
2018,Nayarit,Compostela,U2,Horizontal,7,004,18
2018,Coahuila de Zaragoza,Zaragoza,FC,Horizontal,72,038,05
2019,Tamaulipas,Nuevo Laredo,U1,Horizontal,590,027,28
2018,Nuevo León,Juárez,U3,Horizontal,5672,031,19
2019,Jalisco,Zapopan,FC,Horizontal,533,120,14
2018,Veracruz de Ignacio de la Llave,Río Blanco,U3,Horizontal,98,138,30
2019,Morelos,Yautepec,U2,Horizontal,105,029,17
2018,Oaxaca,Santa Cruz Xoxocotlán,U1,Vertical,21,385,20
2019,Coahuila de Zaragoza,Ramos Arizpe,U1,Horizontal,73,027,05
2019,Morelos,Yecapixtla,FC,Horizontal,10,030,17
2018,Campeche,Carmen,U2,Vertical,71,003,04
2018,Michoacán de Ocampo,Uruapan,U3,Horizontal,3,102,16
2019,Michoacán de Ocampo,Lázaro Cárdenas,U1,Horizontal,30,052,16
2018,Chihuahua,Delicias,U3,Horizontal,110,021,08
2020,Coahuila de Zaragoza,Nava,U2,Horizontal,63,022,05
2020,Michoacán de Ocampo,Zamora,U2,Horizontal,46,108,16
2020,Coahuila de Zaragoza,Piedras Negras,U1,Horizontal,53,025,05
2018,Oaxaca,San Lorenzo Cacaotepec,U1,Horizontal,1,227,20
2019,México,Ocoyoacac,U3,Horizontal,10,062,15
2019,Guerrero,Acapulco de Juárez,U1,Horizontal,265,001,12
2020,Nuevo León,Anáhuac,U3,Horizontal,58,005,19
2018,Jalisco,Lagos de Moreno,U1,Horizontal,10,053,14
2019,Puebla,Chignautla,FC,Horizontal,1,054,21
2020,Sonora,Navojoa,U2,Horizontal,55,042,26
2018,Tamaulipas,Altamira,U3,Vertical,856,003,28
2020,Hidalgo,Huichapan,FC,Horizontal,4,029,13
2020,Jalisco,Poncitlán,FC,Horizontal,6,066,14
2018,Veracruz de Ignacio de la Llave,Cosoleacaque,U1,Horizontal,34,048,30
2019,Tlaxcala,Tlaxco,U3,Horizontal,9,034,29
2019,Michoacán de Ocampo,Uruapan,U1,Vertical,152,102,16
2019,Quintana Roo,Solidaridad,U2,Horizontal,41,008,23
2019,Guanajuato,Salamanca,U3,Horizontal,45,027,11
2019,Nuevo León,Pesquería,FC,Horizontal,880,041,19
2019,Nuevo León,Santa Catarina,U3,Horizontal,10,048,19
2018,Quintana Roo,Othón P. Blanco,U3,Horizontal,367,004,23
2020,Tamaulipas,Tampico,U2,Horizontal,14,038,28
2019,Tlaxcala,Calpulalpan,U1,Horizontal,35,006,29
2018,Tlaxcala,Huamantla,U2,Vertical,6,013,29
2020,Nayarit,Xalisco,U1,Horizontal,1,008,18
2018,Morelos,Zacatepec,FC,Horizontal,50,031,17
2020,Quintana Roo,Solidaridad,U3,Vertical,1152,008,23
2020,Sonora,Cajeme,U2,Horizontal,255,018,26
2019,Jalisco,Tlajomulco de Zúñiga,U3,Horizontal,947,097,14
2019,Aguascalientes,Aguascalientes,U3,Horizontal,3750,001,01
2018,Michoacán de Ocampo,Jiquilpan,FC,Horizontal,10,045,16
2020,Michoacán de Ocampo,Zinapécuaro,U2,Horizontal,1,110,16
2019,Jalisco,Ameca,U2,Horizontal,1,006,14
2018,Guanajuato,Celaya,U2,Vertical,51,007,11
2019,México,Coacalco de Berriozábal,U2,Vertical,19,020,15
2018,Baja California,Tijuana,U2,Horizontal,406,004,02
2020,Chiapas,Tonalá,FC,Horizontal,16,097,07
2018,Yucatán,Tizimín,U2,Horizontal,1,096,31
2019,Nayarit,Tepic,U2,Horizontal,81,017,18
2019,Michoacán de Ocampo,Morelia,U2,Vertical,190,053,16
2018,Michoacán de Ocampo,Morelia,U2,Vertical,658,053,16
2019,Tamaulipas,Reynosa,U1,Horizontal,57,032,28
2018,Morelos,Xochitepec,FC,Horizontal,336,028,17
2018,México,Huehuetoca,U2,Horizontal,63,035,15
2020,Tamaulipas,Ciudad Madero,U1,Horizontal,1,009,28
2020,Jalisco,Tala,U1,Horizontal,40,083,14
2020,Tamaulipas,Matamoros,U2,Horizontal,107,022,28
2018,Puebla,Zacapoaxtla,U1,Horizontal,1,207,21
2019,Chihuahua,Camargo,U1,Horizontal,7,011,08
2020,Guanajuato,León,U3,Vertical,842,020,11
2018,Hidalgo,Tizayuca,U2,Horizontal,474,069,13
2018,Nuevo León,García,U3,Vertical,222,018,19
2019,Baja California Sur,Comondú,U3,Horizontal,7,001,03
2018,Hidalgo,Santiago Tulantepec de Lugo Guerrero,U1,Horizontal,3,056,13
2018,Chihuahua,Nuevo Casas Grandes,U3,Horizontal,53,050,08
2018,Tabasco,Huimanguillo,FC,Horizontal,3,008,27
2019,San Luis Potosí,Tamazunchale,U3,Horizontal,4,037,24
2020,Coahuila de Zaragoza,Torreón,U3,Horizontal,516,035,05
2020,Colima,Coquimatlán,FC,Horizontal,1,004,06
2020,Puebla,Puebla,U3,Horizontal,209,114,21
2019,Ciudad de México,Coyoacán,U2,Vertical,1,003,09
2019,Sinaloa,Navolato,FC,Vertical,4,018,25
2019,Sonora,San Luis Río Colorado,U2,Horizontal,168,055,26
2018,Oaxaca,San Jacinto Amilpas,U2,Horizontal,6,157,20
2019,Nuevo León,General Escobedo,U1,Horizontal,160,021,19
2018,Nuevo León,Apodaca,FC,Horizontal,172,006,19
2020,México,Coacalco de Berriozábal,U2,Vertical,36,020,15
2019,Tlaxcala,Tetla de la Solidaridad,U2,Horizontal,17,031,29
2019,Coahuila de Zaragoza,Allende,U2,Horizontal,85,003,05
2018,Baja California,Ensenada,U2,Horizontal,5,001,02
2020,Baja California,Mexicali,FC,Horizontal,9,002,02
2020,Tabasco,Emiliano Zapata,U2,Horizontal,3,007,27
2020,Sinaloa,Guasave,U1,Horizontal,121,011,25
2018,Coahuila de Zaragoza,Ramos Arizpe,U1,Horizontal,81,027,05
2020,Guanajuato,León,U2,Vertical,185,020,11
2020,Nuevo León,Salinas Victoria,U3,Horizontal,1532,045,19
2019,Chiapas,Cacahoatán,U2,Horizontal,2,015,07
2020,Baja California Sur,Los Cabos,U3,Horizontal,19,008,03
2019,Oaxaca,Santa María Atzompa,U1,Horizontal,4,399,20
2019,Yucatán,Umán,U1,Horizontal,309,101,31
2020,Yucatán,Mérida,U3,Horizontal,2847,050,31
2020,Jalisco,Tlajomulco de Zúñiga,U2,Horizontal,296,097,14
2019,Sinaloa,Culiacán,U1,Vertical,8,006,25
2020,Veracruz de Ignacio de la Llave,Cosoleacaque,FC,Horizontal,24,048,30
2019,Michoacán de Ocampo,La Piedad,U3,Horizontal,79,069,16
2019,Jalisco,Zapotlanejo,U3,Horizontal,51,124,14
2020,Oaxaca,Santa Cruz Xoxocotlán,U1,Vertical,22,385,20
2020,Veracruz de Ignacio de la Llave,Martínez de la Torre,U3,Horizontal,3,102,30
2019,Tamaulipas,Victoria,FC,Horizontal,4,041,28
2019,Sonora,Nogales,U2,Horizontal,75,043,26
2018,Zacatecas,Fresnillo,U1,Horizontal,46,010,32
2019,Coahuila de Zaragoza,Castaños,U3,Horizontal,2,006,05
2020,Puebla,Atlixco,FC,Vertical,240,019,21
2019,San Luis Potosí,Rioverde,U2,Horizontal,8,024,24
2019,Veracruz de Ignacio de la Llave,Papantla,U1,Horizontal,3,124,30
2020,Colima,Colima,U3,Horizontal,149,002,06
2020,Guerrero,Chilpancingo de los Bravo,U1,Vertical,35,029,12
2019,Guanajuato,Moroleón,U2,Horizontal,3,021,11
2019,Puebla,Zaragoza,FC,Horizontal,2,211,21
2019,Aguascalientes,Aguascalientes,U2,Vertical,94,001,01
2018,Querétaro,El Marqués,U3,Vertical,50,011,22
2018,Tamaulipas,El Mante,U2,Horizontal,73,021,28
2019,Puebla,Izúcar de Matamoros,U2,Vertical,3,085,21
2020,Oaxaca,Santa Cruz Xoxocotlán,U1,Horizontal,1,385,20
2018,Querétaro,El Marqués,FC,Vertical,546,011,22
2019,Sinaloa,Salvador Alvarado,U2,Horizontal,6,015,25
2020,Hidalgo,Santiago Tulantepec de Lugo Guerrero,U1,Horizontal,2,056,13
2019,Hidalgo,Pachuca de Soto,U3,Horizontal,204,048,13
2020,Guanajuato,Silao de la Victoria,FC,Horizontal,64,037,11
2019,Chiapas,Palenque,U3,Horizontal,1,065,07
2018,Chiapas,Tapachula,U3,Horizontal,268,089,07
2019,Hidalgo,San Agustín Tlaxiaca,FC,Horizontal,14,052,13
2019,Puebla,Teziutlán,U1,Horizontal,88,174,21
2018,Puebla,Huejotzingo,U3,Horizontal,293,074,21
2018,Jalisco,Zapotlanejo,U2,Horizontal,6,124,14
2018,Veracruz de Ignacio de la Llave,Medellín de Bravo,U3,Horizontal,37,105,30
2019,Michoacán de Ocampo,Zamora,U2,Horizontal,32,108,16
2018,Guanajuato,Villagrán,U3,Vertical,132,044,11
2019,Tabasco,Paraíso,FC,Horizontal,1,014,27
2019,Nayarit,Xalisco,U3,Vertical,46,008,18
2018,Guanajuato,Celaya,FC,Horizontal,181,007,11
2018,Puebla,Tehuacán,U1,Horizontal,110,156,21
2020,Jalisco,Juanacatlán,FC,Horizontal,49,051,14
2018,Coahuila de Zaragoza,Múzquiz,U2,Horizontal,17,020,05
2020,Tamaulipas,Altamira,U1,Horizontal,17,003,28
2018,Sonora,Nogales,U3,Horizontal,324,043,26
2020,Tlaxcala,Apizaco,U2,Horizontal,95,005,29
2020,Zacatecas,Guadalupe,FC,Horizontal,5,017,32
2019,Ciudad de México,Gustavo A. Madero,U2,Vertical,114,005,09
2018,San Luis Potosí,Matehuala,U2,Horizontal,76,020,24
2019,Coahuila de Zaragoza,Francisco I. Madero,U2,Horizontal,1,009,05
2018,México,Chalco,U2,Horizontal,258,025,15
2020,Quintana Roo,Benito Juárez,U2,Horizontal,275,005,23
2018,Michoacán de Ocampo,Jacona,U2,Horizontal,14,043,16
2019,Nuevo León,García,U1,Horizontal,65,018,19
2018,Tabasco,Paraíso,U1,Horizontal,1,014,27
2020,Veracruz de Ignacio de la Llave,Tierra Blanca,U2,Horizontal,5,174,30
2019,Jalisco,Tala,U1,Horizontal,18,083,14
2018,Puebla,Huejotzingo,U3,Vertical,1264,074,21
2019,Michoacán de Ocampo,Tarímbaro,U3,Horizontal,44,088,16
2020,Jalisco,Ixtlahuacán de los Membrillos,U3,Horizontal,40,044,14
2018,Ciudad de México,Benito Juárez,U1,Vertical,11,014,09
2018,Jalisco,Sayula,U3,Horizontal,7,082,14
2019,San Luis Potosí,San Luis Potosí,U1,Vertical,78,028,24
2018,México,Acolman,U3,Horizontal,22,002,15
2019,Michoacán de Ocampo,Jacona,U2,Horizontal,1,043,16
2019,Jalisco,Puerto Vallarta,U2,Horizontal,179,067,14
2018,Guerrero,Chilpancingo de los Bravo,U3,Horizontal,25,029,12
2020,Sonora,Agua Prieta,U3,Horizontal,243,002,26
2018,Jalisco,Guadalajara,U2,Vertical,423,039,14
2020,Nayarit,Bahía de Banderas,U3,Vertical,249,020,18
2019,Veracruz de Ignacio de la Llave,Poza Rica de Hidalgo,U3,Horizontal,36,131,30
2019,Sinaloa,Ahome,U3,Horizontal,195,001,25
2019,Tlaxcala,Cuapiaxtla,FC,Horizontal,2,008,29
2019,Hidalgo,Tizayuca,U3,Vertical,810,069,13
2020,Veracruz de Ignacio de la Llave,Río Blanco,U3,Horizontal,50,138,30
2018,Veracruz de Ignacio de la Llave,San Andrés Tuxtla,U1,Horizontal,2,141,30
2019,Sinaloa,Culiacán,U3,Horizontal,602,006,25
2020,Nayarit,Compostela,U3,Horizontal,5,004,18
2018,Morelos,Yecapixtla,FC,Horizontal,1,030,17
2020,Chihuahua,Buenaventura,FC,Horizontal,233,010,08
2020,Tabasco,Huimanguillo,U3,Horizontal,1,008,27
2018,Tamaulipas,Nuevo Laredo,FC,Horizontal,1,027,28
2019,Nuevo León,Cadereyta Jiménez,FC,Horizontal,387,009,19
2018,Ciudad de México,Gustavo A. Madero,U2,Vertical,308,005,09
2019,Tamaulipas,Reynosa,U3,Horizontal,3963,032,28
2018,Veracruz de Ignacio de la Llave,Ixtaczoquitlán,U3,Vertical,196,085,30
2020,México,Toluca,U3,Horizontal,80,106,15
2018,Querétaro,San Juan del Río,U3,Horizontal,367,016,22
2020,Hidalgo,Mineral de la Reforma,U1,Horizontal,2,051,13
2019,Baja California,Mexicali,U1,Vertical,12,002,02
2018,Jalisco,Autlán de Navarro,U3,Horizontal,6,015,14
2018,Durango,Durango,U1,Vertical,3,005,10
2018,Oaxaca,San Jacinto Amilpas,U1,Vertical,1,157,20
2018,Querétaro,San Juan del Río,FC,Horizontal,6,016,22
2018,Tabasco,Tenosique,U1,Horizontal,1,017,27
2019,Morelos,Huitzilac,FC,Horizontal,1,009,17
2020,Colima,Comala,FC,Horizontal,1,003,06
2019,Coahuila de Zaragoza,Saltillo,U1,Vertical,138,030,05
2019,Jalisco,Tlajomulco de Zúñiga,FC,Horizontal,151,097,14
2019,Hidalgo,Ixmiquilpan,U3,Horizontal,6,030,13
2019,Michoacán de Ocampo,Zinapécuaro,U2,Horizontal,1,110,16
2019,Jalisco,Puerto Vallarta,U2,Vertical,54,067,14
2020,Veracruz de Ignacio de la Llave,Córdoba,U1,Horizontal,46,044,30
2020,Zacatecas,Calera,U2,Horizontal,44,005,32
2019,Guanajuato,Irapuato,U2,Vertical,1230,017,11
2020,Sinaloa,Navolato,FC,Vertical,1,018,25
2020,Chiapas,Arriaga,U1,Horizontal,2,009,07
2018,Puebla,Teziutlán,U2,Vertical,81,174,21
2018,Tlaxcala,Santa Cruz Tlaxcala,U1,Horizontal,105,026,29
2019,Baja California,Playas de Rosarito,FC,Vertical,68,005,02
2019,San Luis Potosí,Mexquitic de Carmona,FC,Horizontal,2,021,24
2019,Veracruz de Ignacio de la Llave,Xalapa,U1,Vertical,1,087,30
2020,Jalisco,Tonalá,FC,Horizontal,422,101,14
2018,Veracruz de Ignacio de la Llave,Medellín de Bravo,U3,Vertical,446,105,30
2019,Hidalgo,Mineral de la Reforma,U3,Horizontal,838,051,13
2018,Sonora,San Luis Río Colorado,U3,Horizontal,52,055,26
2020,Quintana Roo,Benito Juárez,U3,Horizontal,891,005,23
2020,Sinaloa,Ahome,U3,Horizontal,512,001,25
2019,Veracruz de Ignacio de la Llave,Ixtaczoquitlán,U3,Horizontal,42,085,30
2020,Tlaxcala,Apetatitlán de Antonio Carvajal,U3,Horizontal,7,002,29
2020,Durango,Durango,U2,Horizontal,152,005,10
2018,Oaxaca,Santa Cruz Xoxocotlán,U3,Horizontal,2,385,20
2020,Tamaulipas,Altamira,U2,Horizontal,207,003,28
2019,Chihuahua,Nuevo Casas Grandes,U2,Horizontal,13,050,08
2019,Yucatán,Hunucmá,U3,Horizontal,3,038,31
2020,Quintana Roo,Othón P. Blanco,U3,Horizontal,396,004,23
2018,Aguascalientes,San Francisco de los Romo,U3,Horizontal,499,011,01
2020,Baja California Sur,Comondú,U1,Horizontal,8,001,03
2019,México,Tecámac,U3,Vertical,288,081,15
2019,Jalisco,La Barca,U2,Horizontal,2,018,14
2018,Campeche,Calkiní,U3,Horizontal,5,001,04
2019,Michoacán de Ocampo,Lázaro Cárdenas,U2,Horizontal,129,052,16
2019,Coahuila de Zaragoza,Acuña,U2,Horizontal,466,002,05
2018,Tlaxcala,Ixtacuixtla de Mariano Matamoros,U2,Horizontal,2,015,29
2020,México,Tecámac,U2,Vertical,190,081,15
2018,San Luis Potosí,Salinas,U3,Horizontal,7,025,24
2019,Tlaxcala,Tlaxcala,U2,Horizontal,30,033,29
2020,Zacatecas,Loreto,U1,Horizontal,6,024,32
2019,Michoacán de Ocampo,Hidalgo,FC,Horizontal,4,034,16
2018,Nuevo León,Guadalupe,U1,Vertical,8,026,19
2018,Zacatecas,Guadalupe,U3,Horizontal,1128,017,32
2018,Puebla,Atlixco,U2,Horizontal,2,019,21
2020,Zacatecas,Jerez,U2,Horizontal,5,020,32
2018,Nayarit,Tepic,U3,Horizontal,212,017,18
2018,Nuevo León,San Nicolás de los Garza,U1,Vertical,102,046,19
2020,México,Zinacantepec,U2,Horizontal,12,118,15
2018,San Luis Potosí,Tamazunchale,U3,Horizontal,2,037,24
2018,Michoacán de Ocampo,Numarán,U3,Horizontal,64,060,16
2018,Baja California,Mexicali,U1,Vertical,36,002,02
2020,Guanajuato,Pénjamo,U1,Horizontal,19,023,11
2019,Guanajuato,Salamanca,FC,Vertical,180,027,11
2019,Michoacán de Ocampo,Tarímbaro,U3,Vertical,184,088,16
2018,Zacatecas,Jerez,U1,Horizontal,6,020,32
2020,Coahuila de Zaragoza,Matamoros,U2,Horizontal,44,017,05
2020,Guanajuato,Acámbaro,U1,Horizontal,4,002,11
2020,Durango,Lerdo,U3,Horizontal,177,012,10
2018,Veracruz de Ignacio de la Llave,Poza Rica de Hidalgo,U1,Horizontal,1,131,30
2020,Morelos,Xochitepec,U3,Horizontal,40,028,17
2018,Hidalgo,Mineral de la Reforma,U1,Horizontal,1,051,13
2020,Querétaro,Querétaro,U2,Horizontal,137,014,22
2019,Jalisco,El Salto,FC,Horizontal,588,070,14
2020,Chihuahua,Hidalgo del Parral,U2,Horizontal,77,032,08
2018,Guerrero,Tixtla de Guerrero,FC,Horizontal,4,061,12
2018,Hidalgo,Pachuca de Soto,U3,Horizontal,437,048,13
2020,Tabasco,Jalpa de Méndez,U3,Horizontal,1,010,27
2019,Chiapas,Palenque,U1,Horizontal,29,065,07
2019,México,Zumpango,U3,Vertical,333,120,15
2020,Nuevo León,Salinas Victoria,FC,Horizontal,116,045,19
2020,Yucatán,Conkal,FC,Horizontal,3,013,31
2020,Hidalgo,Tizayuca,FC,Horizontal,719,069,13
2020,Puebla,Chignautla,U3,Horizontal,8,054,21
2020,Durango,Durango,U1,Horizontal,77,005,10
2019,Jalisco,Tecolotlán,FC,Horizontal,1,088,14
2020,Guanajuato,Irapuato,U3,Horizontal,2,017,11
2020,Hidalgo,Tizayuca,U3,Vertical,300,069,13
2019,Chiapas,Chiapa de Corzo,U2,Horizontal,1,027,07
2018,Colima,Colima,U3,Horizontal,269,002,06
2018,Quintana Roo,Solidaridad,U2,Vertical,130,008,23
2018,Coahuila de Zaragoza,Acuña,U3,Horizontal,608,002,05
2019,Nuevo León,Ciénega de Flores,U3,Horizontal,467,012,19
2018,Colima,Manzanillo,U3,Horizontal,459,007,06
2020,Tlaxcala,Zacatelco,U2,Horizontal,3,044,29
2020,Quintana Roo,Othón P. Blanco,U1,Horizontal,2,004,23
2019,Querétaro,El Marqués,U2,Vertical,89,011,22
2019,Jalisco,Atotonilco el Alto,FC,Horizontal,4,013,14
2018,Sinaloa,Culiacán,U3,Vertical,981,006,25
2019,Tamaulipas,Altamira,U2,Horizontal,76,003,28
2019,Guerrero,Zihuatanejo de Azueta,U1,Horizontal,8,038,12
2020,Guanajuato,Apaseo el Grande,FC,Vertical,269,005,11
2018,Zacatecas,Río Grande,U3,Horizontal,11,039,32
2018,Michoacán de Ocampo,Zamora,U3,Vertical,676,108,16
2020,Puebla,Huejotzingo,U3,Horizontal,413,074,21
2019,Aguascalientes,San Francisco de los Romo,U3,Horizontal,668,011,01
2019,Coahuila de Zaragoza,Morelos,FC,Horizontal,3,019,05
2018,Tabasco,Cunduacán,U3,Horizontal,1,006,27
2018,Baja California Sur,La Paz,FC,Horizontal,83,003,03
2018,Chihuahua,Casas Grandes,FC,Horizontal,2,013,08
2020,México,Tlalnepantla de Baz,U2,Vertical,60,104,15
2018,Nayarit,Ixtlán del Río,U3,Horizontal,8,006,18
2019,Morelos,Ayala,FC,Horizontal,219,004,17
2020,Zacatecas,Zacatecas,U3,Horizontal,342,056,32
2020,Zacatecas,Guadalupe,U2,Horizontal,115,017,32
2020,Nayarit,Santiago Ixcuintla,U3,Horizontal,2,015,18
2018,Guerrero,Zihuatanejo de Azueta,U1,Horizontal,3,038,12
2020,Tamaulipas,Ciudad Madero,U2,Vertical,58,009,28
2019,Puebla,Coronango,U2,Vertical,136,034,21
2018,Jalisco,Tepatitlán de Morelos,FC,Horizontal,13,093,14
2019,Guanajuato,Abasolo,U2,Horizontal,3,001,11
2018,Hidalgo,Tulancingo de Bravo,U1,Horizontal,33,077,13
2020,San Luis Potosí,Mexquitic de Carmona,FC,Horizontal,5,021,24
2019,Puebla,San Andrés Cholula,U3,Horizontal,1,119,21
2019,Tamaulipas,Ciudad Madero,U2,Horizontal,54,009,28
2020,Guanajuato,Villagrán,U3,Horizontal,92,044,11
2018,Hidalgo,Tulancingo de Bravo,U2,Horizontal,4,077,13
2018,México,Cuautitlán Izcalli,U2,Horizontal,24,121,15
2020,Morelos,Ayala,FC,Horizontal,548,004,17
2018,México,Huehuetoca,U3,Vertical,803,035,15
2019,Hidalgo,Santiago Tulantepec de Lugo Guerrero,U2,Horizontal,15,056,13
2018,Nayarit,Tepic,U2,Vertical,3,017,18
2019,Hidalgo,Atotonilco de Tula,U1,Horizontal,526,013,13
2018,Tlaxcala,Tlaxcala,U1,Horizontal,30,033,29
2018,Puebla,Teziutlán,U1,Horizontal,53,174,21
2020,Michoacán de Ocampo,Zamora,U1,Horizontal,7,108,16
2018,Tamaulipas,Victoria,U3,Horizontal,809,041,28
2020,Puebla,Puebla,U2,Horizontal,89,114,21
2019,Sonora,Empalme,U1,Horizontal,3,025,26
2020,Puebla,Hueytamalco,FC,Horizontal,1,076,21
2020,Coahuila de Zaragoza,Piedras Negras,FC,Horizontal,1,025,05
2019,Ciudad de México,Venustiano Carranza,U2,Vertical,1,017,09
2019,Puebla,San Martín Texmelucan,U2,Horizontal,4,132,21
2020,Morelos,Zacatepec,FC,Horizontal,10,031,17
2019,Jalisco,San Pedro Tlaquepaque,U1,Horizontal,6,098,14
2019,Oaxaca,Santa Cruz Xoxocotlán,U1,Horizontal,1,385,20
2019,Tabasco,Huimanguillo,FC,Horizontal,9,008,27
2019,Quintana Roo,Benito Juárez,U3,Horizontal,2414,005,23
2018,Veracruz de Ignacio de la Llave,Xalapa,U2,Horizontal,11,087,30
2019,México,Huehuetoca,U3,Horizontal,193,035,15
2020,Colima,Villa de Álvarez,U3,Horizontal,566,010,06
2018,Nayarit,Tepic,U3,Vertical,32,017,18
2020,Nayarit,Santiago Ixcuintla,U3,Vertical,6,015,18
2020,Veracruz de Ignacio de la Llave,Ixtaczoquitlán,U3,Horizontal,133,085,30
2019,Ciudad de México,Iztacalco,U2,Vertical,35,006,09
2019,México,Tecámac,U2,Horizontal,558,081,15
2020,Durango,Gómez Palacio,U3,Horizontal,141,007,10
2020,Sonora,Cajeme,U1,Horizontal,36,018,26
2020,Michoacán de Ocampo,Apatzingán,U1,Horizontal,1,006,16
2020,Michoacán de Ocampo,La Piedad,U1,Vertical,4,069,16
2020,Jalisco,Ixtlahuacán de los Membrillos,U3,Vertical,12,044,14
2019,Guanajuato,Apaseo el Grande,FC,Horizontal,176,005,11
2020,Aguascalientes,Rincón de Romos,U2,Horizontal,59,007,01
2019,Chihuahua,Chihuahua,FC,Horizontal,12,019,08
2018,Puebla,Chignahuapan,U3,Horizontal,4,053,21
2020,Puebla,Puebla,U1,Horizontal,1,114,21
2019,Sinaloa,Mazatlán,U1,Vertical,65,012,25
2019,Michoacán de Ocampo,Tarímbaro,U2,Horizontal,28,088,16
2020,Sonora,Hermosillo,U2,Horizontal,538,030,26
2020,Guerrero,Acapulco de Juárez,U3,Vertical,1,001,12
2020,Sonora,Santa Ana,FC,Horizontal,5,058,26
2019,Chihuahua,Cuauhtémoc,U3,Horizontal,454,017,08
2020,México,Calimaya,FC,Horizontal,150,018,15
2018,Jalisco,Sayula,U2,Horizontal,21,082,14
2019,Nuevo León,Apodaca,U2,Horizontal,272,006,19
2020,Veracruz de Ignacio de la Llave,Papantla,U3,Horizontal,11,124,30
2019,Tabasco,Tenosique,U3,Horizontal,1,017,27
2020,Tabasco,Nacajuca,U1,Horizontal,3,013,27
2019,Michoacán de Ocampo,Pátzcuaro,U2,Horizontal,1,066,16
2019,Tamaulipas,Valle Hermoso,U2,Horizontal,53,040,28
2019,Yucatán,Valladolid,U2,Horizontal,3,102,31
2018,Durango,Lerdo,U2,Horizontal,503,012,10
2019,Jalisco,Jalostotitlán,U2,Horizontal,1,046,14
2018,Oaxaca,San Juan Bautista Tuxtepec,U2,Horizontal,60,184,20
2019,Jalisco,Guadalajara,U1,Vertical,5,039,14
2018,Yucatán,Mérida,U2,Horizontal,569,050,31
2020,Coahuila de Zaragoza,Matamoros,U3,Vertical,120,017,05
2018,Nayarit,Tuxpan,U3,Horizontal,1,018,18
2018,Jalisco,Unión de Tula,FC,Horizontal,1,110,14
2018,Michoacán de Ocampo,Morelia,FC,Horizontal,9,053,16
2018,Yucatán,Progreso,U2,Horizontal,50,059,31
2019,Chiapas,Tuxtla Gutiérrez,FC,Horizontal,50,101,07
2018,Coahuila de Zaragoza,Matamoros,U2,Horizontal,12,017,05
2018,Morelos,Emiliano Zapata,U2,Horizontal,5,008,17
2019,Guerrero,Coyuca de Benítez,U2,Horizontal,8,021,12
2019,Jalisco,Mascota,FC,Horizontal,2,058,14
2019,Zacatecas,Río Grande,U3,Horizontal,72,039,32
2020,Michoacán de Ocampo,Apatzingán,U2,Horizontal,4,006,16
2019,Jalisco,Ixtlahuacán de los Membrillos,U2,Vertical,81,044,14
2020,Yucatán,Kanasín,U3,Horizontal,997,041,31
2019,México,Toluca,U3,Horizontal,137,106,15
2019,Jalisco,Tlajomulco de Zúñiga,U3,Vertical,822,097,14
2020,Tamaulipas,Altamira,U2,Vertical,88,003,28
2018,Coahuila de Zaragoza,San Pedro,U3,Horizontal,1,033,05
2019,Chihuahua,Juárez,U1,Horizontal,273,037,08
2019,Tlaxcala,Tlaxcala,U2,Vertical,48,033,29
2019,Morelos,Yautepec,U3,Horizontal,32,029,17
2019,México,Calimaya,FC,Horizontal,4,018,15
2020,Coahuila de Zaragoza,Torreón,U3,Vertical,4,035,05
2020,Zacatecas,Río Grande,U3,Horizontal,4,039,32
2018,San Luis Potosí,Rioverde,U2,Horizontal,45,024,24
2019,Tamaulipas,Reynosa,U2,Horizontal,583,032,28
2020,Nuevo León,San Nicolás de los Garza,U2,Horizontal,3,046,19
2018,Coahuila de Zaragoza,Monclova,U3,Horizontal,150,018,05
2020,Nuevo León,General Zuazua,FC,Horizontal,1419,025,19
2018,Puebla,Puebla,FC,Vertical,117,114,21
2018,Tlaxcala,Yauhquemehcan,U2,Horizontal,33,043,29
2020,Yucatán,Kanasín,U2,Horizontal,218,041,31
2019,Nayarit,Tepic,U1,Vertical,5,017,18
2018,San Luis Potosí,San Luis Potosí,U1,Horizontal,216,028,24
2019,Morelos,Jiutepec,U2,Vertical,21,011,17
2020,Tamaulipas,Reynosa,U2,Vertical,78,032,28
2019,Aguascalientes,San Francisco de los Romo,FC,Horizontal,179,011,01
2020,Sonora,Cananea,U3,Horizontal,24,019,26
2020,Chiapas,Chiapa de Corzo,U2,Horizontal,1,027,07
2019,Tamaulipas,Altamira,U3,Horizontal,10,003,28
2018,Tamaulipas,Matamoros,U3,Horizontal,953,022,28
2020,México,Zumpango,U3,Vertical,921,120,15
2020,México,Huehuetoca,U2,Horizontal,3,035,15
2019,Chihuahua,Jiménez,U2,Horizontal,8,036,08
2020,Nuevo León,Pesquería,U3,Horizontal,680,041,19
2018,Tlaxcala,Apetatitlán de Antonio Carvajal,U1,Horizontal,6,002,29
2020,Chiapas,Tapachula,U1,Horizontal,1,089,07
2018,Ciudad de México,Iztacalco,U1,Vertical,1012,006,09
2019,Campeche,Calkiní,FC,Horizontal,19,001,04
2019,Quintana Roo,Benito Juárez,U2,Horizontal,650,005,23
2019,México,Huehuetoca,U3,Vertical,549,035,15
2018,Veracruz de Ignacio de la Llave,Veracruz,U2,Vertical,1004,193,30
2020,Baja California Sur,La Paz,U3,Horizontal,402,003,03
2020,Chihuahua,Casas Grandes,FC,Horizontal,1,013,08
2018,Yucatán,Kanasín,U2,Horizontal,861,041,31
2018,Zacatecas,Zacatecas,U3,Horizontal,36,056,32
2020,Jalisco,Sayula,U3,Horizontal,16,082,14
2020,Veracruz de Ignacio de la Llave,Xalapa,U1,Vertical,5,087,30
2018,Veracruz de Ignacio de la Llave,Boca del Río,FC,Horizontal,42,028,30
2020,Sonora,Nogales,U2,Vertical,30,043,26
2019,Puebla,Puebla,FC,Horizontal,239,114,21
2019,Jalisco,Tonalá,FC,Vertical,104,101,14
2020,Puebla,San Martín Texmelucan,U3,Vertical,18,132,21
2020,Tlaxcala,Amaxac de Guerrero,FC,Horizontal,4,001,29
2018,Morelos,Jojutla,FC,Horizontal,212,012,17
2020,Veracruz de Ignacio de la Llave,Tuxpan,U3,Vertical,100,189,30
2020,Sonora,Guaymas,FC,Horizontal,11,029,26
2020,Puebla,Atlixco,U3,Horizontal,56,019,21
2018,Sonora,Puerto Peñasco,FC,Horizontal,13,048,26
2019,Guerrero,Iguala de la Independencia,U1,Horizontal,1,035,12
2019,Nuevo León,Apodaca,U3,Horizontal,2191,006,19
2018,Guanajuato,Purísima del Rincón,FC,Horizontal,10,025,11
2020,San Luis Potosí,Tamuín,U2,Horizontal,8,040,24
2019,Puebla,Huejotzingo,U1,Horizontal,132,074,21
2020,Zacatecas,Guadalupe,U1,Horizontal,48,017,32
2019,Nuevo León,General Zuazua,FC,Horizontal,649,025,19
2020,Guerrero,Coyuca de Benítez,U2,Horizontal,4,021,12
2019,Yucatán,Tizimín,U3,Horizontal,2,096,31
2019,Veracruz de Ignacio de la Llave,Veracruz,U3,Vertical,1202,193,30
2020,Hidalgo,San Agustín Tlaxiaca,U2,Horizontal,2,052,13
2018,Hidalgo,Tizayuca,U3,Vertical,198,069,13
2020,Hidalgo,Mineral de la Reforma,U2,Horizontal,13,051,13
2018,Chihuahua,Guachochi,FC,Horizontal,140,027,08
2019,Oaxaca,San Jacinto Amilpas,U1,Horizontal,22,157,20
2019,México,Zinacantepec,U2,Horizontal,10,118,15
2019,Puebla,Puebla,U1,Vertical,149,114,21
2019,Chiapas,Ocosingo,U2,Horizontal,6,059,07
2020,Aguascalientes,Calvillo,FC,Horizontal,5,003,01
2020,Coahuila de Zaragoza,Saltillo,U2,Vertical,264,030,05
2020,Guerrero,Coyuca de Benítez,FC,Horizontal,4,021,12
2019,Puebla,Cuautlancingo,U1,Horizontal,281,041,21
2019,Guanajuato,Acámbaro,FC,Horizontal,7,002,11
2020,Guerrero,Ometepec,U3,Horizontal,1,046,12
2019,Guerrero,Quechultenango,FC,Horizontal,5,051,12
2018,Tabasco,Teapa,U3,Horizontal,3,016,27
2020,Zacatecas,Jerez,U3,Horizontal,3,020,32
2018,Veracruz de Ignacio de la Llave,Coatepec,U2,Horizontal,12,038,30
2019,Tlaxcala,Ixtacuixtla de Mariano Matamoros,U3,Vertical,88,015,29
2020,Nuevo León,Ciénega de Flores,U3,Horizontal,558,012,19
2019,Guanajuato,Dolores Hidalgo Cuna de la Independencia Nacional,U2,Horizontal,91,014,11
2020,Puebla,Tianguismanalco,FC,Vertical,160,175,21
2020,Michoacán de Ocampo,Morelia,U1,Vertical,17,053,16
2019,Jalisco,Zapopan,U2,Horizontal,3,120,14
2018,Jalisco,Puerto Vallarta,FC,Vertical,144,067,14
2020,Puebla,Yaonáhuac,U2,Horizontal,1,204,21
2018,Querétaro,El Marqués,U3,Horizontal,844,011,22
2020,Nuevo León,Guadalupe,U3,Horizontal,27,026,19
2018,Jalisco,Ocotlán,U1,Horizontal,2,063,14
2018,Nuevo León,Cadereyta Jiménez,FC,Horizontal,1219,009,19
2018,Guanajuato,Irapuato,U1,Horizontal,120,017,11
2018,Nuevo León,Montemorelos,U2,Horizontal,85,038,19
2019,Hidalgo,Pachuca de Soto,FC,Horizontal,667,048,13
2018,Jalisco,Guadalajara,U2,Horizontal,10,039,14
2020,Puebla,Teziutlán,U2,Vertical,60,174,21
2019,México,Huehuetoca,U2,Horizontal,22,035,15
2018,Nayarit,Xalisco,U2,Horizontal,170,008,18
2018,Hidalgo,Atotonilco de Tula,U1,Vertical,497,013,13
2018,Yucatán,Kanasín,U3,Vertical,204,041,31
2019,Guanajuato,Celaya,FC,Horizontal,161,007,11
2018,Hidalgo,Mixquiahuala de Juárez,U2,Horizontal,1,041,13
2020,Tamaulipas,Ciudad Madero,U1,Vertical,2,009,28
2020,Ciudad de México,Álvaro Obregón,U1,Vertical,2,010,09
2018,Michoacán de Ocampo,Tarímbaro,U2,Horizontal,2,088,16
2020,Guanajuato,Dolores Hidalgo Cuna de la Independencia Nacional,FC,Horizontal,191,014,11
2018,Veracruz de Ignacio de la Llave,Cosoleacaque,U2,Vertical,168,048,30
2020,Hidalgo,Apan,U3,Horizontal,4,008,13
2020,México,Calimaya,U3,Horizontal,97,018,15
2019,Colima,Villa de Álvarez,U2,Horizontal,303,010,06
2019,Jalisco,San Juan de los Lagos,U2,Horizontal,1,073,14
2020,Puebla,Tehuacán,U3,Horizontal,49,156,21
2020,Guanajuato,San Francisco del Rincón,FC,Horizontal,6,031,11
2020,Baja California,Tijuana,U3,Vertical,965,004,02
2020,Coahuila de Zaragoza,Arteaga,U2,Horizontal,5,004,05
2018,Chihuahua,Delicias,U2,Horizontal,90,021,08
2019,México,Metepec,U1,Horizontal,16,054,15
2018,San Luis Potosí,Ciudad Valles,U1,Horizontal,4,013,24
2019,Querétaro,Querétaro,U3,Vertical,400,014,22
2018,San Luis Potosí,San Luis Potosí,U1,Vertical,55,028,24
2020,Sonora,San Luis Río Colorado,U2,Horizontal,137,055,26
2019,Campeche,Campeche,U3,Vertical,66,002,04
2020,Zacatecas,Fresnillo,U1,Horizontal,6,010,32
2020,Guerrero,Acapulco de Juárez,U2,Vertical,66,001,12
2020,Veracruz de Ignacio de la Llave,Córdoba,U3,Vertical,35,044,30
2020,Coahuila de Zaragoza,Ramos Arizpe,U3,Horizontal,199,027,05
2018,Tamaulipas,Matamoros,U2,Horizontal,166,022,28
2019,Puebla,Chignautla,U3,Horizontal,2,054,21
2018,Sinaloa,Culiacán,U2,Vertical,344,006,25
2019,Michoacán de Ocampo,Los Reyes,U2,Horizontal,12,075,16
2018,Guerrero,Iguala de la Independencia,U2,Vertical,12,035,12
2019,Puebla,Huejotzingo,U3,Horizontal,383,074,21
2019,Veracruz de Ignacio de la Llave,Ixtaczoquitlán,U3,Vertical,202,085,30
2018,Baja California,Tijuana,U2,Vertical,70,004,02
2020,Jalisco,Poncitlán,U2,Horizontal,91,066,14
2020,Puebla,Puebla,U3,Vertical,139,114,21
2019,San Luis Potosí,Ciudad Valles,U3,Horizontal,176,013,24
2020,Nuevo León,Pesquería,FC,Vertical,48,041,19
2019,Morelos,Temixco,U3,Vertical,120,018,17
2018,Coahuila de Zaragoza,Allende,U2,Horizontal,80,003,05
2018,Guerrero,Chilpancingo de los Bravo,U1,Horizontal,20,029,12
2019,Puebla,Tlatlauquitepec,FC,Horizontal,5,186,21
2019,Puebla,Tehuacán,U2,Vertical,21,156,21
2020,Jalisco,El Salto,FC,Horizontal,719,070,14
2019,Nayarit,Tepic,U1,Horizontal,7,017,18
2019,Ciudad de México,Cuauhtémoc,U2,Vertical,3,015,09
2019,Veracruz de Ignacio de la Llave,Veracruz,U1,Horizontal,24,193,30
2019,Sonora,Navojoa,U2,Horizontal,13,042,26
2020,Yucatán,Mérida,FC,Horizontal,135,050,31
2018,Jalisco,Lagos de Moreno,U2,Horizontal,271,053,14
2019,Tamaulipas,Valle Hermoso,U1,Horizontal,4,040,28
2018,Michoacán de Ocampo,Morelia,U1,Horizontal,170,053,16
2020,Aguascalientes,Aguascalientes,U1,Horizontal,89,001,01
2018,Durango,Nombre de Dios,FC,Horizontal,50,016,10
2018,Michoacán de Ocampo,Zamora,U2,Horizontal,65,108,16
2019,Michoacán de Ocampo,Morelia,U1,Horizontal,71,053,16
2019,Jalisco,Arandas,U3,Horizontal,4,008,14
2018,Tlaxcala,Chiautempan,U2,Horizontal,5,010,29
2018,Veracruz de Ignacio de la Llave,Orizaba,U1,Horizontal,45,118,30
2019,Baja California Sur,Mulegé,FC,Horizontal,10,002,03
2018,Guerrero,Iguala de la Independencia,U1,Horizontal,92,035,12
2018,Jalisco,San Pedro Tlaquepaque,U1,Horizontal,10,098,14
2019,Michoacán de Ocampo,Morelia,U1,Vertical,27,053,16
2020,Coahuila de Zaragoza,Castaños,U2,Horizontal,82,006,05
2019,Nayarit,Ixtlán del Río,U2,Horizontal,2,006,18
2019,Jalisco,Tepatitlán de Morelos,FC,Horizontal,7,093,14
2018,Baja California,Tecate,U3,Horizontal,3,003,02
2020,Michoacán de Ocampo,Tarímbaro,FC,Vertical,48,088,16
2018,San Luis Potosí,Matehuala,U1,Horizontal,4,020,24
2020,Chihuahua,Juárez,U2,Horizontal,1267,037,08
2018,México,Tonanitla,U3,Horizontal,22,125,15
2020,Morelos,Yecapixtla,FC,Horizontal,8,030,17
2018,Baja California Sur,Los Cabos,U3,Horizontal,58,008,03
2019,Veracruz de Ignacio de la Llave,Veracruz,U2,Horizontal,459,193,30
2018,Hidalgo,Ixmiquilpan,U2,Horizontal,5,030,13
2018,Michoacán de Ocampo,Zamora,FC,Horizontal,36,108,16
2019,México,Cuautitlán,U3,Horizontal,428,024,15
2020,Guanajuato,San Felipe,U3,Vertical,16,030,11
2020,Chihuahua,Delicias,U2,Horizontal,29,021,08
2018,Baja California Sur,Loreto,U3,Horizontal,2,009,03
2018,Guanajuato,Silao de la Victoria,U1,Horizontal,6,037,11
2018,Sonora,Cananea,U2,Horizontal,4,019,26
2019,Veracruz de Ignacio de la Llave,Ixhuatlancillo,U2,Horizontal,1,081,30
2018,Zacatecas,Loreto,U1,Horizontal,1,024,32
2020,Sonora,Nogales,U3,Horizontal,541,043,26
2020,Querétaro,Querétaro,U3,Horizontal,467,014,22
2018,Tlaxcala,Amaxac de Guerrero,FC,Horizontal,6,001,29
2018,San Luis Potosí,San Luis Potosí,U3,Vertical,10,028,24
2019,Baja California,Tijuana,U3,Vertical,576,004,02
2020,Tlaxcala,Tepetitla de Lardizábal,U2,Horizontal,1,019,29
2020,Tlaxcala,Ixtacuixtla de Mariano Matamoros,U3,Horizontal,29,015,29
2018,Aguascalientes,Aguascalientes,U3,Horizontal,2636,001,01
2018,Michoacán de Ocampo,Zamora,U1,Horizontal,15,108,16
2020,Nuevo León,García,U2,Horizontal,1051,018,19
2020,Chihuahua,Cuauhtémoc,U1,Horizontal,27,017,08
2018,Jalisco,Tala,U1,Horizontal,28,083,14
2018,Coahuila de Zaragoza,Nava,U1,Horizontal,10,022,05
2019,Hidalgo,Mineral de la Reforma,U1,Horizontal,38,051,13
2020,Baja California,Tijuana,U3,Horizontal,1113,004,02
2019,Chihuahua,Delicias,U1,Horizontal,72,021,08
2018,Tlaxcala,Santa Cruz Tlaxcala,U2,Horizontal,82,026,29
2020,Veracruz de Ignacio de la Llave,Coatepec,U2,Horizontal,4,038,30
2019,Tlaxcala,Zacatelco,U1,Horizontal,1,044,29
2018,Coahuila de Zaragoza,Piedras Negras,U2,Horizontal,176,025,05
2019,Jalisco,Puerto Vallarta,U3,Vertical,54,067,14
2018,Hidalgo,Mineral de la Reforma,FC,Horizontal,274,051,13
2019,Sonora,Nogales,U2,Vertical,15,043,26
2019,México,Tlalmanalco,U3,Vertical,36,103,15
2018,Querétaro,Querétaro,U3,Vertical,208,014,22
2019,Veracruz de Ignacio de la Llave,San Andrés Tuxtla,U1,Horizontal,2,141,30
2020,Guanajuato,San José Iturbide,U2,Horizontal,136,032,11
2018,Zacatecas,Guadalupe,U1,Horizontal,4,017,32
2020,Nuevo León,Sabinas Hidalgo,U1,Horizontal,2,044,19
2018,México,Huehuetoca,U3,Horizontal,568,035,15
2018,San Luis Potosí,Soledad de Graciano Sánchez,U3,Horizontal,703,035,24
2020,Coahuila de Zaragoza,San Juan de Sabinas,U2,Horizontal,15,032,05
2018,Jalisco,San Pedro Tlaquepaque,U2,Vertical,320,098,14
2018,Baja California,Tijuana,U3,Vertical,884,004,02
2019,Guanajuato,León,U3,Vertical,1972,020,11
2019,Zacatecas,Fresnillo,U2,Horizontal,77,010,32
2019,Sonora,San Luis Río Colorado,U3,Horizontal,60,055,26
2020,Querétaro,Querétaro,U3,Vertical,286,014,22
2020,Hidalgo,Ixmiquilpan,U3,Horizontal,11,030,13
2018,Nuevo León,General Escobedo,U3,Horizontal,494,021,19
2018,Tamaulipas,Nuevo Laredo,U3,Horizontal,339,027,28
2020,Zacatecas,Morelos,FC,Horizontal,4,032,32
2019,Jalisco,Zapotiltic,U3,Horizontal,29,121,14
2020,Querétaro,Corregidora,U2,Horizontal,33,006,22
2018,Aguascalientes,Aguascalientes,U2,Vertical,126,001,01
2018,Puebla,Amozoc,U3,Horizontal,153,015,21
2018,Chiapas,Ocozocoautla de Espinosa,FC,Vertical,128,061,07
2020,Tlaxcala,Apetatitlán de Antonio Carvajal,U1,Horizontal,15,002,29
2018,Querétaro,Querétaro,U3,Horizontal,951,014,22
2020,Veracruz de Ignacio de la Llave,Fortín,U1,Horizontal,8,068,30
2019,Tlaxcala,Tepeyanco,U2,Horizontal,2,029,29
2018,Chiapas,Palenque,U1,Horizontal,3,065,07
2020,Nuevo León,El Carmen,U2,Horizontal,204,010,19
2018,Zacatecas,Guadalupe,U2,Horizontal,100,017,32
2018,Guanajuato,Salamanca,U2,Horizontal,20,027,11
2020,México,Otzolotepec,FC,Horizontal,273,067,15
2020,Coahuila de Zaragoza,Saltillo,U1,Vertical,210,030,05
2018,Tabasco,Emiliano Zapata,U2,Horizontal,8,007,27
2018,Chiapas,Tuxtla Gutiérrez,U2,Vertical,20,101,07
2019,Tlaxcala,Tlaxcala,U1,Horizontal,1,033,29
2019,Chiapas,Tapachula,U2,Vertical,1,089,07
2019,Guanajuato,Acámbaro,U2,Horizontal,1,002,11
2018,Aguascalientes,Jesús María,U3,Horizontal,143,005,01
2020,Yucatán,Umán,U3,Horizontal,363,101,31
2019,Coahuila de Zaragoza,Monclova,U2,Horizontal,115,018,05
2018,México,Toluca,U1,Horizontal,168,106,15
2020,Chihuahua,Guachochi,FC,Horizontal,115,027,08
2020,Tlaxcala,Huamantla,U1,Horizontal,2,013,29
2018,Puebla,Tehuacán,U3,Horizontal,156,156,21
2020,Michoacán de Ocampo,La Piedad,U1,Horizontal,44,069,16
2020,Nuevo León,General Escobedo,U3,Horizontal,825,021,19
2020,Sonora,Cananea,U2,Horizontal,14,019,26
2018,Puebla,Izúcar de Matamoros,U2,Vertical,3,085,21
2019,Aguascalientes,Rincón de Romos,U3,Horizontal,8,007,01
2020,Tlaxcala,Papalotla de Xicohténcatl,U2,Horizontal,2,041,29
2020,Michoacán de Ocampo,Sahuayo,U3,Horizontal,32,076,16
2020,San Luis Potosí,Rioverde,U3,Horizontal,21,024,24
2019,Guanajuato,San José Iturbide,FC,Horizontal,91,032,11
2019,Aguascalientes,Pabellón de Arteaga,U2,Horizontal,52,006,01
2018,Coahuila de Zaragoza,Allende,U1,Horizontal,4,003,05
2018,México,Melchor Ocampo,U3,Horizontal,43,053,15
2018,Puebla,Huejotzingo,U1,Horizontal,100,074,21
2018,Coahuila de Zaragoza,Francisco I. Madero,U2,Horizontal,15,009,05
2018,Chiapas,Tapachula,U2,Vertical,112,089,07
2018,Sinaloa,Ahome,U3,Horizontal,809,001,25
2020,Sinaloa,Culiacán,U3,Horizontal,1092,006,25
2020,Michoacán de Ocampo,Zitácuaro,U3,Horizontal,3,112,16
2020,Querétaro,San Juan del Río,FC,Horizontal,200,016,22
2020,Puebla,Teziutlán,U3,Horizontal,28,174,21
2018,Guanajuato,Salamanca,FC,Horizontal,396,027,11
2018,Hidalgo,Apan,U2,Horizontal,7,008,13
2018,Jalisco,Zapopan,U1,Horizontal,8,120,14
2018,Guanajuato,San Francisco del Rincón,U2,Vertical,48,031,11
2018,Baja California Sur,Comondú,U1,Horizontal,1,001,03
2020,Oaxaca,Matías Romero Avendaño,U1,Horizontal,1,057,20
2020,Querétaro,Corregidora,U3,Vertical,124,006,22
2018,Oaxaca,Santa María Atzompa,U3,Horizontal,23,399,20
2018,Chihuahua,Jiménez,U2,Horizontal,21,036,08
2020,Baja California,Mexicali,U1,Horizontal,260,002,02
2018,Hidalgo,Epazoyucan,FC,Horizontal,11,022,13
2019,Durango,Durango,U3,Vertical,120,005,10
2018,Veracruz de Ignacio de la Llave,Veracruz,U3,Vertical,1336,193,30
2018,Guerrero,Acapulco de Juárez,U3,Horizontal,174,001,12
2019,Nuevo León,Salinas Victoria,U2,Horizontal,39,045,19
2019,Nayarit,Santiago Ixcuintla,FC,Horizontal,2,015,18
2018,Michoacán de Ocampo,Hidalgo,U1,Horizontal,2,034,16
2019,Aguascalientes,Aguascalientes,U1,Horizontal,178,001,01
2020,Tlaxcala,Apetatitlán de Antonio Carvajal,U2,Horizontal,2,002,29
2020,Tlaxcala,Tlaxco,U3,Vertical,1,034,29
2020,Jalisco,Tepatitlán de Morelos,U1,Horizontal,7,093,14
2020,Tamaulipas,Matamoros,U1,Horizontal,45,022,28
2019,Hidalgo,Tizayuca,U3,Horizontal,1897,069,13
2018,Puebla,San Salvador el Verde,U3,Horizontal,10,143,21
2019,México,Lerma,U1,Horizontal,7,051,15
2018,Nuevo León,Apodaca,U2,Horizontal,788,006,19
2020,Jalisco,Puerto Vallarta,U2,Horizontal,38,067,14
2018,Tamaulipas,Tampico,U1,Horizontal,12,038,28
2018,México,Lerma,U2,Horizontal,3,051,15
2020,Nuevo León,Cadereyta Jiménez,U3,Horizontal,219,009,19
2020,Nayarit,Tepic,U3,Horizontal,90,017,18
2018,Sonora,Empalme,U1,Horizontal,1,025,26
2020,Aguascalientes,Pabellón de Arteaga,U2,Horizontal,8,006,01
2020,Hidalgo,Tula de Allende,U3,Horizontal,1,076,13
2020,Puebla,Zacatlán,U2,Horizontal,6,208,21
2018,Jalisco,Puerto Vallarta,U3,Horizontal,197,067,14
2019,Ciudad de México,Álvaro Obregón,U1,Vertical,10,010,09
2019,Sinaloa,Culiacán,FC,Horizontal,41,006,25
2019,Guanajuato,Salamanca,FC,Horizontal,338,027,11
2018,Zacatecas,Calera,U3,Horizontal,45,005,32
2019,Guanajuato,Apaseo el Grande,FC,Vertical,598,005,11
2019,Guanajuato,León,U3,Horizontal,1616,020,11
2020,Hidalgo,Tepeji del Río de Ocampo,U2,Horizontal,16,063,13
2019,Querétaro,Querétaro,FC,Vertical,60,014,22
2018,Colima,Armería,U1,Horizontal,1,001,06
2018,Oaxaca,Oaxaca de Juárez,U2,Horizontal,1,067,20
2020,San Luis Potosí,San Luis Potosí,U2,Vertical,75,028,24
2019,Sinaloa,Navolato,U2,Horizontal,28,018,25
2019,Veracruz de Ignacio de la Llave,Orizaba,U2,Horizontal,48,118,30
2020,Zacatecas,Ojocaliente,U2,Horizontal,1,036,32
2018,Coahuila de Zaragoza,Castaños,U2,Horizontal,44,006,05
2018,Yucatán,Kanasín,FC,Horizontal,92,041,31
2018,Yucatán,Kanasín,U3,Horizontal,1133,041,31
2018,Hidalgo,Pachuca de Soto,U2,Horizontal,12,048,13
2018,Morelos,Yecapixtla,FC,Vertical,256,030,17
2018,Jalisco,San Pedro Tlaquepaque,U3,Vertical,146,098,14
2022,Nuevo León,Guadalupe,U3,Horizontal,17,026,19
2023,Guerrero,Chilpancingo de los Bravo,U2,Horizontal,11,029,12
2021,Querétaro,San Juan del Río,U1,Horizontal,15,016,22
2023,Coahuila de Zaragoza,San Buenaventura,U2,Horizontal,50,031,05
2023,Quintana Roo,Benito Juárez,U1,Horizontal,174,005,23
2021,Nayarit,Bahía de Banderas,FC,Vertical,219,020,18
2021,Sonora,Navojoa,U3,Horizontal,86,042,26
2022,Chihuahua,Ascensión,FC,Horizontal,66,005,08
2022,Tamaulipas,Reynosa,U1,Horizontal,51,032,28
2021,San Luis Potosí,Ciudad Valles,U2,Horizontal,24,013,24
2023,Morelos,Cuautla,U1,Horizontal,6,006,17
2022,Durango,Lerdo,U1,Horizontal,60,012,10
2023,Chiapas,Tapachula,U3,Vertical,6,089,07
2023,Hidalgo,Tulancingo de Bravo,U1,Horizontal,9,077,13
2023,Michoacán de Ocampo,Sahuayo,U3,Horizontal,4,076,16
2022,Tlaxcala,Santa Isabel Xiloxoxtla,U2,Horizontal,1,060,29
2021,Sinaloa,Navolato,U2,Horizontal,68,018,25
2021,Jalisco,Zapopan,U2,Horizontal,1,120,14
2022,Guerrero,Zihuatanejo de Azueta,U3,Vertical,3,038,12
2022,Yucatán,Mérida,U2,Horizontal,210,050,31
2023,Jalisco,San Pedro Tlaquepaque,U1,Horizontal,26,098,14
2022,Baja California Sur,Loreto,FC,Horizontal,3,009,03
2023,Querétaro,Corregidora,U3,Horizontal,98,006,22
2023,Jalisco,Ayotlán,FC,Horizontal,21,016,14
2023,Tamaulipas,Nuevo Laredo,U1,Horizontal,254,027,28
2021,Jalisco,Etzatlán,FC,Horizontal,19,036,14
2021,Guanajuato,San Felipe,U2,Horizontal,46,030,11
2022,Puebla,Tehuacán,U1,Horizontal,117,156,21
2023,Colima,Colima,U3,Horizontal,80,002,06
2022,Michoacán de Ocampo,Puruándiro,U2,Horizontal,1,071,16
2022,Puebla,Puebla,U3,Horizontal,135,114,21
2022,Hidalgo,Pachuca de Soto,U2,Horizontal,12,048,13
2022,Guanajuato,Salamanca,FC,Vertical,96,027,11
2021,Coahuila de Zaragoza,Monclova,U2,Horizontal,56,018,05
2021,Veracruz de Ignacio de la Llave,Medellín de Bravo,U2,Horizontal,165,105,30
2022,Michoacán de Ocampo,Zamora,FC,Horizontal,30,108,16
2021,Baja California,Tecate,FC,Horizontal,8,003,02
2022,Nayarit,Tepic,U3,Horizontal,12,017,18
2022,México,Melchor Ocampo,U3,Horizontal,378,053,15
2021,Coahuila de Zaragoza,Múzquiz,U3,Horizontal,183,020,05
2023,Nayarit,Bahía de Banderas,U3,Horizontal,310,020,18
2021,Colima,Colima,U2,Vertical,2,002,06
2023,Durango,Durango,U2,Vertical,18,005,10
2022,Nuevo León,Pesquería,FC,Vertical,30,041,19
2022,Hidalgo,Mineral de la Reforma,U1,Horizontal,2,051,13
2022,Coahuila de Zaragoza,Matamoros,FC,Horizontal,40,017,05
2021,Jalisco,Zapotlanejo,U2,Horizontal,13,124,14
2023,Ciudad de México,Iztacalco,U2,Vertical,1,006,09
2022,Puebla,Zacapoaxtla,U1,Horizontal,2,207,21
2022,Chiapas,Tapachula,FC,Horizontal,151,089,07
2021,San Luis Potosí,Tamuín,U1,Horizontal,1,040,24
2021,Tlaxcala,San Pablo del Monte,U1,Vertical,8,025,29
2023,Sonora,Caborca,U1,Horizontal,15,017,26
2021,Nayarit,Compostela,U1,Horizontal,1,004,18
2021,Durango,Gómez Palacio,U3,Horizontal,21,007,10
2022,Veracruz de Ignacio de la Llave,Córdoba,U3,Horizontal,18,044,30
2023,Colima,Villa de Álvarez,U2,Horizontal,34,010,06
2021,Hidalgo,Santiago Tulantepec de Lugo Guerrero,U3,Horizontal,9,056,13
2023,Hidalgo,Ixmiquilpan,U2,Horizontal,3,030,13
2023,Puebla,Cuetzalan del Progreso,FC,Horizontal,1,043,21
2021,Oaxaca,Santa Lucía del Camino,U1,Horizontal,1,390,20
2021,Baja California,Mexicali,U2,Horizontal,285,002,02
2023,Veracruz de Ignacio de la Llave,Huiloapan de Cuauhtémoc,U2,Horizontal,5,074,30
2022,Nuevo León,Pesquería,FC,Horizontal,1286,041,19
2023,Quintana Roo,Solidaridad,U3,Vertical,2186,008,23
2023,Querétaro,El Marqués,FC,Vertical,1606,011,22
2022,Jalisco,Puerto Vallarta,U2,Vertical,18,067,14
2023,Jalisco,Tonalá,U2,Vertical,698,101,14
2021,Chiapas,Tuxtla Gutiérrez,U3,Horizontal,4,101,07
2021,Chihuahua,Cuauhtémoc,U3,Horizontal,441,017,08
2021,Nuevo León,Apodaca,U3,Horizontal,1424,006,19
2021,Guerrero,Tixtla de Guerrero,U2,Horizontal,8,061,12
2022,Puebla,Teziutlán,U2,Vertical,20,174,21
2022,Sinaloa,Ahome,U2,Horizontal,70,001,25
2022,Sinaloa,Concordia,FC,Horizontal,3,004,25
2023,Querétaro,Querétaro,U3,Vertical,488,014,22
2023,Hidalgo,Mixquiahuala de Juárez,FC,Horizontal,1,041,13
2022,Morelos,Xochitepec,U2,Vertical,84,028,17
2023,México,La Paz,U2,Horizontal,13,070,15
2021,Sonora,Hermosillo,U1,Horizontal,1,030,26
2022,Guanajuato,San José Iturbide,U3,Horizontal,133,032,11
2021,Tabasco,Centro,U2,Horizontal,7,004,27
2023,Nuevo León,Apodaca,U2,Horizontal,11,006,19
2021,Nuevo León,Cadereyta Jiménez,U1,Horizontal,1,009,19
2023,Querétaro,Querétaro,FC,Horizontal,8,014,22
2023,Morelos,Temixco,U1,Horizontal,13,018,17
2022,Jalisco,Puerto Vallarta,U3,Horizontal,77,067,14
2021,Guanajuato,León,U3,Horizontal,2831,020,11
2021,Chiapas,Tonalá,FC,Horizontal,67,097,07
2021,Coahuila de Zaragoza,San Pedro,U3,Horizontal,53,033,05
2023,México,Zumpango,U2,Horizontal,2,120,15
2023,Guerrero,Chilpancingo de los Bravo,U1,Horizontal,16,029,12
2022,Tamaulipas,Altamira,U3,Horizontal,81,003,28
2021,Baja California Sur,Comondú,U2,Horizontal,12,001,03
2023,Sonora,Agua Prieta,U2,Horizontal,31,002,26
2021,Tamaulipas,Río Bravo,U2,Horizontal,57,033,28
2023,Michoacán de Ocampo,La Piedad,U3,Horizontal,8,069,16
2022,Chihuahua,Chihuahua,FC,Horizontal,61,019,08
2023,Veracruz de Ignacio de la Llave,Tuxpan,U2,Horizontal,28,189,30
2022,Yucatán,Temax,FC,Horizontal,10,084,31
2023,San Luis Potosí,San Luis Potosí,U2,Horizontal,133,028,24
2023,San Luis Potosí,Soledad de Graciano Sánchez,U2,Vertical,190,035,24
2022,Colima,Colima,FC,Horizontal,6,002,06
2023,Nayarit,Bahía de Banderas,U2,Horizontal,1,020,18
2022,Sonora,Nogales,U3,Vertical,75,043,26
2022,Puebla,Cuautlancingo,U3,Horizontal,46,041,21
2022,Nayarit,Bahía de Banderas,U3,Horizontal,152,020,18
2023,Tlaxcala,Chiautempan,U2,Horizontal,4,010,29
2021,Chihuahua,Cuauhtémoc,U1,Horizontal,6,017,08
2023,Chiapas,Tonalá,FC,Horizontal,41,097,07
2022,Tlaxcala,Tzompantepec,U2,Vertical,3,038,29
2023,Colima,Villa de Álvarez,U3,Horizontal,544,010,06
2022,Yucatán,Kanasín,U3,Vertical,96,041,31
2023,México,Calimaya,U3,Horizontal,194,018,15
2023,Tabasco,Nacajuca,U1,Horizontal,1,013,27
2021,Jalisco,Tlajomulco de Zúñiga,U2,Horizontal,533,097,14
2022,Ciudad de México,Gustavo A. Madero,U2,Vertical,24,005,09
2021,Guanajuato,Pénjamo,U1,Horizontal,7,023,11
2023,Tlaxcala,Tlaxcala,U2,Vertical,16,033,29
2021,Sinaloa,Culiacán,U2,Vertical,268,006,25
2021,Jalisco,Tepatitlán de Morelos,FC,Horizontal,17,093,14
2023,Nuevo León,Juárez,U1,Horizontal,322,031,19
2022,Nuevo León,Santa Catarina,U2,Horizontal,42,048,19
2021,Oaxaca,Heroica Ciudad de Huajuapan de León,U3,Horizontal,1,039,20
2022,San Luis Potosí,Matehuala,U1,Horizontal,1,020,24
2022,Baja California,Tecate,U3,Horizontal,3,003,02
2022,Hidalgo,Actopan,U2,Vertical,1,003,13
2021,Colima,Coquimatlán,FC,Horizontal,37,004,06
2022,Hidalgo,Tizayuca,U3,Horizontal,1274,069,13
2023,México,Nicolás Romero,U2,Horizontal,1,060,15
2022,Chihuahua,Nuevo Casas Grandes,U3,Horizontal,25,050,08
2021,Chihuahua,Hidalgo del Parral,U1,Horizontal,19,032,08
2021,Hidalgo,Tizayuca,FC,Horizontal,419,069,13
2022,Yucatán,Motul,U2,Horizontal,2,052,31
2021,Campeche,Campeche,U2,Horizontal,74,002,04
2023,San Luis Potosí,Rioverde,U3,Horizontal,73,024,24
2023,Guanajuato,Salamanca,FC,Vertical,192,027,11
2023,Guanajuato,Silao de la Victoria,U3,Vertical,126,037,11
2021,Querétaro,Pedro Escobedo,FC,Horizontal,110,012,22
2022,Guanajuato,León,FC,Vertical,18,020,11
2023,Sonora,Cajeme,U2,Horizontal,94,018,26
2021,Tamaulipas,Reynosa,U2,Vertical,230,032,28
2023,Guerrero,Iguala de la Independencia,U2,Vertical,96,035,12
2021,Guanajuato,Uriangato,U2,Horizontal,1,041,11
2022,Campeche,Campeche,U2,Vertical,16,002,04
2022,Michoacán de Ocampo,Tarímbaro,U2,Horizontal,20,088,16
2022,Yucatán,Umán,U3,Vertical,125,101,31
2023,Durango,Lerdo,U3,Horizontal,31,012,10
2021,Michoacán de Ocampo,Tarímbaro,U3,Vertical,4,088,16
2022,Puebla,Teziutlán,U2,Horizontal,91,174,21
2022,Yucatán,Tizimín,U2,Horizontal,1,096,31
2022,Sonora,Nogales,U3,Horizontal,367,043,26
2021,Nuevo León,Guadalupe,U1,Horizontal,156,026,19
2021,Coahuila de Zaragoza,Ramos Arizpe,U3,Horizontal,343,027,05
2021,Sonora,Nogales,U3,Vertical,237,043,26
2022,Chiapas,Tapachula,U2,Vertical,49,089,07
2022,Coahuila de Zaragoza,Piedras Negras,U1,Horizontal,65,025,05
2021,Tlaxcala,Tetla de la Solidaridad,U2,Horizontal,17,031,29
2023,Coahuila de Zaragoza,Allende,U1,Horizontal,3,003,05
2021,Ciudad de México,Benito Juárez,U1,Vertical,43,014,09
2022,Jalisco,Puerto Vallarta,FC,Vertical,318,067,14
2022,Chiapas,Tapachula,U3,Vertical,1,089,07
2022,Zacatecas,Fresnillo,U1,Horizontal,7,010,32
2021,Aguascalientes,Rincón de Romos,U1,Horizontal,4,007,01
2023,Guanajuato,Celaya,FC,Horizontal,4,007,11
2023,México,Zinacantepec,U3,Horizontal,19,118,15
2022,Tamaulipas,Valle Hermoso,U2,Horizontal,8,040,28
2021,Zacatecas,Zacatecas,FC,Horizontal,1045,056,32
2022,Veracruz de Ignacio de la Llave,Veracruz,U3,Horizontal,782,193,30
2021,Coahuila de Zaragoza,Monclova,U3,Horizontal,23,018,05
2022,Chihuahua,Aquiles Serdán,FC,Horizontal,20,004,08
2022,Michoacán de Ocampo,Zinapécuaro,U3,Horizontal,1,110,16
2021,Zacatecas,Guadalupe,U2,Horizontal,54,017,32
2023,Morelos,Yecapixtla,FC,Vertical,320,030,17
2022,Hidalgo,Ixmiquilpan,U1,Horizontal,2,030,13
2022,Tamaulipas,Tampico,U2,Vertical,20,038,28
2021,Nuevo León,General Escobedo,FC,Horizontal,1087,021,19
2023,Coahuila de Zaragoza,Castaños,U2,Horizontal,22,006,05
2022,Veracruz de Ignacio de la Llave,Fortín,U3,Horizontal,3,068,30
2021,Chiapas,Comitán de Domínguez,U2,Horizontal,12,019,07
2021,Michoacán de Ocampo,Marcos Castellanos,FC,Horizontal,1,051,16
2022,Quintana Roo,Tulum,FC,Horizontal,10,009,23
2021,Oaxaca,Oaxaca de Juárez,U2,Vertical,49,067,20
2022,Sonora,Guaymas,U3,Horizontal,209,029,26
2021,Nuevo León,Montemorelos,U2,Horizontal,24,038,19
2022,Baja California,Mexicali,U2,Horizontal,151,002,02
2021,Jalisco,Tonalá,U2,Vertical,480,101,14
2023,Veracruz de Ignacio de la Llave,Fortín,U3,Horizontal,99,068,30
2022,Veracruz de Ignacio de la Llave,Boca del Río,FC,Horizontal,54,028,30
2023,Jalisco,Zapotlanejo,FC,Horizontal,3,124,14
2021,Tlaxcala,Yauhquemehcan,U2,Vertical,66,043,29
2023,Tlaxcala,Tlaxcala,U1,Horizontal,64,033,29
2023,Zacatecas,Jerez,U3,Horizontal,7,020,32
2022,Ciudad de México,Iztacalco,U2,Vertical,2,006,09
2023,Nayarit,Tepic,U1,Vertical,5,017,18
2021,México,Otzolotepec,FC,Vertical,91,067,15
2023,Campeche,Seybaplaya,FC,Horizontal,5,012,04
2023,Puebla,Tianguismanalco,FC,Vertical,32,175,21
2021,Quintana Roo,Tulum,FC,Vertical,2898,009,23
2022,Chiapas,Tapachula,U3,Horizontal,78,089,07
2023,Quintana Roo,Othón P. Blanco,U2,Horizontal,29,004,23
2022,Hidalgo,Pachuca de Soto,U3,Horizontal,271,048,13
2023,Quintana Roo,Solidaridad,FC,Vertical,905,008,23
2023,México,Xonacatlán,U2,Horizontal,1,115,15
2022,Tamaulipas,Altamira,U2,Horizontal,114,003,28
2023,Veracruz de Ignacio de la Llave,Emiliano Zapata,U3,Vertical,425,065,30
2021,Coahuila de Zaragoza,Acuña,U2,Horizontal,144,002,05
2022,Colima,Colima,U3,Horizontal,183,002,06
2023,San Luis Potosí,San Luis Potosí,U1,Vertical,6,028,24
2023,Aguascalientes,Jesús María,U1,Horizontal,6,005,01
2022,Nayarit,Santiago Ixcuintla,U3,Horizontal,3,015,18
2021,Nuevo León,Salinas Victoria,FC,Horizontal,609,045,19
2023,Puebla,Teziutlán,U2,Horizontal,104,174,21
2021,Veracruz de Ignacio de la Llave,Veracruz,U2,Vertical,104,193,30
2021,Tlaxcala,Chiautempan,U3,Horizontal,4,010,29
2021,Nayarit,Ixtlán del Río,U2,Horizontal,1,006,18
2023,Chihuahua,Juárez,U3,Horizontal,160,037,08
2021,Veracruz de Ignacio de la Llave,Tuxpan,U3,Vertical,50,189,30
2023,Coahuila de Zaragoza,San Juan de Sabinas,U2,Horizontal,1,032,05
2021,San Luis Potosí,Soledad de Graciano Sánchez,FC,Vertical,10,035,24
2021,México,Calimaya,U3,Horizontal,211,018,15
2023,Veracruz de Ignacio de la Llave,Tantoyuca,U2,Horizontal,1,155,30
2021,Veracruz de Ignacio de la Llave,San Andrés Tuxtla,U2,Horizontal,8,141,30
2021,Guerrero,Chilpancingo de los Bravo,U3,Vertical,254,029,12
2022,Jalisco,Ameca,U3,Horizontal,5,006,14
2021,Yucatán,Kanasín,FC,Horizontal,436,041,31
2022,Morelos,Jiutepec,U2,Horizontal,2,011,17
2022,Baja California,Tijuana,U3,Vertical,880,004,02
2021,Tabasco,Comalcalco,FC,Horizontal,1,005,27
2021,Tamaulipas,Victoria,FC,Horizontal,2,041,28
2021,Guerrero,Chilpancingo de los Bravo,U1,Vertical,78,029,12
2021,Tabasco,Nacajuca,FC,Horizontal,1,013,27
2021,Guanajuato,Celaya,FC,Horizontal,5,007,11
2022,Sonora,San Luis Río Colorado,U3,Horizontal,64,055,26
2021,Veracruz de Ignacio de la Llave,Nogales,U2,Horizontal,3,115,30
2021,Sinaloa,Mazatlán,U3,Horizontal,842,012,25
2023,Sonora,Huatabampo,U3,Horizontal,39,033,26
2022,Chihuahua,Chihuahua,U3,Horizontal,484,019,08
2021,Yucatán,Conkal,U3,Horizontal,61,013,31
2023,Nuevo León,García,FC,Horizontal,740,018,19
2022,Quintana Roo,Cozumel,U3,Horizontal,96,001,23
2022,Veracruz de Ignacio de la Llave,Medellín de Bravo,U3,Vertical,354,105,30
2023,Michoacán de Ocampo,Tarímbaro,U2,Horizontal,16,088,16
2021,Jalisco,Puerto Vallarta,FC,Horizontal,120,067,14
2022,Colima,Coquimatlán,U3,Horizontal,4,004,06
2021,Coahuila de Zaragoza,Torreón,FC,Horizontal,432,035,05
2021,Guanajuato,Celaya,U2,Horizontal,31,007,11
2021,Querétaro,Corregidora,FC,Horizontal,168,006,22
2022,Jalisco,Tonalá,FC,Horizontal,542,101,14
2022,Quintana Roo,Solidaridad,U2,Vertical,28,008,23
2022,Baja California Sur,La Paz,U1,Horizontal,3,003,03
2021,Veracruz de Ignacio de la Llave,Ixtaczoquitlán,U3,Vertical,144,085,30
2021,Guanajuato,León,FC,Horizontal,329,020,11
2022,Hidalgo,Zapotlán de Juárez,FC,Horizontal,3,082,13
2021,Coahuila de Zaragoza,Acuña,U1,Horizontal,371,002,05
2022,Nuevo León,El Carmen,U3,Horizontal,1231,010,19
2023,Tamaulipas,Nuevo Laredo,U3,Horizontal,409,027,28
2022,Puebla,Coronango,U3,Vertical,136,034,21
2022,Jalisco,Zapopan,U3,Vertical,1174,120,14
2021,Sonora,Empalme,U3,Horizontal,66,025,26
2021,Tlaxcala,Chiautempan,U1,Horizontal,1,010,29
2023,Guerrero,Chilpancingo de los Bravo,U3,Vertical,41,029,12
2023,Nuevo León,El Carmen,FC,Horizontal,588,010,19
2022,México,Huehuetoca,U3,Vertical,294,035,15
2022,Nuevo León,Linares,U2,Horizontal,16,033,19
2023,Colima,Villa de Álvarez,U1,Horizontal,34,010,06
2023,Baja California,Ensenada,U2,Horizontal,3,001,02
2021,San Luis Potosí,Soledad de Graciano Sánchez,U2,Horizontal,190,035,24
2023,Puebla,Izúcar de Matamoros,U2,Horizontal,18,085,21
2022,Sonora,Puerto Peñasco,FC,Horizontal,3,048,26
2023,Nuevo León,General Zuazua,FC,Horizontal,1081,025,19
2021,México,Huehuetoca,U3,Horizontal,387,035,15
2021,Tlaxcala,San Pablo del Monte,U2,Vertical,28,025,29
2022,Sinaloa,Culiacán,U1,Horizontal,94,006,25
2023,Chihuahua,Jiménez,U2,Horizontal,12,036,08
2022,México,Cuautitlán,U3,Horizontal,163,024,15
2021,San Luis Potosí,Ciudad Valles,U3,Vertical,11,013,24
2021,Michoacán de Ocampo,Jiquilpan,U2,Horizontal,20,045,16
2021,Coahuila de Zaragoza,San Juan de Sabinas,U3,Horizontal,178,032,05
2023,Tabasco,Nacajuca,U3,Horizontal,31,013,27
2022,Jalisco,Zapopan,FC,Vertical,132,120,14
2022,Tamaulipas,Nuevo Laredo,U3,Horizontal,402,027,28
2022,Durango,Gómez Palacio,U2,Horizontal,461,007,10
2021,Guerrero,Acapulco de Juárez,U3,Vertical,119,001,12
2021,Sinaloa,Ahome,FC,Horizontal,35,001,25
2023,Ciudad de México,Miguel Hidalgo,U2,Vertical,69,016,09
2022,Baja California,Tijuana,FC,Horizontal,40,004,02
2021,Veracruz de Ignacio de la Llave,Emiliano Zapata,U3,Vertical,556,065,30
2023,Chihuahua,Delicias,U3,Horizontal,52,021,08
2021,Guanajuato,San José Iturbide,FC,Horizontal,98,032,11
2021,Jalisco,Tonalá,U2,Horizontal,125,101,14
2023,Sonora,Huatabampo,FC,Horizontal,6,033,26
2021,México,Almoloya de Juárez,U3,Horizontal,107,005,15
2022,Yucatán,Kanasín,U2,Horizontal,67,041,31
2022,Michoacán de Ocampo,La Piedad,U2,Horizontal,271,069,16
2022,Nuevo León,General Escobedo,FC,Horizontal,629,021,19
2021,Puebla,Zacapoaxtla,FC,Horizontal,1,207,21
2021,Tlaxcala,Zacatelco,U2,Horizontal,10,044,29
2022,Guanajuato,Villagrán,FC,Horizontal,58,044,11
2023,Guanajuato,San Felipe,U2,Horizontal,7,030,11
2022,Tlaxcala,Tepetitla de Lardizábal,U2,Horizontal,1,019,29
2023,Tlaxcala,Tzompantepec,FC,Vertical,6,038,29
2022,Michoacán de Ocampo,Lázaro Cárdenas,U1,Horizontal,9,052,16
2022,Colima,Villa de Álvarez,U3,Horizontal,752,010,06
2021,Hidalgo,Mineral de la Reforma,U2,Horizontal,48,051,13
2023,Tamaulipas,Reynosa,U2,Horizontal,99,032,28
2021,Morelos,Yautepec,U3,Vertical,30,029,17
2022,Puebla,San Martín Texmelucan,U2,Horizontal,41,132,21
2022,México,Ixtapaluca,FC,Vertical,8,039,15
2021,Ciudad de México,Cuajimalpa de Morelos,U1,Horizontal,1,004,09
2021,México,Zumpango,U2,Vertical,38,120,15
2023,Baja California Sur,La Paz,U2,Horizontal,7,003,03
2023,Veracruz de Ignacio de la Llave,Xalapa,U2,Vertical,1,087,30
2021,Guerrero,Iguala de la Independencia,U1,Horizontal,72,035,12
2023,Zacatecas,Loreto,U2,Horizontal,5,024,32
2023,Chiapas,Tapachula,FC,Horizontal,83,089,07
2022,Querétaro,Corregidora,U3,Horizontal,141,006,22
2022,Sinaloa,Mazatlán,U3,Vertical,472,012,25
2021,Guanajuato,Villagrán,U3,Vertical,144,044,11
2021,Sonora,Puerto Peñasco,U1,Horizontal,20,048,26
2022,Nuevo León,Salinas Victoria,U3,Horizontal,1333,045,19
2023,Zacatecas,Villanueva,FC,Horizontal,1,055,32
2023,Nayarit,Compostela,U3,Horizontal,4,004,18
2021,Sonora,Cajeme,U3,Horizontal,607,018,26
2021,Querétaro,San Juan del Río,FC,Horizontal,321,016,22
2023,Hidalgo,Mineral de la Reforma,FC,Horizontal,4,051,13
2021,Guanajuato,Acámbaro,U2,Horizontal,4,002,11
2023,Nuevo León,Cadereyta Jiménez,FC,Horizontal,165,009,19
2021,Nayarit,Bahía de Banderas,U3,Vertical,473,020,18
2023,Coahuila de Zaragoza,Matamoros,U3,Horizontal,73,017,05
2023,Hidalgo,Apan,U3,Horizontal,15,008,13
2021,Querétaro,Querétaro,FC,Horizontal,182,014,22
2021,Puebla,Coronango,U2,Horizontal,4,034,21
2021,Veracruz de Ignacio de la Llave,Álamo Temapache,U3,Horizontal,3,160,30
2021,Michoacán de Ocampo,Hidalgo,FC,Horizontal,4,034,16
2023,Guanajuato,San Francisco del Rincón,U3,Horizontal,44,031,11
2023,Michoacán de Ocampo,Morelia,U3,Horizontal,918,053,16
2023,Sonora,San Luis Río Colorado,U1,Horizontal,11,055,26
2021,Querétaro,San Juan del Río,U3,Horizontal,494,016,22
2022,Tabasco,Centro,U3,Horizontal,5,004,27
2021,Sinaloa,Mazatlán,U1,Vertical,1,012,25
2023,Tlaxcala,Yauhquemehcan,U2,Horizontal,10,043,29
2021,Puebla,Chignahuapan,U3,Horizontal,4,053,21
2021,Tlaxcala,Apizaco,U2,Vertical,3,005,29
2022,Nayarit,Xalisco,U2,Horizontal,4,008,18
2022,Sonora,Magdalena,U3,Horizontal,24,036,26
2021,Nayarit,Tepic,U1,Vertical,2,017,18
2022,Puebla,Atempan,U1,Horizontal,1,017,21
2023,Hidalgo,Tolcayuca,FC,Horizontal,1070,075,13
2022,Coahuila de Zaragoza,Frontera,U1,Horizontal,27,010,05
2022,Chihuahua,Cuauhtémoc,U1,Horizontal,16,017,08
2022,Michoacán de Ocampo,Jiquilpan,U3,Vertical,3,045,16
2022,Nuevo León,Ciénega de Flores,FC,Horizontal,109,012,19
2021,Puebla,Amozoc,U2,Vertical,5,015,21
2023,Puebla,Teziutlán,U1,Horizontal,41,174,21
2023,Yucatán,Umán,U3,Vertical,176,101,31
2021,Campeche,Seybaplaya,FC,Horizontal,3,012,04
2022,México,Tlalnepantla de Baz,U1,Horizontal,7,104,15
2022,Colima,Comala,FC,Horizontal,2,003,06
2021,Chiapas,Pichucalco,FC,Horizontal,3,068,07
2022,Guanajuato,Celaya,FC,Horizontal,28,007,11
2021,Veracruz de Ignacio de la Llave,Fortín,FC,Horizontal,1,068,30
2022,Michoacán de Ocampo,Uruapan,U2,Horizontal,2,102,16
2023,Guerrero,Ometepec,FC,Horizontal,28,046,12
2021,Hidalgo,Zempoala,U1,Horizontal,52,083,13
2023,México,Huehuetoca,U3,Horizontal,682,035,15
2022,Aguascalientes,Jesús María,U3,Horizontal,285,005,01
2023,San Luis Potosí,Soledad de Graciano Sánchez,U3,Horizontal,520,035,24
2022,Sinaloa,Salvador Alvarado,U3,Horizontal,116,015,25
2021,San Luis Potosí,Soledad de Graciano Sánchez,U1,Vertical,6,035,24
2023,Veracruz de Ignacio de la Llave,Mariano Escobedo,U3,Horizontal,7,101,30
2021,Hidalgo,Actopan,U1,Horizontal,1,003,13
2023,Puebla,Tehuacán,U1,Horizontal,47,156,21
2021,Nuevo León,El Carmen,FC,Horizontal,105,010,19
2023,Veracruz de Ignacio de la Llave,Boca del Río,FC,Horizontal,50,028,30
2023,Hidalgo,Zempoala,FC,Horizontal,1011,083,13
2023,Michoacán de Ocampo,Tarímbaro,FC,Horizontal,1,088,16
2022,Jalisco,El Salto,U3,Horizontal,1117,070,14
2022,Coahuila de Zaragoza,Saltillo,U3,Vertical,52,030,05
2023,Chihuahua,Nuevo Casas Grandes,U1,Horizontal,10,050,08
2023,Tabasco,Nacajuca,FC,Horizontal,1,013,27
2021,San Luis Potosí,Soledad de Graciano Sánchez,U1,Horizontal,57,035,24
2023,Michoacán de Ocampo,La Piedad,U1,Horizontal,1,069,16
2023,Veracruz de Ignacio de la Llave,Coatepec,U1,Vertical,3,038,30
2021,Morelos,Tlayacapan,U1,Horizontal,1,026,17
2022,Chihuahua,Ojinaga,U3,Horizontal,83,052,08
2022,Chiapas,La Libertad,FC,Horizontal,2,050,07
2021,Nuevo León,General Escobedo,U3,Horizontal,1611,021,19
2023,Guanajuato,León,FC,Horizontal,137,020,11
2023,Tlaxcala,Tzompantepec,U2,Vertical,16,038,29
2021,Tlaxcala,Tlaxco,U3,Horizontal,6,034,29
2021,Jalisco,Guadalajara,U2,Vertical,45,039,14
2021,Oaxaca,Heroica Ciudad de Huajuapan de León,U2,Horizontal,2,039,20
2021,Tlaxcala,Calpulalpan,U1,Horizontal,42,006,29
2022,Tlaxcala,Tlaxcala,U2,Vertical,8,033,29
2023,Guerrero,Ometepec,U1,Horizontal,1,046,12
2023,Coahuila de Zaragoza,Torreón,U2,Horizontal,879,035,05
2023,México,Nextlalpan,U3,Vertical,138,059,15
2022,Guerrero,Iguala de la Independencia,U2,Horizontal,1,035,12
2022,Chiapas,Tuxtla Gutiérrez,FC,Horizontal,20,101,07
2023,Tamaulipas,Matamoros,U1,Horizontal,18,022,28
2021,Tabasco,Cunduacán,U2,Horizontal,6,006,27
2021,Tamaulipas,El Mante,U2,Horizontal,26,021,28
2021,Puebla,Tehuacán,U3,Vertical,6,156,21
2023,Chiapas,San Cristóbal de las Casas,U2,Horizontal,1,078,07
2023,Tlaxcala,Zacatelco,U2,Horizontal,2,044,29
2022,Tamaulipas,Altamira,U3,Vertical,128,003,28
2021,Jalisco,San Juan de los Lagos,U3,Horizontal,338,073,14
2022,Yucatán,Mérida,U2,Vertical,6,050,31
2021,San Luis Potosí,Matehuala,U2,Horizontal,31,020,24
2023,Nayarit,Tepic,U3,Horizontal,3,017,18
2022,Tabasco,Jalpa de Méndez,U1,Horizontal,2,010,27
2022,Nuevo León,Cadereyta Jiménez,U3,Horizontal,177,009,19
2022,México,Cuautitlán Izcalli,U3,Vertical,1,121,15
2022,Michoacán de Ocampo,Tarímbaro,U3,Horizontal,116,088,16
2021,Chiapas,Tapachula,FC,Horizontal,5,089,07
2021,San Luis Potosí,Rioverde,U3,Horizontal,38,024,24
2022,Jalisco,Lagos de Moreno,U3,Horizontal,296,053,14
2021,Ciudad de México,Gustavo A. Madero,U1,Vertical,49,005,09
2021,Coahuila de Zaragoza,Torreón,U1,Horizontal,143,035,05
2023,México,Acolman,U3,Horizontal,39,002,15
2022,Puebla,Zacapoaxtla,U3,Horizontal,2,207,21
2021,Guanajuato,Salamanca,U3,Horizontal,79,027,11
2023,México,Zumpango,U3,Horizontal,473,120,15
2021,Tlaxcala,Tzompantepec,U3,Horizontal,2,038,29
2021,Puebla,Huauchinango,U2,Horizontal,6,071,21
2021,Guanajuato,Irapuato,U1,Vertical,3,017,11
2021,Yucatán,Tixkokob,FC,Horizontal,42,093,31
2023,Tamaulipas,Altamira,U3,Horizontal,20,003,28
2022,Tlaxcala,Yauhquemehcan,U2,Horizontal,24,043,29
2021,Ciudad de México,Miguel Hidalgo,U2,Vertical,68,016,09
2022,Michoacán de Ocampo,Pátzcuaro,U1,Vertical,15,066,16
2022,Sinaloa,Navolato,FC,Vertical,1,018,25
2023,Jalisco,Tlajomulco de Zúñiga,FC,Vertical,24,097,14
2021,Durango,Durango,U1,Horizontal,100,005,10
2023,Puebla,Coronango,U1,Horizontal,108,034,21
2022,Morelos,Emiliano Zapata,U2,Horizontal,115,008,17
2022,Jalisco,Ocotlán,U2,Vertical,28,063,14
2023,México,Coacalco de Berriozábal,U2,Vertical,23,020,15
2022,Aguascalientes,Aguascalientes,U2,Vertical,74,001,01
2021,Nuevo León,Pesquería,FC,Vertical,138,041,19
2021,San Luis Potosí,San Luis Potosí,U1,Horizontal,87,028,24
2021,Hidalgo,Ixmiquilpan,U1,Horizontal,3,030,13
2023,Hidalgo,Zempoala,U1,Horizontal,49,083,13
2022,Guanajuato,Moroleón,FC,Horizontal,40,021,11
2023,Veracruz de Ignacio de la Llave,Xalapa,U3,Horizontal,36,087,30
2022,Guanajuato,Salamanca,U3,Horizontal,72,027,11
2022,Nuevo León,Juárez,U1,Horizontal,105,031,19
2023,México,Zumpango,FC,Vertical,654,120,15
2021,Veracruz de Ignacio de la Llave,San Andrés Tuxtla,U3,Horizontal,36,141,30
2022,Jalisco,Tlajomulco de Zúñiga,U2,Horizontal,12,097,14
2021,Nuevo León,Pesquería,FC,Horizontal,687,041,19
2023,Sonora,Puerto Peñasco,U1,Horizontal,4,048,26
2022,Veracruz de Ignacio de la Llave,Veracruz,FC,Horizontal,28,193,30
2022,Michoacán de Ocampo,Sahuayo,U3,Horizontal,4,076,16
2022,San Luis Potosí,San Luis Potosí,U2,Horizontal,374,028,24
2022,Veracruz de Ignacio de la Llave,Tuxpan,U3,Vertical,60,189,30
2022,Puebla,Tehuacán,U2,Horizontal,58,156,21
2021,Nuevo León,Santa Catarina,U2,Horizontal,85,048,19
2022,Nayarit,Xalisco,U3,Horizontal,7,008,18
2022,Quintana Roo,Solidaridad,U2,Horizontal,344,008,23
2021,Sonora,Hermosillo,FC,Horizontal,210,030,26
2023,Chihuahua,Aldama,U2,Horizontal,22,002,08
2021,México,Chalco,U3,Horizontal,1102,025,15
2021,Veracruz de Ignacio de la Llave,Tuxpan,U2,Vertical,16,189,30
2022,Coahuila de Zaragoza,Torreón,U3,Horizontal,213,035,05
2022,Durango,Durango,U1,Horizontal,70,005,10
2022,Jalisco,Cuquío,FC,Horizontal,4,029,14
2021,Oaxaca,Santa Cruz Xoxocotlán,U3,Horizontal,45,385,20
2021,Jalisco,La Barca,U2,Horizontal,6,018,14
2022,Yucatán,Umán,U1,Horizontal,136,101,31
2023,Nayarit,Tepic,U1,Horizontal,2,017,18
2021,Sonora,San Luis Río Colorado,U1,Horizontal,195,055,26
2023,Puebla,Chignahuapan,FC,Horizontal,4,053,21
2021,Chiapas,Tapachula,U3,Horizontal,80,089,07
2021,Quintana Roo,Solidaridad,FC,Horizontal,1,008,23
2022,Aguascalientes,Jesús María,U1,Horizontal,12,005,01
2021,Tlaxcala,Tlaxco,U3,Vertical,11,034,29
2022,Sinaloa,Culiacán,U2,Vertical,75,006,25
2023,Chihuahua,Cuauhtémoc,U1,Horizontal,10,017,08
2022,Veracruz de Ignacio de la Llave,Ixtaczoquitlán,U3,Vertical,160,085,30
2021,Guanajuato,San Miguel de Allende,U1,Horizontal,1,003,11
2022,Veracruz de Ignacio de la Llave,Medellín de Bravo,U2,Horizontal,68,105,30
2022,Colima,Tecomán,U2,Horizontal,201,009,06
2023,Puebla,Cuautlancingo,U3,Horizontal,120,041,21
2023,Aguascalientes,Jesús María,U2,Horizontal,65,005,01
2021,Tamaulipas,Altamira,U3,Vertical,444,003,28
2022,Zacatecas,Guadalupe,U2,Horizontal,28,017,32
2022,Coahuila de Zaragoza,Acuña,U1,Horizontal,198,002,05
2022,Coahuila de Zaragoza,Acuña,U3,Horizontal,510,002,05
2021,Chiapas,Tuxtla Gutiérrez,U2,Horizontal,147,101,07
2023,Chiapas,Tuxtla Gutiérrez,U2,Vertical,167,101,07
2022,Baja California,Tijuana,U1,Vertical,112,004,02
2021,Yucatán,Kanasín,U2,Horizontal,234,041,31
2022,Coahuila de Zaragoza,Múzquiz,U3,Horizontal,23,020,05
2021,Tlaxcala,Yauhquemehcan,U1,Horizontal,3,043,29
2021,Durango,Lerdo,U3,Horizontal,179,012,10
2021,México,Zumpango,FC,Horizontal,127,120,15
2023,Tlaxcala,Tzompantepec,U3,Vertical,6,038,29
2022,Chiapas,Comitán de Domínguez,U2,Horizontal,47,019,07
2022,Guanajuato,San Francisco del Rincón,U1,Vertical,3,031,11
2021,Guerrero,Iguala de la Independencia,U1,Vertical,32,035,12
2023,Jalisco,Ixtlahuacán de los Membrillos,U2,Vertical,90,044,14
2023,Sinaloa,Salvador Alvarado,U3,Horizontal,70,015,25
2022,Oaxaca,San Jacinto Amilpas,U1,Horizontal,5,157,20
2023,Guerrero,Chilpancingo de los Bravo,U1,Vertical,49,029,12
2021,Nuevo León,General Zuazua,U3,Horizontal,93,025,19
2023,Hidalgo,Mineral de la Reforma,U1,Horizontal,1,051,13
2023,Aguascalientes,Rincón de Romos,U3,Horizontal,1,007,01
2023,Michoacán de Ocampo,Pátzcuaro,FC,Horizontal,9,066,16
2023,Hidalgo,Almoloya,FC,Horizontal,1,007,13
2021,Coahuila de Zaragoza,Matamoros,FC,Horizontal,36,017,05
2023,Quintana Roo,Benito Juárez,U2,Vertical,40,005,23
2021,Nuevo León,Salinas Victoria,U3,Horizontal,2477,045,19
2022,Colima,Cuauhtémoc,FC,Horizontal,95,005,06
2021,Jalisco,San Pedro Tlaquepaque,U3,Horizontal,185,098,14
2021,Nuevo León,Montemorelos,U3,Horizontal,225,038,19
2023,Colima,Tecomán,U3,Horizontal,3,009,06
2023,Chihuahua,Cuauhtémoc,U3,Horizontal,263,017,08
2022,Baja California,Tijuana,U2,Horizontal,12,004,02
2023,Yucatán,Umán,U1,Vertical,160,101,31
2021,Morelos,Jiutepec,U1,Horizontal,90,011,17
2022,Tamaulipas,Ciudad Madero,U1,Vertical,44,009,28
2022,Baja California Sur,Comondú,U3,Horizontal,8,001,03
2023,Coahuila de Zaragoza,Parras,U2,Horizontal,74,024,05
2021,Chiapas,Chiapa de Corzo,FC,Horizontal,33,027,07
2023,Chiapas,Comitán de Domínguez,U3,Horizontal,31,019,07
2021,Michoacán de Ocampo,Vista Hermosa,FC,Horizontal,49,105,16
2021,Jalisco,Ixtlahuacán de los Membrillos,U2,Vertical,84,044,14
2023,México,Otzolotepec,FC,Vertical,158,067,15
2023,Sonora,Nogales,U3,Vertical,129,043,26
2022,Chihuahua,Cuauhtémoc,FC,Horizontal,5,017,08
2021,Colima,Tecomán,U2,Horizontal,42,009,06
2021,Jalisco,Tala,U1,Horizontal,40,083,14
2022,Puebla,Zacapoaxtla,U2,Horizontal,1,207,21
2023,Veracruz de Ignacio de la Llave,Veracruz,U3,Horizontal,940,193,30
2022,Hidalgo,Zempoala,U3,Horizontal,106,083,13
2021,Michoacán de Ocampo,Apatzingán,FC,Horizontal,1,006,16
2021,Querétaro,El Marqués,U3,Horizontal,1582,011,22
2021,Michoacán de Ocampo,Morelia,FC,Horizontal,11,053,16
2021,Ciudad de México,Iztacalco,U2,Vertical,126,006,09
2021,Aguascalientes,Jesús María,U1,Horizontal,1,005,01
2021,Guanajuato,San Felipe,U3,Horizontal,115,030,11
2021,Chihuahua,Jiménez,U2,Horizontal,7,036,08
2023,Hidalgo,Zapotlán de Juárez,FC,Horizontal,3,082,13
2021,Hidalgo,Tizayuca,U3,Horizontal,2424,069,13
2022,Tabasco,Comalcalco,U3,Horizontal,2,005,27
2022,Quintana Roo,Solidaridad,U3,Horizontal,324,008,23
2021,Chihuahua,Casas Grandes,FC,Horizontal,3,013,08
2021,San Luis Potosí,Villa de Reyes,FC,Horizontal,141,050,24
2022,Morelos,Yautepec,U3,Vertical,20,029,17
2023,Sonora,Navojoa,U2,Horizontal,103,042,26
2022,Quintana Roo,Benito Juárez,U2,Horizontal,192,005,23
2021,Tamaulipas,Reynosa,U3,Horizontal,4031,032,28
2023,Zacatecas,Morelos,FC,Horizontal,1,032,32
2021,Tlaxcala,Santa Cruz Tlaxcala,U2,Horizontal,34,026,29
2022,Tamaulipas,Nuevo Laredo,U2,Horizontal,124,027,28
2022,México,Zumpango,FC,Vertical,330,120,15
2021,Jalisco,San Pedro Tlaquepaque,U2,Horizontal,244,098,14
2022,Guanajuato,Apaseo el Grande,U3,Vertical,544,005,11
2022,Ciudad de México,Azcapotzalco,U1,Vertical,288,002,09
2022,Guanajuato,Guanajuato,FC,Horizontal,49,015,11
2021,Coahuila de Zaragoza,Francisco I. Madero,U2,Horizontal,22,009,05
2023,Veracruz de Ignacio de la Llave,Veracruz,U3,Vertical,800,193,30
2023,Veracruz de Ignacio de la Llave,Coatepec,U3,Horizontal,4,038,30
2023,Jalisco,Zapopan,FC,Horizontal,215,120,14
2022,San Luis Potosí,Mexquitic de Carmona,FC,Vertical,3,021,24
2022,Querétaro,San Juan del Río,FC,Horizontal,154,016,22
2022,San Luis Potosí,Soledad de Graciano Sánchez,U2,Horizontal,448,035,24
2021,Yucatán,Valladolid,U3,Horizontal,28,102,31
2023,Zacatecas,Calera,U2,Horizontal,1,005,32
2022,Chiapas,Chiapa de Corzo,U2,Horizontal,1,027,07
2023,Puebla,Coronango,U1,Vertical,144,034,21
2023,Guanajuato,Purísima del Rincón,FC,Horizontal,6,025,11
2021,Zacatecas,Jerez,U2,Horizontal,3,020,32
2022,Coahuila de Zaragoza,Francisco I. Madero,U3,Horizontal,112,009,05
2021,Querétaro,El Marqués,FC,Vertical,1459,011,22
2022,Sonora,Hermosillo,FC,Horizontal,72,030,26
2022,Aguascalientes,Jesús María,U2,Horizontal,32,005,01
2021,Jalisco,Guadalajara,U1,Vertical,18,039,14
2021,San Luis Potosí,Soledad de Graciano Sánchez,U3,Horizontal,749,035,24
2023,Tlaxcala,Yauhquemehcan,U3,Horizontal,1,043,29
2022,Hidalgo,Mineral de la Reforma,U3,Horizontal,762,051,13
2023,México,Zumpango,U3,Vertical,472,120,15
2021,Morelos,Emiliano Zapata,U3,Horizontal,306,008,17
2023,Tabasco,Centro,FC,Vertical,80,004,27
2021,Michoacán de Ocampo,Tarímbaro,U3,Horizontal,30,088,16
2021,Tlaxcala,Xaloztoc,U1,Vertical,20,039,29
2023,Yucatán,Mérida,U3,Horizontal,2642,050,31
2022,Guerrero,Chilpancingo de los Bravo,U2,Vertical,6,029,12
2021,Guanajuato,Irapuato,U2,Horizontal,119,017,11
2022,Hidalgo,Cuautepec de Hinojosa,U3,Horizontal,30,016,13
2022,Guanajuato,San Miguel de Allende,FC,Horizontal,40,003,11
2022,Hidalgo,Atotonilco de Tula,FC,Vertical,528,013,13
2022,Zacatecas,Pinos,FC,Horizontal,5,038,32
2023,Hidalgo,Tizayuca,FC,Vertical,557,069,13
2023,Nayarit,Xalisco,U2,Vertical,6,008,18
2021,México,Soyaniquilpan de Juárez,FC,Horizontal,9,079,15
2021,Hidalgo,Tizayuca,U2,Horizontal,48,069,13
2021,Jalisco,Valle de Guadalupe,FC,Horizontal,43,111,14
2022,San Luis Potosí,San Luis Potosí,U1,Vertical,11,028,24
2023,Tamaulipas,Victoria,FC,Horizontal,123,041,28
2023,Colima,Tecomán,U2,Horizontal,48,009,06
2022,Jalisco,Tepatitlán de Morelos,U2,Horizontal,10,093,14
2023,Aguascalientes,Aguascalientes,U1,Horizontal,172,001,01
2023,Coahuila de Zaragoza,Francisco I. Madero,U2,Horizontal,4,009,05
2021,Baja California Sur,Loreto,U3,Horizontal,6,009,03
2023,Veracruz de Ignacio de la Llave,Coatepec,U3,Vertical,9,038,30
2022,Jalisco,Autlán de Navarro,U1,Horizontal,5,015,14
2023,Morelos,Atlatlahucan,FC,Horizontal,1,002,17
2023,Chiapas,Palenque,U2,Horizontal,1,065,07
2022,Morelos,Cuautla,U1,Horizontal,1,006,17
2021,Puebla,Tehuacán,U3,Horizontal,106,156,21
2022,México,Tecámac,U3,Horizontal,799,081,15
2022,Guanajuato,San Francisco del Rincón,U1,Horizontal,46,031,11
2023,Jalisco,Tala,U3,Horizontal,45,083,14
2023,México,Zinacantepec,U3,Vertical,48,118,15
2023,Sonora,Hermosillo,U3,Vertical,32,030,26
2021,Guanajuato,Irapuato,U3,Horizontal,93,017,11
2021,Coahuila de Zaragoza,Frontera,U3,Horizontal,32,010,05
2021,Guanajuato,León,FC,Vertical,137,020,11
2023,Guerrero,Iguala de la Independencia,U1,Vertical,11,035,12
2022,Hidalgo,Santiago Tulantepec de Lugo Guerrero,U3,Horizontal,5,056,13
2023,Tlaxcala,Tepetitla de Lardizábal,U2,Horizontal,8,019,29
2023,Querétaro,Querétaro,U2,Vertical,48,014,22
2023,Tamaulipas,Altamira,U2,Vertical,66,003,28
2022,San Luis Potosí,Soledad de Graciano Sánchez,U3,Vertical,160,035,24
2021,San Luis Potosí,Soledad de Graciano Sánchez,U3,Vertical,210,035,24
2023,Coahuila de Zaragoza,Allende,U2,Horizontal,146,003,05
2022,Sonora,Cajeme,U3,Horizontal,390,018,26
2023,Guanajuato,Celaya,U3,Vertical,44,007,11
2022,Oaxaca,Salina Cruz,U2,Horizontal,1,079,20
2021,Querétaro,El Marqués,U3,Vertical,1,011,22
2023,Tlaxcala,Yauhquemehcan,U2,Vertical,20,043,29
2023,Coahuila de Zaragoza,San Pedro,U3,Horizontal,55,033,05
2023,Jalisco,Tepatitlán de Morelos,FC,Horizontal,23,093,14
2022,Sonora,Empalme,U2,Horizontal,16,025,26
2023,Ciudad de México,Gustavo A. Madero,U2,Vertical,347,005,09
2022,Hidalgo,Tepeapulco,U2,Horizontal,3,061,13
2022,Jalisco,San Juan de los Lagos,U3,Horizontal,225,073,14
2022,Sinaloa,Navolato,FC,Horizontal,1,018,25
2023,Sinaloa,Culiacán,U1,Vertical,2,006,25
2021,Baja California,Tijuana,FC,Horizontal,1146,004,02
2021,Morelos,Yautepec,U3,Horizontal,48,029,17
2022,Aguascalientes,Rincón de Romos,U3,Horizontal,9,007,01
2023,Morelos,Zacatepec,FC,Horizontal,24,031,17
2021,Nayarit,Tepic,U2,Vertical,22,017,18
2022,Baja California,Tijuana,U1,Horizontal,49,004,02
2023,Tlaxcala,Apizaco,U2,Horizontal,3,005,29
2022,Quintana Roo,Tulum,FC,Vertical,2,009,23
2022,Michoacán de Ocampo,Jiquilpan,FC,Vertical,12,045,16
2023,Veracruz de Ignacio de la Llave,San Andrés Tuxtla,U3,Horizontal,8,141,30
2021,Baja California Sur,Los Cabos,U2,Vertical,20,008,03
2021,Guerrero,Acapulco de Juárez,U1,Vertical,298,001,12
2023,Sonora,Guaymas,U3,Horizontal,150,029,26
2021,Sinaloa,Navolato,U2,Vertical,2,018,25
2021,Tamaulipas,Matamoros,FC,Horizontal,37,022,28
2022,Jalisco,Encarnación de Díaz,U2,Horizontal,5,035,14
2021,Jalisco,Poncitlán,FC,Horizontal,17,066,14
2022,Coahuila de Zaragoza,Torreón,U1,Vertical,12,035,05
2023,Tamaulipas,Tampico,U1,Vertical,70,038,28
2022,Morelos,Emiliano Zapata,U1,Horizontal,5,008,17
2022,Querétaro,Corregidora,FC,Horizontal,8,006,22
2021,Guerrero,Arcelia,FC,Horizontal,1,007,12
2021,Nuevo León,Pesquería,U3,Horizontal,831,041,19
2023,Hidalgo,Tula de Allende,U3,Horizontal,1,076,13
2022,Hidalgo,Tizayuca,U3,Vertical,188,069,13
2021,Hidalgo,Ixmiquilpan,U2,Horizontal,2,030,13
2023,Zacatecas,Guadalupe,U3,Horizontal,315,017,32
2023,Michoacán de Ocampo,Morelia,U3,Vertical,816,053,16
2021,Jalisco,Tonalá,FC,Horizontal,730,101,14
2022,Jalisco,Tlajomulco de Zúñiga,U3,Horizontal,372,097,14
2021,Oaxaca,Santa María Huatulco,U3,Vertical,64,413,20
2021,Nuevo León,Guadalupe,U2,Vertical,142,026,19
2022,Guanajuato,Apaseo el Grande,FC,Vertical,6,005,11
2022,Baja California,Ensenada,U3,Horizontal,119,001,02
2022,Coahuila de Zaragoza,Sabinas,U1,Horizontal,6,028,05
2023,Hidalgo,Mineral de la Reforma,U3,Vertical,60,051,13
2022,Chihuahua,Hidalgo del Parral,U2,Horizontal,4,032,08
2022,Michoacán de Ocampo,Lázaro Cárdenas,U2,Horizontal,18,052,16
2021,México,Melchor Ocampo,U3,Horizontal,374,053,15
2021,Veracruz de Ignacio de la Llave,Tlalnelhuayocan,U2,Horizontal,17,182,30
2021,Sonora,Agua Prieta,U2,Horizontal,1,002,26
2021,Coahuila de Zaragoza,Piedras Negras,U3,Horizontal,949,025,05
2022,Yucatán,Kanasín,FC,Horizontal,168,041,31
2022,Nuevo León,Guadalupe,U2,Horizontal,15,026,19
2023,Jalisco,Lagos de Moreno,FC,Horizontal,11,053,14
2021,Durango,Gómez Palacio,U1,Horizontal,229,007,10
2023,Ciudad de México,Coyoacán,U1,Vertical,2,003,09
2023,Tlaxcala,Apetatitlán de Antonio Carvajal,U2,Horizontal,2,002,29
2023,Coahuila de Zaragoza,Frontera,U3,Horizontal,42,010,05
2023,Tlaxcala,Ixtacuixtla de Mariano Matamoros,U3,Vertical,280,015,29
2023,Sonora,Hermosillo,U1,Horizontal,2,030,26
2022,Tlaxcala,Santa Cruz Tlaxcala,U2,Horizontal,7,026,29
2022,Tlaxcala,Chiautempan,U2,Horizontal,3,010,29
2022,Jalisco,Guadalajara,U2,Vertical,52,039,14
2023,Michoacán de Ocampo,Lázaro Cárdenas,U2,Horizontal,1,052,16
2022,Oaxaca,Santa Cruz Xoxocotlán,U3,Vertical,40,385,20
2021,Coahuila de Zaragoza,Castaños,U2,Horizontal,19,006,05
2022,Morelos,Xochitepec,FC,Horizontal,166,028,17
2022,Jalisco,El Salto,U2,Horizontal,136,070,14
2021,Veracruz de Ignacio de la Llave,Córdoba,U2,Horizontal,7,044,30
2023,Guanajuato,Celaya,U2,Horizontal,20,007,11
2022,Puebla,Zaragoza,FC,Horizontal,1,211,21
2023,Yucatán,Kanasín,U2,Horizontal,140,041,31
2021,Yucatán,Valladolid,FC,Horizontal,77,102,31
2023,Baja California,Mexicali,U3,Horizontal,1853,002,02
2023,México,Coacalco de Berriozábal,U2,Horizontal,60,020,15
2021,Michoacán de Ocampo,La Piedad,U3,Horizontal,21,069,16
2023,Chihuahua,Ojinaga,U2,Horizontal,47,052,08
2022,Tamaulipas,Victoria,U3,Horizontal,167,041,28
2022,Zacatecas,Ojocaliente,U1,Horizontal,2,036,32
2022,Sonora,Navojoa,U3,Horizontal,38,042,26
2022,Baja California Sur,Los Cabos,U2,Horizontal,16,008,03
2021,México,Valle de Chalco Solidaridad,U2,Horizontal,1,122,15
2021,Zacatecas,Zacatecas,U3,Horizontal,490,056,32
2021,Hidalgo,Atotonilco de Tula,FC,Vertical,580,013,13
2022,Nuevo León,Salinas Victoria,FC,Horizontal,525,045,19
2022,Michoacán de Ocampo,Huetamo,U1,Horizontal,1,038,16
2023,Guerrero,Chilpancingo de los Bravo,U2,Vertical,6,029,12
2022,Puebla,Puebla,U1,Vertical,147,114,21
2023,Puebla,San Martín Texmelucan,U3,Vertical,90,132,21
2021,Puebla,Puebla,U2,Horizontal,141,114,21
2021,Coahuila de Zaragoza,Nava,U3,Horizontal,40,022,05
2023,Nuevo León,Cadereyta Jiménez,U2,Horizontal,473,009,19
2022,Guanajuato,Purísima del Rincón,FC,Horizontal,10,025,11
2023,Jalisco,Tonalá,U3,Horizontal,704,101,14
2021,Michoacán de Ocampo,Zamora,FC,Horizontal,46,108,16
2022,Ciudad de México,Álvaro Obregón,U1,Vertical,13,010,09
2022,Puebla,Cuautlancingo,U1,Vertical,210,041,21
2021,México,Ixtapaluca,FC,Vertical,1420,039,15
2021,Campeche,Calkiní,U1,Horizontal,10,001,04
2021,Oaxaca,Santa Cruz Xoxocotlán,U3,Vertical,104,385,20
2023,Guanajuato,Irapuato,U2,Horizontal,70,017,11
2021,Tlaxcala,Huamantla,U2,Vertical,94,013,29
2021,Tamaulipas,Río Bravo,U3,Horizontal,14,033,28
2023,Coahuila de Zaragoza,Múzquiz,U2,Horizontal,3,020,05
2023,Michoacán de Ocampo,Morelia,U1,Vertical,15,053,16
2021,Nayarit,Xalisco,U2,Vertical,27,008,18
2021,Baja California Sur,La Paz,U2,Horizontal,39,003,03
2022,Sonora,Guaymas,U2,Horizontal,36,029,26
2022,Coahuila de Zaragoza,Monclova,U1,Horizontal,113,018,05
2021,Coahuila de Zaragoza,Monclova,U1,Horizontal,132,018,05
2021,Coahuila de Zaragoza,Saltillo,U3,Horizontal,239,030,05
2023,Zacatecas,Guadalupe,FC,Horizontal,51,017,32
2022,Aguascalientes,Aguascalientes,U2,Horizontal,442,001,01
2021,Veracruz de Ignacio de la Llave,Río Blanco,U2,Horizontal,10,138,30
2023,Guanajuato,Apaseo el Grande,U3,Vertical,432,005,11
2022,Querétaro,Querétaro,U2,Vertical,202,014,22
2022,Guerrero,Chilpancingo de los Bravo,U1,Vertical,36,029,12
2021,Michoacán de Ocampo,Jiquilpan,U3,Horizontal,8,045,16
2021,Morelos,Cuernavaca,U1,Horizontal,1,007,17
2022,Guanajuato,San Miguel de Allende,U3,Horizontal,98,003,11
2022,Guanajuato,Purísima del Rincón,U2,Horizontal,57,025,11
2022,Chiapas,Villaflores,U3,Horizontal,6,108,07
2022,Puebla,Chalchicomula de Sesma,U3,Horizontal,1,045,21
2022,Coahuila de Zaragoza,Parras,U1,Horizontal,22,024,05
2023,Aguascalientes,Pabellón de Arteaga,U2,Horizontal,8,006,01
2023,Hidalgo,Santiago Tulantepec de Lugo Guerrero,U2,Horizontal,2,056,13
2023,Sonora,Empalme,U2,Horizontal,9,025,26
2022,Michoacán de Ocampo,Los Reyes,U2,Horizontal,6,075,16
2022,Campeche,Seybaplaya,FC,Horizontal,2,012,04
2023,San Luis Potosí,Matehuala,U2,Horizontal,159,020,24
2021,Nuevo León,Apodaca,U2,Horizontal,138,006,19
2023,Aguascalientes,Aguascalientes,U3,Horizontal,2789,001,01
2021,Nuevo León,Anáhuac,U3,Horizontal,52,005,19
2023,Ciudad de México,Álvaro Obregón,U1,Vertical,5,010,09
2022,Nuevo León,Ciénega de Flores,U2,Horizontal,92,012,19
2021,Colima,Colima,U1,Horizontal,242,002,06
2021,Jalisco,Tepatitlán de Morelos,U1,Horizontal,6,093,14
2022,Nuevo León,Cadereyta Jiménez,U1,Horizontal,1,009,19
2021,Chiapas,Palenque,U3,Horizontal,5,065,07
2021,Nuevo León,Cadereyta Jiménez,FC,Horizontal,221,009,19
2022,Quintana Roo,Benito Juárez,U3,Vertical,1773,005,23
2021,Sinaloa,Guasave,U2,Horizontal,27,011,25
2023,Coahuila de Zaragoza,Frontera,U1,Horizontal,10,010,05
2021,Jalisco,Unión de San Antonio,FC,Horizontal,1,109,14
2023,San Luis Potosí,Soledad de Graciano Sánchez,U2,Horizontal,64,035,24
2022,Coahuila de Zaragoza,Monclova,U3,Horizontal,80,018,05
2023,Tlaxcala,Huamantla,U2,Horizontal,2,013,29
2022,Morelos,Xochitepec,U3,Horizontal,72,028,17
2022,Michoacán de Ocampo,Pátzcuaro,FC,Horizontal,11,066,16
2022,Tamaulipas,El Mante,U1,Horizontal,1,021,28
2022,México,Chalco,U2,Horizontal,4,025,15
2022,Hidalgo,Almoloya,FC,Horizontal,2,007,13
2021,Colima,Manzanillo,U3,Horizontal,221,007,06
2023,México,Cuautitlán,U3,Horizontal,442,024,15
2023,Tlaxcala,Yauhquemehcan,U1,Horizontal,2,043,29
2021,Chihuahua,Cuauhtémoc,U2,Horizontal,182,017,08
2021,San Luis Potosí,San Luis Potosí,U3,Vertical,15,028,24
2021,Guerrero,Acapulco de Juárez,U2,Horizontal,42,001,12
2023,México,Chalco,U3,Horizontal,823,025,15
2023,Jalisco,Zapotiltic,U2,Horizontal,19,121,14
2022,Zacatecas,Calera,U3,Horizontal,52,005,32
2023,Colima,Armería,U1,Horizontal,1,001,06
2021,Jalisco,Puerto Vallarta,U1,Horizontal,9,067,14
2022,Nuevo León,Pesquería,U3,Horizontal,512,041,19
2023,Quintana Roo,Solidaridad,U2,Vertical,16,008,23
2022,Oaxaca,Oaxaca de Juárez,U2,Vertical,96,067,20
2021,Chiapas,Palenque,U1,Horizontal,4,065,07
2021,Tabasco,Cunduacán,U3,Horizontal,1,006,27
2022,México,Zinacantepec,FC,Horizontal,3,118,15
2021,Tlaxcala,Tlaxcala,U2,Vertical,56,033,29
2022,Guerrero,Chilpancingo de los Bravo,U2,Horizontal,11,029,12
2022,Guanajuato,León,U2,Vertical,236,020,11
2021,Morelos,Tlayacapan,FC,Horizontal,46,026,17
2023,Yucatán,Mérida,U1,Horizontal,205,050,31
2022,Jalisco,San Pedro Tlaquepaque,U1,Vertical,209,098,14
2021,México,Cuautitlán,U2,Horizontal,33,024,15
2021,San Luis Potosí,Ebano,U2,Horizontal,4,016,24
2021,Tamaulipas,Nuevo Laredo,U2,Horizontal,445,027,28
2022,Jalisco,Atotonilco el Alto,U1,Horizontal,64,013,14
2022,Michoacán de Ocampo,Zamora,U3,Vertical,164,108,16
2023,Nuevo León,Juárez,U2,Horizontal,1433,031,19
2021,Puebla,Cuautlancingo,U1,Horizontal,313,041,21
2022,Sonora,Cajeme,U2,Horizontal,70,018,26
2022,Tamaulipas,Matamoros,U3,Horizontal,1446,022,28
2022,Tamaulipas,Ciudad Madero,U2,Vertical,40,009,28
2022,Colima,Villa de Álvarez,U1,Horizontal,42,010,06
2021,Veracruz de Ignacio de la Llave,Orizaba,U2,Horizontal,24,118,30
2022,Nuevo León,Ciénega de Flores,U3,Horizontal,315,012,19
2022,Zacatecas,Guadalupe,U1,Horizontal,5,017,32
2021,Sinaloa,Culiacán,U3,Vertical,480,006,25
2022,Nuevo León,García,U2,Horizontal,186,018,19
2023,Sinaloa,Guasave,U2,Horizontal,21,011,25
2022,Veracruz de Ignacio de la Llave,Río Blanco,U3,Vertical,120,138,30
2021,Tamaulipas,Victoria,U2,Horizontal,30,041,28
2021,Baja California,Mexicali,U1,Vertical,6,002,02
2021,Veracruz de Ignacio de la Llave,Xalapa,FC,Vertical,30,087,30
2022,Coahuila de Zaragoza,Matamoros,U3,Horizontal,101,017,05
2023,México,Huehuetoca,U2,Horizontal,1,035,15
2021,Coahuila de Zaragoza,Morelos,FC,Horizontal,2,019,05
2022,Chihuahua,Nuevo Casas Grandes,U2,Horizontal,23,050,08
2023,Nayarit,Xalisco,U1,Horizontal,4,008,18
2023,Sinaloa,Culiacán,U2,Vertical,90,006,25
2021,Durango,Durango,FC,Vertical,528,005,10
2021,Veracruz de Ignacio de la Llave,Tlalnelhuayocan,U2,Vertical,1,182,30
2021,Nayarit,Xalisco,U3,Horizontal,10,008,18
2023,Sinaloa,Ahome,U3,Horizontal,336,001,25
2021,Jalisco,Zapopan,U2,Vertical,2,120,14
2021,Tamaulipas,Victoria,U3,Horizontal,390,041,28
2023,Zacatecas,Zacatecas,U2,Horizontal,7,056,32
2021,Guanajuato,Silao de la Victoria,U2,Vertical,450,037,11
2021,Nuevo León,García,U2,Horizontal,897,018,19
2022,Nayarit,Bahía de Banderas,FC,Vertical,120,020,18
2022,Guanajuato,Salamanca,U2,Horizontal,7,027,11
2022,Querétaro,Pedro Escobedo,FC,Horizontal,107,012,22
2022,México,Ixtapaluca,FC,Horizontal,18,039,15
2021,México,Toluca,U2,Horizontal,11,106,15
2021,Coahuila de Zaragoza,Francisco I. Madero,U1,Horizontal,57,009,05
2021,México,Zumpango,U3,Vertical,1792,120,15
2023,Jalisco,Lagos de Moreno,U2,Horizontal,96,053,14
2023,Jalisco,Ixtlahuacán de los Membrillos,U3,Horizontal,55,044,14
2021,Sinaloa,Mazatlán,U1,Horizontal,35,012,25
2021,Nuevo León,Cadereyta Jiménez,U3,Horizontal,947,009,19
2022,Guanajuato,Irapuato,U3,Vertical,67,017,11
2023,Tamaulipas,Reynosa,FC,Horizontal,888,032,28
2021,Puebla,Amozoc,U3,Horizontal,3,015,21
2021,Ciudad de México,Gustavo A. Madero,U2,Vertical,362,005,09
2023,Hidalgo,Tizayuca,U3,Vertical,1381,069,13
2021,Hidalgo,Tulancingo de Bravo,U2,Horizontal,11,077,13
2022,San Luis Potosí,Soledad de Graciano Sánchez,U2,Vertical,139,035,24
2021,Ciudad de México,Azcapotzalco,U1,Vertical,547,002,09
2023,Sonora,San Luis Río Colorado,U3,Horizontal,94,055,26
2022,Coahuila de Zaragoza,Arteaga,U3,Horizontal,10,004,05
2021,Coahuila de Zaragoza,Saltillo,U1,Horizontal,694,030,05
2023,Colima,Colima,U2,Vertical,24,002,06
2021,Baja California,Mexicali,U3,Horizontal,1639,002,02
2023,Coahuila de Zaragoza,Acuña,U2,Horizontal,119,002,05
2022,Michoacán de Ocampo,Jiquilpan,U3,Horizontal,10,045,16
2022,Veracruz de Ignacio de la Llave,Veracruz,U2,Vertical,54,193,30
2022,Querétaro,Querétaro,U3,Horizontal,713,014,22
2023,Guanajuato,Irapuato,U2,Vertical,444,017,11
2023,Tamaulipas,Río Bravo,U2,Horizontal,206,033,28
2022,Nuevo León,Apodaca,U2,Horizontal,149,006,19
2023,Jalisco,San Pedro Tlaquepaque,U1,Vertical,22,098,14
2021,Morelos,Emiliano Zapata,U3,Vertical,192,008,17
2021,Yucatán,Mérida,U2,Horizontal,341,050,31
2022,Querétaro,El Marqués,FC,Vertical,770,011,22
2021,Coahuila de Zaragoza,General Cepeda,FC,Horizontal,8,011,05
2023,Guanajuato,Celaya,U1,Horizontal,1,007,11
2022,Jalisco,Guadalajara,U1,Vertical,32,039,14
2021,Tlaxcala,Yauhquemehcan,U2,Horizontal,23,043,29
2022,Guanajuato,Salvatierra,U3,Horizontal,329,028,11
2022,Michoacán de Ocampo,Morelia,FC,Horizontal,69,053,16
2021,Guanajuato,Moroleón,FC,Horizontal,1,021,11
2022,Baja California Sur,Los Cabos,FC,Horizontal,2,008,03
2023,Yucatán,Kanasín,U3,Horizontal,505,041,31
2022,Coahuila de Zaragoza,Castaños,U2,Horizontal,49,006,05
2021,Baja California,Playas de Rosarito,FC,Vertical,400,005,02
2022,Ciudad de México,Miguel Hidalgo,U1,Vertical,21,016,09
2022,Zacatecas,Guadalupe,U3,Horizontal,525,017,32
2021,Yucatán,Muna,FC,Horizontal,28,053,31
2022,Sonora,Agua Prieta,U2,Horizontal,19,002,26
2021,Guanajuato,Silao de la Victoria,U2,Horizontal,15,037,11
2023,Guerrero,Zihuatanejo de Azueta,FC,Horizontal,20,038,12
2022,Coahuila de Zaragoza,Piedras Negras,U2,Horizontal,5,025,05
2021,Puebla,Ocoyucan,U3,Horizontal,15,106,21
2022,Guanajuato,León,U1,Horizontal,108,020,11
2022,Sinaloa,Mazatlán,U1,Vertical,36,012,25
2021,Tabasco,Teapa,U3,Horizontal,2,016,27
2021,Jalisco,Zapopan,U3,Horizontal,719,120,14
2021,Guanajuato,Salamanca,FC,Horizontal,156,027,11
2023,Oaxaca,San Juan Bautista Tuxtepec,U2,Horizontal,3,184,20
2021,Guanajuato,León,U1,Horizontal,166,020,11
2021,Tabasco,Nacajuca,U3,Horizontal,56,013,27
2022,Chihuahua,Aquiles Serdán,U3,Horizontal,162,004,08
2023,Morelos,Yecapixtla,U3,Horizontal,4,030,17
2022,Tabasco,Centro,FC,Horizontal,9,004,27
2022,Chiapas,Berriozábal,U1,Horizontal,1,012,07
2023,Baja California Sur,Los Cabos,FC,Horizontal,19,008,03
2022,Veracruz de Ignacio de la Llave,Córdoba,U1,Horizontal,2,044,30
2022,Puebla,Teziutlán,U1,Vertical,86,174,21
2022,Michoacán de Ocampo,Zitácuaro,U1,Horizontal,1,112,16
2022,Jalisco,Tepatitlán de Morelos,FC,Horizontal,5,093,14
2021,Colima,Colima,U1,Vertical,8,002,06
2023,Coahuila de Zaragoza,Piedras Negras,FC,Horizontal,26,025,05
2021,Tlaxcala,Chiautempan,U2,Horizontal,1,010,29
2021,Jalisco,El Salto,U3,Vertical,687,070,14
2021,Nuevo León,Juárez,U3,Horizontal,8821,031,19
2023,Chiapas,Tuxtla Gutiérrez,U1,Horizontal,1,101,07
2021,Ciudad de México,Iztacalco,U1,Vertical,192,006,09
2021,Hidalgo,Pachuca de Soto,U2,Vertical,1,048,13
2022,Coahuila de Zaragoza,Sacramento,FC,Horizontal,8,029,05
2022,Morelos,Yautepec,U2,Horizontal,25,029,17
2023,Puebla,Cuautlancingo,U1,Horizontal,371,041,21
2021,Yucatán,Mérida,FC,Horizontal,251,050,31
2021,Puebla,Teziutlán,U2,Horizontal,48,174,21
2022,Morelos,Yecapixtla,FC,Vertical,544,030,17
2022,Coahuila de Zaragoza,Múzquiz,U1,Horizontal,3,020,05
2023,Guanajuato,Acámbaro,FC,Horizontal,1,002,11
2021,Jalisco,Ojuelos de Jalisco,FC,Horizontal,6,064,14
2021,Ciudad de México,Azcapotzalco,U2,Vertical,52,002,09
2023,Zacatecas,Loreto,U1,Horizontal,4,024,32
2021,Sinaloa,Ahome,U3,Horizontal,589,001,25
2022,Oaxaca,Ciudad Ixtepec,U2,Horizontal,6,014,20
2022,Nayarit,Bahía de Banderas,FC,Horizontal,262,020,18
2021,Chiapas,Palenque,U2,Horizontal,3,065,07
2023,Baja California,Ensenada,U3,Horizontal,96,001,02
2021,Michoacán de Ocampo,La Piedad,U1,Horizontal,2,069,16
2021,Chiapas,Chiapa de Corzo,U3,Horizontal,41,027,07
2022,Ciudad de México,Cuauhtémoc,U1,Vertical,789,015,09
2022,San Luis Potosí,Matehuala,U3,Horizontal,57,020,24
2021,Hidalgo,Apan,U1,Horizontal,4,008,13
2023,Jalisco,Zapotiltic,U3,Horizontal,28,121,14
2021,Zacatecas,Calera,U1,Horizontal,4,005,32
2022,Guerrero,Chilpancingo de los Bravo,U1,Horizontal,2,029,12
2021,Veracruz de Ignacio de la Llave,Veracruz,U2,Horizontal,152,193,30
2023,Nuevo León,Apodaca,U1,Horizontal,12,006,19
2023,Tlaxcala,Tlaxco,U3,Vertical,6,034,29
2021,Tabasco,Teapa,U2,Horizontal,5,016,27
2021,México,Tecámac,U2,Horizontal,1147,081,15
2023,Nuevo León,Ciénega de Flores,FC,Horizontal,49,012,19
2021,San Luis Potosí,Mexquitic de Carmona,FC,Horizontal,2,021,24
2023,Aguascalientes,Aguascalientes,U2,Horizontal,222,001,01
2022,Chihuahua,Cuauhtémoc,U3,Horizontal,180,017,08
2022,Guerrero,Acapulco de Juárez,U1,Vertical,59,001,12
2022,Durango,Durango,U3,Horizontal,500,005,10
2021,Veracruz de Ignacio de la Llave,Coatepec,U2,Horizontal,4,038,30
2021,Chihuahua,Delicias,U1,Horizontal,26,021,08
2022,Tamaulipas,Altamira,U2,Vertical,84,003,28
2023,Hidalgo,Atotonilco de Tula,FC,Horizontal,350,013,13
2022,Puebla,Tlatlauquitepec,FC,Horizontal,1,186,21
2023,Yucatán,Kanasín,U3,Vertical,24,041,31
2021,Ciudad de México,Tlalpan,U2,Vertical,2,012,09
2022,Jalisco,Ameca,U2,Horizontal,1,006,14
2021,Veracruz de Ignacio de la Llave,Medellín de Bravo,U3,Vertical,544,105,30
2021,Jalisco,Lagos de Moreno,U2,Horizontal,104,053,14
2021,Hidalgo,Huichapan,FC,Horizontal,6,029,13
2023,Quintana Roo,Othón P. Blanco,U3,Horizontal,15,004,23
2022,Chihuahua,Hidalgo del Parral,U1,Horizontal,35,032,08
2022,Tabasco,Nacajuca,U2,Horizontal,4,013,27
2022,Michoacán de Ocampo,Zitácuaro,U3,Horizontal,1,112,16
2023,Guanajuato,Silao de la Victoria,FC,Horizontal,154,037,11
2023,Guanajuato,Apaseo el Grande,U1,Horizontal,2,005,11
2022,Coahuila de Zaragoza,Frontera,U3,Horizontal,53,010,05
2022,San Luis Potosí,Soledad de Graciano Sánchez,U3,Horizontal,904,035,24
2023,Tabasco,Teapa,U3,Horizontal,1,016,27
2022,Jalisco,Zapotiltic,U3,Vertical,228,121,14
2023,Tamaulipas,Ciudad Madero,U2,Horizontal,5,009,28
2021,Guanajuato,Celaya,U3,Horizontal,927,007,11
2021,Michoacán de Ocampo,Pátzcuaro,U2,Horizontal,3,066,16
2021,Puebla,Atempan,U3,Horizontal,6,017,21
2023,Chihuahua,Chihuahua,U2,Horizontal,267,019,08
2023,Colima,Coquimatlán,FC,Horizontal,158,004,06
2023,Nuevo León,General Escobedo,U3,Horizontal,417,021,19
2022,México,Tlalnepantla de Baz,U1,Vertical,28,104,15
2023,Zacatecas,Guadalupe,U2,Horizontal,24,017,32
2023,Nuevo León,Sabinas Hidalgo,U1,Horizontal,5,044,19
2021,Aguascalientes,Jesús María,U2,Horizontal,164,005,01
2023,Jalisco,San Pedro Tlaquepaque,U2,Horizontal,198,098,14
2021,Nuevo León,Salinas Victoria,U2,Horizontal,187,045,19
2021,Sinaloa,Culiacán,U1,Vertical,94,006,25
2022,Morelos,Xochitepec,FC,Vertical,1,028,17
2023,Michoacán de Ocampo,Morelia,U2,Vertical,12,053,16
2022,Veracruz de Ignacio de la Llave,Xalapa,U2,Horizontal,2,087,30
2022,Michoacán de Ocampo,Apatzingán,FC,Horizontal,11,006,16
2022,Puebla,Coronango,U3,Horizontal,233,034,21
2022,Zacatecas,Jerez,U3,Horizontal,2,020,32
2021,Tabasco,Huimanguillo,U2,Horizontal,4,008,27
2023,Colima,Colima,FC,Horizontal,3,002,06
2021,Tlaxcala,Tzompantepec,FC,Horizontal,3,038,29
2022,Guerrero,Tixtla de Guerrero,U2,Horizontal,4,061,12
2022,Chihuahua,Chihuahua,U1,Horizontal,20,019,08
2021,Tamaulipas,Altamira,U2,Vertical,24,003,28
2023,Puebla,Puebla,U1,Vertical,8,114,21
2023,San Luis Potosí,Villa de Reyes,FC,Horizontal,91,050,24
2023,Coahuila de Zaragoza,Saltillo,U2,Horizontal,761,030,05
2022,Michoacán de Ocampo,Maravatío,U3,Horizontal,10,050,16
2022,Guerrero,Tixtla de Guerrero,FC,Horizontal,5,061,12
2023,Jalisco,Puerto Vallarta,U3,Horizontal,40,067,14
2022,Michoacán de Ocampo,Morelia,U2,Vertical,17,053,16
2023,Veracruz de Ignacio de la Llave,Río Blanco,U2,Horizontal,10,138,30
2021,Oaxaca,Santa María Atzompa,U3,Horizontal,31,399,20
2022,Puebla,Amozoc,U2,Horizontal,6,015,21
2023,Sinaloa,Mazatlán,U3,Horizontal,535,012,25
2023,Guanajuato,Moroleón,FC,Vertical,3,021,11
2023,Nayarit,Tepic,U2,Vertical,55,017,18
2021,Hidalgo,Atotonilco de Tula,FC,Horizontal,316,013,13
2022,México,Calimaya,U3,Horizontal,106,018,15
2022,Guanajuato,Celaya,U2,Horizontal,26,007,11
2021,Tlaxcala,Tzompantepec,U2,Horizontal,9,038,29
2023,Hidalgo,Tizayuca,U3,Horizontal,1338,069,13
2021,Colima,Comala,U3,Horizontal,1,003,06
2022,Tlaxcala,Huamantla,U2,Vertical,24,013,29
2021,Hidalgo,Santiago Tulantepec de Lugo Guerrero,U1,Horizontal,2,056,13
2023,Quintana Roo,Solidaridad,U2,Horizontal,218,008,23
2021,Sinaloa,Salvador Alvarado,U2,Horizontal,7,015,25
2021,Coahuila de Zaragoza,Torreón,U2,Horizontal,972,035,05
2022,San Luis Potosí,San Luis Potosí,U3,Horizontal,361,028,24
2022,Sonora,Caborca,U1,Horizontal,7,017,26
2021,Hidalgo,Zempoala,FC,Horizontal,716,083,13
2022,Chihuahua,Delicias,U2,Horizontal,14,021,08
2023,Baja California Sur,Mulegé,U2,Horizontal,2,002,03
2021,Jalisco,Puerto Vallarta,U3,Horizontal,15,067,14
2021,Tlaxcala,Apizaco,U2,Horizontal,87,005,29
2021,Oaxaca,Santo Domingo Tehuantepec,U1,Horizontal,1,515,20
2021,Querétaro,El Marqués,FC,Horizontal,1070,011,22
2021,Michoacán de Ocampo,Lázaro Cárdenas,U1,Horizontal,124,052,16
2022,San Luis Potosí,Tamuín,U2,Horizontal,2,040,24
2023,Quintana Roo,Solidaridad,U3,Horizontal,567,008,23
2023,Tlaxcala,La Magdalena Tlaltelulco,U2,Horizontal,2,048,29
2023,Michoacán de Ocampo,Hidalgo,FC,Horizontal,4,034,16
2021,Chiapas,Tuxtla Gutiérrez,FC,Horizontal,58,101,07
2021,Hidalgo,Tulancingo de Bravo,U3,Horizontal,1,077,13
2022,México,Huehuetoca,U3,Horizontal,434,035,15
2023,Yucatán,Motul,U2,Horizontal,11,052,31
2021,Tamaulipas,Altamira,U2,Horizontal,57,003,28
2023,Sonora,Puerto Peñasco,U3,Horizontal,127,048,26
2023,Chihuahua,Nuevo Casas Grandes,U3,Horizontal,31,050,08
2023,Coahuila de Zaragoza,Múzquiz,FC,Horizontal,4,020,05
2023,Chihuahua,Hidalgo del Parral,U2,Horizontal,72,032,08
2022,Veracruz de Ignacio de la Llave,Ixtaczoquitlán,U2,Vertical,8,085,30
2022,Guerrero,Iguala de la Independencia,U1,Vertical,44,035,12
2023,Ciudad de México,Cuauhtémoc,U1,Vertical,429,015,09
2021,Tabasco,Tenosique,U2,Horizontal,1,017,27
2023,Hidalgo,Tizayuca,FC,Horizontal,110,069,13
2022,Michoacán de Ocampo,Zamora,U3,Horizontal,108,108,16
2023,Coahuila de Zaragoza,Matamoros,U3,Vertical,40,017,05
2023,Yucatán,Motul,FC,Horizontal,5,052,31
2023,Quintana Roo,Benito Juárez,U2,Horizontal,72,005,23
2023,Jalisco,Tlajomulco de Zúñiga,U3,Horizontal,265,097,14
2023,Tlaxcala,Chiautempan,U3,Horizontal,5,010,29
2021,Sinaloa,Mazatlán,U3,Vertical,246,012,25
2022,Quintana Roo,Benito Juárez,U3,Horizontal,1090,005,23
2021,México,Zumpango,U2,Horizontal,66,120,15
2021,Nayarit,Tepic,U3,Horizontal,126,017,18
2023,Michoacán de Ocampo,Lázaro Cárdenas,U3,Horizontal,1,052,16
2023,Michoacán de Ocampo,Zamora,U2,Horizontal,2,108,16
2021,Zacatecas,Fresnillo,U1,Horizontal,12,010,32
2022,Tlaxcala,Xaloztoc,U1,Vertical,30,039,29
2023,Querétaro,Querétaro,U1,Vertical,6,014,22
2023,Morelos,Tlayacapan,FC,Horizontal,97,026,17
2022,San Luis Potosí,San Luis Potosí,U2,Vertical,142,028,24
2022,Quintana Roo,Solidaridad,FC,Horizontal,259,008,23
2021,Veracruz de Ignacio de la Llave,Veracruz,U3,Horizontal,861,193,30
2021,México,Cuautitlán Izcalli,U3,Vertical,2,121,15
2021,Quintana Roo,Othón P. Blanco,U1,Horizontal,1,004,23
2022,Guanajuato,Irapuato,U2,Horizontal,71,017,11
2022,Baja California Sur,La Paz,FC,Horizontal,46,003,03
2023,Sonora,Magdalena,FC,Horizontal,10,036,26
2022,Michoacán de Ocampo,La Piedad,U2,Vertical,8,069,16
2022,Coahuila de Zaragoza,Monclova,U2,Horizontal,57,018,05
2022,Nuevo León,Juárez,U3,Horizontal,3640,031,19
2023,Puebla,Tlatlauquitepec,FC,Horizontal,1,186,21
2021,Jalisco,Zacoalco de Torres,U2,Horizontal,2,119,14
2022,Veracruz de Ignacio de la Llave,Xalapa,U1,Vertical,1,087,30
2022,Jalisco,Tonalá,U2,Horizontal,180,101,14
2023,San Luis Potosí,Soledad de Graciano Sánchez,FC,Horizontal,29,035,24
2021,Hidalgo,Atotonilco el Grande,FC,Horizontal,1,012,13
2023,Chiapas,Tapachula,U2,Vertical,57,089,07
2021,Colima,Colima,FC,Horizontal,17,002,06
2023,Zacatecas,Ojocaliente,U3,Horizontal,12,036,32
2021,San Luis Potosí,Ciudad Valles,FC,Horizontal,63,013,24
2022,Baja California Sur,Comondú,U1,Horizontal,2,001,03
2021,Guanajuato,Silao de la Victoria,FC,Horizontal,58,037,11
2023,Colima,Tecomán,U1,Horizontal,107,009,06
2021,Veracruz de Ignacio de la Llave,Pánuco,U2,Horizontal,3,123,30
2022,Veracruz de Ignacio de la Llave,Medellín de Bravo,U3,Horizontal,119,105,30
2021,Jalisco,El Salto,U1,Horizontal,10,070,14
2021,Baja California,Tijuana,U2,Vertical,80,004,02
2021,Veracruz de Ignacio de la Llave,Córdoba,U1,Horizontal,1,044,30
2023,Michoacán de Ocampo,Pátzcuaro,U1,Vertical,17,066,16
2021,Veracruz de Ignacio de la Llave,Orizaba,U1,Horizontal,1,118,30
2021,Quintana Roo,Cozumel,U3,Horizontal,5,001,23
2022,Puebla,San Salvador el Verde,U3,Horizontal,22,143,21
2022,Guanajuato,Apaseo el Grande,U3,Horizontal,240,005,11
2022,Zacatecas,Morelos,FC,Horizontal,1,032,32
2021,San Luis Potosí,San Luis Potosí,U1,Vertical,12,028,24
2021,Baja California Sur,La Paz,FC,Horizontal,55,003,03
2023,Jalisco,Tlajomulco de Zúñiga,U2,Vertical,111,097,14
2023,Puebla,Coronango,U2,Horizontal,100,034,21
2023,Coahuila de Zaragoza,Saltillo,U1,Horizontal,318,030,05
2022,Tabasco,Nacajuca,U1,Horizontal,1,013,27
2021,Baja California,Playas de Rosarito,FC,Horizontal,149,005,02
2022,Nuevo León,Anáhuac,U3,Horizontal,206,005,19
2021,Yucatán,Mérida,U3,Horizontal,4193,050,31
2023,Sinaloa,Culiacán,U3,Vertical,376,006,25
2023,México,Tecámac,U1,Horizontal,3,081,15
2022,Jalisco,Zapotlanejo,FC,Horizontal,9,124,14
2022,México,Toluca,FC,Horizontal,28,106,15
2021,México,Tecámac,U3,Vertical,431,081,15
2021,Yucatán,Umán,U1,Horizontal,36,101,31
2021,Michoacán de Ocampo,Morelia,FC,Vertical,40,053,16
2022,México,Ocoyoacac,U3,Horizontal,1,062,15
2022,Sinaloa,Culiacán,U2,Horizontal,153,006,25
2023,Tlaxcala,Cuapiaxtla,FC,Horizontal,4,008,29
2023,Baja California Sur,Los Cabos,U3,Vertical,280,008,03
2023,Puebla,Chignautla,U3,Horizontal,2,054,21
2023,Quintana Roo,Benito Juárez,U3,Vertical,2575,005,23
2022,Ciudad de México,Tlalpan,U2,Vertical,1,012,09
2022,Durango,Lerdo,U2,Horizontal,7,012,10
2021,Sonora,Cajeme,U1,Horizontal,5,018,26
2021,Sonora,San Luis Río Colorado,U2,Horizontal,186,055,26
2023,San Luis Potosí,San Luis Potosí,U3,Vertical,62,028,24
2023,Veracruz de Ignacio de la Llave,Pánuco,U3,Horizontal,1,123,30
2022,México,Huehuetoca,U1,Vertical,155,035,15
2022,Ciudad de México,Tlalpan,U2,Horizontal,2,012,09
2022,Querétaro,San Juan del Río,U1,Horizontal,14,016,22
2022,Chihuahua,Nuevo Casas Grandes,U1,Horizontal,7,050,08
2023,Nuevo León,García,U3,Horizontal,3350,018,19
2022,Sinaloa,Ahome,U3,Horizontal,603,001,25
2023,Chiapas,Villaflores,U3,Horizontal,2,108,07
2022,Puebla,Teziutlán,U1,Horizontal,39,174,21
2022,Michoacán de Ocampo,Morelia,U1,Vertical,15,053,16
2022,Puebla,Tehuacán,U1,Vertical,9,156,21
2022,Coahuila de Zaragoza,Nava,U2,Horizontal,67,022,05
2022,Puebla,Huauchinango,U2,Vertical,12,071,21
2023,Jalisco,Encarnación de Díaz,U2,Horizontal,4,035,14
2023,Puebla,Xiutetelco,U1,Horizontal,1,199,21
2021,Chiapas,Pijijiapan,U3,Horizontal,1,069,07
2022,Zacatecas,Zacatecas,U2,Horizontal,9,056,32
2022,Ciudad de México,Gustavo A. Madero,U1,Vertical,253,005,09
2023,Durango,Lerdo,U1,Horizontal,54,012,10
2021,Guanajuato,Guanajuato,FC,Horizontal,13,015,11
2023,Baja California,Tijuana,U2,Horizontal,8,004,02
2021,Hidalgo,Actopan,FC,Horizontal,8,003,13
2023,Guanajuato,Salamanca,U3,Horizontal,29,027,11
2023,México,Otzolotepec,FC,Horizontal,300,067,15
2023,Hidalgo,Mineral de la Reforma,U3,Horizontal,1024,051,13
2023,Morelos,Yecapixtla,FC,Horizontal,104,030,17
2023,Nuevo León,Ciénega de Flores,U3,Horizontal,1065,012,19
2022,Jalisco,San Pedro Tlaquepaque,U3,Vertical,361,098,14
2023,Ciudad de México,Benito Juárez,U1,Vertical,54,014,09
2023,Guanajuato,Cortazar,U3,Horizontal,6,011,11
2021,Sinaloa,Navolato,FC,Vertical,6,018,25
2021,Tabasco,Teapa,U2,Vertical,12,016,27
2022,Aguascalientes,San Francisco de los Romo,U3,Horizontal,211,011,01
2022,Michoacán de Ocampo,Tarímbaro,FC,Vertical,30,088,16
2022,Guerrero,Chilpancingo de los Bravo,U3,Vertical,43,029,12
2023,Veracruz de Ignacio de la Llave,Medellín de Bravo,U2,Horizontal,418,105,30
2021,Coahuila de Zaragoza,Saltillo,U2,Vertical,260,030,05
2022,Nuevo León,General Escobedo,U2,Horizontal,253,021,19
2021,Puebla,Teziutlán,U1,Horizontal,18,174,21
2021,Baja California,Tijuana,FC,Vertical,2940,004,02
2021,Nuevo León,García,U1,Horizontal,167,018,19
2022,México,Tecámac,U2,Horizontal,210,081,15
2023,Tabasco,Centro,FC,Horizontal,11,004,27
2023,Jalisco,Lagos de Moreno,U3,Horizontal,159,053,14
2022,Veracruz de Ignacio de la Llave,Ixtaczoquitlán,U3,Horizontal,83,085,30
2023,Guanajuato,Moroleón,U3,Horizontal,6,021,11
2021,Michoacán de Ocampo,Morelia,U3,Vertical,768,053,16
2022,Sinaloa,Culiacán,U3,Vertical,277,006,25
2022,Tamaulipas,Tampico,U1,Vertical,62,038,28
2021,Coahuila de Zaragoza,Sabinas,FC,Horizontal,86,028,05
2023,Oaxaca,Heroica Ciudad de Huajuapan de León,U3,Vertical,8,039,20
2021,Coahuila de Zaragoza,Arteaga,U1,Horizontal,1,004,05
2023,Zacatecas,Río Grande,U2,Horizontal,8,039,32
2022,Hidalgo,Villa de Tezontepec,FC,Horizontal,115,066,13
2021,Chihuahua,Juárez,U3,Horizontal,529,037,08
2023,Puebla,San Martín Texmelucan,U2,Horizontal,30,132,21
2023,San Luis Potosí,San Vicente Tancuayalab,FC,Horizontal,1,034,24
2021,Tlaxcala,Apetatitlán de Antonio Carvajal,U2,Horizontal,7,002,29
2021,Puebla,Cuautlancingo,U3,Vertical,286,041,21
2023,Tlaxcala,Tzompantepec,U3,Horizontal,3,038,29
2022,Zacatecas,Loreto,U1,Horizontal,1,024,32
2021,Jalisco,Ameca,U2,Horizontal,1,006,14
2022,Nuevo León,Montemorelos,U3,Horizontal,18,038,19
2021,Quintana Roo,Benito Juárez,U3,Vertical,3329,005,23
2022,Quintana Roo,Solidaridad,FC,Vertical,64,008,23
2021,México,Texcoco,U3,Horizontal,29,099,15
2023,Querétaro,San Juan del Río,U2,Horizontal,2,016,22
2021,Chihuahua,Aquiles Serdán,FC,Horizontal,13,004,08
2022,Durango,Durango,U2,Horizontal,50,005,10
2023,Colima,Colima,U1,Horizontal,80,002,06
2023,Colima,Colima,U1,Vertical,6,002,06
2023,Jalisco,Tonalá,U3,Vertical,16,101,14
2021,Puebla,San Martín Texmelucan,U2,Vertical,92,132,21
2021,Baja California,Mexicali,U2,Vertical,54,002,02
2021,Yucatán,Mérida,U1,Vertical,20,050,31
2023,Chiapas,Berriozábal,U1,Horizontal,8,012,07
2023,Querétaro,El Marqués,FC,Horizontal,964,011,22
2022,San Luis Potosí,San Luis Potosí,FC,Horizontal,272,028,24
2023,Sinaloa,Salvador Alvarado,U1,Horizontal,1,015,25
2022,Jalisco,Autlán de Navarro,U2,Horizontal,116,015,14
2022,Guanajuato,Silao de la Victoria,U3,Vertical,65,037,11
2023,Zacatecas,Guadalupe,U1,Horizontal,5,017,32
2023,Michoacán de Ocampo,Apatzingán,FC,Horizontal,6,006,16
2021,Zacatecas,Zacatecas,U1,Horizontal,95,056,32
2022,Nayarit,Ahuacatlán,FC,Horizontal,1,002,18
2021,Nuevo León,Juárez,U1,Horizontal,416,031,19
2022,Tabasco,Centro,U1,Horizontal,1,004,27
2022,Nuevo León,Sabinas Hidalgo,U2,Horizontal,4,044,19
2022,Coahuila de Zaragoza,Saltillo,U1,Horizontal,668,030,05
2022,Sonora,Hermosillo,U3,Horizontal,1046,030,26
2022,Querétaro,Corregidora,U3,Vertical,114,006,22
2022,San Luis Potosí,Ciudad Valles,U3,Horizontal,12,013,24
2022,Coahuila de Zaragoza,Nava,U3,Horizontal,20,022,05
2021,Tamaulipas,Tampico,U2,Vertical,24,038,28
2023,Baja California Sur,Los Cabos,U3,Horizontal,23,008,03
2021,Michoacán de Ocampo,Morelia,U2,Horizontal,120,053,16
2021,Sinaloa,Ahome,U2,Horizontal,199,001,25
2022,Tlaxcala,Atltzayanca,FC,Horizontal,2,004,29
2021,Chiapas,Berriozábal,U3,Horizontal,129,012,07
2022,Veracruz de Ignacio de la Llave,San Andrés Tuxtla,U3,Horizontal,52,141,30
2023,Querétaro,San Juan del Río,U3,Horizontal,304,016,22
2023,Zacatecas,Zacatecas,FC,Horizontal,10,056,32
2023,Chiapas,Berriozábal,U3,Horizontal,51,012,07
2021,Durango,Durango,U3,Vertical,336,005,10
2022,Veracruz de Ignacio de la Llave,Veracruz,U1,Horizontal,24,193,30
2021,Morelos,Yecapixtla,U3,Horizontal,230,030,17
2022,México,Zinacantepec,U3,Vertical,60,118,15
2022,Guanajuato,Irapuato,FC,Horizontal,241,017,11
2021,Puebla,Cuautlancingo,U3,Horizontal,351,041,21
2023,Baja California Sur,Comondú,U1,Horizontal,1,001,03
2023,Puebla,Izúcar de Matamoros,U2,Vertical,18,085,21
2021,Jalisco,Tepatitlán de Morelos,U3,Horizontal,58,093,14
2023,Aguascalientes,San Francisco de los Romo,FC,Vertical,18,011,01
2022,Coahuila de Zaragoza,Torreón,U1,Horizontal,68,035,05
2023,Nuevo León,Cadereyta Jiménez,U3,Horizontal,290,009,19
2023,Durango,Durango,U3,Horizontal,424,005,10
2021,Sinaloa,Mazatlán,FC,Horizontal,7,012,25
2023,México,Toluca,U3,Horizontal,63,106,15
2023,Coahuila de Zaragoza,Acuña,U3,Horizontal,467,002,05
2021,Morelos,Xochitepec,FC,Horizontal,448,028,17
2023,Hidalgo,Tulancingo de Bravo,U3,Horizontal,5,077,13
2022,San Luis Potosí,Soledad de Graciano Sánchez,FC,Vertical,10,035,24
2022,Jalisco,La Barca,U2,Vertical,144,018,14
2023,Nuevo León,García,U2,Horizontal,58,018,19
2023,San Luis Potosí,San Luis Potosí,FC,Horizontal,510,028,24
2022,Jalisco,San Pedro Tlaquepaque,U2,Vertical,198,098,14
2023,Guanajuato,Celaya,U3,Horizontal,333,007,11
2023,Puebla,Cuautlancingo,U3,Vertical,96,041,21
2021,Tlaxcala,Tlaxco,U2,Horizontal,18,034,29
2021,Tlaxcala,Xicohtzinco,U2,Horizontal,7,042,29
2021,Jalisco,San Pedro Tlaquepaque,U1,Vertical,176,098,14
2023,Morelos,Yautepec,U1,Horizontal,10,029,17
2022,Tabasco,Centro,FC,Vertical,96,004,27
2022,Sonora,Cajeme,FC,Horizontal,19,018,26
2022,Colima,Villa de Álvarez,U2,Horizontal,68,010,06
2023,Sonora,Agua Prieta,U1,Horizontal,10,002,26
2022,México,Tianguistenco,U3,Horizontal,249,101,15
2021,Guerrero,Acapulco de Juárez,FC,Vertical,389,001,12
2023,Ciudad de México,Cuauhtémoc,U2,Vertical,12,015,09
2022,Colima,Colima,U2,Horizontal,38,002,06
2021,Puebla,Puebla,U1,Horizontal,4,114,21
2021,Ciudad de México,Miguel Hidalgo,U1,Vertical,162,016,09
2022,Michoacán de Ocampo,Apatzingán,U2,Horizontal,8,006,16
2021,Zacatecas,Villanueva,FC,Horizontal,3,055,32
2021,México,Tultepec,U2,Horizontal,28,108,15
2023,Jalisco,Tlajomulco de Zúñiga,FC,Horizontal,1,097,14
2022,Guanajuato,Apaseo el Grande,U2,Horizontal,9,005,11
2022,Zacatecas,Zacatecas,FC,Horizontal,119,056,32
2023,Jalisco,San Pedro Tlaquepaque,U2,Vertical,114,098,14
2023,Puebla,Chignahuapan,U3,Horizontal,4,053,21
2021,Sinaloa,Culiacán,U1,Horizontal,84,006,25
2023,Querétaro,Querétaro,U1,Horizontal,1,014,22
2023,Baja California Sur,La Paz,U1,Horizontal,4,003,03
2021,Coahuila de Zaragoza,Frontera,U2,Horizontal,112,010,05
2021,Querétaro,Corregidora,U3,Horizontal,150,006,22
2021,Nuevo León,Montemorelos,U1,Horizontal,25,038,19
2022,Veracruz de Ignacio de la Llave,Coatzacoalcos,U3,Horizontal,51,039,30
2022,Durango,Durango,U3,Vertical,10,005,10
2023,Yucatán,Umán,U3,Horizontal,1080,101,31
2021,Zacatecas,Fresnillo,U2,Horizontal,45,010,32
2021,Hidalgo,San Agustín Tlaxiaca,U1,Horizontal,1,052,13
2023,Jalisco,Puerto Vallarta,FC,Vertical,246,067,14
2021,Chiapas,Tuxtla Gutiérrez,U2,Vertical,24,101,07
2023,Tlaxcala,Tlaxcala,U1,Vertical,3,033,29
2022,Guanajuato,San Francisco del Rincón,FC,Horizontal,3,031,11
2023,Nayarit,Tepic,U2,Horizontal,19,017,18
2021,Puebla,Xiutetelco,U1,Horizontal,3,199,21
2023,Baja California,Tijuana,U1,Horizontal,96,004,02
2022,Tabasco,Huimanguillo,U2,Horizontal,4,008,27
2021,Veracruz de Ignacio de la Llave,Tuxpan,U2,Horizontal,17,189,30
2021,México,Ixtapaluca,FC,Horizontal,46,039,15
2023,Baja California,Ensenada,U1,Horizontal,1,001,02
2022,México,Huehuetoca,U1,Horizontal,1,035,15
2023,Yucatán,Valladolid,U3,Horizontal,5,102,31
2022,Quintana Roo,Othón P. Blanco,U2,Horizontal,9,004,23
2022,Guanajuato,Apaseo el Grande,FC,Horizontal,51,005,11
2021,Yucatán,Progreso,U2,Horizontal,25,059,31
2023,Chihuahua,Chihuahua,U2,Vertical,8,019,08
2022,Tlaxcala,Apizaco,U2,Horizontal,12,005,29
2023,Jalisco,Acatlán de Juárez,FC,Horizontal,40,002,14
2022,Guanajuato,Acámbaro,FC,Horizontal,2,002,11
2021,Hidalgo,Tizayuca,U1,Horizontal,24,069,13
2021,Chiapas,Tapachula,FC,Vertical,120,089,07
2021,Tamaulipas,Valle Hermoso,U2,Horizontal,60,040,28
2022,Ciudad de México,Benito Juárez,U1,Vertical,8,014,09
2022,México,Coacalco de Berriozábal,U2,Vertical,85,020,15
2023,Baja California Sur,Comondú,U2,Horizontal,17,001,03
2022,Querétaro,El Marqués,U3,Horizontal,867,011,22
2021,Baja California,Ensenada,U2,Horizontal,29,001,02
2023,Jalisco,Guadalajara,U3,Horizontal,64,039,14
2023,Hidalgo,Tulancingo de Bravo,U2,Horizontal,2,077,13
2023,Chihuahua,Cuauhtémoc,FC,Horizontal,6,017,08
2021,México,Nicolás Romero,U2,Horizontal,2,060,15
2022,Guanajuato,Silao de la Victoria,U3,Horizontal,24,037,11
2021,Chihuahua,Hidalgo del Parral,U2,Horizontal,128,032,08
2021,Guanajuato,Irapuato,U1,Horizontal,205,017,11
2021,Morelos,Jojutla,FC,Horizontal,1,012,17
2021,Guanajuato,Villagrán,FC,Horizontal,33,044,11
2021,Morelos,Yecapixtla,FC,Horizontal,6,030,17
2021,México,Tlalnepantla de Baz,U2,Vertical,120,104,15
2022,Guanajuato,San Felipe,U3,Vertical,8,030,11
2021,Chiapas,Tuxtla Gutiérrez,U1,Vertical,8,101,07
2021,Michoacán de Ocampo,Morelia,U1,Horizontal,41,053,16
2021,México,Chalco,U1,Horizontal,2,025,15
2023,Sinaloa,Culiacán,U2,Horizontal,109,006,25
2022,Chihuahua,Jiménez,U1,Horizontal,4,036,08
2021,Michoacán de Ocampo,Apatzingán,U3,Horizontal,21,006,16
2022,Jalisco,Sayula,U3,Vertical,16,082,14
2021,San Luis Potosí,Rioverde,U2,Vertical,8,024,24
2021,Ciudad de México,Cuauhtémoc,U1,Vertical,202,015,09
2021,Chiapas,Tapachula,U1,Horizontal,4,089,07
2021,Jalisco,El Salto,U3,Horizontal,2065,070,14
2023,Jalisco,Zapopan,U2,Vertical,612,120,14
2021,Coahuila de Zaragoza,Sabinas,U3,Horizontal,99,028,05
2023,Tabasco,Nacajuca,U2,Horizontal,5,013,27
2021,Baja California,Ensenada,U3,Horizontal,126,001,02
2022,Puebla,Puebla,U2,Horizontal,21,114,21
2023,Guerrero,Acapulco de Juárez,U2,Vertical,123,001,12
2021,Hidalgo,Tolcayuca,FC,Horizontal,417,075,13
2022,Coahuila de Zaragoza,Sabinas,U2,Horizontal,28,028,05
2021,Querétaro,San Juan del Río,U2,Horizontal,21,016,22
2022,San Luis Potosí,Ciudad Valles,U3,Vertical,26,013,24
2023,Puebla,San Martín Texmelucan,U2,Vertical,276,132,21
2022,Puebla,Zacatlán,U2,Horizontal,1,208,21
2023,Baja California,Mexicali,FC,Horizontal,31,002,02
2023,Baja California,Mexicali,U2,Horizontal,681,002,02
2021,Puebla,Teziutlán,U3,Vertical,25,174,21
2022,Puebla,Coronango,U2,Horizontal,24,034,21
2021,San Luis Potosí,San Luis Potosí,FC,Horizontal,242,028,24
2023,Coahuila de Zaragoza,Sacramento,FC,Horizontal,9,029,05
2021,Quintana Roo,Benito Juárez,U3,Horizontal,2354,005,23
2022,Yucatán,Conkal,U3,Horizontal,17,013,31
2023,Tamaulipas,Victoria,U1,Horizontal,3,041,28
2023,San Luis Potosí,Matehuala,U3,Horizontal,101,020,24
2021,Durango,Durango,U2,Horizontal,125,005,10
2023,Guanajuato,San Francisco del Rincón,FC,Horizontal,2,031,11
2021,Guanajuato,Irapuato,FC,Horizontal,364,017,11
2023,Sonora,Agua Prieta,U3,Horizontal,282,002,26
2021,Guanajuato,Apaseo el Grande,FC,Vertical,396,005,11
2022,Tlaxcala,Apetatitlán de Antonio Carvajal,U2,Horizontal,1,002,29
2023,Zacatecas,Fresnillo,U2,Horizontal,54,010,32
2023,Jalisco,Tonalá,U2,Horizontal,184,101,14
2022,Coahuila de Zaragoza,Arteaga,U1,Horizontal,1,004,05
2021,Tamaulipas,Tampico,U2,Horizontal,8,038,28
2023,Guanajuato,Silao de la Victoria,U3,Horizontal,62,037,11
2021,Jalisco,San Pedro Tlaquepaque,U3,Vertical,64,098,14
2021,Puebla,Juan C. Bonilla,FC,Horizontal,1,090,21
2021,Yucatán,Kanasín,U1,Horizontal,6,041,31
2021,Baja California,Tijuana,U1,Horizontal,28,004,02
2023,Guanajuato,Silao de la Victoria,U2,Horizontal,54,037,11
2023,Chihuahua,Camargo,U2,Horizontal,1,011,08
2023,Morelos,Yautepec,U2,Horizontal,48,029,17
2021,Michoacán de Ocampo,Uruapan,U2,Horizontal,4,102,16
2022,Morelos,Yecapixtla,U3,Horizontal,4,030,17
2021,Guanajuato,Irapuato,U3,Vertical,168,017,11
2022,Guanajuato,San Miguel de Allende,U3,Vertical,72,003,11
2021,Jalisco,Ixtlahuacán de los Membrillos,U3,Horizontal,39,044,14
2023,Aguascalientes,San Francisco de los Romo,FC,Horizontal,52,011,01
2021,Hidalgo,Pachuca de Soto,U1,Horizontal,1,048,13
2022,Tamaulipas,Tampico,U1,Horizontal,10,038,28
2022,Sinaloa,Mazatlán,U2,Horizontal,84,012,25
2021,Hidalgo,Tepeapulco,U2,Horizontal,181,061,13
2021,México,Huehuetoca,U3,Vertical,273,035,15
2022,Ciudad de México,Coyoacán,U1,Vertical,1,003,09
2022,Colima,Colima,U1,Horizontal,134,002,06
2022,Chihuahua,Jiménez,U2,Horizontal,5,036,08
2021,Guanajuato,Silao de la Victoria,FC,Vertical,2,037,11
2023,Sonora,Cajeme,U3,Horizontal,444,018,26
2021,Veracruz de Ignacio de la Llave,Coatzacoalcos,U2,Horizontal,61,039,30
2021,Sonora,Puerto Peñasco,U3,Horizontal,133,048,26
2023,Sonora,Hermosillo,FC,Horizontal,77,030,26
2023,Aguascalientes,San Francisco de los Romo,U3,Horizontal,360,011,01
2023,Veracruz de Ignacio de la Llave,Fortín,U1,Horizontal,2,068,30
2023,Aguascalientes,Aguascalientes,FC,Horizontal,13,001,01
2023,Jalisco,Ameca,U3,Horizontal,1,006,14
2023,Querétaro,Pedro Escobedo,FC,Horizontal,63,012,22
2023,Puebla,Puebla,U3,Vertical,142,114,21
2021,Tamaulipas,Ciudad Madero,U2,Horizontal,72,009,28
2022,Veracruz de Ignacio de la Llave,Veracruz,U3,Vertical,962,193,30
2022,Jalisco,Tonalá,U2,Vertical,632,101,14
2021,Coahuila de Zaragoza,Acuña,U3,Horizontal,755,002,05
2022,Michoacán de Ocampo,La Piedad,U3,Horizontal,2,069,16
2023,Sinaloa,Culiacán,U1,Horizontal,56,006,25
2023,Ciudad de México,Gustavo A. Madero,U1,Vertical,75,005,09
2022,Hidalgo,Tizayuca,U1,Horizontal,21,069,13
2023,Tabasco,Centro,U3,Horizontal,4,004,27
2021,Veracruz de Ignacio de la Llave,Coatzacoalcos,U2,Vertical,6,039,30
2023,Sonora,Hermosillo,U2,Horizontal,137,030,26
2021,Veracruz de Ignacio de la Llave,Boca del Río,FC,Horizontal,48,028,30
2022,Tamaulipas,Victoria,U2,Horizontal,17,041,28
2021,Michoacán de Ocampo,Apatzingán,U2,Horizontal,2,006,16
2023,Veracruz de Ignacio de la Llave,Medellín de Bravo,FC,Vertical,39,105,30
2022,Guanajuato,León,U2,Horizontal,29,020,11
2021,México,Toluca,U3,Horizontal,31,106,15
2022,Puebla,San José Chiapa,FC,Horizontal,1,128,21
2023,Puebla,Tehuacán,U2,Horizontal,137,156,21
2021,Chihuahua,Nuevo Casas Grandes,U1,Horizontal,7,050,08
2021,Tlaxcala,Huamantla,U2,Horizontal,3,013,29
2022,Guanajuato,San Luis de la Paz,FC,Horizontal,149,033,11
2023,Oaxaca,Salina Cruz,U3,Horizontal,2,079,20
2022,Tlaxcala,Apetatitlán de Antonio Carvajal,FC,Horizontal,1,002,29
2023,Chiapas,Comitán de Domínguez,U2,Horizontal,20,019,07
2021,Oaxaca,Salina Cruz,U2,Horizontal,7,079,20
2021,Puebla,Tehuacán,U1,Vertical,31,156,21
2021,Sinaloa,Culiacán,U3,Horizontal,1203,006,25
2022,Michoacán de Ocampo,Sahuayo,U1,Horizontal,17,076,16
2021,Michoacán de Ocampo,Hidalgo,U2,Horizontal,23,034,16
2023,Jalisco,Tlajomulco de Zúñiga,U2,Horizontal,182,097,14
2021,Michoacán de Ocampo,Tarímbaro,FC,Vertical,48,088,16
2021,San Luis Potosí,Soledad de Graciano Sánchez,U2,Vertical,51,035,24
2023,Morelos,Xochitepec,FC,Horizontal,84,028,17
2022,Baja California Sur,La Paz,U3,Horizontal,335,003,03
2021,México,Toluca,FC,Horizontal,93,106,15
2023,Guanajuato,León,U2,Vertical,112,020,11
2021,Nuevo León,Juárez,U2,Horizontal,873,031,19
2021,Puebla,Chignautla,U3,Horizontal,11,054,21
2022,Guanajuato,Acámbaro,U2,Horizontal,3,002,11
2022,Durango,Durango,FC,Vertical,752,005,10
2023,Chihuahua,Nuevo Casas Grandes,U2,Horizontal,79,050,08
2021,Zacatecas,Calera,U3,Horizontal,51,005,32
2021,Aguascalientes,Aguascalientes,U3,Vertical,68,001,01
2023,Hidalgo,Pachuca de Soto,FC,Horizontal,15,048,13
2021,Aguascalientes,San Francisco de los Romo,U3,Horizontal,350,011,01
2022,Jalisco,Tlajomulco de Zúñiga,U3,Vertical,256,097,14
2021,Puebla,San Pedro Cholula,U2,Vertical,1,140,21
2022,Baja California Sur,Los Cabos,U1,Horizontal,20,008,03
2023,Nayarit,Xalisco,U3,Horizontal,13,008,18
2022,Veracruz de Ignacio de la Llave,Coatepec,U2,Horizontal,32,038,30
2023,Zacatecas,Río Grande,U1,Horizontal,1,039,32
2021,Tamaulipas,Tampico,U1,Horizontal,6,038,28
2021,Zacatecas,Loreto,U2,Horizontal,6,024,32
2023,Puebla,Tianguismanalco,FC,Horizontal,62,175,21
2021,Aguascalientes,El Llano,FC,Horizontal,4,010,01
2023,Puebla,Puebla,U1,Horizontal,4,114,21
2023,Sinaloa,Navolato,U2,Horizontal,28,018,25
2023,México,Cuautitlán Izcalli,U2,Vertical,2,121,15
2023,Querétaro,Querétaro,U2,Horizontal,37,014,22
2021,Tamaulipas,Matamoros,U2,Horizontal,37,022,28
2021,Jalisco,Encarnación de Díaz,U2,Horizontal,104,035,14
2023,Morelos,Jiutepec,U1,Horizontal,70,011,17
2021,Durango,Durango,U3,Horizontal,776,005,10
2022,Nuevo León,San Nicolás de los Garza,U1,Horizontal,1,046,19
2021,Nayarit,Ixtlán del Río,U3,Horizontal,1,006,18
2022,Tlaxcala,Amaxac de Guerrero,U2,Horizontal,5,001,29
2021,Jalisco,Zapotlán el Grande,U3,Vertical,192,023,14
2021,Baja California Sur,Los Cabos,U2,Horizontal,7,008,03
2022,Chihuahua,Guachochi,FC,Horizontal,33,027,08
2021,Guanajuato,San Francisco del Rincón,FC,Horizontal,3,031,11
2022,Baja California,Playas de Rosarito,U2,Horizontal,56,005,02
2023,Veracruz de Ignacio de la Llave,Ixtaczoquitlán,U3,Vertical,210,085,30
2021,Colima,Villa de Álvarez,U3,Horizontal,794,010,06
2023,Yucatán,Mérida,U2,Horizontal,216,050,31
2021,Jalisco,Zapotlán el Grande,U3,Horizontal,79,023,14
2023,Sonora,Nogales,U1,Horizontal,1,043,26
2021,Michoacán de Ocampo,Zamora,U2,Horizontal,15,108,16
2021,Nuevo León,El Carmen,U2,Horizontal,13,010,19
2023,Puebla,Tehuacán,U2,Vertical,5,156,21
2022,Colima,Villa de Álvarez,U1,Vertical,4,010,06
2023,Puebla,Cuautlancingo,FC,Horizontal,78,041,21
2021,Nayarit,Xalisco,U3,Vertical,12,008,18
2022,Veracruz de Ignacio de la Llave,Naranjos Amatlán,U2,Horizontal,7,013,30
2021,Morelos,Jiutepec,U2,Horizontal,1,011,17
2021,Veracruz de Ignacio de la Llave,Ixtaczoquitlán,U3,Horizontal,48,085,30
2021,Jalisco,Poncitlán,U1,Horizontal,6,066,14
2021,Guanajuato,San Miguel de Allende,U3,Horizontal,125,003,11
2023,Querétaro,Querétaro,U3,Horizontal,477,014,22
2023,Veracruz de Ignacio de la Llave,Pánuco,U1,Horizontal,1,123,30
2022,Chiapas,Berriozábal,FC,Horizontal,28,012,07
2023,Durango,Durango,U1,Vertical,32,005,10
2021,Oaxaca,Salina Cruz,U1,Horizontal,5,079,20
2021,Chihuahua,Aquiles Serdán,U3,Horizontal,177,004,08
2022,Coahuila de Zaragoza,Acuña,U2,Horizontal,221,002,05
2021,México,Tecámac,U2,Vertical,458,081,15
2021,Zacatecas,Morelos,FC,Horizontal,4,032,32
2022,Baja California,Ensenada,U2,Horizontal,27,001,02
2021,San Luis Potosí,San Luis Potosí,U2,Horizontal,636,028,24
2023,Tamaulipas,Tampico,U2,Vertical,68,038,28
2021,Tabasco,Nacajuca,U2,Horizontal,3,013,27
2023,Coahuila de Zaragoza,Acuña,FC,Horizontal,109,002,05
2022,Tamaulipas,Reynosa,U2,Horizontal,393,032,28
2023,Coahuila de Zaragoza,Matamoros,U2,Horizontal,51,017,05
2021,Oaxaca,Santa Cruz Xoxocotlán,U2,Horizontal,16,385,20
2023,Nuevo León,General Zuazua,U3,Horizontal,143,025,19
2022,Baja California Sur,La Paz,U2,Horizontal,29,003,03
2023,Tlaxcala,Tlaxco,U3,Horizontal,2,034,29
2022,Sonora,San Luis Río Colorado,U1,Horizontal,3,055,26
2023,Michoacán de Ocampo,Uruapan,U1,Horizontal,1,102,16
2021,México,Otzolotepec,FC,Horizontal,225,067,15
2023,Nuevo León,Guadalupe,U1,Horizontal,2,026,19
2022,Chihuahua,Juárez,U3,Horizontal,15,037,08
2023,Michoacán de Ocampo,La Piedad,U2,Vertical,8,069,16
2022,Puebla,San Martín Texmelucan,U3,Vertical,30,132,21
2021,Coahuila de Zaragoza,Cuatro Ciénegas,FC,Horizontal,2,007,05
2023,Sinaloa,Guasave,U3,Horizontal,163,011,25
2022,Veracruz de Ignacio de la Llave,San Andrés Tuxtla,U2,Horizontal,15,141,30
2021,Yucatán,Valladolid,U2,Horizontal,6,102,31
2022,Jalisco,Tonalá,U3,Vertical,64,101,14
2022,Nuevo León,Juárez,FC,Horizontal,234,031,19
2023,Guanajuato,Moroleón,FC,Horizontal,22,021,11
2023,Veracruz de Ignacio de la Llave,Veracruz,U1,Horizontal,4,193,30
2023,Baja California Sur,La Paz,U3,Horizontal,353,003,03
2022,Michoacán de Ocampo,Vista Hermosa,FC,Horizontal,30,105,16
2022,Sonora,Puerto Peñasco,U2,Horizontal,72,048,26
2023,Sinaloa,Mazatlán,U3,Vertical,160,012,25
2022,Sinaloa,Mazatlán,U1,Horizontal,2,012,25
2021,Michoacán de Ocampo,Hidalgo,U3,Horizontal,1,034,16
2021,Guerrero,Chilpancingo de los Bravo,U3,Horizontal,30,029,12
2023,Puebla,Zacatlán,U2,Horizontal,4,208,21
2023,Hidalgo,Zempoala,U3,Horizontal,187,083,13
2021,Coahuila de Zaragoza,Torreón,U3,Horizontal,601,035,05
2022,Chihuahua,Guachochi,U3,Horizontal,59,027,08
2021,Baja California Sur,Mulegé,FC,Horizontal,22,002,03
2023,Aguascalientes,Pabellón de Arteaga,U3,Horizontal,34,006,01
2022,Jalisco,San Pedro Tlaquepaque,U1,Horizontal,6,098,14
2021,Yucatán,Mérida,U3,Vertical,64,050,31
2021,México,Tecámac,U1,Horizontal,342,081,15
2023,Querétaro,Corregidora,FC,Horizontal,163,006,22
2023,Guanajuato,Apaseo el Grande,FC,Vertical,96,005,11
2023,Puebla,Huejotzingo,U3,Vertical,560,074,21
2021,Tabasco,Nacajuca,U1,Vertical,228,013,27
2022,Aguascalientes,Aguascalientes,U3,Horizontal,2550,001,01
2021,Guerrero,Zihuatanejo de Azueta,FC,Horizontal,4,038,12
2021,Sinaloa,Mazatlán,U2,Horizontal,55,012,25
2021,Tabasco,Emiliano Zapata,U2,Horizontal,2,007,27
2021,México,Zinacantepec,U3,Horizontal,377,118,15
2023,Veracruz de Ignacio de la Llave,Coatzacoalcos,U2,Horizontal,18,039,30
2021,Morelos,Xochitepec,U3,Vertical,48,028,17
2023,Michoacán de Ocampo,Jiquilpan,U2,Horizontal,13,045,16
2021,Ciudad de México,Venustiano Carranza,U2,Vertical,55,017,09
2021,Michoacán de Ocampo,Morelia,U3,Horizontal,618,053,16
2022,San Luis Potosí,Venado,FC,Horizontal,6,045,24
2021,Zacatecas,Fresnillo,U3,Horizontal,85,010,32
2021,Puebla,Coronango,U1,Vertical,282,034,21
2023,Veracruz de Ignacio de la Llave,Medellín de Bravo,U3,Vertical,507,105,30
2021,Guanajuato,San Francisco del Rincón,U2,Vertical,3,031,11
2023,Michoacán de Ocampo,Zamora,FC,Horizontal,19,108,16
2021,Jalisco,Ocotlán,U2,Horizontal,157,063,14
2021,Yucatán,Umán,U2,Horizontal,18,101,31
2023,Oaxaca,Oaxaca de Juárez,U2,Vertical,38,067,20
2022,Nayarit,Xalisco,U3,Vertical,6,008,18
2022,Michoacán de Ocampo,Morelia,U3,Horizontal,825,053,16
2021,Coahuila de Zaragoza,Sacramento,FC,Horizontal,7,029,05
2023,Coahuila de Zaragoza,Francisco I. Madero,U3,Horizontal,70,009,05
2021,Coahuila de Zaragoza,Sabinas,U1,Horizontal,12,028,05
2021,Quintana Roo,Solidaridad,U2,Horizontal,393,008,23
2021,Zacatecas,Jerez,U3,Horizontal,8,020,32
2022,Veracruz de Ignacio de la Llave,Ixtaczoquitlán,U2,Horizontal,1,085,30
2023,México,Tecámac,U3,Horizontal,186,081,15
2022,Guerrero,Acapulco de Juárez,U2,Vertical,45,001,12
2022,Jalisco,Atotonilco el Alto,U3,Vertical,80,013,14
2023,Sinaloa,Ahome,U2,Horizontal,308,001,25
2022,Jalisco,Zapotlán el Grande,U3,Vertical,30,023,14
2021,Colima,Villa de Álvarez,U2,Horizontal,106,010,06
2021,Tamaulipas,Victoria,U1,Horizontal,3,041,28
2022,Hidalgo,Ixmiquilpan,U2,Horizontal,6,030,13
2023,Baja California Sur,Loreto,FC,Horizontal,2,009,03
2022,Chihuahua,Juárez,U1,Horizontal,103,037,08
2023,San Luis Potosí,Rioverde,U3,Vertical,4,024,24
2022,Sinaloa,Culiacán,U3,Horizontal,1062,006,25
2021,Puebla,Puebla,U2,Vertical,981,114,21
2021,México,Zumpango,U3,Horizontal,843,120,15
2021,Puebla,Teziutlán,U2,Vertical,5,174,21
2021,Querétaro,Corregidora,U1,Horizontal,3,006,22
2021,Michoacán de Ocampo,Zitácuaro,U2,Horizontal,10,112,16
2022,Jalisco,Zapotiltic,U2,Horizontal,4,121,14
2022,Sonora,Cananea,U2,Horizontal,34,019,26
2022,Michoacán de Ocampo,Lázaro Cárdenas,U3,Horizontal,1,052,16
2023,Oaxaca,Salina Cruz,U2,Horizontal,6,079,20
2023,San Luis Potosí,Ciudad Valles,U3,Horizontal,64,013,24
2023,Tamaulipas,Ciudad Madero,U2,Vertical,96,009,28
2023,San Luis Potosí,Venado,FC,Horizontal,6,045,24
2021,Querétaro,Querétaro,U3,Horizontal,860,014,22
2023,Guanajuato,León,U3,Horizontal,906,020,11
2022,Guanajuato,Salamanca,FC,Horizontal,183,027,11
2021,Guanajuato,Apaseo el Grande,FC,Horizontal,589,005,11
2023,Veracruz de Ignacio de la Llave,San Rafael,FC,Horizontal,12,211,30
2023,Veracruz de Ignacio de la Llave,Naranjos Amatlán,U2,Horizontal,6,013,30
2021,Tabasco,Nacajuca,U3,Vertical,924,013,27
2023,Hidalgo,Tepeji del Río de Ocampo,U2,Horizontal,19,063,13
2022,Tamaulipas,Matamoros,FC,Horizontal,21,022,28
2022,Baja California,Mexicali,U1,Horizontal,91,002,02
2022,Zacatecas,Fresnillo,U3,Horizontal,36,010,32
2022,Aguascalientes,Aguascalientes,U3,Vertical,586,001,01
2023,Hidalgo,Pachuca de Soto,U3,Horizontal,198,048,13
2021,Nayarit,Tepic,U2,Horizontal,76,017,18
2022,Veracruz de Ignacio de la Llave,Tuxpan,U2,Horizontal,29,189,30
2022,Hidalgo,Tulancingo de Bravo,U3,Horizontal,28,077,13
2022,Puebla,San Martín Texmelucan,U2,Vertical,148,132,21
2022,Oaxaca,Santa María Atzompa,U1,Horizontal,1,399,20
2021,Chihuahua,Guachochi,U3,Horizontal,102,027,08
2021,Colima,Manzanillo,U3,Vertical,16,007,06
2021,Nuevo León,Apodaca,U1,Horizontal,121,006,19
2021,Guanajuato,Apaseo el Grande,U2,Horizontal,8,005,11
2021,Puebla,Puebla,U3,Vertical,569,114,21
2022,Hidalgo,Atotonilco de Tula,FC,Horizontal,522,013,13
2021,Nuevo León,El Carmen,U3,Horizontal,2970,010,19
2022,Colima,Tecomán,U3,Horizontal,24,009,06
2023,Puebla,Tehuacán,U1,Vertical,15,156,21
2021,Jalisco,Tlajomulco de Zúñiga,FC,Horizontal,23,097,14
2022,Veracruz de Ignacio de la Llave,Veracruz,U2,Horizontal,207,193,30
2021,Guerrero,Acapulco de Juárez,U2,Vertical,1,001,12
2021,Nuevo León,Ciénega de Flores,U3,Horizontal,333,012,19
2021,Michoacán de Ocampo,Zitácuaro,U3,Horizontal,2,112,16
2022,México,Naucalpan de Juárez,U1,Vertical,21,057,15
2021,Quintana Roo,Benito Juárez,FC,Horizontal,377,005,23
2023,Guanajuato,Pénjamo,U1,Horizontal,21,023,11
2022,Morelos,Zacatepec,FC,Horizontal,15,031,17
2023,Tamaulipas,Matamoros,U3,Horizontal,1179,022,28
2021,Chihuahua,Chihuahua,U3,Horizontal,3568,019,08
2023,Colima,Comala,U2,Horizontal,2,003,06
2021,Yucatán,Kanasín,U3,Horizontal,1779,041,31
2022,Morelos,Tlayacapan,FC,Horizontal,46,026,17
2021,Nayarit,Xalisco,U2,Horizontal,25,008,18
2022,Aguascalientes,San Francisco de los Romo,FC,Horizontal,76,011,01
2021,Tlaxcala,Zacatelco,U1,Horizontal,1,044,29
2023,Jalisco,Colotlán,FC,Horizontal,1,025,14
2023,Veracruz de Ignacio de la Llave,Tlalnelhuayocan,U3,Horizontal,4,182,30
2022,Jalisco,Tonalá,U3,Horizontal,700,101,14
2023,Sonora,Guaymas,U2,Horizontal,112,029,26
2023,Veracruz de Ignacio de la Llave,Veracruz,U2,Vertical,152,193,30
2023,Chiapas,Ocosingo,U2,Horizontal,11,059,07
2021,Zacatecas,Guadalupe,U3,Horizontal,814,017,32
2023,Michoacán de Ocampo,Jiquilpan,U3,Horizontal,16,045,16
2021,Nuevo León,García,FC,Horizontal,586,018,19
2022,Guanajuato,Irapuato,U3,Horizontal,103,017,11
2022,Veracruz de Ignacio de la Llave,Tlalnelhuayocan,U2,Horizontal,17,182,30
2022,Chihuahua,Delicias,U3,Horizontal,137,021,08
2023,Tlaxcala,Santa Cruz Tlaxcala,U2,Vertical,32,026,29
2022,Coahuila de Zaragoza,San Pedro,U3,Horizontal,59,033,05
2023,Puebla,Puebla,U2,Horizontal,138,114,21
2023,Tlaxcala,Calpulalpan,U2,Horizontal,10,006,29
2022,Guanajuato,San José Iturbide,FC,Horizontal,32,032,11
2022,Tlaxcala,Santa Cruz Tlaxcala,U1,Horizontal,43,026,29
2021,Zacatecas,Zacatecas,U2,Horizontal,13,056,32
2022,San Luis Potosí,Soledad de Graciano Sánchez,FC,Horizontal,30,035,24
2023,Nuevo León,El Carmen,U3,Horizontal,1223,010,19
2021,Veracruz de Ignacio de la Llave,Córdoba,U3,Horizontal,61,044,30
2022,Oaxaca,Heroica Ciudad de Huajuapan de León,U3,Vertical,3,039,20
2021,Veracruz de Ignacio de la Llave,Fortín,U1,Horizontal,9,068,30
2021,Baja California,Mexicali,U1,Horizontal,467,002,02
2021,Jalisco,El Salto,U2,Horizontal,106,070,14
2023,Sinaloa,Guasave,FC,Horizontal,53,011,25
2023,Colima,Coquimatlán,U3,Horizontal,3,004,06
2022,Puebla,Chignahuapan,U3,Horizontal,4,053,21
2022,San Luis Potosí,Rioverde,U3,Horizontal,5,024,24
2022,Hidalgo,Huichapan,FC,Horizontal,4,029,13
2021,Sonora,Nogales,U2,Horizontal,9,043,26
2021,Nayarit,Compostela,U3,Horizontal,1,004,18
2023,Michoacán de Ocampo,La Piedad,U2,Horizontal,200,069,16
2023,Chihuahua,Cuauhtémoc,U2,Horizontal,19,017,08
2022,Baja California Sur,Los Cabos,U3,Horizontal,3,008,03
2022,Durango,Gómez Palacio,U1,Horizontal,11,007,10
2021,México,Zumpango,FC,Vertical,120,120,15
2022,Baja California,Tijuana,FC,Vertical,152,004,02
2021,Zacatecas,Pinos,FC,Horizontal,7,038,32
2023,Campeche,Campeche,U3,Horizontal,4,002,04
2021,Sonora,Cananea,U2,Horizontal,3,019,26
2023,Jalisco,El Salto,FC,Horizontal,105,070,14
2022,Tlaxcala,Cuapiaxtla,FC,Horizontal,2,008,29
2021,Puebla,San Andrés Cholula,U1,Horizontal,2,119,21
2021,México,Chalco,U2,Horizontal,25,025,15
2022,Tamaulipas,Nuevo Laredo,U1,Horizontal,303,027,28
2022,Guerrero,Chilpancingo de los Bravo,U3,Horizontal,10,029,12
2022,Campeche,Campeche,U3,Horizontal,30,002,04
2023,San Luis Potosí,San Luis Potosí,U1,Horizontal,46,028,24
2022,Nayarit,Tepic,U2,Horizontal,41,017,18
2023,Coahuila de Zaragoza,Cuatro Ciénegas,FC,Horizontal,2,007,05
2021,Durango,Lerdo,U1,Horizontal,48,012,10
2021,Nuevo León,Salinas Victoria,U1,Horizontal,92,045,19
2022,Guanajuato,Irapuato,U1,Horizontal,28,017,11
2022,Veracruz de Ignacio de la Llave,Orizaba,U2,Horizontal,8,118,30
2021,Chihuahua,Aldama,U2,Horizontal,56,002,08
2021,Michoacán de Ocampo,Lázaro Cárdenas,U2,Horizontal,18,052,16
2022,Nuevo León,Cerralvo,FC,Horizontal,20,011,19
2022,Coahuila de Zaragoza,Torreón,U2,Horizontal,483,035,05
2023,Veracruz de Ignacio de la Llave,Medellín de Bravo,U3,Horizontal,36,105,30
2023,San Luis Potosí,San Luis Potosí,FC,Vertical,10,028,24
2021,Puebla,Huejotzingo,U3,Vertical,952,074,21
2023,Oaxaca,San Jacinto Amilpas,U1,Horizontal,2,157,20
2023,México,Nextlalpan,U3,Horizontal,122,059,15
2021,Coahuila de Zaragoza,Arteaga,U3,Horizontal,204,004,05
2022,Hidalgo,Mineral de la Reforma,U2,Horizontal,82,051,13
2021,México,Chicoloapan,U2,Horizontal,13,029,15
2023,Sonora,San Luis Río Colorado,U2,Horizontal,133,055,26
2021,Puebla,Cuautlancingo,U1,Vertical,192,041,21
2022,Nuevo León,Salinas Victoria,U2,Horizontal,7,045,19
2021,Coahuila de Zaragoza,San Pedro,U2,Horizontal,41,033,05
2022,Yucatán,Motul,U3,Horizontal,3,052,31
2022,Veracruz de Ignacio de la Llave,Xalapa,U3,Horizontal,118,087,30
2021,Tabasco,Jalpa de Méndez,U1,Horizontal,2,010,27
2023,Oaxaca,Santa María Atzompa,U1,Horizontal,4,399,20
2023,Puebla,San Salvador el Verde,FC,Horizontal,6,143,21
2021,Nuevo León,Linares,U2,Horizontal,17,033,19
2022,Michoacán de Ocampo,Hidalgo,FC,Horizontal,4,034,16
2021,Puebla,Puebla,U3,Horizontal,401,114,21
2022,Coahuila de Zaragoza,San Pedro,U2,Horizontal,28,033,05
2021,Aguascalientes,Aguascalientes,U2,Vertical,16,001,01
2021,Coahuila de Zaragoza,Sabinas,U2,Horizontal,251,028,05
2021,Aguascalientes,Rincón de Romos,U2,Horizontal,61,007,01
2021,Sonora,San Luis Río Colorado,U3,Horizontal,14,055,26
2021,Nayarit,Tepic,U3,Vertical,3,017,18
2022,Tamaulipas,Reynosa,U3,Horizontal,2093,032,28
2023,Coahuila de Zaragoza,Ramos Arizpe,U3,Horizontal,126,027,05
2021,Sonora,Caborca,U2,Horizontal,25,017,26
2023,Nuevo León,García,U1,Horizontal,121,018,19
2022,Michoacán de Ocampo,Sahuayo,U2,Horizontal,15,076,16
2021,Tamaulipas,Reynosa,FC,Horizontal,1229,032,28
2021,Querétaro,Querétaro,U2,Vertical,88,014,22
2023,Guanajuato,León,U2,Horizontal,122,020,11
2022,Tamaulipas,Matamoros,U2,Horizontal,304,022,28
2021,Aguascalientes,Calvillo,U2,Horizontal,3,003,01
2021,Chihuahua,Juárez,U2,Horizontal,2015,037,08
2021,Hidalgo,Pachuca de Soto,U2,Horizontal,3,048,13
2022,Tlaxcala,Zacatelco,U2,Horizontal,3,044,29
2022,Guanajuato,León,U3,Vertical,1674,020,11
2021,Tlaxcala,Tepetitla de Lardizábal,U2,Horizontal,1,019,29
2021,Guanajuato,Silao de la Victoria,U3,Horizontal,150,037,11
2021,Guanajuato,San José Iturbide,U3,Horizontal,61,032,11
2021,Zacatecas,Noria de Ángeles,FC,Horizontal,1,035,32
2022,México,Otzolotepec,FC,Vertical,188,067,15
2021,Colima,Coquimatlán,U3,Horizontal,1,004,06
2021,Chihuahua,Nuevo Casas Grandes,U2,Horizontal,152,050,08
2022,Aguascalientes,Cosío,FC,Horizontal,10,004,01
2023,Tamaulipas,Reynosa,U1,Horizontal,99,032,28
2022,Nuevo León,García,U1,Horizontal,89,018,19
2021,Chihuahua,Chihuahua,FC,Horizontal,88,019,08
2023,Tlaxcala,Panotla,U2,Horizontal,1,024,29
2023,Michoacán de Ocampo,Morelia,U1,Horizontal,1,053,16
2021,Veracruz de Ignacio de la Llave,Naranjos Amatlán,U2,Horizontal,6,013,30
2023,Quintana Roo,Tulum,FC,Vertical,1184,009,23
2022,Colima,Comala,U3,Horizontal,5,003,06
2023,Guanajuato,San Luis de la Paz,U3,Horizontal,100,033,11
2022,Tlaxcala,Tlaxco,U3,Vertical,9,034,29
2022,Baja California Sur,Mulegé,FC,Horizontal,26,002,03
2023,Tamaulipas,Reynosa,U3,Vertical,400,032,28
2023,Chiapas,Tapachula,U3,Horizontal,51,089,07
2023,Nayarit,Bahía de Banderas,U3,Vertical,659,020,18
2021,Quintana Roo,Benito Juárez,U2,Horizontal,278,005,23
2021,Morelos,Xochitepec,FC,Vertical,96,028,17
2023,Michoacán de Ocampo,Uruapan,U2,Horizontal,2,102,16
2022,Querétaro,Querétaro,U1,Vertical,10,014,22
2021,Veracruz de Ignacio de la Llave,Tlalnelhuayocan,FC,Horizontal,1,182,30
2022,Querétaro,El Marqués,FC,Horizontal,276,011,22
2023,Nuevo León,Cerralvo,FC,Horizontal,20,011,19
2023,Aguascalientes,Jesús María,U2,Vertical,56,005,01
2023,México,Chalco,U3,Vertical,19,025,15
2022,Baja California,Playas de Rosarito,FC,Vertical,80,005,02
2023,Jalisco,Tlajomulco de Zúñiga,U3,Vertical,2104,097,14
2023,Aguascalientes,Aguascalientes,U3,Vertical,72,001,01
2022,San Luis Potosí,Ciudad Valles,U2,Horizontal,3,013,24
2021,Colima,Villa de Álvarez,U1,Horizontal,40,010,06
2021,Coahuila de Zaragoza,Allende,U2,Horizontal,132,003,05
2023,Nayarit,Xalisco,U2,Horizontal,4,008,18
2021,Oaxaca,Heroica Ciudad de Huajuapan de León,U3,Vertical,4,039,20
2021,Quintana Roo,Solidaridad,FC,Vertical,128,008,23
2021,San Luis Potosí,Tamuín,U3,Horizontal,18,040,24
2022,Puebla,Tianguismanalco,FC,Vertical,64,175,21
2023,Nuevo León,Apodaca,U3,Horizontal,374,006,19
2022,Ciudad de México,Venustiano Carranza,U1,Vertical,397,017,09
2023,Coahuila de Zaragoza,Sabinas,U2,Horizontal,110,028,05
2023,Coahuila de Zaragoza,Monclova,U1,Horizontal,95,018,05
2021,Morelos,Cuernavaca,U2,Horizontal,1,007,17
2021,Morelos,Jojutla,FC,Vertical,24,012,17
2022,Chiapas,Tuxtla Gutiérrez,U2,Vertical,50,101,07
2021,Tamaulipas,Valle Hermoso,U1,Horizontal,4,040,28
2021,San Luis Potosí,Rioverde,U2,Horizontal,1,024,24
2022,Michoacán de Ocampo,Morelia,U3,Vertical,668,053,16
2021,Tamaulipas,Nuevo Laredo,U1,Horizontal,212,027,28
2021,Jalisco,Tlajomulco de Zúñiga,U3,Vertical,2475,097,14
2023,Puebla,Puebla,U3,Horizontal,46,114,21
2021,Colima,Manzanillo,U2,Horizontal,54,007,06
2022,Tlaxcala,Tzompantepec,U3,Horizontal,2,038,29
2021,Coahuila de Zaragoza,Ramos Arizpe,U2,Horizontal,259,027,05
2023,Querétaro,San Juan del Río,FC,Horizontal,100,016,22
2021,Veracruz de Ignacio de la Llave,Fortín,U3,Horizontal,4,068,30
2023,Guanajuato,San José Iturbide,FC,Horizontal,114,032,11
2021,Veracruz de Ignacio de la Llave,Ixhuatlancillo,U2,Horizontal,7,081,30
2023,Tamaulipas,Victoria,U3,Horizontal,78,041,28
2023,Ciudad de México,Azcapotzalco,U1,Vertical,391,002,09
2022,Tamaulipas,Reynosa,FC,Horizontal,300,032,28
2023,Coahuila de Zaragoza,Múzquiz,U3,Horizontal,97,020,05
2021,Durango,Gómez Palacio,U2,Horizontal,668,007,10
2023,Oaxaca,Santa Cruz Xoxocotlán,U3,Horizontal,49,385,20
2023,Puebla,Amozoc,U2,Horizontal,6,015,21
2021,Guerrero,Coyuca de Benítez,FC,Horizontal,4,021,12
2023,Michoacán de Ocampo,Hidalgo,U1,Horizontal,1,034,16
2023,Sonora,Empalme,U3,Horizontal,16,025,26
2021,Chihuahua,Juárez,U1,Horizontal,195,037,08
2023,Baja California,Tijuana,U1,Vertical,76,004,02
2022,Tlaxcala,La Magdalena Tlaltelulco,U2,Horizontal,4,048,29
2022,Tlaxcala,Tetla de la Solidaridad,U2,Horizontal,23,031,29
2021,Coahuila de Zaragoza,Piedras Negras,U2,Horizontal,8,025,05
2021,Tlaxcala,Apetatitlán de Antonio Carvajal,U3,Horizontal,9,002,29
2022,Durango,Durango,U2,Vertical,8,005,10
2023,Colima,Manzanillo,U3,Horizontal,256,007,06
2023,Tamaulipas,Nuevo Laredo,U2,Horizontal,202,027,28
2022,Chiapas,Villaflores,U2,Horizontal,2,108,07
2023,México,Jilotepec,FC,Horizontal,24,045,15
2021,Jalisco,San Juan de los Lagos,U2,Horizontal,13,073,14
2021,Quintana Roo,Othón P. Blanco,U2,Horizontal,4,004,23
2021,Tlaxcala,Santa Cruz Tlaxcala,U3,Horizontal,6,026,29
2022,Sinaloa,Guasave,U2,Horizontal,46,011,25
2023,Baja California,Tijuana,U3,Vertical,862,004,02
2021,Jalisco,Zapotlanejo,FC,Horizontal,10,124,14
2023,Coahuila de Zaragoza,Monclova,U2,Horizontal,24,018,05
2021,Puebla,San Andrés Cholula,U3,Horizontal,21,119,21
2021,Guanajuato,León,U2,Vertical,409,020,11
2022,Nuevo León,García,U3,Horizontal,3087,018,19
2023,Oaxaca,Santa María Atzompa,U3,Horizontal,11,399,20
2022,Jalisco,Tlajomulco de Zúñiga,U1,Horizontal,91,097,14
2021,Hidalgo,Tepeji del Río de Ocampo,U1,Horizontal,44,063,13
2021,Durango,Santiago Papasquiaro,U2,Horizontal,41,032,10
2021,Morelos,Yecapixtla,FC,Vertical,288,030,17
2021,Tabasco,Paraíso,U1,Horizontal,65,014,27
2021,Hidalgo,Tizayuca,U3,Vertical,1565,069,13
2021,Puebla,Tehuacán,U1,Horizontal,133,156,21
2021,Sonora,Guaymas,U3,Horizontal,273,029,26
2022,Oaxaca,Salina Cruz,U3,Horizontal,4,079,20
2022,Tamaulipas,Ciudad Madero,U2,Horizontal,15,009,28
2022,Campeche,Campeche,U2,Horizontal,68,002,04
2022,Hidalgo,Zempoala,FC,Vertical,264,083,13
2022,Guanajuato,San Felipe,U3,Horizontal,124,030,11
2022,Tlaxcala,Tlaxcala,U2,Horizontal,11,033,29
2021,Tamaulipas,Matamoros,U3,Horizontal,1570,022,28
2021,Jalisco,Lagos de Moreno,U3,Horizontal,329,053,14
2021,Guanajuato,Villagrán,U3,Horizontal,339,044,11
2021,Guanajuato,San Miguel de Allende,U3,Vertical,96,003,11
2022,Tamaulipas,Río Bravo,U2,Horizontal,89,033,28
2023,Coahuila de Zaragoza,Piedras Negras,U1,Horizontal,96,025,05
2023,Durango,Lerdo,U2,Horizontal,269,012,10
2023,Tlaxcala,Tlaxcala,U2,Horizontal,18,033,29
2023,Jalisco,Zapopan,U3,Vertical,304,120,14
2023,Quintana Roo,Benito Juárez,FC,Vertical,723,005,23
2021,Coahuila de Zaragoza,Matamoros,U2,Horizontal,83,017,05
2022,Nayarit,Xalisco,U1,Horizontal,17,008,18
2021,Nuevo León,Guadalupe,U3,Horizontal,33,026,19
2022,Coahuila de Zaragoza,Saltillo,U2,Horizontal,496,030,05
2022,Guanajuato,Abasolo,U2,Horizontal,8,001,11
2021,Aguascalientes,Aguascalientes,U3,Horizontal,2974,001,01
2021,Veracruz de Ignacio de la Llave,Medellín de Bravo,U3,Horizontal,170,105,30
2023,Tabasco,Centro,U2,Horizontal,8,004,27
2021,Sinaloa,Guasave,FC,Horizontal,28,011,25
2021,Nuevo León,Ciénega de Flores,U2,Horizontal,290,012,19
2022,Baja California,Playas de Rosarito,FC,Horizontal,156,005,02
2022,Querétaro,Querétaro,U2,Horizontal,60,014,22
2023,Aguascalientes,Jesús María,FC,Horizontal,11,005,01
2023,Zacatecas,Fresnillo,U1,Horizontal,6,010,32
2022,México,Zumpango,U3,Vertical,1504,120,15
2023,Sinaloa,Navolato,FC,Horizontal,2,018,25
2021,Jalisco,Puerto Vallarta,U3,Vertical,120,067,14
2023,Tlaxcala,Xicohtzinco,U2,Horizontal,8,042,29
2022,Coahuila de Zaragoza,Ramos Arizpe,U3,Horizontal,8,027,05
2022,Guanajuato,San José Iturbide,U2,Horizontal,29,032,11
2023,Coahuila de Zaragoza,San Juan de Sabinas,U3,Horizontal,75,032,05
2022,México,Otzolotepec,FC,Horizontal,274,067,15
2021,Yucatán,Conkal,FC,Horizontal,1,013,31
2023,Nuevo León,Ciénega de Flores,U2,Horizontal,416,012,19
2022,Nuevo León,Sabinas Hidalgo,U1,Horizontal,8,044,19
2023,Tlaxcala,Santa Cruz Tlaxcala,U2,Horizontal,6,026,29
2023,Guanajuato,Apaseo el Grande,FC,Horizontal,120,005,11
2021,Morelos,Xochitepec,U3,Horizontal,122,028,17
2021,Quintana Roo,Tulum,FC,Horizontal,544,009,23
2023,Guanajuato,Salvatierra,U3,Horizontal,183,028,11
2021,Hidalgo,Pachuca de Soto,U3,Horizontal,737,048,13
2021,Guanajuato,Silao de la Victoria,U3,Vertical,30,037,11
2021,Guanajuato,Dolores Hidalgo Cuna de la Independencia Nacional,U3,Horizontal,340,014,11
2023,Yucatán,Ucú,U3,Horizontal,74,100,31
2022,Zacatecas,Río Grande,U2,Horizontal,2,039,32
2021,México,Tianguistenco,U3,Horizontal,546,101,15
2023,Jalisco,Guadalajara,U1,Vertical,80,039,14
2023,San Luis Potosí,Soledad de Graciano Sánchez,FC,Vertical,10,035,24
2023,Jalisco,Puerto Vallarta,U3,Vertical,300,067,14
2022,Tlaxcala,Tzompantepec,U2,Horizontal,5,038,29
2023,Coahuila de Zaragoza,Nava,U2,Horizontal,14,022,05
2023,Michoacán de Ocampo,Zamora,U3,Vertical,192,108,16
2021,Hidalgo,Cuautepec de Hinojosa,U3,Horizontal,25,016,13
2021,Chihuahua,Nuevo Casas Grandes,U3,Horizontal,27,050,08
2022,Ciudad de México,Cuauhtémoc,U2,Vertical,137,015,09
2022,Sinaloa,Culiacán,U1,Vertical,35,006,25
2023,Coahuila de Zaragoza,Saltillo,U3,Vertical,174,030,05
2023,Michoacán de Ocampo,Tarímbaro,U3,Horizontal,109,088,16
2021,Hidalgo,Mineral de la Reforma,U3,Horizontal,740,051,13
2023,San Luis Potosí,Rioverde,U2,Horizontal,39,024,24
2022,Jalisco,San Pedro Tlaquepaque,U3,Horizontal,130,098,14
2021,Guanajuato,Guanajuato,U3,Horizontal,103,015,11
2023,Guanajuato,Irapuato,U1,Horizontal,174,017,11
2021,Querétaro,El Marqués,U2,Horizontal,1,011,22
2023,Tamaulipas,Nuevo Laredo,FC,Horizontal,53,027,28
2022,Nuevo León,Ciénega de Flores,U1,Horizontal,9,012,19
2021,Guerrero,Acapulco de Juárez,U3,Horizontal,545,001,12
2022,Puebla,Huejotzingo,U2,Vertical,27,074,21
2021,Jalisco,Tonalá,U3,Vertical,338,101,14
2022,Tlaxcala,Huamantla,U2,Horizontal,3,013,29
2023,Durango,Gómez Palacio,U2,Horizontal,257,007,10
2022,Michoacán de Ocampo,Morelia,U1,Horizontal,6,053,16
2023,Michoacán de Ocampo,Zamora,U3,Horizontal,121,108,16
2021,México,Atlacomulco,U1,Horizontal,18,014,15
2021,Coahuila de Zaragoza,Saltillo,U1,Vertical,186,030,05
2023,Michoacán de Ocampo,Apatzingán,U2,Horizontal,13,006,16
2022,Zacatecas,Guadalupe,FC,Horizontal,22,017,32
2023,Ciudad de México,Miguel Hidalgo,U1,Vertical,65,016,09
2021,Nuevo León,General Zuazua,FC,Horizontal,1997,025,19
2021,Sinaloa,Mazatlán,U2,Vertical,28,012,25
2022,Tabasco,Cunduacán,U2,Horizontal,12,006,27
2022,Jalisco,Colotlán,FC,Horizontal,1,025,14
2021,Veracruz de Ignacio de la Llave,Xalapa,U1,Vertical,3,087,30
2021,Jalisco,Puerto Vallarta,U2,Vertical,100,067,14
2021,Tlaxcala,Xaloztoc,U1,Horizontal,9,039,29
2023,Baja California,Ensenada,U3,Vertical,96,001,02
2021,Sinaloa,Culiacán,U2,Horizontal,354,006,25
2021,México,Zinacantepec,FC,Horizontal,12,118,15
2021,Chiapas,Comitán de Domínguez,U3,Horizontal,121,019,07
2021,México,Zinacantepec,U3,Vertical,96,118,15
2021,Sonora,Puerto Peñasco,FC,Horizontal,10,048,26
2023,Jalisco,Autlán de Navarro,U2,Horizontal,5,015,14
2022,Nuevo León,Apodaca,FC,Horizontal,714,006,19
2022,Tlaxcala,Yauhquemehcan,U2,Vertical,50,043,29
2022,Sonora,Hermosillo,U1,Horizontal,2,030,26
2023,San Luis Potosí,San Luis Potosí,U3,Horizontal,715,028,24
2022,Veracruz de Ignacio de la Llave,Emiliano Zapata,U3,Vertical,230,065,30
2021,Nuevo León,General Escobedo,U2,Horizontal,478,021,19
2021,Michoacán de Ocampo,Sahuayo,U2,Horizontal,9,076,16
2023,Guanajuato,Salamanca,FC,Horizontal,168,027,11
2022,Coahuila de Zaragoza,Saltillo,U2,Vertical,212,030,05
2023,Aguascalientes,Aguascalientes,U1,Vertical,4,001,01
2021,Puebla,Amozoc,U1,Horizontal,40,015,21
2022,Nuevo León,Apodaca,U1,Horizontal,8,006,19
2023,Nuevo León,General Escobedo,FC,Horizontal,923,021,19
2023,Puebla,Chignautla,U2,Horizontal,1,054,21
2023,Coahuila de Zaragoza,Torreón,U3,Horizontal,363,035,05
2022,Sinaloa,Ahome,FC,Horizontal,20,001,25
2021,Jalisco,San Pedro Tlaquepaque,U2,Vertical,232,098,14
2023,Michoacán de Ocampo,Morelia,FC,Vertical,52,053,16
2021,Querétaro,Querétaro,U2,Horizontal,12,014,22
2022,México,Cuautitlán Izcalli,U2,Vertical,3,121,15
2023,Sonora,Navojoa,U1,Horizontal,148,042,26
2021,Sinaloa,Navolato,FC,Horizontal,2,018,25
2023,Nuevo León,Apodaca,FC,Horizontal,542,006,19
2021,Sonora,Navojoa,U1,Horizontal,179,042,26
2021,Coahuila de Zaragoza,Matamoros,U3,Horizontal,428,017,05
2022,Michoacán de Ocampo,Apatzingán,U3,Horizontal,31,006,16
2021,Jalisco,Zapopan,FC,Horizontal,1047,120,14
2021,Nayarit,Bahía de Banderas,U2,Horizontal,56,020,18
2023,Baja California Sur,Los Cabos,U2,Horizontal,16,008,03
2023,Coahuila de Zaragoza,Monclova,U3,Horizontal,22,018,05
2021,Coahuila de Zaragoza,San Buenaventura,U2,Horizontal,5,031,05
2021,Sonora,Cajeme,U2,Horizontal,181,018,26
2021,Yucatán,Kanasín,U3,Vertical,216,041,31
2021,Tabasco,Centla,FC,Horizontal,1,003,27
2022,Guanajuato,Pénjamo,U1,Horizontal,4,023,11
2023,Puebla,Cuautlancingo,U2,Vertical,1,041,21
2022,Colima,Comala,U2,Horizontal,2,003,06
2023,Hidalgo,Actopan,U1,Horizontal,3,003,13
2023,Chihuahua,Camargo,U1,Horizontal,1,011,08
2022,Tabasco,Nacajuca,U3,Horizontal,70,013,27
2022,Aguascalientes,Pabellón de Arteaga,U3,Horizontal,30,006,01
2023,Sonora,Caborca,U2,Horizontal,7,017,26
2022,Chiapas,Tapachula,U2,Horizontal,110,089,07
2023,Durango,Durango,FC,Vertical,1392,005,10
2022,Chihuahua,Juárez,U2,Horizontal,478,037,08
2021,Puebla,Coronango,U3,Horizontal,376,034,21
2022,Tlaxcala,Santa Cruz Tlaxcala,U3,Horizontal,2,026,29
2023,Oaxaca,Santa María Atzompa,FC,Horizontal,110,399,20
2021,Guanajuato,Apaseo el Grande,U3,Horizontal,925,005,11
2021,Tlaxcala,Apizaco,U1,Horizontal,1,005,29
2022,Durango,Lerdo,U3,Horizontal,37,012,10
2023,Baja California Sur,La Paz,FC,Horizontal,28,003,03
2021,Colima,Colima,U3,Vertical,16,002,06
2022,México,Chalco,U3,Horizontal,266,025,15
2022,Quintana Roo,Benito Juárez,U2,Vertical,80,005,23
2022,México,Nicolás Romero,U2,Horizontal,1,060,15
2022,Coahuila de Zaragoza,Francisco I. Madero,U2,Horizontal,5,009,05
2021,Chiapas,Tapachula,U2,Horizontal,16,089,07
2022,Sonora,Puerto Peñasco,U3,Horizontal,73,048,26
2022,Oaxaca,Santa María Atzompa,U3,Horizontal,6,399,20
2023,Coahuila de Zaragoza,Saltillo,U3,Horizontal,231,030,05
2021,Aguascalientes,Aguascalientes,U1,Horizontal,133,001,01
2021,Coahuila de Zaragoza,Saltillo,U3,Vertical,170,030,05
2021,Coahuila de Zaragoza,Múzquiz,U1,Horizontal,50,020,05
2023,Chihuahua,Guachochi,U3,Horizontal,20,027,08
2023,México,Acolman,U3,Vertical,36,002,15
2021,Guanajuato,San Francisco del Rincón,U2,Horizontal,36,031,11
2021,Hidalgo,Epazoyucan,U3,Horizontal,9,022,13
2023,México,Calimaya,FC,Horizontal,6,018,15
2022,Puebla,Amozoc,U3,Horizontal,52,015,21
2023,Baja California Sur,Los Cabos,U1,Horizontal,21,008,03
2023,Tlaxcala,Amaxac de Guerrero,U2,Horizontal,2,001,29
2022,Jalisco,San Juan de los Lagos,U2,Horizontal,1,073,14
2023,Coahuila de Zaragoza,Torreón,FC,Horizontal,322,035,05
2022,Michoacán de Ocampo,Hidalgo,U2,Horizontal,13,034,16
2021,Coahuila de Zaragoza,Piedras Negras,U1,Horizontal,118,025,05
2023,Tlaxcala,Xaloztoc,U1,Horizontal,3,039,29
2021,México,Zinacantepec,U2,Horizontal,74,118,15
2022,San Luis Potosí,San Luis Potosí,FC,Vertical,18,028,24
2021,Nuevo León,Sabinas Hidalgo,U1,Horizontal,3,044,19
2023,Nuevo León,Pesquería,U3,Horizontal,1315,041,19
2021,Veracruz de Ignacio de la Llave,Fortín,U2,Horizontal,1,068,30
2023,Zacatecas,Calera,U3,Horizontal,91,005,32
2021,Puebla,Coronango,FC,Horizontal,250,034,21
2023,Chiapas,Tuxtla Gutiérrez,U3,Horizontal,41,101,07
2021,Guanajuato,León,U2,Horizontal,96,020,11
2021,Coahuila de Zaragoza,San Juan de Sabinas,U2,Horizontal,13,032,05
2021,Chihuahua,Delicias,U3,Horizontal,174,021,08
2023,Colima,Manzanillo,U3,Vertical,16,007,06
2021,Puebla,Tianguismanalco,FC,Vertical,144,175,21
2021,Quintana Roo,Benito Juárez,U1,Horizontal,91,005,23
2021,Morelos,Emiliano Zapata,U1,Horizontal,49,008,17
2022,Hidalgo,Zempoala,FC,Horizontal,651,083,13
2022,Aguascalientes,Aguascalientes,FC,Horizontal,91,001,01
2021,Jalisco,Tuxpan,U3,Horizontal,16,108,14
2023,Jalisco,Tala,U1,Horizontal,16,083,14
2023,Nuevo León,Salinas Victoria,FC,Horizontal,1224,045,19
2022,Veracruz de Ignacio de la Llave,Tuxpan,U2,Vertical,46,189,30
2021,Quintana Roo,Solidaridad,U3,Horizontal,957,008,23
2021,Veracruz de Ignacio de la Llave,Veracruz,U3,Vertical,1478,193,30
2021,Chihuahua,Cuauhtémoc,FC,Horizontal,1,017,08
2021,Baja California Sur,Los Cabos,U3,Vertical,407,008,03
2022,Quintana Roo,Solidaridad,U1,Horizontal,1,008,23
2023,Nuevo León,Guadalupe,U2,Horizontal,62,026,19
2021,Baja California Sur,Comondú,U3,Horizontal,22,001,03
2022,Puebla,Chignautla,U3,Horizontal,5,054,21
2021,Sonora,Navojoa,U2,Horizontal,120,042,26
2022,Aguascalientes,Aguascalientes,U1,Horizontal,13,001,01
2023,Morelos,Xochitepec,FC,Vertical,24,028,17
2021,Guanajuato,San Miguel de Allende,FC,Horizontal,26,003,11
2021,Veracruz de Ignacio de la Llave,Tuxpan,U3,Horizontal,29,189,30
2022,Jalisco,Tala,U3,Horizontal,93,083,14
2021,Quintana Roo,Solidaridad,U3,Vertical,2473,008,23
2022,Michoacán de Ocampo,Uruapan,U1,Horizontal,2,102,16
2021,Guerrero,Chilpancingo de los Bravo,U2,Vertical,34,029,12
2023,Guanajuato,San Felipe,U3,Horizontal,63,030,11
2021,Nuevo León,Juárez,FC,Horizontal,1007,031,19
2023,Guanajuato,León,U1,Horizontal,50,020,11
2023,Aguascalientes,Calvillo,U3,Horizontal,8,003,01
2021,Colima,Armería,U1,Horizontal,1,001,06
2021,Veracruz de Ignacio de la Llave,Papantla,U2,Horizontal,5,124,30
2021,San Luis Potosí,Rioverde,U1,Horizontal,30,024,24
2023,Aguascalientes,Rincón de Romos,U2,Horizontal,27,007,01
2023,Nuevo León,Juárez,U3,Horizontal,3877,031,19
2021,Baja California,Tijuana,U2,Horizontal,145,004,02
2022,Michoacán de Ocampo,Morelia,U2,Horizontal,28,053,16
2021,Zacatecas,Guadalupe,U1,Horizontal,11,017,32
2022,Hidalgo,Santiago Tulantepec de Lugo Guerrero,U1,Horizontal,1,056,13
2021,Hidalgo,Tepeji del Río de Ocampo,U2,Horizontal,20,063,13
2023,Yucatán,Umán,U1,Horizontal,52,101,31
2023,Guanajuato,Uriangato,U3,Horizontal,303,041,11
2021,Guanajuato,León,U3,Vertical,1529,020,11
2022,Guanajuato,Guanajuato,U3,Horizontal,10,015,11
2022,Ciudad de México,Benito Juárez,U1,Horizontal,1,014,09
2021,Colima,Colima,U3,Horizontal,119,002,06
2023,Zacatecas,Pinos,FC,Horizontal,8,038,32
2022,Jalisco,Lagos de Moreno,U1,Horizontal,8,053,14
2022,San Luis Potosí,Soledad de Graciano Sánchez,U1,Horizontal,102,035,24
2021,Jalisco,Zapotiltic,U2,Horizontal,15,121,14
2022,Sinaloa,Mazatlán,U3,Horizontal,759,012,25
2021,Sonora,Guaymas,U2,Horizontal,36,029,26
2023,Querétaro,Corregidora,U2,Horizontal,10,006,22
2022,Baja California,Tijuana,U3,Horizontal,636,004,02
2021,Chiapas,Arriaga,U2,Horizontal,3,009,07
2021,Puebla,San Martín Texmelucan,U3,Vertical,90,132,21
2021,Guerrero,Acapulco de Juárez,FC,Horizontal,955,001,12
2021,Nuevo León,Monterrey,U2,Horizontal,140,039,19
2021,Guanajuato,San José Iturbide,U2,Horizontal,13,032,11
2022,Baja California Sur,Los Cabos,U3,Vertical,152,008,03
2022,Tlaxcala,San José Teacalco,FC,Horizontal,1,052,29
2021,Coahuila de Zaragoza,Ocampo,FC,Horizontal,2,023,05
2023,Guanajuato,Cortazar,FC,Horizontal,22,011,11
2022,Morelos,Tlaltizapán de Zapata,FC,Horizontal,26,024,17
2021,Jalisco,Zapopan,U1,Horizontal,1,120,14
2022,Sinaloa,Mazatlán,FC,Horizontal,34,012,25
2023,Tlaxcala,Santa Cruz Tlaxcala,U1,Horizontal,59,026,29
2022,Baja California,Mexicali,FC,Horizontal,3,002,02
2023,Coahuila de Zaragoza,Torreón,U1,Horizontal,65,035,05
2023,Quintana Roo,Benito Juárez,U3,Horizontal,1163,005,23
2021,Oaxaca,San Sebastián Tutla,U1,Horizontal,2,350,20
2022,Nayarit,Bahía de Banderas,U3,Vertical,308,020,18
2021,Zacatecas,Loreto,U1,Horizontal,1,024,32
2023,Jalisco,Tepatitlán de Morelos,U2,Horizontal,4,093,14
2022,Jalisco,Tuxpan,U3,Horizontal,31,108,14
2022,México,Zumpango,U3,Horizontal,1273,120,15
2021,México,Cuautitlán Izcalli,U2,Vertical,1,121,15
2022,Coahuila de Zaragoza,Francisco I. Madero,U1,Horizontal,50,009,05
2022,Chihuahua,Chihuahua,U2,Horizontal,187,019,08
2021,Nayarit,Compostela,U2,Horizontal,6,004,18
2021,Guerrero,Chilpancingo de los Bravo,U1,Horizontal,9,029,12
2021,Tabasco,Centro,FC,Horizontal,8,004,27
2022,Tlaxcala,Yauhquemehcan,U3,Horizontal,1,043,29
2022,Hidalgo,Tulancingo de Bravo,U1,Horizontal,57,077,13
2022,Guanajuato,San Luis de la Paz,U1,Horizontal,2,033,11
2021,Guanajuato,San Francisco del Rincón,U1,Horizontal,14,031,11
2021,Baja California,Tijuana,U1,Vertical,8,004,02
2023,Michoacán de Ocampo,Morelia,U2,Horizontal,56,053,16
2021,Jalisco,Tala,U3,Horizontal,183,083,14
2022,Oaxaca,Salina Cruz,U1,Horizontal,15,079,20
2023,Baja California,Tijuana,FC,Horizontal,258,004,02
2021,Hidalgo,Zempoala,U3,Horizontal,565,083,13
2022,Baja California,Mexicali,U3,Horizontal,1290,002,02
2023,Chihuahua,Chihuahua,FC,Horizontal,95,019,08
2023,Chiapas,Tapachula,U2,Horizontal,93,089,07
2021,Tamaulipas,Reynosa,U3,Vertical,54,032,28
2021,Chihuahua,Delicias,U2,Vertical,30,021,08
2022,Morelos,Ayala,FC,Horizontal,137,004,17
2023,Guanajuato,Santa Cruz de Juventino Rosas,U3,Horizontal,367,035,11
2023,Zacatecas,Fresnillo,U3,Horizontal,43,010,32
2023,Morelos,Emiliano Zapata,U2,Horizontal,184,008,17
2023,Veracruz de Ignacio de la Llave,Emiliano Zapata,FC,Vertical,45,065,30
2022,Sonora,Caborca,U2,Horizontal,20,017,26
2023,México,Tlalnepantla de Baz,U1,Vertical,25,104,15
2023,Chihuahua,Aquiles Serdán,FC,Horizontal,222,004,08
2021,Baja California Sur,La Paz,U1,Horizontal,19,003,03
2022,Oaxaca,Heroica Ciudad de Huajuapan de León,U2,Horizontal,10,039,20
2021,Tabasco,Centro,U3,Horizontal,4,004,27
2021,Zacatecas,Ojocaliente,U3,Horizontal,11,036,32
2023,Colima,Manzanillo,U2,Horizontal,5,007,06
2021,San Luis Potosí,Venado,FC,Horizontal,8,045,24
2021,Ciudad de México,Coyoacán,U1,Vertical,16,003,09
2022,Jalisco,Zapopan,FC,Horizontal,82,120,14
2022,Tlaxcala,Apetatitlán de Antonio Carvajal,U3,Horizontal,2,002,29
2021,Michoacán de Ocampo,Morelia,U2,Vertical,20,053,16
2023,Sonora,Navojoa,U3,Horizontal,102,042,26
2021,Oaxaca,San Pedro Mixtepec -Dto. 22 -,U2,Horizontal,3,318,20
2022,Nuevo León,Apodaca,U3,Horizontal,742,006,19
2022,Nayarit,Xalisco,U2,Vertical,14,008,18
2023,Tlaxcala,Tzompantepec,FC,Horizontal,2,038,29
2023,Zacatecas,Zacatecas,U3,Horizontal,128,056,32
2021,Puebla,Teziutlán,U1,Vertical,56,174,21
2023,Sonora,Nogales,U3,Horizontal,363,043,26
2022,Querétaro,San Juan del Río,U2,Horizontal,12,016,22
2021,Chihuahua,Guachochi,FC,Horizontal,60,027,08
2023,Chihuahua,Juárez,U2,Horizontal,1572,037,08
2022,Nuevo León,García,FC,Horizontal,211,018,19
2021,Oaxaca,Cuilápam de Guerrero,FC,Vertical,36,023,20
2022,Coahuila de Zaragoza,Saltillo,U3,Horizontal,250,030,05
2021,Hidalgo,Almoloya,FC,Horizontal,2,007,13
2023,Morelos,Emiliano Zapata,U3,Horizontal,12,008,17
2022,Querétaro,Querétaro,U3,Vertical,372,014,22
2022,Tamaulipas,Victoria,FC,Horizontal,30,041,28
2021,Nayarit,Bahía de Banderas,U1,Horizontal,1,020,18
2023,Nuevo León,Montemorelos,U3,Horizontal,295,038,19
2021,Coahuila de Zaragoza,Nava,U2,Horizontal,124,022,05
2021,Puebla,Coronango,U1,Horizontal,322,034,21
2023,Baja California,Playas de Rosarito,FC,Vertical,272,005,02
2023,Nuevo León,Salinas Victoria,U3,Horizontal,1036,045,19
2021,Michoacán de Ocampo,Morelia,U1,Vertical,35,053,16
2022,Baja California,Tijuana,U2,Vertical,24,004,02
2022,Jalisco,Tepatitlán de Morelos,U3,Horizontal,51,093,14
2023,Hidalgo,Zapotlán de Juárez,U2,Horizontal,1,082,13
2023,Coahuila de Zaragoza,Nava,FC,Horizontal,47,022,05
2022,Chiapas,Tuxtla Gutiérrez,U2,Horizontal,7,101,07
2021,Jalisco,Zapopan,FC,Vertical,589,120,14
2021,Jalisco,Lagos de Moreno,U1,Horizontal,6,053,14
2021,Morelos,Atlatlahucan,FC,Horizontal,12,002,17
2021,Tamaulipas,Tampico,U1,Vertical,109,038,28
2023,Sonora,Hermosillo,U3,Horizontal,1440,030,26
2021,Nuevo León,Ciénega de Flores,FC,Horizontal,250,012,19
2022,Jalisco,Poncitlán,U2,Horizontal,106,066,14
2021,Jalisco,San Pedro Tlaquepaque,U1,Horizontal,23,098,14
2021,Jalisco,Guadalajara,U3,Horizontal,23,039,14
2023,Sonora,Puerto Peñasco,U2,Horizontal,61,048,26
2022,Hidalgo,Tulancingo de Bravo,U2,Horizontal,1,077,13
2022,Chiapas,Tonalá,FC,Horizontal,73,097,07
2021,Aguascalientes,San Francisco de los Romo,FC,Horizontal,105,011,01
2023,Baja California,Playas de Rosarito,U3,Horizontal,144,005,02
2022,Colima,Manzanillo,U2,Horizontal,43,007,06
2021,Tlaxcala,Cuapiaxtla,FC,Horizontal,2,008,29
2022,Tlaxcala,Tlaxcala,U3,Horizontal,1,033,29
2023,Guanajuato,León,FC,Vertical,102,020,11
2022,Nuevo León,El Carmen,U2,Horizontal,68,010,19
2022,Aguascalientes,Jesús María,FC,Horizontal,1,005,01
2023,Puebla,Atlixco,FC,Vertical,224,019,21
2021,Zacatecas,Calera,U2,Horizontal,17,005,32
2021,Sinaloa,Ahome,U1,Horizontal,3,001,25
2022,Baja California Sur,Loreto,U2,Horizontal,1,009,03
2022,Querétaro,San Juan del Río,U3,Horizontal,182,016,22
2022,Guanajuato,San Diego de la Unión,FC,Horizontal,32,029,11
2023,Quintana Roo,Tulum,FC,Horizontal,252,009,23
2022,Baja California Sur,Loreto,U3,Horizontal,1,009,03
2021,Puebla,Zacapoaxtla,U3,Horizontal,2,207,21
2023,Ciudad de México,Venustiano Carranza,U2,Vertical,26,017,09
2023,Tamaulipas,Reynosa,U3,Horizontal,2522,032,28
2023,Baja California Sur,Comondú,U3,Horizontal,15,001,03
2022,Tamaulipas,Matamoros,U1,Horizontal,53,022,28
2021,Aguascalientes,Pabellón de Arteaga,U3,Horizontal,89,006,01
2022,Chiapas,Tuxtla Gutiérrez,U1,Vertical,69,101,07
2021,Sonora,Agua Prieta,U3,Horizontal,211,002,26
2022,Morelos,Atlatlahucan,FC,Horizontal,2,002,17
2023,Hidalgo,Epazoyucan,U3,Horizontal,12,022,13
2023,Michoacán de Ocampo,Apatzingán,U3,Horizontal,16,006,16
2021,Oaxaca,San Jacinto Amilpas,U1,Horizontal,19,157,20
2022,Chiapas,Ocozocoautla de Espinosa,FC,Vertical,72,061,07
2021,San Luis Potosí,Matehuala,U3,Horizontal,94,020,24
2023,Sinaloa,Culiacán,U3,Horizontal,568,006,25
2021,San Luis Potosí,San Luis Potosí,U3,Horizontal,797,028,24
2021,Durango,Lerdo,U2,Horizontal,6,012,10
2023,Tamaulipas,Matamoros,U2,Horizontal,195,022,28
2022,México,Almoloya de Juárez,FC,Horizontal,109,005,15
2023,Ciudad de México,Venustiano Carranza,U1,Vertical,198,017,09
2023,Chihuahua,Chihuahua,U3,Horizontal,1529,019,08
2021,Tamaulipas,Nuevo Laredo,FC,Horizontal,9,027,28
2022,Puebla,Tehuacán,U2,Vertical,18,156,21
2023,Sinaloa,Mazatlán,U2,Horizontal,64,012,25
2023,Chiapas,Cintalapa de Figueroa,U1,Horizontal,2,017,07
2023,Nayarit,Bahía de Banderas,FC,Vertical,332,020,18
2022,Colima,Coquimatlán,FC,Horizontal,57,004,06
2021,Jalisco,Atotonilco el Alto,U1,Horizontal,64,013,14
2021,Puebla,Ocoyucan,FC,Horizontal,6,106,21
2021,Zacatecas,Guadalupe,U3,Vertical,3,017,32
2022,Baja California Sur,Comondú,U2,Horizontal,20,001,03
2023,Oaxaca,Santa Cruz Xoxocotlán,FC,Horizontal,2,385,20
2023,Querétaro,El Marqués,U3,Horizontal,440,011,22
2022,Morelos,Xochitepec,U2,Horizontal,44,028,17
2022,México,Tecámac,U2,Vertical,136,081,15
2023,San Luis Potosí,Tamazunchale,U3,Horizontal,1,037,24
2022,Guanajuato,Celaya,U3,Horizontal,509,007,11
2022,Tamaulipas,Tampico,U2,Horizontal,33,038,28
2021,Quintana Roo,Benito Juárez,U2,Vertical,384,005,23
2023,Jalisco,San Pedro Tlaquepaque,U3,Vertical,193,098,14
2023,Aguascalientes,San Francisco de los Romo,U1,Horizontal,4,011,01
2022,Nayarit,Bahía de Banderas,U2,Horizontal,80,020,18
2021,Colima,Colima,U2,Horizontal,120,002,06
2023,Coahuila de Zaragoza,San Pedro,U2,Horizontal,69,033,05
2022,Sonora,Navojoa,U1,Horizontal,53,042,26
2021,Yucatán,Mérida,U1,Horizontal,601,050,31
2021,Sonora,Hermosillo,U3,Horizontal,3029,030,26
2021,Hidalgo,Tulancingo de Bravo,U1,Horizontal,22,077,13
2023,Baja California,Mexicali,U1,Horizontal,191,002,02
2023,Querétaro,San Juan del Río,U2,Vertical,24,016,22
2021,México,Cuautitlán,U3,Horizontal,605,024,15
2021,Tabasco,Huimanguillo,FC,Horizontal,1,008,27
2023,San Luis Potosí,Tamuín,U2,Horizontal,1,040,24
2022,Puebla,Puebla,U2,Vertical,450,114,21
2022,Zacatecas,Villanueva,FC,Horizontal,2,055,32
2023,Puebla,Teziutlán,U1,Vertical,68,174,21
2022,Sinaloa,Guasave,U3,Horizontal,262,011,25
2021,Baja California Sur,La Paz,U3,Horizontal,638,003,03
2022,Puebla,Coronango,U2,Vertical,8,034,21
2022,Guerrero,Zihuatanejo de Azueta,FC,Horizontal,6,038,12
2023,México,Nezahualcóyotl,U2,Vertical,3,058,15
2023,Jalisco,San Juan de los Lagos,U3,Horizontal,202,073,14
2022,Coahuila de Zaragoza,Piedras Negras,U3,Horizontal,164,025,05
2021,Puebla,Ocoyucan,U3,Vertical,17,106,21
2023,Jalisco,Guadalajara,U2,Vertical,1,039,14
2023,Morelos,Ayala,FC,Horizontal,92,004,17
2023,Sinaloa,Mazatlán,U2,Vertical,18,012,25
2023,Puebla,Tehuacán,U3,Horizontal,8,156,21
2021,Nuevo León,Pesquería,U2,Horizontal,169,041,19
2022,Colima,Manzanillo,U3,Horizontal,112,007,06
2022,Puebla,Tehuacán,U3,Vertical,9,156,21
2023,Jalisco,Autlán de Navarro,U1,Horizontal,2,015,14
2022,Sinaloa,El Fuerte,FC,Horizontal,6,010,25
2021,Veracruz de Ignacio de la Llave,Veracruz,FC,Horizontal,4,193,30
2021,Puebla,Atlixco,FC,Vertical,432,019,21
2023,Chihuahua,Guachochi,FC,Horizontal,33,027,08
2021,Jalisco,Ocotlán,U2,Vertical,24,063,14
2022,Ciudad de México,Iztacalco,U1,Vertical,217,006,09
2021,Michoacán de Ocampo,Tanhuato,FC,Horizontal,1,086,16
2023,Tlaxcala,Zacatelco,U2,Vertical,16,044,29
2023,Veracruz de Ignacio de la Llave,Tuxpan,U2,Vertical,14,189,30
2021,San Luis Potosí,San Luis Potosí,U2,Vertical,203,028,24
2021,Morelos,Jiutepec,U2,Vertical,20,011,17
2023,Baja California,Tijuana,U3,Horizontal,1036,004,02
2021,Baja California,Tijuana,U3,Horizontal,765,004,02
2023,Guerrero,Acapulco de Juárez,FC,Horizontal,48,001,12
2023,Puebla,Cuautlancingo,U1,Vertical,68,041,21
2023,Hidalgo,Huejutla de Reyes,U1,Horizontal,1,028,13
2021,Querétaro,Querétaro,U3,Vertical,382,014,22
2022,México,Zumpango,FC,Horizontal,157,120,15
2022,Jalisco,Zapopan,U2,Vertical,178,120,14
2023,Coahuila de Zaragoza,Saltillo,U2,Vertical,324,030,05
2023,Tamaulipas,Valle Hermoso,U1,Horizontal,6,040,28
2023,Hidalgo,Cuautepec de Hinojosa,U3,Horizontal,86,016,13
2023,Jalisco,Tepatitlán de Morelos,U3,Horizontal,36,093,14
2021,Veracruz de Ignacio de la Llave,Río Blanco,U3,Vertical,88,138,30
2023,San Luis Potosí,Soledad de Graciano Sánchez,U3,Vertical,157,035,24
2022,Yucatán,Mérida,U1,Horizontal,69,050,31
2023,Michoacán de Ocampo,Zinapécuaro,U3,Horizontal,14,110,16
2023,Morelos,Emiliano Zapata,U1,Horizontal,44,008,17
2023,Chiapas,Palenque,U1,Horizontal,2,065,07
2022,Coahuila de Zaragoza,Parras,U2,Horizontal,32,024,05
2023,Jalisco,Zapopan,U3,Horizontal,428,120,14
2022,Puebla,Huejotzingo,U3,Horizontal,194,074,21
2021,Chiapas,Villaflores,U2,Horizontal,2,108,07
2021,Zacatecas,Río Grande,U2,Horizontal,10,039,32
2021,Guanajuato,Purísima del Rincón,FC,Horizontal,2,025,11
2022,Yucatán,Umán,U3,Horizontal,468,101,31
2022,Guanajuato,Silao de la Victoria,U2,Horizontal,1,037,11
2021,Sonora,Caborca,U3,Horizontal,2,017,26
2023,Durango,Durango,U2,Horizontal,28,005,10
2021,Jalisco,Tonalá,U3,Horizontal,8,101,14
2023,México,Tecámac,U3,Vertical,239,081,15
2021,Coahuila de Zaragoza,Múzquiz,U2,Horizontal,21,020,05
2023,Sinaloa,Ahome,U1,Horizontal,43,001,25
2021,Durango,Poanas,FC,Horizontal,8,022,10
2021,Oaxaca,San Jacinto Amilpas,U2,Horizontal,3,157,20
2022,Coahuila de Zaragoza,Torreón,FC,Horizontal,62,035,05
2021,México,Ixtapaluca,U2,Vertical,53,039,15
2022,Zacatecas,Calera,U2,Horizontal,6,005,32
2021,Coahuila de Zaragoza,Acuña,FC,Horizontal,3,002,05
2022,Chiapas,Berriozábal,U3,Horizontal,106,012,07
2022,Guanajuato,León,U3,Horizontal,515,020,11
2023,Puebla,Ocoyucan,U3,Vertical,2,106,21
2021,Yucatán,Hunucmá,FC,Horizontal,6,038,31
2023,Durango,Gómez Palacio,U1,Horizontal,38,007,10
2021,Michoacán de Ocampo,Uruapan,U1,Horizontal,1,102,16
2021,Colima,Tecomán,U1,Horizontal,133,009,06
2023,Tamaulipas,Altamira,U2,Horizontal,2,003,28
2022,Jalisco,Puerto Vallarta,U3,Vertical,216,067,14
2021,Guanajuato,Apaseo el Grande,U3,Vertical,390,005,11
2021,Nuevo León,Apodaca,FC,Horizontal,693,006,19
2021,Hidalgo,Mineral de la Reforma,FC,Horizontal,303,051,13
2022,Nuevo León,Cadereyta Jiménez,FC,Horizontal,107,009,19
2022,Michoacán de Ocampo,Zitácuaro,U2,Horizontal,3,112,16
2022,Nuevo León,Juárez,U2,Horizontal,635,031,19
2021,Nayarit,Bahía de Banderas,U1,Vertical,60,020,18
2021,Michoacán de Ocampo,Zamora,U3,Horizontal,124,108,16
2021,Veracruz de Ignacio de la Llave,Pánuco,U1,Horizontal,2,123,30
2021,Michoacán de Ocampo,Pátzcuaro,FC,Horizontal,7,066,16
2023,Yucatán,Kanasín,FC,Horizontal,151,041,31
2022,Sonora,Hermosillo,U2,Horizontal,357,030,26
2023,Tamaulipas,Ciudad Madero,U1,Vertical,20,009,28
2021,Morelos,Zacatepec,FC,Horizontal,10,031,17
2021,México,Calimaya,FC,Horizontal,162,018,15
2023,Nuevo León,Pesquería,FC,Horizontal,553,041,19
2022,Coahuila de Zaragoza,General Cepeda,FC,Horizontal,11,011,05
2022,Morelos,Cuernavaca,U3,Horizontal,38,007,17
2021,Yucatán,Umán,U3,Horizontal,1236,101,31
2023,Tlaxcala,Apetatitlán de Antonio Carvajal,U3,Horizontal,1,002,29
2023,Puebla,Tehuacán,U3,Vertical,15,156,21
2022,Puebla,Cuautlancingo,U1,Horizontal,423,041,21
2021,Jalisco,Tepatitlán de Morelos,U2,Horizontal,20,093,14
2022,Sonora,Santa Ana,FC,Horizontal,5,058,26
2022,Puebla,Huauchinango,U2,Horizontal,10,071,21
2022,México,Toluca,U3,Horizontal,40,106,15
2023,Jalisco,Zapopan,FC,Vertical,204,120,14
2022,Michoacán de Ocampo,Tarímbaro,U3,Vertical,140,088,16
2021,Jalisco,Autlán de Navarro,U1,Horizontal,5,015,14
2022,Hidalgo,Apan,U3,Horizontal,17,008,13
2021,Tamaulipas,Altamira,U3,Horizontal,52,003,28
2022,Coahuila de Zaragoza,Saltillo,U1,Vertical,186,030,05
2021,Jalisco,Puerto Vallarta,U2,Horizontal,15,067,14
2022,Yucatán,Kanasín,U3,Horizontal,231,041,31
2021,Tamaulipas,Reynosa,U2,Horizontal,369,032,28
2022,Coahuila de Zaragoza,Morelos,FC,Horizontal,10,019,05
2021,Sinaloa,Salvador Alvarado,U3,Horizontal,98,015,25
2022,Puebla,Izúcar de Matamoros,U2,Horizontal,7,085,21
2021,Nuevo León,García,U3,Horizontal,7223,018,19
2022,México,Tecámac,U3,Vertical,452,081,15
2021,Tamaulipas,Ciudad Madero,U1,Vertical,28,009,28
2023,Nuevo León,Juárez,FC,Horizontal,193,031,19
2021,Sonora,Hermosillo,U2,Horizontal,630,030,26
2023,Guanajuato,Apaseo el Grande,U3,Horizontal,329,005,11
2023,Veracruz de Ignacio de la Llave,Xalapa,U2,Horizontal,7,087,30
2022,Chiapas,Pijijiapan,U3,Horizontal,1,069,07
2023,Durango,Gómez Palacio,U3,Horizontal,46,007,10
2022,Nuevo León,General Escobedo,U3,Horizontal,1027,021,19
2022,Zacatecas,Zacatecas,U3,Horizontal,110,056,32
2021,Chiapas,Palenque,FC,Horizontal,1,065,07
2021,Sonora,Puerto Peñasco,U2,Horizontal,131,048,26
2021,Jalisco,Tlajomulco de Zúñiga,U3,Horizontal,1594,097,14
2022,Guerrero,Iguala de la Independencia,U3,Horizontal,2,035,12
2021,Jalisco,Autlán de Navarro,U2,Horizontal,131,015,14
2022,Puebla,Huejotzingo,U3,Vertical,276,074,21
2022,Quintana Roo,Othón P. Blanco,U3,Horizontal,397,004,23
2022,Yucatán,Mérida,FC,Horizontal,317,050,31
2023,Guanajuato,Irapuato,U3,Horizontal,82,017,11
2022,Zacatecas,Ojocaliente,U3,Horizontal,15,036,32
2023,Tamaulipas,Valle Hermoso,U2,Horizontal,36,040,28
2023,Baja California Sur,Mulegé,FC,Horizontal,23,002,03
2023,Tlaxcala,Tzompantepec,U2,Horizontal,8,038,29
2023,Chihuahua,Hidalgo del Parral,U1,Horizontal,76,032,08
2021,San Luis Potosí,Cárdenas,U2,Horizontal,4,005,24
2021,México,San Mateo Atenco,U1,Horizontal,1,076,15
2021,Puebla,Chalchicomula de Sesma,U1,Horizontal,2,045,21
2021,Sonora,Nogales,U3,Horizontal,254,043,26
2021,Hidalgo,Apan,U3,Horizontal,7,008,13
2023,Baja California,Tijuana,FC,Vertical,1163,004,02
2023,México,Huehuetoca,U3,Vertical,374,035,15
2022,Guanajuato,Salvatierra,U2,Horizontal,6,028,11
2021,Oaxaca,Cuilápam de Guerrero,FC,Horizontal,4,023,20
2021,Chiapas,Ocosingo,U2,Horizontal,5,059,07
2023,Jalisco,Tonalá,FC,Horizontal,380,101,14
2023,Yucatán,Mérida,FC,Horizontal,416,050,31
2022,Sonora,San Luis Río Colorado,U2,Horizontal,139,055,26
2021,Jalisco,Ixtlahuacán de los Membrillos,U3,Vertical,18,044,14
2022,Sonora,Huatabampo,U2,Horizontal,1,033,26
2021,Puebla,Puebla,U1,Vertical,121,114,21
2023,Veracruz de Ignacio de la Llave,Cosoleacaque,U2,Horizontal,1,048,30
2022,Tamaulipas,Victoria,U1,Horizontal,9,041,28
2022,Sonora,Empalme,U3,Horizontal,57,025,26
2021,Tlaxcala,Santa Cruz Tlaxcala,U2,Vertical,35,026,29
2021,Tamaulipas,Reynosa,U1,Horizontal,34,032,28
2021,Nayarit,Bahía de Banderas,FC,Horizontal,244,020,18
2023,Tlaxcala,Tetla de la Solidaridad,U2,Horizontal,26,031,29
2021,Nuevo León,Guadalupe,U2,Horizontal,45,026,19
2021,Jalisco,Tlajomulco de Zúñiga,U1,Horizontal,156,097,14
2022,Nuevo León,Cadereyta Jiménez,U2,Horizontal,376,009,19
2022,Yucatán,Mérida,U3,Horizontal,1595,050,31
2022,Sonora,Puerto Peñasco,U1,Horizontal,32,048,26
2023,Coahuila de Zaragoza,Acuña,U1,Horizontal,127,002,05
2022,Quintana Roo,Benito Juárez,U1,Horizontal,115,005,23
2022,Morelos,Emiliano Zapata,U3,Horizontal,183,008,17
2021,Chiapas,Tapachula,U2,Vertical,4,089,07
2021,Aguascalientes,Aguascalientes,U1,Vertical,30,001,01
2021,Michoacán de Ocampo,Tarímbaro,FC,Horizontal,68,088,16
2022,Aguascalientes,Pabellón de Arteaga,U2,Horizontal,6,006,01
2022,Sonora,Agua Prieta,U3,Horizontal,383,002,26
2023,Durango,Durango,U1,Horizontal,65,005,10
2021,Yucatán,Motul,U2,Horizontal,1,052,31
2023,Baja California,Tijuana,U2,Vertical,3,004,02
2022,Tlaxcala,Calpulalpan,U1,Horizontal,8,006,29
2023,Oaxaca,Santa María Huatulco,U3,Vertical,89,413,20
2022,Coahuila de Zaragoza,Ramos Arizpe,U2,Horizontal,35,027,05
2021,San Luis Potosí,Cerro de San Pedro,FC,Horizontal,1,009,24
2022,San Luis Potosí,Matehuala,U2,Horizontal,6,020,24
2021,Morelos,Tlayacapan,U2,Horizontal,1,026,17
2021,San Luis Potosí,Ciudad Valles,U3,Horizontal,271,013,24
2021,México,Chalco,U3,Vertical,558,025,15
2022,Jalisco,Ixtlahuacán de los Membrillos,U3,Horizontal,4,044,14
2021,Baja California Sur,Los Cabos,U3,Horizontal,20,008,03
2022,Colima,Tecomán,U1,Horizontal,40,009,06
2023,Tamaulipas,Tampico,U2,Horizontal,24,038,28
2023,Hidalgo,Huichapan,FC,Horizontal,5,029,13
2023,Nuevo León,Monterrey,U2,Horizontal,20,039,19
2023,Coahuila de Zaragoza,Frontera,U2,Horizontal,93,010,05
2021,Baja California,Tecate,U3,Horizontal,3,003,02
2021,Michoacán de Ocampo,Uruapan,U3,Horizontal,1,102,16
2021,Durango,Durango,FC,Horizontal,1,005,10
2023,Jalisco,El Salto,U3,Horizontal,1552,070,14
2021,Chihuahua,Chihuahua,U2,Horizontal,672,019,08
2023,México,Tecámac,U2,Vertical,607,081,15
2023,Coahuila de Zaragoza,Nava,U3,Horizontal,130,022,05
2021,Tabasco,Balancán,FC,Horizontal,1,001,27
2022,Jalisco,Lagos de Moreno,U2,Horizontal,96,053,14
2023,Tlaxcala,Xaloztoc,U2,Horizontal,4,039,29
2023,Puebla,Ocoyucan,FC,Horizontal,91,106,21
2023,Chiapas,Chiapa de Corzo,U2,Horizontal,1,027,07
2022,Sonora,Navojoa,U2,Horizontal,50,042,26
2022,San Luis Potosí,San Luis Potosí,U1,Horizontal,8,028,24
2021,Coahuila de Zaragoza,Frontera,U1,Horizontal,38,010,05
2021,Tamaulipas,Nuevo Laredo,U3,Horizontal,471,027,28
2023,Veracruz de Ignacio de la Llave,Veracruz,U1,Vertical,28,193,30
2021,Veracruz de Ignacio de la Llave,Tantoyuca,U3,Horizontal,2,155,30
2021,Baja California Sur,Los Cabos,U1,Horizontal,23,008,03
2023,Tamaulipas,Victoria,U2,Horizontal,76,041,28
2022,Nayarit,Tepic,U2,Vertical,36,017,18
2023,Quintana Roo,Cozumel,U2,Horizontal,31,001,23
2022,Hidalgo,Mixquiahuala de Juárez,U1,Horizontal,1,041,13
2022,Guanajuato,San Francisco del Rincón,U2,Horizontal,4,031,11
2023,Guerrero,Chilpancingo de los Bravo,U3,Horizontal,24,029,12
2023,Guerrero,Acapulco de Juárez,U1,Vertical,53,001,12
2021,Morelos,Ayala,FC,Horizontal,496,004,17
2021,Coahuila de Zaragoza,Ramos Arizpe,U1,Horizontal,22,027,05
2021,Guerrero,Zihuatanejo de Azueta,U3,Horizontal,17,038,12
2021,Guanajuato,San Luis de la Paz,FC,Horizontal,290,033,11
2021,Jalisco,Puerto Vallarta,FC,Vertical,114,067,14
2022,Zacatecas,Fresnillo,U2,Horizontal,46,010,32
2021,Aguascalientes,Jesús María,U3,Horizontal,50,005,01
2023,Guanajuato,León,U3,Vertical,581,020,11
2021,México,Nextlalpan,U3,Horizontal,221,059,15
2022,Puebla,Coronango,U1,Horizontal,12,034,21
2021,Zacatecas,Sombrerete,U2,Horizontal,1,042,32
2023,Veracruz de Ignacio de la Llave,Ixtaczoquitlán,U2,Horizontal,20,085,30
2022,Nayarit,Santiago Ixcuintla,FC,Horizontal,1,015,18
2023,Tabasco,Cunduacán,U2,Horizontal,13,006,27
2021,México,Tianguistenco,FC,Horizontal,196,101,15
2023,Hidalgo,Atotonilco de Tula,FC,Vertical,430,013,13
2023,Veracruz de Ignacio de la Llave,Chalma,FC,Horizontal,73,055,30
2022,Jalisco,Guadalajara,U3,Horizontal,127,039,14
2023,Jalisco,San Pedro Tlaquepaque,U3,Horizontal,143,098,14
2023,Veracruz de Ignacio de la Llave,Veracruz,U2,Horizontal,124,193,30
2022,Morelos,Yecapixtla,FC,Horizontal,192,030,17
2021,Nuevo León,Linares,U3,Horizontal,50,033,19
2023,Guanajuato,San Luis de la Paz,FC,Horizontal,164,033,11
2023,Chiapas,Berriozábal,FC,Horizontal,80,012,07
2021,Ciudad de México,Venustiano Carranza,U1,Vertical,306,017,09
2022,Puebla,Ocoyucan,FC,Horizontal,2,106,21
2023,San Luis Potosí,San Luis Potosí,U2,Vertical,170,028,24
2021,Ciudad de México,Cuauhtémoc,U2,Vertical,313,015,09
2021,Michoacán de Ocampo,Pátzcuaro,U1,Vertical,16,066,16
2023,Morelos,Xochitepec,U3,Vertical,72,028,17
2021,México,Coacalco de Berriozábal,U2,Vertical,36,020,15
2021,México,Tecámac,U3,Horizontal,1127,081,15
2022,Hidalgo,Epazoyucan,U3,Horizontal,10,022,13
2021,Guanajuato,Dolores Hidalgo Cuna de la Independencia Nacional,FC,Horizontal,19,014,11
2022,Coahuila de Zaragoza,Allende,U2,Horizontal,3,003,05
2021,Puebla,Teteles de Ávila Castillo,U2,Horizontal,1,173,21
2022,Puebla,Cuautlancingo,U3,Vertical,96,041,21
2023,Jalisco,Zapotlán el Grande,U2,Vertical,184,023,14
2021,Oaxaca,Santa María Atzompa,U1,Horizontal,10,399,20
2021,Aguascalientes,Pabellón de Arteaga,U1,Horizontal,22,006,01
2022,Chihuahua,Bocoyna,FC,Horizontal,21,009,08
2023,Jalisco,El Salto,U2,Horizontal,26,070,14
2023,Tamaulipas,Altamira,U3,Vertical,174,003,28
2023,Puebla,Puebla,U2,Vertical,1029,114,21
2022,México,Calimaya,FC,Horizontal,67,018,15
2022,Aguascalientes,Rincón de Romos,U2,Horizontal,15,007,01
2022,Chihuahua,Cuauhtémoc,U2,Horizontal,42,017,08
2023,Nuevo León,General Escobedo,U2,Horizontal,64,021,19
2021,Hidalgo,Mineral de la Reforma,U1,Horizontal,5,051,13
2022,Aguascalientes,Aguascalientes,U1,Vertical,1,001,01
2023,Hidalgo,Pachuca de Soto,U1,Horizontal,2,048,13
2022,Chihuahua,Aldama,U2,Horizontal,9,002,08
2021,Guanajuato,Salamanca,FC,Vertical,186,027,11
2022,Tamaulipas,El Mante,U2,Horizontal,10,021,28
2021,Guerrero,Acapulco de Juárez,U1,Horizontal,108,001,12
2021,Colima,Manzanillo,U1,Horizontal,12,007,06
2022,Michoacán de Ocampo,Tarímbaro,FC,Horizontal,17,088,16
2022,Nuevo León,García,FC,Vertical,30,018,19
2023,San Luis Potosí,Soledad de Graciano Sánchez,U1,Horizontal,13,035,24
2023,Quintana Roo,Solidaridad,FC,Horizontal,124,008,23
2022,Nuevo León,El Carmen,FC,Horizontal,144,010,19
2021,Hidalgo,Pachuca de Soto,FC,Horizontal,228,048,13
2023,México,Tecámac,U2,Horizontal,806,081,15
2022,Oaxaca,San Juan Bautista Tuxtepec,U2,Horizontal,2,184,20
2021,Nayarit,Tepic,U1,Horizontal,10,017,18
2022,Jalisco,Zapopan,U3,Horizontal,387,120,14
2023,Campeche,Tenabo,FC,Horizontal,5,008,04
2022,Sinaloa,Mazatlán,U2,Vertical,37,012,25
2022,San Luis Potosí,Villa de Reyes,FC,Horizontal,212,050,24
2021,Tlaxcala,Ixtacuixtla de Mariano Matamoros,U3,Vertical,160,015,29
2023,Hidalgo,Mineral de la Reforma,U2,Horizontal,3,051,13
2021,Campeche,Campeche,U3,Horizontal,13,002,04
2023,Ciudad de México,Iztacalco,U1,Vertical,781,006,09
2021,Veracruz de Ignacio de la Llave,Coatzacoalcos,U3,Horizontal,11,039,30
2022,Sonora,Nogales,U2,Horizontal,21,043,26
2023,Sonora,Caborca,U3,Horizontal,66,017,26
2023,Sonora,Cajeme,FC,Horizontal,41,018,26
2023,Jalisco,Tlajomulco de Zúñiga,U1,Horizontal,184,097,14
2023,Chiapas,Arriaga,U2,Horizontal,4,009,07
2021,Michoacán de Ocampo,Zamora,U3,Vertical,248,108,16
2022,Michoacán de Ocampo,Sahuayo,FC,Horizontal,11,076,16
2021,Puebla,San Martín Texmelucan,U2,Horizontal,73,132,21
2021,Tamaulipas,Ciudad Madero,U2,Vertical,12,009,28
2021,Tamaulipas,Matamoros,U1,Horizontal,33,022,28
2022,Jalisco,San Pedro Tlaquepaque,U2,Horizontal,274,098,14
2022,Veracruz de Ignacio de la Llave,Fortín,U2,Horizontal,3,068,30
2021,Veracruz de Ignacio de la Llave,Emiliano Zapata,U3,Horizontal,2,065,30
2021,Michoacán de Ocampo,La Piedad,U2,Horizontal,9,069,16
2022,Puebla,Tehuacán,U3,Horizontal,32,156,21
2022,Guanajuato,León,FC,Horizontal,2,020,11
2021,Puebla,Tehuacán,U2,Horizontal,82,156,21
2021,Baja California Sur,Comondú,U1,Horizontal,10,001,03
2022,Oaxaca,Santa Cruz Xoxocotlán,U2,Horizontal,10,385,20
2021,Baja California,Tijuana,U3,Vertical,1055,004,02
2021,Durango,Durango,U1,Vertical,87,005,10
2022,Tabasco,Centro,U2,Horizontal,7,004,27
2023,Guanajuato,San Miguel de Allende,U3,Horizontal,46,003,11
2023,Chihuahua,Bocoyna,FC,Horizontal,22,009,08
2021,Jalisco,Tala,U2,Horizontal,18,083,14
2021,Nayarit,Bahía de Banderas,U3,Horizontal,208,020,18
2021,Puebla,Huejotzingo,U3,Horizontal,250,074,21
2022,San Luis Potosí,Cerritos,U3,Horizontal,22,008,24
2021,Tabasco,Centro,FC,Vertical,48,004,27
2022,Yucatán,Hunucmá,FC,Horizontal,2,038,31
2021,Puebla,Tlatlauquitepec,FC,Horizontal,2,186,21
2023,Puebla,Huejotzingo,U3,Horizontal,471,074,21
2022,Sonora,Caborca,U3,Horizontal,3,017,26
2022,Michoacán de Ocampo,Zamora,U2,Horizontal,12,108,16
2023,Aguascalientes,Pabellón de Arteaga,U1,Horizontal,12,006,01
2023,Guanajuato,Irapuato,FC,Horizontal,208,017,11
2022,Quintana Roo,Solidaridad,U3,Vertical,1576,008,23
2023,Guanajuato,San Miguel de Allende,FC,Horizontal,158,003,11
2021,Tabasco,Huimanguillo,U3,Vertical,72,008,27
2021,Quintana Roo,Benito Juárez,FC,Vertical,73,005,23
2021,Sonora,Empalme,U2,Horizontal,11,025,26
2023,Aguascalientes,Jesús María,U3,Horizontal,324,005,01
2023,México,Zumpango,FC,Horizontal,149,120,15
2021,México,Toluca,U1,Horizontal,5,106,15
2022,Hidalgo,Santiago Tulantepec de Lugo Guerrero,U2,Horizontal,1,056,13
2021,Durango,Santiago Papasquiaro,U3,Horizontal,1,032,10
2023,Jalisco,Poncitlán,U2,Horizontal,28,066,14
2021,Colima,Tecomán,U3,Horizontal,32,009,06
2021,Baja California Sur,Mulegé,U2,Horizontal,1,002,03
2022,Veracruz de Ignacio de la Llave,Mariano Escobedo,U3,Horizontal,1,101,30
2021,Jalisco,Ameca,U3,Horizontal,1,006,14
2021,Coahuila de Zaragoza,Saltillo,U2,Horizontal,646,030,05
2023,Chihuahua,Juárez,U1,Horizontal,87,037,08
2023,Coahuila de Zaragoza,Piedras Negras,U3,Horizontal,598,025,05
2022,Jalisco,Ixtlahuacán de los Membrillos,U2,Vertical,84,044,14
2023,Coahuila de Zaragoza,Saltillo,U1,Vertical,150,030,05
2022,Veracruz de Ignacio de la Llave,Córdoba,FC,Horizontal,24,044,30
2023,Guanajuato,Irapuato,U1,Vertical,6,017,11
2023,Michoacán de Ocampo,Tarímbaro,U3,Vertical,69,088,16
2021,Aguascalientes,Aguascalientes,U2,Horizontal,570,001,01
2022,México,Zinacantepec,U3,Horizontal,308,118,15
2023,Nayarit,Bahía de Banderas,FC,Horizontal,57,020,18
2023,Campeche,Campeche,U2,Horizontal,40,002,04
2023,Tabasco,Jalpa de Méndez,U3,Horizontal,1,010,27
2023,Guerrero,Iguala de la Independencia,U1,Horizontal,1,035,12
2021,Quintana Roo,Othón P. Blanco,U3,Horizontal,194,004,23
2021,Puebla,Tehuacán,U2,Vertical,16,156,21
2021,Sinaloa,Guasave,U3,Horizontal,236,011,25
2022,Tamaulipas,Altamira,U1,Horizontal,2,003,28
2022,Coahuila de Zaragoza,Matamoros,U2,Horizontal,44,017,05
2023,Chiapas,Tuxtla Gutiérrez,U2,Horizontal,19,101,07
2022,Tlaxcala,Xicohtzinco,U2,Horizontal,6,042,29
2021,Tlaxcala,Tlaxcala,U2,Horizontal,89,033,29
2022,Zacatecas,Loreto,U2,Horizontal,7,024,32
2022,Hidalgo,Tolcayuca,FC,Horizontal,831,075,13
2021,Jalisco,Tlajomulco de Zúñiga,FC,Vertical,120,097,14
2021,Jalisco,El Salto,FC,Horizontal,152,070,14
2021,Jalisco,Zapopan,U3,Vertical,1248,120,14
2023,Nuevo León,General Escobedo,U1,Horizontal,14,021,19
2021,Nayarit,Santiago Ixcuintla,U3,Horizontal,4,015,18
2022,Veracruz de Ignacio de la Llave,Orizaba,U1,Horizontal,2,118,30
2023,Michoacán de Ocampo,Hidalgo,U2,Horizontal,6,034,16
2023,Chiapas,Cintalapa de Figueroa,U2,Horizontal,2,017,07
2023,Colima,Colima,U2,Horizontal,37,002,06
2024,Hidalgo,Mineral de la Reforma,U2,Horizontal,28,051,13
2025,Chiapas,Tonalá,FC,Horizontal,2,097,07
2025,Chiapas,Tapachula,U2,Horizontal,37,089,07
2025,Tamaulipas,Miguel Alemán,U2,Horizontal,10,025,28
2025,Coahuila de Zaragoza,Monclova,U2,Horizontal,115,018,05
2025,Guanajuato,Romita,U2,Horizontal,1,026,11
2024,Nuevo León,El Carmen,U3,Horizontal,825,010,19
2024,Chiapas,Tuxtla Gutiérrez,U2,Horizontal,49,101,07
2024,Colima,Colima,FC,Horizontal,2,002,06
2025,Puebla,Coronango,U3,Vertical,264,034,21
2025,Quintana Roo,Tulum,FC,Horizontal,100,009,23
2024,Michoacán de Ocampo,Hidalgo,U3,Horizontal,1,034,16
2024,Michoacán de Ocampo,Tarímbaro,FC,Vertical,74,088,16
2024,Jalisco,Tonalá,U2,Horizontal,192,101,14
2024,Sinaloa,Navolato,U2,Horizontal,23,018,25
2025,Quintana Roo,Solidaridad,FC,Vertical,2054,008,23
2024,Baja California Sur,Los Cabos,U3,Horizontal,22,008,03
2025,Baja California,Ensenada,FC,Horizontal,31,001,02
2024,Puebla,Tehuacán,U1,Horizontal,68,156,21
2025,Nuevo León,Apodaca,FC,Horizontal,239,006,19
2024,Tabasco,Centro,U1,Horizontal,2,004,27
2025,Puebla,Tianguismanalco,FC,Horizontal,43,175,21
2025,Guanajuato,León,U3,Vertical,536,020,11
2024,Sinaloa,Mazatlán,FC,Horizontal,1,012,25
2024,Morelos,Jojutla,FC,Horizontal,8,012,17
2025,Colima,Coquimatlán,FC,Vertical,14,004,06
2025,Aguascalientes,Jesús María,U2,Horizontal,49,005,01
2024,México,Toluca,U1,Horizontal,17,106,15
2025,San Luis Potosí,San Luis Potosí,U2,Horizontal,44,028,24
2025,Puebla,Chignautla,U2,Horizontal,2,054,21
2025,Chihuahua,Aquiles Serdán,U3,Horizontal,146,004,08
2025,Morelos,Zacatepec,FC,Horizontal,17,031,17
2024,Tamaulipas,Reynosa,U3,Vertical,53,032,28
2025,Quintana Roo,Benito Juárez,FC,Vertical,600,005,23
2025,Guanajuato,Apaseo el Grande,FC,Vertical,98,005,11
2025,Tamaulipas,Matamoros,U3,Horizontal,1015,022,28
2025,Nuevo León,Apodaca,U1,Horizontal,38,006,19
2024,México,Otzolotepec,FC,Horizontal,384,067,15
2024,Coahuila de Zaragoza,Torreón,U3,Horizontal,353,035,05
2025,Nayarit,Tepic,U1,Vertical,2,017,18
2025,Puebla,Puebla,U1,Vertical,156,114,21
2024,Coahuila de Zaragoza,San Juan de Sabinas,U2,Horizontal,14,032,05
2025,Baja California Sur,Mulegé,U2,Horizontal,1,002,03
2024,Chiapas,Arriaga,U2,Horizontal,2,009,07
2025,Veracruz de Ignacio de la Llave,Xalapa,U3,Vertical,23,087,30
2024,Coahuila de Zaragoza,Ramos Arizpe,U2,Horizontal,156,027,05
2024,Tamaulipas,Tampico,U2,Vertical,6,038,28
2025,Guanajuato,Apaseo el Grande,FC,Horizontal,291,005,11
2024,Veracruz de Ignacio de la Llave,Veracruz,U2,Vertical,144,193,30
2025,Michoacán de Ocampo,Jiquilpan,FC,Horizontal,10,045,16
2024,Jalisco,San Pedro Tlaquepaque,U3,Vertical,260,098,14
2025,Coahuila de Zaragoza,Torreón,U2,Horizontal,852,035,05
2025,Chiapas,Palenque,FC,Vertical,1008,065,07
2024,Puebla,Amozoc,U2,Horizontal,7,015,21
2025,Oaxaca,Santa María Huatulco,U3,Vertical,100,413,20
2024,Chihuahua,Chihuahua,U2,Horizontal,315,019,08
2025,Veracruz de Ignacio de la Llave,Boca del Río,FC,Horizontal,12,028,30
2024,Chihuahua,Guachochi,FC,Horizontal,22,027,08
2024,Baja California,Mexicali,U2,Horizontal,508,002,02
2024,México,Huehuetoca,U3,Vertical,310,035,15
2025,Jalisco,Guadalajara,U3,Horizontal,66,039,14
2024,Jalisco,Tlajomulco de Zúñiga,U3,Horizontal,600,097,14
2025,Tlaxcala,Xaloztoc,U1,Vertical,10,039,29
2024,San Luis Potosí,Soledad de Graciano Sánchez,U1,Horizontal,17,035,24
2025,Guanajuato,Apaseo el Grande,U3,Horizontal,545,005,11
2025,Sonora,Empalme,U2,Horizontal,9,025,26
2025,Baja California Sur,Mulegé,U3,Horizontal,1,002,03
2024,Yucatán,Maxcanú,FC,Horizontal,16,048,31
2024,Tamaulipas,El Mante,U2,Horizontal,10,021,28
2025,Yucatán,Kanasín,U3,Vertical,384,041,31
2024,Michoacán de Ocampo,Lázaro Cárdenas,U3,Horizontal,78,052,16
2025,Zacatecas,Zacatecas,FC,Horizontal,47,056,32
2025,Jalisco,El Salto,FC,Horizontal,177,070,14
2025,México,Nextlalpan,U3,Horizontal,2,059,15
2025,Guanajuato,San Miguel de Allende,FC,Horizontal,100,003,11
2025,Zacatecas,Guadalupe,U3,Vertical,264,017,32
2024,Durango,Lerdo,U2,Horizontal,10,012,10
2025,México,Jilotepec,FC,Horizontal,84,045,15
2024,Quintana Roo,Benito Juárez,U3,Horizontal,1152,005,23
2025,San Luis Potosí,Mexquitic de Carmona,FC,Vertical,9,021,24
2025,Tamaulipas,Altamira,U3,Vertical,192,003,28
2025,Chihuahua,Juárez,U3,Horizontal,1522,037,08
2025,Ciudad de México,Gustavo A. Madero,U2,Vertical,126,005,09
2024,San Luis Potosí,Soledad de Graciano Sánchez,U2,Horizontal,154,035,24
2024,Guanajuato,Irapuato,U3,Horizontal,65,017,11
2025,Nuevo León,Salinas Victoria,U3,Horizontal,1308,045,19
2025,Baja California,Tijuana,U2,Vertical,120,004,02
2025,Baja California Sur,Comondú,U1,Horizontal,1,001,03
2024,Nuevo León,San Nicolás de los Garza,U2,Horizontal,3,046,19
2025,Coahuila de Zaragoza,Allende,U2,Horizontal,53,003,05
2024,México,Tecámac,FC,Vertical,744,081,15
2025,Veracruz de Ignacio de la Llave,Córdoba,FC,Horizontal,8,044,30
2024,Oaxaca,San Juan Bautista Tuxtepec,U2,Horizontal,3,184,20
2025,Quintana Roo,Puerto Morelos,FC,Vertical,1120,011,23
2024,Baja California Sur,Los Cabos,U2,Horizontal,9,008,03
2024,Baja California,Ensenada,U3,Horizontal,97,001,02
2025,Hidalgo,Tulancingo de Bravo,U1,Horizontal,7,077,13
2024,Sonora,Empalme,U2,Horizontal,16,025,26
2025,Yucatán,Mérida,U3,Horizontal,3715,050,31
2024,México,Zinacantepec,U3,Vertical,48,118,15
2025,Querétaro,Corregidora,U2,Horizontal,3,006,22
2024,Puebla,Teziutlán,U1,Horizontal,117,174,21
2025,Durango,Durango,U3,Horizontal,468,005,10
2024,Guanajuato,San Francisco del Rincón,U2,Horizontal,33,031,11
2024,México,Calimaya,FC,Horizontal,6,018,15
2024,Chihuahua,Juárez,U1,Horizontal,2,037,08
2024,Aguascalientes,Jesús María,FC,Horizontal,151,005,01
2025,Michoacán de Ocampo,Zamora,FC,Vertical,1160,108,16
2024,Jalisco,Tala,U3,Horizontal,129,083,14
2025,Tlaxcala,Zacatelco,U2,Horizontal,5,044,29
2025,Zacatecas,Fresnillo,U1,Horizontal,9,010,32
2025,Coahuila de Zaragoza,Francisco I. Madero,U2,Horizontal,24,009,05
2025,Veracruz de Ignacio de la Llave,Veracruz,U3,Horizontal,1008,193,30
2024,San Luis Potosí,San Luis Potosí,U2,Horizontal,262,028,24
2025,México,Chicoloapan,U2,Horizontal,50,029,15
2024,México,Zumpango,U3,Horizontal,1244,120,15
2024,Tlaxcala,Tetla de la Solidaridad,U2,Horizontal,17,031,29
2024,Colima,Villa de Álvarez,U3,Horizontal,622,010,06
2024,México,Tecámac,U3,Horizontal,353,081,15
2024,Coahuila de Zaragoza,Ramos Arizpe,U1,Horizontal,4,027,05
2025,Morelos,Tlaltizapán de Zapata,FC,Horizontal,16,024,17
2025,Chiapas,Tapachula,U3,Vertical,2007,089,07
2024,Guanajuato,Salvatierra,U3,Horizontal,385,028,11
2024,Ciudad de México,Miguel Hidalgo,U1,Vertical,27,016,09
2025,Querétaro,Querétaro,U3,Horizontal,185,014,22
2024,Guanajuato,Apaseo el Grande,FC,Horizontal,293,005,11
2025,Guerrero,Chilpancingo de los Bravo,FC,Horizontal,3,029,12
2025,México,Tecámac,U2,Vertical,440,081,15
2024,Ciudad de México,Iztacalco,U2,Vertical,6,006,09
2025,Baja California,Mexicali,U3,Horizontal,1761,002,02
2025,Colima,Colima,FC,Vertical,116,002,06
2024,Puebla,San Andrés Cholula,U3,Horizontal,1,119,21
2025,Guanajuato,Celaya,U2,Horizontal,35,007,11
2024,México,Tecámac,U2,Horizontal,260,081,15
2024,Coahuila de Zaragoza,Saltillo,U1,Horizontal,114,030,05
2025,Tamaulipas,Altamira,U2,Horizontal,133,003,28
2024,Chihuahua,Juárez,U2,Horizontal,2225,037,08
2025,Tabasco,Cárdenas,U1,Horizontal,2,002,27
2024,Nuevo León,Cadereyta Jiménez,FC,Horizontal,327,009,19
2025,Jalisco,Atotonilco el Alto,U3,Horizontal,187,013,14
2025,Puebla,Tehuacán,U2,Vertical,5,156,21
2025,Aguascalientes,Pabellón de Arteaga,U1,Horizontal,11,006,01
2024,Nuevo León,García,U1,Horizontal,158,018,19
2024,Jalisco,Tlajomulco de Zúñiga,U3,Vertical,2773,097,14
2025,Aguascalientes,Pabellón de Arteaga,U3,Horizontal,2,006,01
2024,Michoacán de Ocampo,Apatzingán,U2,Vertical,18,006,16
2024,Yucatán,Kanasín,FC,Horizontal,278,041,31
2024,Hidalgo,Zempoala,FC,Vertical,324,083,13
2024,Puebla,Ocoyucan,U3,Vertical,4,106,21
2024,Veracruz de Ignacio de la Llave,Tuxpan,U3,Horizontal,225,189,30
2025,Chihuahua,Cuauhtémoc,FC,Horizontal,8,017,08
2025,Zacatecas,Zacatecas,U3,Vertical,32,056,32
2025,Sinaloa,Culiacán,U3,Vertical,161,006,25
2024,Nuevo León,General Escobedo,U3,Horizontal,823,021,19
2024,Sinaloa,Culiacán,U2,Horizontal,132,006,25
2024,Puebla,Cuautlancingo,U1,Vertical,326,041,21
2024,Sinaloa,Navolato,FC,Horizontal,1,018,25
2024,Michoacán de Ocampo,Sahuayo,U1,Horizontal,6,076,16
2025,Chiapas,Tuxtla Chico,FC,Horizontal,5,102,07
2025,Tlaxcala,Tetla de la Solidaridad,U2,Horizontal,14,031,29
2025,Coahuila de Zaragoza,Nava,U2,Horizontal,5,022,05
2025,San Luis Potosí,Villa de Reyes,FC,Horizontal,300,050,24
2025,Tabasco,Centro,U2,Horizontal,13,004,27
2024,Chiapas,Tapachula,U3,Horizontal,19,089,07
2025,Sonora,Nogales,U3,Vertical,7,043,26
2024,Tabasco,Nacajuca,U3,Vertical,256,013,27
2024,Chiapas,Tuxtla Gutiérrez,FC,Horizontal,10,101,07
2025,Sonora,Huatabampo,U3,Horizontal,26,033,26
2025,Hidalgo,Tulancingo de Bravo,U3,Horizontal,16,077,13
2025,Oaxaca,San Jacinto Amilpas,U1,Horizontal,7,157,20
2024,Baja California,San Quintín,FC,Horizontal,1,006,02
2024,Jalisco,Tonalá,U3,Vertical,48,101,14
2024,Chihuahua,Praxedis G. Guerrero,FC,Horizontal,14,053,08
2024,Puebla,Chignahuapan,FC,Horizontal,4,053,21
2024,Zacatecas,Guadalupe,U3,Horizontal,179,017,32
2025,Oaxaca,Heroica Ciudad de Huajuapan de León,FC,Vertical,408,039,20
2025,Jalisco,Lagos de Moreno,U2,Horizontal,43,053,14
2024,Tlaxcala,Santa Cruz Tlaxcala,U3,Horizontal,1,026,29
2024,Chihuahua,Delicias,U2,Horizontal,116,021,08
2025,Tamaulipas,Reynosa,U2,Horizontal,264,032,28
2024,Jalisco,Tala,U1,Horizontal,13,083,14
2024,Michoacán de Ocampo,Apatzingán,FC,Horizontal,24,006,16
2025,Colima,Tecomán,U1,Horizontal,128,009,06
2024,Aguascalientes,Jesús María,U2,Vertical,36,005,01
2025,Tabasco,Nacajuca,U1,Horizontal,3,013,27
2024,Guanajuato,Irapuato,U2,Vertical,78,017,11
2024,Jalisco,Ixtlahuacán de los Membrillos,U3,Horizontal,6,044,14
2024,Guanajuato,Irapuato,FC,Horizontal,90,017,11
2025,Morelos,Jojutla,FC,Horizontal,28,012,17
2024,Guanajuato,Salamanca,U3,Horizontal,20,027,11
2024,Chihuahua,Juárez,U3,Horizontal,830,037,08
2025,Veracruz de Ignacio de la Llave,Coatepec,U2,Horizontal,1,038,30
2025,Colima,Armería,U2,Horizontal,1,001,06
2025,Tamaulipas,Nuevo Laredo,U3,Horizontal,476,027,28
2025,Oaxaca,San Jacinto Amilpas,U2,Vertical,160,157,20
2024,Guerrero,Chilpancingo de los Bravo,U3,Horizontal,23,029,12
2024,Puebla,Teziutlán,U3,Horizontal,8,174,21
2024,Coahuila de Zaragoza,Arteaga,U3,Horizontal,17,004,05
2025,Veracruz de Ignacio de la Llave,Río Blanco,U1,Vertical,48,138,30
2025,Michoacán de Ocampo,Morelia,U2,Vertical,26,053,16
2025,Sonora,Hermosillo,U1,Vertical,6,030,26
2025,Oaxaca,Salina Cruz,FC,Vertical,160,079,20
2024,Michoacán de Ocampo,Morelia,U2,Horizontal,104,053,16
2024,Puebla,Teteles de Ávila Castillo,U2,Horizontal,2,173,21
2024,Sonora,Puerto Peñasco,U2,Horizontal,48,048,26
2025,Zacatecas,Ojocaliente,U3,Horizontal,12,036,32
2024,Nuevo León,General Escobedo,U2,Horizontal,49,021,19
2025,Baja California,Mexicali,FC,Horizontal,660,002,02
2024,Jalisco,Ameca,U3,Horizontal,6,006,14
2025,Puebla,Huauchinango,U2,Horizontal,1,071,21
2025,Yucatán,Kanasín,FC,Vertical,408,041,31
2024,Jalisco,El Salto,FC,Horizontal,354,070,14
2025,San Luis Potosí,Ciudad Valles,U3,Horizontal,76,013,24
2024,Guerrero,Iguala de la Independencia,U1,Vertical,27,035,12
2025,Guanajuato,Salamanca,U3,Vertical,84,027,11
2025,Sonora,Navojoa,U2,Horizontal,133,042,26
2024,Sinaloa,Mazatlán,U3,Vertical,425,012,25
2025,Chihuahua,Cuauhtémoc,U1,Horizontal,1,017,08
2025,Chiapas,Tapachula,U3,Horizontal,22,089,07
2025,Querétaro,San Juan del Río,U3,Horizontal,255,016,22
2025,Colima,Villa de Álvarez,U2,Horizontal,133,010,06
2025,San Luis Potosí,Ciudad Valles,U1,Horizontal,1,013,24
2024,Chihuahua,Hidalgo del Parral,U2,Horizontal,33,032,08
2024,Tabasco,Centro,U2,Horizontal,8,004,27
2024,Coahuila de Zaragoza,Sabinas,U2,Horizontal,171,028,05
2025,Yucatán,Tixkokob,FC,Horizontal,28,093,31
2024,Morelos,Xochitepec,U3,Horizontal,22,028,17
2025,Puebla,Amozoc,U3,Horizontal,126,015,21
2025,Puebla,Cuautlancingo,U3,Horizontal,192,041,21
2025,Jalisco,Tepatitlán de Morelos,FC,Horizontal,52,093,14
2024,Guanajuato,Uriangato,U3,Horizontal,251,041,11
2024,Sinaloa,Salvador Alvarado,U2,Horizontal,12,015,25
2025,Chihuahua,Chihuahua,U2,Horizontal,368,019,08
2025,Yucatán,Mérida,U2,Horizontal,107,050,31
2025,Jalisco,Guadalajara,U1,Vertical,54,039,14
2024,Querétaro,San Juan del Río,U2,Horizontal,33,016,22
2025,Sinaloa,Navolato,FC,Vertical,1,018,25
2025,Zacatecas,Río Grande,U2,Horizontal,3,039,32
2024,Michoacán de Ocampo,Morelia,U2,Vertical,46,053,16
2025,Chiapas,Arriaga,U1,Horizontal,9,009,07
2024,Sinaloa,Ahome,U2,Horizontal,155,001,25
2025,Tamaulipas,Tampico,U2,Horizontal,27,038,28
2024,Morelos,Temixco,U3,Horizontal,123,018,17
2025,Nuevo León,General Zuazua,U3,Horizontal,44,025,19
2025,Veracruz de Ignacio de la Llave,Medellín de Bravo,U2,Horizontal,90,105,30
2024,Puebla,Tehuacán,U2,Horizontal,227,156,21
2025,Guanajuato,San Luis de la Paz,FC,Horizontal,24,033,11
2024,Veracruz de Ignacio de la Llave,Medellín de Bravo,U3,Horizontal,257,105,30
2025,Ciudad de México,Venustiano Carranza,U2,Horizontal,1,017,09
2025,Nayarit,Tepic,U3,Horizontal,2,017,18
2025,Michoacán de Ocampo,Uruapan,U2,Horizontal,2,102,16
2024,Sinaloa,Culiacán,U3,Horizontal,736,006,25
2024,Hidalgo,Tizayuca,U3,Horizontal,1235,069,13
2025,México,Acolman,U3,Horizontal,105,002,15
2024,San Luis Potosí,Cerro de San Pedro,FC,Horizontal,139,009,24
2024,Nuevo León,Montemorelos,U1,Horizontal,11,038,19
2025,Colima,Villa de Álvarez,FC,Vertical,191,010,06
2025,Veracruz de Ignacio de la Llave,Medellín de Bravo,U3,Vertical,936,105,30
2024,Coahuila de Zaragoza,Saltillo,U1,Vertical,198,030,05
2024,Jalisco,Tonalá,U2,Vertical,1036,101,14
2024,Sinaloa,Guasave,U2,Horizontal,13,011,25
2025,Tabasco,Comalcalco,FC,Horizontal,1,005,27
2025,Veracruz de Ignacio de la Llave,San Andrés Tuxtla,FC,Horizontal,1,141,30
2025,Aguascalientes,Pabellón de Arteaga,U2,Horizontal,6,006,01
2025,Coahuila de Zaragoza,Parras,U2,Horizontal,159,024,05
2025,Quintana Roo,Othón P. Blanco,U3,Vertical,224,004,23
2024,Guerrero,Iguala de la Independencia,U2,Vertical,4,035,12
2024,Puebla,San Martín Texmelucan,U2,Horizontal,17,132,21
2024,Baja California Sur,La Paz,FC,Horizontal,29,003,03
2024,Guanajuato,Irapuato,FC,Vertical,212,017,11
2025,Puebla,Izúcar de Matamoros,U2,Horizontal,30,085,21
2024,Coahuila de Zaragoza,Acuña,U1,Horizontal,120,002,05
2025,México,Tecámac,U1,Horizontal,27,081,15
2024,Oaxaca,Heroica Ciudad de Huajuapan de León,U2,Horizontal,1,039,20
2024,Morelos,Tlayacapan,FC,Horizontal,166,026,17
2024,Guanajuato,Moroleón,FC,Horizontal,6,021,11
2025,Nuevo León,El Carmen,U2,Horizontal,4,010,19
2025,San Luis Potosí,Soledad de Graciano Sánchez,U3,Vertical,109,035,24
2025,Veracruz de Ignacio de la Llave,Veracruz,U2,Vertical,1,193,30
2024,Puebla,Coronango,U2,Horizontal,2,034,21
2025,Colima,Coquimatlán,FC,Horizontal,116,004,06
2025,Sinaloa,Guasave,U3,Vertical,1172,011,25
2025,San Luis Potosí,Ciudad Valles,FC,Vertical,1216,013,24
2025,Coahuila de Zaragoza,Torreón,U1,Horizontal,44,035,05
2024,Chihuahua,Chihuahua,FC,Horizontal,96,019,08
2024,Tlaxcala,Santa Cruz Tlaxcala,U1,Horizontal,227,026,29
2025,México,Toluca,FC,Horizontal,83,106,15
2024,Ciudad de México,Venustiano Carranza,U1,Vertical,323,017,09
2024,Nayarit,Tepic,U1,Vertical,3,017,18
2025,Zacatecas,Morelos,FC,Horizontal,2,032,32
2024,México,Chalco,U3,Vertical,826,025,15
2025,Yucatán,Umán,U1,Horizontal,99,101,31
2025,Jalisco,San Pedro Tlaquepaque,U2,Vertical,516,098,14
2024,Durango,Gómez Palacio,U2,Horizontal,471,007,10
2025,Guanajuato,Celaya,FC,Horizontal,385,007,11
2024,Jalisco,Zapotlán el Grande,U3,Horizontal,132,023,14
2025,México,Huehuetoca,U3,Horizontal,406,035,15
2025,Morelos,Yecapixtla,U3,Horizontal,2,030,17
2024,Veracruz de Ignacio de la Llave,Córdoba,FC,Horizontal,32,044,30
2024,Guanajuato,Villagrán,U3,Horizontal,482,044,11
2025,Sonora,Hermosillo,U3,Horizontal,3216,030,26
2024,Sinaloa,Guasave,FC,Horizontal,79,011,25
2024,Puebla,Coronango,U3,Horizontal,234,034,21
2025,Querétaro,El Marqués,FC,Horizontal,472,011,22
2025,Quintana Roo,Solidaridad,FC,Horizontal,84,008,23
2024,Sonora,Hermosillo,U3,Horizontal,2034,030,26
2025,Yucatán,Mérida,U1,Horizontal,132,050,31
2025,Sonora,Puerto Peñasco,U3,Horizontal,59,048,26
2025,Guanajuato,Silao de la Victoria,U3,Horizontal,166,037,11
2025,Yucatán,Valladolid,FC,Horizontal,16,102,31
2025,Zacatecas,Loreto,FC,Horizontal,1,024,32
2024,México,Nextlalpan,U3,Vertical,174,059,15
2024,Jalisco,Lagos de Moreno,U2,Horizontal,95,053,14
2024,Guanajuato,Silao de la Victoria,U2,Horizontal,10,037,11
2025,Nuevo León,Cadereyta Jiménez,U2,Horizontal,416,009,19
2025,Nuevo León,Salinas Victoria,U2,Horizontal,132,045,19
2025,Baja California Sur,Los Cabos,U3,Vertical,88,008,03
2024,Veracruz de Ignacio de la Llave,Río Blanco,U1,Horizontal,48,138,30
2024,Hidalgo,Apan,U2,Horizontal,2,008,13
2024,Jalisco,Tonalá,FC,Horizontal,817,101,14
2024,Querétaro,El Marqués,FC,Vertical,1525,011,22
2024,Chihuahua,Delicias,U3,Horizontal,104,021,08
2024,México,Jilotepec,FC,Horizontal,28,045,15
2024,Yucatán,Ucú,U3,Horizontal,70,100,31
2025,Zacatecas,Fresnillo,U3,Horizontal,74,010,32
2024,Guanajuato,Cortazar,FC,Horizontal,56,011,11
2025,Jalisco,San Pedro Tlaquepaque,U3,Vertical,150,098,14
2024,Veracruz de Ignacio de la Llave,Tlalnelhuayocan,U3,Horizontal,11,182,30
2024,Coahuila de Zaragoza,Monclova,U3,Horizontal,148,018,05
2025,Tabasco,Centro,U1,Horizontal,2,004,27
2024,Veracruz de Ignacio de la Llave,Ixtaczoquitlán,U3,Vertical,80,085,30
2025,Hidalgo,Mineral de la Reforma,U3,Vertical,96,051,13
2024,Puebla,Cuautlancingo,U1,Horizontal,148,041,21
2025,Tabasco,Centro,U2,Vertical,384,004,27
2024,Guanajuato,Abasolo,U3,Horizontal,1,001,11
2025,Guanajuato,Villagrán,FC,Horizontal,72,044,11
2024,Veracruz de Ignacio de la Llave,Xalapa,U2,Vertical,7,087,30
2025,Yucatán,Mérida,FC,Horizontal,660,050,31
2024,Coahuila de Zaragoza,San Pedro,U1,Horizontal,98,033,05
2025,Yucatán,Motul,U2,Horizontal,25,052,31
2024,México,Tecámac,U3,Vertical,419,081,15
2024,México,Toluca,FC,Horizontal,131,106,15
2025,Tabasco,Teapa,U2,Horizontal,1,016,27
2024,Hidalgo,Pachuca de Soto,U3,Horizontal,180,048,13
2025,Tabasco,Huimanguillo,U2,Horizontal,1,008,27
2024,Guanajuato,Acámbaro,FC,Horizontal,1,002,11
2024,Morelos,Tlayacapan,FC,Vertical,448,026,17
2025,Michoacán de Ocampo,Sahuayo,FC,Horizontal,23,076,16
2024,Baja California,Mexicali,U2,Vertical,42,002,02
2024,Guanajuato,Salamanca,U3,Vertical,54,027,11
2025,Tamaulipas,Ciudad Madero,U2,Horizontal,1,009,28
2025,Colima,Villa de Álvarez,U3,Horizontal,922,010,06
2024,Ciudad de México,Cuauhtémoc,U1,Vertical,269,015,09
2024,Puebla,Teziutlán,U2,Vertical,6,174,21
2024,Quintana Roo,Benito Juárez,U2,Horizontal,293,005,23
2024,Quintana Roo,Benito Juárez,U3,Vertical,3215,005,23
2024,Coahuila de Zaragoza,Torreón,FC,Horizontal,260,035,05
2024,Coahuila de Zaragoza,Saltillo,U2,Vertical,108,030,05
2024,Yucatán,Conkal,U3,Horizontal,2,013,31
2025,Baja California Sur,La Paz,FC,Horizontal,32,003,03
2025,Puebla,Huejotzingo,U2,Horizontal,60,074,21
2024,Baja California Sur,Mulegé,FC,Horizontal,15,002,03
2025,San Luis Potosí,Charcas,FC,Vertical,144,015,24
2024,Puebla,Tianguismanalco,FC,Horizontal,63,175,21
2025,Hidalgo,Cuautepec de Hinojosa,U3,Horizontal,16,016,13
2025,Quintana Roo,Benito Juárez,U3,Horizontal,1877,005,23
2024,Yucatán,Mérida,U2,Horizontal,110,050,31
2024,Nuevo León,Ciénega de Flores,FC,Horizontal,133,012,19
2025,Coahuila de Zaragoza,Acuña,U1,Horizontal,135,002,05
2025,Guanajuato,Dolores Hidalgo Cuna de la Independencia Nacional,U3,Horizontal,14,014,11
2025,México,Zinacantepec,U3,Vertical,63,118,15
2024,Jalisco,Acatlán de Juárez,FC,Horizontal,64,002,14
2025,Quintana Roo,Solidaridad,U2,Vertical,24,008,23
2024,Colima,Tecomán,U3,Horizontal,48,009,06
2025,Sonora,Nogales,U3,Horizontal,473,043,26
2025,Morelos,Emiliano Zapata,U3,Vertical,88,008,17
2025,Nuevo León,Apodaca,U2,Horizontal,50,006,19
2024,Hidalgo,Apan,U3,Horizontal,2,008,13
2025,Guerrero,Chilpancingo de los Bravo,U3,Vertical,34,029,12
2025,Zacatecas,Villanueva,FC,Horizontal,4,055,32
2025,Coahuila de Zaragoza,Saltillo,U1,Vertical,48,030,05
2025,Guerrero,Arcelia,U1,Horizontal,1,007,12
2025,Chihuahua,Chihuahua,U3,Vertical,1,019,08
2025,Oaxaca,Heroica Ciudad de Huajuapan de León,FC,Horizontal,4,039,20
2025,Puebla,Ocoyucan,FC,Vertical,40,106,21
2024,Baja California,Playas de Rosarito,FC,Vertical,366,005,02
2024,Nuevo León,El Carmen,FC,Horizontal,403,010,19
2024,San Luis Potosí,Soledad de Graciano Sánchez,FC,Horizontal,85,035,24
2025,Sonora,Empalme,U1,Horizontal,1,025,26
2025,Jalisco,Zapotlanejo,U2,Horizontal,2,124,14
2025,Querétaro,San Juan del Río,U2,Vertical,32,016,22
2025,Michoacán de Ocampo,Apatzingán,U3,Horizontal,3,006,16
2025,San Luis Potosí,San Luis Potosí,U1,Horizontal,10,028,24
2024,Zacatecas,Zacatecas,U2,Horizontal,16,056,32
2024,Puebla,Amozoc,U3,Horizontal,50,015,21
2025,Colima,Villa de Álvarez,U3,Vertical,610,010,06
2025,Morelos,Yautepec,U2,Horizontal,81,029,17
2024,Guanajuato,León,U1,Horizontal,26,020,11
2025,Yucatán,Valladolid,U3,Horizontal,17,102,31
2024,México,Tecámac,U2,Vertical,506,081,15
2025,Nayarit,Compostela,U3,Horizontal,1,004,18
2025,Zacatecas,Fresnillo,FC,Horizontal,1,010,32
2025,Michoacán de Ocampo,Tarímbaro,U3,Vertical,265,088,16
2024,Coahuila de Zaragoza,Matamoros,U2,Horizontal,118,017,05
2024,Sinaloa,Mazatlán,U1,Vertical,128,012,25
2025,Quintana Roo,Benito Juárez,U2,Horizontal,172,005,23
2025,Chihuahua,Chihuahua,U1,Vertical,17,019,08
2024,Colima,Cuauhtémoc,FC,Horizontal,69,005,06
2024,Sonora,San Luis Río Colorado,U3,Horizontal,130,055,26
2025,Veracruz de Ignacio de la Llave,Emiliano Zapata,FC,Vertical,160,065,30
2025,Zacatecas,Apozol,FC,Horizontal,1,001,32
2024,Puebla,San Martín Texmelucan,U2,Vertical,244,132,21
2024,Durango,Gómez Palacio,U3,Horizontal,64,007,10
2024,Aguascalientes,Rincón de Romos,U2,Horizontal,1,007,01
2024,Chihuahua,Jiménez,U1,Horizontal,10,036,08
2025,Coahuila de Zaragoza,San Pedro,FC,Horizontal,2490,033,05
2024,Coahuila de Zaragoza,Castaños,U2,Horizontal,46,006,05
2025,Quintana Roo,Benito Juárez,FC,Horizontal,662,005,23
2024,Quintana Roo,Cozumel,U3,Horizontal,47,001,23
2025,Morelos,Temixco,U3,Horizontal,46,018,17
2025,Baja California Sur,La Paz,U3,Horizontal,501,003,03
2025,Michoacán de Ocampo,Morelia,U2,Horizontal,76,053,16
2024,Tabasco,Huimanguillo,U2,Horizontal,4,008,27
2025,Michoacán de Ocampo,Maravatío,U1,Horizontal,9,050,16
2024,Morelos,Cuernavaca,U1,Vertical,26,007,17
2024,Morelos,Yecapixtla,U3,Horizontal,4,030,17
2024,Michoacán de Ocampo,Puruándiro,U2,Horizontal,4,071,16
2025,Chiapas,Ocozocoautla de Espinosa,U2,Horizontal,9,061,07
2025,Jalisco,El Salto,U3,Vertical,384,070,14
2025,Guanajuato,Irapuato,FC,Vertical,416,017,11
2025,Chihuahua,Hidalgo del Parral,U1,Horizontal,39,032,08
2024,Hidalgo,Tizayuca,FC,Horizontal,1096,069,13
2025,Michoacán de Ocampo,La Piedad,U2,Horizontal,2,069,16
2024,Guerrero,Acapulco de Juárez,U3,Vertical,16,001,12
2025,Zacatecas,Jerez,U1,Horizontal,1,020,32
2025,Guanajuato,Valle de Santiago,U2,Horizontal,347,042,11
2025,Tabasco,Centro,FC,Vertical,2176,004,27
2024,Jalisco,Lagos de Moreno,U3,Horizontal,59,053,14
2025,Michoacán de Ocampo,Zamora,U3,Horizontal,111,108,16
2024,Quintana Roo,Cozumel,U2,Horizontal,165,001,23
2025,Hidalgo,Pachuca de Soto,FC,Horizontal,48,048,13
2024,Chihuahua,Hidalgo del Parral,U1,Horizontal,37,032,08
2024,Nuevo León,Guadalupe,U1,Horizontal,1,026,19
2024,Veracruz de Ignacio de la Llave,Fortín,U3,Vertical,150,068,30
2025,San Luis Potosí,Soledad de Graciano Sánchez,FC,Horizontal,54,035,24
2024,Jalisco,San Pedro Tlaquepaque,U3,Horizontal,192,098,14
2025,Puebla,Cuautlancingo,U1,Horizontal,20,041,21
2025,Tabasco,Nacajuca,U3,Horizontal,7,013,27
2025,México,Tecámac,FC,Horizontal,323,081,15
2024,Hidalgo,Zempoala,FC,Horizontal,757,083,13
2024,Michoacán de Ocampo,Sahuayo,FC,Horizontal,26,076,16
2024,Puebla,Huejotzingo,U2,Vertical,27,074,21
2024,Sinaloa,Culiacán,FC,Horizontal,121,006,25
2024,San Luis Potosí,Cerritos,U3,Horizontal,2,008,24
2024,Querétaro,Querétaro,U3,Horizontal,350,014,22
2024,Tlaxcala,Huamantla,U2,Vertical,78,013,29
2025,Puebla,Huejotzingo,U3,Vertical,336,074,21
2025,Nuevo León,Pesquería,FC,Vertical,876,041,19
2025,Sinaloa,Ahome,FC,Vertical,768,001,25
2024,Nayarit,Bahía de Banderas,U3,Vertical,517,020,18
2024,Jalisco,San Pedro Tlaquepaque,U1,Horizontal,122,098,14
2025,Michoacán de Ocampo,La Piedad,U1,Horizontal,7,069,16
2024,Veracruz de Ignacio de la Llave,San Andrés Tuxtla,FC,Horizontal,2,141,30
2025,Nuevo León,Santa Catarina,U2,Vertical,8,048,19
2024,Morelos,Cuautla,U1,Horizontal,3,006,17
2025,Puebla,Puebla,U2,Horizontal,52,114,21
2024,Puebla,Puebla,U2,Horizontal,100,114,21
2025,Aguascalientes,San Francisco de los Romo,FC,Horizontal,1051,011,01
2025,Coahuila de Zaragoza,San Juan de Sabinas,U3,Horizontal,96,032,05
2025,Chihuahua,Aldama,U2,Horizontal,36,002,08
2025,Tabasco,Comalcalco,U2,Vertical,192,005,27
2025,Coahuila de Zaragoza,Saltillo,U3,Vertical,304,030,05
2025,Baja California,Mexicali,U2,Horizontal,484,002,02
2025,Michoacán de Ocampo,Hidalgo,FC,Horizontal,8,034,16
2024,Nuevo León,Ciénega de Flores,U2,Horizontal,35,012,19
2025,Jalisco,Zapopan,U2,Horizontal,10,120,14
2025,Sinaloa,Ahome,U3,Horizontal,910,001,25
2024,Jalisco,Ixtlahuacán de los Membrillos,U3,Vertical,108,044,14
2024,Sonora,Nogales,U3,Horizontal,280,043,26
2024,Jalisco,Puerto Vallarta,U2,Vertical,24,067,14
2025,Coahuila de Zaragoza,Francisco I. Madero,U1,Horizontal,221,009,05
2025,Nayarit,Tepic,U2,Horizontal,21,017,18
2025,Chiapas,Tuxtla Gutiérrez,U1,Vertical,308,101,07
2024,Puebla,Chignahuapan,U3,Horizontal,4,053,21
2025,Aguascalientes,San Francisco de los Romo,U3,Horizontal,32,011,01
2025,México,La Paz,U2,Horizontal,18,070,15
2024,Baja California,Tijuana,U2,Vertical,200,004,02
2025,Jalisco,Tlajomulco de Zúñiga,U3,Horizontal,663,097,14
2025,México,Otzolotepec,FC,Vertical,62,067,15
2024,Coahuila de Zaragoza,Acuña,U3,Horizontal,689,002,05
2025,Nuevo León,Apodaca,U3,Horizontal,219,006,19
2024,Jalisco,Tonalá,U3,Horizontal,36,101,14
2025,Michoacán de Ocampo,Jiquilpan,U2,Horizontal,22,045,16
2025,Morelos,Xochitepec,FC,Horizontal,279,028,17
2024,Tlaxcala,Tlaxcala,U2,Horizontal,17,033,29
2025,Ciudad de México,Azcapotzalco,U2,Vertical,1,002,09
2025,Sonora,Cajeme,U1,Horizontal,102,018,26
2025,Tlaxcala,Zacatelco,U2,Vertical,10,044,29
2025,Guerrero,Tlapa de Comonfort,U3,Horizontal,4,066,12
2025,Yucatán,Kanasín,U3,Horizontal,552,041,31
2025,Coahuila de Zaragoza,Sacramento,FC,Horizontal,11,029,05
2025,Chiapas,Villaflores,U2,Horizontal,1,108,07
2025,Jalisco,San Pedro Tlaquepaque,U1,Horizontal,103,098,14
2024,Tabasco,Nacajuca,U3,Horizontal,29,013,27
2024,Hidalgo,Actopan,U1,Horizontal,3,003,13
2024,Tamaulipas,Ciudad Madero,U2,Horizontal,1,009,28
2024,Hidalgo,Tepeapulco,U2,Horizontal,3,061,13
2025,México,Toluca,U3,Horizontal,47,106,15
2025,Guanajuato,Irapuato,U1,Horizontal,144,017,11
2024,Nuevo León,General Zuazua,FC,Horizontal,569,025,19
2024,Guanajuato,Apaseo el Grande,U1,Horizontal,6,005,11
2024,Aguascalientes,San Francisco de los Romo,FC,Horizontal,74,011,01
2025,Chihuahua,Cuauhtémoc,U2,Horizontal,57,017,08
2024,Coahuila de Zaragoza,Múzquiz,U3,Horizontal,96,020,05
2024,Guanajuato,Pénjamo,U1,Horizontal,13,023,11
2024,Nuevo León,Ciénega de Flores,U3,Horizontal,1445,012,19
2024,Yucatán,Mérida,U1,Horizontal,39,050,31
2025,Guanajuato,Silao de la Victoria,U2,Horizontal,74,037,11
2024,Guanajuato,Irapuato,U1,Horizontal,217,017,11
2024,Baja California,Tijuana,FC,Horizontal,552,004,02
2025,Nayarit,Compostela,FC,Horizontal,4,004,18
2024,Hidalgo,Mineral de la Reforma,U2,Vertical,125,051,13
2025,Coahuila de Zaragoza,San Pedro,U2,Horizontal,90,033,05
2024,Jalisco,San Pedro Tlaquepaque,U2,Horizontal,162,098,14
2025,Sonora,Nogales,U2,Horizontal,18,043,26
2024,Nuevo León,Sabinas Hidalgo,U2,Horizontal,6,044,19
2024,Tlaxcala,Huamantla,U2,Horizontal,48,013,29
2025,Tamaulipas,Matamoros,U3,Vertical,780,022,28
2025,Michoacán de Ocampo,Morelia,U1,Horizontal,47,053,16
2024,Coahuila de Zaragoza,Allende,U2,Horizontal,98,003,05
2025,Puebla,Cuautlancingo,U3,Vertical,138,041,21
2025,Baja California Sur,La Paz,U2,Horizontal,21,003,03
2025,Yucatán,Kanasín,U2,Vertical,27,041,31
2024,Zacatecas,Fresnillo,U1,Horizontal,3,010,32
2025,Jalisco,Tonalá,FC,Horizontal,467,101,14
2024,Guanajuato,León,U3,Vertical,846,020,11
2024,Quintana Roo,Solidaridad,U3,Vertical,1341,008,23
2024,Morelos,Cuernavaca,U2,Horizontal,1,007,17
2025,México,Zumpango,FC,Vertical,1314,120,15
2024,Yucatán,Umán,U3,Horizontal,799,101,31
2025,San Luis Potosí,San Luis Potosí,U3,Vertical,105,028,24
2024,Nayarit,Xalisco,U2,Horizontal,18,008,18
2025,Hidalgo,Tolcayuca,FC,Horizontal,60,075,13
2025,Guanajuato,San Luis de la Paz,U3,Horizontal,490,033,11
2024,Colima,Villa de Álvarez,U2,Horizontal,159,010,06
2025,Morelos,Emiliano Zapata,U2,Horizontal,303,008,17
2024,Sinaloa,Ahome,U3,Horizontal,772,001,25
2025,México,Tecámac,U3,Horizontal,240,081,15
2024,México,Huehuetoca,U2,Horizontal,2,035,15
2024,Oaxaca,San Jacinto Amilpas,U1,Horizontal,6,157,20
2024,Sonora,Puerto Peñasco,U3,Horizontal,121,048,26
2024,Sinaloa,Navolato,FC,Vertical,1,018,25
2025,Sinaloa,Mazatlán,U2,Vertical,1524,012,25
2025,Guerrero,Chilpancingo de los Bravo,U3,Horizontal,15,029,12
2024,San Luis Potosí,Cárdenas,U2,Horizontal,3,005,24
2025,Morelos,Xochitepec,U3,Horizontal,2,028,17
2024,San Luis Potosí,Tamazunchale,U3,Horizontal,2,037,24
2024,Guanajuato,San Felipe,U3,Horizontal,46,030,11
2024,México,Acolman,U3,Horizontal,102,002,15
2024,Aguascalientes,Jesús María,U1,Horizontal,3,005,01
2024,Jalisco,Ocotlán,U3,Horizontal,15,063,14
2025,Guerrero,Chilpancingo de los Bravo,U1,Horizontal,7,029,12
2025,Jalisco,Zapopan,U3,Horizontal,280,120,14
2025,Nuevo León,El Carmen,FC,Horizontal,427,010,19
2025,Michoacán de Ocampo,Zacapu,U1,Horizontal,2,107,16
2025,Jalisco,Tlajomulco de Zúñiga,U3,Vertical,2695,097,14
2025,México,Zumpango,FC,Horizontal,508,120,15
2025,Zacatecas,Zacatecas,U2,Horizontal,9,056,32
2025,Yucatán,Ucú,U3,Horizontal,115,100,31
2024,Tamaulipas,Altamira,U2,Horizontal,83,003,28
2025,Zacatecas,Fresnillo,U2,Horizontal,50,010,32
2024,Nayarit,Tepic,U2,Vertical,31,017,18
2025,Nuevo León,Juárez,U2,Horizontal,717,031,19
2024,Nuevo León,Apodaca,U3,Horizontal,214,006,19
2024,Zacatecas,Ojocaliente,U2,Horizontal,1,036,32
2024,Oaxaca,San Pedro Mixtepec -Dto. 22 -,FC,Vertical,7,318,20
2024,Puebla,Huauchinango,U2,Horizontal,1,071,21
2024,Durango,Durango,U1,Horizontal,68,005,10
2024,Zacatecas,Jerez,U1,Horizontal,1,020,32
2024,Oaxaca,Santa María Atzompa,U1,Horizontal,1,399,20
2024,Sonora,San Luis Río Colorado,U1,Horizontal,7,055,26
2025,Baja California,Tijuana,U1,Horizontal,7,004,02
2024,Sonora,Cananea,U2,Horizontal,12,019,26
2024,Quintana Roo,Benito Juárez,FC,Vertical,24,005,23
2025,Nuevo León,Pesquería,U3,Horizontal,1508,041,19
2024,Sonora,Nogales,U1,Horizontal,5,043,26
2025,Oaxaca,Santa Cruz Xoxocotlán,U1,Vertical,32,385,20
2024,Veracruz de Ignacio de la Llave,Medellín de Bravo,U3,Vertical,760,105,30
2025,Sonora,Hermosillo,U1,Horizontal,70,030,26
2024,Zacatecas,Loreto,U1,Horizontal,3,024,32
2024,Tabasco,Huimanguillo,U3,Vertical,80,008,27
2024,Nuevo León,Pesquería,FC,Horizontal,707,041,19
2024,Hidalgo,Atotonilco de Tula,FC,Vertical,336,013,13
2025,Hidalgo,Tulancingo de Bravo,U2,Horizontal,1,077,13
2024,Hidalgo,Tizayuca,U3,Vertical,1304,069,13
2025,Chihuahua,Aquiles Serdán,FC,Horizontal,295,004,08
2024,Nayarit,Bahía de Banderas,U3,Horizontal,426,020,18
2025,Michoacán de Ocampo,Morelia,U3,Vertical,551,053,16
2025,Michoacán de Ocampo,Zitácuaro,U1,Horizontal,1,112,16
2025,Puebla,Coronango,U3,Horizontal,137,034,21
2025,Tabasco,Paraíso,U2,Horizontal,1,014,27
2025,Tlaxcala,Huamantla,U2,Horizontal,17,013,29
2024,Guanajuato,León,U1,Vertical,2,020,11
2024,Aguascalientes,Aguascalientes,U2,Horizontal,72,001,01
2024,Nuevo León,Juárez,U2,Horizontal,511,031,19
2024,Guerrero,Chilpancingo de los Bravo,U2,Vertical,2,029,12
2024,Sonora,Agua Prieta,U3,Horizontal,201,002,26
2024,Morelos,Temixco,U3,Vertical,11,018,17
2024,Jalisco,Puerto Vallarta,FC,Vertical,258,067,14
2024,Nuevo León,Juárez,FC,Horizontal,917,031,19
2024,México,Zumpango,U3,Vertical,1290,120,15
2024,Sonora,Guaymas,U3,Horizontal,86,029,26
2024,Tlaxcala,Tlaxco,U3,Vertical,12,034,29
2024,México,Toluca,U3,Horizontal,58,106,15
2025,Jalisco,Tala,U1,Horizontal,13,083,14
2024,Morelos,Jojutla,FC,Vertical,32,012,17
2025,Jalisco,Autlán de Navarro,U1,Horizontal,5,015,14
2024,Michoacán de Ocampo,La Piedad,U2,Horizontal,231,069,16
2024,Durango,Durango,U3,Horizontal,518,005,10
2025,Morelos,Cuernavaca,U1,Vertical,184,007,17
2024,Colima,Coquimatlán,U2,Horizontal,1,004,06
2025,Veracruz de Ignacio de la Llave,Xalapa,U1,Horizontal,1,087,30
2025,Tlaxcala,Xaloztoc,U2,Vertical,6,039,29
2024,Sinaloa,Culiacán,U1,Horizontal,150,006,25
2024,México,La Paz,U2,Horizontal,19,070,15
2024,Guerrero,Acapulco de Juárez,U1,Vertical,100,001,12
2025,Guerrero,Tlapa de Comonfort,FC,Horizontal,1,066,12
2024,Guerrero,Zihuatanejo de Azueta,U3,Horizontal,11,038,12
2025,Zacatecas,Guadalupe,U2,Horizontal,89,017,32
2025,Tabasco,Nacajuca,U3,Vertical,256,013,27
2025,Chiapas,Tonalá,FC,Vertical,328,097,07
2025,Sonora,San Luis Río Colorado,U3,Horizontal,90,055,26
2025,Coahuila de Zaragoza,Piedras Negras,U3,Horizontal,848,025,05
2025,Nuevo León,El Carmen,U3,Horizontal,1259,010,19
2024,Michoacán de Ocampo,Morelia,U3,Vertical,514,053,16
2024,Hidalgo,Zempoala,U3,Horizontal,32,083,13
2024,México,Cuautitlán,U3,Horizontal,144,024,15
2024,Chiapas,Chiapa de Corzo,U2,Horizontal,4,027,07
2024,Nuevo León,Pesquería,U2,Horizontal,122,041,19
2025,Morelos,Cuernavaca,U2,Horizontal,7,007,17
2024,Campeche,Campeche,U2,Horizontal,14,002,04
2024,San Luis Potosí,Ciudad Valles,U3,Horizontal,122,013,24
2025,Michoacán de Ocampo,Tarímbaro,U3,Horizontal,278,088,16
2024,Chihuahua,Camargo,U1,Horizontal,1,011,08
2025,Puebla,Tehuacán,U3,Vertical,10,156,21
2024,Morelos,Emiliano Zapata,U3,Vertical,64,008,17
2024,Jalisco,Autlán de Navarro,U1,Horizontal,5,015,14
2024,Zacatecas,Morelos,FC,Horizontal,1,032,32
2025,Campeche,Campeche,U1,Horizontal,2,002,04
2025,Guanajuato,Celaya,FC,Vertical,136,007,11
2025,Michoacán de Ocampo,Tarímbaro,FC,Horizontal,24,088,16
2025,México,Atlacomulco,U3,Horizontal,19,014,15
2024,Nuevo León,Cadereyta Jiménez,U3,Horizontal,388,009,19
2025,Chiapas,Villaflores,U3,Horizontal,15,108,07
2024,Hidalgo,Atotonilco de Tula,FC,Horizontal,256,013,13
2025,Ciudad de México,Miguel Hidalgo,U1,Vertical,93,016,09
2024,Guanajuato,Silao de la Victoria,U3,Horizontal,204,037,11
2025,Colima,Colima,U1,Horizontal,101,002,06
2025,Nayarit,Xalisco,U1,Horizontal,1,008,18
2024,Zacatecas,Fresnillo,U3,Horizontal,15,010,32
2024,Puebla,Xiutetelco,U1,Horizontal,7,199,21
2024,Quintana Roo,Solidaridad,U3,Horizontal,472,008,23
2025,Jalisco,Zapopan,U3,Vertical,161,120,14
2025,Colima,Comala,U3,Horizontal,5,003,06
2025,Quintana Roo,Cozumel,U3,Horizontal,94,001,23
2025,Baja California Sur,Mulegé,FC,Horizontal,8,002,03
2024,Veracruz de Ignacio de la Llave,Tuxpan,U3,Vertical,130,189,30
2025,Jalisco,Ixtlahuacán de los Membrillos,U3,Vertical,48,044,14
2024,Aguascalientes,San Francisco de los Romo,U1,Horizontal,30,011,01
2025,Guanajuato,Santa Cruz de Juventino Rosas,U3,Horizontal,5,035,11
2024,Puebla,Tehuacán,U1,Vertical,44,156,21
2024,Nuevo León,Pesquería,FC,Vertical,78,041,19
2025,Guerrero,Acapulco de Juárez,FC,Vertical,1080,001,12
2024,Chiapas,Berriozábal,U3,Horizontal,44,012,07
2024,Guanajuato,San Luis de la Paz,U3,Horizontal,144,033,11
2025,México,Huehuetoca,U3,Vertical,125,035,15
2025,Tabasco,Cunduacán,U1,Horizontal,3,006,27
2025,México,Otzolotepec,FC,Horizontal,616,067,15
2025,Baja California,Ensenada,FC,Vertical,1,001,02
2024,Puebla,Tehuacán,U3,Vertical,6,156,21
2025,Ciudad de México,Cuauhtémoc,U2,Vertical,108,015,09
2024,Nuevo León,General Zuazua,U3,Horizontal,39,025,19
2024,Hidalgo,Zapotlán de Juárez,FC,Vertical,96,082,13
2025,Baja California,Tijuana,FC,Vertical,1528,004,02
2025,Coahuila de Zaragoza,Torreón,FC,Horizontal,415,035,05
2024,Guerrero,Chilpancingo de los Bravo,U1,Vertical,23,029,12
2024,Hidalgo,Atotonilco de Tula,U2,Vertical,50,013,13
2025,San Luis Potosí,Rioverde,U2,Horizontal,69,024,24
2025,Tamaulipas,Altamira,U2,Vertical,21,003,28
2024,Chiapas,Tuxtla Gutiérrez,U2,Vertical,123,101,07
2024,Veracruz de Ignacio de la Llave,Fortín,U3,Horizontal,27,068,30
2024,Tamaulipas,Victoria,U3,Horizontal,149,041,28
2025,Jalisco,Zapotiltic,U3,Horizontal,3,121,14
2025,Coahuila de Zaragoza,Saltillo,U2,Horizontal,586,030,05
2024,Yucatán,Kanasín,U1,Horizontal,30,041,31
2025,Veracruz de Ignacio de la Llave,Emiliano Zapata,U3,Vertical,160,065,30
2024,Coahuila de Zaragoza,Frontera,U2,Horizontal,147,010,05
2025,Guerrero,Zihuatanejo de Azueta,FC,Horizontal,12,038,12
2025,Tlaxcala,Tlaxco,U1,Horizontal,2,034,29
2025,Jalisco,Zapotiltic,U3,Vertical,162,121,14
2025,Ciudad de México,Iztacalco,U1,Vertical,76,006,09
2024,Sinaloa,Guasave,U1,Horizontal,7,011,25
2024,Jalisco,Zapopan,FC,Vertical,1527,120,14
2025,Yucatán,Kanasín,U2,Horizontal,211,041,31
2024,Hidalgo,Tulancingo de Bravo,U1,Horizontal,6,077,13
2024,Michoacán de Ocampo,Apatzingán,U3,Horizontal,22,006,16
2024,Sonora,Huatabampo,FC,Horizontal,16,033,26
2024,Jalisco,San Juan de los Lagos,U3,Horizontal,102,073,14
2025,Coahuila de Zaragoza,Múzquiz,FC,Horizontal,96,020,05
2025,Hidalgo,Mineral de la Reforma,U3,Horizontal,633,051,13
2024,Guanajuato,Apaseo el Grande,U3,Vertical,736,005,11
2025,Hidalgo,Apan,U3,Horizontal,3,008,13
2025,Hidalgo,Ixmiquilpan,FC,Horizontal,5,030,13
2025,Hidalgo,Tizayuca,U3,Vertical,1268,069,13
2025,Coahuila de Zaragoza,Saltillo,U2,Vertical,432,030,05
2024,Nuevo León,Apodaca,U1,Horizontal,66,006,19
2024,Sonora,Huatabampo,U3,Horizontal,42,033,26
2024,Tlaxcala,Zacatelco,U2,Horizontal,8,044,29
2025,Morelos,Emiliano Zapata,U1,Horizontal,185,008,17
2024,Zacatecas,Guadalupe,U1,Horizontal,33,017,32
2025,Durango,Gómez Palacio,U1,Horizontal,22,007,10
2025,Tlaxcala,Tzompantepec,U3,Vertical,8,038,29
2024,Michoacán de Ocampo,Hidalgo,U2,Horizontal,3,034,16
2024,Aguascalientes,Jesús María,U3,Horizontal,450,005,01
2025,México,Tecámac,FC,Vertical,434,081,15
2025,Michoacán de Ocampo,Sahuayo,U1,Horizontal,4,076,16
2024,Michoacán de Ocampo,Morelia,U3,Horizontal,426,053,16
2025,México,Tecámac,U3,Vertical,377,081,15
2025,Morelos,Yautepec,U2,Vertical,424,029,17
2025,Michoacán de Ocampo,Zamora,FC,Horizontal,9,108,16
2024,Sinaloa,Mazatlán,U1,Horizontal,2,012,25
2025,Querétaro,San Juan del Río,U3,Vertical,1494,016,22
2025,Sonora,Navojoa,U1,Horizontal,95,042,26
2024,San Luis Potosí,Matehuala,U1,Horizontal,22,020,24
2025,Jalisco,Zapopan,U1,Horizontal,1,120,14
2025,Oaxaca,Oaxaca de Juárez,U2,Vertical,17,067,20
2025,Guanajuato,Salamanca,U3,Horizontal,141,027,11
2024,Puebla,Puebla,U1,Vertical,180,114,21
2025,San Luis Potosí,Matehuala,U2,Horizontal,4,020,24
2025,Querétaro,Querétaro,U2,Horizontal,134,014,22
2025,México,Chalco,U3,Horizontal,361,025,15
2024,Quintana Roo,Solidaridad,FC,Horizontal,134,008,23
2025,Michoacán de Ocampo,Lázaro Cárdenas,U1,Horizontal,4,052,16
2024,Querétaro,San Juan del Río,U3,Horizontal,111,016,22
2025,Sonora,Hermosillo,U3,Vertical,922,030,26
2025,Sonora,San Luis Río Colorado,U2,Horizontal,323,055,26
2024,México,Calimaya,U3,Horizontal,74,018,15
2025,Quintana Roo,Othón P. Blanco,U2,Horizontal,8,004,23
2025,Colima,Manzanillo,U2,Horizontal,36,007,06
2025,México,Tecámac,U1,Vertical,168,081,15
2024,San Luis Potosí,Rioverde,U2,Horizontal,16,024,24
2024,Chiapas,Tonalá,FC,Horizontal,133,097,07
2025,Hidalgo,San Agustín Tlaxiaca,U2,Horizontal,1,052,13
2025,Puebla,Puebla,FC,Vertical,832,114,21
2024,Durango,Durango,FC,Vertical,1296,005,10
2024,México,La Paz,U2,Vertical,1,070,15
2024,Morelos,Jiutepec,U2,Horizontal,3,011,17
2025,Yucatán,Mérida,FC,Vertical,1776,050,31
2024,Zacatecas,Zacatecas,FC,Horizontal,128,056,32
2024,Guanajuato,Salamanca,FC,Horizontal,316,027,11
2025,Sinaloa,Salvador Alvarado,U2,Horizontal,1,015,25
2024,Nuevo León,Montemorelos,U3,Horizontal,83,038,19
2025,Nuevo León,Ciénega de Flores,FC,Horizontal,312,012,19
2025,Jalisco,Tepatitlán de Morelos,U3,Horizontal,25,093,14
2024,Zacatecas,Loreto,U2,Horizontal,5,024,32
2024,Guanajuato,León,U2,Vertical,619,020,11
2024,Puebla,Juan C. Bonilla,U1,Vertical,192,090,21
2025,Chihuahua,Delicias,U3,Horizontal,160,021,08
2024,México,Otzolotepec,FC,Vertical,184,067,15
2025,Quintana Roo,Solidaridad,U3,Vertical,1355,008,23
2025,Coahuila de Zaragoza,Monclova,FC,Horizontal,1592,018,05
2024,Michoacán de Ocampo,La Piedad,U2,Vertical,15,069,16
2024,Nuevo León,General Escobedo,FC,Horizontal,1350,021,19
2025,Tamaulipas,Reynosa,FC,Horizontal,2347,032,28
2024,Yucatán,Kanasín,U3,Vertical,24,041,31
2025,Puebla,San Martín Texmelucan,U2,Horizontal,2,132,21
2025,Tamaulipas,Nuevo Laredo,U1,Horizontal,319,027,28
2025,Guanajuato,Irapuato,U3,Horizontal,83,017,11
2024,Querétaro,El Marqués,U3,Horizontal,823,011,22
2024,Guerrero,Zihuatanejo de Azueta,FC,Horizontal,14,038,12
2025,Nayarit,Tepic,U1,Horizontal,7,017,18
2025,San Luis Potosí,Soledad de Graciano Sánchez,U2,Horizontal,210,035,24
2024,Nuevo León,Salinas Victoria,FC,Horizontal,541,045,19
2025,San Luis Potosí,Villa de Pozos,U3,Horizontal,272,059,24
2024,Baja California,Tijuana,U3,Vertical,1120,004,02
2024,Coahuila de Zaragoza,Morelos,FC,Horizontal,3,019,05
2025,Coahuila de Zaragoza,Piedras Negras,U1,Horizontal,84,025,05
2025,Tamaulipas,Reynosa,U3,Vertical,940,032,28
2025,Zacatecas,Jerez,U3,Horizontal,2,020,32
2024,Veracruz de Ignacio de la Llave,Río Blanco,U1,Vertical,72,138,30
2024,Hidalgo,Tulancingo de Bravo,U2,Horizontal,6,077,13
2024,México,Tecámac,U1,Horizontal,1,081,15
2025,Durango,Gómez Palacio,FC,Vertical,480,007,10
2024,Puebla,San Martín Texmelucan,U3,Vertical,90,132,21
2024,Morelos,Emiliano Zapata,U2,Horizontal,25,008,17
2025,Hidalgo,Zempoala,U3,Horizontal,452,083,13
2025,Veracruz de Ignacio de la Llave,Boca del Río,U1,Vertical,8,028,30
2025,Jalisco,Lagos de Moreno,U3,Horizontal,87,053,14
2025,Colima,Cuauhtémoc,FC,Horizontal,50,005,06
2024,Baja California Sur,Comondú,U1,Horizontal,1,001,03
2025,Yucatán,Mérida,U2,Vertical,961,050,31
2024,Michoacán de Ocampo,Tarímbaro,U3,Horizontal,132,088,16
2025,Michoacán de Ocampo,Zamora,U2,Horizontal,29,108,16
2025,Guanajuato,San José Iturbide,FC,Horizontal,116,032,11
2025,Coahuila de Zaragoza,Torreón,U3,Horizontal,466,035,05
2025,Michoacán de Ocampo,Morelia,U3,Horizontal,208,053,16
2024,Sinaloa,Culiacán,U2,Vertical,4,006,25
2025,Coahuila de Zaragoza,Cuatro Ciénegas,FC,Horizontal,2,007,05
2024,Colima,Tecomán,U1,Horizontal,3,009,06
2025,Michoacán de Ocampo,Lázaro Cárdenas,U3,Vertical,80,052,16
2024,Chiapas,Tapachula,U2,Vertical,17,089,07
2025,Quintana Roo,Benito Juárez,U3,Vertical,3838,005,23
2025,Jalisco,Zapotiltic,U2,Vertical,6,121,14
2024,Sonora,Empalme,U3,Horizontal,52,025,26
2025,Jalisco,Puerto Vallarta,FC,Vertical,216,067,14
2025,Sonora,Nogales,U1,Horizontal,41,043,26
2024,San Luis Potosí,Tamuín,U1,Horizontal,2,040,24
2025,Durango,Lerdo,FC,Horizontal,303,012,10
2025,Guanajuato,León,U2,Vertical,270,020,11
2024,Durango,Durango,U1,Vertical,20,005,10
2025,Sinaloa,Mazatlán,U1,Vertical,6,012,25
2024,Puebla,Cuautinchán,FC,Horizontal,1,040,21
2024,Campeche,Carmen,U1,Vertical,160,003,04
2024,Campeche,Campeche,U1,Horizontal,1,002,04
2024,Guanajuato,León,U3,Horizontal,1741,020,11
2025,Coahuila de Zaragoza,Matamoros,U3,Horizontal,237,017,05
2025,Coahuila de Zaragoza,Saltillo,U1,Horizontal,44,030,05
2024,Tlaxcala,Calpulalpan,U2,Horizontal,41,006,29
2025,Puebla,Atempan,FC,Horizontal,2,017,21
2025,Veracruz de Ignacio de la Llave,Río Blanco,U2,Horizontal,1,138,30
2025,Nuevo León,Monterrey,U2,Vertical,24,039,19
2024,Baja California Sur,Comondú,U2,Horizontal,33,001,03
2025,Jalisco,Tlajomulco de Zúñiga,U1,Horizontal,76,097,14
2024,Puebla,Cuautlancingo,U3,Vertical,200,041,21
2025,Chihuahua,Cuauhtémoc,U3,Horizontal,556,017,08
2024,México,Chalco,U2,Horizontal,14,025,15
2024,Coahuila de Zaragoza,Piedras Negras,U1,Horizontal,62,025,05
2024,México,Coacalco de Berriozábal,U2,Vertical,35,020,15
2025,Tamaulipas,Altamira,U1,Horizontal,309,003,28
2024,Querétaro,San Juan del Río,FC,Vertical,32,016,22
2025,Veracruz de Ignacio de la Llave,Coatzacoalcos,U3,Vertical,560,039,30
2024,Aguascalientes,Pabellón de Arteaga,U1,Horizontal,12,006,01
2025,Michoacán de Ocampo,Lázaro Cárdenas,U3,Horizontal,62,052,16
2024,Nuevo León,Guadalupe,U2,Horizontal,7,026,19
2025,Veracruz de Ignacio de la Llave,Fortín,U3,Vertical,106,068,30
2025,Puebla,Ocoyucan,U3,Vertical,1,106,21
2024,Nuevo León,García,U3,Horizontal,1556,018,19
2025,Coahuila de Zaragoza,Monclova,U3,Horizontal,139,018,05
2025,Puebla,Cuautlancingo,U1,Vertical,394,041,21
2024,San Luis Potosí,San Luis Potosí,U1,Vertical,14,028,24
2025,Michoacán de Ocampo,Pátzcuaro,U2,Horizontal,1,066,16
2025,Coahuila de Zaragoza,Ramos Arizpe,U1,Horizontal,128,027,05
2025,Tlaxcala,Xaloztoc,U2,Horizontal,3,039,29
2024,Veracruz de Ignacio de la Llave,Medellín de Bravo,U2,Horizontal,169,105,30
2024,San Luis Potosí,Mexquitic de Carmona,FC,Horizontal,1,021,24
2025,Sinaloa,Ahome,U2,Horizontal,46,001,25
2025,San Luis Potosí,San Luis Potosí,U2,Vertical,16,028,24
2025,San Luis Potosí,Matehuala,U3,Horizontal,52,020,24
2025,Tlaxcala,Tlaxcala,U2,Vertical,100,033,29
2025,Oaxaca,Santa María Huatulco,U2,Vertical,58,413,20
2025,Michoacán de Ocampo,Zitácuaro,U2,Horizontal,4,112,16
2024,Coahuila de Zaragoza,Piedras Negras,U3,Horizontal,306,025,05
2025,Aguascalientes,Jesús María,FC,Horizontal,379,005,01
2025,Puebla,Amozoc,U2,Horizontal,8,015,21
2025,Sonora,Puerto Peñasco,U2,Horizontal,80,048,26
2024,Jalisco,Zapopan,FC,Horizontal,170,120,14
2025,Chihuahua,Delicias,U2,Horizontal,11,021,08
2024,Querétaro,Corregidora,U2,Horizontal,1,006,22
2025,Jalisco,Tlajomulco de Zúñiga,FC,Vertical,1408,097,14
2024,San Luis Potosí,Soledad de Graciano Sánchez,U3,Horizontal,1052,035,24
2025,Morelos,Temixco,U3,Vertical,29,018,17
2025,México,Nextlalpan,U3,Vertical,29,059,15
2025,México,Coacalco de Berriozábal,U2,Vertical,42,020,15
2025,Coahuila de Zaragoza,Acuña,U2,Horizontal,294,002,05
2025,Tlaxcala,Santa Cruz Tlaxcala,U2,Horizontal,141,026,29
2025,Hidalgo,Mineral de la Reforma,FC,Horizontal,74,051,13
2024,San Luis Potosí,Tamuín,U2,Horizontal,3,040,24
2024,Morelos,Ayala,FC,Horizontal,282,004,17
2024,Morelos,Jiutepec,U2,Vertical,20,011,17
2025,Puebla,Teziutlán,U1,Vertical,48,174,21
2025,Puebla,Tehuacán,U1,Horizontal,31,156,21
2025,Sonora,Cajeme,U2,Horizontal,76,018,26
2025,Sonora,Caborca,U3,Horizontal,32,017,26
2024,Chihuahua,Aquiles Serdán,FC,Horizontal,106,004,08
2024,Veracruz de Ignacio de la Llave,Boca del Río,U3,Horizontal,1,028,30
2025,Hidalgo,Santiago Tulantepec de Lugo Guerrero,U1,Horizontal,1,056,13
2025,Zacatecas,Guadalupe,U1,Horizontal,5,017,32
2025,Coahuila de Zaragoza,Ramos Arizpe,U2,Horizontal,313,027,05
2025,Tabasco,Teapa,U1,Vertical,6,016,27
2024,Aguascalientes,Pabellón de Arteaga,U1,Vertical,48,006,01
2025,Nuevo León,Salinas Victoria,FC,Horizontal,1268,045,19
2025,Puebla,Puebla,U3,Vertical,72,114,21
2024,Nuevo León,Pesquería,U3,Horizontal,784,041,19
2025,Sonora,Agua Prieta,U2,Horizontal,4,002,26
2025,Guanajuato,León,FC,Horizontal,715,020,11
2025,Tamaulipas,Matamoros,U2,Horizontal,172,022,28
2025,Jalisco,Tuxpan,U2,Horizontal,3,108,14
2025,Colima,Colima,U3,Horizontal,227,002,06
2024,Nuevo León,General Escobedo,U1,Horizontal,151,021,19
2025,Ciudad de México,Iztapalapa,FC,Horizontal,3,007,09
2024,Ciudad de México,Miguel Hidalgo,U2,Vertical,1,016,09
2025,Hidalgo,Pachuca de Soto,U2,Horizontal,1,048,13
2025,Nuevo León,Pesquería,FC,Horizontal,941,041,19
2024,Chiapas,Tapachula,U2,Horizontal,52,089,07
2024,Querétaro,Querétaro,FC,Horizontal,28,014,22
2024,Veracruz de Ignacio de la Llave,Córdoba,U3,Horizontal,12,044,30
2025,Jalisco,Puerto Vallarta,U3,Vertical,24,067,14
2025,Jalisco,Zapotlán del Rey,U2,Horizontal,6,123,14
2025,Colima,Colima,U2,Horizontal,82,002,06
2025,Aguascalientes,Rincón de Romos,U2,Horizontal,6,007,01
2025,San Luis Potosí,Villa de Pozos,FC,Horizontal,306,059,24
2025,México,Acolman,U3,Vertical,24,002,15
2025,Tlaxcala,Panotla,U2,Horizontal,1,024,29
2025,Aguascalientes,Cosío,FC,Horizontal,30,004,01
2024,Michoacán de Ocampo,Apatzingán,U1,Horizontal,7,006,16
2025,Tamaulipas,Altamira,U3,Horizontal,238,003,28
2024,Nuevo León,Juárez,U1,Horizontal,642,031,19
2025,Colima,Villa de Álvarez,U1,Horizontal,50,010,06
2024,México,Chalco,U3,Horizontal,455,025,15
2024,Oaxaca,Santa Cruz Xoxocotlán,U3,Horizontal,43,385,20
2025,Coahuila de Zaragoza,Frontera,U2,Horizontal,37,010,05
2025,Sinaloa,Mazatlán,FC,Vertical,8,012,25
2025,México,Toluca,U1,Horizontal,32,106,15
2025,Guanajuato,Dolores Hidalgo Cuna de la Independencia Nacional,FC,Horizontal,427,014,11
2025,Chihuahua,Praxedis G. Guerrero,FC,Horizontal,22,053,08
2025,Oaxaca,Heroica Ciudad de Huajuapan de León,U2,Horizontal,3,039,20
2025,Campeche,Seybaplaya,FC,Horizontal,6,012,04
2024,Quintana Roo,Benito Juárez,FC,Horizontal,127,005,23
2025,Baja California,Playas de Rosarito,FC,Vertical,176,005,02
2025,Jalisco,Tepatitlán de Morelos,U1,Horizontal,1,093,14
2025,Michoacán de Ocampo,Apatzingán,U2,Horizontal,30,006,16
2024,Jalisco,El Salto,U3,Horizontal,2284,070,14
2024,Nayarit,Compostela,U2,Horizontal,1,004,18
2024,Zacatecas,Pinos,FC,Horizontal,9,038,32
2025,Querétaro,Corregidora,U3,Horizontal,72,006,22
2024,Morelos,Xochitepec,U1,Horizontal,1,028,17
2025,Hidalgo,Zapotlán de Juárez,FC,Vertical,126,082,13
2024,Morelos,Cuernavaca,U3,Horizontal,1,007,17
2025,México,Zumpango,U3,Vertical,108,120,15
2025,Yucatán,Umán,FC,Horizontal,992,101,31
2024,Puebla,Cuautlancingo,U3,Horizontal,365,041,21
2025,Colima,Tecomán,U3,Horizontal,44,009,06
2024,Oaxaca,Santa María Huatulco,U3,Vertical,121,413,20
2025,México,Toluca,U2,Horizontal,1,106,15
2025,Ciudad de México,Miguel Hidalgo,U2,Vertical,242,016,09
2025,Morelos,Xochitepec,FC,Vertical,6,028,17
2025,Tlaxcala,Tzompantepec,U2,Horizontal,14,038,29
2025,Tlaxcala,Tlaxco,U3,Vertical,12,034,29
2025,Baja California Sur,Loreto,U3,Horizontal,4,009,03
2024,Oaxaca,Salina Cruz,U2,Horizontal,18,079,20
2024,Tlaxcala,Tzompantepec,FC,Vertical,6,038,29
2024,Sonora,Caborca,U3,Horizontal,95,017,26
2024,Baja California Sur,Comondú,U3,Horizontal,11,001,03
2024,Guanajuato,Silao de la Victoria,FC,Horizontal,64,037,11
2025,Baja California,Tijuana,U3,Horizontal,963,004,02
2025,Puebla,Puebla,U3,Horizontal,2,114,21
2024,Guanajuato,Irapuato,U1,Vertical,16,017,11
2024,Michoacán de Ocampo,Tarímbaro,U3,Vertical,162,088,16
2024,Chiapas,Berriozábal,FC,Horizontal,64,012,07
2025,Puebla,Tehuacán,U3,Horizontal,71,156,21
2025,Yucatán,Umán,U3,Horizontal,980,101,31
2025,Michoacán de Ocampo,Apatzingán,FC,Horizontal,22,006,16
2024,Chihuahua,Delicias,U1,Vertical,13,021,08
2025,Chiapas,Tuxtla Gutiérrez,FC,Vertical,672,101,07
2024,México,Tlalnepantla de Baz,U1,Vertical,32,104,15
2025,Coahuila de Zaragoza,San Juan de Sabinas,U2,Horizontal,42,032,05
2024,Querétaro,Corregidora,U3,Horizontal,106,006,22
2024,Tamaulipas,Tampico,U1,Horizontal,6,038,28
2025,San Luis Potosí,Ciudad Valles,FC,Horizontal,73,013,24
2025,Coahuila de Zaragoza,Múzquiz,U2,Horizontal,3,020,05
2024,Chihuahua,Cuauhtémoc,U3,Horizontal,161,017,08
2024,Chihuahua,Guachochi,U3,Horizontal,73,027,08
2025,Nuevo León,García,FC,Horizontal,676,018,19
2024,San Luis Potosí,Ciudad Valles,FC,Horizontal,3,013,24
2025,Puebla,Tehuacán,U1,Vertical,80,156,21
2024,Tamaulipas,Matamoros,U3,Horizontal,985,022,28
2024,San Luis Potosí,Soledad de Graciano Sánchez,U2,Vertical,22,035,24
2025,Yucatán,Conkal,FC,Horizontal,1,013,31
2025,Zacatecas,Pinos,FC,Horizontal,7,038,32
2025,Tabasco,Teapa,U1,Horizontal,2,016,27
2025,Sinaloa,Culiacán,U2,Vertical,252,006,25
2025,Nuevo León,Sabinas Hidalgo,U1,Horizontal,39,044,19
2024,Jalisco,La Barca,U2,Horizontal,1,018,14
2025,Jalisco,San Pedro Tlaquepaque,U1,Vertical,261,098,14
2024,Hidalgo,Huejutla de Reyes,U2,Horizontal,1,028,13
2025,Hidalgo,Tepeapulco,U1,Horizontal,40,061,13
2025,Oaxaca,San Juan Bautista Tuxtepec,U2,Horizontal,6,184,20
2025,Chiapas,Reforma,U2,Horizontal,4,074,07
2024,Chiapas,Tuxtla Gutiérrez,U1,Horizontal,12,101,07
2024,Zacatecas,Guadalupe,U2,Horizontal,46,017,32
2024,Yucatán,Temax,FC,Horizontal,6,084,31
2024,Sonora,Caborca,U2,Horizontal,16,017,26
2025,Colima,Colima,FC,Horizontal,3,002,06
2025,Coahuila de Zaragoza,Castaños,U2,Horizontal,20,006,05
2025,Tamaulipas,Reynosa,U3,Horizontal,2746,032,28
2024,Tlaxcala,Santa Cruz Tlaxcala,U2,Vertical,48,026,29
2025,Michoacán de Ocampo,Vista Hermosa,FC,Horizontal,70,105,16
2025,Coahuila de Zaragoza,Nava,U1,Horizontal,21,022,05
2025,Jalisco,Ocotlán,U3,Horizontal,28,063,14
2025,Chiapas,Comitán de Domínguez,U3,Horizontal,18,019,07
2025,Nuevo León,Sabinas Hidalgo,U2,Horizontal,5,044,19
2025,Michoacán de Ocampo,Zinapécuaro,U3,Horizontal,1,110,16
2025,Hidalgo,Emiliano Zapata,FC,Horizontal,1,021,13
2024,Jalisco,Zapotlán el Grande,FC,Horizontal,3,023,14
2025,Durango,Durango,U2,Horizontal,76,005,10
2024,Yucatán,Umán,U1,Horizontal,40,101,31
2024,Guanajuato,León,FC,Horizontal,421,020,11
2024,Puebla,Puebla,U1,Horizontal,28,114,21
2024,Zacatecas,Guadalupe,FC,Horizontal,399,017,32
2024,Sonora,Hermosillo,FC,Horizontal,22,030,26
2025,Baja California Sur,Los Cabos,FC,Vertical,9,008,03
2024,Aguascalientes,Jesús María,U2,Horizontal,47,005,01
2024,Guanajuato,San Luis de la Paz,FC,Horizontal,17,033,11
2025,Aguascalientes,Calvillo,U3,Horizontal,1,003,01
2025,Sonora,San Luis Río Colorado,U1,Horizontal,33,055,26
2025,Jalisco,Zapopan,U2,Vertical,316,120,14
2025,Chihuahua,Delicias,U1,Horizontal,137,021,08
2025,Chiapas,Berriozábal,U3,Horizontal,78,012,07
2025,Oaxaca,Tlacolula de Matamoros,FC,Vertical,216,551,20
2025,Aguascalientes,Aguascalientes,U3,Horizontal,1808,001,01
2024,Ciudad de México,Iztacalco,U1,Vertical,18,006,09
2025,Querétaro,San Juan del Río,FC,Horizontal,82,016,22
2024,Michoacán de Ocampo,Zamora,U3,Vertical,64,108,16
2025,Veracruz de Ignacio de la Llave,Pánuco,U2,Horizontal,7,123,30
2024,Veracruz de Ignacio de la Llave,Xalapa,U2,Horizontal,53,087,30
2024,Coahuila de Zaragoza,Nava,U3,Horizontal,260,022,05
2024,Nayarit,Compostela,U3,Horizontal,1,004,18
2024,Chiapas,Villaflores,U3,Horizontal,4,108,07
2024,Sonora,Navojoa,U3,Horizontal,137,042,26
2024,Guerrero,Chilpancingo de los Bravo,U3,Vertical,84,029,12
2024,Guerrero,Tlapa de Comonfort,U3,Vertical,2,066,12
2024,Sonora,Caborca,U1,Horizontal,7,017,26
2024,Puebla,Coronango,U1,Horizontal,62,034,21
2025,Guerrero,Tlapa de Comonfort,U3,Vertical,6,066,12
2024,Michoacán de Ocampo,Pátzcuaro,FC,Horizontal,3,066,16
2025,Durango,Gómez Palacio,U2,Horizontal,516,007,10
2024,Puebla,Teziutlán,U2,Horizontal,50,174,21
2025,Baja California Sur,Los Cabos,U2,Horizontal,13,008,03
2025,Nuevo León,General Escobedo,U3,Horizontal,372,021,19
2024,Querétaro,Querétaro,U1,Horizontal,17,014,22
2024,Guanajuato,Salvatierra,U2,Horizontal,3,028,11
2025,Guanajuato,Villagrán,U3,Vertical,84,044,11
2025,México,La Paz,U2,Vertical,11,070,15
2025,Sinaloa,Guasave,FC,Horizontal,18,011,25
2025,Veracruz de Ignacio de la Llave,Tlalnelhuayocan,U3,Horizontal,2,182,30
2025,Morelos,Cuernavaca,U1,Horizontal,80,007,17
2024,Guanajuato,Villagrán,FC,Horizontal,179,044,11
2025,Guanajuato,Irapuato,U2,Horizontal,112,017,11
2024,Sonora,Cajeme,U2,Horizontal,116,018,26
2025,San Luis Potosí,San Vicente Tancuayalab,FC,Horizontal,1,034,24
2025,Michoacán de Ocampo,Zamora,U3,Vertical,57,108,16
2025,Chihuahua,Nuevo Casas Grandes,U2,Horizontal,10,050,08
2024,Tamaulipas,Río Bravo,U3,Horizontal,1,033,28
2024,Jalisco,Zapopan,U3,Horizontal,401,120,14
2024,Coahuila de Zaragoza,Múzquiz,U2,Horizontal,6,020,05
2025,Zacatecas,Zacatecas,U3,Horizontal,511,056,32
2025,Sinaloa,Mazatlán,U1,Horizontal,15,012,25
2024,Jalisco,San Pedro Tlaquepaque,U1,Vertical,383,098,14
2025,Sonora,Guaymas,U2,Horizontal,3,029,26
2025,Nayarit,Bahía de Banderas,U3,Horizontal,696,020,18
2024,Durango,Lerdo,U3,Horizontal,220,012,10
2024,Tlaxcala,Apizaco,U2,Horizontal,6,005,29
2024,Michoacán de Ocampo,Tarímbaro,U2,Horizontal,1,088,16
2025,Jalisco,Atotonilco el Alto,U3,Vertical,72,013,14
2024,Oaxaca,Santa María Atzompa,U3,Horizontal,8,399,20
2024,Jalisco,Atotonilco el Alto,U3,Horizontal,222,013,14
2025,Puebla,Chignautla,U3,Horizontal,5,054,21
2025,Coahuila de Zaragoza,Frontera,U1,Horizontal,11,010,05
2024,Baja California Sur,Mulegé,U3,Horizontal,3,002,03
2025,Guanajuato,Villagrán,FC,Vertical,70,044,11
2024,Veracruz de Ignacio de la Llave,Veracruz,U1,Vertical,13,193,30
2025,Nuevo León,García,U2,Horizontal,120,018,19
2024,Sonora,Cajeme,U3,Horizontal,350,018,26
2025,Ciudad de México,Venustiano Carranza,U2,Vertical,12,017,09
2025,Puebla,Zacapoaxtla,U1,Vertical,2,207,21
2025,Sinaloa,Ahome,FC,Horizontal,123,001,25
2025,Guanajuato,Salamanca,FC,Vertical,168,027,11
2025,Jalisco,Tonalá,U2,Vertical,642,101,14
2024,México,Atlacomulco,U3,Horizontal,30,014,15
2024,Querétaro,Querétaro,U2,Horizontal,142,014,22
2024,Tlaxcala,Tzompantepec,FC,Horizontal,1,038,29
2024,Tamaulipas,Nuevo Laredo,U2,Horizontal,224,027,28
2024,Chiapas,Tapachula,U1,Horizontal,24,089,07
2024,Tamaulipas,Victoria,FC,Horizontal,99,041,28
2025,Veracruz de Ignacio de la Llave,Medellín de Bravo,U2,Vertical,252,105,30
2024,Jalisco,Encarnación de Díaz,U2,Horizontal,77,035,14
2025,Sinaloa,Mocorito,FC,Horizontal,1,013,25
2024,Nuevo León,Cadereyta Jiménez,U2,Horizontal,494,009,19
2024,San Luis Potosí,Rioverde,U3,Horizontal,48,024,24
2024,San Luis Potosí,San Luis Potosí,U2,Vertical,73,028,24
2024,Colima,Colima,U1,Horizontal,72,002,06
2025,Chiapas,Tuxtla Gutiérrez,U2,Vertical,2544,101,07
2024,Coahuila de Zaragoza,Saltillo,U2,Horizontal,561,030,05
2025,Sinaloa,Culiacán,U2,Horizontal,15,006,25
2025,Jalisco,Jalostotitlán,U3,Horizontal,9,046,14
2025,Veracruz de Ignacio de la Llave,Veracruz,FC,Horizontal,50,193,30
2025,México,Calimaya,FC,Horizontal,231,018,15
2024,Colima,Coquimatlán,FC,Horizontal,103,004,06
2025,Sonora,Navojoa,U3,Horizontal,99,042,26
2024,Nayarit,Tepic,U3,Horizontal,1,017,18
2024,Puebla,Huejotzingo,U2,Horizontal,4,074,21
2025,Sinaloa,Culiacán,U1,Vertical,61,006,25
2024,Aguascalientes,Pabellón de Arteaga,U2,Vertical,1,006,01
2024,Puebla,Puebla,U2,Vertical,765,114,21
2024,San Luis Potosí,San Luis Potosí,U3,Horizontal,801,028,24
2024,Jalisco,Tlajomulco de Zúñiga,FC,Horizontal,25,097,14
2024,Chiapas,Tapachula,FC,Horizontal,311,089,07
2025,Jalisco,Tlajomulco de Zúñiga,U2,Horizontal,11,097,14
2025,México,Chalco,U3,Vertical,332,025,15
2025,Chihuahua,Ascensión,FC,Horizontal,333,005,08
2025,Tlaxcala,Tlaxcala,FC,Vertical,88,033,29
2024,Guerrero,Chilpancingo de los Bravo,U2,Horizontal,5,029,12
2025,Guanajuato,León,U2,Horizontal,16,020,11
2025,Nuevo León,General Zuazua,FC,Horizontal,233,025,19
2025,Chiapas,Comitán de Domínguez,U3,Vertical,192,019,07
2024,Nuevo León,Guadalupe,U3,Horizontal,5,026,19
2024,Yucatán,Valladolid,FC,Horizontal,4,102,31
2025,Tlaxcala,Apizaco,U2,Horizontal,9,005,29
2024,Nuevo León,García,U2,Horizontal,28,018,19
2025,Chihuahua,Hidalgo del Parral,U2,Horizontal,47,032,08
2024,Tamaulipas,Miguel Alemán,U2,Horizontal,10,025,28
2024,Quintana Roo,Cozumel,FC,Horizontal,5,001,23
2024,Ciudad de México,Venustiano Carranza,U2,Vertical,40,017,09
2025,Jalisco,San Juan de los Lagos,U3,Horizontal,159,073,14
2024,Tamaulipas,Altamira,U3,Vertical,225,003,28
2025,Veracruz de Ignacio de la Llave,Veracruz,U3,Vertical,2449,193,30
2024,Morelos,Yautepec,U2,Horizontal,40,029,17
2024,Sonora,Agua Prieta,U1,Horizontal,30,002,26
2025,Aguascalientes,San Francisco de los Romo,U2,Horizontal,27,011,01
2025,San Luis Potosí,El Naranjo,U3,Horizontal,1,058,24
2024,Hidalgo,Atotonilco el Grande,FC,Horizontal,4,012,13
2025,México,Zumpango,U3,Horizontal,662,120,15
2024,Veracruz de Ignacio de la Llave,Pueblo Viejo,U1,Horizontal,2,133,30
2025,Baja California,San Quintín,FC,Horizontal,13,006,02
2025,Baja California,Ensenada,U3,Horizontal,212,001,02
2025,San Luis Potosí,Soledad de Graciano Sánchez,U3,Horizontal,390,035,24
2024,Oaxaca,Heroica Ciudad de Huajuapan de León,U3,Horizontal,5,039,20
2024,Chiapas,Tuxtla Gutiérrez,U3,Vertical,9,101,07
2025,Puebla,Puebla,U1,Horizontal,2,114,21
2024,Nuevo León,Apodaca,U2,Horizontal,98,006,19
2025,Guanajuato,San José Iturbide,U2,Horizontal,1,032,11
2025,Chihuahua,Nuevo Casas Grandes,U3,Horizontal,44,050,08
2024,Puebla,Puebla,U3,Horizontal,2,114,21
2024,México,Zumpango,U2,Horizontal,56,120,15
2024,San Luis Potosí,Villa de Reyes,FC,Horizontal,155,050,24
2024,Zacatecas,Ojocaliente,U3,Horizontal,1,036,32
2025,Veracruz de Ignacio de la Llave,Veracruz,U2,Horizontal,57,193,30
2025,Querétaro,El Marqués,U3,Horizontal,742,011,22
2024,Baja California Sur,La Paz,U3,Horizontal,433,003,03
2024,Coahuila de Zaragoza,Torreón,U2,Horizontal,941,035,05
2025,Aguascalientes,Jesús María,U1,Horizontal,92,005,01
2024,Sinaloa,Guasave,U3,Horizontal,242,011,25
2024,Sinaloa,Mazatlán,U2,Horizontal,10,012,25
2025,Veracruz de Ignacio de la Llave,Fortín,U3,Horizontal,47,068,30
2024,Hidalgo,Cuautepec de Hinojosa,U3,Horizontal,52,016,13
2025,Querétaro,El Marqués,FC,Vertical,1416,011,22
2025,Guerrero,Acapulco de Juárez,U1,Vertical,52,001,12
2025,Michoacán de Ocampo,Tarímbaro,FC,Vertical,80,088,16
2025,Hidalgo,Atotonilco de Tula,FC,Vertical,714,013,13
2024,Baja California,Playas de Rosarito,U3,Horizontal,35,005,02
2024,Guanajuato,Irapuato,U2,Horizontal,14,017,11
2025,Zacatecas,Pinos,FC,Vertical,3,038,32
2024,Baja California Sur,La Paz,U2,Horizontal,24,003,03
2025,Michoacán de Ocampo,Zacapu,U2,Horizontal,2,107,16
2025,Michoacán de Ocampo,Pátzcuaro,U1,Vertical,14,066,16
2024,Veracruz de Ignacio de la Llave,Veracruz,U3,Vertical,1138,193,30
2024,Hidalgo,Tolcayuca,FC,Horizontal,40,075,13
2025,Tlaxcala,Tlaxcala,U2,Horizontal,8,033,29
2025,Jalisco,La Barca,U2,Vertical,288,018,14
2024,Hidalgo,Pachuca de Soto,FC,Horizontal,62,048,13
2025,Coahuila de Zaragoza,Francisco I. Madero,U3,Horizontal,81,009,05
2024,Chihuahua,Cuauhtémoc,U2,Horizontal,66,017,08
2025,Veracruz de Ignacio de la Llave,San Andrés Tuxtla,U2,Horizontal,25,141,30
2024,Hidalgo,Santiago Tulantepec de Lugo Guerrero,U1,Horizontal,4,056,13
2024,Chiapas,Tuxtla Gutiérrez,U1,Vertical,10,101,07
2025,Querétaro,San Juan del Río,FC,Vertical,16,016,22
2025,Tabasco,Huimanguillo,FC,Horizontal,5,008,27
2024,Aguascalientes,Aguascalientes,U2,Vertical,14,001,01
2025,Zacatecas,Zacatecas,U1,Horizontal,1,056,32
2024,Coahuila de Zaragoza,Monclova,U2,Horizontal,64,018,05
2024,Durango,Lerdo,U1,Horizontal,54,012,10
2025,Guanajuato,León,U3,Horizontal,813,020,11
2025,Nuevo León,General Escobedo,U2,Vertical,57,021,19
2024,Quintana Roo,Benito Juárez,U2,Vertical,264,005,23
2025,Puebla,Huejotzingo,U3,Horizontal,230,074,21
2024,Michoacán de Ocampo,Jiquilpan,U3,Horizontal,8,045,16
2024,Coahuila de Zaragoza,Allende,U1,Horizontal,4,003,05
2024,Michoacán de Ocampo,Lázaro Cárdenas,U2,Horizontal,8,052,16
2024,Jalisco,Lagos de Moreno,U1,Horizontal,34,053,14
2025,Hidalgo,Tizayuca,FC,Horizontal,1047,069,13
2024,Ciudad de México,Gustavo A. Madero,U1,Vertical,112,005,09
2024,Chihuahua,Cuauhtémoc,U1,Horizontal,8,017,08
2024,Durango,Gómez Palacio,U1,Horizontal,17,007,10
2024,Tamaulipas,Reynosa,U1,Vertical,96,032,28
2024,Quintana Roo,Benito Juárez,U1,Vertical,12,005,23
2024,Coahuila de Zaragoza,Francisco I. Madero,U1,Horizontal,112,009,05
2024,Sonora,Navojoa,U1,Horizontal,126,042,26
2024,Yucatán,Mérida,FC,Horizontal,762,050,31
2025,Hidalgo,Tianguistengo,FC,Horizontal,1,068,13
2024,Michoacán de Ocampo,Tarímbaro,FC,Horizontal,26,088,16
2025,Hidalgo,Santiago Tulantepec de Lugo Guerrero,U2,Horizontal,1,056,13
2025,Chiapas,Comitán de Domínguez,U2,Horizontal,31,019,07
2024,San Luis Potosí,San Luis Potosí,FC,Horizontal,51,028,24
2024,Coahuila de Zaragoza,Acuña,U2,Horizontal,207,002,05
2024,Baja California,Tijuana,U1,Horizontal,50,004,02
2024,Coahuila de Zaragoza,Matamoros,U3,Horizontal,194,017,05
2024,Querétaro,El Marqués,FC,Horizontal,596,011,22
2024,Nayarit,Xalisco,U2,Vertical,24,008,18
2024,Jalisco,Tlajomulco de Zúñiga,U1,Horizontal,171,097,14
2025,Guanajuato,León,FC,Vertical,104,020,11
2025,Hidalgo,San Agustín Tlaxiaca,FC,Horizontal,6,052,13
2025,Zacatecas,Zacatecas,FC,Vertical,1464,056,32
2025,Sinaloa,Culiacán,FC,Vertical,240,006,25
2024,Veracruz de Ignacio de la Llave,Emiliano Zapata,FC,Vertical,90,065,30
2024,Yucatán,Motul,U2,Horizontal,15,052,31
2024,México,Ocoyoacac,U3,Horizontal,40,062,15
2025,Coahuila de Zaragoza,Torreón,U1,Vertical,28,035,05
2024,Ciudad de México,Tláhuac,U2,Vertical,32,011,09
2024,Quintana Roo,Solidaridad,U2,Vertical,136,008,23
2025,Tlaxcala,Santa Cruz Tlaxcala,U1,Horizontal,109,026,29
2025,Puebla,San Martín Texmelucan,U2,Vertical,100,132,21
2025,Tlaxcala,Tzompantepec,FC,Horizontal,3,038,29
2025,San Luis Potosí,Soledad de Graciano Sánchez,U1,Horizontal,40,035,24
2025,Puebla,San Martín Texmelucan,U3,Horizontal,64,132,21
2025,Jalisco,Zapopan,FC,Horizontal,312,120,14
2024,Coahuila de Zaragoza,Piedras Negras,FC,Horizontal,249,025,05
2024,Chihuahua,Aldama,U2,Horizontal,13,002,08
2024,Yucatán,Valladolid,U3,Horizontal,46,102,31
2024,México,Tecámac,FC,Horizontal,123,081,15
2025,Tamaulipas,Nuevo Laredo,FC,Horizontal,512,027,28
2024,San Luis Potosí,Matehuala,U2,Vertical,6,020,24
2024,Querétaro,El Marqués,U3,Vertical,166,011,22
2025,Nuevo León,Cadereyta Jiménez,U3,Horizontal,1358,009,19
2024,Chihuahua,Bocoyna,FC,Horizontal,14,009,08
2025,Guanajuato,Pénjamo,U1,Horizontal,11,023,11
2025,Nayarit,Santiago Ixcuintla,U3,Horizontal,4,015,18
2025,Veracruz de Ignacio de la Llave,Fortín,FC,Horizontal,3,068,30
2024,Puebla,Tehuacán,U3,Horizontal,76,156,21
2024,Quintana Roo,Othón P. Blanco,U3,Horizontal,202,004,23
2025,Guanajuato,San Felipe,U3,Horizontal,50,030,11
2025,Querétaro,Querétaro,U3,Vertical,922,014,22
2024,San Luis Potosí,Matehuala,U2,Horizontal,60,020,24
2024,Baja California Sur,Los Cabos,U3,Vertical,320,008,03
2025,Michoacán de Ocampo,Uruapan,U2,Vertical,186,102,16
2024,Sonora,Hermosillo,U2,Horizontal,239,030,26
2025,Nuevo León,General Escobedo,FC,Horizontal,3697,021,19
2024,Guanajuato,Celaya,U3,Horizontal,408,007,11
2025,Sinaloa,Culiacán,U3,Horizontal,675,006,25
2024,Veracruz de Ignacio de la Llave,Emiliano Zapata,U3,Vertical,170,065,30
2024,Oaxaca,Heroica Ciudad de Huajuapan de León,U3,Vertical,3,039,20
2025,Baja California,Tijuana,U3,Vertical,980,004,02
2024,Tamaulipas,Matamoros,U2,Horizontal,540,022,28
2024,Hidalgo,Mineral de la Reforma,U3,Horizontal,648,051,13
2025,Durango,Durango,U1,Horizontal,91,005,10
2024,Guerrero,Iguala de la Independencia,U1,Horizontal,14,035,12
2025,Nuevo León,García,U1,Horizontal,78,018,19
2024,Nuevo León,Salinas Victoria,U3,Horizontal,1691,045,19
2024,Guanajuato,Villagrán,U3,Vertical,144,044,11
2024,Aguascalientes,Aguascalientes,U3,Horizontal,1975,001,01
2025,Baja California Sur,Comondú,U3,Horizontal,12,001,03
2024,San Luis Potosí,San Luis Potosí,U1,Horizontal,42,028,24
2025,Tlaxcala,Xaloztoc,U1,Horizontal,27,039,29
2024,Guanajuato,Apaseo el Grande,U3,Horizontal,448,005,11
2025,Hidalgo,Tepeji del Río de Ocampo,U2,Horizontal,19,063,13
2025,Zacatecas,Loreto,U2,Horizontal,5,024,32
2025,Coahuila de Zaragoza,Sabinas,U2,Horizontal,176,028,05
2025,San Luis Potosí,San Luis Potosí,U3,Horizontal,100,028,24
2025,Jalisco,El Salto,U3,Horizontal,2154,070,14
2025,Aguascalientes,Jesús María,U3,Horizontal,353,005,01
2025,Tlaxcala,Apizaco,U1,Horizontal,4,005,29
2025,Zacatecas,Guadalupe,U3,Horizontal,279,017,32
2025,Veracruz de Ignacio de la Llave,Tuxpan,U3,Vertical,40,189,30
2024,Baja California,Tijuana,U3,Horizontal,589,004,02
2025,Jalisco,Tepatitlán de Morelos,U2,Horizontal,7,093,14
2025,Sinaloa,Guasave,U3,Horizontal,292,011,25
2025,Chihuahua,Chihuahua,FC,Horizontal,32,019,08
2024,San Luis Potosí,Soledad de Graciano Sánchez,U3,Vertical,40,035,24
2025,Coahuila de Zaragoza,Matamoros,U2,Horizontal,21,017,05
2024,Puebla,Huejotzingo,U3,Horizontal,147,074,21
2025,Yucatán,Kanasín,FC,Horizontal,64,041,31
2025,Chihuahua,Chihuahua,U3,Horizontal,1199,019,08
2025,Tamaulipas,Victoria,FC,Horizontal,1848,041,28
2024,Puebla,Cuautlancingo,FC,Horizontal,78,041,21
2024,Tamaulipas,Altamira,U2,Vertical,96,003,28
2025,Coahuila de Zaragoza,Nava,FC,Horizontal,62,022,05
2024,Colima,Colima,U3,Horizontal,203,002,06
2025,Ciudad de México,Cuauhtémoc,U1,Vertical,561,015,09
2024,Michoacán de Ocampo,Morelia,U1,Vertical,4,053,16
2025,Hidalgo,Apan,U2,Horizontal,6,008,13
2024,Puebla,Huejotzingo,U3,Vertical,452,074,21
2025,Nuevo León,Juárez,U1,Horizontal,670,031,19
2025,México,Chalco,U2,Horizontal,88,025,15
2024,Nayarit,Santiago Ixcuintla,U3,Horizontal,1,015,18
2025,Chihuahua,Guachochi,FC,Horizontal,63,027,08
2025,Guanajuato,San Miguel de Allende,U3,Vertical,192,003,11
2024,Colima,Manzanillo,U3,Vertical,50,007,06
2025,México,Tecámac,U2,Horizontal,765,081,15
2025,Coahuila de Zaragoza,Saltillo,U3,Horizontal,394,030,05
2025,Hidalgo,Zempoala,FC,Horizontal,281,083,13
2024,Chiapas,Tuxtla Gutiérrez,FC,Vertical,49,101,07
2024,Tabasco,Nacajuca,U1,Horizontal,2,013,27
2024,Coahuila de Zaragoza,Acuña,FC,Horizontal,97,002,05
2024,Tamaulipas,Nuevo Laredo,U1,Horizontal,340,027,28
2025,Puebla,Tehuacán,U2,Horizontal,101,156,21
2025,Guanajuato,Apaseo el Grande,U3,Vertical,678,005,11
2024,Morelos,Atlatlahucan,FC,Horizontal,3,002,17
2024,Jalisco,Guadalajara,U2,Vertical,97,039,14
2025,Oaxaca,Santa María Atzompa,U3,Horizontal,15,399,20
2025,Sinaloa,Salvador Alvarado,U3,Horizontal,91,015,25
2025,Morelos,Jojutla,FC,Vertical,32,012,17
2025,Michoacán de Ocampo,Hidalgo,U3,Horizontal,1,034,16
2024,Querétaro,Querétaro,U2,Vertical,98,014,22
2024,Veracruz de Ignacio de la Llave,San Andrés Tuxtla,U3,Horizontal,5,141,30
2025,Sonora,Cajeme,U3,Horizontal,695,018,26
2024,Guanajuato,León,U2,Horizontal,37,020,11
2024,Veracruz de Ignacio de la Llave,Ixtaczoquitlán,U3,Horizontal,1,085,30
2024,Guanajuato,Acámbaro,U2,Horizontal,8,002,11
2025,Campeche,Campeche,U2,Horizontal,3,002,04
2024,Hidalgo,Mineral de la Reforma,U3,Vertical,70,051,13
2024,Colima,Tecomán,U2,Horizontal,104,009,06
2024,Coahuila de Zaragoza,Nava,FC,Horizontal,66,022,05
2024,Tlaxcala,Yauhquemehcan,U2,Horizontal,5,043,29
2025,Jalisco,Ixtlahuacán de los Membrillos,U3,Horizontal,5,044,14
2025,Yucatán,Umán,FC,Vertical,304,101,31
2024,Jalisco,Zapopan,U2,Vertical,395,120,14
2025,Jalisco,San Pedro Tlaquepaque,U3,Horizontal,69,098,14
2024,Coahuila de Zaragoza,Monclova,U1,Horizontal,26,018,05
2025,Hidalgo,Tizayuca,U3,Horizontal,1933,069,13
2025,San Luis Potosí,Mexquitic de Carmona,FC,Horizontal,3,021,24
2025,Michoacán de Ocampo,Hidalgo,U2,Horizontal,9,034,16
2024,Baja California,Tijuana,FC,Vertical,807,004,02
2025,Colima,Manzanillo,U3,Horizontal,114,007,06
2024,Tlaxcala,Xicohtzinco,U2,Horizontal,2,042,29
2024,Tamaulipas,Ciudad Madero,U2,Vertical,98,009,28
2024,Chihuahua,Nuevo Casas Grandes,U2,Horizontal,19,050,08
2024,Veracruz de Ignacio de la Llave,San Andrés Tuxtla,U1,Horizontal,22,141,30
2024,Sonora,Navojoa,U2,Horizontal,91,042,26
2025,Nayarit,Bahía de Banderas,U3,Vertical,571,020,18
2025,Baja California,Tijuana,FC,Horizontal,282,004,02
2024,Zacatecas,Villanueva,FC,Horizontal,3,055,32
2025,Guanajuato,Silao de la Victoria,FC,Horizontal,33,037,11
2025,Durango,Gómez Palacio,U3,Horizontal,226,007,10
2025,Nuevo León,García,U3,Horizontal,1196,018,19
2025,Guerrero,Zihuatanejo de Azueta,FC,Vertical,48,038,12
2025,Chihuahua,Juárez,U1,Horizontal,219,037,08
2024,Ciudad de México,Cuauhtémoc,U2,Vertical,147,015,09
2024,Zacatecas,Ojocaliente,U1,Horizontal,2,036,32
2025,Jalisco,Autlán de Navarro,U2,Horizontal,77,015,14
2025,Coahuila de Zaragoza,Nava,U3,Horizontal,425,022,05
2025,Coahuila de Zaragoza,Monclova,U1,Horizontal,70,018,05
2024,Guanajuato,Silao de la Victoria,U3,Vertical,2331,037,11
2024,México,Zinacantepec,U3,Horizontal,341,118,15
2025,Oaxaca,Santa Cruz Xoxocotlán,U3,Vertical,96,385,20
2024,Morelos,Xochitepec,FC,Horizontal,154,028,17
2024,Quintana Roo,Tulum,FC,Vertical,538,009,23
2024,Michoacán de Ocampo,Morelia,U1,Horizontal,42,053,16
2025,Hidalgo,Ixmiquilpan,U2,Horizontal,1,030,13
2025,Hidalgo,Atotonilco de Tula,FC,Horizontal,115,013,13
2025,Michoacán de Ocampo,Hidalgo,U1,Horizontal,4,034,16
2024,Morelos,Tlayacapan,U1,Horizontal,32,026,17
2024,Chiapas,Comitán de Domínguez,U2,Horizontal,11,019,07
2025,Tlaxcala,Santa Cruz Tlaxcala,U2,Vertical,24,026,29
2025,Guanajuato,San Miguel de Allende,U3,Horizontal,98,003,11
2025,Coahuila de Zaragoza,Ramos Arizpe,U3,Horizontal,556,027,05
2024,Hidalgo,Mineral de la Reforma,U1,Horizontal,6,051,13
2025,Michoacán de Ocampo,Morelia,FC,Horizontal,185,053,16
2025,Guanajuato,Uriangato,U3,Horizontal,123,041,11
2025,Tamaulipas,Matamoros,FC,Vertical,688,022,28
2025,Nayarit,Xalisco,U2,Horizontal,7,008,18
2025,Veracruz de Ignacio de la Llave,Huiloapan de Cuauhtémoc,U2,Vertical,3,074,30
2024,Jalisco,Jalostotitlán,U3,Horizontal,6,046,14
2025,Sinaloa,Culiacán,U1,Horizontal,380,006,25
2024,Veracruz de Ignacio de la Llave,Río Blanco,U2,Horizontal,1,138,30
2024,San Luis Potosí,San Luis Potosí,U3,Vertical,55,028,24
2024,Tamaulipas,Reynosa,U1,Horizontal,68,032,28
2024,San Luis Potosí,Mexquitic de Carmona,FC,Vertical,4,021,24
2025,Baja California Sur,Loreto,U2,Horizontal,2,009,03
2024,Zacatecas,Zacatecas,U3,Horizontal,116,056,32
2025,Tamaulipas,Victoria,U3,Vertical,48,041,28
2024,Veracruz de Ignacio de la Llave,Pánuco,U2,Horizontal,2,123,30
2024,Chihuahua,Chihuahua,U3,Horizontal,1289,019,08
2025,Puebla,Juan C. Bonilla,U1,Vertical,24,090,21
2025,Oaxaca,Santa María Atzompa,FC,Vertical,208,399,20
2024,Tabasco,Centro,FC,Horizontal,6,004,27
2024,Sinaloa,Salvador Alvarado,U3,Horizontal,96,015,25
2025,Tamaulipas,Nuevo Laredo,U2,Horizontal,187,027,28
2025,Puebla,Cuautlancingo,FC,Horizontal,118,041,21
2025,Yucatán,Mérida,U3,Vertical,832,050,31
2025,Aguascalientes,Aguascalientes,FC,Horizontal,58,001,01
2024,Puebla,Ocoyucan,FC,Horizontal,7,106,21
2024,México,Cuautitlán,U2,Horizontal,14,024,15
2024,Chihuahua,Nuevo Casas Grandes,U3,Horizontal,40,050,08
2024,Oaxaca,Oaxaca de Juárez,U2,Vertical,30,067,20
2025,Colima,Tecomán,U2,Horizontal,25,009,06
2024,Puebla,Atlixco,FC,Vertical,152,019,21
2025,México,Calimaya,U3,Horizontal,168,018,15
2025,Tamaulipas,Ciudad Madero,U2,Vertical,32,009,28
2024,Coahuila de Zaragoza,Parras,U2,Horizontal,138,024,05
2025,Chiapas,Tuxtla Gutiérrez,U2,Horizontal,12,101,07
2024,Guanajuato,San Miguel de Allende,FC,Horizontal,139,003,11
2024,Colima,Coquimatlán,FC,Vertical,20,004,06
2025,Veracruz de Ignacio de la Llave,Medellín de Bravo,U3,Horizontal,255,105,30
2024,Jalisco,Tlajomulco de Zúñiga,U2,Horizontal,47,097,14
2024,Ciudad de México,Benito Juárez,U1,Vertical,9,014,09
2025,Quintana Roo,Othón P. Blanco,U3,Horizontal,233,004,23
2024,Nayarit,Bahía de Banderas,FC,Vertical,177,020,18
2025,Baja California,Mexicali,U1,Horizontal,178,002,02
2024,Jalisco,Zapotiltic,U2,Horizontal,2,121,14
2025,Veracruz de Ignacio de la Llave,Ixtaczoquitlán,U3,Horizontal,60,085,30
2025,Aguascalientes,Aguascalientes,U3,Vertical,51,001,01
2025,Tamaulipas,Reynosa,FC,Vertical,3704,032,28
2024,Michoacán de Ocampo,Zamora,U3,Horizontal,66,108,16
2025,Guanajuato,Moroleón,FC,Horizontal,2,021,11
2024,México,Zinacantepec,U2,Horizontal,19,118,15
2025,Guanajuato,Celaya,U3,Horizontal,567,007,11
2024,Puebla,Amozoc,U1,Horizontal,28,015,21
2025,Michoacán de Ocampo,Morelia,FC,Vertical,1980,053,16
2024,Nuevo León,Apodaca,FC,Horizontal,519,006,19
2024,Veracruz de Ignacio de la Llave,Boca del Río,FC,Vertical,150,028,30
2024,Tabasco,Macuspana,FC,Horizontal,1,012,27
2025,Tamaulipas,Victoria,U3,Horizontal,2102,041,28
2024,Quintana Roo,Benito Juárez,U1,Horizontal,103,005,23
2025,Chiapas,Berriozábal,FC,Horizontal,89,012,07
2025,Querétaro,San Juan del Río,U1,Horizontal,15,016,22
2025,Tlaxcala,Yauhquemehcan,U2,Horizontal,5,043,29
2025,Nuevo León,Juárez,FC,Horizontal,666,031,19
2024,Sinaloa,Mazatlán,U3,Horizontal,576,012,25
2024,Michoacán de Ocampo,Uruapan,U2,Vertical,42,102,16
2024,Coahuila de Zaragoza,San Pedro,U2,Horizontal,51,033,05
2025,México,Zinacantepec,U3,Horizontal,500,118,15
2025,Baja California,Tijuana,U2,Horizontal,255,004,02
2024,Zacatecas,Fresnillo,U2,Horizontal,59,010,32
2025,Quintana Roo,Felipe Carrillo Puerto,U3,Horizontal,9,002,23
2025,Zacatecas,Guadalupe,FC,Horizontal,283,017,32
2025,Puebla,Teziutlán,U2,Horizontal,20,174,21
2025,Jalisco,Encarnación de Díaz,U2,Horizontal,54,035,14
2025,Colima,Comala,U2,Horizontal,1,003,06
2025,Baja California Sur,Comondú,U2,Horizontal,17,001,03
2025,Coahuila de Zaragoza,Acuña,U3,Horizontal,773,002,05
2025,Nuevo León,Juárez,U3,Horizontal,4730,031,19
2025,Chiapas,Arriaga,U2,Horizontal,9,009,07
2024,Coahuila de Zaragoza,Saltillo,U3,Horizontal,424,030,05
2024,Coahuila de Zaragoza,Múzquiz,U1,Horizontal,1,020,05
2024,Jalisco,Tepatitlán de Morelos,U2,Horizontal,9,093,14
2025,Morelos,Jiutepec,U1,Vertical,2,011,17
2024,Colima,Manzanillo,U3,Horizontal,89,007,06
2024,Hidalgo,Santiago Tulantepec de Lugo Guerrero,U2,Horizontal,6,056,13
2024,Baja California,Tijuana,U2,Horizontal,162,004,02
2025,Sinaloa,Mazatlán,U3,Vertical,593,012,25
2024,Coahuila de Zaragoza,Francisco I. Madero,U2,Horizontal,10,009,05
2024,Veracruz de Ignacio de la Llave,Veracruz,FC,Horizontal,63,193,30
2024,Zacatecas,Jerez,U3,Horizontal,9,020,32
2025,Morelos,Cuautla,U1,Vertical,528,006,17
2024,Durango,Durango,U2,Horizontal,85,005,10
2025,Guanajuato,Irapuato,FC,Horizontal,367,017,11
2025,Colima,Colima,U2,Vertical,128,002,06
2024,Aguascalientes,Pabellón de Arteaga,U2,Horizontal,4,006,01
2024,Sonora,Santa Ana,FC,Horizontal,48,058,26
2024,México,Huehuetoca,U3,Horizontal,306,035,15
2024,Yucatán,Hunucmá,U1,Horizontal,1,038,31
2024,Aguascalientes,Calvillo,U3,Horizontal,4,003,01
2025,San Luis Potosí,Cerritos,U3,Horizontal,27,008,24
2025,Ciudad de México,Azcapotzalco,U1,Horizontal,18,002,09
2025,Veracruz de Ignacio de la Llave,Tuxpan,U3,Horizontal,1,189,30
2024,Ciudad de México,Gustavo A. Madero,U2,Vertical,412,005,09
2025,Tlaxcala,Xicohtzinco,U1,Horizontal,2,042,29
2024,Puebla,Izúcar de Matamoros,U2,Horizontal,2,085,21
2025,Guerrero,Iguala de la Independencia,U1,Vertical,96,035,12
2024,Chihuahua,Cuauhtémoc,FC,Horizontal,4,017,08
2025,Jalisco,Guadalajara,U2,Vertical,46,039,14
2025,Puebla,Chignahuapan,U3,Horizontal,1,053,21
2024,Hidalgo,Epazoyucan,U3,Horizontal,9,022,13
2024,Michoacán de Ocampo,Zamora,U2,Vertical,56,108,16
2024,Nuevo León,Juárez,U3,Horizontal,3670,031,19
2025,Hidalgo,Tizayuca,U2,Horizontal,5,069,13
2024,Tabasco,Nacajuca,U2,Horizontal,4,013,27
2024,Nuevo León,García,FC,Horizontal,519,018,19
2024,Colima,Manzanillo,U2,Horizontal,6,007,06
2024,Jalisco,Tepatitlán de Morelos,U3,Horizontal,63,093,14
2025,Tlaxcala,Tlaxco,U3,Horizontal,3,034,29
2025,Tabasco,Centro,U3,Horizontal,6,004,27
2024,Aguascalientes,Aguascalientes,U1,Horizontal,149,001,01
2024,Jalisco,San Pedro Tlaquepaque,U2,Vertical,698,098,14
2025,Nuevo León,Ciénega de Flores,U3,Horizontal,831,012,19
2025,Hidalgo,Zapotlán de Juárez,FC,Horizontal,388,082,13
2025,Puebla,San Martín Texmelucan,U3,Vertical,40,132,21
2025,Aguascalientes,Rincón de Romos,U3,Horizontal,5,007,01
2024,Ciudad de México,Azcapotzalco,U2,Vertical,4,002,09
2025,Aguascalientes,Aguascalientes,U2,Horizontal,275,001,01
2025,Jalisco,Zapopan,FC,Vertical,799,120,14
2025,Sonora,Empalme,U3,Horizontal,70,025,26
2025,Coahuila de Zaragoza,General Cepeda,FC,Horizontal,5,011,05
2025,Querétaro,Corregidora,FC,Horizontal,6,006,22
2025,Hidalgo,Actopan,FC,Horizontal,8,003,13
2024,Yucatán,Kanasín,U2,Horizontal,102,041,31
2024,Veracruz de Ignacio de la Llave,Xalapa,FC,Vertical,14,087,30
2024,Jalisco,Colotlán,FC,Horizontal,22,025,14
2025,Guerrero,Iguala de la Independencia,U2,Horizontal,47,035,12
2025,Tamaulipas,Altamira,FC,Horizontal,2,003,28
2024,Morelos,Emiliano Zapata,U3,Horizontal,216,008,17
2024,Guanajuato,León,FC,Vertical,1,020,11
2024,Guerrero,Acapulco de Juárez,U2,Vertical,97,001,12
2024,Coahuila de Zaragoza,Ramos Arizpe,U3,Horizontal,238,027,05
2025,Morelos,Ayala,FC,Horizontal,260,004,17
2025,Oaxaca,Santa Cruz Xoxocotlán,U2,Horizontal,26,385,20
2024,Sinaloa,Culiacán,U3,Vertical,19,006,25
2025,Ciudad de México,Gustavo A. Madero,U1,Vertical,8,005,09
2024,Tlaxcala,Santa Cruz Tlaxcala,U2,Horizontal,24,026,29
2025,Aguascalientes,Jesús María,U2,Vertical,24,005,01
2024,Morelos,Atlatlahucan,U3,Horizontal,1,002,17
2024,México,Zumpango,FC,Vertical,876,120,15
2025,Colima,Armería,U1,Horizontal,1,001,06
2024,Coahuila de Zaragoza,Nava,U2,Horizontal,26,022,05
2024,Chiapas,Arriaga,U1,Horizontal,6,009,07
2024,Nayarit,Bahía de Banderas,U2,Vertical,189,020,18
2025,Tabasco,Nacajuca,FC,Horizontal,2,013,27
2025,Guerrero,Chilpancingo de los Bravo,U1,Vertical,25,029,12
2024,Baja California,Mexicali,U1,Horizontal,1,002,02
2025,Tabasco,Huimanguillo,U3,Horizontal,2892,008,27
2025,Sinaloa,Mazatlán,FC,Horizontal,101,012,25
2024,Tlaxcala,Xaloztoc,U1,Horizontal,3,039,29
2025,Tlaxcala,Huamantla,U2,Vertical,48,013,29
2025,Veracruz de Ignacio de la Llave,Naranjos Amatlán,U2,Horizontal,6,013,30
2025,Quintana Roo,Solidaridad,U3,Horizontal,191,008,23
2025,Morelos,Yautepec,U3,Horizontal,16,029,17
2025,Chihuahua,Juárez,U2,Horizontal,2326,037,08
2024,Tamaulipas,Altamira,U3,Horizontal,364,003,28
2025,Jalisco,Tonalá,U2,Horizontal,120,101,14
2024,Hidalgo,Emiliano Zapata,FC,Horizontal,3,021,13
2025,Quintana Roo,Cozumel,U1,Horizontal,42,001,23
2025,Guanajuato,León,U1,Horizontal,187,020,11
2025,Michoacán de Ocampo,Morelia,U1,Vertical,14,053,16
2025,San Luis Potosí,San Luis Potosí,U1,Vertical,32,028,24
2024,Baja California,Mexicali,U3,Horizontal,1400,002,02
2025,Guerrero,Tixtla de Guerrero,FC,Horizontal,8,061,12
2025,Guerrero,Iguala de la Independencia,U2,Vertical,93,035,12
2024,Puebla,San Andrés Cholula,U1,Vertical,1,119,21
2024,Sonora,Nogales,U3,Vertical,261,043,26
2024,Coahuila de Zaragoza,Sacramento,FC,Horizontal,8,029,05
2024,Coahuila de Zaragoza,Saltillo,U3,Vertical,18,030,05
2024,Zacatecas,Río Grande,U2,Horizontal,5,039,32
2024,Colima,Villa de Álvarez,U1,Horizontal,20,010,06
2024,Michoacán de Ocampo,Zinapécuaro,U3,Horizontal,4,110,16
2024,México,Zumpango,FC,Horizontal,337,120,15
2024,Veracruz de Ignacio de la Llave,Naranjos Amatlán,U2,Horizontal,6,013,30
2025,Michoacán de Ocampo,Puruándiro,U2,Horizontal,4,071,16
2025,México,Cuautitlán Izcalli,U3,Vertical,1,121,15
2024,Jalisco,Tepatitlán de Morelos,FC,Horizontal,30,093,14
2025,Puebla,Ocoyucan,U3,Horizontal,3,106,21
2024,Quintana Roo,Othón P. Blanco,U2,Horizontal,11,004,23
2025,Tamaulipas,El Mante,U1,Horizontal,1,021,28
2025,Morelos,Tlayacapan,FC,Vertical,96,026,17
2025,Oaxaca,Santa Cruz Xoxocotlán,U3,Horizontal,45,385,20
2025,Chiapas,Tapachula,FC,Vertical,1555,089,07
2025,Hidalgo,Pachuca de Soto,U3,Horizontal,69,048,13
2024,Hidalgo,Ixmiquilpan,FC,Horizontal,2,030,13
2025,Coahuila de Zaragoza,San Buenaventura,U2,Horizontal,52,031,05
2024,Nayarit,Tepic,U1,Horizontal,31,017,18
2024,Sonora,San Luis Río Colorado,U2,Horizontal,167,055,26
2025,Nayarit,Xalisco,U3,Horizontal,13,008,18
2024,Michoacán de Ocampo,Morelia,FC,Horizontal,7,053,16
2024,Guanajuato,Dolores Hidalgo Cuna de la Independencia Nacional,FC,Horizontal,12,014,11
2024,Jalisco,Autlán de Navarro,U2,Horizontal,6,015,14
2025,Nuevo León,Montemorelos,U2,Horizontal,14,038,19
2024,Guanajuato,Celaya,FC,Horizontal,21,007,11
2025,Sonora,Agua Prieta,U1,Horizontal,53,002,26
2025,Sonora,Hermosillo,U2,Horizontal,354,030,26
2024,Jalisco,Tlajomulco de Zúñiga,U2,Vertical,1257,097,14
2024,Guanajuato,San Miguel de Allende,U3,Horizontal,52,003,11
2024,Yucatán,Umán,U1,Vertical,160,101,31
2024,Guerrero,Chilpancingo de los Bravo,U1,Horizontal,19,029,12
2024,Coahuila de Zaragoza,Torreón,U1,Horizontal,65,035,05
2024,Hidalgo,Mineral de la Reforma,FC,Horizontal,125,051,13
2025,Guanajuato,Cortazar,U2,Horizontal,17,011,11
2024,Tamaulipas,Nuevo Laredo,U3,Horizontal,263,027,28
2024,Coahuila de Zaragoza,Torreón,U1,Vertical,32,035,05
2025,Coahuila de Zaragoza,Sabinas,FC,Horizontal,96,028,05
2025,Guanajuato,Salamanca,FC,Horizontal,340,027,11
2025,Sonora,Hermosillo,FC,Horizontal,22,030,26
2024,Nayarit,Tepic,U2,Horizontal,19,017,18
2024,Jalisco,Zapopan,U3,Vertical,120,120,14
2024,Tamaulipas,Valle Hermoso,U1,Horizontal,12,040,28
2025,Tamaulipas,Altamira,U1,Vertical,816,003,28
2024,Michoacán de Ocampo,Morelia,FC,Vertical,138,053,16
2024,Tamaulipas,Reynosa,U2,Horizontal,126,032,28
2024,Chiapas,Comitán de Domínguez,U3,Horizontal,69,019,07
2025,Michoacán de Ocampo,Uruapan,U1,Horizontal,2,102,16
2025,Jalisco,Lagos de Moreno,U1,Horizontal,19,053,14
2024,Veracruz de Ignacio de la Llave,Veracruz,U3,Horizontal,704,193,30
2024,Coahuila de Zaragoza,Matamoros,U3,Vertical,60,017,05
2025,Sinaloa,Guasave,U2,Horizontal,4,011,25
2025,Puebla,Puebla,U2,Vertical,675,114,21
2024,Tamaulipas,Reynosa,U3,Horizontal,2432,032,28
2024,Colima,Comala,U3,Horizontal,8,003,06
2024,Zacatecas,Calera,U3,Horizontal,26,005,32
2025,Ciudad de México,Iztacalco,U2,Vertical,2,006,09
2024,San Luis Potosí,Matehuala,U3,Horizontal,176,020,24
2025,Durango,Durango,U3,Vertical,245,005,10
2025,Hidalgo,Actopan,U1,Horizontal,1,003,13
2025,Tamaulipas,Reynosa,U1,Horizontal,13,032,28
2025,Coahuila de Zaragoza,Múzquiz,U3,Horizontal,26,020,05
2024,Quintana Roo,Tulum,FC,Horizontal,350,009,23
2025,Sinaloa,Ahome,U3,Vertical,344,001,25
2024,Puebla,Puebla,U3,Vertical,280,114,21
2025,México,Tlalnepantla de Baz,U2,Vertical,40,104,15
2024,Zacatecas,Calera,U2,Horizontal,6,005,32
2025,Guerrero,Iguala de la Independencia,U1,Horizontal,10,035,12
2024,Veracruz de Ignacio de la Llave,Veracruz,U2,Horizontal,155,193,30
2025,Durango,Lerdo,U3,Horizontal,105,012,10
2024,Michoacán de Ocampo,Zamora,U2,Horizontal,20,108,16
2024,Veracruz de Ignacio de la Llave,Tuxpan,U2,Horizontal,6,189,30
2024,Michoacán de Ocampo,Zamora,FC,Horizontal,18,108,16
2024,Tabasco,Nacajuca,FC,Horizontal,4,013,27
2025,Chihuahua,Jiménez,U2,Horizontal,2,036,08
2024,Querétaro,Querétaro,U3,Vertical,342,014,22
2024,Michoacán de Ocampo,Apatzingán,U2,Horizontal,7,006,16
2025,Jalisco,Tala,U3,Horizontal,16,083,14
2024,Yucatán,Conkal,FC,Horizontal,1,013,31
2024,Hidalgo,Zapotlán de Juárez,FC,Horizontal,139,082,13
2025,Quintana Roo,Tulum,FC,Vertical,728,009,23
2025,Ciudad de México,Venustiano Carranza,U1,Vertical,211,017,09
2025,Puebla,Xiutetelco,U1,Horizontal,4,199,21
2025,Tamaulipas,Río Bravo,U2,Horizontal,113,033,28
2024,Jalisco,Atotonilco el Alto,U3,Vertical,120,013,14
2024,Veracruz de Ignacio de la Llave,Boca del Río,FC,Horizontal,20,028,30
2024,Michoacán de Ocampo,Uruapan,U1,Horizontal,1,102,16
2025,Tabasco,Cunduacán,U3,Horizontal,2,006,27
2025,Querétaro,Querétaro,U2,Vertical,32,014,22
2025,Tabasco,Centro,FC,Horizontal,7,004,27
2025,Sonora,Guaymas,U3,Horizontal,137,029,26
2024,Nayarit,Xalisco,U3,Horizontal,5,008,18
2025,Chiapas,Tuxtla Gutiérrez,FC,Horizontal,13,101,07
2024,Querétaro,San Juan del Río,FC,Horizontal,132,016,22
2025,Veracruz de Ignacio de la Llave,San Andrés Tuxtla,U3,Horizontal,17,141,30
2025,Jalisco,Zapopan,U1,Vertical,69,120,14
2024,Tamaulipas,Matamoros,U1,Horizontal,34,022,28
2025,Michoacán de Ocampo,Pátzcuaro,FC,Horizontal,8,066,16
2024,Tabasco,Centro,U3,Horizontal,12,004,27
2025,Jalisco,San Pedro Tlaquepaque,U2,Horizontal,30,098,14
2025,Puebla,Teziutlán,U1,Horizontal,112,174,21
2025,Chihuahua,Chihuahua,U2,Vertical,78,019,08
2024,Puebla,Chignahuapan,U2,Horizontal,1,053,21
2025,Sonora,Agua Prieta,U3,Horizontal,289,002,26
2025,Ciudad de México,Azcapotzalco,U1,Vertical,170,002,09
2025,Zacatecas,Calera,U3,Horizontal,4,005,32
2024,Yucatán,Mérida,U3,Horizontal,2226,050,31
2025,Aguascalientes,Aguascalientes,U1,Horizontal,151,001,01
2024,Yucatán,Kanasín,U3,Horizontal,808,041,31
2024,Oaxaca,Santa María Huatulco,U2,Vertical,3,413,20
2024,Jalisco,Guadalajara,U1,Vertical,78,039,14
2025,Guanajuato,Purísima del Rincón,U2,Horizontal,38,025,11
2024,Tamaulipas,Tampico,U1,Vertical,116,038,28
2025,Puebla,Chignahuapan,U1,Vertical,18,053,21
2024,Ciudad de México,Azcapotzalco,U1,Vertical,344,002,09
2025,Tlaxcala,Santa Cruz Tlaxcala,U3,Horizontal,9,026,29
2024,Guanajuato,Celaya,U2,Horizontal,8,007,11
2024,Aguascalientes,San Francisco de los Romo,U3,Horizontal,119,011,01
2025,Chiapas,Tuxtla Gutiérrez,U1,Horizontal,30,101,07
2024,Tamaulipas,Victoria,U2,Horizontal,92,041,28
2025,Tamaulipas,Victoria,U2,Horizontal,312,041,28
2025,Durango,Lerdo,U2,Horizontal,7,012,10
2024,Puebla,Tehuacán,U2,Vertical,52,156,21
2024,Tamaulipas,Reynosa,FC,Horizontal,2596,032,28
2024,Guerrero,Tixtla de Guerrero,FC,Horizontal,4,061,12
2024,Colima,Colima,U2,Horizontal,64,002,06
2025,Chiapas,Tapachula,FC,Horizontal,121,089,07
2024,Morelos,Tlayacapan,U1,Vertical,160,026,17
2024,Sonora,Puerto Peñasco,U1,Horizontal,27,048,26
2024,Tamaulipas,Río Bravo,U2,Horizontal,281,033,28
2025,Sinaloa,Mazatlán,U3,Horizontal,688,012,25
2024,Michoacán de Ocampo,Pátzcuaro,U1,Vertical,30,066,16
2024,Tlaxcala,Tzompantepec,U2,Horizontal,7,038,29
2024,México,Nextlalpan,U3,Horizontal,142,059,15
2024,Baja California Sur,Loreto,U3,Horizontal,5,009,03
2025,Nayarit,Compostela,U2,Horizontal,1,004,18
2024,Guanajuato,San José Iturbide,FC,Horizontal,245,032,11
2025,Sinaloa,Culiacán,FC,Horizontal,147,006,25
2025,Guerrero,Zihuatanejo de Azueta,U3,Horizontal,10,038,12
