Estado,Pagina_Extraida,Precio,Ubicacion,Caracteristicas,URL_Propiedad
Nayarit,1,"$4,200,000
MXN","Casa en venta disponible en Calle Zapata Poniente #270, Col. Tepic Centro, Tepic, Nayarit, México, C.P. 63000, ID: 29476204",3 Recámaras | 2 Baños | 210 m 2,https://propiedades.com/inmuebles/casa-en-venta-calle-zapata-poniente-270-tepic-centro-nayarit-29476204#tipos=casas-venta&area=nayarit&pos=1
Nayarit,1,"$4,100,000
MXN","Casa en venta, Av. Héroes de Nacozari, 63732 Bucerías, Nay., Col. Buenos Aires, Bahía de Banderas, Nayarit, México, C.P. 63732, ID: 30970617",3 Recámaras | 3 Baños | 100 m 2,https://propiedades.com/inmuebles/casa-en-venta-av-heroes-de-nacozari-63732-bucerias-nay-buenos-aires-nayarit-30970617#tipos=casas-venta&area=nayarit&pos=2
Nayarit,1,"$2,200,000
MXN","Casa en venta, C Reforma, Sin Nombre Loc. San Vicente, 63737 San Vicente, Nay. #489, Col. San Vicente del Mar, Bahía de Banderas, Nayarit, México, C.P. 63737, ID: 30961998",3 Recámaras | 2 Baños | 118 m 2,https://propiedades.com/inmuebles/casa-en-venta-c-reforma-sin-nombre-loc-san-vicente-63737-san-vicente-nay-489-san-vicente-del-mar-nayarit-30961998#tipos=casas-venta&area=nayarit&pos=3
Nayarit,1,"$4,350,000
MXN","Se vende casa en Gaviotas 4, Rincón de Guayabitos, 63724 Rincón de Guayabitos, Nay. #4, Col. Rincón de Guayabitos, Compostela, Nayarit, México, C.P. 63724, ID: 30948175",2 Recámaras | 2 Baños | 85 m 2,https://propiedades.com/inmuebles/casa-en-venta-gaviotas-4-rincon-de-guayabitos-63724-rincon-de-guayabitos-nay-4-rincon-de-guayabitos-nayarit-30948175#tipos=casas-venta&area=nayarit&pos=4
Nayarit,1,"$9,250,000
MXN","Venta casa en Privada Ikal 48 #48, Col. Lomas del Sol, Bahía de Banderas, Nayarit, México, C.P. 63735, ID: 29216741",4 Recámaras | 4 Baños | 200 m 2,https://propiedades.com/inmuebles/casa-en-venta-privada-ikal-48-48-lomas-del-sol-nayarit-29216741#tipos=casas-venta&area=nayarit&pos=5
Nayarit,1,"$1,980,000
MXN","Venta casa en MAPA #36, Col. San Clemente de Lima, Bahía de Banderas, Nayarit, México, C.P. 63735, ID: 29440574",3 Recámaras | 2 Baños | 80 m 2,https://propiedades.com/inmuebles/casa-en-venta-mapa-36-san-clemente-de-lima-nayarit-29440574#tipos=casas-venta&area=nayarit&pos=6
Nayarit,1,"$11,000,000
MXN","Venta de casa Fresno, Tío Baltazar, Tepic, Nay. #s/n, Col. Tío Baltazar, Tepic, Nayarit, México, C.P. 63129, ID: 30439356",3 Recámaras | 4 Baños | 440 m 2,https://propiedades.com/inmuebles/casa-en-venta-fresno-tio-baltazar-tepic-nay-sn-tio-baltazar-nayarit-30439356#tipos=casas-venta&area=nayarit&pos=7
Nayarit,1,"$3,950,000
MXN","P.º de Atenea 238, Fraccionamiento Las Ceibas, 63735 Las Jarretaderas, Nay. #238, Col. Las Ceibas, Bahía de Banderas, Nayarit, México, C.P. 63735, ID: 30874098",3 Recámaras | 2 Baños | 113 m 2,https://propiedades.com/inmuebles/casa-en-venta-p-de-atenea-238-fraccionamiento-las-ceibas-63735-las-jarretaderas-nay-238-las-ceibas-nayarit-30874098#tipos=casas-venta&area=nayarit&pos=8
Nayarit,1,"$610,000
MXN","Casa disponible en venta en Ahuacatlán 111, Morelos, 63163 Tepic, Nay. #111, Col. Corralón, Tepic, Nayarit, México, C.P. 63163, ID: 30477300",3 Recámaras | 2 Baños | 121 m 2,https://propiedades.com/inmuebles/casa-en-venta-ahuacatlan-111-morelos-63163-tepic-nay-111-corralon-nayarit-30477300#tipos=casas-venta&area=nayarit&pos=9
Nayarit,1,"$11,500,000
MXN","Se vende casa Paseo de los Cocoteros, Flamingos, 63735 Bucerías, Nay., Col. Flamingos, Bahía de Banderas, Nayarit, México, C.P. 63732, ID: 30666515",4 Recámaras | 4 Baños | 247 m 2,https://propiedades.com/inmuebles/casa-en-venta-paseo-de-los-cocoteros-flamingos-63735-bucerias-nay-flamingos-nayarit-30666515#tipos=casas-venta&area=nayarit&pos=10
Nayarit,1,"$13,500,000
MXN","Casa en venta, Rtno. Flamingos, 63732 Bucerías, Nay., Col. Colibrí, Bahía de Banderas, Nayarit, México, C.P. 63732, ID: 30774185",4 Recámaras | 2 Baños | 172 m 2,https://propiedades.com/inmuebles/casa-en-venta-rtno-flamingos-63732-bucerias-nay-colibri-nayarit-30774185#tipos=casas-venta&area=nayarit&pos=11
Nayarit,1,"$16,000,000
MXN","Nuevo Nayarit, Nayarit #100, Col. Nuevo Vallarta, Bahía de Banderas, Nayarit, México, C.P. 63735, ID: 30601864",4 Recámaras | 4 Baños | 287 m 2,https://propiedades.com/inmuebles/casa-en-venta-nuevo-nayarit-nayarit-100-nuevo-vallarta-nayarit-30601864#tipos=casas-venta&area=nayarit&pos=12
Nayarit,1,"$660,000
MXN","Casa en venta disponible en Av Universidad 154 , Col. Ciudad del Valle, Tepic, Nayarit, México, C.P. 63157, ID: 28509852",4 Recámaras | 3 Baños | 300 m 2,https://propiedades.com/inmuebles/casa-en-venta-av-universidad-154-ciudad-del-valle-nayarit-28509852#tipos=casas-venta&area=nayarit&pos=13
Nayarit,1,"$730,000
MXN","Se vende casa en Prisciliano Sánchez 121, Centro, 63950 Ixtlán del Río, Nay. #121, Col. Ixtlán del Río Centro, Ixtlán del Río, Nayarit, México, C.P. 63950, ID: 30642666",4 Recámaras | 2 Baños | 480 m 2,https://propiedades.com/inmuebles/casa-en-venta-prisciliano-sanchez-121-centro-63950-ixtlan-del-rio-nay-121-ixtlan-del-rio-centro-nayarit-30642666#tipos=casas-venta&area=nayarit&pos=14
Nayarit,1,"$9,900,000
MXN","Playa Destiladeras, 63735 Nuevo Vallarta, Nay., Col. Rinconada de Banderas, Bahía de Banderas, Nayarit, México, C.P. 63735, ID: 30694625",3 Recámaras | 3 Baños | 308 m 2,https://propiedades.com/inmuebles/casa-en-venta-playa-destiladeras-63735-nuevo-vallarta-nay-rinconada-de-banderas-nayarit-30694625#tipos=casas-venta&area=nayarit&pos=15
Nayarit,1,"$811,000
USD","Venta de casa en Col. Flamingos, Bahía de Banderas, Nayarit, México, C.P. 63732, ID: 30609562",4 Recámaras | 4 Baños | 254 m 2,
Nayarit,1,"$3,249,000
MXN","Venta de casa en Av. Rincón del Cielo, Valle Dorado, 63735 Mezcales, Nay. #100, Col. Rincón del Cielo, Bahía de Banderas, Nayarit, México, C.P. 63735, ID: 30638141",3 Recámaras | 2 Baños | 140 m 2,https://propiedades.com/inmuebles/casa-en-venta-av-rincon-del-cielo-valle-dorado-63735-mezcales-nay-100-rincon-del-cielo-nayarit-30638141#tipos=casas-venta&area=nayarit&pos=17
Nayarit,1,"$1,700,000
MXN","Valle Nacional 277, Valle Dorado, 63735 Mezcales, Nay. #277, Col. Valle Dorado, Bahía de Banderas, Nayarit, México, C.P. 63735, ID: 30826626",2 Recámaras | 1 Baño | 64 m 2,https://propiedades.com/inmuebles/casa-en-venta-valle-nacional-277-valle-dorado-63735-mezcales-nay-277-valle-dorado-nayarit-30826626#tipos=casas-venta&area=nayarit&pos=18
Nayarit,1,"$18,000,000
MXN","Se vende casa Carretera, Tepic - Puerto Vallarta Km. 145, Flamingos, 63732 Bucerías, Nay. #Km. 145, Col. Flamingos, Bahía de Banderas, Nayarit, México, C.P. 63732, ID: 30825850",4 Recámaras | 5 Baños | 213 m 2,https://propiedades.com/inmuebles/casa-en-venta-carretera-tepic-puerto-vallarta-km-145-flamingos-63732-bucerias-nay-km-145-flamingos-nayarit-30825850#tipos=casas-venta&area=nayarit&pos=19
Nayarit,1,"$602,888
USD","Paseo de los Cocoteros 195, Flamingos, 63735 Bucerías, Nay. #195Int. 45, Col. Virreyes Vallarta, Bahía de Banderas, Nayarit, México, C.P. 63735, ID: 30512071",4 Recámaras | 4 Baños | 229 m 2,https://propiedades.com/inmuebles/casa-en-venta-paseo-de-los-cocoteros-195-flamingos-63735-bucerias-nay-195-virreyes-vallarta-nayarit-30512071#tipos=casas-venta&area=nayarit&pos=20
Nayarit,1,"$6,200,000
USD","63727 Corral del Risco, Nay., Col. Corral del Risco (Punta de Mita), Bahía de Banderas, Nayarit, México, C.P. 63734, ID: 30638140",5 Recámaras | 6 Baños | 800 m 2,https://propiedades.com/inmuebles/casa-en-venta-63727-corral-del-risco-nay-corral-del-risco-punta-de-mita-nayarit-30638140#tipos=casas-venta&area=nayarit&pos=21
Nayarit,1,"$9,900,000
MXN","Casa en venta, Bahía de Banderas, 63727 Nay. #200, Col. Rinconada de Banderas, Bahía de Banderas, Nayarit, México, C.P. 63735, ID: 30638144",3 Recámaras | 3 Baños | 300 m 2,https://propiedades.com/inmuebles/casa-en-venta-bahia-de-banderas-63727-nay-200-rinconada-de-banderas-nayarit-30638144#tipos=casas-venta&area=nayarit&pos=22
Nayarit,1,"$4,300,000
MXN","Sin nombre de calle, Col. Novillero, Tepic, Nayarit, México, C.P. 63511, ID: 27569718",2 Recámaras | 3 Baños | 539 m 2,https://propiedades.com/inmuebles/casa-en-venta-sin-nombre-de-calle-novillero-nayarit-27569718#tipos=casas-venta&area=nayarit&pos=23
Nayarit,1,"$13,000,000
MXN","Casa disponible en venta en Circuito de los Mangos #86, Col. Flamingos, Bahía de Banderas, Nayarit, México, C.P. 63732, ID: 30642863",4 Recámaras | 4 Baños | 309 m 2,https://propiedades.com/inmuebles/casa-en-venta-circuito-de-los-mangos-86-flamingos-nayarit-30642863#tipos=casas-venta&area=nayarit&pos=24
Nayarit,1,"$1,450,000
USD","C. Tucanes 110, El Tigre, 63735 Las Jarretaderas, Nay. #110, Col. Nuevo Vallarta, Bahía de Banderas, Nayarit, México, C.P. 63735, ID: 30656690",3 Recámaras | 2 Baños | 424 m 2,https://propiedades.com/inmuebles/casa-en-venta-c-tucanes-110-el-tigre-63735-las-jarretaderas-nay-110-nuevo-vallarta-nayarit-30656690#tipos=casas-venta&area=nayarit&pos=25
Nayarit,1,"$11,555,000
MXN","Casa en venta, Av. P.º de los Flamingos, Flamingos, Club Residencial, 63732 Flamingos, Nay.Int. 27, Col. Flamingos, Bahía de Banderas, Nayarit, México, C.P. 63732, ID: 30581353",3 Recámaras | 3 Baños | 306 m 2,https://propiedades.com/inmuebles/casa-en-venta-av-p-de-los-flamingos-flamingos-club-residencial-63732-flamingos-nay-flamingos-nayarit-30581353#tipos=casas-venta&area=nayarit&pos=26
Nayarit,1,"$567,452
MXN","63790 San Antonio, Nay.Int. 304, Col. San Antonio, Ruíz, Nayarit, México, C.P. 63625, ID: 30909117",2 Recámaras | 1 Baño | 71 m 2,https://propiedades.com/inmuebles/casa-en-venta-63790-san-antonio-nay-san-antonio-nayarit-30909117#tipos=casas-venta&area=nayarit&pos=27
Nayarit,1,"$750,000
USD","Casa en venta disponible en , Col. Bahía de Banderas, Bahía de Banderas, Nayarit, México, C.P. 63737, ID: 30368859",3 Recámaras | 3 Baños | 273 m 2,
Nayarit,1,"$6,580,000
MXN","Casa disponible en venta en 63165 Biosfera Residencial, Avenida Montes azules, 63165 Tepic, Nay., Col. Biosfera Residencial, Tepic, Nayarit, México, C.P. 63165, ID: 30320548",3 Recámaras | 3 Baños | 250 m 2,https://propiedades.com/inmuebles/casa-en-venta-63165-biosfera-residencial-avenida-montes-azules-63165-tepic-nay-biosfera-residencial-nayarit-30320548#tipos=casas-venta&area=nayarit&pos=29
Nayarit,1,"$2,400,000
MXN","Casa disponible en venta en Valle Dorado, 63735 Mezcales, Nay., Col. Valle Dorado, Bahía de Banderas, Nayarit, México, C.P. 63735, ID: 30962492",2 Recámaras | 1 Baño | 78 m 2,https://propiedades.com/inmuebles/casa-en-venta-valle-dorado-63735-mezcales-nay-valle-dorado-nayarit-30962492#tipos=casas-venta&area=nayarit&pos=30
Nayarit,1,"$3,500,000
MXN","Casa disponible en venta en Circuito los Tules Aldea Hortus #102, Col. Mezcales, Bahía de Banderas, Nayarit, México, C.P. 63735, ID: 30854282",3 Recámaras | 3 Baños | 94 m 2,https://propiedades.com/inmuebles/casa-en-venta-circuito-los-tules-aldea-hortus-102-mezcales-nayarit-30854282#tipos=casas-venta&area=nayarit&pos=31
Nayarit,1,"$2,400,000
MXN","Venta de casa en Valle de San Andrés 159, Valle Dorado, 63735 Mezcales, Nay. #s/n, Col. Valle Dorado, Bahía de Banderas, Nayarit, México, C.P. 63735, ID: 30987271",2 Recámaras | 1 Baño | 78 m 2,https://propiedades.com/inmuebles/casa-en-venta-valle-de-san-andres-159-valle-dorado-63735-mezcales-nay-sn-valle-dorado-nayarit-30987271#tipos=casas-venta&area=nayarit&pos=32
Nayarit,1,"$4,500,000
MXN","Casa disponible en venta en Av. Rincón del Cielo 101-A, Valle Dorado, 63735 Mezcales, Nay. #101, Col. Rincón del Cielo, Bahía de Banderas, Nayarit, México, C.P. 63735, ID: 30937853",3 Recámaras | 2 Baños | 120 m 2,https://propiedades.com/inmuebles/casa-en-venta-av-rincon-del-cielo-101a-valle-dorado-63735-mezcales-nay-101-rincon-del-cielo-nayarit-30937853#tipos=casas-venta&area=nayarit&pos=33
Nayarit,1,"$2,400,000
MXN","Casa en venta disponible en Valle Dorado, 63735 Mezcales, Nay., Col. Valle Dorado, Bahía de Banderas, Nayarit, México, C.P. 63735, ID: 30994912",2 Recámaras | 1 Baño | 78 m 2,https://propiedades.com/inmuebles/casa-en-venta-valle-dorado-63735-mezcales-nay-valle-dorado-nayarit-30994912#tipos=casas-venta&area=nayarit&pos=34
Nayarit,1,"$9,500,000
MXN","Se vende casa en Refugio del Cocodrilo 61, Refugio Laguna, 63735 Mezcales, Nay. #61, Col. Deportiva, Bahía de Banderas, Nayarit, México, C.P. 63735, ID: 30256147",3 Recámaras | 3 Baños | 203 m 2,https://propiedades.com/inmuebles/casa-en-venta-refugio-del-cocodrilo-61-refugio-laguna-63735-mezcales-nay-61-deportiva-nayarit-30256147#tipos=casas-venta&area=nayarit&pos=35
Nayarit,1,"$4,500,000
MXN","Venta de casa en Av. Rincón del Cielo, Valle Dorado, 63735 Mezcales, Nay., Col. Rincón del Cielo, Bahía de Banderas, Nayarit, México, C.P. 63735, ID: 30937796",3 Recámaras | 2 Baños | 120 m 2,https://propiedades.com/inmuebles/casa-en-venta-av-rincon-del-cielo-valle-dorado-63735-mezcales-nay-rincon-del-cielo-nayarit-30937796#tipos=casas-venta&area=nayarit&pos=36
Nayarit,1,"$4,300,000
MXN","Venta de casa en Monte Etna, Lindavista, 63110 Tepic, Nay., Col. Lindavista, Tepic, Nayarit, México, C.P. 63110, ID: 30921899",5 Recámaras | 3 Baños | 312 m 2,https://propiedades.com/inmuebles/casa-en-venta-monte-etna-lindavista-63110-tepic-nay-lindavista-nayarit-30921899#tipos=casas-venta&area=nayarit&pos=37
Nayarit,1,"$3,400,000
MXN","12 de Octubre 72, 63735 Tondoroque, Nay. #72, Col. Las Varas Centro, Compostela, Nayarit, México, C.P. 63715, ID: 30994909",3 Recámaras | 3 Baños | 94 m 2,https://propiedades.com/inmuebles/casa-en-venta-12-de-octubre-72-63735-tondoroque-nay-72-las-varas-centro-nayarit-30994909#tipos=casas-venta&area=nayarit&pos=38
Nayarit,1,"$5,350,000
MXN","Casa en venta disponible en PPV9+82, 63735 San Clemente de Lima, Nay., Col. San Clemente de Lima, Bahía de Banderas, Nayarit, México, C.P. 63735, ID: 30262666",3 Recámaras | 3 Baños | 250 m 2,https://propiedades.com/inmuebles/casa-en-venta-ppv982-63735-san-clemente-de-lima-nay-san-clemente-de-lima-nayarit-30262666#tipos=casas-venta&area=nayarit&pos=39
Nayarit,1,"$12,650,000
MXN","Bahía de Banderas, Bahía de Banderas, Nayarit, Col. Bahía de Banderas, Bahía de Banderas, Nayarit, México, C.P. 63737, ID: 25865237",4 Recámaras | 4 Baños | 250 m 2,https://propiedades.com/inmuebles/casa-en-venta-bahia-de-banderas-bahia-de-banderas-nayarit-bahia-de-banderas-nayarit-25865237#tipos=casas-venta&area=nayarit&pos=40
Nayarit,1,"$4,850,000
MXN","Casa en venta disponible en Francisco Villa , Col. Lázaro Cárdenas, Bahía de Banderas, Nayarit, México, C.P. 63737, ID: 30262652",4 Recámaras | 2 Baños | 229 m 2,https://propiedades.com/inmuebles/casa-en-venta-francisco-villa-lazaro-cardenas-nayarit-30262652#tipos=casas-venta&area=nayarit&pos=41
Nayarit,1,"$6,800,000
MXN","Se vende casa C, Col. 15 de Mayo, Tepic, Nayarit, México, C.P. 63190, ID: 29808289",5 Recámaras | 3 Baños | 390 m 2,https://propiedades.com/inmuebles/casa-en-venta-c-15-de-mayo-nayarit-29808289#tipos=casas-venta&area=nayarit&pos=42
Nayarit,1,"$12,500,000
MXN","Venta de casa Brisas Vallarta, 63734 Cruz de Huanacaxtle, Nay. #4, Col. Cruz de Huanacaxtle, Bahía de Banderas, Nayarit, México, C.P. 63734, ID: 30352594",3 Recámaras | 3 Baños | 250 m 2,https://propiedades.com/inmuebles/casa-en-venta-brisas-vallarta-63734-cruz-de-huanacaxtle-nay-4-cruz-de-huanacaxtle-nayarit-30352594#tipos=casas-venta&area=nayarit&pos=43
Nayarit,1,"$4,100,000
MXN","Fraccionamiento Las Ceibas, 63735 Las Jarretaderas, Nay. #s/nInt. 36, Col. Las Ceibas, Bahía de Banderas, Nayarit, México, C.P. 63735, ID: 30296639",3 Recámaras | 2 Baños | 98 m 2,https://propiedades.com/inmuebles/casa-en-venta-fraccionamiento-las-ceibas-63735-las-jarretaderas-nay-sn-las-ceibas-nayarit-30296639#tipos=casas-venta&area=nayarit&pos=44
Nayarit,1,"$2,690,000
MXN","Casa en venta, Pedraza, Col. Santa Teresita, Tepic, Nayarit, México, C.P. 63020, ID: 28969553",5 Recámaras | 3 Baños | 226 m 2,https://propiedades.com/inmuebles/casa-en-venta-pedraza-santa-teresita-nayarit-28969553#tipos=casas-venta&area=nayarit&pos=45
Nayarit,1,"$4,750,000
MXN","Venta de casa Independencia #14, Col. Real Nuevo Vallarta, Bahía de Banderas, Nayarit, México, C.P. 63735, ID: 28491504",3 Recámaras | 2 Baños | 150 m 2,https://propiedades.com/inmuebles/casa-en-venta-independencia-14-real-nuevo-vallarta-nayarit-28491504#tipos=casas-venta&area=nayarit&pos=46
Nayarit,1,"$5,728,000
MXN","Casa disponible en venta en Santa Socorro #54, Col. Guadajara, Compostela, Nayarit, México, C.P. 63715, ID: 30067645",3 Recámaras | 3 Baños | 129 m 2,https://propiedades.com/inmuebles/casa-en-venta-santa-socorro-54-guadajara-nayarit-30067645#tipos=casas-venta&area=nayarit&pos=47
Nayarit,2,"$2,750,000
MXN","Venta casa en Cto. Afrodita 70, Fraccionamiento Las Ceibas, 63735 Las Jarretaderas, Nay. #70, Col. Las Ceibas, Bahía de Banderas, Nayarit, México, C.P. 63735, ID: 30215038",2 Recámaras | 2 Baños | 72 m 2,https://propiedades.com/inmuebles/casa-en-venta-cto-afrodita-70-fraccionamiento-las-ceibas-63735-las-jarretaderas-nay-70-las-ceibas-nayarit-30215038#pagina=2&tipos=casas-venta&area=nayarit&pos=1
Nayarit,2,"$13,051,000
MXN","Casa en venta disponible en C. Colibri 150, 63732 Bucerías, Nay. #150, Col. Villas las Parotas, Bahía de Banderas, Nayarit, México, C.P. 63732, ID: 30241704",3 Recámaras | 3 Baños | 390 m 2,https://propiedades.com/inmuebles/casa-en-venta-c-colibri-150-63732-bucerias-nay-150-villas-las-parotas-nayarit-30241704#pagina=2&tipos=casas-venta&area=nayarit&pos=2
Nayarit,2,"$2,750,000
MXN","Casa disponible en venta en 12 de Octubre 72, 63735 Tondoroque, Nay. #s/n, Col. Paraíso Vallarta, Bahía de Banderas, Nayarit, México, C.P. 63735, ID: 30784455",3 Recámaras | 3 Baños,https://propiedades.com/inmuebles/casa-en-venta-12-de-octubre-72-63735-tondoroque-nay-sn-paraiso-vallarta-nayarit-30784455#pagina=2&tipos=casas-venta&area=nayarit&pos=3
Nayarit,2,"$2,700,000
MXN","JOSE MARIA MERCADO, Col. San Antonio, Tepic, Nayarit, México, C.P. 63159, ID: 30397720",4 Recámaras | 2 Baños | 156 m 2,https://propiedades.com/inmuebles/casa-en-venta-jose-maria-mercado-san-antonio-nayarit-30397720#pagina=2&tipos=casas-venta&area=nayarit&pos=4
Nayarit,2,"$5,900,000
MXN","Calle Eucalipto 2 #2, Col. San Juan, Tepic, Nayarit, México, C.P. 63130, ID: 28638951",3 Recámaras | 5 Baños | 498 m 2,https://propiedades.com/inmuebles/casa-en-venta-calle-eucalipto-2-2-san-juan-nayarit-28638951#pagina=2&tipos=casas-venta&area=nayarit&pos=5
Nayarit,2,"$1,199,000
MXN","Se vende casa Esteban Baca Calderón, Col. Esteban Baca Calderón, Tepic, Nayarit, México, C.P. 63177, ID: 29808292",2 Recámaras | 1 Baño | 93 m 2,
Nayarit,2,"$2,500,000
MXN","Venta de casa Valle de Tulancingo, Col. Ciudad del Valle, Tepic, Nayarit, México, C.P. 63157, ID: 28815936",3 Recámaras | 2 Baños | 168 m 2,https://propiedades.com/inmuebles/casa-en-venta-valle-de-tulancingo-ciudad-del-valle-nayarit-28815936#pagina=2&tipos=casas-venta&area=nayarit&pos=7
Nayarit,2,"$590,000
MXN","Casa en venta disponible en Avenida Madre Tierra, Col. Nayarabastos, Tepic, Nayarit, México, C.P. 63173, ID: 29845402",4 Recámaras | 3 Baños | 160 m 2,https://propiedades.com/inmuebles/casa-en-venta-avenida-madre-tierra-nayarabastos-nayarit-29845402#pagina=2&tipos=casas-venta&area=nayarit&pos=8
Nayarit,2,"$4,750,000
MXN","Casa disponible en venta en Independencia 14, Costa Coral, 63735 Las Jarretaderas, Nay. #14, Col. Real Nuevo Vallarta, Bahía de Banderas, Nayarit, México, C.P. 63735, ID: 30769187",3 Recámaras | 2 Baños | 150 m 2,https://propiedades.com/inmuebles/casa-en-venta-independencia-14-costa-coral-63735-las-jarretaderas-nay-14-real-nuevo-vallarta-nayarit-30769187#pagina=2&tipos=casas-venta&area=nayarit&pos=9
Nayarit,2,"$570,000
MXN","Venta de casa P.º de los Reyes 96, Paseo del Valle Real I, 63195 Tepic, Nay. #96, Col. Paseo del Valle Real, Tepic, Nayarit, México, C.P. 63195, ID: 30215187",3 Recámaras | 1 Baño | 100 m 2,https://propiedades.com/inmuebles/casa-en-venta-p-de-los-reyes-96-paseo-del-valle-real-i-63195-tepic-nay-96-paseo-del-valle-real-nayarit-30215187#pagina=2&tipos=casas-venta&area=nayarit&pos=10
Nayarit,2,"$4,500,000
MXN","Casa en venta disponible en Paseo de los Flamingos #300Int. 27, Col. Villas las Parotas, Bahía de Banderas, Nayarit, México, C.P. 63732, ID: 29996788",3 Recámaras | 2 Baños | 140 m 2,https://propiedades.com/inmuebles/casa-en-venta-paseo-de-los-flamingos-300-villas-las-parotas-nayarit-29996788#pagina=2&tipos=casas-venta&area=nayarit&pos=11
Nayarit,2,"$820,000
MXN","Casa en venta disponible en Turín, Cd del Valle, 63157 Tepic, Nay., Col. Ciudad del Valle, Tepic, Nayarit, México, C.P. 63157, ID: 30533973",4 Recámaras | 2 Baños | 230 m 2,https://propiedades.com/inmuebles/casa-en-venta-turin-cd-del-valle-63157-tepic-nay-ciudad-del-valle-nayarit-30533973#pagina=2&tipos=casas-venta&area=nayarit&pos=12
Nayarit,2,"$2,690,000
MXN","Venta de casa en , Col. Alaska, Tepic, Nayarit, México, C.P. 63062, ID: 29222968",6 Recámaras | 3 Baños | 155 m 2,https://propiedades.com/inmuebles/casa-en-venta-alaska-nayarit-29222968#pagina=2&tipos=casas-venta&area=nayarit&pos=13
Nayarit,2,"$2,650,000
MXN","Venta casa en Tabaqueros, Col. Obrera CTM, Tepic, Nayarit, México, C.P. 63120, ID: 30167430",3 Recámaras | 2 Baños | 105 m 2,https://propiedades.com/inmuebles/casa-en-venta-tabaqueros-obrera-ctm-nayarit-30167430#pagina=2&tipos=casas-venta&area=nayarit&pos=14
Nayarit,2,"$2,412,500
MXN","Venta casa en Avenida Paraíso #s/n, Col. Paraíso Vallarta, Bahía de Banderas, Nayarit, México, C.P. 63735, ID: 30197231",2 Recámaras | 1 Baño | 76 m 2,https://propiedades.com/inmuebles/casa-en-venta-avenida-paraiso-sn-paraiso-vallarta-nayarit-30197231#pagina=2&tipos=casas-venta&area=nayarit&pos=15
Nayarit,2,"$1,750,000
MXN","Venta casa en Col. Xalisco Centro, Xalisco, Nayarit, México, C.P. 63780, ID: 29867875",3 Recámaras | 2 Baños | 90 m 2,https://propiedades.com/inmuebles/casa-en-venta-xalisco-centro-nayarit-29867875#pagina=2&tipos=casas-venta&area=nayarit&pos=16
Nayarit,2,"$4,304,000
MXN","Venta casa en COTO LA GLORIA, Col. Rincón del Cielo, Bahía de Banderas, Nayarit, México, C.P. 63735, ID: 30680478",3 Recámaras | 3 Baños | 132 m 2,https://propiedades.com/inmuebles/casa-en-venta-coto-la-gloria-rincon-del-cielo-nayarit-30680478#pagina=2&tipos=casas-venta&area=nayarit&pos=17
Nayarit,2,"$3,200,000
MXN","Casa disponible en venta en , Col. Ciudad del Valle, Tepic, Nayarit, México, C.P. 63157, ID: 29222966",3 Recámaras | 2 Baños | 173 m 2,https://propiedades.com/inmuebles/casa-en-venta-ciudad-del-valle-nayarit-29222966#pagina=2&tipos=casas-venta&area=nayarit&pos=18
Nayarit,2,"$2,350,000
MXN","Hiedra, Col. Jacarandas, Tepic, Nayarit, México, C.P. 63195, ID: 29808297",3 Recámaras | 3 Baños | 230 m 2,https://propiedades.com/inmuebles/casa-en-venta-hiedra-jacarandas-nayarit-29808297#pagina=2&tipos=casas-venta&area=nayarit&pos=19
Nayarit,2,"$9,900,000
MXN","Venta casa en Rinconada, Col. Rinconada de Banderas, Bahía de Banderas, Nayarit, México, C.P. 63735, ID: 30202690",3 Recámaras | 3 Baños | 240 m 2,https://propiedades.com/inmuebles/casa-en-venta-rinconada-rinconada-de-banderas-nayarit-30202690#pagina=2&tipos=casas-venta&area=nayarit&pos=20
Nayarit,2,"$1,690,000
MXN","Se vende casa en Av Prisciliano Sanchez Norte 286, Centro, 63000 Tepic, Nay. #s/n, Col. Tepic Centro, Tepic, Nayarit, México, C.P. 63000, ID: 30219930",3 Recámaras | 3 Baños | 150 m 2,https://propiedades.com/inmuebles/casa-en-venta-av-prisciliano-sanchez-norte-286-centro-63000-tepic-nay-sn-tepic-centro-nayarit-30219930#pagina=2&tipos=casas-venta&area=nayarit&pos=21
Nayarit,2,"$4,400,000
MXN","Casa en venta disponible en Av. Rincón del Cielo, Valle Dorado, 63735 Mezcales, Nay., Col. Deportiva, Bahía de Banderas, Nayarit, México, C.P. 63735, ID: 30693246",3 Recámaras | 2 Baños | 145 m 2,https://propiedades.com/inmuebles/casa-en-venta-av-rincon-del-cielo-valle-dorado-63735-mezcales-nay-deportiva-nayarit-30693246#pagina=2&tipos=casas-venta&area=nayarit&pos=22
Nayarit,2,"$770,000
MXN","Se vende casa Tamarindo 112 #112, Col. Terralta, Bahía de Banderas, Nayarit, México, C.P. 63732, ID: 30197177",3 Recámaras | 2 Baños | 180 m 2,
Nayarit,2,"$145,000
USD","Se vende casa en 63727 Corral del Risco, Nay., Col. Corral del Risco (Punta de Mita), Bahía de Banderas, Nayarit, México, C.P. 63734, ID: 30472701",1 Recámara | 1 Baño | 81 m 2,https://propiedades.com/inmuebles/casa-en-venta-63727-corral-del-risco-nay-corral-del-risco-punta-de-mita-nayarit-30472701#pagina=2&tipos=casas-venta&area=nayarit&pos=24
Nayarit,2,"$1,515,000
MXN","Col. Real Montecarlo, Tepic, Nayarit, México, C.P. 63039, ID: 29862856",3 Recámaras | 2 Baños | 75 m 2,https://propiedades.com/inmuebles/casa-en-venta-real-montecarlo-nayarit-29862856#pagina=2&tipos=casas-venta&area=nayarit&pos=25
Nayarit,2,"$2,490,000
MXN","Venta de casa en Mateo de Regil, Col. Leyva Medina, Tepic, Nayarit, México, C.P. 63186, ID: 29832951",4 Recámaras | 2 Baños | 150 m 2,https://propiedades.com/inmuebles/casa-en-venta-mateo-de-regil-leyva-medina-nayarit-29832951#pagina=2&tipos=casas-venta&area=nayarit&pos=26
Nayarit,2,"$6,899,000
MXN","Palma del Rey #s/n, Col. Las Jarretaderas, Bahía de Banderas, Nayarit, México, C.P. 63735, ID: 30417127",3 Recámaras | 3 Baños | 188 m 2,https://propiedades.com/inmuebles/casa-en-venta-palma-del-rey-sn-las-jarretaderas-nayarit-30417127#pagina=2&tipos=casas-venta&area=nayarit&pos=27
Nayarit,2,"$529,000
MXN","Uribe 19 #19, Col. Estadios, Tepic, Nayarit, México, C.P. 63109, ID: 28487163",4 Recámaras | 3 Baños | 150 m 2,
Nayarit,2,"$3,290,000
MXN","Venta casa en islas virgenes, Col. Miguel Hidalgo, Tepic, Nayarit, México, C.P. 63193, ID: 27847681",9 Recámaras | 5 Baños | 305 m 2,https://propiedades.com/inmuebles/casa-en-venta-islas-virgenes-miguel-hidalgo-nayarit-27847681#pagina=2&tipos=casas-venta&area=nayarit&pos=29
Nayarit,2,"$2,900,000
MXN","Valle del Pino, Valle Dorado, 63735 Mezcales, Nay., Col. San Clemente de Lima, Bahía de Banderas, Nayarit, México, C.P. 63735, ID: 30784865",3 Recámaras | 2 Baños | 157 m 2,https://propiedades.com/inmuebles/casa-en-venta-valle-del-pino-valle-dorado-63735-mezcales-nay-san-clemente-de-lima-nayarit-30784865#pagina=2&tipos=casas-venta&area=nayarit&pos=30
Nayarit,2,"$2,450,000
MXN","Venta de casa Valle de Tulanginco, Col. Colinas del Valle, Tepic, Nayarit, México, C.P. 63173, ID: 29808294",3 Recámaras | 2 Baños | 120 m 2,https://propiedades.com/inmuebles/casa-en-venta-valle-de-tulanginco-colinas-del-valle-nayarit-29808294#pagina=2&tipos=casas-venta&area=nayarit&pos=31
Nayarit,2,"$7,450,000
MXN","Venta de casa en Palma del Rey #143Int. 1404, Col. Las Jarretaderas, Bahía de Banderas, Nayarit, México, C.P. 63735, ID: 30372827",3 Recámaras | 3 Baños | 175 m 2,https://propiedades.com/inmuebles/casa-en-venta-palma-del-rey-143-las-jarretaderas-nayarit-30372827#pagina=2&tipos=casas-venta&area=nayarit&pos=32
Nayarit,2,"$590,000
MXN","Venta de casa Avenida Madre Tierra, Col. Nayarabastos, Tepic, Nayarit, México, C.P. 63173, ID: 29975887",4 Recámaras | 3 Baños | 150 m 2,https://propiedades.com/inmuebles/casa-en-venta-avenida-madre-tierra-nayarabastos-nayarit-29975887#pagina=2&tipos=casas-venta&area=nayarit&pos=33
Nayarit,2,"$13,500,000
MXN","Se vende casa en AVENIDA PASEO DE LAS PALMAS #s/n, Col. Real Nuevo Vallarta, Bahía de Banderas, Nayarit, México, C.P. 63735, ID: 30304924",3 Recámaras | 4 Baños | 310 m 2,
Nayarit,2,"$8,900,000
MXN","Se vende casa Cto. de los Sauces 5, Flamingos, 63732 Flamingos, Nay. #5, Col. Flamingos, Bahía de Banderas, Nayarit, México, C.P. 63732, ID: 30427343",3 Recámaras | 3 Baños | 216 m 2,https://propiedades.com/inmuebles/casa-en-venta-cto-de-los-sauces-5-flamingos-63732-flamingos-nay-5-flamingos-nayarit-30427343#pagina=2&tipos=casas-venta&area=nayarit&pos=35
Nayarit,2,"$1,830,000
MXN","Se vende casa Sta. Teresita 392, Adolfo López Mateos, 63021 Tepic, Nay. #392, Col. Adolfo López Mateos, Tepic, Nayarit, México, C.P. 63021, ID: 30801277",2 Recámaras | 2 Baños | 104 m 2,https://propiedades.com/inmuebles/casa-en-venta-sta-teresita-392-adolfo-lopez-mateos-63021-tepic-nay-392-adolfo-lopez-mateos-nayarit-30801277#pagina=2&tipos=casas-venta&area=nayarit&pos=36
Nayarit,2,"$762,000
MXN","Venta de casa en Turín #s/n, Col. Ciudad del Valle, Tepic, Nayarit, México, C.P. 63157, ID: 30018322",3 Recámaras | 2 Baños | 188 m 2,https://propiedades.com/inmuebles/casa-en-venta-turin-sn-ciudad-del-valle-nayarit-30018322#pagina=2&tipos=casas-venta&area=nayarit&pos=37
Nayarit,2,"$7,000,000
MXN","Venta de casa Spauan, Tepic, Nay. #s/n, Col. SPAUAN, Tepic, Nayarit, México, C.P. 63115, ID: 30411248",4 Recámaras | 5 Baños | 468 m 2,https://propiedades.com/inmuebles/casa-en-venta-spauan-tepic-nay-sn-spauan-nayarit-30411248#pagina=2&tipos=casas-venta&area=nayarit&pos=38
Nayarit,2,"$4,900,000
MXN","Allende, Barrio de Chila, Compostela, Nay. #130, Col. De Chila, Compostela, Nayarit, México, C.P. 63704, ID: 30531431",4 Recámaras | 3 Baños | 318 m 2,https://propiedades.com/inmuebles/casa-en-venta-allende-barrio-de-chila-compostela-nay-130-de-chila-nayarit-30531431#pagina=2&tipos=casas-venta&area=nayarit&pos=39
Nayarit,2,"$9,200,000
MXN","Casa disponible en venta en Palma Real #23Int. 23, Col. Villas las Parotas, Bahía de Banderas, Nayarit, México, C.P. 63732, ID: 29801665",4 Recámaras | 3 Baños | 211 m 2,https://propiedades.com/inmuebles/casa-en-venta-palma-real-23-villas-las-parotas-nayarit-29801665#pagina=2&tipos=casas-venta&area=nayarit&pos=40
Nayarit,2,"$2,650,000
MXN","Venta de casa en Cto Villaserenidad, Valle Dorado, 63735 Mezcales, Nay. #8, Col. Valle Dorado, Bahía de Banderas, Nayarit, México, C.P. 63735, ID: 30328056",3 Recámaras | 1 Baño | 90 m 2,https://propiedades.com/inmuebles/casa-en-venta-cto-villaserenidad-valle-dorado-63735-mezcales-nay-8-valle-dorado-nayarit-30328056#pagina=2&tipos=casas-venta&area=nayarit&pos=41
Nayarit,2,"$2,995,000
MXN","Venta casa en P.º de Hermes 211, Fraccionamiento Las Ceibas, 63735 Las Jarretaderas, Nay. #211Int. 211, Col. Las Ceibas, Bahía de Banderas, Nayarit, México, C.P. 63735, ID: 30366747",3 Recámaras | 2 Baños | 105 m 2,https://propiedades.com/inmuebles/casa-en-venta-p-de-hermes-211-fraccionamiento-las-ceibas-63735-las-jarretaderas-nay-211-las-ceibas-nayarit-30366747#pagina=2&tipos=casas-venta&area=nayarit&pos=42
Nayarit,2,"$4,530,000
MXN","Se vende casa en Calle alamom 63735 #s/n, Col. Paraíso Vallarta, Bahía de Banderas, Nayarit, México, C.P. 63735, ID: 30385251",5 Recámaras | 4 Baños | 196 m 2,https://propiedades.com/inmuebles/casa-en-venta-calle-alamom-63735-sn-paraiso-vallarta-nayarit-30385251#pagina=2&tipos=casas-venta&area=nayarit&pos=43
Nayarit,2,"$2,940,000
MXN","Miguel Hidalgo #381, Col. Tepic Centro, Tepic, Nayarit, México, C.P. 63000, ID: 30044325",2 Recámaras | 2 Baños | 169 m 2,https://propiedades.com/inmuebles/casa-en-venta-miguel-hidalgo-381-tepic-centro-nayarit-30044325#pagina=2&tipos=casas-venta&area=nayarit&pos=44
Nayarit,2,"$2,670,000
MXN","Venta de casa Bahía de Banderas, 63735 Nay. #s/n, Col. San Clemente de Lima, Bahía de Banderas, Nayarit, México, C.P. 63735, ID: 30486179",2 Recámaras | 1 Baño | 83 m 2,https://propiedades.com/inmuebles/casa-en-venta-bahia-de-banderas-63735-nay-sn-san-clemente-de-lima-nayarit-30486179#pagina=2&tipos=casas-venta&area=nayarit&pos=45
Nayarit,2,"$1,800,000
MXN","Se vende casa en Valle los alamos #s/n, Col. Valle Dorado, Bahía de Banderas, Nayarit, México, C.P. 63735, ID: 30093709",2 Recámaras | 1 Baño | 90 m 2,https://propiedades.com/inmuebles/casa-en-venta-valle-los-alamos-sn-valle-dorado-nayarit-30093709#pagina=2&tipos=casas-venta&area=nayarit&pos=46
Nayarit,2,"$590,000
MXN","Venta casa en Av Madre Tierra, Nayarabastos, 63173 Tepic, Nay., Col. Nayarabastos, Tepic, Nayarit, México, C.P. 63173, ID: 30534020",4 Recámaras | 3 Baños | 160 m 2,https://propiedades.com/inmuebles/casa-en-venta-av-madre-tierra-nayarabastos-63173-tepic-nay-nayarabastos-nayarit-30534020#pagina=2&tipos=casas-venta&area=nayarit&pos=47
Nayarit,3,"$6,899,000
MXN","Casa en venta disponible en Palma del Rey 143, 63735 Las Jarretaderas, Nay. #s/n, Col. Lomas del Sol, Bahía de Banderas, Nayarit, México, C.P. 63735, ID: 30517656",3 Recámaras | 3 Baños | 175 m 2,https://propiedades.com/inmuebles/casa-en-venta-palma-del-rey-143-63735-las-jarretaderas-nay-sn-lomas-del-sol-nayarit-30517656#pagina=3&tipos=casas-venta&area=nayarit&pos=1
Nayarit,3,"$4,500,000
MXN","Venta de casa Bonaterra, 63194 Tepic, Nay. #82Int. 82, Col. El Armadillo, Tepic, Nayarit, México, C.P. 63194, ID: 30721277",3 Recámaras | 3 Baños | 175 m 2,https://propiedades.com/inmuebles/casa-en-venta-bonaterra-63194-tepic-nay-82-el-armadillo-nayarit-30721277#pagina=3&tipos=casas-venta&area=nayarit&pos=2
Nayarit,3,"$7,750,000
MXN","Venta casa en Circuito tritón #33Int. 33, Col. Brisas de San Juan, Tepic, Nayarit, México, C.P. 63117, ID: 30721225",3 Recámaras | 3 Baños | 420 m 2,https://propiedades.com/inmuebles/casa-en-venta-circuito-triton-33-brisas-de-san-juan-nayarit-30721225#pagina=3&tipos=casas-venta&area=nayarit&pos=3
Nayarit,3,"$532,000
MXN","Casa en venta, San Carlos #69, Col. Santa Fe, Bahía de Banderas, Nayarit, México, C.P. 63737, ID: 30250806",2 Recámaras | 1 Baño | 39 m 2,
Nayarit,3,"$59,850,000
MXN","Casa en venta disponible en La Punta, Col. Sayulita, Bahía de Banderas, Nayarit, México, C.P. 63734, ID: 29842762",4 Recámaras | 5 Baños | 517 m 2,https://propiedades.com/inmuebles/casa-en-venta-la-punta-sayulita-nayarit-29842762#pagina=3&tipos=casas-venta&area=nayarit&pos=5
Nayarit,3,"$2,100,000
MXN","18 de marzo, Col. Menchaca, Tepic, Nayarit, México, C.P. 63150, ID: 30667200",3 Recámaras | 1 Baño | 156 m 2,https://propiedades.com/inmuebles/casa-en-venta-18-de-marzo-menchaca-nayarit-30667200#pagina=3&tipos=casas-venta&area=nayarit&pos=6
Nayarit,3,"$2,450,000
MXN","Coto Isla de Tasmania #15, Col. Paraíso Vallarta, Bahía de Banderas, Nayarit, México, C.P. 63735, ID: 30082208",3 Recámaras | 2 Baños | 90 m 2,https://propiedades.com/inmuebles/casa-en-venta-coto-isla-de-tasmania-15-paraiso-vallarta-nayarit-30082208#pagina=3&tipos=casas-venta&area=nayarit&pos=7
Nayarit,3,"$5,500,000
MXN","Casa en venta, San Vicente 50 #50, Col. Bahía de Banderas, Bahía de Banderas, Nayarit, México, C.P. 63737, ID: 29873631",3 Recámaras | 3 Baños | 152 m 2,https://propiedades.com/inmuebles/casa-en-venta-san-vicente-50-50-bahia-de-banderas-nayarit-29873631#pagina=3&tipos=casas-venta&area=nayarit&pos=8
Nayarit,3,"$710,000
MXN","Se vende casa C. E, 15 de Mayo, 63190 Tepic, Nay., Col. 15 de Mayo, Tepic, Nayarit, México, C.P. 63190, ID: 30533999",3 Recámaras | 2 Baños | 158 m 2,https://propiedades.com/inmuebles/casa-en-venta-c-e-15-de-mayo-63190-tepic-nay-15-de-mayo-nayarit-30533999#pagina=3&tipos=casas-venta&area=nayarit&pos=9
Nayarit,3,"$3,700,000
MXN","Se vende casa en Coto Bonatura candelli #s/n, Col. Bonaterra, Tepic, Nayarit, México, C.P. 63194, ID: 30087552",4 Recámaras | 4 Baños | 225 m 2,https://propiedades.com/inmuebles/casa-en-venta-coto-bonatura-candelli-sn-bonaterra-nayarit-30087552#pagina=3&tipos=casas-venta&area=nayarit&pos=10
Nayarit,3,"$3,500,000
MXN","zaragoza, Col. Tepic Centro, Tepic, Nayarit, México, C.P. 63000, ID: 30132593",4 Recámaras | 3 Baños | 160 m 2,https://propiedades.com/inmuebles/casa-en-venta-zaragoza-tepic-centro-nayarit-30132593#pagina=3&tipos=casas-venta&area=nayarit&pos=11
Nayarit,3,"$4,550,000
MXN","Carretera Federal 200 #s/n, Col. Bahía de Banderas, Bahía de Banderas, Nayarit, México, C.P. 63737, ID: 29873605",2 Recámaras | 2 Baños | 130 m 2,https://propiedades.com/inmuebles/casa-en-venta-carretera-federal-200-sn-bahia-de-banderas-nayarit-29873605#pagina=3&tipos=casas-venta&area=nayarit&pos=12
Nayarit,3,"$2,980,000
MXN","Venta de casa en Loma Alta, Col. Lomas del Encanto, Tepic, Nayarit, México, C.P. 63173, ID: 29222961",4 Recámaras | 3 Baños | 170 m 2,https://propiedades.com/inmuebles/casa-en-venta-loma-alta-lomas-del-encanto-nayarit-29222961#pagina=3&tipos=casas-venta&area=nayarit&pos=13
Nayarit,3,"$3,200,000
MXN","Casa en venta disponible en Cto. Villa Serena 41-Int 41, Valle Dorado, 63735 Mezcales, Nay. #41, Col. Deportiva, Bahía de Banderas, Nayarit, México, C.P. 63735, ID: 30693638",3 Recámaras | 1 Baño | 89 m 2,https://propiedades.com/inmuebles/casa-en-venta-cto-villa-serena-41int-41-valle-dorado-63735-mezcales-nay-41-deportiva-nayarit-30693638#pagina=3&tipos=casas-venta&area=nayarit&pos=14
Nayarit,3,"$610,000
MXN","Venta casa en Monte Logan, Fraccionamiento Senderos del Monte, 63023 Tepic, Nay., Col. Senderos del Monte, Tepic, Nayarit, México, C.P. 63023, ID: 30533984",3 Recámaras | 2 Baños | 190 m 2,https://propiedades.com/inmuebles/casa-en-venta-monte-logan-fraccionamiento-senderos-del-monte-63023-tepic-nay-senderos-del-monte-nayarit-30533984#pagina=3&tipos=casas-venta&area=nayarit&pos=15
Nayarit,3,"$2,600,000
MXN","Se vende casa Av. Altavela s/n, Fraccionamiento Altavela, 63735 San Clemente de Lima, Nay. #s/n, Col. Paraíso Vallarta, Bahía de Banderas, Nayarit, México, C.P. 63735, ID: 30388664",3 Recámaras | 3 Baños | 82 m 2,https://propiedades.com/inmuebles/casa-en-venta-av-altavela-sn-fraccionamiento-altavela-63735-san-clemente-de-lima-nay-sn-paraiso-vallarta-nayarit-30388664#pagina=3&tipos=casas-venta&area=nayarit&pos=16
Nayarit,3,"$3,300,000
MXN",", Col. Puerta del Sol, Xalisco, Nayarit, México, C.P. 63783, ID: 28969552",4 Recámaras | 3 Baños | 215 m 2,https://propiedades.com/inmuebles/casa-en-venta-puerta-del-sol-nayarit-28969552#pagina=3&tipos=casas-venta&area=nayarit&pos=17
Nayarit,3,"$3,990,000
MXN","San Luis Sur #368, Col. San Antonio, Tepic, Nayarit, México, C.P. 63159, ID: 30838231",3 Recámaras | 3 Baños | 189 m 2,https://propiedades.com/inmuebles/casa-en-venta-san-luis-sur-368-san-antonio-nayarit-30838231#pagina=3&tipos=casas-venta&area=nayarit&pos=18
Nayarit,3,"$590,000
MXN","Venta de casa Avenida Madre Tierra, Col. Nayarabastos, Tepic, Nayarit, México, C.P. 63173, ID: 30018160",4 Recámaras | 3 Baños | 160 m 2,https://propiedades.com/inmuebles/casa-en-venta-avenida-madre-tierra-nayarabastos-nayarit-30018160#pagina=3&tipos=casas-venta&area=nayarit&pos=19
Nayarit,3,"$9,000,000
MXN","Casa en venta disponible en 63734 Cruz de Huanacaxtle, Nay. #s/n, Col. Bucerías Centro, Bahía de Banderas, Nayarit, México, C.P. 63732, ID: 30230126",4 Recámaras | 4 Baños | 235 m 2,https://propiedades.com/inmuebles/casa-en-venta-63734-cruz-de-huanacaxtle-nay-sn-bucerias-centro-nayarit-30230126#pagina=3&tipos=casas-venta&area=nayarit&pos=20
Nayarit,3,"$1,980,000
MXN","Se vende casa Amado Nervo, Col. América Manríquez, Tepic, Nayarit, México, C.P. 63068, ID: 29222964",4 Recámaras | 2 Baños | 150 m 2,https://propiedades.com/inmuebles/casa-en-venta-amado-nervo-america-manriquez-nayarit-29222964#pagina=3&tipos=casas-venta&area=nayarit&pos=21
Nayarit,3,"$2,850,000
MXN","Se vende casa Libertad 9, Gilberto Flores Muñoz, 63000 Tepic, Nay. #9, Col. Tepic Centro, Tepic, Nayarit, México, C.P. 63000, ID: 30541511",4 Recámaras | 3 Baños | 236 m 2,https://propiedades.com/inmuebles/casa-en-venta-libertad-9-gilberto-flores-munoz-63000-tepic-nay-9-tepic-centro-nayarit-30541511#pagina=3&tipos=casas-venta&area=nayarit&pos=22
Nayarit,3,"$3,250,000
MXN","Casa en venta, Parque San Jorge, Col. Villas del Parque, Tepic, Nayarit, México, C.P. 63173, ID: 29222962",3 Recámaras | 2 Baños | 145 m 2,https://propiedades.com/inmuebles/casa-en-venta-parque-san-jorge-villas-del-parque-nayarit-29222962#pagina=3&tipos=casas-venta&area=nayarit&pos=23
Nayarit,3,"$4,400,000
MXN","Casa en venta disponible en Avenida Rincón del Cielo #100, Col. Rincón del Cielo, Bahía de Banderas, Nayarit, México, C.P. 63735, ID: 30082193",3 Recámaras | 2 Baños | 120 m 2,https://propiedades.com/inmuebles/casa-en-venta-avenida-rincon-del-cielo-100-rincon-del-cielo-nayarit-30082193#pagina=3&tipos=casas-venta&area=nayarit&pos=24
Nayarit,3,"$16,800,000
MXN","Se vende casa Calle Los Cocos Nte., 63728 Sayulita, Nay., Col. San Quintín, Bahía de Banderas, Nayarit, México, C.P. 63728, ID: 30296128",5 Recámaras | 6 Baños | 265 m 2,https://propiedades.com/inmuebles/casa-en-venta-calle-los-cocos-nte-63728-sayulita-nay-san-quintin-nayarit-30296128#pagina=3&tipos=casas-venta&area=nayarit&pos=25
Nayarit,3,"$2,100,000
MXN","Equinoxio, Col. Ampliación Nuevo Progreso, Xalisco, Nayarit, México, C.P. 63782, ID: 28969550",3 Recámaras | 2 Baños | 167 m 2,https://propiedades.com/inmuebles/casa-en-venta-equinoxio-ampliacion-nuevo-progreso-nayarit-28969550#pagina=3&tipos=casas-venta&area=nayarit&pos=26
Nayarit,3,"$1,690,000
MXN","Venta de casa en Av Prisciliano Sanchez Norte 286, Centro, 63000 Tepic, Nay. #s/n, Col. Tepic Centro, Tepic, Nayarit, México, C.P. 63000, ID: 30339068",3 Recámaras | 3 Baños | 150 m 2,https://propiedades.com/inmuebles/casa-en-venta-av-prisciliano-sanchez-norte-286-centro-63000-tepic-nay-sn-tepic-centro-nayarit-30339068#pagina=3&tipos=casas-venta&area=nayarit&pos=27
Nayarit,3,"$2,362,500
MXN","Casa disponible en venta en 63735 San Clemente de Lima, Nay., Col. San Clemente de Lima, Bahía de Banderas, Nayarit, México, C.P. 63735, ID: 30388701",3 Recámaras | 1 Baño,https://propiedades.com/inmuebles/casa-en-venta-63735-san-clemente-de-lima-nay-san-clemente-de-lima-nayarit-30388701#pagina=3&tipos=casas-venta&area=nayarit&pos=28
Nayarit,3,"$1,200,000
MXN","Se vende casa en Dalia, Col. Jardines de Matatipac, Xalisco, Nayarit, México, C.P. 63784, ID: 28973750",2 Recámaras | 1 Baño | 76 m 2,https://propiedades.com/inmuebles/casa-en-venta-dalia-jardines-de-matatipac-nayarit-28973750#pagina=3&tipos=casas-venta&area=nayarit&pos=29
Nayarit,3,"$3,700,000
MXN","Se vende casa Puerta del Sol, 63783 Xalisco, Nay., Col. Puerta del Sol, Xalisco, Nayarit, México, C.P. 63783, ID: 30246649",3 Recámaras | 3 Baños | 300 m 2,https://propiedades.com/inmuebles/casa-en-venta-puerta-del-sol-63783-xalisco-nay-puerta-del-sol-nayarit-30246649#pagina=3&tipos=casas-venta&area=nayarit&pos=30
Nayarit,3,"$2,200,000
MXN","Venta casa en Cto. Morfeo 100, Fraccionamiento Las Ceibas, 63735 Nuevo Vallarta, Nay. #100, Col. Lomas del Sol, Bahía de Banderas, Nayarit, México, C.P. 63735, ID: 30245975",2 Recámaras | 2 Baños | 68 m 2,https://propiedades.com/inmuebles/casa-en-venta-cto-morfeo-100-fraccionamiento-las-ceibas-63735-nuevo-vallarta-nay-100-lomas-del-sol-nayarit-30245975#pagina=3&tipos=casas-venta&area=nayarit&pos=31
Nayarit,3,"$21,000,000
MXN","Tulipanes 63735 Nuevo Vallarta, Nay, Col. Villas Green Canal, Bahía de Banderas, Nayarit, México, C.P. 63735, ID: 30472594",5 Recámaras | 5 Baños | 367 m 2,https://propiedades.com/inmuebles/casa-en-ambos-tulipanes-63735-nuevo-vallarta-nay-villas-green-canal-nayarit-30472594#pagina=3&tipos=casas-venta&area=nayarit&pos=32
Nayarit,3,"$2,750,000
MXN","Se vende casa en , Col. Huertas de Matatipal, Xalisco, Nayarit, México, C.P. 63782, ID: 29222965",4 Recámaras | 3 Baños | 175 m 2,https://propiedades.com/inmuebles/casa-en-venta-huertas-de-matatipal-nayarit-29222965#pagina=3&tipos=casas-venta&area=nayarit&pos=33
Nayarit,3,"$4,600,000
MXN","Venta de casa en Fraccionamiento Villas del Trópico, Av. del Mar, 63724 Los Ayala, Nay. #s/n, Col. Nuevo Ixtlán (Las Cañadas), Compostela, Nayarit, México, C.P. 63724, ID: 30693672",4 Recámaras | 3 Baños | 170 m 2,https://propiedades.com/inmuebles/casa-en-venta-fraccionamiento-villas-del-tropico-av-del-mar-63724-los-ayala-nay-sn-nuevo-ixtlan-las-canadas-nayarit-30693672#pagina=3&tipos=casas-venta&area=nayarit&pos=34
Nayarit,3,"$2,350,000
MXN","Se vende casa Málaga, Col. Ciudad del Valle, Tepic, Nayarit, México, C.P. 63157, ID: 29488788",3 Recámaras | 2 Baños | 180 m 2,https://propiedades.com/inmuebles/casa-en-venta-malaga-ciudad-del-valle-nayarit-29488788#pagina=3&tipos=casas-venta&area=nayarit&pos=35
Nayarit,3,"$11,900,000
MXN","Casa disponible en venta en Rtno de Las Mariposas, 63735 Nuevo Vallarta, Nay., Col. Villas Green Canal, Bahía de Banderas, Nayarit, México, C.P. 63735, ID: 30783998",4 Recámaras | 4 Baños | 234 m 2,https://propiedades.com/inmuebles/casa-en-venta-rtno-de-las-mariposas-63735-nuevo-vallarta-nay-villas-green-canal-nayarit-30783998#pagina=3&tipos=casas-venta&area=nayarit&pos=36
Nayarit,3,"$3,000,000
MXN","Venta de casa Fovissste las Brisas, 63117 Tepic, Nay. #58Int. 59, Col. Las Brisas, Tepic, Nayarit, México, C.P. 63117, ID: 30721175",2 Recámaras | 2 Baños | 200 m 2,https://propiedades.com/inmuebles/casa-en-venta-fovissste-las-brisas-63117-tepic-nay-58-las-brisas-nayarit-30721175#pagina=3&tipos=casas-venta&area=nayarit&pos=37
Nayarit,3,"$3,950,000
MXN","Venta casa en P.º de Macerata, Bonaterra, 63194 Tepic, Nay. #32, Col. Bonaterra, Tepic, Nayarit, México, C.P. 63194, ID: 30736328",3 Recámaras | 3 Baños | 200 m 2,https://propiedades.com/inmuebles/casa-en-venta-p-de-macerata-bonaterra-63194-tepic-nay-32-bonaterra-nayarit-30736328#pagina=3&tipos=casas-venta&area=nayarit&pos=38
Nayarit,3,"$2,780,700
MXN","Casa en venta, Av. Altavela s/n, Fraccionamiento Altavela, 63735 San Clemente de Lima, Nay. #s/nInt. 06, Col. Paraíso Vallarta, Bahía de Banderas, Nayarit, México, C.P. 63735, ID: 30682380",3 Recámaras | 2 Baños | 93 m 2,https://propiedades.com/inmuebles/casa-en-venta-av-altavela-sn-fraccionamiento-altavela-63735-san-clemente-de-lima-nay-sn-paraiso-vallarta-nayarit-30682380#pagina=3&tipos=casas-venta&area=nayarit&pos=39
Nayarit,3,"$460,000
MXN","Venta de casa en Av. Universidad, Cd del Valle, Tepic, Nay., Col. Ciudad del Valle, Tepic, Nayarit, México, C.P. 63157, ID: 30533989",3 Recámaras | 2 Baños | 205 m 2,https://propiedades.com/inmuebles/casa-en-venta-av-universidad-cd-del-valle-tepic-nay-ciudad-del-valle-nayarit-30533989#pagina=3&tipos=casas-venta&area=nayarit&pos=40
Nayarit,3,"$19,300,000
MXN","Se vende casa en Puntilla 39a, 63734 Cruz de Huanacaxtle, Nay. #39a, Col. Punta de Mita, Bahía de Banderas, Nayarit, México, C.P. 63734, ID: 30220154",3 Recámaras | 3 Baños | 365 m 2,https://propiedades.com/inmuebles/casa-en-venta-puntilla-39a-63734-cruz-de-huanacaxtle-nay-39a-punta-de-mita-nayarit-30220154#pagina=3&tipos=casas-venta&area=nayarit&pos=41
Nayarit,3,"$2,250,000
MXN","Venta de casa en Valle de San Angel #205, Col. Valle Dorado, Bahía de Banderas, Nayarit, México, C.P. 63735, ID: 29480850",3 Recámaras | 2 Baños | 65 m 2,https://propiedades.com/inmuebles/casa-en-venta-valle-de-san-angel-205-valle-dorado-nayarit-29480850#pagina=3&tipos=casas-venta&area=nayarit&pos=42
Nayarit,3,"$971,490
MXN","Casa disponible en venta en Clavel, Col. Jardines del Valle, Tepic, Nayarit, México, C.P. 63035, ID: 30144183",2 Recámaras | 1 Baño | 120 m 2,https://propiedades.com/inmuebles/casa-en-venta-clavel-jardines-del-valle-nayarit-30144183#pagina=3&tipos=casas-venta&area=nayarit&pos=43
Nayarit,3,"$4,500,000
MXN","Venta casa en Avenida Paseo Vallarta #300, Col. Flamingos, Bahía de Banderas, Nayarit, México, C.P. 63732, ID: 29470864",3 Recámaras | 3 Baños | 136 m 2,https://propiedades.com/inmuebles/casa-en-venta-avenida-paseo-vallarta-300-flamingos-nayarit-29470864#pagina=3&tipos=casas-venta&area=nayarit&pos=44
Nayarit,3,"$2,412,500
MXN","Venta de casa en PARAISO VALLARTA, Col. Altavela, Bahía de Banderas, Nayarit, México, C.P. 63735, ID: 25761689",2 Recámaras | 1 Baño | 83 m 2,https://propiedades.com/inmuebles/casa-en-venta-paraiso-vallarta-altavela-nayarit-25761689#pagina=3&tipos=casas-venta&area=nayarit&pos=45
Nayarit,3,"$2,800,000
MXN","Casa en venta disponible en Circuito Venus 25 #25, Col. Lomas del Sol, Bahía de Banderas, Nayarit, México, C.P. 63735, ID: 28908557",2 Recámaras | 2 Baños | 79 m 2,https://propiedades.com/inmuebles/casa-en-venta-circuito-venus-25-25-lomas-del-sol-nayarit-28908557#pagina=3&tipos=casas-venta&area=nayarit&pos=46
Nayarit,3,"$580,000
MXN","Se vende casa Valle de Kino 188, Col. 13 de Septiembre, Bahía de Banderas, Nayarit, México, C.P. 63735, ID: 28510000",2 Recámaras | 1 Baño | 44 m 2,https://propiedades.com/inmuebles/casa-en-venta-valle-de-kino-188-13-de-septiembre-nayarit-28510000#pagina=3&tipos=casas-venta&area=nayarit&pos=47
Nayarit,4,"$1,750,000
USD","Paseo de los Jaguares 46 #46, Col. Lomas del Sol, Bahía de Banderas, Nayarit, México, C.P. 63735, ID: 29500842",5 Recámaras | 5 Baños | 549 m 2,https://propiedades.com/inmuebles/casa-en-venta-paseo-de-los-jaguares-46-46-lomas-del-sol-nayarit-29500842#pagina=4&tipos=casas-venta&area=nayarit&pos=1
Nayarit,4,"$8,800,000
MXN","Se vende casa Privada IkalInt. 574, Col. Lomas del Sol, Bahía de Banderas, Nayarit, México, C.P. 63735, ID: 28916681",3 Recámaras | 4 Baños | 279 m 2,https://propiedades.com/inmuebles/casa-en-venta-privada-ikal-lomas-del-sol-nayarit-28916681#pagina=4&tipos=casas-venta&area=nayarit&pos=2
Nayarit,4,"$5,350,000
MXN","12 de Octubre #s/n, Col. Las Varas Centro, Compostela, Nayarit, México, C.P. 63715, ID: 30417193",5 Recámaras | 4 Baños | 197 m 2,https://propiedades.com/inmuebles/casa-en-venta-12-de-octubre-sn-las-varas-centro-nayarit-30417193#pagina=4&tipos=casas-venta&area=nayarit&pos=3
Nayarit,4,"$4,500,000
MXN","Bonaterra, 63194 Tepic, Nay., Col. El Armadillo, Tepic, Nayarit, México, C.P. 63194, ID: 30544643",3 Recámaras | 3 Baños | 270 m 2,https://propiedades.com/inmuebles/casa-en-venta-bonaterra-63194-tepic-nay-el-armadillo-nayarit-30544643#pagina=4&tipos=casas-venta&area=nayarit&pos=4
Nayarit,4,"$7,750,000
MXN","Se vende casa en Las Brisas, Tepic, Nay., Col. Las Brisas, Tepic, Nayarit, México, C.P. 63117, ID: 30544604",3 Recámaras | 3 Baños | 420 m 2,https://propiedades.com/inmuebles/casa-en-venta-las-brisas-tepic-nay-las-brisas-nayarit-30544604#pagina=4&tipos=casas-venta&area=nayarit&pos=5
Nayarit,4,"$1,650,000
MXN","Casa disponible en venta en Tulipanes 47, Jardines del Valle Amp, 63035 Tepic, Nay. #47, Col. Jardines del Valle, Tepic, Nayarit, México, C.P. 63035, ID: 30688877",2 Recámaras | 2 Baños | 70 m 2,https://propiedades.com/inmuebles/casa-en-venta-tulipanes-47-jardines-del-valle-amp-63035-tepic-nay-47-jardines-del-valle-nayarit-30688877#pagina=4&tipos=casas-venta&area=nayarit&pos=6
Nayarit,4,"$2,350,000
MXN","Casa en venta disponible en 63173 Tepic, Nayarit, Col. Villas del Parque, Tepic, Nayarit, México, C.P. 63173, ID: 30320571",3 Recámaras | 2 Baños | 109 m 2,https://propiedades.com/inmuebles/casa-en-venta-63173-tepic-nayarit-villas-del-parque-nayarit-30320571#pagina=4&tipos=casas-venta&area=nayarit&pos=7
Nayarit,4,"$555,000
USD","Lucio Blanco #22, Col. Loma Bonita, Bahía de Banderas, Nayarit, México, C.P. 63732, ID: 28525111",4 Recámaras | 4 Baños | 316 m 2,https://propiedades.com/inmuebles/casa-en-venta-lucio-blanco-22-loma-bonita-nayarit-28525111#pagina=4&tipos=casas-venta&area=nayarit&pos=8
Nayarit,4,"$1,780,000
MXN","Se vende casa , Col. Ojo de Agua, Tepic, Nayarit, México, C.P. 63023, ID: 28883403",3 Recámaras | 2 Baños | 120 m 2,https://propiedades.com/inmuebles/casa-en-venta-ojo-de-agua-nayarit-28883403#pagina=4&tipos=casas-venta&area=nayarit&pos=9
Nayarit,4,"$2,495,000
MXN","Coto Isla Tazmania Int. 15, Col. Paraíso Vallarta, Bahía de Banderas, Nayarit, México, C.P. 63735, ID: 30035083",3 Recámaras | 2 Baños | 98 m 2,https://propiedades.com/inmuebles/casa-en-venta-coto-isla-tazmania-paraiso-vallarta-nayarit-30035083#pagina=4&tipos=casas-venta&area=nayarit&pos=10
Nayarit,4,"$2,650,000
MXN","Se vende casa en Finca Señorial, Col. Villas del Parque, Tepic, Nayarit, México, C.P. 63173, ID: 29778831",3 Recámaras | 3 Baños | 111 m 2,https://propiedades.com/inmuebles/casa-en-venta-finca-senorial-villas-del-parque-nayarit-29778831#pagina=4&tipos=casas-venta&area=nayarit&pos=11
Nayarit,4,"$1,350,000
MXN","Casa en venta disponible en , Col. Cuauhtémoc, Tepic, Nayarit, México, C.P. 63180, ID: 29295219",2 Recámaras | 1 Baño | 75 m 2,https://propiedades.com/inmuebles/casa-en-venta-cuauhtemoc-nayarit-29295219#pagina=4&tipos=casas-venta&area=nayarit&pos=12
Nayarit,4,"$7,500,000
MXN","Venta casa en Ibis #45, Col. Cruz de Huanacaxtle, Bahía de Banderas, Nayarit, México, C.P. 63734, ID: 30411158",3 Recámaras | 2 Baños,https://propiedades.com/inmuebles/casa-en-venta-ibis-45-cruz-de-huanacaxtle-nayarit-30411158#pagina=4&tipos=casas-venta&area=nayarit&pos=13
Nayarit,4,"$7,200,000
MXN","Venta de casa Heroes Nayaritas, 63732 Bucerías, Nay. #5, Col. Colibrí, Bahía de Banderas, Nayarit, México, C.P. 63732, ID: 30682359",1 Recámara | 2 Baños | 66 m 2,https://propiedades.com/inmuebles/casa-en-venta-heroes-nayaritas-63732-bucerias-nay-5-colibri-nayarit-30682359#pagina=4&tipos=casas-venta&area=nayarit&pos=14
Nayarit,4,"$4,500,000
MXN","Casa en venta, Paseo de Bonaterra #82, Col. Bonaterra, Tepic, Nayarit, México, C.P. 63194, ID: 30396138",3 Recámaras | 3 Baños | 171 m 2,https://propiedades.com/inmuebles/casa-en-venta-paseo-de-bonaterra-82-bonaterra-nayarit-30396138#pagina=4&tipos=casas-venta&area=nayarit&pos=15
Nayarit,4,"$1,850,000
MXN","Venta de casa en Calle Nicolás Bravo Pte. 283, Centro, 63000 Tepic, Nay. #283, Col. Tepic Centro, Tepic, Nayarit, México, C.P. 63000, ID: 30577361",5 Recámaras | 2 Baños | 260 m 2,https://propiedades.com/inmuebles/casa-en-venta-calle-nicolas-bravo-pte-283-centro-63000-tepic-nay-283-tepic-centro-nayarit-30577361#pagina=4&tipos=casas-venta&area=nayarit&pos=16
Nayarit,4,"$4,250,000
MXN","Venta casa en Fraccionamiento Las Ceibas, 63735 Las Jarretaderas, Nay., Col. Las Jarretaderas, Bahía de Banderas, Nayarit, México, C.P. 63735, ID: 30435571",3 Recámaras | 2 Baños | 126 m 2,https://propiedades.com/inmuebles/casa-en-venta-fraccionamiento-las-ceibas-63735-las-jarretaderas-nay-las-jarretaderas-nayarit-30435571#pagina=4&tipos=casas-venta&area=nayarit&pos=17
Nayarit,4,"$2,250,000
MXN","63738 El Porvenir, Nay., Col. Valle de las Magnolias, Bahía de Banderas, Nayarit, México, C.P. 63738, ID: 30388602",2 Recámaras | 1 Baño,https://propiedades.com/inmuebles/casa-en-venta-63738-el-porvenir-nay-valle-de-las-magnolias-nayarit-30388602#pagina=4&tipos=casas-venta&area=nayarit&pos=18
Nayarit,4,"$1,690,000
MXN","C. Arena Blanca, 63735 Mezcales, Nay. #s/n, Col. Palma Real, Bahía de Banderas, Nayarit, México, C.P. 63737, ID: 30339070",2 Recámaras | 1 Baño | 60 m 2,https://propiedades.com/inmuebles/casa-en-venta-c-arena-blanca-63735-mezcales-nay-sn-palma-real-nayarit-30339070#pagina=4&tipos=casas-venta&area=nayarit&pos=19
Nayarit,4,"$3,500,000
MXN","Venta de casa P.º de Bari, Bonaterra, 63194 Tepic, Nay., Col. Bonaterra, Tepic, Nayarit, México, C.P. 63194, ID: 30358361",4 Recámaras | 3 Baños | 187 m 2,https://propiedades.com/inmuebles/casa-en-venta-p-de-bari-bonaterra-63194-tepic-nay-bonaterra-nayarit-30358361#pagina=4&tipos=casas-venta&area=nayarit&pos=20
Nayarit,4,"$10,000,000
MXN","Casa disponible en venta en Avenida Mexico 500 #500, Col. Nuevo Vallarta, Bahía de Banderas, Nayarit, México, C.P. 63735, ID: 29722993",3 Recámaras | 3 Baños | 200 m 2,https://propiedades.com/inmuebles/casa-en-venta-avenida-mexico-500-500-nuevo-vallarta-nayarit-29722993#pagina=4&tipos=casas-venta&area=nayarit&pos=21
Nayarit,4,"$1,100,000
MXN","Venta casa en Marlin 39 #s/n, Col. Playas de Huanacaxtle, Bahía de Banderas, Nayarit, México, C.P. 63732, ID: 29979813",1 Recámara | 1 Baño | 9 m 2,https://propiedades.com/inmuebles/casa-en-venta-marlin-39-sn-playas-de-huanacaxtle-nayarit-29979813#pagina=4&tipos=casas-venta&area=nayarit&pos=22
Nayarit,4,"$3,360,000
MXN","Independencia #s/n, Col. Simancas, Tepic, Nayarit, México, C.P. 63177, ID: 30456642",3 Recámaras | 2 Baños | 206 m 2,https://propiedades.com/inmuebles/casa-en-venta-independencia-sn-simancas-nayarit-30456642#pagina=4&tipos=casas-venta&area=nayarit&pos=23
Nayarit,4,"$16,500,000
MXN","Cipres #175, Col. Nuevo Vallarta, Bahía de Banderas, Nayarit, México, C.P. 63735, ID: 29808623",4 Recámaras | 5 Baños | 352 m 2,https://propiedades.com/inmuebles/casa-en-venta-cipres-175-nuevo-vallarta-nayarit-29808623#pagina=4&tipos=casas-venta&area=nayarit&pos=24
Nayarit,4,"$11,900,000
MXN","Casa en venta disponible en Paseo de Las Flores 16 #16Int. 1, Col. Villas Green Canal, Bahía de Banderas, Nayarit, México, C.P. 63735, ID: 30191146",4 Recámaras | 4 Baños | 234 m 2,https://propiedades.com/inmuebles/casa-en-venta-paseo-de-las-flores-16-16-villas-green-canal-nayarit-30191146#pagina=4&tipos=casas-venta&area=nayarit&pos=25
Nayarit,4,"$580,000
MXN","Valle de Kino 188 #188, Col. San Clemente de Lima, Bahía de Banderas, Nayarit, México, C.P. 63735, ID: 29687174",2 Recámaras | 1 Baño | 55 m 2,https://propiedades.com/inmuebles/casa-en-venta-valle-de-kino-188-188-san-clemente-de-lima-nayarit-29687174#pagina=4&tipos=casas-venta&area=nayarit&pos=26
Nayarit,4,"$18,000,000
MXN","Venta de casa MANGO PARAÍSO #127 , Col. Flamingos, Bahía de Banderas, Nayarit, México, C.P. 63732, ID: 29714073",4 Recámaras | 3 Baños | 350 m 2,https://propiedades.com/inmuebles/casa-en-venta-mango-paraiso-127-flamingos-nayarit-29714073#pagina=4&tipos=casas-venta&area=nayarit&pos=27
Nayarit,4,"$850,000
USD","Venta de casa P.º Paraiso 800, El Tigre, 63732 Nuevo Vallarta, Nay. #800, Col. Nuevo Vallarta, Bahía de Banderas, Nayarit, México, C.P. 63735, ID: 30616068",4 Recámaras | 3 Baños | 352 m 2,https://propiedades.com/inmuebles/casa-en-venta-p-paraiso-800-el-tigre-63732-nuevo-vallarta-nay-800-nuevo-vallarta-nayarit-30616068#pagina=4&tipos=casas-venta&area=nayarit&pos=28
Nayarit,4,"$1,550,000
MXN","EL PARQUE CENTRAL #246, Col. El Parque, Bahía de Banderas, Nayarit, México, C.P. 63737, ID: 30191093",3 Recámaras | 2 Baños | 69 m 2,https://propiedades.com/inmuebles/casa-en-venta-el-parque-central-246-el-parque-nayarit-30191093#pagina=4&tipos=casas-venta&area=nayarit&pos=29
Nayarit,4,"$3,800,000
MXN","Venta casa en Cerrada Delfines 7 Bahias Azul #7, Col. Costa Coral, Bahía de Banderas, Nayarit, México, C.P. 63735, ID: 29931893",3 Recámaras | 2 Baños | 119 m 2,https://propiedades.com/inmuebles/casa-en-venta-cerrada-delfines-7-bahias-azul-7-costa-coral-nayarit-29931893#pagina=4&tipos=casas-venta&area=nayarit&pos=30
Nayarit,4,"$3,900,000
MXN","Venta casa en Privada de la Lluvia #36, Col. Mezcales, Bahía de Banderas, Nayarit, México, C.P. 63735, ID: 29808778",2 Recámaras | 2 Baños | 129 m 2,https://propiedades.com/inmuebles/casa-en-venta-privada-de-la-lluvia-36-mezcales-nayarit-29808778#pagina=4&tipos=casas-venta&area=nayarit&pos=31
Nayarit,4,"$3,750,000
MXN","Casa en venta, Av. Valle de Tlaxcala 1109, Valle Dorado, 63735 Mezcales, Nay. #1109, Col. San Clemente de Lima, Bahía de Banderas, Nayarit, México, C.P. 63735, ID: 30784162",3 Recámaras | 2 Baños | 110 m 2,https://propiedades.com/inmuebles/casa-en-venta-av-valle-de-tlaxcala-1109-valle-dorado-63735-mezcales-nay-1109-san-clemente-de-lima-nayarit-30784162#pagina=4&tipos=casas-venta&area=nayarit&pos=32
Nayarit,4,"$3,970,000
MXN","Venta de casa Circuito Ceres, Col. Las Jarretaderas, Bahía de Banderas, Nayarit, México, C.P. 63735, ID: 29946216",3 Recámaras | 2 Baños | 79 m 2,https://propiedades.com/inmuebles/casa-en-venta-circuito-ceres-las-jarretaderas-nayarit-29946216#pagina=4&tipos=casas-venta&area=nayarit&pos=33
Nayarit,4,"$6,500,000
MXN","Se vende casa en Salina Cruz #s/n, Col. La Peñita de Jaltemba Centro, Compostela, Nayarit, México, C.P. 63720, ID: 29270766",5 Recámaras | 2 Baños | 239 m 2,https://propiedades.com/inmuebles/casa-en-venta-salina-cruz-sn-la-penita-de-jaltemba-centro-nayarit-29270766#pagina=4&tipos=casas-venta&area=nayarit&pos=34
Nayarit,4,"$1,990,000
MXN","Venta de casa en Mar Rojo #200, Col. Altavela, Bahía de Banderas, Nayarit, México, C.P. 63735, ID: 30191076",3 Recámaras | 2 Baños | 98 m 2,https://propiedades.com/inmuebles/casa-en-venta-mar-rojo-200-altavela-nayarit-30191076#pagina=4&tipos=casas-venta&area=nayarit&pos=35
Nayarit,4,"$9,420,400
MXN","Se vende casa en Av Mexico 540, 63735 Las Jarretaderas, Nay. #540, Col. Lomas del Sol, Bahía de Banderas, Nayarit, México, C.P. 63735, ID: 30505175",4 Recámaras | 3 Baños | 284 m 2,https://propiedades.com/inmuebles/casa-en-venta-av-mexico-540-63735-las-jarretaderas-nay-540-lomas-del-sol-nayarit-30505175#pagina=4&tipos=casas-venta&area=nayarit&pos=36
Nayarit,4,"$1,450,000
MXN","63738 El Porvenir, Nay., Col. Valle de las Magnolias, Bahía de Banderas, Nayarit, México, C.P. 63738, ID: 30388614",2 Recámaras | 1 Baño,https://propiedades.com/inmuebles/casa-en-venta-63738-el-porvenir-nay-valle-de-las-magnolias-nayarit-30388614#pagina=4&tipos=casas-venta&area=nayarit&pos=37
Nayarit,4,"$5,100,000
MXN","Avenida Paseo Vallarta 10 #10, Col. Villas las Parotas, Bahía de Banderas, Nayarit, México, C.P. 63732, ID: 30180371",3 Recámaras | 3 Baños | 144 m 2,https://propiedades.com/inmuebles/casa-en-venta-avenida-paseo-vallarta-10-10-villas-las-parotas-nayarit-30180371#pagina=4&tipos=casas-venta&area=nayarit&pos=38
Nayarit,4,"$5,500,000
MXN","Se vende casa en Av. P.º de los Flamingos, Flamingos, Club Residencial, 63732 Flamingos, Nay., Col. Villas las Parotas, Bahía de Banderas, Nayarit, México, C.P. 63732, ID: 30575014",4 Recámaras | 3 Baños | 163 m 2,https://propiedades.com/inmuebles/casa-en-venta-av-p-de-los-flamingos-flamingos-club-residencial-63732-flamingos-nay-villas-las-parotas-nayarit-30575014#pagina=4&tipos=casas-venta&area=nayarit&pos=39
Nayarit,4,"$2,295,000
MXN","Venta de casa Cto. Morfeo 100, Fraccionamiento Las Ceibas, 63735 Nuevo Vallarta, Nay. #100, Col. Lomas del Sol, Bahía de Banderas, Nayarit, México, C.P. 63735, ID: 30736209",3 Recámaras | 1 Baño | 60 m 2,https://propiedades.com/inmuebles/casa-en-venta-cto-morfeo-100-fraccionamiento-las-ceibas-63735-nuevo-vallarta-nay-100-lomas-del-sol-nayarit-30736209#pagina=4&tipos=casas-venta&area=nayarit&pos=40
Nayarit,4,"$2,400,000
MXN","Casa en venta disponible en 12 de Octubre #72, Col. Deportiva, Bahía de Banderas, Nayarit, México, C.P. 63735, ID: 29990410",3 Recámaras | 3 Baños | 87 m 2,https://propiedades.com/inmuebles/casa-en-venta-12-de-octubre-72-deportiva-nayarit-29990410#pagina=4&tipos=casas-venta&area=nayarit&pos=41
Nayarit,4,"$810,000
MXN","Casa en venta, Paseo de las Gaviotas, Col. Villas Green Canal, Bahía de Banderas, Nayarit, México, C.P. 63735, ID: 30168891",3 Recámaras | 2 Baños | 190 m 2,https://propiedades.com/inmuebles/casa-en-venta-paseo-de-las-gaviotas-villas-green-canal-nayarit-30168891#pagina=4&tipos=casas-venta&area=nayarit&pos=42
Nayarit,4,"$13,000,000
MXN","Venta casa en AVENIDA PASEO DE LAS PALMAS #00, Col. Náutico Turístico, Bahía de Banderas, Nayarit, México, C.P. 63735, ID: 29962270",4 Recámaras | 5 Baños | 310 m 2,https://propiedades.com/inmuebles/casa-en-venta-avenida-paseo-de-las-palmas-00-nautico-turistico-nayarit-29962270#pagina=4&tipos=casas-venta&area=nayarit&pos=43
Nayarit,4,"$1,982,000
MXN","Casa en venta disponible en osa mayor 17 fraccionamiento puerta del sol, Col. Puerta del Sol, Xalisco, Nayarit, México, C.P. 63783, ID: 30161874",2 Recámaras | 1 Baño | 66 m 2,https://propiedades.com/inmuebles/casa-en-venta-osa-mayor-17-fraccionamiento-puerta-del-sol-puerta-del-sol-nayarit-30161874#pagina=4&tipos=casas-venta&area=nayarit&pos=44
Nayarit,4,"$5,300,000
MXN","Venta de casa Avenida Estaciones #AGAVE AZUL, Col. Villas las Parotas, Bahía de Banderas, Nayarit, México, C.P. 63732, ID: 30018219",3 Recámaras | 2 Baños | 190 m 2,https://propiedades.com/inmuebles/casa-en-venta-avenida-estaciones-agave-azul-villas-las-parotas-nayarit-30018219#pagina=4&tipos=casas-venta&area=nayarit&pos=45
Nayarit,4,"$1,700,000
MXN","Venta casa en 63507 Nay., Col. El Izote, Tepic, Nayarit, México, C.P. 63505, ID: 30367443",4 Recámaras | 2 Baños | 122 m 2,https://propiedades.com/inmuebles/casa-en-venta-63507-nay-el-izote-nayarit-30367443#pagina=4&tipos=casas-venta&area=nayarit&pos=46
Nayarit,4,"$967,890
MXN","Venta de casa Nápoles 66 #66, Col. Ciudad del Valle, Tepic, Nayarit, México, C.P. 63157, ID: 29713382",3 Recámaras | 2 Baños | 120 m 2,https://propiedades.com/inmuebles/casa-en-venta-napoles-66-66-ciudad-del-valle-nayarit-29713382#pagina=4&tipos=casas-venta&area=nayarit&pos=47
Nayarit,5,"$900,000
MXN","Se vende casa Coto Lluvia #320, Col. Punta de Mita, Bahía de Banderas, Nayarit, México, C.P. 63734, ID: 29957417",,https://propiedades.com/inmuebles/casa-en-venta-coto-lluvia-320-punta-de-mita-nayarit-29957417#pagina=5&tipos=casas-venta&area=nayarit&pos=1
Nayarit,5,"$20,000,000
MXN","Se vende casa en Los tigres #s/n, Col. Lomas del Sol, Bahía de Banderas, Nayarit, México, C.P. 63735, ID: 29961902",4 Recámaras | 5 Baños | 485 m 2,https://propiedades.com/inmuebles/casa-en-venta-los-tigres-sn-lomas-del-sol-nayarit-29961902#pagina=5&tipos=casas-venta&area=nayarit&pos=2
Nayarit,5,"$1,050,000
MXN","Casa en venta, General Santiago Valle 18 #18, Col. Luis Donaldo Colosio, Compostela, Nayarit, México, C.P. 63702, ID: 29544483",2 Recámaras | 2 Baños | 100 m 2,https://propiedades.com/inmuebles/casa-en-venta-general-santiago-valle-18-18-luis-donaldo-colosio-nayarit-29544483#pagina=5&tipos=casas-venta&area=nayarit&pos=3
Nayarit,5,"$590,000
MXN","Casa disponible en venta en Avenida Madre Tierra, Col. Nayarabastos, Tepic, Nayarit, México, C.P. 63173, ID: 30038722",4 Recámaras | 3 Baños | 160 m 2,https://propiedades.com/inmuebles/casa-en-venta-avenida-madre-tierra-nayarabastos-nayarit-30038722#pagina=5&tipos=casas-venta&area=nayarit&pos=4
Nayarit,5,"$530,000,000
MXN","Venta de casa Av. Rincón del Cielo, Valle Dorado, 63735 Mezcales, Nay., Col. Rincón del Cielo, Bahía de Banderas, Nayarit, México, C.P. 63735, ID: 30731127",3 Recámaras | 2 Baños,https://propiedades.com/inmuebles/casa-en-venta-av-rincon-del-cielo-valle-dorado-63735-mezcales-nay-rincon-del-cielo-nayarit-30731127#pagina=5&tipos=casas-venta&area=nayarit&pos=5
Nayarit,5,"$3,730,000
MXN","Venta casa en Avenida Rincón del Cielo, Col. Deportiva, Bahía de Banderas, Nayarit, México, C.P. 63735, ID: 30181543",3 Recámaras | 2 Baños | 120 m 2,https://propiedades.com/inmuebles/casa-en-venta-avenida-rincon-del-cielo-deportiva-nayarit-30181543#pagina=5&tipos=casas-venta&area=nayarit&pos=6
Nayarit,5,"$1,475,000
MXN","Casa disponible en venta en Circuito Paseo del Sol, Col. Colinas de Xalisco, Xalisco, Nayarit, México, C.P. 63787, ID: 29808295",4 Recámaras | 2 Baños | 120 m 2,https://propiedades.com/inmuebles/casa-en-venta-circuito-paseo-del-sol-colinas-de-xalisco-nayarit-29808295#pagina=5&tipos=casas-venta&area=nayarit&pos=7
Nayarit,5,"$12,000,000
MXN","Venta casa en Avenida Mexico #500, Col. Nuevo Vallarta, Bahía de Banderas, Nayarit, México, C.P. 63735, ID: 29700326",4 Recámaras | 4 Baños | 310 m 2,https://propiedades.com/inmuebles/casa-en-venta-avenida-mexico-500-nuevo-vallarta-nayarit-29700326#pagina=5&tipos=casas-venta&area=nayarit&pos=8
Nayarit,5,"$1,350,000
USD","El Tigre, 63735 Nuevo Vallarta, Nay. #s/n, Col. Real Nuevo Vallarta, Bahía de Banderas, Nayarit, México, C.P. 63735, ID: 30801104",3 Recámaras | 3 Baños | 424 m 2,https://propiedades.com/inmuebles/casa-en-venta-el-tigre-63735-nuevo-vallarta-nay-sn-real-nuevo-vallarta-nayarit-30801104#pagina=5&tipos=casas-venta&area=nayarit&pos=9
Nayarit,5,"$7,390,000
MXN","Venta casa en vilanova casa 1319 #143Int. 1319, Col. Lomas del Sol, Bahía de Banderas, Nayarit, México, C.P. 63735, ID: 29507937",4 Recámaras | 3 Baños | 175 m 2,https://propiedades.com/inmuebles/casa-en-venta-vilanova-casa-1319-143-lomas-del-sol-nayarit-29507937#pagina=5&tipos=casas-venta&area=nayarit&pos=10
Nayarit,5,"$620,000
MXN","Casa en venta, Ing. Aguayo, Adolfo López Mateos, Tepic, Nay., Col. Adolfo López Mateos, Tepic, Nayarit, México, C.P. 63021, ID: 30503177",3 Recámaras | 2 Baños | 160 m 2,https://propiedades.com/inmuebles/casa-en-venta-ing-aguayo-adolfo-lopez-mateos-tepic-nay-adolfo-lopez-mateos-nayarit-30503177#pagina=5&tipos=casas-venta&area=nayarit&pos=11
Nayarit,5,"$2,000,000
MXN","Venta casa en Paseo del sol #65, Col. Lomas Xalisco, Xalisco, Nayarit, México, C.P. 63780, ID: 29957975",3 Recámaras | 2 Baños,https://propiedades.com/inmuebles/casa-en-venta-paseo-del-sol-65-lomas-xalisco-nayarit-29957975#pagina=5&tipos=casas-venta&area=nayarit&pos=12
Nayarit,5,"$1,613,000
MXN","Se vende casa Brasilia 52 #52, Col. Ciudad del Valle, Tepic, Nayarit, México, C.P. 63157, ID: 30018650",4 Recámaras | 4 Baños | 210 m 2,https://propiedades.com/inmuebles/casa-en-venta-brasilia-52-52-ciudad-del-valle-nayarit-30018650#pagina=5&tipos=casas-venta&area=nayarit&pos=13
Nayarit,5,"$12,700,000
MXN","Se vende casa Playa Destiladeras, Flamingos, 63735 Nuevo Vallarta, Nay., Col. Rinconada de Banderas, Bahía de Banderas, Nayarit, México, C.P. 63735, ID: 30602357",7 Recámaras | 7 Baños | 408 m 2,https://propiedades.com/inmuebles/casa-en-venta-playa-destiladeras-flamingos-63735-nuevo-vallarta-nay-rinconada-de-banderas-nayarit-30602357#pagina=5&tipos=casas-venta&area=nayarit&pos=14
Nayarit,5,"$2,450,000
MXN","Se vende casa Avenida Ave del Paraíso #s/n, Col. Paraíso Vallarta, Bahía de Banderas, Nayarit, México, C.P. 63735, ID: 30054058",3 Recámaras | 3 Baños | 119 m 2,https://propiedades.com/inmuebles/casa-en-venta-avenida-ave-del-paraiso-sn-paraiso-vallarta-nayarit-30054058#pagina=5&tipos=casas-venta&area=nayarit&pos=15
Nayarit,5,"$2,300,000
MXN","Casa en venta disponible en Av Paraíso - Zitadela, Col. Las Pilas, Del Nayar, Nayarit, México, C.P. 63547, ID: 30431837",2 Recámaras | 1 Baño | 83 m 2,https://propiedades.com/inmuebles/casa-en-venta-av-paraiso-zitadela-las-pilas-nayarit-30431837#pagina=5&tipos=casas-venta&area=nayarit&pos=16
Nayarit,5,"$980,000
MXN","Venta de casa en , Col. Vistas de La Cantera, Tepic, Nayarit, México, C.P. 63173, ID: 28973751",2 Recámaras | 2 Baños | 81 m 2,https://propiedades.com/inmuebles/casa-en-venta-vistas-de-la-cantera-nayarit-28973751#pagina=5&tipos=casas-venta&area=nayarit&pos=17
Nayarit,5,"$2,490,000
MXN","Se vende casa en Rio Papaloapan, Col. Los Fresnos Oriente, Tepic, Nayarit, México, C.P. 63190, ID: 29808291",2 Recámaras | 1 Baño | 185 m 2,https://propiedades.com/inmuebles/casa-en-venta-rio-papaloapan-los-fresnos-oriente-nayarit-29808291#pagina=5&tipos=casas-venta&area=nayarit&pos=18
Nayarit,5,"$7,800,000
MXN","Casa en venta disponible en El Armadillo, 63792 Tepic, Nay. #s/n, Col. El Armadillo, Tepic, Nayarit, México, C.P. 63194, ID: 30456634",1 Recámara | 1 Baño | 144 m 2,https://propiedades.com/inmuebles/casa-en-venta-el-armadillo-63792-tepic-nay-sn-el-armadillo-nayarit-30456634#pagina=5&tipos=casas-venta&area=nayarit&pos=19
Nayarit,5,"$4,450,000
MXN","Se vende casa P.º Vulcano 230, Fraccionamiento Las Ceibas, 63735 Las Jarretaderas, Nay. #230, Col. Las Ceibas, Bahía de Banderas, Nayarit, México, C.P. 63735, ID: 30821767",3 Recámaras | 2 Baños | 110 m 2,https://propiedades.com/inmuebles/casa-en-venta-p-vulcano-230-fraccionamiento-las-ceibas-63735-las-jarretaderas-nay-230-las-ceibas-nayarit-30821767#pagina=5&tipos=casas-venta&area=nayarit&pos=20
Nayarit,5,"$2,300,000
MXN","Se vende casa en C. Hidalgo, La Cruz, Xalisco, Nay., Col. Xalisco Centro, Xalisco, Nayarit, México, C.P. 63780, ID: 30642978",3 Recámaras | 1 Baño | 128 m 2,https://propiedades.com/inmuebles/casa-en-venta-c-hidalgo-la-cruz-xalisco-nay-xalisco-centro-nayarit-30642978#pagina=5&tipos=casas-venta&area=nayarit&pos=21
Nayarit,5,"$3,500,000
MXN","Se vende casa queretaro y miñon #0, Col. Tepic Centro, Tepic, Nayarit, México, C.P. 63000, ID: 30383761",2 Recámaras | 1 Baño | 250 m 2,https://propiedades.com/inmuebles/casa-en-venta-queretaro-y-minon-tepic-centro-nayarit-30383761#pagina=5&tipos=casas-venta&area=nayarit&pos=22
Nayarit,5,"$2,400,000
MXN","Casa en venta disponible en Valle Dorado, 63735 Mezcales, Nay. #159, Col. Deportiva, Bahía de Banderas, Nayarit, México, C.P. 63735, ID: 30660781",2 Recámaras | 1 Baño | 78 m 2,https://propiedades.com/inmuebles/casa-en-venta-valle-dorado-63735-mezcales-nay-159-deportiva-nayarit-30660781#pagina=5&tipos=casas-venta&area=nayarit&pos=23
Nayarit,5,"$1,850,000
MXN","Casa en venta disponible en paseo de yucatan #s/n, Col. San José, Bahía de Banderas, Nayarit, México, C.P. 63737, ID: 29755696",2 Recámaras | 1 Baño | 90 m 2,https://propiedades.com/inmuebles/casa-en-venta-paseo-de-yucatan-sn-san-jose-nayarit-29755696#pagina=5&tipos=casas-venta&area=nayarit&pos=24
Nayarit,5,"$6,600,000
MXN","Venta de casa en Palma del Rey 158, 63735 Las Jarretaderas, Nay. #158, Col. Lomas del Sol, Bahía de Banderas, Nayarit, México, C.P. 63735, ID: 30602350",4 Recámaras | 4 Baños | 240 m 2,https://propiedades.com/inmuebles/casa-en-venta-palma-del-rey-158-63735-las-jarretaderas-nay-158-lomas-del-sol-nayarit-30602350#pagina=5&tipos=casas-venta&area=nayarit&pos=25
Nayarit,5,"$79,000,000
MXN","Se vende casa en C. Rcda. Careyero 140, Punta Negra, 63734 Punta Mita, Nay. #140, Col. Punta de Mita, Bahía de Banderas, Nayarit, México, C.P. 63734, ID: 30482812",11 Recámaras | 16 Baños | 1000 m 2,https://propiedades.com/inmuebles/casa-en-venta-c-rcda-careyero-140-punta-negra-63734-punta-mita-nay-140-punta-de-mita-nayarit-30482812#pagina=5&tipos=casas-venta&area=nayarit&pos=26
Nayarit,5,"$1,650,000
MXN","Acuitapilco, Col. Esteban Baca Calderón, Tepic, Nayarit, México, C.P. 63177, ID: 29222963",3 Recámaras | 2 Baños | 85 m 2,https://propiedades.com/inmuebles/casa-en-venta-acuitapilco-esteban-baca-calderon-nayarit-29222963#pagina=5&tipos=casas-venta&area=nayarit&pos=27
Nayarit,5,"$2,250,000
MXN","Se vende casa , Col. Colinas del Valle, Tepic, Nayarit, México, C.P. 63173, ID: 29222967",3 Recámaras | 2 Baños | 130 m 2,https://propiedades.com/inmuebles/casa-en-venta-colinas-del-valle-nayarit-29222967#pagina=5&tipos=casas-venta&area=nayarit&pos=28
Nayarit,5,"$4,450,000
MXN","Casa en venta, P.º Vulcano, Fraccionamiento Las Ceibas, 63735 Las Jarretaderas, Nay. #5, Col. Lomas del Sol, Bahía de Banderas, Nayarit, México, C.P. 63735, ID: 30435050",3 Recámaras | 2 Baños | 110 m 2,https://propiedades.com/inmuebles/casa-en-venta-p-vulcano-fraccionamiento-las-ceibas-63735-las-jarretaderas-nay-5-lomas-del-sol-nayarit-30435050#pagina=5&tipos=casas-venta&area=nayarit&pos=29
Nayarit,5,"$7,800,000
MXN","Mirlo #34, Col. Rincón de Guayabitos, Compostela, Nayarit, México, C.P. 63724, ID: 29945972",3 Recámaras | 3 Baños | 185 m 2,https://propiedades.com/inmuebles/casa-en-venta-mirlo-34-rincon-de-guayabitos-nayarit-29945972#pagina=5&tipos=casas-venta&area=nayarit&pos=30
Nayarit,5,"$3,800,000
MXN","Calle Paseo de Hamburgo 19 #19, Col. Ciudad del Valle, Tepic, Nayarit, México, C.P. 63157, ID: 29797140",5 Recámaras | 2 Baños | 127 m 2,https://propiedades.com/inmuebles/casa-en-venta-calle-paseo-de-hamburgo-19-19-ciudad-del-valle-nayarit-29797140#pagina=5&tipos=casas-venta&area=nayarit&pos=31
Nayarit,5,"$1,990,000
MXN","Casa disponible en venta en Av Paseo de la Costa #s/n, Col. Valle Dorado, Bahía de Banderas, Nayarit, México, C.P. 63735, ID: 30325074",2 Recámaras | 1 Baño | 53 m 2,https://propiedades.com/inmuebles/casa-en-venta-av-paseo-de-la-costa-sn-valle-dorado-nayarit-30325074#pagina=5&tipos=casas-venta&area=nayarit&pos=32
Nayarit,5,"$5,900,000
MXN","Casa en venta disponible en CEDROS Flamingos, 63732 Bucerías, Nay. #67, Col. Flamingos, Bahía de Banderas, Nayarit, México, C.P. 63732, ID: 30854828",4 Recámaras | 3 Baños | 199 m 2,https://propiedades.com/inmuebles/casa-en-venta-cedros-flamingos-63732-bucerias-nay-67-flamingos-nayarit-30854828#pagina=5&tipos=casas-venta&area=nayarit&pos=33
Nayarit,5,"$2,412,500
MXN","Casa en venta, Av. Paraíso Supermanzana Zitadela, 63735 Las Pilas, Nay. #s/n, Col. Paraíso Vallarta, Bahía de Banderas, Nayarit, México, C.P. 63735, ID: 30869198",2 Recámaras | 1 Baño | 83 m 2,https://propiedades.com/inmuebles/casa-en-venta-av-paraiso-supermanzana-zitadela-63735-las-pilas-nay-sn-paraiso-vallarta-nayarit-30869198#pagina=5&tipos=casas-venta&area=nayarit&pos=34
Nayarit,5,"$4,850,000
MXN","Venta casa en Av. Paseo Vallarta 300, Flamingos, 63732 Flamingos, Nay. #300Int. 46, Col. Flamingos, Bahía de Banderas, Nayarit, México, C.P. 63732, ID: 30339072",4 Recámaras | 3 Baños | 146 m 2,https://propiedades.com/inmuebles/casa-en-venta-av-paseo-vallarta-300-flamingos-63732-flamingos-nay-300-flamingos-nayarit-30339072#pagina=5&tipos=casas-venta&area=nayarit&pos=35
Nayarit,5,"$4,200,000
MXN","Casa disponible en venta en Avenida Rincón del CieloInt. 85, Col. Deportiva, Bahía de Banderas, Nayarit, México, C.P. 63735, ID: 28938199",3 Recámaras | 2 Baños | 120 m 2,https://propiedades.com/inmuebles/casa-en-venta-avenida-rincon-del-cielo-deportiva-nayarit-28938199#pagina=5&tipos=casas-venta&area=nayarit&pos=36
Nayarit,5,"$4,750,000
MXN","Casa en venta, Independencia 14, Costa Coral, 63735 Las Jarretaderas, Nay. #s/n, Col. Real Nuevo Vallarta, Bahía de Banderas, Nayarit, México, C.P. 63735, ID: 30887896",3 Recámaras | 2 Baños | 150 m 2,https://propiedades.com/inmuebles/casa-en-venta-independencia-14-costa-coral-63735-las-jarretaderas-nay-sn-real-nuevo-vallarta-nayarit-30887896#pagina=5&tipos=casas-venta&area=nayarit&pos=37
Nayarit,5,"$8,350,000
MXN","Venta de casa en Av. Estaciones, 63732 Bucerías, Nay., Col. Villas las Parotas, Bahía de Banderas, Nayarit, México, C.P. 63732, ID: 30854507",4 Recámaras | 4 Baños | 209 m 2,https://propiedades.com/inmuebles/casa-en-venta-av-estaciones-63732-bucerias-nay-villas-las-parotas-nayarit-30854507#pagina=5&tipos=casas-venta&area=nayarit&pos=38
Nayarit,5,"$10,266,000
MXN","Se vende casa caballo #2875, Col. Sayulita, Bahía de Banderas, Nayarit, México, C.P. 63734, ID: 31008612",3 Recámaras | 3 Baños | 308 m 2,https://propiedades.com/inmuebles/casa-en-venta-caballo-2875-sayulita-nayarit-31008612#pagina=5&tipos=casas-venta&area=nayarit&pos=39
Nayarit,5,"$2,480,000
MXN","Casa disponible en venta en Ejido 26, Heriberto Casas, 63080 Tepic, Nay. #26Int. 0, Col. Heriberto Casas, Tepic, Nayarit, México, C.P. 63080, ID: 30924755",4 Recámaras | 3 Baños | 190 m 2,https://propiedades.com/inmuebles/casa-en-venta-ejido-26-heriberto-casas-63080-tepic-nay-26-heriberto-casas-nayarit-30924755#pagina=5&tipos=casas-venta&area=nayarit&pos=40
Nayarit,5,"$3,250,000
MXN","Se vende casa en Zacatecas Sur, San Antonio, Tepic, Nay. #255, Col. San Antonio, Tepic, Nayarit, México, C.P. 63159, ID: 30913262",6 Recámaras | 3 Baños | 264 m 2,https://propiedades.com/inmuebles/casa-en-venta-zacatecas-sur-san-antonio-tepic-nay-255-san-antonio-nayarit-30913262#pagina=5&tipos=casas-venta&area=nayarit&pos=41
Nayarit,5,"$9,157,500
MXN","Venta de casa Avenida Estaciones, Col. Palma Real, Bahía de Banderas, Nayarit, México, C.P. 63737, ID: 30641029",3 Recámaras | 3 Baños | 244 m 2,https://propiedades.com/inmuebles/casa-en-venta-avenida-estaciones-palma-real-nayarit-30641029#pagina=5&tipos=casas-venta&area=nayarit&pos=42
Nayarit,5,"$2,849,600
MXN","Paseo de Vulcano, Col. Las Ceibas, Bahía de Banderas, Nayarit, México, C.P. 63735, ID: 30579400",2 Recámaras | 2 Baños | 88 m 2,https://propiedades.com/inmuebles/casa-en-venta-paseo-de-vulcano-las-ceibas-nayarit-30579400#pagina=5&tipos=casas-venta&area=nayarit&pos=43
Nayarit,5,"$1,980,000
MXN","Gobernadores, 63175 Tepic, Nay., Col. Gobernadores, Tepic, Nayarit, México, C.P. 63175, ID: 30917530",3 Recámaras | 2 Baños,https://propiedades.com/inmuebles/casa-en-venta-gobernadores-63175-tepic-nay-gobernadores-nayarit-30917530#pagina=5&tipos=casas-venta&area=nayarit&pos=44
Nayarit,5,"$5,450,000
MXN","Venta de casa Puesta del Sol, Col. Mezcales, Bahía de Banderas, Nayarit, México, C.P. 63735, ID: 30678532",3 Recámaras | 2 Baños | 154 m 2,https://propiedades.com/inmuebles/casa-en-venta-puesta-del-sol-mezcales-nayarit-30678532#pagina=5&tipos=casas-venta&area=nayarit&pos=45
Nayarit,5,"$6,000,000
MXN","Se vende casa Col. Librado Rivera, Compostela, Nayarit, México, C.P. 63704, ID: 31012257",186 m 2,https://propiedades.com/inmuebles/casa-en-venta-librado-rivera-nayarit-31012257#pagina=5&tipos=casas-venta&area=nayarit&pos=46
Nayarit,5,"$2,980,000
MXN","Casa en venta, El Quevedeño, 63174 Tepic, Nay., Col. Flores Magón, Tepic, Nayarit, México, C.P. 63174, ID: 31008394",3 Recámaras | 2 Baños | 165 m 2,https://propiedades.com/inmuebles/casa-en-venta-el-quevedeno-63174-tepic-nay-flores-magon-nayarit-31008394#pagina=5&tipos=casas-venta&area=nayarit&pos=47
Nayarit,6,"$2,350,000
MXN","Venta de casa en Colonia, 63039 Tepic, Nay., Col. Social Progresivo Cuba, Tepic, Nayarit, México, C.P. 63039, ID: 30960189",3 Recámaras | 2 Baños | 140 m 2,https://propiedades.com/inmuebles/casa-en-venta-colonia-63039-tepic-nay-social-progresivo-cuba-nayarit-30960189#pagina=6&tipos=casas-venta&area=nayarit&pos=1
Nayarit,6,"$4,300,000
MXN","Calle San Luis 368 Sur #368, Col. San Antonio, Tepic, Nayarit, México, C.P. 63159, ID: 30581207",3 Recámaras | 3 Baños | 189 m 2,https://propiedades.com/inmuebles/casa-en-venta-calle-san-luis-368-sur-368-san-antonio-nayarit-30581207#pagina=6&tipos=casas-venta&area=nayarit&pos=2
Nayarit,6,"$18,880,000
MXN","Se vende casa Av México 153, Los Tigres Residencial, 63735 Nuevo Vallarta, Nay., Col. Lomas del Sol, Bahía de Banderas, Nayarit, México, C.P. 63735, ID: 30990565",4 Recámaras | 5 Baños | 382 m 2,https://propiedades.com/inmuebles/casa-en-venta-av-mexico-153-los-tigres-residencial-63735-nuevo-vallarta-nay-lomas-del-sol-nayarit-30990565#pagina=6&tipos=casas-venta&area=nayarit&pos=3
Nayarit,6,"$1,500,000
MXN","Venta de casa en Calle Paseo de la Colina 8 #8, Col. Trigomil, Xalisco, Nayarit, México, C.P. 63791, ID: 30077688",3 Recámaras | 1 Baño | 90 m 2,https://propiedades.com/inmuebles/casa-en-venta-calle-paseo-de-la-colina-8-8-trigomil-nayarit-30077688#pagina=6&tipos=casas-venta&area=nayarit&pos=4
Nayarit,6,"$1,250,000
MXN","Zafiro 989, Villas de la Cantera, 63173 Tepic, Nay. #989, Col. Villas de La Cantera, Tepic, Nayarit, México, C.P. 63173, ID: 30924675",1 Recámara | 1 Baño | 85 m 2,https://propiedades.com/inmuebles/casa-en-venta-zafiro-989-villas-de-la-cantera-63173-tepic-nay-989-villas-de-la-cantera-nayarit-30924675#pagina=6&tipos=casas-venta&area=nayarit&pos=5
Nayarit,6,"$12,900,000
MXN","Casa disponible en venta en Av Rinconada de Banderas, Col. Bahía de Banderas, Bahía de Banderas, Nayarit, México, C.P. 63737, ID: 30923302",4 Recámaras | 5 Baños | 257 m 2,https://propiedades.com/inmuebles/casa-en-venta-av-rinconada-de-banderas-bahia-de-banderas-nayarit-30923302#pagina=6&tipos=casas-venta&area=nayarit&pos=6
Nayarit,6,"$5,500,000
MXN","., Col. Villa San Ángel, Tepic, Nayarit, México, C.P. 63120, ID: 22637299",4 Recámaras | 3 Baños | 400 m 2,https://propiedades.com/inmuebles/casa-en-venta-villa-san-angel-nayarit-22637299#pagina=6&tipos=casas-venta&area=nayarit&pos=7
Nayarit,6,"$1,575,000
MXN","Venta de casa en Villa Santi Esteban Vistas de la Cantera #444, Col. Vistas de La Cantera, Tepic, Nayarit, México, C.P. 63173, ID: 30917496",3 Recámaras | 3 Baños | 102 m 2,https://propiedades.com/inmuebles/casa-en-venta-villa-santi-esteban-vistas-de-la-cantera-444-vistas-de-la-cantera-nayarit-30917496#pagina=6&tipos=casas-venta&area=nayarit&pos=8
Nayarit,6,"$13,800,000
MXN","Se vende casa Rinconada, 63735 Nuevo Vallarta, Nay. #s/n, Col. Rinconada de Banderas, Bahía de Banderas, Nayarit, México, C.P. 63735, ID: 30930108",3 Recámaras | 3 Baños | 321 m 2,https://propiedades.com/inmuebles/casa-en-venta-rinconada-63735-nuevo-vallarta-nay-sn-rinconada-de-banderas-nayarit-30930108#pagina=6&tipos=casas-venta&area=nayarit&pos=9
Nayarit,6,"$9,250,000
MXN","Casa disponible en venta en , Col. Nuevo Vallarta, Bahía de Banderas, Nayarit, México, C.P. 63735, ID: 30255337",4 Recámaras | 4 Baños | 200 m 2,https://propiedades.com/inmuebles/casa-en-venta-nuevo-vallarta-nayarit-30255337#pagina=6&tipos=casas-venta&area=nayarit&pos=10
Nayarit,6,"$13,000,000
MXN","Se vende casa C. Argelia 40, 63729 San Francisco, Nay., Col. Lo de Marcos, Bahía de Banderas, Nayarit, México, C.P. 63729, ID: 30921041",4 Recámaras | 3 Baños | 150 m 2,https://propiedades.com/inmuebles/casa-en-venta-c-argelia-40-63729-san-francisco-nay-lo-de-marcos-nayarit-30921041#pagina=6&tipos=casas-venta&area=nayarit&pos=11
Nayarit,6,"$2,400,000
USD","Se vende casa en isla tortuga, Col. Nuevo Vallarta, Bahía de Banderas, Nayarit, México, C.P. 63735, ID: 30955730",5 Recámaras | 5 Baños | 605 m 2,https://propiedades.com/inmuebles/casa-en-venta-isla-tortuga-nuevo-vallarta-nayarit-30955730#pagina=6&tipos=casas-venta&area=nayarit&pos=12
Nayarit,6,"$14,000,000
MXN","Casa en Venta de 4 recamaras en Campo de Golf El Tigre Nuevo Vallarta, Col. Nuevo Vallarta, Bahía de Banderas, Nayarit, México, C.P. 63735, ID: 30807165",4 Recámaras | 4 Baños | 247 m 2,https://propiedades.com/inmuebles/casa-en-venta-casa-en-venta-de-4-recamaras-en-campo-de-golf-el-tigre-nuevo-vallarta-nuevo-vallarta-nayarit-30807165#pagina=6&tipos=casas-venta&area=nayarit&pos=13
Nayarit,6,"$6,500,000
MXN","Venta casa en Estadios, Col. Estadios, Tepic, Nayarit, México, C.P. 63109, ID: 30202128",4 Recámaras | 4 Baños | 423 m 2,https://propiedades.com/inmuebles/casa-en-venta-estadios-estadios-nayarit-30202128#pagina=6&tipos=casas-venta&area=nayarit&pos=14
Nayarit,6,"$9,499,999
MXN","547 Av Mexico, Col. Nuevo Vallarta, Bahía de Banderas, Nayarit, México, C.P. 63735, ID: 30832359",4 Recámaras | 4 Baños | 226 m 2,
Nayarit,6,"$2,950,000
MXN","Casa en venta disponible en Aldea Hortus, Col. Flamingos, Bahía de Banderas, Nayarit, México, C.P. 63732, ID: 30971832",3 Recámaras | 3 Baños | 90 m 2,https://propiedades.com/inmuebles/casa-en-venta-aldea-hortus-flamingos-nayarit-30971832#pagina=6&tipos=casas-venta&area=nayarit&pos=16
Nayarit,6,"$14,000,000
MXN","Casa en venta disponible en Litibu, Col. Cruz de Huanacaxtle, Bahía de Banderas, Nayarit, México, C.P. 63734, ID: 30827728",3 Recámaras | 5 Baños | 365 m 2,
Nayarit,6,"$3,240,000
MXN","Casa en venta, Miñón, Centro, 63000 Tepic, Nay., Col. Tepic Centro, Tepic, Nayarit, México, C.P. 63000, ID: 30990600",3 Recámaras | 4 Baños | 228 m 2,https://propiedades.com/inmuebles/casa-en-venta-minon-centro-63000-tepic-nay-tepic-centro-nayarit-30990600#pagina=6&tipos=casas-venta&area=nayarit&pos=18
Nayarit,6,"$17,800,000
MXN","Venta de casa , Col. Residencial Los Mangos, Bahía de Banderas, Nayarit, México, C.P. 63732, ID: 30715016",4 Recámaras | 5 Baños | 380 m 2,https://propiedades.com/inmuebles/casa-en-venta-residencial-los-mangos-nayarit-30715016#pagina=6&tipos=casas-venta&area=nayarit&pos=19
Nayarit,6,"$11,990,000
MXN","Se vende casa en Golondrinas, Col. Cruz de Huanacaxtle, Bahía de Banderas, Nayarit, México, C.P. 63734, ID: 27582717",2 Recámaras | 2 Baños | 160 m 2,https://propiedades.com/inmuebles/casa-en-venta-golondrinas-cruz-de-huanacaxtle-nayarit-27582717#pagina=6&tipos=casas-venta&area=nayarit&pos=20
Nayarit,6,"$2,850,000
MXN",", Col. Las Delicias, Tepic, Nayarit, México, C.P. 63507, ID: 30360768",6200 m 2,https://propiedades.com/inmuebles/casa-en-venta-las-delicias-nayarit-30360768#pagina=6&tipos=casas-venta&area=nayarit&pos=21
Nayarit,6,"$2,450,000
MXN","Venta casa en Lagos del Country, 63175 Tepic, Nay., Col. Lagos del Country, Tepic, Nayarit, México, C.P. 63175, ID: 30917587",3 Recámaras | 2 Baños,https://propiedades.com/inmuebles/casa-en-venta-lagos-del-country-63175-tepic-nay-lagos-del-country-nayarit-30917587#pagina=6&tipos=casas-venta&area=nayarit&pos=22
Nayarit,6,"$1,390,000
USD","Venta de casa Casa en Venta en Nuevo Vallarta de 4 recamarasfrente al Campo de Golfo en Riviera Nayarit GarzaBay E, Col. Nuevo Vallarta, Bahía de Banderas, Nayarit, México, C.P. 63735, ID: 30802964",4 Recámaras | 4 Baños | 305 m 2,https://propiedades.com/inmuebles/casa-en-venta-casa-en-venta-en-nuevo-vallarta-de-4-recamarasfrente-al-campo-de-golfo-en-riviera-nayarit-garzabay-e-nuevo-vallarta-nayarit-30802964#pagina=6&tipos=casas-venta&area=nayarit&pos=23
Nayarit,6,"$15,900,000
MXN","Venta casa en , Col. Cruz de Huanacaxtle, Bahía de Banderas, Nayarit, México, C.P. 63734, ID: 30961037",3 Recámaras | 3 Baños | 279 m 2,https://propiedades.com/inmuebles/casa-en-venta-cruz-de-huanacaxtle-nayarit-30961037#pagina=6&tipos=casas-venta&area=nayarit&pos=24
Nayarit,6,"$4,800,000
MXN","Casa en venta, Av. Paseo Vallarta, Flamingos, #10, Col. Bucerías Centro, Bahía de Banderas, Nayarit, México, C.P. 63732, ID: 30925472",3 Recámaras | 3 Baños | 145 m 2,https://propiedades.com/inmuebles/casa-en-venta-av-paseo-vallarta-flamingos-10-bucerias-centro-nayarit-30925472#pagina=6&tipos=casas-venta&area=nayarit&pos=25
Nayarit,6,"$4,450,000
MXN","Venta de casa Palma del Rey #150Int. 116, Col. Villa Esmeralda, Bahía de Banderas, Nayarit, México, C.P. 63735, ID: 30958785",3 Recámaras | 2 Baños | 122 m 2,https://propiedades.com/inmuebles/casa-en-venta-palma-del-rey-150-villa-esmeralda-nayarit-30958785#pagina=6&tipos=casas-venta&area=nayarit&pos=26
Nayarit,6,"$7,600,000
MXN","Casa disponible en venta en Gaviotas, Col. Nuevo Vallarta, Bahía de Banderas, Nayarit, México, C.P. 63735, ID: 30428956",3 Recámaras | 2 Baños | 191 m 2,https://propiedades.com/inmuebles/casa-en-venta-gaviotas-nuevo-vallarta-nayarit-30428956#pagina=6&tipos=casas-venta&area=nayarit&pos=27
Nayarit,6,"$1,750,000
MXN","., Col. El Mirador INFONAVIT, Tepic, Nayarit, México, C.P. 63038, ID: 30985008",3 Recámaras | 2 Baños | 146 m 2,https://propiedades.com/inmuebles/casa-en-venta-el-mirador-infonavit-nayarit-30985008#pagina=6&tipos=casas-venta&area=nayarit&pos=28
Nayarit,6,"$9,395,000
MXN","Venta de casa Casa en Venta de 3 recamaras en Nuevo Vallartaoportunidad unica en Riviera Nayarit Ciye Residencial , Col. Nuevo Vallarta, Bahía de Banderas, Nayarit, México, C.P. 63735, ID: 30802986",3 Recámaras | 2 Baños | 284 m 2,https://propiedades.com/inmuebles/casa-en-venta-casa-en-venta-de-3-recamaras-en-nuevo-vallartaoportunidad-unica-en-riviera-nayarit-ciye-residencial-nuevo-vallarta-nayarit-30802986#pagina=6&tipos=casas-venta&area=nayarit&pos=29
Nayarit,6,"$11,000,000
MXN","Venta casa en IKAL Casas en Venta en Nuevo Vallarta Nayarit, Col. Nuevo Vallarta, Bahía de Banderas, Nayarit, México, C.P. 63735, ID: 30855585",4 Recámaras | 4 Baños | 227 m 2,
Nayarit,6,"$15,000,000
MXN","Casa en Venta de 4 recamaras en Nuevo Vallartainversion segura en Riviera Nayarit Vista Natura 49, Col. Nuevo Vallarta, Bahía de Banderas, Nayarit, México, C.P. 63735, ID: 30807161",4 Recámaras | 5 Baños | 260 m 2,https://propiedades.com/inmuebles/casa-en-venta-casa-en-venta-de-4-recamaras-en-nuevo-vallartainversion-segura-en-riviera-nayarit-vista-natura-49-nuevo-vallarta-nayarit-30807161#pagina=6&tipos=casas-venta&area=nayarit&pos=31
Nayarit,6,"$3,900,000
MXN","Venta de casa en circuito diamante, Col. Valle Dorado, Bahía de Banderas, Nayarit, México, C.P. 63735, ID: 30902914",4 Recámaras | 3 Baños | 138 m 2,https://propiedades.com/inmuebles/casa-en-venta-circuito-diamante-valle-dorado-nayarit-30902914#pagina=6&tipos=casas-venta&area=nayarit&pos=32
Nayarit,6,"$4,500,000
MXN","Venta de casa en Otranto, Cd del Valle, 63157 Tepic, Nay., Col. Ciudad del Valle, Tepic, Nayarit, México, C.P. 63157, ID: 30884328",4 Recámaras | 3 Baños | 312 m 2,https://propiedades.com/inmuebles/casa-en-venta-otranto-cd-del-valle-63157-tepic-nay-ciudad-del-valle-nayarit-30884328#pagina=6&tipos=casas-venta&area=nayarit&pos=33
Nayarit,6,"$2,500,000
MXN","Venta casa en ., Col. Ismael Verdín, Tuxpan, Nayarit, México, C.P. 63207, ID: 30897545",5 Recámaras | 3 Baños | 280 m 2,https://propiedades.com/inmuebles/casa-en-venta-ismael-verdin-nayarit-30897545#pagina=6&tipos=casas-venta&area=nayarit&pos=34
Nayarit,6,"$4,450,000
MXN","Roble Rojo #42 Fracc. El Roble Frente a Vidanta, Col. Las Jarretaderas, Bahía de Banderas, Nayarit, México, C.P. 63735, ID: 30841660",3 Recámaras | 2 Baños | 134 m 2,https://propiedades.com/inmuebles/casa-en-venta-roble-rojo-42-fracc-el-roble-frente-a-vidanta-las-jarretaderas-nayarit-30841660#pagina=6&tipos=casas-venta&area=nayarit&pos=35
Nayarit,6,"$8,700,000
MXN","Venta de casa en , Col. Puerta del Sol, Xalisco, Nayarit, México, C.P. 63783, ID: 28150099",4 Recámaras | 3 Baños | 436 m 2,https://propiedades.com/inmuebles/casa-en-venta-puerta-del-sol-nayarit-28150099#pagina=6&tipos=casas-venta&area=nayarit&pos=36
Nayarit,6,"$18,500,000
MXN","Se vende casa Cedro, Col. Nuevo Vallarta, Bahía de Banderas, Nayarit, México, C.P. 63735, ID: 30877607",4 Recámaras | 4 Baños | 370 m 2,https://propiedades.com/inmuebles/casa-en-venta-cedro-nuevo-vallarta-nayarit-30877607#pagina=6&tipos=casas-venta&area=nayarit&pos=37
Nayarit,6,"$660,000
MXN","Se vende casa en Av Universidad 154 #154, Col. Ciudad del Valle, Tepic, Nayarit, México, C.P. 63157, ID: 28094761",3 Recámaras | 2 Baños | 190 m 2,
Nayarit,6,"$2,750,000
MXN","Casa en venta, Casa en Venta de 3 recamaras en Riviera Nayariten comunidad segura con areas verdes Bahia de Bandera, Col. Bahía de Banderas, Bahía de Banderas, Nayarit, México, C.P. 63737, ID: 30802955",3 Recámaras | 2 Baños | 100 m 2,https://propiedades.com/inmuebles/casa-en-venta-casa-en-venta-de-3-recamaras-en-riviera-nayariten-comunidad-segura-con-areas-verdes-bahia-de-bandera-bahia-de-banderas-nayarit-30802955#pagina=6&tipos=casas-venta&area=nayarit&pos=39
Nayarit,6,"$3,990,000
MXN","Se vende casa en , Col. San Antonio, Tepic, Nayarit, México, C.P. 63159, ID: 30658735",245 m 2,https://propiedades.com/inmuebles/casa-en-venta-san-antonio-nayarit-30658735#pagina=6&tipos=casas-venta&area=nayarit&pos=40
Nayarit,6,"$4,350,000
MXN","Venta de casa en Casa en venta en Nuevo Vallarta con 4 recamaras en entorno tranquilo y privado en Rivera Nayarit Ald, Col. Nuevo Vallarta, Bahía de Banderas, Nayarit, México, C.P. 63735, ID: 30915266",4 Recámaras | 3 Baños | 149 m 2,https://propiedades.com/inmuebles/casa-en-venta-casa-en-venta-en-nuevo-vallarta-con-4-recamaras-en-entorno-tranquilo-y-privado-en-rivera-nayarit-ald-nuevo-vallarta-nayarit-30915266#pagina=6&tipos=casas-venta&area=nayarit&pos=41
Nayarit,6,"$4,400,000
MXN","Se vende casa en Privada San Gabriel #27, Col. Rincón del Cielo, Bahía de Banderas, Nayarit, México, C.P. 63735, ID: 30925437",3 Recámaras | 3 Baños | 129 m 2,https://propiedades.com/inmuebles/casa-en-venta-privada-san-gabriel-27-rincon-del-cielo-nayarit-30925437#pagina=6&tipos=casas-venta&area=nayarit&pos=42
Nayarit,6,"$338,888
USD",", Col. Mezcales, Bahía de Banderas, Nayarit, México, C.P. 63735, ID: 30860846",3 Recámaras | 3 Baños | 160 m 2,
Nayarit,6,"$2,950,000
MXN","Se vende casa ., Col. Lindavista, Tepic, Nayarit, México, C.P. 63110, ID: 30881657",4 Recámaras | 3 Baños | 192 m 2,https://propiedades.com/inmuebles/casa-en-venta-lindavista-nayarit-30881657#pagina=6&tipos=casas-venta&area=nayarit&pos=44
Nayarit,6,"$1,650,000
MXN","Casa disponible en venta en Col. Valle Dorado, Bahía de Banderas, Nayarit, México, C.P. 63735, ID: 31016026",2 Recámaras | 1 Baño | 90 m 2,https://propiedades.com/inmuebles/casa-en-venta-valle-dorado-nayarit-31016026#pagina=6&tipos=casas-venta&area=nayarit&pos=45
Nayarit,6,"$12,500,000
MXN","Puntilla, Col. Cruz de Huanacaxtle, Bahía de Banderas, Nayarit, México, C.P. 63734, ID: 30968478",4 Recámaras | 4 Baños | 315 m 2,https://propiedades.com/inmuebles/casa-en-venta-puntilla-cruz-de-huanacaxtle-nayarit-30968478#pagina=6&tipos=casas-venta&area=nayarit&pos=46
Nayarit,6,"$4,334,590
MXN","Venta casa en Casa en venta en Nuevo Vallarta con 4 recamaras en entorno tranquilo y privado en Riviera Nayarit Al, Col. Nuevo Vallarta, Bahía de Banderas, Nayarit, México, C.P. 63735, ID: 30802916",4 Recámaras | 3 Baños | 63 m 2,https://propiedades.com/inmuebles/casa-en-venta-casa-en-venta-en-nuevo-vallarta-con-4-recamaras-en-entorno-tranquilo-y-privado-en-riviera-nayarit-al-nuevo-vallarta-nayarit-30802916#pagina=6&tipos=casas-venta&area=nayarit&pos=47
Nayarit,7,"$1,700,000
MXN","Se vende casa en Amado Nervo #s/n, Col. Adolfo López Mateos, Tepic, Nayarit, México, C.P. 63021, ID: 30456637",2 Recámaras | 1 Baño | 428 m 2,https://propiedades.com/inmuebles/casa-en-venta-amado-nervo-sn-adolfo-lopez-mateos-nayarit-30456637#pagina=7&tipos=casas-venta&area=nayarit&pos=1
Nayarit,7,"$299,900
USD","Venta de casa en Cordilleras, Col. Cruz de Huanacaxtle, Bahía de Banderas, Nayarit, México, C.P. 63734, ID: 30810782",3 Recámaras | 3 Baños | 99 m 2,https://propiedades.com/inmuebles/casa-en-venta-cordilleras-cruz-de-huanacaxtle-nayarit-30810782#pagina=7&tipos=casas-venta&area=nayarit&pos=2
Nayarit,7,"$2,362,500
MXN","Casa en venta, Casa en Venta de 2 recamaras en Riviera Nayarit a precio competitivo Bahia de Banderas Cendela C, Col. Brisas, Bahía de Banderas, Nayarit, México, C.P. 63732, ID: 30802932",2 Recámaras | 1 Baño | 76 m 2,https://propiedades.com/inmuebles/casa-en-venta-casa-en-venta-de-2-recamaras-en-riviera-nayarit-a-precio-competitivo-bahia-de-banderas-cendela-c-brisas-nayarit-30802932#pagina=7&tipos=casas-venta&area=nayarit&pos=3
Nayarit,7,"$15,895,000
MXN","Venta de casa en Calle Ballenas Fracc B, Col. Cruz de Huanacaxtle, Bahía de Banderas, Nayarit, México, C.P. 63734, ID: 30860193",3 Recámaras | 3 Baños | 250 m 2,
Nayarit,7,"$8,000,000
MXN","Venta de casa en Blvd. La Fronda, Col. Mezcales, Bahía de Banderas, Nayarit, México, C.P. 63735, ID: 30848090",3 Recámaras | 4 Baños | 231 m 2,https://propiedades.com/inmuebles/casa-en-venta-blvd-la-fronda-mezcales-nayarit-30848090#pagina=7&tipos=casas-venta&area=nayarit&pos=5
Nayarit,7,"$2,008,035
MXN","Casa en venta disponible en Col. San Vicente, Bahía de Banderas, Nayarit, México, C.P. 63737, ID: 30992262",3 Recámaras | 2 Baños | 102 m 2,https://propiedades.com/inmuebles/casa-en-venta-san-vicente-nayarit-30992262#pagina=7&tipos=casas-venta&area=nayarit&pos=6
Nayarit,7,"$11,500,000
MXN","Casa disponible en venta en paseo de los cocoteros, Col. Flamingos, Bahía de Banderas, Nayarit, México, C.P. 63732, ID: 30725831",3 Recámaras | 3 Baños | 375 m 2,https://propiedades.com/inmuebles/casa-en-venta-paseo-de-los-cocoteros-flamingos-nayarit-30725831#pagina=7&tipos=casas-venta&area=nayarit&pos=7
Nayarit,7,"$1,850,000
MXN","Venta casa en ., Col. Los Sauces, Tepic, Nayarit, México, C.P. 63197, ID: 30847916",2 Recámaras | 1 Baño | 100 m 2,https://propiedades.com/inmuebles/casa-en-venta-los-sauces-nayarit-30847916#pagina=7&tipos=casas-venta&area=nayarit&pos=8
Nayarit,7,"$13,500,000
MXN","Casa en venta, Blvd. Nayarit #145, Col. Nuevo Vallarta, Bahía de Banderas, Nayarit, México, C.P. 63735, ID: 30925465",4 Recámaras | 5 Baños | 330 m 2,https://propiedades.com/inmuebles/casa-en-venta-blvd-nayarit-145-nuevo-vallarta-nayarit-30925465#pagina=7&tipos=casas-venta&area=nayarit&pos=9
Nayarit,7,"$13,990,000
MXN","Col. Nuevo Vallarta, Bahía de Banderas, Nayarit, México, C.P. 63735, ID: 30834418",3 Recámaras | 3 Baños | 520 m 2,https://propiedades.com/inmuebles/casa-en-venta-nuevo-vallarta-nayarit-30834418#pagina=7&tipos=casas-venta&area=nayarit&pos=10
Nayarit,7,"$41,800,000
MXN","Casa en venta disponible en Jacarandas, Col. Nuevo Vallarta, Bahía de Banderas, Nayarit, México, C.P. 63735, ID: 30777032",13 Recámaras | 14 Baños | 1295 m 2,https://propiedades.com/inmuebles/casa-en-venta-jacarandas-nuevo-vallarta-nayarit-30777032#pagina=7&tipos=casas-venta&area=nayarit&pos=11
Nayarit,7,"$9,500,000
MXN","Venta de casa Carretera federal, Col. Bucerías Centro, Bahía de Banderas, Nayarit, México, C.P. 63732, ID: 30976990",3 Recámaras | 2 Baños | 115 m 2,https://propiedades.com/inmuebles/casa-en-venta-carretera-federal-bucerias-centro-nayarit-30976990#pagina=7&tipos=casas-venta&area=nayarit&pos=12
Nayarit,7,"$5,300,000
MXN","San Juan, Tepic, Nay., Col. San Juan, Tepic, Nayarit, México, C.P. 63130, ID: 31008376",3 Recámaras | 4 Baños,https://propiedades.com/inmuebles/casa-en-venta-san-juan-tepic-nay-san-juan-nayarit-31008376#pagina=7&tipos=casas-venta&area=nayarit&pos=13
Nayarit,7,"$2,900,000
MXN",", Col. Huertas de Matatipal, Xalisco, Nayarit, México, C.P. 63782, ID: 30328513",180 m 2,https://propiedades.com/inmuebles/casa-en-venta-huertas-de-matatipal-nayarit-30328513#pagina=7&tipos=casas-venta&area=nayarit&pos=14
Nayarit,7,"$37,625,000
MXN","Venta de casa Jacarandas, Col. Nuevo Vallarta, Bahía de Banderas, Nayarit, México, C.P. 63735, ID: 30871922",3 Recámaras | 4 Baños | 750 m 2,https://propiedades.com/inmuebles/casa-en-venta-jacarandas-nuevo-vallarta-nayarit-30871922#pagina=7&tipos=casas-venta&area=nayarit&pos=15
Nayarit,7,"$675,000
USD","Casa en venta, Paseo de los Cocoteros, Col. Flamingos, Bahía de Banderas, Nayarit, México, C.P. 63732, ID: 30735248",3 Recámaras | 4 Baños | 239 m 2,https://propiedades.com/inmuebles/casa-en-venta-paseo-de-los-cocoteros-flamingos-nayarit-30735248#pagina=7&tipos=casas-venta&area=nayarit&pos=16
Nayarit,7,"$4,700,000
MXN","Palma del Rey 150, 63735 Las Jarretaderas, Nay. #150, Col. Lomas del Sol, Bahía de Banderas, Nayarit, México, C.P. 63735, ID: 30388833",4 Recámaras | 2 Baños,https://propiedades.com/inmuebles/casa-en-venta-palma-del-rey-150-63735-las-jarretaderas-nay-150-lomas-del-sol-nayarit-30388833#pagina=7&tipos=casas-venta&area=nayarit&pos=17
Nayarit,7,"$21,500,000
MXN","Venta de casa en Paseo de las Gaviotas #53, Col. Nuevo Vallarta, Bahía de Banderas, Nayarit, México, C.P. 63735, ID: 30795276",5 Recámaras | 5 Baños | 775 m 2,https://propiedades.com/inmuebles/casa-en-venta-paseo-de-las-gaviotas-53-nuevo-vallarta-nayarit-30795276#pagina=7&tipos=casas-venta&area=nayarit&pos=18
Nayarit,7,"$12,500,000
MXN","Casa en venta disponible en Karakal residencial Nuevo Vallarta, Col. Nuevo Vallarta, Bahía de Banderas, Nayarit, México, C.P. 63735, ID: 30797925",5 Recámaras | 5 Baños | 375 m 2,https://propiedades.com/inmuebles/casa-en-venta-karakal-residencial-nuevo-vallarta-nuevo-vallarta-nayarit-30797925#pagina=7&tipos=casas-venta&area=nayarit&pos=19
Nayarit,7,"$17,850,000
MXN","Se vende casa en Álamo 258, Col. Nuevo Vallarta, Bahía de Banderas, Nayarit, México, C.P. 63735, ID: 30882981",4 Recámaras | 6 Baños | 370 m 2,https://propiedades.com/inmuebles/casa-en-venta-alamo-258-nuevo-vallarta-nayarit-30882981#pagina=7&tipos=casas-venta&area=nayarit&pos=20
Nayarit,7,"$6,900,000
MXN","Casa en venta disponible en Palma del Rey, Col. San Clemente de Lima, Bahía de Banderas, Nayarit, México, C.P. 63735, ID: 30781947",3 Recámaras | 3 Baños | 187 m 2,https://propiedades.com/inmuebles/casa-en-venta-palma-del-rey-san-clemente-de-lima-nayarit-30781947#pagina=7&tipos=casas-venta&area=nayarit&pos=21
Nayarit,7,"$17,500,000
MXN","Venta casa en Tamaran, Col. Punta de Mita, Bahía de Banderas, Nayarit, México, C.P. 63734, ID: 30803061",4 Recámaras | 4 Baños | 320 m 2,https://propiedades.com/inmuebles/casa-en-venta-tamaran-punta-de-mita-nayarit-30803061#pagina=7&tipos=casas-venta&area=nayarit&pos=22
Nayarit,7,"$5,950,000
MXN","Se vende casa en Casa en Venta de 3 recamaras en Mezcales inversion segura en Riviera Nayarit Kaney Residencial, Col. Mezcales, Bahía de Banderas, Nayarit, México, C.P. 63735, ID: 30919136",3 Recámaras | 2 Baños | 154 m 2,https://propiedades.com/inmuebles/casa-en-venta-casa-en-venta-de-3-recamaras-en-mezcales-inversion-segura-en-riviera-nayarit-kaney-residencial-mezcales-nayarit-30919136#pagina=7&tipos=casas-venta&area=nayarit&pos=23
Nayarit,7,"$2,400,000
MXN","Se vende casa en Valle de San Luis, Col. Mezcales, Bahía de Banderas, Nayarit, México, C.P. 63735, ID: 30695720",2 Recámaras | 1 Baño | 120 m 2,https://propiedades.com/inmuebles/casa-en-venta-valle-de-san-luis-mezcales-nayarit-30695720#pagina=7&tipos=casas-venta&area=nayarit&pos=24
Nayarit,7,"$7,208,000
MXN","Se vende casa , Col. Náutico Turístico, Bahía de Banderas, Nayarit, México, C.P. 63735, ID: 30866459",4 Recámaras | 3 Baños | 173 m 2,https://propiedades.com/inmuebles/casa-en-venta-nautico-turistico-nayarit-30866459#pagina=7&tipos=casas-venta&area=nayarit&pos=25
Nayarit,7,"$11,500,000
MXN","Casa en venta disponible en , Col. Tepic Centro, Tepic, Nayarit, México, C.P. 63000, ID: 30276621",800 m 2,https://propiedades.com/inmuebles/casa-en-venta-tepic-centro-nayarit-30276621#pagina=7&tipos=casas-venta&area=nayarit&pos=26
Nayarit,7,"$750,000
USD","Se vende casa ceiba, Col. Bahía de Banderas, Bahía de Banderas, Nayarit, México, C.P. 63737, ID: 30122569",4 Recámaras | 4 Baños | 400 m 2,https://propiedades.com/inmuebles/casa-en-venta-ceiba-bahia-de-banderas-nayarit-30122569#pagina=7&tipos=casas-venta&area=nayarit&pos=27
Nayarit,7,"$4,000,000
MXN","Casa en venta, Av. Paseo Vallarta 300, Flamingos, Club Residencial, 63732 Flamingos, Nay.Int. 31, Col. Villas las Parotas, Bahía de Banderas, Nayarit, México, C.P. 63732, ID: 30905404",3 Recámaras | 2 Baños | 155 m 2,https://propiedades.com/inmuebles/casa-en-venta-av-paseo-vallarta-300-flamingos-club-residencial-63732-flamingos-nay-villas-las-parotas-nayarit-30905404#pagina=7&tipos=casas-venta&area=nayarit&pos=28
Nayarit,7,"$1,800,000
MXN","Venta casa en Av. Altavela #7, Col. Altavela, Bahía de Banderas, Nayarit, México, C.P. 63735, ID: 30972192",3 Recámaras | 2 Baños | 79 m 2,https://propiedades.com/inmuebles/casa-en-venta-av-altavela-7-altavela-nayarit-30972192#pagina=7&tipos=casas-venta&area=nayarit&pos=29
Nayarit,7,"$2,931,335
MXN","Se vende casa Casa en venta en Nuevo Vallarta con 3 recamaras a minutos de la playa Aldea Hortus Bugambilia, Col. Nuevo Vallarta, Bahía de Banderas, Nayarit, México, C.P. 63735, ID: 30802949",3 Recámaras | 3 Baños | 63 m 2,https://propiedades.com/inmuebles/casa-en-venta-casa-en-venta-en-nuevo-vallarta-con-3-recamaras-a-minutos-de-la-playa-aldea-hortus-bugambilia-nuevo-vallarta-nayarit-30802949#pagina=7&tipos=casas-venta&area=nayarit&pos=30
Nayarit,7,"$4,800,000
MXN","Se vende casa en Palma del Rey #150, Col. Las Jarretaderas, Bahía de Banderas, Nayarit, México, C.P. 63735, ID: 30372389",3 Recámaras | 2 Baños | 119 m 2,https://propiedades.com/inmuebles/casa-en-venta-palma-del-rey-150-las-jarretaderas-nayarit-30372389#pagina=7&tipos=casas-venta&area=nayarit&pos=31
Nayarit,7,"$669,000
USD","Se vende casa , Col. Lo de Marcos, Bahía de Banderas, Nayarit, México, C.P. 63729, ID: 30920560",3 Recámaras | 3 Baños | 171 m 2,https://propiedades.com/inmuebles/casa-en-venta-lo-de-marcos-nayarit-30920560#pagina=7&tipos=casas-venta&area=nayarit&pos=32
Nayarit,7,"$9,518,000
MXN","Venta de casa en Casa en Venta de 3 recamaras en Nuevo Vallartaopcion rentable en Riviera Nayarit Ciye Residencial Ti, Col. Nuevo Vallarta, Bahía de Banderas, Nayarit, México, C.P. 63735, ID: 30802890",3 Recámaras | 3 Baños | 287 m 2,https://propiedades.com/inmuebles/casa-en-venta-casa-en-venta-de-3-recamaras-en-nuevo-vallartaopcion-rentable-en-riviera-nayarit-ciye-residencial-ti-nuevo-vallarta-nayarit-30802890#pagina=7&tipos=casas-venta&area=nayarit&pos=33
Nayarit,7,"$4,950,000
MXN","Casa en venta disponible en Valle del Nogal, Col. Valle Dorado, Bahía de Banderas, Nayarit, México, C.P. 63735, ID: 30859879",4 Recámaras | 3 Baños | 205 m 2,https://propiedades.com/inmuebles/casa-en-venta-valle-del-nogal-valle-dorado-nayarit-30859879#pagina=7&tipos=casas-venta&area=nayarit&pos=34
Nayarit,7,"$777,000
USD","Casa en venta, jacarandas, Col. Nuevo Vallarta, Bahía de Banderas, Nayarit, México, C.P. 63735, ID: 30842404",3 Recámaras | 3 Baños | 176 m 2,https://propiedades.com/inmuebles/casa-en-venta-jacarandas-nuevo-vallarta-nayarit-30842404#pagina=7&tipos=casas-venta&area=nayarit&pos=35
Nayarit,7,"$16,000,000
MXN","Venta casa en Boulevard Nuevo Vallarta, Col. Nuevo Vallarta, Bahía de Banderas, Nayarit, México, C.P. 63735, ID: 30783314",4 Recámaras | 4 Baños | 287 m 2,https://propiedades.com/inmuebles/casa-en-venta-boulevard-nuevo-vallarta-nuevo-vallarta-nayarit-30783314#pagina=7&tipos=casas-venta&area=nayarit&pos=36
Nayarit,7,"$15,000,000
MXN","Se vende casa Casa en Venta de 4 recamaras en Nuevo Vallartacon alberca privada en Campo de Golf en Riviera Nayari, Col. Nuevo Vallarta, Bahía de Banderas, Nayarit, México, C.P. 63735, ID: 30802871",4 Recámaras | 4 Baños | 247 m 2,https://propiedades.com/inmuebles/casa-en-venta-casa-en-venta-de-4-recamaras-en-nuevo-vallartacon-alberca-privada-en-campo-de-golf-en-riviera-nayari-nuevo-vallarta-nayarit-30802871#pagina=7&tipos=casas-venta&area=nayarit&pos=37
Nayarit,7,"$2,900,000
MXN","Col. Altavela, Bahía de Banderas, Nayarit, México, C.P. 63735, ID: 30910597",3 Recámaras | 2 Baños | 100 m 2,https://propiedades.com/inmuebles/casa-en-venta-altavela-nayarit-30910597#pagina=7&tipos=casas-venta&area=nayarit&pos=38
Nayarit,7,"$1,947,000
USD","Venta de casa en Francisco I Madero, Col. Dorada, Bahía de Banderas, Nayarit, México, C.P. 63732, ID: 30927364",5 Recámaras | 453 m 2,https://propiedades.com/inmuebles/casa-en-venta-francisco-i-madero-dorada-nayarit-30927364#pagina=7&tipos=casas-venta&area=nayarit&pos=39
Nayarit,7,"$5,574,564
MXN","Casa disponible en venta en Col. Las Jarretaderas, Bahía de Banderas, Nayarit, México, C.P. 63735, ID: 30910595",1 Recámara | 2 Baños | 81 m 2,https://propiedades.com/inmuebles/casa-en-venta-las-jarretaderas-nayarit-30910595#pagina=7&tipos=casas-venta&area=nayarit&pos=40
Nayarit,7,"$2,890,000
MXN","Venta de casa en Mar jónico #451, Col. Altavela, Bahía de Banderas, Nayarit, México, C.P. 63735, ID: 30920598",3 Recámaras | 2 Baños | 42 m 2,https://propiedades.com/inmuebles/casa-en-venta-mar-jonico-451-altavela-nayarit-30920598#pagina=7&tipos=casas-venta&area=nayarit&pos=41
Nayarit,7,"$1,750,000
MXN","Casa en venta, , Col. Palma Real, Bahía de Banderas, Nayarit, México, C.P. 63737, ID: 30981782",3 Recámaras | 2 Baños | 65 m 2,https://propiedades.com/inmuebles/casa-en-venta-palma-real-nayarit-30981782#pagina=7&tipos=casas-venta&area=nayarit&pos=42
Nayarit,7,"$10,831,871
MXN","Venta de casa en , Col. Nuevo Corral del Risco, Bahía de Banderas, Nayarit, México, C.P. 63734, ID: 30620702",3 Recámaras | 3 Baños | 297 m 2,https://propiedades.com/inmuebles/casa-en-venta-nuevo-corral-del-risco-nayarit-30620702#pagina=7&tipos=casas-venta&area=nayarit&pos=43
Nayarit,7,"$12,700,000
MXN","Se vende casa , Col. Cruz de Huanacaxtle, Bahía de Banderas, Nayarit, México, C.P. 63734, ID: 30961614",3 Recámaras | 3 Baños | 264 m 2,https://propiedades.com/inmuebles/casa-en-venta-cruz-de-huanacaxtle-nayarit-30961614#pagina=7&tipos=casas-venta&area=nayarit&pos=44
Nayarit,7,"$5,500,000
MXN","Se vende casa en Lomas del sol, Col. Nuevo Vallarta, Bahía de Banderas, Nayarit, México, C.P. 63735, ID: 30292880",3 Recámaras | 2 Baños | 140 m 2,https://propiedades.com/inmuebles/casa-en-venta-lomas-del-sol-nuevo-vallarta-nayarit-30292880#pagina=7&tipos=casas-venta&area=nayarit&pos=45
Nayarit,7,"$13,200,000
MXN","Venta de casa en Rosa Morada #48, Col. Flamingos, Bahía de Banderas, Nayarit, México, C.P. 63732, ID: 30755922",4 Recámaras | 5 Baños | 322 m 2,https://propiedades.com/inmuebles/casa-en-venta-rosa-morada-48-flamingos-nayarit-30755922#pagina=7&tipos=casas-venta&area=nayarit&pos=46
Nayarit,7,"$11,000,000
MXN","Casa en venta, Paseo de la Esmeralda, Col. Villa Esmeralda, Bahía de Banderas, Nayarit, México, C.P. 63735, ID: 28731771",6 Recámaras | 8 Baños | 300 m 2,https://propiedades.com/inmuebles/casa-en-venta-paseo-de-la-esmeralda-villa-esmeralda-nayarit-28731771#pagina=7&tipos=casas-venta&area=nayarit&pos=47
Nayarit,8,"$2,650,000
MXN","Venta casa en Los Encantos #236, Col. Deportiva, Bahía de Banderas, Nayarit, México, C.P. 63735, ID: 29920245",3 Recámaras | 2 Baños | 101 m 2,https://propiedades.com/inmuebles/casa-en-venta-los-encantos-236-deportiva-nayarit-29920245#pagina=8&tipos=casas-venta&area=nayarit&pos=1
Nayarit,8,"$12,500,000
MXN","Venta casa en Puntilla, Col. Cruz de Huanacaxtle, Bahía de Banderas, Nayarit, México, C.P. 63734, ID: 30685057",4 Recámaras | 4 Baños | 250 m 2,https://propiedades.com/inmuebles/casa-en-venta-puntilla-cruz-de-huanacaxtle-nayarit-30685057#pagina=8&tipos=casas-venta&area=nayarit&pos=2
Nayarit,8,"$4,800,000
MXN","Venta de casa en Col. Mezcales, Bahía de Banderas, Nayarit, México, C.P. 63735, ID: 30981784",3 Recámaras | 2 Baños | 182 m 2,https://propiedades.com/inmuebles/casa-en-venta-mezcales-nayarit-30981784#pagina=8&tipos=casas-venta&area=nayarit&pos=3
Nayarit,8,"$2,800,000
MXN","Se vende casa Diamante la esperanza #3Int. 34, Col. San Vicente, Bahía de Banderas, Nayarit, México, C.P. 63737, ID: 29853929",3 Recámaras | 2 Baños | 85 m 2,https://propiedades.com/inmuebles/casa-en-venta-diamante-la-esperanza--3-san-vicente-nayarit-29853929#pagina=8&tipos=casas-venta&area=nayarit&pos=4
Nayarit,8,"$2,200,000
MXN","Se vende casa en Col. Paraíso, Bahía de Banderas, Nayarit, México, C.P. 63732, ID: 30773068",3 Recámaras | 2 Baños | 95 m 2,https://propiedades.com/inmuebles/casa-en-venta-paraiso-nayarit-30773068#pagina=8&tipos=casas-venta&area=nayarit&pos=5
Nayarit,8,"$1,300,000
MXN","Casa en venta disponible en Col. 1ro. de Mayo, Xalisco, Nayarit, México, C.P. 63783, ID: 30955140",2 Recámaras | 1 Baño | 54 m 2,https://propiedades.com/inmuebles/casa-en-venta-1ro-de-mayo-nayarit-30955140#pagina=8&tipos=casas-venta&area=nayarit&pos=6
Nayarit,8,"$4,950,000
MXN",", Col. Nuevo Corral del Risco, Bahía de Banderas, Nayarit, México, C.P. 63734, ID: 30620705",4 Recámaras | 2 Baños | 142 m 2,https://propiedades.com/inmuebles/casa-en-venta-nuevo-corral-del-risco-nayarit-30620705#pagina=8&tipos=casas-venta&area=nayarit&pos=7
Nayarit,8,"$12,800,000
MXN","Casa en venta disponible en , Col. Náutico Turístico, Bahía de Banderas, Nayarit, México, C.P. 63735, ID: 30772566",7 Recámaras | 7 Baños | 286 m 2,https://propiedades.com/inmuebles/casa-en-venta-nautico-turistico-nayarit-30772566#pagina=8&tipos=casas-venta&area=nayarit&pos=8
Nayarit,8,"$4,300,000
MXN","Paseo de los Tucanes, Col. Mezcales, Bahía de Banderas, Nayarit, México, C.P. 63735, ID: 30899653",3 Recámaras | 129 m 2,https://propiedades.com/inmuebles/casa-en-venta-paseo-de-los-tucanes-mezcales-nayarit-30899653#pagina=8&tipos=casas-venta&area=nayarit&pos=9
Nayarit,8,"$12,960,000
MXN","Paseo de los Cocoteros, Col. Nuevo Vallarta, Bahía de Banderas, Nayarit, México, C.P. 63735, ID: 30777033",3 Recámaras | 3 Baños | 161 m 2,https://propiedades.com/inmuebles/casa-en-venta-paseo-de-los-cocoteros-nuevo-vallarta-nayarit-30777033#pagina=8&tipos=casas-venta&area=nayarit&pos=10
Nayarit,8,"$17,250,000
MXN",", Col. Las Jarretaderas, Bahía de Banderas, Nayarit, México, C.P. 63735, ID: 30872777",4 Recámaras | 5 Baños | 307 m 2,https://propiedades.com/inmuebles/casa-en-venta-las-jarretaderas-nayarit-30872777#pagina=8&tipos=casas-venta&area=nayarit&pos=11
Nayarit,8,"$1,990,000
USD","Se vende casa en Carr La Cruz de Huanacaxtle, Col. Cruz de Huanacaxtle, Bahía de Banderas, Nayarit, México, C.P. 63734, ID: 30434679",3 Recámaras | 3 Baños | 219 m 2,https://propiedades.com/inmuebles/casa-en-venta-carr-la-cruz-de-huanacaxtle-cruz-de-huanacaxtle-nayarit-30434679#pagina=8&tipos=casas-venta&area=nayarit&pos=12
Nayarit,8,"$9,975,000
MXN","Venta de casa en , Col. Las Jarretaderas, Bahía de Banderas, Nayarit, México, C.P. 63735, ID: 30782329",4 Recámaras | 5 Baños | 256 m 2,https://propiedades.com/inmuebles/casa-en-venta-las-jarretaderas-nayarit-30782329#pagina=8&tipos=casas-venta&area=nayarit&pos=13
Nayarit,8,"$13,900,000
MXN","Venta de casa en Villas en Venta de 3 recamaras con acceso a playa en Riviera Nayarit, Col. Cruz de Huanacaxtle, Bahía de Banderas, Nayarit, México, C.P. 63734, ID: 30802892",3 Recámaras | 3 Baños | 250 m 2,
Nayarit,8,"$5,300,000
MXN","Se vende casa en , Col. Rincón del Cielo, Bahía de Banderas, Nayarit, México, C.P. 63735, ID: 30481717",3 Recámaras | 2 Baños | 113 m 2,https://propiedades.com/inmuebles/casa-en-venta-rincon-del-cielo-nayarit-30481717#pagina=8&tipos=casas-venta&area=nayarit&pos=15
Nayarit,8,"$2,750,000
MXN","Laguna Santa maria del Oro, Col. La Laguna, Santa María del Oro, Nayarit, México, C.P. 63865, ID: 30090209",5 Recámaras | 6 Baños | 510 m 2,https://propiedades.com/inmuebles/casa-en-venta-laguna-santa-maria-del-oro-la-laguna-nayarit-30090209#pagina=8&tipos=casas-venta&area=nayarit&pos=16
Nayarit,8,"$1,700,000
MXN","Venta de casa en , Col. Mezcales, Bahía de Banderas, Nayarit, México, C.P. 63735, ID: 30829542",2 Recámaras | 1 Baño | 64 m 2,https://propiedades.com/inmuebles/casa-en-venta-mezcales-nayarit-30829542#pagina=8&tipos=casas-venta&area=nayarit&pos=17
Nayarit,8,"$4,000,000
MXN","Casa en venta disponible en Priv. ArcángelValle Dorado63735 MezcalesNay., Col. Valle Dorado, Bahía de Banderas, Nayarit, México, C.P. 63735, ID: 30978111",2 Recámaras | 2 Baños | 105 m 2,https://propiedades.com/inmuebles/casa-en-venta-priv-arcangelvalle-dorado63735-mezcalesnay-valle-dorado-nayarit-30978111#pagina=8&tipos=casas-venta&area=nayarit&pos=18
Nayarit,8,"$25,490,000
MXN","El Tigre, Col. Nuevo Vallarta, Bahía de Banderas, Nayarit, México, C.P. 63735, ID: 28706957",4 Recámaras | 4 Baños | 305 m 2,
Nayarit,8,"$7,300,000
MXN","Privada las Parotas #8A, Col. La Lomita, Bahía de Banderas, Nayarit, México, C.P. 63735, ID: 30750701",3 Recámaras | 3 Baños | 230 m 2,https://propiedades.com/inmuebles/casa-en-venta-privada-las-parotas-8a-la-lomita-nayarit-30750701#pagina=8&tipos=casas-venta&area=nayarit&pos=20
Nayarit,8,"$26,000,000
MXN","Venta de casa en , Col. Náutico Turístico, Bahía de Banderas, Nayarit, México, C.P. 63735, ID: 30620711",3 Recámaras | 5 Baños | 530 m 2,https://propiedades.com/inmuebles/casa-en-venta-nautico-turistico-nayarit-30620711#pagina=8&tipos=casas-venta&area=nayarit&pos=21
Nayarit,8,"$5,300,000
MXN","Casa en venta, Bilbao, Col. Ciudad del Valle, Tepic, Nayarit, México, C.P. 63157, ID: 30827749",5 Recámaras | 2 Baños | 314 m 2,https://propiedades.com/inmuebles/casa-en-venta-bilbao-ciudad-del-valle-nayarit-30827749#pagina=8&tipos=casas-venta&area=nayarit&pos=22
Nayarit,8,"$3,100,000
MXN","Casa en venta, , Col. Las Ceibas, Bahía de Banderas, Nayarit, México, C.P. 63735, ID: 30824447",3 Recámaras | 2 Baños | 75 m 2,https://propiedades.com/inmuebles/casa-en-venta-las-ceibas-nayarit-30824447#pagina=8&tipos=casas-venta&area=nayarit&pos=23
Nayarit,8,"$5,444,000
MXN","Venta de casa en PASEO DE LA PADUA, Col. Bonaterra, Tepic, Nayarit, México, C.P. 63194, ID: 30790907",3 Recámaras | 2 Baños | 256 m 2,https://propiedades.com/inmuebles/casa-en-venta-paseo-de-la-padua-bonaterra-nayarit-30790907#pagina=8&tipos=casas-venta&area=nayarit&pos=24
Nayarit,8,"$20,230,000
MXN","Primavera #85, Col. Nuevo Vallarta, Bahía de Banderas, Nayarit, México, C.P. 63735, ID: 30889744",4 Recámaras | 4 Baños | 304 m 2,https://propiedades.com/inmuebles/casa-en-venta-primavera-85-nuevo-vallarta-nayarit-30889744#pagina=8&tipos=casas-venta&area=nayarit&pos=25
Nayarit,8,"$3,300,000
MXN","Se vende casa Paricutín , Col. Miravalles, Tepic, Nayarit, México, C.P. 63184, ID: 26173866",1 Recámara | 1 Baño | 240 m 2,https://propiedades.com/inmuebles/casa-en-venta-paricutin-miravalles-nayarit-26173866#pagina=8&tipos=casas-venta&area=nayarit&pos=26
Nayarit,8,"$10,183,000
MXN","Venta casa en GOLONDRINA Y FLAMINGOS #7, Col. Cruz de Huanacaxtle, Bahía de Banderas, Nayarit, México, C.P. 63734, ID: 30688527",4 Recámaras | 4 Baños | 182 m 2,https://propiedades.com/inmuebles/casa-en-venta-golondrina-y-flamingos-7-cruz-de-huanacaxtle-nayarit-30688527#pagina=8&tipos=casas-venta&area=nayarit&pos=27
Nayarit,8,"$9,176,621
MXN","Se vende casa Casa en Venta de 3 recamaras en Nuevo Vallartainversion segura en Riviera Nayarit Ciye Residencial T, Col. Nuevo Vallarta, Bahía de Banderas, Nayarit, México, C.P. 63735, ID: 30802931",3 Recámaras | 2 Baños | 263 m 2,https://propiedades.com/inmuebles/casa-en-venta-casa-en-venta-de-3-recamaras-en-nuevo-vallartainversion-segura-en-riviera-nayarit-ciye-residencial-t-nuevo-vallarta-nayarit-30802931#pagina=8&tipos=casas-venta&area=nayarit&pos=28
Nayarit,8,"$3,500,000
MXN","Casa disponible en venta en 12 de octubre, Col. San Clemente de Lima, Bahía de Banderas, Nayarit, México, C.P. 63735, ID: 30777105",3 Recámaras | 3 Baños | 86 m 2,https://propiedades.com/inmuebles/casa-en-venta-12-de-octubre-san-clemente-de-lima-nayarit-30777105#pagina=8&tipos=casas-venta&area=nayarit&pos=29
Nayarit,8,"$1,985,000
MXN","Se vende casa , Col. Haciendas de San Vicente, Bahía de Banderas, Nayarit, México, C.P. 63737, ID: 30108244",3 Recámaras | 2 Baños,https://propiedades.com/inmuebles/casa-en-venta-haciendas-de-san-vicente-nayarit-30108244#pagina=8&tipos=casas-venta&area=nayarit&pos=30
Nayarit,8,"$2,785,663
MXN","Se vende casa en Col. Altavela, Bahía de Banderas, Nayarit, México, C.P. 63735, ID: 31003867",3 Recámaras | 2 Baños | 101 m 2,
Nayarit,8,"$3,200,000
MXN","Casa en venta, Valle de Montecarlo, Col. Valle Dorado, Bahía de Banderas, Nayarit, México, C.P. 63735, ID: 30539200",3 Recámaras | 2 Baños | 200 m 2,https://propiedades.com/inmuebles/casa-en-venta-valle-de-montecarlo-valle-dorado-nayarit-30539200#pagina=8&tipos=casas-venta&area=nayarit&pos=32
Nayarit,8,"$1,870,000
MXN","COLIMA, Col. Tepic Centro, Tepic, Nayarit, México, C.P. 63000, ID: 27563755",3 Recámaras | 1 Baño | 63 m 2,https://propiedades.com/inmuebles/casa-en-venta-colima-tepic-centro-nayarit-27563755#pagina=8&tipos=casas-venta&area=nayarit&pos=33
Nayarit,8,"$7,000,000
MXN","Venta casa en , Col. Las Jarretaderas, Bahía de Banderas, Nayarit, México, C.P. 63735, ID: 30620714",5 Recámaras | 4 Baños | 229 m 2,https://propiedades.com/inmuebles/casa-en-venta-las-jarretaderas-nayarit-30620714#pagina=8&tipos=casas-venta&area=nayarit&pos=34
Nayarit,8,"$2,450,000
MXN","Venta casa en , Col. Altavela, Bahía de Banderas, Nayarit, México, C.P. 63735, ID: 30960324",3 Recámaras | 1 Baño | 79 m 2,https://propiedades.com/inmuebles/casa-en-venta-altavela-nayarit-30960324#pagina=8&tipos=casas-venta&area=nayarit&pos=35
Nayarit,8,"$2,150,000
MXN","Venta casa en Col. Valle Dorado, Bahía de Banderas, Nayarit, México, C.P. 63735, ID: 31016025",2 Recámaras | 1 Baño | 90 m 2,https://propiedades.com/inmuebles/casa-en-venta-valle-dorado-nayarit-31016025#pagina=8&tipos=casas-venta&area=nayarit&pos=36
Nayarit,8,"$2,350,000
MXN","Casa en venta, Saturnino Peña, Colonia, 63039 Tepic, Nay., Col. Social Progresivo Cuba, Tepic, Nayarit, México, C.P. 63039, ID: 30952507",3 Recámaras | 2 Baños | 140 m 2,https://propiedades.com/inmuebles/casa-en-venta-saturnino-pena-colonia-63039-tepic-nay-social-progresivo-cuba-nayarit-30952507#pagina=8&tipos=casas-venta&area=nayarit&pos=37
Nayarit,8,"$41,625,000
MXN","Se vende casa en Carmen Serdan y Fco. I Madero, Col. Bucerías Centro, Bahía de Banderas, Nayarit, México, C.P. 63732, ID: 30829280",5 Recámaras | 4 Baños | 529 m 2,https://propiedades.com/inmuebles/casa-en-venta-carmen-serdan-y-fco-i-madero-bucerias-centro-nayarit-30829280#pagina=8&tipos=casas-venta&area=nayarit&pos=38
Nayarit,8,"$14,000,000
MXN","Casa en venta disponible en Colibri, Col. Nuevo Vallarta, Bahía de Banderas, Nayarit, México, C.P. 63735, ID: 30732550",4 Recámaras | 4 Baños | 161 m 2,https://propiedades.com/inmuebles/casa-en-venta-colibri-nuevo-vallarta-nayarit-30732550#pagina=8&tipos=casas-venta&area=nayarit&pos=39
Nayarit,8,"$12,900,000
MXN","Paseo de la Sierra, Col. Aves del Paraíso, Tepic, Nayarit, México, C.P. 63129, ID: 27999747",4 Recámaras | 4 Baños | 480 m 2,https://propiedades.com/inmuebles/casa-en-venta-paseo-de-la-sierra-aves-del-paraiso-nayarit-27999747#pagina=8&tipos=casas-venta&area=nayarit&pos=40
Nayarit,8,"$15,500,000
MXN","Casa en venta, , Col. Náutico Turístico, Bahía de Banderas, Nayarit, México, C.P. 63735, ID: 30193169",4 Recámaras | 4 Baños | 321 m 2,https://propiedades.com/inmuebles/casa-en-venta-nautico-turistico-nayarit-30193169#pagina=8&tipos=casas-venta&area=nayarit&pos=41
Nayarit,8,"$9,900,000
MXN","Casa disponible en venta en PASEO DE LOS COCOTEROS, Col. Náutico Turístico, Bahía de Banderas, Nayarit, México, C.P. 63735, ID: 28760025",2 Recámaras | 3 Baños | 204 m 2,https://propiedades.com/inmuebles/casa-en-venta-paseo-de-los-cocoteros-nautico-turistico-nayarit-28760025#pagina=8&tipos=casas-venta&area=nayarit&pos=42
Nayarit,8,"$2,550,000
MXN","Casa en venta disponible en , Col. Paraíso, Bahía de Banderas, Nayarit, México, C.P. 63732, ID: 30932883",3 Recámaras | 3 Baños | 119 m 2,https://propiedades.com/inmuebles/casa-en-venta-paraiso-nayarit-30932883#pagina=8&tipos=casas-venta&area=nayarit&pos=43
Nayarit,8,"$5,325,100
MXN","Se vende casa en SAN VICENTE, Col. San Vicente, Bahía de Banderas, Nayarit, México, C.P. 63737, ID: 30027702",3 Recámaras | 3 Baños | 152 m 2,https://propiedades.com/inmuebles/casa-en-venta-san-vicente-san-vicente-nayarit-30027702#pagina=8&tipos=casas-venta&area=nayarit&pos=44
Nayarit,8,"$2,200,000
MXN",", Col. Paraíso, Bahía de Banderas, Nayarit, México, C.P. 63732, ID: 30932884",3 Recámaras | 1 Baño | 92 m 2,https://propiedades.com/inmuebles/casa-en-venta-paraiso-nayarit-30932884#pagina=8&tipos=casas-venta&area=nayarit&pos=45
Nayarit,8,"$650,000
USD","Casa en venta disponible en Carr. a Punta de Mita La Puntilla , Riviera Nayarit, #3B, Col. Bahía de Banderas, Bahía de Banderas, Nayarit, México, C.P. 63737, ID: 30622166",3 Recámaras | 3 Baños | 198 m 2,https://propiedades.com/inmuebles/casa-en-venta-carr-a-punta-de-mita-la-puntilla-riviera-nayarit-3b-bahia-de-banderas-nayarit-30622166#pagina=8&tipos=casas-venta&area=nayarit&pos=46
Nayarit,8,"$5,780,095
MXN","Se vende casa , Col. Bucerías Centro, Bahía de Banderas, Nayarit, México, C.P. 63732, ID: 25038018",3 Recámaras | 3 Baños | 203 m 2,https://propiedades.com/inmuebles/casa-en-venta-bucerias-centro-nayarit-25038018#pagina=8&tipos=casas-venta&area=nayarit&pos=47
Nayarit,9,"$2,690,000
USD","Venta casa en BRISAS ALISIAS, Col. Cruz de Huanacaxtle, Bahía de Banderas, Nayarit, México, C.P. 63734, ID: 28933579",5 Recámaras | 5 Baños | 514 m 2,https://propiedades.com/inmuebles/casa-en-venta-brisas-alisias-cruz-de-huanacaxtle-nayarit-28933579#pagina=9&tipos=casas-venta&area=nayarit&pos=1
Nayarit,9,"$5,500,000
MXN","Casa disponible en venta en Col. San Clemente de Lima, Bahía de Banderas, Nayarit, México, C.P. 63735, ID: 30442136",3 Recámaras | 2 Baños | 138 m 2,https://propiedades.com/inmuebles/casa-en-venta-san-clemente-de-lima-nayarit-30442136#pagina=9&tipos=casas-venta&area=nayarit&pos=2
Nayarit,9,"$15,895,000
MXN","Casa disponible en venta en Calle Ballenas Fracc B, Col. Cruz de Huanacaxtle, Bahía de Banderas, Nayarit, México, C.P. 63734, ID: 28607858",3 Recámaras | 3 Baños | 250 m 2,https://propiedades.com/inmuebles/casa-en-venta-calle-ballenas-fracc-b-cruz-de-huanacaxtle-nayarit-28607858#pagina=9&tipos=casas-venta&area=nayarit&pos=3
Nayarit,9,"$5,950,000
MXN","Col. Mezcales, Bahía de Banderas, Nayarit, México, C.P. 63735, ID: 30931670",3 Recámaras | 2 Baños | 154 m 2,https://propiedades.com/inmuebles/casa-en-venta-mezcales-nayarit-30931670#pagina=9&tipos=casas-venta&area=nayarit&pos=4
Nayarit,9,"$13,999,999
MXN","Casa en venta disponible en colibri, Col. Nuevo Vallarta, Bahía de Banderas, Nayarit, México, C.P. 63735, ID: 30441632",4 Recámaras | 3 Baños | 195 m 2,https://propiedades.com/inmuebles/casa-en-venta-colibri-nuevo-vallarta-nayarit-30441632#pagina=9&tipos=casas-venta&area=nayarit&pos=5
Nayarit,9,"$15,000,000
MXN","Venta de casa Calle Colibrí 153-CPuntacala, Col. Nuevo Vallarta, Bahía de Banderas, Nayarit, México, C.P. 63735, ID: 29414909",4 Recámaras | 4 Baños | 161 m 2,https://propiedades.com/inmuebles/casa-en-venta-calle-colibri-153cpuntacala-nuevo-vallarta-nayarit-29414909#pagina=9&tipos=casas-venta&area=nayarit&pos=6
Nayarit,9,"$2,100,000
MXN","Se vende casa OLA #17, Col. Altavela, Bahía de Banderas, Nayarit, México, C.P. 63735, ID: 30907902",3 Recámaras | 2 Baños | 79 m 2,https://propiedades.com/inmuebles/casa-en-venta-ola-17-altavela-nayarit-30907902#pagina=9&tipos=casas-venta&area=nayarit&pos=7
Nayarit,9,"$6,500,000
MXN","Casa disponible en venta en blvrd rivera nayarit, Col. Flamingos, Bahía de Banderas, Nayarit, México, C.P. 63732, ID: 30855477",3 Recámaras | 2 Baños | 155 m 2,https://propiedades.com/inmuebles/casa-en-venta-blvrd-rivera-nayarit-flamingos-nayarit-30855477#pagina=9&tipos=casas-venta&area=nayarit&pos=8
Nayarit,9,"$24,000,000
MXN","Casa en venta, Paseo de Los Lagos #20, Col. Nuevo Vallarta, Bahía de Banderas, Nayarit, México, C.P. 63735, ID: 29892361",3 Recámaras | 5 Baños | 317 m 2,https://propiedades.com/inmuebles/casa-en-venta-paseo-de-los-lagos-20-nuevo-vallarta-nayarit-29892361#pagina=9&tipos=casas-venta&area=nayarit&pos=9
Nayarit,9,"$13,970,000
MXN","Brisas Vallarta, Col. Cruz de Huanacaxtle, Bahía de Banderas, Nayarit, México, C.P. 63734, ID: 28607857",3 Recámaras | 2 Baños | 250 m 2,https://propiedades.com/inmuebles/casa-en-venta-brisas-vallarta-cruz-de-huanacaxtle-nayarit-28607857#pagina=9&tipos=casas-venta&area=nayarit&pos=10
Nayarit,9,"$13,950,000
MXN","Se vende casa en Paseo de los Cocoteros, Col. Nuevo Vallarta, Bahía de Banderas, Nayarit, México, C.P. 63735, ID: 30325774",3 Recámaras | 5 Baños | 370 m 2,https://propiedades.com/inmuebles/casa-en-venta-paseo-de-los-cocoteros-nuevo-vallarta-nayarit-30325774#pagina=9&tipos=casas-venta&area=nayarit&pos=11
Nayarit,9,"$21,980,000
MXN","Se vende casa en Av mexico, Col. Nuevo Vallarta, Bahía de Banderas, Nayarit, México, C.P. 63735, ID: 30871193",5 Recámaras | 6 Baños | 560 m 2,https://propiedades.com/inmuebles/casa-en-venta-av-mexico-nuevo-vallarta-nayarit-30871193#pagina=9&tipos=casas-venta&area=nayarit&pos=12
Nayarit,9,"$14,000,000
MXN","Se vende casa en Punta de Mita, Col. Cruz de Huanacaxtle, Bahía de Banderas, Nayarit, México, C.P. 63734, ID: 30506405",5 Recámaras | 5 Baños | 252 m 2,https://propiedades.com/inmuebles/casa-en-venta-punta-de-mita-cruz-de-huanacaxtle-nayarit-30506405#pagina=9&tipos=casas-venta&area=nayarit&pos=13
Nayarit,9,"$5,060,000
MXN","Venta de casa en Av paseo vallarta, Col. Bucerías Centro, Bahía de Banderas, Nayarit, México, C.P. 63732, ID: 30787225",3 Recámaras | 3 Baños | 163 m 2,https://propiedades.com/inmuebles/casa-en-venta-av-paseo-vallarta-bucerias-centro-nayarit-30787225#pagina=9&tipos=casas-venta&area=nayarit&pos=14
Nayarit,9,"$6,000,000
MXN","Venta casa en Col. Los Sauces, Tepic, Nayarit, México, C.P. 63197, ID: 30949356",300 m 2,https://propiedades.com/inmuebles/casa-en-venta-los-sauces-nayarit-30949356#pagina=9&tipos=casas-venta&area=nayarit&pos=15
Nayarit,9,"$3,300,000
MXN","Venta casa en , Col. Haciendas de San Vicente, Bahía de Banderas, Nayarit, México, C.P. 63737, ID: 30932885",3 Recámaras | 2 Baños | 113 m 2,https://propiedades.com/inmuebles/casa-en-venta-haciendas-de-san-vicente-nayarit-30932885#pagina=9&tipos=casas-venta&area=nayarit&pos=16
Nayarit,9,"$4,600,000
MXN","Venta de casa en Av. Paseo Vallarta 300, Flamingos, Club Residencial, 63732 Flamingos, Nay.Int. 35, Col. Villas las Parotas, Bahía de Banderas, Nayarit, México, C.P. 63732, ID: 30952897",4 Recámaras | 3 Baños | 134 m 2,https://propiedades.com/inmuebles/casa-en-venta-av-paseo-vallarta-300-flamingos-club-residencial-63732-flamingos-nay-villas-las-parotas-nayarit-30952897#pagina=9&tipos=casas-venta&area=nayarit&pos=17
Nayarit,9,"$9,200,000
MXN","Se vende casa en Col. Residencial Los Mangos, Bahía de Banderas, Nayarit, México, C.P. 63732, ID: 29398503",3 Recámaras | 3 Baños | 430 m 2,https://propiedades.com/inmuebles/casa-en-venta-residencial-los-mangos-nayarit-29398503#pagina=9&tipos=casas-venta&area=nayarit&pos=18
Nayarit,9,"$9,950,000
MXN","Venta casa en Boulevard Nayarit #145, Col. Nuevo Vallarta, Bahía de Banderas, Nayarit, México, C.P. 63735, ID: 30959729",3 Recámaras | 5 Baños | 240 m 2,https://propiedades.com/inmuebles/casa-en-venta-boulevard-nayarit-145-nuevo-vallarta-nayarit-30959729#pagina=9&tipos=casas-venta&area=nayarit&pos=19
Nayarit,9,"$4,490,000
MXN","Casa en venta, , Col. Rincón del Cielo, Bahía de Banderas, Nayarit, México, C.P. 63735, ID: 30889384",3 Recámaras | 3 Baños | 132 m 2,https://propiedades.com/inmuebles/casa-en-venta-rincon-del-cielo-nayarit-30889384#pagina=9&tipos=casas-venta&area=nayarit&pos=20
Nayarit,9,"$4,570,000
MXN","Se vende casa , Col. Bahía de Banderas, Bahía de Banderas, Nayarit, México, C.P. 63737, ID: 30226886",2 Recámaras | 1 Baño | 110 m 2,https://propiedades.com/inmuebles/casa-en-venta-bahia-de-banderas-nayarit-30226886#pagina=9&tipos=casas-venta&area=nayarit&pos=21
Nayarit,9,"$19,000,000
MXN","Casa disponible en venta en carretera AticamaPlaya de los Cocos, Col. Residencial Playa Los Cocos, San Blas, Nayarit, México, C.P. 63771, ID: 29377786",3 Recámaras | 4 Baños | 252 m 2,https://propiedades.com/inmuebles/casa-en-venta-carretera-aticamaplaya-de-los-cocos-residencial-playa-los-cocos-nayarit-29377786#pagina=9&tipos=casas-venta&area=nayarit&pos=22
Nayarit,9,"$5,450,000
MXN","San Vicente 50, Col. Nuevo Vallarta, Bahía de Banderas, Nayarit, México, C.P. 63735, ID: 29885657",3 Recámaras | 2 Baños | 170 m 2,https://propiedades.com/inmuebles/casa-en-venta-san-vicente-50-nuevo-vallarta-nayarit-29885657#pagina=9&tipos=casas-venta&area=nayarit&pos=23
Nayarit,9,"$3,349,000
MXN","Venta casa en agave azul, Col. Mezcales, Bahía de Banderas, Nayarit, México, C.P. 63735, ID: 30813054",3 Recámaras | 2 Baños | 130 m 2,https://propiedades.com/inmuebles/casa-en-venta-agave-azul-mezcales-nayarit-30813054#pagina=9&tipos=casas-venta&area=nayarit&pos=24
Nayarit,9,"$8,200,000
MXN","Casa en venta, Avenida Mexico, Col. Nuevo Vallarta, Bahía de Banderas, Nayarit, México, C.P. 63735, ID: 30212011",4 Recámaras | 3 Baños | 174 m 2,https://propiedades.com/inmuebles/casa-en-venta-avenida-mexico-nuevo-vallarta-nayarit-30212011#pagina=9&tipos=casas-venta&area=nayarit&pos=25
Nayarit,9,"$5,500,000
MXN","Venta casa en Lomas del sol, Col. Bahía de Banderas, Bahía de Banderas, Nayarit, México, C.P. 63737, ID: 30690115",3 Recámaras | 2 Baños | 140 m 2,https://propiedades.com/inmuebles/casa-en-venta-lomas-del-sol-bahia-de-banderas-nayarit-30690115#pagina=9&tipos=casas-venta&area=nayarit&pos=26
Nayarit,9,"$1,400,000
MXN","Fresnos #2773, Col. Puente de San Cayetano, Tepic, Nayarit, México, C.P. 63194, ID: 26831830",3 Recámaras | 2 Baños | 100 m 2,https://propiedades.com/inmuebles/casa-en-venta-fresnos-2773-puente-de-san-cayetano-nayarit-26831830#pagina=9&tipos=casas-venta&area=nayarit&pos=27
Nayarit,9,"$1,113,000
MXN","Se vende casa en Avenida Quetzal #5Int. 1, Col. Tapachula del Valle, Bahía de Banderas, Nayarit, México, C.P. 63738, ID: 29044021",2 Recámaras | 1 Baño | 43 m 2,https://propiedades.com/inmuebles/casa-en-venta-avenida-quetzal-5-tapachula-del-valle-nayarit-29044021#pagina=9&tipos=casas-venta&area=nayarit&pos=28
Nayarit,9,"$8,168,100
MXN","Francisco I Madero, Col. Bucerías Centro, Bahía de Banderas, Nayarit, México, C.P. 63732, ID: 28832531",3 Recámaras | 2 Baños | 189 m 2,https://propiedades.com/inmuebles/casa-en-venta-francisco-i-madero-bucerias-centro-nayarit-28832531#pagina=9&tipos=casas-venta&area=nayarit&pos=29
Nayarit,9,"$21,980,000
MXN","Venta casa en Club de Golf Residencial Los Tigres, Col. Nuevo Vallarta, Bahía de Banderas, Nayarit, México, C.P. 63735, ID: 29010945",5 Recámaras | 5 Baños | 543 m 2,https://propiedades.com/inmuebles/casa-en-venta-club-de-golf-residencial-los-tigres-nuevo-vallarta-nayarit-29010945#pagina=9&tipos=casas-venta&area=nayarit&pos=30
Nayarit,9,"$5,922,500
MXN","Venta casa en El Risco Residencial, Col. El Guamúchil, Bahía de Banderas, Nayarit, México, C.P. 63726, ID: 30759998",3 Recámaras | 2 Baños | 160 m 2,https://propiedades.com/inmuebles/casa-en-venta-el-risco-residencial-el-guamuchil-nayarit-30759998#pagina=9&tipos=casas-venta&area=nayarit&pos=31
Nayarit,9,"$9,250,000
MXN","PRIVADA IKAL #30, Col. Bahía de Banderas, Bahía de Banderas, Nayarit, México, C.P. 63737, ID: 30755617",4 Recámaras | 4 Baños | 200 m 2,https://propiedades.com/inmuebles/casa-en-venta-privada-ikal-30-bahia-de-banderas-nayarit-30755617#pagina=9&tipos=casas-venta&area=nayarit&pos=32
Nayarit,9,"$7,200,000
MXN","Venta de casa en arezzo, Col. Bahía de Banderas, Bahía de Banderas, Nayarit, México, C.P. 63737, ID: 29523615",3 Recámaras | 2 Baños | 175 m 2,https://propiedades.com/inmuebles/casa-en-venta-arezzo-bahia-de-banderas-nayarit-29523615#pagina=9&tipos=casas-venta&area=nayarit&pos=33
Nayarit,9,"$6,300,000
USD","CARR. MEXICO 200, Col. Higuera Blanca, Bahía de Banderas, Nayarit, México, C.P. 63734, ID: 30446309",6 Recámaras | 6 Baños | 1200 m 2,https://propiedades.com/inmuebles/casa-en-venta-carr-mexico-200-higuera-blanca-nayarit-30446309#pagina=9&tipos=casas-venta&area=nayarit&pos=34
Nayarit,9,"$12,000,000
MXN","Casa disponible en venta en Avenida Mexico, Col. Nuevo Vallarta, Bahía de Banderas, Nayarit, México, C.P. 63735, ID: 29727453",4 Recámaras | 4 Baños | 310 m 2,https://propiedades.com/inmuebles/casa-en-venta-avenida-mexico-nuevo-vallarta-nayarit-29727453#pagina=9&tipos=casas-venta&area=nayarit&pos=35
Nayarit,9,"$19,000,000
MXN","Venta casa en Playa pontoque, Col. Bucerías Centro, Bahía de Banderas, Nayarit, México, C.P. 63732, ID: 30046009",5 Recámaras | 4 Baños | 181 m 2,https://propiedades.com/inmuebles/casa-en-venta-playa-pontoque-bucerias-centro-nayarit-30046009#pagina=9&tipos=casas-venta&area=nayarit&pos=36
Nayarit,9,"$5,150,000
MXN","Casa disponible en venta en Av. Del MarCondominio Coral, Col. Bucerías Centro, Bahía de Banderas, Nayarit, México, C.P. 63732, ID: 30374370",3 Recámaras | 2 Baños | 101 m 2,https://propiedades.com/inmuebles/casa-en-venta-av-del-marcondominio-coral-bucerias-centro-nayarit-30374370#pagina=9&tipos=casas-venta&area=nayarit&pos=37
Nayarit,9,"$18,950,000
MXN","Se vende casa en Av. punta esmeralda #3, Col. Cruz de Huanacaxtle, Bahía de Banderas, Nayarit, México, C.P. 63734, ID: 30789647",3 Recámaras | 3 Baños | 407 m 2,https://propiedades.com/inmuebles/casa-en-venta-av-punta-esmeralda-3-cruz-de-huanacaxtle-nayarit-30789647#pagina=9&tipos=casas-venta&area=nayarit&pos=38
Nayarit,9,"$17,500,000
MXN","Casa disponible en venta en Alamo, Col. Nuevo Vallarta, Bahía de Banderas, Nayarit, México, C.P. 63735, ID: 30894096",3 Recámaras | 4 Baños | 315 m 2,https://propiedades.com/inmuebles/casa-en-venta-alamo-nuevo-vallarta-nayarit-30894096#pagina=9&tipos=casas-venta&area=nayarit&pos=39
Nayarit,9,"$5,325,100
MXN","Casa disponible en venta en El Risco Residencial, Col. El Guamúchil, Bahía de Banderas, Nayarit, México, C.P. 63726, ID: 30760001",3 Recámaras | 3 Baños | 152 m 2,https://propiedades.com/inmuebles/casa-en-venta-el-risco-residencial-el-guamuchil-nayarit-30760001#pagina=9&tipos=casas-venta&area=nayarit&pos=40
Nayarit,9,"$4,700,000
MXN","Venta casa en Palma del Rey #150Int. 806, Col. Las Jarretaderas, Bahía de Banderas, Nayarit, México, C.P. 63735, ID: 27480016",3 Recámaras | 2 Baños | 138 m 2,https://propiedades.com/inmuebles/casa-en-venta-palma-del-rey-150-las-jarretaderas-nayarit-27480016#pagina=9&tipos=casas-venta&area=nayarit&pos=41
Nayarit,9,"$10,000,000
USD",", Col. Punta de Mita, Bahía de Banderas, Nayarit, México, C.P. 63734, ID: 28034208",5 Recámaras | 7 Baños | 1207 m 2,https://propiedades.com/inmuebles/casa-en-venta-punta-de-mita-nayarit-28034208#pagina=9&tipos=casas-venta&area=nayarit&pos=42
Nayarit,9,"$5,450,000
MXN","Casa en venta, , Col. Tepic Centro, Tepic, Nayarit, México, C.P. 63000, ID: 30031675",4 Recámaras | 2 Baños | 600 m 2,https://propiedades.com/inmuebles/casa-en-venta-tepic-centro-nayarit-30031675#pagina=9&tipos=casas-venta&area=nayarit&pos=43
Nayarit,9,"$1,500,000
MXN","Casa disponible en venta en ., Col. El Aguacate, Tepic, Nayarit, México, C.P. 63125, ID: 26870456",5 Recámaras | 3 Baños | 244 m 2,https://propiedades.com/inmuebles/casa-en-venta-el-aguacate-nayarit-26870456#pagina=9&tipos=casas-venta&area=nayarit&pos=44
Nayarit,9,"$1,200,000
USD","Casa en venta, Calle Chachalaca, Col. Sayulita, Bahía de Banderas, Nayarit, México, C.P. 63734, ID: 23600526",5 Recámaras | 6 Baños | 663 m 2,https://propiedades.com/inmuebles/casa-en-venta-calle-chachalaca-sayulita-nayarit-23600526#pagina=9&tipos=casas-venta&area=nayarit&pos=45
Nayarit,9,"$8,500,000
MXN","refugio laguna, Col. Mezcales, Bahía de Banderas, Nayarit, México, C.P. 63735, ID: 29386621",3 Recámaras | 3 Baños | 377 m 2,https://propiedades.com/inmuebles/casa-en-venta-refugio-laguna-mezcales-nayarit-29386621#pagina=9&tipos=casas-venta&area=nayarit&pos=46
Nayarit,9,"$620,000
MXN","Casa en venta disponible en Ing. Aguayo 199, Adolfo López Mateos, 63021 Tepic, Nay. #199, Col. Adolfo López Mateos, Tepic, Nayarit, México, C.P. 63021, ID: 30863220",3 Recámaras | 2 Baños | 160 m 2,https://propiedades.com/inmuebles/casa-en-venta-ing-aguayo-199-adolfo-lopez-mateos-63021-tepic-nay-199-adolfo-lopez-mateos-nayarit-30863220#pagina=9&tipos=casas-venta&area=nayarit&pos=47
Nayarit,10,"$5,325,000
MXN","Casa en venta, Sin nombre de calle #S/N, Col. Bahía de Banderas, Bahía de Banderas, Nayarit, México, C.P. 63737, ID: 30377679",2 Recámaras | 3 Baños | 130 m 2,https://propiedades.com/inmuebles/casa-en-venta-sin-nombre-de-calle-sn-bahia-de-banderas-nayarit-30377679#pagina=10&tipos=casas-venta&area=nayarit&pos=1
Nayarit,10,"$1,300,000
USD","Se vende casa en Rinconada Careyeros #11, Col. Corral del Risco (Punta de Mita), Bahía de Banderas, Nayarit, México, C.P. 63734, ID: 30736051",3 Recámaras | 3 Baños | 221 m 2,https://propiedades.com/inmuebles/casa-en-venta-rinconada-careyeros-11-corral-del-risco-punta-de-mita-nayarit-30736051#pagina=10&tipos=casas-venta&area=nayarit&pos=2
Nayarit,10,"$5,325,100
MXN","Venta de casa en El Risco Residencial, Col. El Guamúchil, Bahía de Banderas, Nayarit, México, C.P. 63726, ID: 30760002",2 Recámaras | 2 Baños | 130 m 2,https://propiedades.com/inmuebles/casa-en-venta-el-risco-residencial-el-guamuchil-nayarit-30760002#pagina=10&tipos=casas-venta&area=nayarit&pos=3
Nayarit,10,"$2,700,000
MXN","Casa en venta disponible en MOCTEZUMA, Col. Ixtlán del Río Centro, Ixtlán del Río, Nayarit, México, C.P. 63950, ID: 30866507",4 Recámaras | 2 Baños | 280 m 2,https://propiedades.com/inmuebles/casa-en-venta-moctezuma-ixtlan-del-rio-centro-nayarit-30866507#pagina=10&tipos=casas-venta&area=nayarit&pos=4
Nayarit,10,"$6,500,000
MXN","Casa en venta disponible en BLVD NUEVO VALLARTA #645Int. 204, Col. Nuevo Vallarta, Bahía de Banderas, Nayarit, México, C.P. 63735, ID: 28716826",1 Recámara | 1 Baño | 132 m 2,https://propiedades.com/inmuebles/casa-en-venta-blvd-nuevo-vallarta-645-nuevo-vallarta-nayarit-28716826#pagina=10&tipos=casas-venta&area=nayarit&pos=5
Nayarit,10,"$24,000,000
MXN","Venta casa en Tortugas, Col. Cruz de Huanacaxtle, Bahía de Banderas, Nayarit, México, C.P. 63734, ID: 29309128",4 Recámaras | 4 Baños | 252 m 2,https://propiedades.com/inmuebles/casa-en-venta-tortugas-cruz-de-huanacaxtle-nayarit-29309128#pagina=10&tipos=casas-venta&area=nayarit&pos=6
Nayarit,10,"$890,000
USD","Venta de casa en B3 Carr. a Punta de Mita La Puntilla Casa Terrazas #B3, Col. Punta de Mita, Bahía de Banderas, Nayarit, México, C.P. 63734, ID: 30632396",3 Recámaras | 3 Baños | 198 m 2,https://propiedades.com/inmuebles/casa-en-venta-b3-carr-a-punta-de-mita-la-puntilla-casa-terrazas-b3-punta-de-mita-nayarit-30632396#pagina=10&tipos=casas-venta&area=nayarit&pos=7
Nayarit,10,"$5,665,000
MXN","Se vende casa El Risco Residencial, Col. El Guamúchil, Bahía de Banderas, Nayarit, México, C.P. 63726, ID: 30759999",3 Recámaras | 2 Baños | 154 m 2,https://propiedades.com/inmuebles/casa-en-venta-el-risco-residencial-el-guamuchil-nayarit-30759999#pagina=10&tipos=casas-venta&area=nayarit&pos=8
Nayarit,10,"$1,113,000
MXN","Se vende casa , Col. Mezcales, Bahía de Banderas, Nayarit, México, C.P. 63735, ID: 30932880",2 Recámaras | 1 Baño | 42 m 2,https://propiedades.com/inmuebles/casa-en-venta-mezcales-nayarit-30932880#pagina=10&tipos=casas-venta&area=nayarit&pos=9
Nayarit,10,"$1,200,000
USD","Casa disponible en venta en VISTA LAGOS, Col. Nuevo Vallarta, Bahía de Banderas, Nayarit, México, C.P. 63735, ID: 29472459",4 Recámaras | 4 Baños | 313 m 2,https://propiedades.com/inmuebles/casa-en-venta-vista-lagos-nuevo-vallarta-nayarit-29472459#pagina=10&tipos=casas-venta&area=nayarit&pos=10
Nayarit,10,"$16,000,000
MXN","Se vende casa Brisas Vallarta #17, Col. Cruz de Huanacaxtle, Bahía de Banderas, Nayarit, México, C.P. 63734, ID: 30132138",3 Recámaras | 4 Baños | 300 m 2,https://propiedades.com/inmuebles/casa-en-venta-brisas-vallarta-17-cruz-de-huanacaxtle-nayarit-30132138#pagina=10&tipos=casas-venta&area=nayarit&pos=11
Nayarit,10,"$7,650,000
MXN","Se vende casa en Residencial Los Azulejos, Col. Nuevo Vallarta, Bahía de Banderas, Nayarit, México, C.P. 63735, ID: 29529979",3 Recámaras | 3 Baños | 186 m 2,https://propiedades.com/inmuebles/casa-en-venta-residencial-los-azulejos-nuevo-vallarta-nayarit-29529979#pagina=10&tipos=casas-venta&area=nayarit&pos=12
Nayarit,10,"$920,000
USD","Se vende casa en Carretera a punta mita, Col. Cruz de Huanacaxtle, Bahía de Banderas, Nayarit, México, C.P. 63734, ID: 30459169",3 Recámaras | 2 Baños | 450 m 2,https://propiedades.com/inmuebles/casa-en-venta-carretera-a-punta-mita-cruz-de-huanacaxtle-nayarit-30459169#pagina=10&tipos=casas-venta&area=nayarit&pos=13
Nayarit,10,"$5,500,000
MXN","Casa en venta, primavera, Col. San Isidro, Bahía de Banderas, Nayarit, México, C.P. 63735, ID: 30200688",2 Recámaras | 2 Baños | 600 m 2,https://propiedades.com/inmuebles/casa-en-venta-primavera-san-isidro-nayarit-30200688#pagina=10&tipos=casas-venta&area=nayarit&pos=14
Nayarit,10,"$315,000
USD","Se vende casa en Avenida del mar, Col. Terralta, Bahía de Banderas, Nayarit, México, C.P. 63732, ID: 27757211",3 Recámaras | 2 Baños | 101 m 2,https://propiedades.com/inmuebles/casa-en-venta-avenida-del-mar-terralta-nayarit-27757211#pagina=10&tipos=casas-venta&area=nayarit&pos=15
Nayarit,10,"$2,699,000
MXN","Se vende casa en , Col. Gobernadores, Tepic, Nayarit, México, C.P. 63175, ID: 30287863",2 Recámaras | 149 m 2,https://propiedades.com/inmuebles/casa-en-venta-gobernadores-nayarit-30287863#pagina=10&tipos=casas-venta&area=nayarit&pos=16
Nayarit,10,"$1,790,000
MXN","Venta de casa Tulipanes, Jardines del Valle Amp, 63035 Tepic, Nay. #49, Col. Valle Verde de Matatipac, Tepic, Nayarit, México, C.P. 63035, ID: 30962343",2 Recámaras | 2 Baños | 70 m 2,https://propiedades.com/inmuebles/casa-en-venta-tulipanes-jardines-del-valle-amp-63035-tepic-nay-49-valle-verde-de-matatipac-nayarit-30962343#pagina=10&tipos=casas-venta&area=nayarit&pos=17
Nayarit,10,"$7,000,000
USD","fraccionamiento, Col. San Francisco, Del Nayar, Nayarit, México, C.P. 63534, ID: 28941479",4 Recámaras,https://propiedades.com/inmuebles/casa-en-venta-fraccionamiento-san-francisco-nayarit-28941479#pagina=10&tipos=casas-venta&area=nayarit&pos=18
Nayarit,10,"$6,900,000
MXN","Casa en venta disponible en Amado Nervo, Col. Higuera Blanca, Bahía de Banderas, Nayarit, México, C.P. 63734, ID: 30543206",3 Recámaras | 3 Baños | 217 m 2,https://propiedades.com/inmuebles/casa-en-venta-amado-nervo-higuera-blanca-nayarit-30543206#pagina=10&tipos=casas-venta&area=nayarit&pos=19
Nayarit,10,"$45,000,000
MXN","Casa en venta disponible en Cristobal Colon #408, Col. Miramar, Compostela, Nayarit, México, C.P. 63720, ID: 28716619",16 Recámaras | 16 Baños | 2010 m 2,https://propiedades.com/inmuebles/casa-en-venta-cristobal-colon-408-miramar-nayarit-28716619#pagina=10&tipos=casas-venta&area=nayarit&pos=20
Nayarit,10,"$13,700,000
MXN","Se vende casa Avenida Brisas Alisias #29, Col. Cruz de Huanacaxtle, Bahía de Banderas, Nayarit, México, C.P. 63734, ID: 30588666",3 Recámaras | 4 Baños | 279 m 2,https://propiedades.com/inmuebles/casa-en-venta-avenida-brisas-alisias-29-cruz-de-huanacaxtle-nayarit-30588666#pagina=10&tipos=casas-venta&area=nayarit&pos=21
Nayarit,10,"$55,000,000
MXN","Venta de casa en Av. Paseo de los Cocoteros Sur No, Col. Brisas, Bahía de Banderas, Nayarit, México, C.P. 63732, ID: 28665037",5 Recámaras | 4 Baños | 680 m 2,https://propiedades.com/inmuebles/casa-en-venta-av-paseo-de-los-cocoteros-sur-no-brisas-nayarit-28665037#pagina=10&tipos=casas-venta&area=nayarit&pos=22
Nayarit,10,"$2,230,000
MXN","Casa en venta, ., Col. San José, Tepic, Nayarit, México, C.P. 63030, ID: 26248536",3 Recámaras | 2 Baños | 1 m 2,https://propiedades.com/inmuebles/casa-en-venta-san-jose-nayarit-26248536#pagina=10&tipos=casas-venta&area=nayarit&pos=23
Nayarit,10,"$1,800,000
USD","Venta de casa en Tulipanes, Col. Nuevo Vallarta, Bahía de Banderas, Nayarit, México, C.P. 63735, ID: 29017225",4 Recámaras | 4 Baños | 304 m 2,
Nayarit,10,"$4,300,000
MXN","Venta de casa Rincón del Cielo, Col. Valle Dorado, Bahía de Banderas, Nayarit, México, C.P. 63735, ID: 29978788",3 Recámaras | 2 Baños | 110 m 2,https://propiedades.com/inmuebles/casa-en-venta-rincon-del-cielo-valle-dorado-nayarit-29978788#pagina=10&tipos=casas-venta&area=nayarit&pos=25
Nayarit,10,"$900,000
USD","camino, Col. Francisco Javier Ovando, Bahía de Banderas, Nayarit, México, C.P. 63732, ID: 29529936",3 Recámaras | 2 Baños | 10677 m 2,https://propiedades.com/inmuebles/casa-en-venta-camino-francisco-javier-ovando-nayarit-29529936#pagina=10&tipos=casas-venta&area=nayarit&pos=26
Nayarit,10,"$110,000,000
MXN","Se vende casa en , Col. Playas de Huanacaxtle, Bahía de Banderas, Nayarit, México, C.P. 63732, ID: 17095628",7 Recámaras | 13 Baños,https://propiedades.com/inmuebles/casa-en-venta-playas-de-huanacaxtle-nayarit-17095628#pagina=10&tipos=casas-venta&area=nayarit&pos=27
Nayarit,10,"$8,500,000
MXN","Casa en venta disponible en Palma Del Rey, Col. Las Jarretaderas, Bahía de Banderas, Nayarit, México, C.P. 63735, ID: 30492871",4 Recámaras | 3 Baños | 240 m 2,https://propiedades.com/inmuebles/casa-en-venta-palma-del-rey-las-jarretaderas-nayarit-30492871#pagina=10&tipos=casas-venta&area=nayarit&pos=28
Nayarit,10,"$2,500,000
MXN","., Col. Tepic Centro, Tepic, Nayarit, México, C.P. 63000, ID: 29000157",3 Recámaras | 2 Baños | 213 m 2,https://propiedades.com/inmuebles/casa-en-venta-tepic-centro-nayarit-29000157#pagina=10&tipos=casas-venta&area=nayarit&pos=29
Nayarit,10,"$12,400,000
MXN","Venta de casa Perdíz #23, Col. Rincón de Guayabitos, Compostela, Nayarit, México, C.P. 63724, ID: 28197849",3 Recámaras | 4 Baños | 472 m 2,https://propiedades.com/inmuebles/casa-en-venta-perdiz-23-rincon-de-guayabitos-nayarit-28197849#pagina=10&tipos=casas-venta&area=nayarit&pos=30
Nayarit,10,"$5,000,000
USD","Casa en venta, Cruz de Huanacaxtle, Col. Cruz de Huanacaxtle, Bahía de Banderas, Nayarit, México, C.P. 63734, ID: 28337468",5 Recámaras | 6 Baños | 560 m 2,https://propiedades.com/inmuebles/casa-en-venta-cruz-de-huanacaxtle-cruz-de-huanacaxtle-nayarit-28337468#pagina=10&tipos=casas-venta&area=nayarit&pos=31
Nayarit,10,"$6,500,000
MXN","Venta de casa en C, Col. Jardines de La Cruz, Tepic, Nayarit, México, C.P. 63168, ID: 26829666",4 Recámaras | 3 Baños | 367 m 2,https://propiedades.com/inmuebles/casa-en-venta-c-jardines-de-la-cruz-nayarit-26829666#pagina=10&tipos=casas-venta&area=nayarit&pos=32
Nayarit,10,"$3,490,000
MXN","Venta de casa en Valle de Tlaxcala, Col. Rincón del Cielo, Bahía de Banderas, Nayarit, México, C.P. 63735, ID: 29889605",3 Recámaras | 2 Baños | 100 m 2,https://propiedades.com/inmuebles/casa-en-venta-valle-de-tlaxcala-rincon-del-cielo-nayarit-29889605#pagina=10&tipos=casas-venta&area=nayarit&pos=33
Nayarit,10,"$5,325,000
MXN","Venta de casa , Col. Mezcales, Bahía de Banderas, Nayarit, México, C.P. 63735, ID: 30350923",2 Recámaras | 2 Baños | 130 m 2,https://propiedades.com/inmuebles/casa-en-venta-mezcales-nayarit-30350923#pagina=10&tipos=casas-venta&area=nayarit&pos=34
Nayarit,10,"$18,500,000
MXN","Venta de casa , Col. Colinas del Rey, Tepic, Nayarit, México, C.P. 63180, ID: 30824708",5 Recámaras | 5 Baños | 471 m 2,https://propiedades.com/inmuebles/casa-en-venta-colinas-del-rey-nayarit-30824708#pagina=10&tipos=casas-venta&area=nayarit&pos=35
Nayarit,10,"$4,600,000
MXN","Venta de casa Av Paseo Vallarta #300Int. 35, Col. Flamingos, Bahía de Banderas, Nayarit, México, C.P. 63732, ID: 30337163",4 Recámaras | 3 Baños | 134 m 2,https://propiedades.com/inmuebles/casa-en-venta-av-paseo-vallarta-300-flamingos-nayarit-30337163#pagina=10&tipos=casas-venta&area=nayarit&pos=36
Nayarit,10,"$5,479,500
MXN","Casa en venta, , Col. Dorada, Bahía de Banderas, Nayarit, México, C.P. 63732, ID: 30668431",7 Recámaras | 6 Baños | 108 m 2,https://propiedades.com/inmuebles/casa-en-venta-dorada-nayarit-30668431#pagina=10&tipos=casas-venta&area=nayarit&pos=37
Nayarit,10,"$10,880,000
MXN","Casa en venta disponible en flamingos, Col. Flamingos, Bahía de Banderas, Nayarit, México, C.P. 63732, ID: 28400786",3 Recámaras | 3 Baños | 380 m 2,https://propiedades.com/inmuebles/casa-en-venta-flamingos-flamingos-nayarit-28400786#pagina=10&tipos=casas-venta&area=nayarit&pos=38
Nayarit,10,"$475,000
USD","Venta casa en Circuito de los Sauces #5, Col. Flamingos, Bahía de Banderas, Nayarit, México, C.P. 63732, ID: 30632395",3 Recámaras | 3 Baños | 217 m 2,https://propiedades.com/inmuebles/casa-en-venta-circuito-de-los-sauces--5-flamingos-nayarit-30632395#pagina=10&tipos=casas-venta&area=nayarit&pos=39
Nayarit,10,"$1,200,000
USD","Gaviotas, Col. Nuevo Vallarta, Bahía de Banderas, Nayarit, México, C.P. 63735, ID: 30070910",5 Recámaras | 5 Baños | 512 m 2,https://propiedades.com/inmuebles/casa-en-venta-gaviotas-nuevo-vallarta-nayarit-30070910#pagina=10&tipos=casas-venta&area=nayarit&pos=40
Nayarit,10,"$3,900,000
MXN","Venta de casa , Col. Rincón del Cielo, Bahía de Banderas, Nayarit, México, C.P. 63735, ID: 31003890",3 Recámaras | 2 Baños | 116 m 2,https://propiedades.com/inmuebles/casa-en-venta-rincon-del-cielo-nayarit-31003890#pagina=10&tipos=casas-venta&area=nayarit&pos=41
Nayarit,10,"$1,095,000
USD","Se vende casa CARRETERA PUNTA DE MITA KM 1.2, Col. Cruz de Huanacaxtle, Bahía de Banderas, Nayarit, México, C.P. 63734, ID: 29079596",4 Recámaras | 3 Baños | 250 m 2,https://propiedades.com/inmuebles/casa-en-venta-carretera-punta-de-mita-km-12-cruz-de-huanacaxtle-nayarit-29079596#pagina=10&tipos=casas-venta&area=nayarit&pos=42
Nayarit,10,"$4,550,000
MXN",", Col. Rincón del Cielo, Bahía de Banderas, Nayarit, México, C.P. 63735, ID: 30648464",3 Recámaras | 2 Baños | 119 m 2,https://propiedades.com/inmuebles/casa-en-venta-rincon-del-cielo-nayarit-30648464#pagina=10&tipos=casas-venta&area=nayarit&pos=43
Nayarit,10,"$6,800,000
MXN","Casa disponible en venta en ., Col. Lomas del Encanto, Tepic, Nayarit, México, C.P. 63173, ID: 26846087",4 Recámaras | 4 Baños | 390 m 2,https://propiedades.com/inmuebles/casa-en-venta-lomas-del-encanto-nayarit-26846087#pagina=10&tipos=casas-venta&area=nayarit&pos=44
Nayarit,10,"$12,900,000
MXN","Venta de casa Av Rinconada de Las Banderas #5A, Col. Rinconada de Banderas, Bahía de Banderas, Nayarit, México, C.P. 63735, ID: 29985625",4 Recámaras | 5 Baños | 323 m 2,https://propiedades.com/inmuebles/casa-en-venta-av-rinconada-de-las-banderas-5a-rinconada-de-banderas-nayarit-29985625#pagina=10&tipos=casas-venta&area=nayarit&pos=45
Nayarit,10,"$9,395,000
MXN","Col. Nuevo Vallarta, Bahía de Banderas, Nayarit, México, C.P. 63735, ID: 30728279",3 Recámaras | 2 Baños | 284 m 2,https://propiedades.com/inmuebles/casa-en-venta-nuevo-vallarta-nayarit-30728279#pagina=10&tipos=casas-venta&area=nayarit&pos=46
Nayarit,10,"$4,400,000
MXN","Casa en venta, CIRCUITO SAN RAFAEL, Col. Rincón del Cielo, Bahía de Banderas, Nayarit, México, C.P. 63735, ID: 30624348",3 Recámaras | 2 Baños | 145 m 2,https://propiedades.com/inmuebles/casa-en-venta-circuito-san-rafael-rincon-del-cielo-nayarit-30624348#pagina=10&tipos=casas-venta&area=nayarit&pos=47
Nayarit,11,"$2,400,000
MXN","Venta casa en ., Col. Xalisco Centro, Xalisco, Nayarit, México, C.P. 63780, ID: 27684722",2 Recámaras | 1 Baño | 1 m 2,https://propiedades.com/inmuebles/casa-en-venta-xalisco-centro-nayarit-27684722#pagina=11&tipos=casas-venta&area=nayarit&pos=1
Nayarit,11,"$15,725,000
MXN","Venta de casa en Villas Bellavista #22, Col. Nuevo Vallarta, Bahía de Banderas, Nayarit, México, C.P. 63735, ID: 28043052",4 Recámaras | 3 Baños | 511 m 2,https://propiedades.com/inmuebles/casa-en-venta-villas-bellavista-22-nuevo-vallarta-nayarit-28043052#pagina=11&tipos=casas-venta&area=nayarit&pos=2
Nayarit,11,"$13,000,000
MXN","Se vende casa P.º de Las Flores 22,, Col. Bahía de Banderas, Bahía de Banderas, Nayarit, México, C.P. 63737, ID: 30165098",3 Recámaras | 3 Baños | 210 m 2,https://propiedades.com/inmuebles/casa-en-venta-p-de-las-flores-22-bahia-de-banderas-nayarit-30165098#pagina=11&tipos=casas-venta&area=nayarit&pos=3
Nayarit,11,"$3,300,000
MXN","Venta casa en Recidencial natural, Col. Bahía de Banderas, Bahía de Banderas, Nayarit, México, C.P. 63737, ID: 29010402",3 Recámaras | 2 Baños | 130 m 2,https://propiedades.com/inmuebles/casa-en-venta-recidencial-natural-bahia-de-banderas-nayarit-29010402#pagina=11&tipos=casas-venta&area=nayarit&pos=4
Nayarit,11,"$4,590,000
MXN","Casa en venta, Col. Bonaterra, Tepic, Nayarit, México, C.P. 63194, ID: 30879553",2 Baños | 210 m 2,https://propiedades.com/inmuebles/casa-en-venta-bonaterra-nayarit-30879553#pagina=11&tipos=casas-venta&area=nayarit&pos=5
Nayarit,11,"$900,000
USD","Casa disponible en venta en OLIVO, Col. Nuevo Vallarta, Bahía de Banderas, Nayarit, México, C.P. 63735, ID: 29472460",4 Recámaras | 5 Baños | 387 m 2,https://propiedades.com/inmuebles/casa-en-venta-olivo-nuevo-vallarta-nayarit-29472460#pagina=11&tipos=casas-venta&area=nayarit&pos=6
Nayarit,11,"$9,490,000
MXN","PASEO DE LOS COCOTEROS, Col. Flamingos, Tepic, Nayarit, México, C.P. 63170, ID: 28252350",3 Recámaras | 3 Baños | 264 m 2,https://propiedades.com/inmuebles/casa-en-venta-paseo-de-los-cocoteros-flamingos-nayarit-28252350#pagina=11&tipos=casas-venta&area=nayarit&pos=7
Nayarit,11,"$21,000,000
MXN","Se vende casa en , Col. Nuevo Vallarta, Bahía de Banderas, Nayarit, México, C.P. 63735, ID: 29400286",4 Recámaras | 4 Baños | 446 m 2,https://propiedades.com/inmuebles/casa-en-venta-nuevo-vallarta-nayarit-29400286#pagina=11&tipos=casas-venta&area=nayarit&pos=8
Nayarit,11,"$19,690,000
MXN","Casa en venta disponible en Retorno tulipanes, Col. Nuevo Vallarta, Bahía de Banderas, Nayarit, México, C.P. 63735, ID: 28149937",3 Recámaras | 5 Baños,https://propiedades.com/inmuebles/casa-en-venta-retorno-tulipanes-nuevo-vallarta-nayarit-28149937#pagina=11&tipos=casas-venta&area=nayarit&pos=9
Nayarit,11,"$2,300,000
USD","Avenida Tortuga, Col. Bahía de Banderas, Bahía de Banderas, Nayarit, México, C.P. 63737, ID: 30481186",5 Recámaras | 6 Baños | 675 m 2,https://propiedades.com/inmuebles/casa-en-venta-avenida-tortuga-bahia-de-banderas-nayarit-30481186#pagina=11&tipos=casas-venta&area=nayarit&pos=10
Nayarit,11,"$11,245,000
MXN","Casa en venta disponible en Paseo de la Esmeralda, Col. Villa Esmeralda, Bahía de Banderas, Nayarit, México, C.P. 63735, ID: 30074634",7 Recámaras | 8 Baños | 319 m 2,https://propiedades.com/inmuebles/casa-en-venta-paseo-de-la-esmeralda-villa-esmeralda-nayarit-30074634#pagina=11&tipos=casas-venta&area=nayarit&pos=11
Nayarit,11,"$6,890,000
MXN","Se vende casa Camarón, Col. Cruz de Huanacaxtle, Bahía de Banderas, Nayarit, México, C.P. 63734, ID: 30020619",3 Recámaras | 3 Baños | 226 m 2,https://propiedades.com/inmuebles/casa-en-venta-camaron-cruz-de-huanacaxtle-nayarit-30020619#pagina=11&tipos=casas-venta&area=nayarit&pos=12
Nayarit,11,"$9,518,000
MXN","Casa en venta, , Col. Nuevo Vallarta, Bahía de Banderas, Nayarit, México, C.P. 63735, ID: 30706198",3 Recámaras | 3 Baños | 287 m 2,https://propiedades.com/inmuebles/casa-en-venta-nuevo-vallarta-nayarit-30706198#pagina=11&tipos=casas-venta&area=nayarit&pos=13
Nayarit,11,"$2,900,000
MXN","Calle Tlaxco #2510, Col. Altavela, Bahía de Banderas, Nayarit, México, C.P. 63735, ID: 27848733",3 Recámaras | 2 Baños | 105 m 2,https://propiedades.com/inmuebles/casa-en-venta-calle-tlaxco-2510-altavela-nayarit-27848733#pagina=11&tipos=casas-venta&area=nayarit&pos=14
Nayarit,11,"$6,000,000
MXN","Se vende casa en Retorno Flamingos, Col. Bucerías Centro, Bahía de Banderas, Nayarit, México, C.P. 63732, ID: 30496213",3 Recámaras | 3 Baños | 155 m 2,https://propiedades.com/inmuebles/casa-en-venta-retorno-flamingos-bucerias-centro-nayarit-30496213#pagina=11&tipos=casas-venta&area=nayarit&pos=15
Nayarit,11,"$80,000,000
MXN","Venta de casa , Col. Punta de Mita, Bahía de Banderas, Nayarit, México, C.P. 63734, ID: 30184094",5 Recámaras | 5 Baños | 534 m 2,https://propiedades.com/inmuebles/casa-en-venta-punta-de-mita-nayarit-30184094#pagina=11&tipos=casas-venta&area=nayarit&pos=16
Nayarit,11,"$11,700,000
MXN","Granada, Col. Ampliación El Paraíso, Tepic, Nayarit, México, C.P. 63035, ID: 24557775",3 Recámaras | 3 Baños | 11655 m 2,https://propiedades.com/inmuebles/casa-en-venta-granada-ampliacion-el-paraiso-nayarit-24557775#pagina=11&tipos=casas-venta&area=nayarit&pos=17
Nayarit,11,"$5,900,000
USD",", Col. Punta de Mita, Bahía de Banderas, Nayarit, México, C.P. 63734, ID: 29978850",4 Recámaras | 4 Baños | 594 m 2,https://propiedades.com/inmuebles/casa-en-venta-punta-de-mita-nayarit-29978850#pagina=11&tipos=casas-venta&area=nayarit&pos=18
Nayarit,11,"$2,750,000
MXN","Casa en venta disponible en ISLA CRETA, Col. Bahía de Banderas, Bahía de Banderas, Nayarit, México, C.P. 63737, ID: 29862109",3 Recámaras | 2 Baños | 99 m 2,https://propiedades.com/inmuebles/casa-en-venta-isla-creta-bahia-de-banderas-nayarit-29862109#pagina=11&tipos=casas-venta&area=nayarit&pos=19
Nayarit,11,"$2,950,000
MXN","Se vende casa C Camino viejo a la cantera, Col. Colinas del Valle, Tepic, Nayarit, México, C.P. 63173, ID: 30884309",4 Recámaras | 4 Baños,https://propiedades.com/inmuebles/casa-en-venta-c-camino-viejo-a-la-cantera-colinas-del-valle-nayarit-30884309#pagina=11&tipos=casas-venta&area=nayarit&pos=20
Nayarit,11,"$549,000
USD","Venta de casa Corner Abasolo & Carmen Serdan, Col. Bucerías Centro, Bahía de Banderas, Nayarit, México, C.P. 63732, ID: 30641383",3 Recámaras | 3 Baños | 192 m 2,https://propiedades.com/inmuebles/casa-en-venta-corner-abasolo-carmen-serdan-bucerias-centro-nayarit-30641383#pagina=11&tipos=casas-venta&area=nayarit&pos=21
Nayarit,11,"$4,490,000
MXN","Se vende casa en Av. de las Ceibas, Col. Bahía de Banderas, Bahía de Banderas, Nayarit, México, C.P. 63737, ID: 29107040",3 Recámaras | 137 m 2,https://propiedades.com/inmuebles/casa-en-venta-av-de-las-ceibas-bahia-de-banderas-nayarit-29107040#pagina=11&tipos=casas-venta&area=nayarit&pos=22
Nayarit,11,"$1,900,000
MXN","Se vende casa , Col. San Blas Centro, San Blas, Nayarit, México, C.P. 63740, ID: 30154575",3 Recámaras | 2 Baños | 82 m 2,https://propiedades.com/inmuebles/casa-en-venta-san-blas-centro-nayarit-30154575#pagina=11&tipos=casas-venta&area=nayarit&pos=23
Nayarit,11,"$1,200,000
USD","Casa en venta, Paseo de los lagos, Col. Nuevo Vallarta, Bahía de Banderas, Nayarit, México, C.P. 63735, ID: 30177587",3 Recámaras | 4 Baños | 317 m 2,https://propiedades.com/inmuebles/casa-en-venta-paseo-de-los-lagos-nuevo-vallarta-nayarit-30177587#pagina=11&tipos=casas-venta&area=nayarit&pos=24
Nayarit,11,"$14,000,000
MXN","Casa en venta, , Col. Nuevo Vallarta, Bahía de Banderas, Nayarit, México, C.P. 63735, ID: 30731317",4 Recámaras | 4 Baños | 161 m 2,
Nayarit,11,"$4,300,000
MXN","Se vende casa , Col. Bonaterra, Tepic, Nayarit, México, C.P. 63194, ID: 30861741",184 m 2,https://propiedades.com/inmuebles/casa-en-venta-bonaterra-nayarit-30861741#pagina=11&tipos=casas-venta&area=nayarit&pos=26
Nayarit,11,"$6,650,000
MXN","Casa en venta disponible en Amado Nervo, Col. Higuera Blanca, Bahía de Banderas, Nayarit, México, C.P. 63734, ID: 30548867",2 Recámaras | 2 Baños | 202 m 2,
Nayarit,11,"$4,500,000
MXN","Casa disponible en venta en Col. Las Brisas FOVISSSTE, Tepic, Nayarit, México, C.P. 63117, ID: 29495373",3 Recámaras | 2 Baños | 258 m 2,https://propiedades.com/inmuebles/casa-en-venta-las-brisas-fovissste-nayarit-29495373#pagina=11&tipos=casas-venta&area=nayarit&pos=28
Nayarit,11,"$4,400,000
MXN","Venta casa en ., Col. Rincón de San Juan, Tepic, Nayarit, México, C.P. 63138, ID: 26248535",3 Recámaras | 3 Baños | 327 m 2,https://propiedades.com/inmuebles/casa-en-venta-rincon-de-san-juan-nayarit-26248535#pagina=11&tipos=casas-venta&area=nayarit&pos=29
Nayarit,11,"$12,700,000
MXN","Venta casa en Ballena #90, Col. Cruz de Huanacaxtle, Bahía de Banderas, Nayarit, México, C.P. 63734, ID: 28772445",3 Recámaras | 3 Baños | 264 m 2,https://propiedades.com/inmuebles/casa-en-venta-ballena-90-cruz-de-huanacaxtle-nayarit-28772445#pagina=11&tipos=casas-venta&area=nayarit&pos=30
Nayarit,11,"$26,800,000
MXN","Se vende casa paseo de las flores, Col. Nuevo Vallarta, Bahía de Banderas, Nayarit, México, C.P. 63735, ID: 30088907",6 Recámaras | 7 Baños | 650 m 2,https://propiedades.com/inmuebles/casa-en-venta-paseo-de-las-flores-nuevo-vallarta-nayarit-30088907#pagina=11&tipos=casas-venta&area=nayarit&pos=31
Nayarit,11,"$5,100,000
MXN","Venta de casa Cerrada Gardenias, Col. Residencial La Loma, Tepic, Nayarit, México, C.P. 63137, ID: 29838392",2 Recámaras | 3 Baños | 224 m 2,https://propiedades.com/inmuebles/casa-en-venta-cerrada-gardenias-residencial-la-loma-nayarit-29838392#pagina=11&tipos=casas-venta&area=nayarit&pos=32
Nayarit,11,"$4,450,000
MXN","Casa disponible en venta en San Vicente 108-963735 TondoroqueNay., Col. San Isidro, Bahía de Banderas, Nayarit, México, C.P. 63735, ID: 29999692",2 Baños | 130 m 2,https://propiedades.com/inmuebles/casa-en-venta-san-vicente-108963735-tondoroquenay-san-isidro-nayarit-29999692#pagina=11&tipos=casas-venta&area=nayarit&pos=33
Nayarit,11,"$6,700,000
MXN","Venta de casa Amado Nervo, Col. Higuera Blanca, Bahía de Banderas, Nayarit, México, C.P. 63734, ID: 30548866",2 Recámaras | 2 Baños | 203 m 2,https://propiedades.com/inmuebles/casa-en-venta-amado-nervo-higuera-blanca-nayarit-30548866#pagina=11&tipos=casas-venta&area=nayarit&pos=34
Nayarit,11,"$5,550,000
MXN","Venta de casa en , Col. Nuevo Corral del Risco, Bahía de Banderas, Nayarit, México, C.P. 63734, ID: 30620710",3 Recámaras | 2 Baños | 160 m 2,https://propiedades.com/inmuebles/casa-en-venta-nuevo-corral-del-risco-nayarit-30620710#pagina=11&tipos=casas-venta&area=nayarit&pos=35
Nayarit,11,"$2,500,000
MXN","Casa disponible en venta en , Col. San Clemente de Lima, Bahía de Banderas, Nayarit, México, C.P. 63735, ID: 29978847",3 Recámaras | 2 Baños | 105 m 2,https://propiedades.com/inmuebles/casa-en-venta-san-clemente-de-lima-nayarit-29978847#pagina=11&tipos=casas-venta&area=nayarit&pos=36
Nayarit,11,"$3,700,000
MXN","Venta casa en , Col. Ampliación Nuevo Progreso, Xalisco, Nayarit, México, C.P. 63782, ID: 30205528",4 Recámaras | 3 Baños,https://propiedades.com/inmuebles/casa-en-venta-ampliacion-nuevo-progreso-nayarit-30205528#pagina=11&tipos=casas-venta&area=nayarit&pos=37
Nayarit,11,"$11,600,000
MXN","Venta casa en Residencial Flamingos, Col. Flamingos, Bahía de Banderas, Nayarit, México, C.P. 63732, ID: 28710922",4 Recámaras | 4 Baños | 253 m 2,
Nayarit,11,"$3,500,000
MXN","Venta de casa , Col. Los Sauces, Tepic, Nayarit, México, C.P. 63197, ID: 26369263",4 Recámaras | 3 Baños | 380 m 2,https://propiedades.com/inmuebles/casa-en-venta-los-sauces-nayarit-26369263#pagina=11&tipos=casas-venta&area=nayarit&pos=39
Nayarit,11,"$11,200,000
MXN","Se vende casa Carretera a los Ayala, Col. Rincón de Guayabitos, Compostela, Nayarit, México, C.P. 63724, ID: 29401231",6 Recámaras | 5 Baños | 395 m 2,https://propiedades.com/inmuebles/casa-en-venta-carretera-a-los-ayala-rincon-de-guayabitos-nayarit-29401231#pagina=11&tipos=casas-venta&area=nayarit&pos=40
Nayarit,11,"$7,100,000
MXN","Amado Nervo, Col. Higuera Blanca, Bahía de Banderas, Nayarit, México, C.P. 63734, ID: 30548872",3 Recámaras | 3 Baños | 223 m 2,
Nayarit,11,"$70,000,000
MXN","Casa en venta disponible en Carretera federal la cruz de huanacaxtle, Col. Punta de Mita, Bahía de Banderas, Nayarit, México, C.P. 63734, ID: 30098663",4 Recámaras | 4 Baños | 427 m 2,https://propiedades.com/inmuebles/casa-en-venta-carretera-federal-la-cruz-de-huanacaxtle-punta-de-mita-nayarit-30098663#pagina=11&tipos=casas-venta&area=nayarit&pos=42
Nayarit,11,"$7,785,000
USD","Casa en venta disponible en , Col. Compostela Centro, Compostela, Nayarit, México, C.P. 63700, ID: 21526836",5 Recámaras | 5 Baños | 877 m 2,https://propiedades.com/inmuebles/casa-en-venta-compostela-centro-nayarit-21526836#pagina=11&tipos=casas-venta&area=nayarit&pos=43
Nayarit,11,"$5,900,000
MXN","Matanchén (La Aguada), San Blas, Nayarit, Col. Matanchén (La Aguada), San Blas, Nayarit, México, C.P. 63776, ID: 24557767",2 Recámaras | 2 Baños | 500 m 2,https://propiedades.com/inmuebles/casa-en-venta-matanchen-la-aguada-san-blas-nayarit-matanchen-la-aguada-nayarit-24557767#pagina=11&tipos=casas-venta&area=nayarit&pos=44
Nayarit,11,"$985,000
USD","Ave Mexico, Col. Nuevo Vallarta, Bahía de Banderas, Nayarit, México, C.P. 63735, ID: 30457560",4 Recámaras | 4 Baños | 382 m 2,https://propiedades.com/inmuebles/casa-en-venta-ave-mexico-nuevo-vallarta-nayarit-30457560#pagina=11&tipos=casas-venta&area=nayarit&pos=45
Nayarit,11,"$30,000,000
MXN","Venta casa en Cruz de Huanacaxtle, Nay. #4, Col. Cruz de Huanacaxtle, Bahía de Banderas, Nayarit, México, C.P. 63734, ID: 30693260",4 Recámaras | 4 Baños | 448 m 2,https://propiedades.com/inmuebles/casa-en-venta-cruz-de-huanacaxtle-nay-4-cruz-de-huanacaxtle-nayarit-30693260#pagina=11&tipos=casas-venta&area=nayarit&pos=46
Nayarit,11,"$535,000
USD","CIRCUITO INTERIOR 1, Col. Nuevo Vallarta, Bahía de Banderas, Nayarit, México, C.P. 63735, ID: 30625804",3 Recámaras | 2 Baños | 185 m 2,https://propiedades.com/inmuebles/casa-en-venta-circuito-interior-1-nuevo-vallarta-nayarit-30625804#pagina=11&tipos=casas-venta&area=nayarit&pos=47
Nayarit,12,"$470,000
MXN","Venta casa en Mar Jonico, Col. Paraíso Vallarta, Bahía de Banderas, Nayarit, México, C.P. 63735, ID: 28576086",2 Recámaras | 1 Baño | 42 m 2,https://propiedades.com/inmuebles/casa-en-venta-mar-jonico-paraiso-vallarta-nayarit-28576086#pagina=12&tipos=casas-venta&area=nayarit&pos=1
Nayarit,12,"$7,600,000
MXN","Se vende casa , Col. Puerta del Sol, Xalisco, Nayarit, México, C.P. 63783, ID: 29924694",4 Recámaras | 4 Baños | 403 m 2,https://propiedades.com/inmuebles/casa-en-venta-puerta-del-sol-nayarit-29924694#pagina=12&tipos=casas-venta&area=nayarit&pos=2
Nayarit,12,"$6,400,000
MXN","Venta de casa , Col. Las Jarretaderas, Bahía de Banderas, Nayarit, México, C.P. 63735, ID: 30523933",3 Recámaras | 2 Baños | 150 m 2,https://propiedades.com/inmuebles/casa-en-venta-las-jarretaderas-nayarit-30523933#pagina=12&tipos=casas-venta&area=nayarit&pos=3
Nayarit,12,"$4,950,000
MXN","Casa disponible en venta en Anclote, Col. San Clemente de Lima, Bahía de Banderas, Nayarit, México, C.P. 63735, ID: 30375521",3 Recámaras | 2 Baños | 138 m 2,https://propiedades.com/inmuebles/casa-en-venta-anclote-san-clemente-de-lima-nayarit-30375521#pagina=12&tipos=casas-venta&area=nayarit&pos=4
Nayarit,12,"$13,580,000
MXN","Venta de casa CEIBA, Col. Bucerías Centro, Bahía de Banderas, Nayarit, México, C.P. 63732, ID: 30020620",3 Recámaras | 3 Baños | 270 m 2,https://propiedades.com/inmuebles/casa-en-venta-ceiba-bucerias-centro-nayarit-30020620#pagina=12&tipos=casas-venta&area=nayarit&pos=5
Nayarit,12,"$4,200,000
MXN","Se vende casa en Laureles, Col. Ampliación El Paraíso, Tepic, Nayarit, México, C.P. 63035, ID: 29800112",2 Recámaras | 2 Baños | 160 m 2,https://propiedades.com/inmuebles/casa-en-venta-laureles-ampliacion-el-paraiso-nayarit-29800112#pagina=12&tipos=casas-venta&area=nayarit&pos=6
Nayarit,12,"$15,400,000
MXN","Casa en venta disponible en PASEO DE LAS FLORES, Col. Nuevo Vallarta, Bahía de Banderas, Nayarit, México, C.P. 63735, ID: 30222703",4 Recámaras | 4 Baños | 282 m 2,https://propiedades.com/inmuebles/casa-en-venta-paseo-de-las-flores-nuevo-vallarta-nayarit-30222703#pagina=12&tipos=casas-venta&area=nayarit&pos=7
Nayarit,12,"$3,600,000
MXN","Puerta del Sol, 63783 Xalisco, Nay., Col. Puerta del Sol, Xalisco, Nayarit, México, C.P. 63783, ID: 30367486",3 Recámaras | 2 Baños | 212 m 2,https://propiedades.com/inmuebles/casa-en-venta-puerta-del-sol-63783-xalisco-nay-puerta-del-sol-nayarit-30367486#pagina=12&tipos=casas-venta&area=nayarit&pos=8
Nayarit,12,"$3,400,000
MXN","Amado Nervo, Col. Higuera Blanca, Bahía de Banderas, Nayarit, México, C.P. 63734, ID: 30543207",2 Recámaras | 2 Baños | 104 m 2,
Nayarit,12,"$2,850,000
MXN","Se vende casa , Col. Mezcales, Bahía de Banderas, Nayarit, México, C.P. 63735, ID: 29267463",3 Recámaras | 3 Baños | 119 m 2,https://propiedades.com/inmuebles/casa-en-venta-mezcales-nayarit-29267463#pagina=12&tipos=casas-venta&area=nayarit&pos=10
Nayarit,12,"$12,800,000
MXN","Venta de casa Santa Maria del Oro, Col. Cruz de Huanacaxtle, Bahía de Banderas, Nayarit, México, C.P. 63734, ID: 30678754",4 Recámaras | 274 m 2,https://propiedades.com/inmuebles/casa-en-venta-santa-maria-del-oro-cruz-de-huanacaxtle-nayarit-30678754#pagina=12&tipos=casas-venta&area=nayarit&pos=11
Nayarit,12,"$3,600,000
MXN",", Col. Emiliano Zapata, Compostela, Nayarit, México, C.P. 63702, ID: 26325612",7 Recámaras | 3 Baños | 400 m 2,https://propiedades.com/inmuebles/casa-en-venta-emiliano-zapata-nayarit-26325612#pagina=12&tipos=casas-venta&area=nayarit&pos=12
Nayarit,12,"$1,390,000
USD","Primavera 82, Flamingos, Las Jarretaderas, Nay. #82, Col. Nuevo Vallarta, Bahía de Banderas, Nayarit, México, C.P. 63735, ID: 28151139",4 Recámaras | 5 Baños | 746 m 2,https://propiedades.com/inmuebles/casa-en-venta-primavera-82-flamingos-las-jarretaderas-nay-82-nuevo-vallarta-nayarit-28151139#pagina=12&tipos=casas-venta&area=nayarit&pos=13
Nayarit,12,"$4,500,000
MXN","Casa disponible en venta en Av. rincon del cielo, Col. Valle Dorado, Bahía de Banderas, Nayarit, México, C.P. 63735, ID: 30743640",3 Recámaras | 2 Baños | 120 m 2,https://propiedades.com/inmuebles/casa-en-venta-av-rincon-del-cielo-valle-dorado-nayarit-30743640#pagina=12&tipos=casas-venta&area=nayarit&pos=14
Nayarit,12,"$21,980,000
MXN","Venta casa en Calle Abedul, Col. Nuevo Vallarta, Bahía de Banderas, Nayarit, México, C.P. 63735, ID: 30434684",5 Recámaras | 6 Baños | 628 m 2,https://propiedades.com/inmuebles/casa-en-venta-calle-abedul-nuevo-vallarta-nayarit-30434684#pagina=12&tipos=casas-venta&area=nayarit&pos=15
Nayarit,12,"$940,000
USD","Casa disponible en venta en Cruz De HuanacaxtleBahía De Banderas, Col. Cruz de Huanacaxtle, Bahía de Banderas, Nayarit, México, C.P. 63734, ID: 30046227",3 Recámaras | 2 Baños | 254 m 2,
Nayarit,12,"$15,600,000
MXN","Casa en venta, , Col. Nuevo Vallarta, Bahía de Banderas, Nayarit, México, C.P. 63735, ID: 29978911",3 Recámaras | 3 Baños | 232 m 2,
Nayarit,12,"$20,383,000
MXN","Primavera #76, Col. Nuevo Vallarta, Bahía de Banderas, Nayarit, México, C.P. 63735, ID: 29422065",1 Recámara | 1 Baño | 547 m 2,https://propiedades.com/inmuebles/casa-en-venta-primavera-76-nuevo-vallarta-nayarit-29422065#pagina=12&tipos=casas-venta&area=nayarit&pos=18
Nayarit,12,"$899,999
USD","CARRETERA A PUNTA DE MITA 1.2 KM, Col. Cruz de Huanacaxtle, Bahía de Banderas, Nayarit, México, C.P. 63734, ID: 29079594",3 Recámaras | 2 Baños | 318 m 2,https://propiedades.com/inmuebles/casa-en-venta-carretera-a-punta-de-mita-12-km-cruz-de-huanacaxtle-nayarit-29079594#pagina=12&tipos=casas-venta&area=nayarit&pos=19
Nayarit,12,"$29,000,000
USD","SAYULITA, Col. Sayulita, Bahía de Banderas, Nayarit, México, C.P. 63734, ID: 30687479",11 Recámaras | 11 Baños | 6709 m 2,https://propiedades.com/inmuebles/casa-en-venta-sayulita-sayulita-nayarit-30687479#pagina=12&tipos=casas-venta&area=nayarit&pos=20
Nayarit,12,"$17,800,000
MXN","Se vende casa El tigre, Col. Nuevo Vallarta, Bahía de Banderas, Nayarit, México, C.P. 63735, ID: 30242517",4 Recámaras | 3 Baños,https://propiedades.com/inmuebles/casa-en-venta-el-tigre-nuevo-vallarta-nayarit-30242517#pagina=12&tipos=casas-venta&area=nayarit&pos=21
Nayarit,12,"$21,950,000
MXN","Casa en venta, AVENIDA MEXICO, Col. Nuevo Vallarta, Bahía de Banderas, Nayarit, México, C.P. 63735, ID: 28048494",5 Recámaras | 5 Baños | 542 m 2,https://propiedades.com/inmuebles/casa-en-venta-avenida-mexico-nuevo-vallarta-nayarit-28048494#pagina=12&tipos=casas-venta&area=nayarit&pos=22
Nayarit,12,"$4,900,000
MXN","Amado Nervo, Col. Higuera Blanca, Bahía de Banderas, Nayarit, México, C.P. 63734, ID: 30548865",2 Recámaras | 2 Baños | 148 m 2,
Nayarit,12,"$13,970,000
MXN","Venta de casa Brisas Vallarta, Col. Cruz de Huanacaxtle, Bahía de Banderas, Nayarit, México, C.P. 63734, ID: 30155722",3 Recámaras | 3 Baños | 264 m 2,
Nayarit,12,"$2,200,000
MXN","Se vende casa , Col. Tepic Centro, Tepic, Nayarit, México, C.P. 63000, ID: 30154732",2 Recámaras | 2 Baños | 123 m 2,https://propiedades.com/inmuebles/casa-en-venta-tepic-centro-nayarit-30154732#pagina=12&tipos=casas-venta&area=nayarit&pos=25
Nayarit,12,"$14,000,000
MXN","Venta de casa , Col. Nuevo Vallarta, Bahía de Banderas, Nayarit, México, C.P. 63735, ID: 29978875",3 Recámaras | 3 Baños | 195 m 2,https://propiedades.com/inmuebles/casa-en-venta-nuevo-vallarta-nayarit-29978875#pagina=12&tipos=casas-venta&area=nayarit&pos=26
Nayarit,12,"$2,600,000
MXN","Casa disponible en venta en Afrodita, Col. Las Ceibas, Bahía de Banderas, Nayarit, México, C.P. 63735, ID: 28642646",2 Recámaras | 1 Baño | 74 m 2,https://propiedades.com/inmuebles/casa-en-venta-afrodita-las-ceibas-nayarit-28642646#pagina=12&tipos=casas-venta&area=nayarit&pos=27
Nayarit,12,"$4,490,000
MXN","Se vende casa en Rincón del Cielo, Col. Bahía de Banderas, Bahía de Banderas, Nayarit, México, C.P. 63737, ID: 30280811",3 Recámaras | 2 Baños | 118 m 2,https://propiedades.com/inmuebles/casa-en-venta-rincon-del-cielo-bahia-de-banderas-nayarit-30280811#pagina=12&tipos=casas-venta&area=nayarit&pos=28
Nayarit,12,"$2,800,000
USD","Casa en venta disponible en , Col. Flamingos, Bahía de Banderas, Nayarit, México, C.P. 63732, ID: 29051569",4 Recámaras | 4 Baños | 704 m 2,https://propiedades.com/inmuebles/casa-en-venta-flamingos-nayarit-29051569#pagina=12&tipos=casas-venta&area=nayarit&pos=29
Nayarit,12,"$1,550,000
MXN","Se vende casa en FRANCISCO VILLA, Col. Jardines El Porvenir, Bahía de Banderas, Nayarit, México, C.P. 63737, ID: 30212246",2 Recámaras | 1 Baño | 50 m 2,https://propiedades.com/inmuebles/casa-en-venta-francisco-villa-jardines-el-porvenir-nayarit-30212246#pagina=12&tipos=casas-venta&area=nayarit&pos=30
Nayarit,12,"$4,590,000
MXN","Venta de casa ., Col. 15 de Mayo, Tepic, Nayarit, México, C.P. 63190, ID: 27633722",4 Recámaras | 4 Baños | 343 m 2,https://propiedades.com/inmuebles/casa-en-venta-15-de-mayo-nayarit-27633722#pagina=12&tipos=casas-venta&area=nayarit&pos=31
Nayarit,12,"$4,490,000
MXN","Venta de casa Santa Bárbara, Col. Bahía de Banderas, Bahía de Banderas, Nayarit, México, C.P. 63737, ID: 30285826",3 Recámaras | 2 Baños | 118 m 2,https://propiedades.com/inmuebles/casa-en-venta-santa-barbara-bahia-de-banderas-nayarit-30285826#pagina=12&tipos=casas-venta&area=nayarit&pos=32
Nayarit,12,"$17,000,000
MXN","Se vende casa en Hidalgo, Col. San José del Valle, Bahía de Banderas, Nayarit, México, C.P. 63737, ID: 29702693",3 Recámaras | 4 Baños | 300 m 2,https://propiedades.com/inmuebles/casa-en-venta-hidalgo-san-jose-del-valle-nayarit-29702693#pagina=12&tipos=casas-venta&area=nayarit&pos=33
Nayarit,12,"$3,102,000
MXN","Se vende casa , Col. Altavela, Bahía de Banderas, Nayarit, México, C.P. 63735, ID: 29978834",3 Recámaras | 2 Baños,
Nayarit,12,"$1,700,000
MXN","Casa en venta, ., Col. Ferrocarrilero 1a Secc., Tepic, Nayarit, México, C.P. 63177, ID: 30516012",4 Recámaras | 2 Baños | 142 m 2,https://propiedades.com/inmuebles/casa-en-venta-ferrocarrilero-1a-secc-nayarit-30516012#pagina=12&tipos=casas-venta&area=nayarit&pos=35
Nayarit,12,"$750,200
USD","Venta casa en Villa Los Colibries 6 #01, Col. Real Nuevo Vallarta, Bahía de Banderas, Nayarit, México, C.P. 63735, ID: 30147915",2 Recámaras | 2 Baños | 183 m 2,https://propiedades.com/inmuebles/casa-en-venta-villa-los-colibries-6-01-real-nuevo-vallarta-nayarit-30147915#pagina=12&tipos=casas-venta&area=nayarit&pos=36
Nayarit,12,"$9,250,000
MXN","Venta casa en , Col. Nuevo Vallarta, Bahía de Banderas, Nayarit, México, C.P. 63735, ID: 30255329",4 Recámaras | 4 Baños | 200 m 2,https://propiedades.com/inmuebles/casa-en-venta-nuevo-vallarta-nayarit-30255329#pagina=12&tipos=casas-venta&area=nayarit&pos=37
Nayarit,12,"$850,000
USD","Refugio Del Armadillo #108, Col. Mezcales, Bahía de Banderas, Nayarit, México, C.P. 63735, ID: 28547539",3 Recámaras | 3 Baños | 206 m 2,https://propiedades.com/inmuebles/casa-en-venta-refugio-del-armadillo-108-mezcales-nayarit-28547539#pagina=12&tipos=casas-venta&area=nayarit&pos=38
Nayarit,12,"$2,600,000
MXN","Venta de casa en , Col. Colinas de Xalisco, Xalisco, Nayarit, México, C.P. 63787, ID: 30245287",3 Recámaras | 2 Baños,https://propiedades.com/inmuebles/casa-en-venta-colinas-de-xalisco-nayarit-30245287#pagina=12&tipos=casas-venta&area=nayarit&pos=39
Nayarit,12,"$498,000
USD","Venta casa en Otilio Montano #14, Col. Corral del Risco (Punta de Mita), Bahía de Banderas, Nayarit, México, C.P. 63734, ID: 27884979",2 Recámaras | 2 Baños | 99 m 2,https://propiedades.com/inmuebles/casa-en-venta-otilio-montano-14-corral-del-risco-punta-de-mita-nayarit-27884979#pagina=12&tipos=casas-venta&area=nayarit&pos=40
Nayarit,12,"$13,970,000
MXN","Casa disponible en venta en Brisas Vallarta #90, Col. Cruz de Huanacaxtle, Bahía de Banderas, Nayarit, México, C.P. 63734, ID: 29456779",2 Recámaras | 3 Baños | 264 m 2,https://propiedades.com/inmuebles/casa-en-venta-brisas-vallarta-90-cruz-de-huanacaxtle-nayarit-29456779#pagina=12&tipos=casas-venta&area=nayarit&pos=41
Nayarit,12,"$7,300,000
MXN","arrezo, Col. Las Jarretaderas, Bahía de Banderas, Nayarit, México, C.P. 63735, ID: 30566454",3 Recámaras | 2 Baños | 188 m 2,https://propiedades.com/inmuebles/casa-en-venta-arrezo-las-jarretaderas-nayarit-30566454#pagina=12&tipos=casas-venta&area=nayarit&pos=42
Nayarit,12,"$2,900,000
MXN","Casa disponible en venta en Av. Las Ceibas, Fraccionamiento Las Ceibas, 63735 Las Jarretaderas, Nay., Col. Lomas del Sol, Bahía de Banderas, Nayarit, México, C.P. 63735, ID: 30918236",2 Recámaras | 1 Baño | 93 m 2,https://propiedades.com/inmuebles/casa-en-venta-av-las-ceibas-fraccionamiento-las-ceibas-63735-las-jarretaderas-nay-lomas-del-sol-nayarit-30918236#pagina=12&tipos=casas-venta&area=nayarit&pos=43
Nayarit,12,"$17,860,000
MXN","Venta de casa en Punta Pelicanos, Col. Cruz de Huanacaxtle, Bahía de Banderas, Nayarit, México, C.P. 63734, ID: 30302354",3 Recámaras | 3 Baños | 254 m 2,https://propiedades.com/inmuebles/casa-en-venta-punta-pelicanos-cruz-de-huanacaxtle-nayarit-30302354#pagina=12&tipos=casas-venta&area=nayarit&pos=44
Nayarit,12,"$1,850,000
MXN","Venta de casa , Col. Cantera del Nayar, Tepic, Nayarit, México, C.P. 63173, ID: 28120768",3 Recámaras | 2 Baños | 1 m 2,https://propiedades.com/inmuebles/casa-en-venta-cantera-del-nayar-nayarit-28120768#pagina=12&tipos=casas-venta&area=nayarit&pos=45
Nayarit,12,"$8,590,000
MXN","Se vende casa en Prolongación Benito Juárez Puente #103, Col. Las Jarretaderas, Bahía de Banderas, Nayarit, México, C.P. 63735, ID: 27884250",6 Recámaras | 7 Baños | 563 m 2,https://propiedades.com/inmuebles/casa-en-venta-prolongacion-benito-juarez-puente-103-las-jarretaderas-nayarit-27884250#pagina=12&tipos=casas-venta&area=nayarit&pos=46
Nayarit,12,"$10,200,000
USD","Casa en venta, La Cumbres, Col. Rincón de Guayabitos, Compostela, Nayarit, México, C.P. 63724, ID: 29365461",4 Recámaras | 2 Baños | 341 m 2,https://propiedades.com/inmuebles/casa-en-venta-la-cumbres-rincon-de-guayabitos-nayarit-29365461#pagina=12&tipos=casas-venta&area=nayarit&pos=47
Nayarit,13,"$6,500,000
MXN","Casa en venta disponible en , Col. Ciudad del Valle, Tepic, Nayarit, México, C.P. 63157, ID: 30329213",4 Recámaras | 3 Baños | 296 m 2,https://propiedades.com/inmuebles/casa-en-venta-ciudad-del-valle-nayarit-30329213#pagina=13&tipos=casas-venta&area=nayarit&pos=1
Nayarit,13,"$12,000,000
MXN","Casa en venta disponible en , Col. Nuevo Vallarta, Bahía de Banderas, Nayarit, México, C.P. 63735, ID: 29978832",3 Recámaras | 3 Baños | 158 m 2,
Nayarit,13,"$6,000,000
USD","Se vende casa Carretera Tepic Vallarta km 184, Col. Cruz de Huanacaxtle, Bahía de Banderas, Nayarit, México, C.P. 63734, ID: 26066605",7 Recámaras | 10 Baños | 1055 m 2,https://propiedades.com/inmuebles/casa-en-venta-carretera-tepic-vallarta-km-184-cruz-de-huanacaxtle-nayarit-26066605#pagina=13&tipos=casas-venta&area=nayarit&pos=3
Nayarit,13,"$2,250,000
MXN","Casa disponible en venta en San Clemente de LimaNay., Col. Mezcales, Bahía de Banderas, Nayarit, México, C.P. 63735, ID: 29806614",3 Recámaras | 1 Baño | 92 m 2,https://propiedades.com/inmuebles/casa-en-venta-san-clemente-de-limanay-mezcales-nayarit-29806614#pagina=13&tipos=casas-venta&area=nayarit&pos=4
Nayarit,13,"$2,500,000
MXN","Casa en venta, av ceibas #1, Col. Las Ceibas, Bahía de Banderas, Nayarit, México, C.P. 63735, ID: 30749170",3 Recámaras | 2 Baños | 78 m 2,https://propiedades.com/inmuebles/casa-en-venta-av-ceibas-1-las-ceibas-nayarit-30749170#pagina=13&tipos=casas-venta&area=nayarit&pos=5
Nayarit,13,"$12,545,946
MXN",", Col. Nuevo Vallarta, Bahía de Banderas, Nayarit, México, C.P. 63735, ID: 28347421",3 Recámaras | 4 Baños | 277 m 2,https://propiedades.com/inmuebles/casa-en-venta-nuevo-vallarta-nayarit-28347421#pagina=13&tipos=casas-venta&area=nayarit&pos=6
Nayarit,13,"$2,500,000
MXN","Venta casa en , Col. San Juan, Tepic, Nayarit, México, C.P. 63130, ID: 29817631",3 Recámaras | 2 Baños | 170 m 2,https://propiedades.com/inmuebles/casa-en-venta-san-juan-nayarit-29817631#pagina=13&tipos=casas-venta&area=nayarit&pos=7
Nayarit,13,"$21,980,000
MXN","Venta casa en av mexico, Col. Nuevo Vallarta, Bahía de Banderas, Nayarit, México, C.P. 63735, ID: 29377602",5 Recámaras | 5 Baños | 542 m 2,https://propiedades.com/inmuebles/casa-en-venta-av-mexico-nuevo-vallarta-nayarit-29377602#pagina=13&tipos=casas-venta&area=nayarit&pos=8
Nayarit,13,"$9,674,000
MXN","Venta de casa , Col. Las Jarretaderas, Bahía de Banderas, Nayarit, México, C.P. 63735, ID: 30782330",4 Recámaras | 5 Baños | 248 m 2,https://propiedades.com/inmuebles/casa-en-venta-las-jarretaderas-nayarit-30782330#pagina=13&tipos=casas-venta&area=nayarit&pos=9
Nayarit,13,"$6,870,000
MXN","Venta de casa , Col. Nuevo Corral del Risco, Bahía de Banderas, Nayarit, México, C.P. 63734, ID: 30620703",3 Recámaras | 3 Baños | 200 m 2,https://propiedades.com/inmuebles/casa-en-venta-nuevo-corral-del-risco-nayarit-30620703#pagina=13&tipos=casas-venta&area=nayarit&pos=10
Nayarit,13,"$9,250,000
MXN","Casa en venta, AV MEXICO, Col. Nuevo Vallarta, Bahía de Banderas, Nayarit, México, C.P. 63735, ID: 29458906",4 Recámaras | 4 Baños | 211 m 2,https://propiedades.com/inmuebles/casa-en-venta-av-mexico-nuevo-vallarta-nayarit-29458906#pagina=13&tipos=casas-venta&area=nayarit&pos=11
Nayarit,13,"$6,000,000
MXN","Se vende casa Sierra de picachos, Col. Jardines de La Cruz, Tepic, Nayarit, México, C.P. 63168, ID: 29767111",5 Recámaras | 6 Baños | 529 m 2,https://propiedades.com/inmuebles/casa-en-venta-sierra-de-picachos-jardines-de-la-cruz-nayarit-29767111#pagina=13&tipos=casas-venta&area=nayarit&pos=12
Nayarit,13,"$999,000
USD","Vilas Bellavista, Col. Nuevo Vallarta, Bahía de Banderas, Nayarit, México, C.P. 63735, ID: 30222057",3 Recámaras | 3 Baños | 511 m 2,https://propiedades.com/inmuebles/casa-en-venta-vilas-bellavista-nuevo-vallarta-nayarit-30222057#pagina=13&tipos=casas-venta&area=nayarit&pos=13
Nayarit,13,"$55,000,000
MXN","Se vende casa , Col. Nuevo Vallarta, Bahía de Banderas, Nayarit, México, C.P. 63735, ID: 28640814",5 Recámaras | 4 Baños | 680 m 2,https://propiedades.com/inmuebles/casa-en-venta-nuevo-vallarta-nayarit-28640814#pagina=13&tipos=casas-venta&area=nayarit&pos=14
Nayarit,13,"$14,450,000
MXN","Ballena #29, Col. Cruz de Huanacaxtle, Bahía de Banderas, Nayarit, México, C.P. 63734, ID: 28838112",3 Recámaras | 3 Baños | 279 m 2,https://propiedades.com/inmuebles/casa-en-venta-ballena-29-cruz-de-huanacaxtle-nayarit-28838112#pagina=13&tipos=casas-venta&area=nayarit&pos=15
Nayarit,13,"$18,351,630
MXN","Venta casa en , Col. Nuevo Vallarta, Bahía de Banderas, Nayarit, México, C.P. 63735, ID: 29295554",4 Recámaras | 3 Baños | 352 m 2,https://propiedades.com/inmuebles/casa-en-venta-nuevo-vallarta-nayarit-29295554#pagina=13&tipos=casas-venta&area=nayarit&pos=16
Nayarit,13,"$7,200,000
MXN","Boulevard Nuevo Vallarta, Col. Nuevo Vallarta, Bahía de Banderas, Nayarit, México, C.P. 63735, ID: 28553114",3 Recámaras | 3 Baños | 198 m 2,https://propiedades.com/inmuebles/casa-en-venta-boulevard-nuevo-vallarta-nuevo-vallarta-nayarit-28553114#pagina=13&tipos=casas-venta&area=nayarit&pos=17
Nayarit,13,"$7,300,000
MXN","Boulevard La Fronda, Col. Mezcales, Bahía de Banderas, Nayarit, México, C.P. 63735, ID: 28213222",3 Recámaras | 3 Baños | 160 m 2,https://propiedades.com/inmuebles/casa-en-venta-boulevard-la-fronda-mezcales-nayarit-28213222#pagina=13&tipos=casas-venta&area=nayarit&pos=18
Nayarit,13,"$2,362,500
MXN","Venta de casa , Col. Rinconada de Banderas, Bahía de Banderas, Nayarit, México, C.P. 63735, ID: 30095223",2 Recámaras | 1 Baño | 76 m 2,https://propiedades.com/inmuebles/casa-en-venta-rinconada-de-banderas-nayarit-30095223#pagina=13&tipos=casas-venta&area=nayarit&pos=19
Nayarit,13,"$2,500,000
MXN","Casa disponible en venta en , Col. Mezcales, Bahía de Banderas, Nayarit, México, C.P. 63735, ID: 28562104",3 Recámaras | 3 Baños | 118 m 2,https://propiedades.com/inmuebles/casa-en-venta-mezcales-nayarit-28562104#pagina=13&tipos=casas-venta&area=nayarit&pos=20
Nayarit,13,"$15,900,000
MXN","Venta de casa en Brisas Vallarta #28Int. -, Col. Cruz de Huanacaxtle, Bahía de Banderas, Nayarit, México, C.P. 63734, ID: 30456013",3 Recámaras | 3 Baños | 279 m 2,
Nayarit,13,"$1,590,000
MXN","Venta casa en Jajalpa #22Int. 6, Col. El Armadillo, Tepic, Nayarit, México, C.P. 63194, ID: 28296795",2 Recámaras | 2 Baños | 77 m 2,https://propiedades.com/inmuebles/casa-en-venta-jajalpa-22-el-armadillo-nayarit-28296795#pagina=13&tipos=casas-venta&area=nayarit&pos=22
Nayarit,13,"$693,259
MXN","Casa en venta disponible en Av Universidad #0Int. 0, Col. Ciudad del Valle, Tepic, Nayarit, México, C.P. 63157, ID: 28407237",3 Recámaras | 3 Baños | 167 m 2,
Nayarit,13,"$2,795,000
MXN","Venta de casa en Lago victoria, Col. Lagos del Country, Tepic, Nayarit, México, C.P. 63175, ID: 29921977",3 Recámaras | 3 Baños | 160 m 2,https://propiedades.com/inmuebles/casa-en-venta-lago-victoria-lagos-del-country-nayarit-29921977#pagina=13&tipos=casas-venta&area=nayarit&pos=24
Nayarit,13,"$888,000
USD","Casa disponible en venta en Calle Ciprés, Col. Nuevo Vallarta, Bahía de Banderas, Nayarit, México, C.P. 63735, ID: 26329310",3 Recámaras | 4 Baños | 465 m 2,https://propiedades.com/inmuebles/casa-en-venta-calle-cipres-nuevo-vallarta-nayarit-26329310#pagina=13&tipos=casas-venta&area=nayarit&pos=25
Nayarit,13,"$8,953,000
MXN",", Col. Las Jarretaderas, Bahía de Banderas, Nayarit, México, C.P. 63735, ID: 30074395",3 Recámaras | 2 Baños | 284 m 2,https://propiedades.com/inmuebles/casa-en-venta-las-jarretaderas-nayarit-30074395#pagina=13&tipos=casas-venta&area=nayarit&pos=26
Nayarit,13,"$10,880,000
MXN","Casa disponible en venta en CIRCUITO MANGOS, Col. Flamingos, Bahía de Banderas, Nayarit, México, C.P. 63732, ID: 28119857",3 Recámaras | 3 Baños | 430 m 2,https://propiedades.com/inmuebles/casa-en-venta-circuito-mangos-flamingos-nayarit-28119857#pagina=13&tipos=casas-venta&area=nayarit&pos=27
Nayarit,13,"$3,500,000
MXN","Se vende casa ., Col. Los Sauces, Tepic, Nayarit, México, C.P. 63197, ID: 13988220",3 Recámaras | 5 Baños | 320 m 2,https://propiedades.com/inmuebles/casa-en-venta-los-sauces-nayarit-13988220#pagina=13&tipos=casas-venta&area=nayarit&pos=28
Nayarit,13,"$8,850,000
MXN",", Col. Las Jarretaderas, Bahía de Banderas, Nayarit, México, C.P. 63735, ID: 30074396",3 Recámaras | 3 Baños | 292 m 2,https://propiedades.com/inmuebles/casa-en-venta-las-jarretaderas-nayarit-30074396#pagina=13&tipos=casas-venta&area=nayarit&pos=29
Nayarit,13,"$2,850,000
MXN","Casa disponible en venta en , Col. Tepic Centro, Tepic, Nayarit, México, C.P. 63000, ID: 30609542",2 Baños,https://propiedades.com/inmuebles/casa-en-venta-tepic-centro-nayarit-30609542#pagina=13&tipos=casas-venta&area=nayarit&pos=30
Nayarit,13,"$9,700,000
MXN","Casa disponible en venta en Calle Valle de las Banderas, Col. Bucerías Centro, Bahía de Banderas, Nayarit, México, C.P. 63732, ID: 30009160",4 Recámaras | 4 Baños | 553 m 2,https://propiedades.com/inmuebles/casa-en-venta-calle-valle-de-las-banderas-bucerias-centro-nayarit-30009160#pagina=13&tipos=casas-venta&area=nayarit&pos=31
Nayarit,13,"$2,750,000
MXN","Casa en venta disponible en ., Col. Las Islas, Tepic, Nayarit, México, C.P. 63195, ID: 27356712",5 Recámaras | 5 Baños | 170 m 2,https://propiedades.com/inmuebles/casa-en-venta-las-islas-nayarit-27356712#pagina=13&tipos=casas-venta&area=nayarit&pos=32
Nayarit,13,"$1,000,000
USD","KM138Puerto Vallarta - Tepic, Col. Tepic Centro, Tepic, Nayarit, México, C.P. 63000, ID: 30693059",3 Recámaras | 3 Baños | 333 m 2,https://propiedades.com/inmuebles/casa-en-venta-km138puerto-vallarta-tepic-tepic-centro-nayarit-30693059#pagina=13&tipos=casas-venta&area=nayarit&pos=33
Nayarit,13,"$8,709,142
MXN","Se vende casa en , Col. Nuevo Vallarta, Bahía de Banderas, Nayarit, México, C.P. 63735, ID: 29978892",4 Recámaras | 3 Baños | 273 m 2,
Nayarit,13,"$2,750,000
MXN","Casa en venta disponible en MÁRTIRES 26 DE ENERO, Col. Genaro Vázquez, Tepic, Nayarit, México, C.P. 63174, ID: 29485758",3 Recámaras | 3 Baños | 120 m 2,https://propiedades.com/inmuebles/casa-en-venta-martires-26-de-enero-genaro-vazquez-nayarit-29485758#pagina=13&tipos=casas-venta&area=nayarit&pos=35
Nayarit,13,"$8,100,000
MXN","Se vende casa , Col. Nuevo Vallarta, Bahía de Banderas, Nayarit, México, C.P. 63735, ID: 29978868",3 Recámaras | 3 Baños,https://propiedades.com/inmuebles/casa-en-venta-nuevo-vallarta-nayarit-29978868#pagina=13&tipos=casas-venta&area=nayarit&pos=36
Nayarit,13,"$11,500,000
MXN","Se vende casa paseo de los cocoteros, Col. Flamingos, Bahía de Banderas, Nayarit, México, C.P. 63732, ID: 29965316",3 Recámaras | 3 Baños | 375 m 2,https://propiedades.com/inmuebles/casa-en-venta-paseo-de-los-cocoteros-flamingos-nayarit-29965316#pagina=13&tipos=casas-venta&area=nayarit&pos=37
Nayarit,13,"$3,700,000
MXN",", Col. SUTSEM Landereñas, Xalisco, Nayarit, México, C.P. 63783, ID: 30116762",3 Recámaras | 2 Baños | 210 m 2,https://propiedades.com/inmuebles/casa-en-venta-sutsem-landerenas-nayarit-30116762#pagina=13&tipos=casas-venta&area=nayarit&pos=38
Nayarit,13,"$2,290,000
MXN","Se vende casa Ceibas, Col. Las Ceibas, Bahía de Banderas, Nayarit, México, C.P. 63735, ID: 30227209",2 Recámaras | 2 Baños | 57 m 2,https://propiedades.com/inmuebles/casa-en-venta-ceibas-las-ceibas-nayarit-30227209#pagina=13&tipos=casas-venta&area=nayarit&pos=39
Nayarit,13,"$3,950,000
MXN","Casa en venta, Paseo del vulcano, Col. Las Ceibas, Bahía de Banderas, Nayarit, México, C.P. 63735, ID: 30770842",3 Recámaras | 2 Baños | 113 m 2,https://propiedades.com/inmuebles/casa-en-venta-paseo-del-vulcano-las-ceibas-nayarit-30770842#pagina=13&tipos=casas-venta&area=nayarit&pos=40
Nayarit,13,"$1,750,000
USD","Se vende casa en CARRETERA PUNTA PELICANOS, Col. Cruz de Huanacaxtle, Bahía de Banderas, Nayarit, México, C.P. 63734, ID: 29783054",4 Recámaras | 4 Baños | 250 m 2,https://propiedades.com/inmuebles/casa-en-venta-carretera-punta-pelicanos-cruz-de-huanacaxtle-nayarit-29783054#pagina=13&tipos=casas-venta&area=nayarit&pos=41
Nayarit,13,"$13,500,000
MXN","Venta de casa , Col. Nuevo Vallarta, Bahía de Banderas, Nayarit, México, C.P. 63735, ID: 29978902",4 Recámaras | 4 Baños | 247 m 2,https://propiedades.com/inmuebles/casa-en-venta-nuevo-vallarta-nayarit-29978902#pagina=13&tipos=casas-venta&area=nayarit&pos=42
Nayarit,13,"$12,582,000
MXN","Se vende casa en Blvd. Nuevo vallarta, Col. Las Jarretaderas, Bahía de Banderas, Nayarit, México, C.P. 63735, ID: 29697950",3 Recámaras | 4 Baños | 315 m 2,https://propiedades.com/inmuebles/casa-en-venta-blvd-nuevo-vallarta-las-jarretaderas-nayarit-29697950#pagina=13&tipos=casas-venta&area=nayarit&pos=43
Nayarit,13,"$7,500,000
MXN","Venta casa en , Col. Linda Vista, Del Nayar, Nayarit, México, C.P. 63544, ID: 30443336",3 Recámaras | 2 Baños | 310 m 2,https://propiedades.com/inmuebles/casa-en-venta-linda-vista-nayarit-30443336#pagina=13&tipos=casas-venta&area=nayarit&pos=44
Nayarit,13,"$9,900,000
MXN","Venta de casa TierraLuz, Col. Sayulita, Bahía de Banderas, Nayarit, México, C.P. 63734, ID: 27890373",3 Recámaras | 3 Baños | 240 m 2,https://propiedades.com/inmuebles/casa-en-venta-tierraluz-sayulita-nayarit-27890373#pagina=13&tipos=casas-venta&area=nayarit&pos=45
Nayarit,13,"$4,350,000
MXN","Venta de casa Fraccionamiento Ceibas, Col. Mezcales, Bahía de Banderas, Nayarit, México, C.P. 63735, ID: 29735914",3 Recámaras | 3 Baños | 157 m 2,https://propiedades.com/inmuebles/casa-en-venta-fraccionamiento-ceibas-mezcales-nayarit-29735914#pagina=13&tipos=casas-venta&area=nayarit&pos=46
Nayarit,13,"$7,051,968
MXN","Fco. I Madero #5, Col. Bucerías Centro, Bahía de Banderas, Nayarit, México, C.P. 63732, ID: 28813219",2 Recámaras | 2 Baños | 88 m 2,https://propiedades.com/inmuebles/casa-en-venta-fco-i-madero-5-bucerias-centro-nayarit-28813219#pagina=13&tipos=casas-venta&area=nayarit&pos=47
Nayarit,14,"$3,195,000
MXN","Casa en venta, ., Col. El Guamúchil, Bahía de Banderas, Nayarit, México, C.P. 63726, ID: 30520638",3 Recámaras | 3 Baños,https://propiedades.com/inmuebles/casa-en-venta-el-guamuchil-nayarit-30520638#pagina=14&tipos=casas-venta&area=nayarit&pos=1
Nayarit,14,"$16,900,000
MXN","Casa en venta disponible en Encino, Col. Los Sauces, Tepic, Nayarit, México, C.P. 63197, ID: 24911234",4 Recámaras | 4 Baños | 1500 m 2,https://propiedades.com/inmuebles/casa-en-venta-encino-los-sauces-nayarit-24911234#pagina=14&tipos=casas-venta&area=nayarit&pos=2
Nayarit,14,"$3,100,000
MXN","., Col. Villas de La Cantera, Tepic, Nayarit, México, C.P. 63173, ID: 29868004",4 Recámaras | 3 Baños | 226 m 2,https://propiedades.com/inmuebles/casa-en-venta-villas-de-la-cantera-nayarit-29868004#pagina=14&tipos=casas-venta&area=nayarit&pos=3
Nayarit,14,"$2,950,000
MXN","MENORCA, Col. Altavela, Bahía de Banderas, Nayarit, México, C.P. 63735, ID: 30151865",3 Recámaras | 3 Baños | 97 m 2,https://propiedades.com/inmuebles/casa-en-venta-menorca-altavela-nayarit-30151865#pagina=14&tipos=casas-venta&area=nayarit&pos=4
Nayarit,14,"$43,000,000
MXN","Sayulita, Col. Sayulita, Bahía de Banderas, Nayarit, México, C.P. 63734, ID: 28400787",4 Recámaras | 3 Baños | 477 m 2,https://propiedades.com/inmuebles/casa-en-venta-sayulita-sayulita-nayarit-28400787#pagina=14&tipos=casas-venta&area=nayarit&pos=5
Nayarit,14,"$3,500,000
MXN","Se vende casa en Paseo de Bari #40, Col. Bonaterra, Tepic, Nayarit, México, C.P. 63194, ID: 28735889",3 Recámaras | 2 Baños | 160 m 2,
Nayarit,14,"$2,300,000
MXN","Casa en venta disponible en Aquiles Serdan, Col. Heriberto Casas, Tepic, Nayarit, México, C.P. 63080, ID: 29762261",7 Recámaras | 2 Baños | 247 m 2,https://propiedades.com/inmuebles/casa-en-venta-aquiles-serdan-heriberto-casas-nayarit-29762261#pagina=14&tipos=casas-venta&area=nayarit&pos=7
Nayarit,14,"$4,800,000
MXN","Venta de casa , Col. Lagos del Country, Tepic, Nayarit, México, C.P. 63175, ID: 13988652",4 Recámaras | 4 Baños | 408 m 2,https://propiedades.com/inmuebles/casa-en-venta-lagos-del-country-nayarit-13988652#pagina=14&tipos=casas-venta&area=nayarit&pos=8
Nayarit,14,"$13,671,500
MXN","Casa disponible en venta en Bahia de banderas, Col. Nuevo Vallarta, Bahía de Banderas, Nayarit, México, C.P. 63735, ID: 26700997",4 Recámaras | 4 Baños | 286 m 2,https://propiedades.com/inmuebles/casa-en-venta-bahia-de-banderas-nuevo-vallarta-nayarit-26700997#pagina=14&tipos=casas-venta&area=nayarit&pos=9
Nayarit,14,"$7,650,000
MXN",", Col. Las Jarretaderas, Bahía de Banderas, Nayarit, México, C.P. 63735, ID: 30015120",3 Recámaras | 3 Baños | 162 m 2,https://propiedades.com/inmuebles/casa-en-venta-las-jarretaderas-nayarit-30015120#pagina=14&tipos=casas-venta&area=nayarit&pos=10
Nayarit,14,"$7,500,000
MXN","SENDERO DE LAS HIGUERAS, Col. Mezcales, Bahía de Banderas, Nayarit, México, C.P. 63735, ID: 30446758",3 Recámaras | 3 Baños | 189 m 2,https://propiedades.com/inmuebles/casa-en-venta-sendero-de-las-higueras-mezcales-nayarit-30446758#pagina=14&tipos=casas-venta&area=nayarit&pos=11
Nayarit,14,"$2,950,000
MXN","Venta de casa en Col. 6 de Enero, Tepic, Nayarit, México, C.P. 63504, ID: 30770425",140 m 2,https://propiedades.com/inmuebles/casa-en-venta-6-de-enero-nayarit-30770425#pagina=14&tipos=casas-venta&area=nayarit&pos=12
Nayarit,14,"$4,700,000
MXN","Venta de casa en Valle de México, Col. Valle Dorado, Bahía de Banderas, Nayarit, México, C.P. 63735, ID: 30075601",3 Recámaras | 2 Baños | 140 m 2,https://propiedades.com/inmuebles/casa-en-venta-valle-de-mexico-valle-dorado-nayarit-30075601#pagina=14&tipos=casas-venta&area=nayarit&pos=13
Nayarit,14,"$5,400,000
MXN","Casa disponible en venta en , Col. Las Brisas, Tepic, Nayarit, México, C.P. 63117, ID: 30593950",3 Recámaras | 2 Baños | 218 m 2,https://propiedades.com/inmuebles/casa-en-venta-las-brisas-nayarit-30593950#pagina=14&tipos=casas-venta&area=nayarit&pos=14
Nayarit,14,"$5,480,000
MXN","Venta de casa Palma del Rey, Col. Las Jarretaderas, Bahía de Banderas, Nayarit, México, C.P. 63735, ID: 28600505",3 Recámaras | 3 Baños | 170 m 2,https://propiedades.com/inmuebles/casa-en-venta-palma-del-rey-las-jarretaderas-nayarit-28600505#pagina=14&tipos=casas-venta&area=nayarit&pos=15
Nayarit,14,"$2,900,000
MXN","Casa en venta, Terralta, Col. Bucerías Centro, Bahía de Banderas, Nayarit, México, C.P. 63732, ID: 29486086",3 Recámaras | 2 Baños | 89 m 2,https://propiedades.com/inmuebles/casa-en-venta-terralta-bucerias-centro-nayarit-29486086#pagina=14&tipos=casas-venta&area=nayarit&pos=16
Nayarit,14,"$4,850,000
MXN","Casa en venta disponible en INDEPENDENCIA, Col. Costa Coral, Bahía de Banderas, Nayarit, México, C.P. 63735, ID: 30218879",3 Recámaras | 2 Baños | 150 m 2,https://propiedades.com/inmuebles/casa-en-venta-independencia-costa-coral-nayarit-30218879#pagina=14&tipos=casas-venta&area=nayarit&pos=17
Nayarit,14,"$3,550,000
MXN","Casa en venta disponible en ., Col. Parque Ecológico, Tepic, Nayarit, México, C.P. 63173, ID: 29744787",3 Recámaras | 2 Baños | 306 m 2,https://propiedades.com/inmuebles/casa-en-venta-parque-ecologico-nayarit-29744787#pagina=14&tipos=casas-venta&area=nayarit&pos=18
Nayarit,14,"$13,000,000
MXN","Venta de casa , Col. Flamingos, Bahía de Banderas, Nayarit, México, C.P. 63732, ID: 30647267",4 Recámaras | 4 Baños | 309 m 2,https://propiedades.com/inmuebles/casa-en-venta-flamingos-nayarit-30647267#pagina=14&tipos=casas-venta&area=nayarit&pos=19
Nayarit,14,"$1,220,000
MXN","Casa en venta, , Col. Canoas, Xalisco, Nayarit, México, C.P. 63787, ID: 30770426",,https://propiedades.com/inmuebles/casa-en-venta-canoas-nayarit-30770426#pagina=14&tipos=casas-venta&area=nayarit&pos=20
Nayarit,14,"$12,500,000
MXN","Venta casa en Puntilla, Col. Cruz de Huanacaxtle, Bahía de Banderas, Nayarit, México, C.P. 63734, ID: 27837581",4 Recámaras | 5 Baños | 320 m 2,
Nayarit,14,"$11,500,000
MXN","Venta de casa en Lo de Marcos, Col. Lo de Marcos, Bahía de Banderas, Nayarit, México, C.P. 63729, ID: 30314997",4 Recámaras | 5 Baños | 172 m 2,https://propiedades.com/inmuebles/casa-en-venta-lo-de-marcos-lo-de-marcos-nayarit-30314997#pagina=14&tipos=casas-venta&area=nayarit&pos=22
Nayarit,14,"$8,550,000
MXN","Casa en venta, Av Mexico, Col. Nuevo Vallarta, Bahía de Banderas, Nayarit, México, C.P. 63735, ID: 28978101",3 Recámaras | 254 m 2,
Nayarit,14,"$13,862,400
MXN","Casa en venta disponible en Boulevard Nuevo Vallarta, Col. Las Jarretaderas, Bahía de Banderas, Nayarit, México, C.P. 63735, ID: 29697951",3 Recámaras | 4 Baños | 315 m 2,https://propiedades.com/inmuebles/casa-en-venta-boulevard-nuevo-vallarta-las-jarretaderas-nayarit-29697951#pagina=14&tipos=casas-venta&area=nayarit&pos=24
Nayarit,14,"$5,250,000
MXN","Se vende casa en , Col. Nuevo Vallarta, Bahía de Banderas, Nayarit, México, C.P. 63735, ID: 29629356",3 Recámaras | 2 Baños | 141 m 2,https://propiedades.com/inmuebles/casa-en-venta-nuevo-vallarta-nayarit-29629356#pagina=14&tipos=casas-venta&area=nayarit&pos=25
Nayarit,14,"$2,700,000
MXN","Venta de casa en , Col. Tepic Centro, Tepic, Nayarit, México, C.P. 63000, ID: 28479649",3 Recámaras | 2 Baños | 135 m 2,https://propiedades.com/inmuebles/casa-en-venta-tepic-centro-nayarit-28479649#pagina=14&tipos=casas-venta&area=nayarit&pos=26
Nayarit,14,"$148,000
USD","Venta de casa Circuito Venus #25, Col. Las Ceibas, Bahía de Banderas, Nayarit, México, C.P. 63735, ID: 28934993",2 Recámaras | 2 Baños | 78 m 2,https://propiedades.com/inmuebles/casa-en-venta-circuito-venus-25-las-ceibas-nayarit-28934993#pagina=14&tipos=casas-venta&area=nayarit&pos=27
Nayarit,14,"$2,100,000
MXN","Venta de casa , Col. Xalisco Centro, Xalisco, Nayarit, México, C.P. 63780, ID: 29498246",3 Recámaras | 2 Baños | 96 m 2,https://propiedades.com/inmuebles/casa-en-venta-xalisco-centro-nayarit-29498246#pagina=14&tipos=casas-venta&area=nayarit&pos=28
Nayarit,14,"$8,450,000
MXN","Se vende casa Col. Las Jarretaderas, Bahía de Banderas, Nayarit, México, C.P. 63735, ID: 29629366",3 Recámaras | 2 Baños | 264 m 2,https://propiedades.com/inmuebles/casa-en-venta-las-jarretaderas-nayarit-29629366#pagina=14&tipos=casas-venta&area=nayarit&pos=29
Nayarit,14,"$3,102,000
MXN","Se vende casa Casa en Venta de 3 recamaras en Riviera Nayarit en zona de crecimiento Bahia de Banderas Cendela P, Col. Bahía de Banderas, Bahía de Banderas, Nayarit, México, C.P. 63737, ID: 30802894",3 Recámaras | 3 Baños | 100 m 2,https://propiedades.com/inmuebles/casa-en-venta-casa-en-venta-de-3-recamaras-en-riviera-nayarit-en-zona-de-crecimiento-bahia-de-banderas-cendela-p-bahia-de-banderas-nayarit-30802894#pagina=14&tipos=casas-venta&area=nayarit&pos=30
Nayarit,14,"$2,200,000
MXN","Casa en venta, ., Col. Loma Hermosa, Tepic, Nayarit, México, C.P. 63019, ID: 30725678",3 Recámaras | 1 Baño | 203 m 2,https://propiedades.com/inmuebles/casa-en-venta-loma-hermosa-nayarit-30725678#pagina=14&tipos=casas-venta&area=nayarit&pos=31
Nayarit,14,"$2,700,000
USD","#53, Col. Cruz de Huanacaxtle, Bahía de Banderas, Nayarit, México, C.P. 63734, ID: 30043430",5 Recámaras | 7 Baños | 311 m 2,https://propiedades.com/inmuebles/casa-en-venta-53-cruz-de-huanacaxtle-nayarit-30043430#pagina=14&tipos=casas-venta&area=nayarit&pos=32
Nayarit,14,"$2,650,000
MXN","Venta de casa en Lago Ontario, Col. Lagos del Country, Tepic, Nayarit, México, C.P. 63175, ID: 24756538",3 Recámaras | 3 Baños | 260 m 2,https://propiedades.com/inmuebles/casa-en-venta-lago-ontario-lagos-del-country-nayarit-24756538#pagina=14&tipos=casas-venta&area=nayarit&pos=33
Nayarit,14,"$9,850,000
MXN","Se vende casa , Col. Las Jarretaderas, Bahía de Banderas, Nayarit, México, C.P. 63735, ID: 30782327",4 Recámaras | 5 Baños | 251 m 2,https://propiedades.com/inmuebles/casa-en-venta-las-jarretaderas-nayarit-30782327#pagina=14&tipos=casas-venta&area=nayarit&pos=34
Nayarit,14,"$2,378,000
MXN","Venta de casa , Col. San Vicente, Bahía de Banderas, Nayarit, México, C.P. 63737, ID: 29989396",4 Recámaras | 2 Baños | 98 m 2,https://propiedades.com/inmuebles/casa-en-venta-san-vicente-nayarit-29989396#pagina=14&tipos=casas-venta&area=nayarit&pos=35
Nayarit,14,"$13,500,000
MXN","Venta de casa en Génova #15, Col. Ciudad del Valle, Tepic, Nayarit, México, C.P. 63157, ID: 29255327",4 Recámaras | 4 Baños | 486 m 2,https://propiedades.com/inmuebles/casa-en-venta-genova-15-ciudad-del-valle-nayarit-29255327#pagina=14&tipos=casas-venta&area=nayarit&pos=36
Nayarit,14,"$595,000
USD","Casa en venta disponible en Tiburon, Col. Cruz de Huanacaxtle, Bahía de Banderas, Nayarit, México, C.P. 63734, ID: 30466274",3 Recámaras | 262 m 2,https://propiedades.com/inmuebles/casa-en-venta-tiburon-cruz-de-huanacaxtle-nayarit-30466274#pagina=14&tipos=casas-venta&area=nayarit&pos=37
Nayarit,14,"$3,100,000
MXN","Venta de casa en , Col. Las Delicias, Tepic, Nayarit, México, C.P. 63507, ID: 29394038",3 Recámaras | 4 Baños,https://propiedades.com/inmuebles/casa-en-venta-las-delicias-nayarit-29394038#pagina=14&tipos=casas-venta&area=nayarit&pos=38
Nayarit,14,"$8,750,000
MXN",", Col. Las Jarretaderas, Bahía de Banderas, Nayarit, México, C.P. 63735, ID: 30074397",3 Recámaras | 2 Baños | 261 m 2,https://propiedades.com/inmuebles/casa-en-venta-las-jarretaderas-nayarit-30074397#pagina=14&tipos=casas-venta&area=nayarit&pos=39
Nayarit,14,"$1,400,000
MXN","Casa en venta, Los Sauces, Tepic, Nayarit, Col. Los Sauces, Tepic, Nayarit, México, C.P. 63197, ID: 26811613",3 Recámaras | 3 Baños | 90 m 2,https://propiedades.com/inmuebles/casa-en-venta-los-sauces-tepic-nayarit-los-sauces-nayarit-26811613#pagina=14&tipos=casas-venta&area=nayarit&pos=40
Nayarit,14,"$7,956,000
MXN","Venta de casa en Benito Juarez #335, Col. Las Jarretaderas, Bahía de Banderas, Nayarit, México, C.P. 63735, ID: 29906232",6 Recámaras | 6 Baños | 486 m 2,https://propiedades.com/inmuebles/casa-en-venta-benito-juarez-335-las-jarretaderas-nayarit-29906232#pagina=14&tipos=casas-venta&area=nayarit&pos=41
Nayarit,14,"$2,500,000
MXN","Venta de casa , Col. Paraíso, Bahía de Banderas, Nayarit, México, C.P. 63732, ID: 28006674",2 Recámaras | 1 Baño | 83 m 2,https://propiedades.com/inmuebles/casa-en-venta-paraiso-nayarit-28006674#pagina=14&tipos=casas-venta&area=nayarit&pos=42
Nayarit,14,"$4,365,000
MXN","Se vende casa en Col. Los Sauces, Tepic, Nayarit, México, C.P. 63197, ID: 30429262",4 Recámaras | 2 Baños | 295 m 2,https://propiedades.com/inmuebles/casa-en-venta-los-sauces-nayarit-30429262#pagina=14&tipos=casas-venta&area=nayarit&pos=43
Nayarit,14,"$985,000
USD","Se vende casa en Centro de punta de Mita, Col. Punta de Mita, Bahía de Banderas, Nayarit, México, C.P. 63734, ID: 29284562",4 Recámaras | 4 Baños | 310 m 2,https://propiedades.com/inmuebles/casa-en-venta-centro-de-punta-de-mita-punta-de-mita-nayarit-29284562#pagina=14&tipos=casas-venta&area=nayarit&pos=44
Nayarit,14,"$5,300,000
MXN","Casa disponible en venta en , Col. San Juan de Abajo, Bahía de Banderas, Nayarit, México, C.P. 63730, ID: 30219323",3 Recámaras | 2 Baños | 132 m 2,https://propiedades.com/inmuebles/casa-en-venta-san-juan-de-abajo-nayarit-30219323#pagina=14&tipos=casas-venta&area=nayarit&pos=45
Nayarit,14,"$602,888
USD","Se vende casa , Col. Flamingos, Bahía de Banderas, Nayarit, México, C.P. 63732, ID: 30516604",4 Recámaras | 4 Baños | 229 m 2,https://propiedades.com/inmuebles/casa-en-venta-flamingos-nayarit-30516604#pagina=14&tipos=casas-venta&area=nayarit&pos=46
Nayarit,14,"$2,390,000
MXN","Casa en venta disponible en Benito Juárez, Tepic, Nay. #140Int. 140, Col. Tepic Centro, Tepic, Nayarit, México, C.P. 63000, ID: 30924797",4 Recámaras | 2 Baños | 150 m 2,https://propiedades.com/inmuebles/casa-en-venta-benito-juarez-tepic-nay-140-tepic-centro-nayarit-30924797#pagina=14&tipos=casas-venta&area=nayarit&pos=47
Nayarit,15,"$4,995,000
MXN","Venta de casa Av. de las Ceibas, Col. Las Ceibas, Bahía de Banderas, Nayarit, México, C.P. 63735, ID: 30439971",3 Recámaras | 2 Baños | 137 m 2,https://propiedades.com/inmuebles/casa-en-venta-av-de-las-ceibas-las-ceibas-nayarit-30439971#pagina=15&tipos=casas-venta&area=nayarit&pos=1
Nayarit,15,"$20,700,000
MXN","Venta de casa Av mexico, Col. Nuevo Vallarta, Bahía de Banderas, Nayarit, México, C.P. 63735, ID: 30897724",4 Recámaras | 5 Baños | 440 m 2,https://propiedades.com/inmuebles/casa-en-venta-av-mexico-nuevo-vallarta-nayarit-30897724#pagina=15&tipos=casas-venta&area=nayarit&pos=2
Nayarit,15,"$3,317,000
MXN","Casa en venta disponible en Amado Nervo #1630, Col. Higuera Blanca, Bahía de Banderas, Nayarit, México, C.P. 63734, ID: 30700986",2 Recámaras | 2 Baños | 110 m 2,
Nayarit,15,"$16,850,000
MXN","CEDRO #97, Col. Bahía de Banderas, Bahía de Banderas, Nayarit, México, C.P. 63737, ID: 27663136",5 Recámaras | 5 Baños | 327 m 2,https://propiedades.com/inmuebles/casa-en-venta-cedro-97-bahia-de-banderas-nayarit-27663136#pagina=15&tipos=casas-venta&area=nayarit&pos=4
Nayarit,15,"$3,300,000
MXN",", Col. San Blas Centro, San Blas, Nayarit, México, C.P. 63740, ID: 29870816",3 Recámaras | 2 Baños | 138 m 2,https://propiedades.com/inmuebles/casa-en-venta-san-blas-centro-nayarit-29870816#pagina=15&tipos=casas-venta&area=nayarit&pos=5
Nayarit,15,"$3,850,000
MXN","Nereo 8Fraccionamiento, Col. Las Jarretaderas, Bahía de Banderas, Nayarit, México, C.P. 63735, ID: 29496114",3 Recámaras | 2 Baños | 112 m 2,https://propiedades.com/inmuebles/casa-en-venta-nereo-8fraccionamiento-las-jarretaderas-nayarit-29496114#pagina=15&tipos=casas-venta&area=nayarit&pos=6
Nayarit,15,"$2,199,000
USD","Se vende casa en , Col. Nuevo Vallarta, Bahía de Banderas, Nayarit, México, C.P. 63735, ID: 27191963",4 Recámaras | 6 Baños | 724 m 2,https://propiedades.com/inmuebles/casa-en-venta-nuevo-vallarta-nayarit-27191963#pagina=15&tipos=casas-venta&area=nayarit&pos=7
Nayarit,15,"$2,050,000
MXN","Casa en venta disponible en Avenida Los Mangos #101, Col. Los Mangos, Bahía de Banderas, Nayarit, México, C.P. 63738, ID: 26888569",3 Recámaras | 3 Baños | 85 m 2,https://propiedades.com/inmuebles/casa-en-venta-avenida-los-mangos-101-los-mangos-nayarit-26888569#pagina=15&tipos=casas-venta&area=nayarit&pos=8
Nayarit,15,"$3,400,000
MXN","Casa en venta, Cto. de los ÁngelesValle Dorado63735 MezcalesNay., Col. Rincón del Cielo, Bahía de Banderas, Nayarit, México, C.P. 63735, ID: 30108377",3 Recámaras | 2 Baños | 102 m 2,https://propiedades.com/inmuebles/casa-en-venta-cto-de-los-angelesvalle-dorado63735-mezcalesnay-rincon-del-cielo-nayarit-30108377#pagina=15&tipos=casas-venta&area=nayarit&pos=9
Nayarit,15,"$2,700,000
MXN","Venta de casa en , Col. Altavela, Bahía de Banderas, Nayarit, México, C.P. 63735, ID: 27859391",3 Recámaras | 2 Baños | 98 m 2,https://propiedades.com/inmuebles/casa-en-venta-altavela-nayarit-27859391#pagina=15&tipos=casas-venta&area=nayarit&pos=10
Nayarit,15,"$11,900,000
MXN","Casa en venta disponible en Carretera Nayarit Vallarta, Col. Cruz de Huanacaxtle, Bahía de Banderas, Nayarit, México, C.P. 63734, ID: 29846769",3 Baños | 320 m 2,https://propiedades.com/inmuebles/casa-en-venta-carretera-nayarit-vallarta-cruz-de-huanacaxtle-nayarit-29846769#pagina=15&tipos=casas-venta&area=nayarit&pos=11
Nayarit,15,"$2,900,000
MXN","Venta de casa en AV PARAÍSO ZITADELA, Col. Altavela, Bahía de Banderas, Nayarit, México, C.P. 63735, ID: 29728557",3 Recámaras | 2 Baños | 105 m 2,https://propiedades.com/inmuebles/casa-en-venta-av-paraiso-zitadela-altavela-nayarit-29728557#pagina=15&tipos=casas-venta&area=nayarit&pos=12
Nayarit,15,"$1,990,000
USD","Venta de casa en La Puntilla 9-A Fracc. La Puntilla 9-A La Cruz de Huanacaxtle, Puerto Vallarta #9-A, Col. Cruz de Huanacaxtle, Bahía de Banderas, Nayarit, México, C.P. 63734, ID: 28151304",3 Recámaras | 3 Baños | 218 m 2,https://propiedades.com/inmuebles/casa-en-venta-la-puntilla-9a-fracc-la-puntilla-9a-la-cruz-de-huanacaxtle-puerto-vallarta-9a-cruz-de-huanacaxtle-nayarit-28151304#pagina=15&tipos=casas-venta&area=nayarit&pos=13
Nayarit,15,"$948,100
MXN","Venta de casa AV. MAR NORUEGO #0, Col. Valle del Country, Tepic, Nayarit, México, C.P. 63175, ID: 27121130",3 Recámaras | 2 Baños | 170 m 2,https://propiedades.com/inmuebles/casa-en-venta-av-mar-noruego-valle-del-country-nayarit-27121130#pagina=15&tipos=casas-venta&area=nayarit&pos=14
Nayarit,15,"$799,000
USD","Se vende casa , Col. Nuevo Vallarta, Bahía de Banderas, Nayarit, México, C.P. 63735, ID: 30562800",2 Recámaras | 2 Baños | 132 m 2,https://propiedades.com/inmuebles/casa-en-venta-nuevo-vallarta-nayarit-30562800#pagina=15&tipos=casas-venta&area=nayarit&pos=15
Nayarit,15,"$5,600,000
MXN","Casa en venta, CALLE VERANO, Col. Buenos Aires, Bahía de Banderas, Nayarit, México, C.P. 63732, ID: 30683640",1 Recámara | 1 Baño | 78 m 2,https://propiedades.com/inmuebles/casa-en-venta-calle-verano-buenos-aires-nayarit-30683640#pagina=15&tipos=casas-venta&area=nayarit&pos=16
Nayarit,15,"$759,000
USD","Circuito Lagos, Col. Flamingos, Bahía de Banderas, Nayarit, México, C.P. 63732, ID: 28985331",3 Recámaras | 218 m 2,https://propiedades.com/inmuebles/casa-en-venta-circuito-lagos-flamingos-nayarit-28985331#pagina=15&tipos=casas-venta&area=nayarit&pos=17
Nayarit,15,"$13,290,000
MXN","Casa en venta disponible en Mango Paraiso #117, Col. Flamingos, Bahía de Banderas, Nayarit, México, C.P. 63732, ID: 28052846",4 Recámaras | 4 Baños | 256 m 2,https://propiedades.com/inmuebles/casa-en-venta-mango-paraiso-117-flamingos-nayarit-28052846#pagina=15&tipos=casas-venta&area=nayarit&pos=18
Nayarit,15,"$11,250,000
MXN","Venta casa en , Col. Bucerías Centro, Bahía de Banderas, Nayarit, México, C.P. 63732, ID: 30065070",4 Recámaras | 4 Baños | 250 m 2,https://propiedades.com/inmuebles/casa-en-venta-bucerias-centro-nayarit-30065070#pagina=15&tipos=casas-venta&area=nayarit&pos=19
Nayarit,15,"$2,750,000
MXN","Se vende casa , Col. Tepic Centro, Tepic, Nayarit, México, C.P. 63000, ID: 28479650",3 Recámaras | 3 Baños | 137 m 2,https://propiedades.com/inmuebles/casa-en-venta-tepic-centro-nayarit-28479650#pagina=15&tipos=casas-venta&area=nayarit&pos=20
Nayarit,15,"$14,500,000
MXN","Casa disponible en venta en Blvd. Nuevo Vallarta, Col. Nuevo Vallarta, Bahía de Banderas, Nayarit, México, C.P. 63735, ID: 30438437",4 Recámaras | 2 Baños | 293 m 2,https://propiedades.com/inmuebles/casa-en-venta-blvd-nuevo-vallarta-nuevo-vallarta-nayarit-30438437#pagina=15&tipos=casas-venta&area=nayarit&pos=21
Nayarit,15,"$2,350,000
USD","Casa en venta, Avenida Taurrima Lote Numero 10 Litibu Higuera BlancaLitibu,, Col. Punta de Mita, Bahía de Banderas, Nayarit, México, C.P. 63734, ID: 28707194",4 Recámaras | 4 Baños | 400 m 2,https://propiedades.com/inmuebles/casa-en-venta-avenida-taurrima-lote-numero-10-litibu-higuera-blancalitibu-punta-de-mita-nayarit-28707194#pagina=15&tipos=casas-venta&area=nayarit&pos=22
Nayarit,15,"$4,550,000
MXN","Casa en venta disponible en San Vicente 50, Col. Nuevo Vallarta, Bahía de Banderas, Nayarit, México, C.P. 63735, ID: 29885652",2 Recámaras | 2 Baños | 130 m 2,https://propiedades.com/inmuebles/casa-en-venta-san-vicente-50-nuevo-vallarta-nayarit-29885652#pagina=15&tipos=casas-venta&area=nayarit&pos=23
Nayarit,15,"$2,036,034
USD","Carr. Federal Cruz de Huanaclaxte, Col. Punta de Mita, Bahía de Banderas, Nayarit, México, C.P. 63734, ID: 29535153",3 Recámaras | 3 Baños | 343 m 2,https://propiedades.com/inmuebles/casa-en-venta-carr-federal-cruz-de-huanaclaxte-punta-de-mita-nayarit-29535153#pagina=15&tipos=casas-venta&area=nayarit&pos=24
Nayarit,15,"$1,421,760
MXN","Se vende casa Sin nombre de calle #0, Col. 15 de Mayo, Tepic, Nayarit, México, C.P. 63190, ID: 27114441",3 Recámaras | 2 Baños | 205 m 2,https://propiedades.com/inmuebles/casa-en-venta-sin-nombre-de-calle-15-de-mayo-nayarit-27114441#pagina=15&tipos=casas-venta&area=nayarit&pos=25
Nayarit,15,"$999,999
USD","Casa en venta, Carretera 200, Col. Cruz de Huanacaxtle, Bahía de Banderas, Nayarit, México, C.P. 63734, ID: 30500463",3 Recámaras | 3 Baños | 407 m 2,https://propiedades.com/inmuebles/casa-en-venta-carretera-200-cruz-de-huanacaxtle-nayarit-30500463#pagina=15&tipos=casas-venta&area=nayarit&pos=26
Nayarit,15,"$4,650,000
MXN",", Col. Las Jarretaderas, Bahía de Banderas, Nayarit, México, C.P. 63735, ID: 30201297",3 Recámaras | 2 Baños | 150 m 2,https://propiedades.com/inmuebles/casa-en-venta-las-jarretaderas-nayarit-30201297#pagina=15&tipos=casas-venta&area=nayarit&pos=27
Nayarit,15,"$2,750,000
MXN","Casa en venta disponible en , Col. Bahía de Banderas, Bahía de Banderas, Nayarit, México, C.P. 63737, ID: 30351189",3 Recámaras | 2 Baños | 100 m 2,https://propiedades.com/inmuebles/casa-en-venta-bahia-de-banderas-nayarit-30351189#pagina=15&tipos=casas-venta&area=nayarit&pos=28
Nayarit,15,"$6,900,000
MXN","Venta casa en Palma Real, Col. El Guamúchil, Bahía de Banderas, Nayarit, México, C.P. 63726, ID: 30397310",3 Recámaras | 3 Baños,https://propiedades.com/inmuebles/casa-en-venta-palma-real-el-guamuchil-nayarit-30397310#pagina=15&tipos=casas-venta&area=nayarit&pos=29
Nayarit,15,"$1,700,000
USD","paseo de las mariposas, Col. Nuevo Vallarta, Bahía de Banderas, Nayarit, México, C.P. 63735, ID: 26195105",5 Recámaras | 6 Baños | 548 m 2,https://propiedades.com/inmuebles/casa-en-venta-paseo-de-las-mariposas-nuevo-vallarta-nayarit-26195105#pagina=15&tipos=casas-venta&area=nayarit&pos=30
Nayarit,15,"$8,900,000
MXN","Venta casa en Héroe de Nacozari, Col. Bucerías Centro, Bahía de Banderas, Nayarit, México, C.P. 63732, ID: 28782925",2 Recámaras | 133 m 2,https://propiedades.com/inmuebles/casa-en-venta-heroe-de-nacozari-bucerias-centro-nayarit-28782925#pagina=15&tipos=casas-venta&area=nayarit&pos=31
Nayarit,15,"$4,900,000
MXN","Se vende casa , Col. Las Jarretaderas, Bahía de Banderas, Nayarit, México, C.P. 63735, ID: 28837813",3 Baños | 106 m 2,https://propiedades.com/inmuebles/casa-en-venta-las-jarretaderas-nayarit-28837813#pagina=15&tipos=casas-venta&area=nayarit&pos=32
Nayarit,15,"$3,102,000
MXN","Venta casa en , Col. El Colomo, Bahía de Banderas, Nayarit, México, C.P. 63736, ID: 28742842",3 Recámaras | 3 Baños | 118 m 2,https://propiedades.com/inmuebles/casa-en-venta-el-colomo-nayarit-28742842#pagina=15&tipos=casas-venta&area=nayarit&pos=33
Nayarit,15,"$1,750,000
USD","Venta casa en Abedul, Col. Nuevo Vallarta, Bahía de Banderas, Nayarit, México, C.P. 63735, ID: 29949572",6 Recámaras | 6 Baños | 551 m 2,https://propiedades.com/inmuebles/casa-en-venta-abedul-nuevo-vallarta-nayarit-29949572#pagina=15&tipos=casas-venta&area=nayarit&pos=34
Nayarit,15,"$11,282,051
MXN","Se vende casa , Col. Brisas, Bahía de Banderas, Nayarit, México, C.P. 63732, ID: 29003467",3 Recámaras | 2 Baños | 190 m 2,https://propiedades.com/inmuebles/casa-en-venta-brisas-nayarit-29003467#pagina=15&tipos=casas-venta&area=nayarit&pos=35
Nayarit,15,"$2,362,500
MXN","Se vende casa , Col. Bahía de Banderas, Bahía de Banderas, Nayarit, México, C.P. 63737, ID: 30351185",2 Recámaras | 1 Baño | 76 m 2,https://propiedades.com/inmuebles/casa-en-venta-bahia-de-banderas-nayarit-30351185#pagina=15&tipos=casas-venta&area=nayarit&pos=36
Nayarit,15,"$9,176,621
MXN","Casa en venta, , Col. Nuevo Vallarta, Bahía de Banderas, Nayarit, México, C.P. 63735, ID: 30351141",3 Recámaras | 2 Baños | 263 m 2,https://propiedades.com/inmuebles/casa-en-venta-nuevo-vallarta-nayarit-30351141#pagina=15&tipos=casas-venta&area=nayarit&pos=37
Nayarit,15,"$2,500,000
MXN",", Col. Bahía de Banderas, Bahía de Banderas, Nayarit, México, C.P. 63737, ID: 28395415",3 Recámaras | 2 Baños | 105 m 2,https://propiedades.com/inmuebles/casa-en-venta-bahia-de-banderas-nayarit-28395415#pagina=15&tipos=casas-venta&area=nayarit&pos=38
Nayarit,15,"$15,000,000
MXN","Venta casa en , Col. Lo de Marcos, Bahía de Banderas, Nayarit, México, C.P. 63729, ID: 29001294",6 Recámaras | 4 Baños | 276 m 2,https://propiedades.com/inmuebles/casa-en-venta-lo-de-marcos-nayarit-29001294#pagina=15&tipos=casas-venta&area=nayarit&pos=39
Nayarit,15,"$22,988,800
MXN","Venta de casa , Col. Náutico Turístico, Bahía de Banderas, Nayarit, México, C.P. 63735, ID: 30668433",4 Recámaras | 3 Baños | 798 m 2,https://propiedades.com/inmuebles/casa-en-venta-nautico-turistico-nayarit-30668433#pagina=15&tipos=casas-venta&area=nayarit&pos=40
Nayarit,15,"$5,600,000
MXN","Se vende casa en Col. Las Jarretaderas, Bahía de Banderas, Nayarit, México, C.P. 63735, ID: 29629367",3 Recámaras | 3 Baños | 173 m 2,https://propiedades.com/inmuebles/casa-en-venta-las-jarretaderas-nayarit-29629367#pagina=15&tipos=casas-venta&area=nayarit&pos=41
Nayarit,15,"$20,000,000
MXN","Casa en venta, Col. Nuevo Vallarta, Bahía de Banderas, Nayarit, México, C.P. 63735, ID: 30295232",3 Recámaras | 3 Baños | 420 m 2,https://propiedades.com/inmuebles/casa-en-venta-nuevo-vallarta-nayarit-30295232#pagina=15&tipos=casas-venta&area=nayarit&pos=42
Nayarit,15,"$12,000,000
MXN","Venta de casa , Col. Nuevo Vallarta, Bahía de Banderas, Nayarit, México, C.P. 63735, ID: 27546249",3 Recámaras | 3 Baños | 158 m 2,
Nayarit,15,"$1,399,000
MXN","Se vende casa Indio Mariano #1505, Col. Santa Cecilia, Tepic, Nayarit, México, C.P. 63089, ID: 25532813",6 Recámaras | 3 Baños | 200 m 2,https://propiedades.com/inmuebles/casa-en-venta-indio-mariano-1505-santa-cecilia-nayarit-25532813#pagina=15&tipos=casas-venta&area=nayarit&pos=44
Nayarit,15,"$8,495,000
MXN","Casa en venta disponible en , Col. Nuevo Vallarta, Bahía de Banderas, Nayarit, México, C.P. 63735, ID: 28817334",4 Recámaras | 4 Baños | 228 m 2,
Nayarit,15,"$2,950,000
MXN","Venta casa en Casa en venta en Nuevo Vallarta con 3 recamaras a minutos de la playa Aldea Hortus Bugambilia, Col. Nuevo Vallarta, Bahía de Banderas, Nayarit, México, C.P. 63735, ID: 30915275",3 Recámaras | 3 Baños | 87 m 2,https://propiedades.com/inmuebles/casa-en-venta-casa-en-venta-en-nuevo-vallarta-con-3-recamaras-a-minutos-de-la-playa-aldea-hortus-bugambilia-nuevo-vallarta-nayarit-30915275#pagina=15&tipos=casas-venta&area=nayarit&pos=46
Nayarit,15,"$12,500,000
MXN","Venta casa en , Col. Nuevo Vallarta, Bahía de Banderas, Nayarit, México, C.P. 63735, ID: 28253807",4 Recámaras | 3 Baños | 289 m 2,https://propiedades.com/inmuebles/casa-en-venta-nuevo-vallarta-nayarit-28253807#pagina=15&tipos=casas-venta&area=nayarit&pos=47
Nayarit,16,"$13,000,000
MXN","Casa en venta, Av. Buenos Aire, Col. Bucerías Centro, Bahía de Banderas, Nayarit, México, C.P. 63732, ID: 30790807",4 Recámaras | 3 Baños | 284 m 2,https://propiedades.com/inmuebles/casa-en-venta-av-buenos-aire-bucerias-centro-nayarit-30790807#pagina=16&tipos=casas-venta&area=nayarit&pos=1
Nayarit,16,"$7,650,000
MXN","Venta casa en , Col. Las Jarretaderas, Bahía de Banderas, Nayarit, México, C.P. 63735, ID: 29523206",3 Recámaras | 3 Baños | 186 m 2,https://propiedades.com/inmuebles/casa-en-venta-las-jarretaderas-nayarit-29523206#pagina=16&tipos=casas-venta&area=nayarit&pos=2
Nayarit,16,"$11,850,000
MXN","Casa en venta disponible en Mango Paraíso, Col. Flamingos, Bahía de Banderas, Nayarit, México, C.P. 63732, ID: 27031494",4 Recámaras | 4 Baños | 253 m 2,https://propiedades.com/inmuebles/casa-en-venta-mango-paraiso-flamingos-nayarit-27031494#pagina=16&tipos=casas-venta&area=nayarit&pos=3
Nayarit,16,"$11,200,000
MXN","Casa en venta, Otilio Montaño, Col. Punta de Mita, Bahía de Banderas, Nayarit, México, C.P. 63734, ID: 29447613",3 Recámaras | 3 Baños | 296 m 2,https://propiedades.com/inmuebles/casa-en-venta-otilio-montano-punta-de-mita-nayarit-29447613#pagina=16&tipos=casas-venta&area=nayarit&pos=4
Nayarit,16,"$3,436,580
MXN","rincon del cielo, Col. Rincón del Cielo, Bahía de Banderas, Nayarit, México, C.P. 63735, ID: 26358559",2 Recámaras | 2 Baños | 106 m 2,https://propiedades.com/inmuebles/casa-en-venta-rincon-del-cielo-rincon-del-cielo-nayarit-26358559#pagina=16&tipos=casas-venta&area=nayarit&pos=5
Nayarit,16,"$1,673,000
MXN","Se vende casa en , Col. Tierra y Libertad, Compostela, Nayarit, México, C.P. 63705, ID: 28597151",3 Recámaras | 2 Baños,https://propiedades.com/inmuebles/casa-en-venta-tierra-y-libertad-nayarit-28597151#pagina=16&tipos=casas-venta&area=nayarit&pos=6
Nayarit,16,"$3,900,000
MXN","Venta de casa en , Col. Caminera, Tepic, Nayarit, México, C.P. 63196, ID: 26990312",5 Recámaras | 5 Baños | 391 m 2,https://propiedades.com/inmuebles/casa-en-venta-caminera-nayarit-26990312#pagina=16&tipos=casas-venta&area=nayarit&pos=7
Nayarit,16,"$3,000,000
MXN","Se vende casa ARIES, Col. Puerta del Sol, Xalisco, Nayarit, México, C.P. 63783, ID: 30264327",3 Recámaras | 2 Baños,https://propiedades.com/inmuebles/casa-en-venta-aries-puerta-del-sol-nayarit-30264327#pagina=16&tipos=casas-venta&area=nayarit&pos=8
Nayarit,16,"$3,700,000
MXN",", Col. Las Jarretaderas, Bahía de Banderas, Nayarit, México, C.P. 63735, ID: 29918843",3 Recámaras | 2 Baños | 100 m 2,https://propiedades.com/inmuebles/casa-en-venta-las-jarretaderas-nayarit-29918843#pagina=16&tipos=casas-venta&area=nayarit&pos=9
Nayarit,16,"$3,500,000
MXN","Casa en venta, , Col. Miramar, Compostela, Nayarit, México, C.P. 63720, ID: 29062087",4 Recámaras | 3 Baños | 300 m 2,https://propiedades.com/inmuebles/casa-en-venta-miramar-nayarit-29062087#pagina=16&tipos=casas-venta&area=nayarit&pos=10
Nayarit,16,"$22,000,000
MXN","Casa disponible en venta en Col. Nuevo Vallarta, Bahía de Banderas, Nayarit, México, C.P. 63735, ID: 28331814",4 Recámaras | 4 Baños | 227 m 2,
Nayarit,16,"$3,500,000
MXN","Casa disponible en venta en 63000 Tepic, Nayarit, Col. Lomas del Encanto, Tepic, Nayarit, México, C.P. 63173, ID: 30958947",3 Recámaras | 2 Baños | 200 m 2,https://propiedades.com/inmuebles/casa-en-venta-63000-tepic-nayarit-lomas-del-encanto-nayarit-30958947#pagina=16&tipos=casas-venta&area=nayarit&pos=12
Nayarit,16,"$20,965,160
MXN","Venta de casa PRE-VENTA ACACIA EN LOS TIGRES RESIDENCIAL, Col. Nuevo Vallarta, Bahía de Banderas, Nayarit, México, C.P. 63735, ID: 28176785",4 Recámaras | 450 m 2,https://propiedades.com/inmuebles/casa-en-venta-preventa-acacia-en-los-tigres-residencial-nuevo-vallarta-nayarit-28176785#pagina=16&tipos=casas-venta&area=nayarit&pos=13
Nayarit,16,"$18,000,000
MXN","Casa en venta, PLAYA PONTOQUE, Col. Bucerías Centro, Bahía de Banderas, Nayarit, México, C.P. 63732, ID: 29930070",5 Recámaras | 4 Baños | 181 m 2,https://propiedades.com/inmuebles/casa-en-venta-playa-pontoque-bucerias-centro-nayarit-29930070#pagina=16&tipos=casas-venta&area=nayarit&pos=14
Nayarit,16,"$78,000,000
MXN","Venta de casa en Camino al Farallón, Col. Punta de Mita, Bahía de Banderas, Nayarit, México, C.P. 63734, ID: 30507754",5 Recámaras | 5 Baños | 534 m 2,https://propiedades.com/inmuebles/casa-en-venta-camino-al-farallon-punta-de-mita-nayarit-30507754#pagina=16&tipos=casas-venta&area=nayarit&pos=15
Nayarit,16,"$4,350,000
MXN",", Col. Nuevo Vallarta, Bahía de Banderas, Nayarit, México, C.P. 63735, ID: 30351162",4 Recámaras | 3 Baños | 149 m 2,https://propiedades.com/inmuebles/casa-en-venta-nuevo-vallarta-nayarit-30351162#pagina=16&tipos=casas-venta&area=nayarit&pos=16
Nayarit,16,"$1,200,000
USD","Se vende casa CARRETERRA A PUNTA DE MITA 1.2 KM, Col. Cruz de Huanacaxtle, Bahía de Banderas, Nayarit, México, C.P. 63734, ID: 29079595",4 Recámaras | 3 Baños | 248 m 2,https://propiedades.com/inmuebles/casa-en-venta-carreterra-a-punta-de-mita-12-km-cruz-de-huanacaxtle-nayarit-29079595#pagina=16&tipos=casas-venta&area=nayarit&pos=17
Nayarit,16,"$2,750,000
MXN","Casa disponible en venta en Pre Venta CENDELA Residencial, Col. Altavela, Bahía de Banderas, Nayarit, México, C.P. 63735, ID: 28176788",3 Recámaras | 105 m 2,https://propiedades.com/inmuebles/casa-en-venta-pre-venta-cendela-residencial-altavela-nayarit-28176788#pagina=16&tipos=casas-venta&area=nayarit&pos=18
Nayarit,16,"$12,500,000
MXN","Venta casa en , Col. Nuevo Vallarta, Bahía de Banderas, Nayarit, México, C.P. 63735, ID: 28104426",4 Recámaras | 3 Baños | 255 m 2,https://propiedades.com/inmuebles/casa-en-venta-nuevo-vallarta-nayarit-28104426#pagina=16&tipos=casas-venta&area=nayarit&pos=19
Nayarit,16,"$1,450,000
USD","Venta casa en Col. Nuevo Vallarta, Bahía de Banderas, Nayarit, México, C.P. 63735, ID: 28579807",6 Recámaras | 4 Baños | 433 m 2,https://propiedades.com/inmuebles/casa-en-venta-nuevo-vallarta-nayarit-28579807#pagina=16&tipos=casas-venta&area=nayarit&pos=20
Nayarit,16,"$15,400,000
MXN","Venta de casa Paseo de las Flores, Col. Nuevo Vallarta, Bahía de Banderas, Nayarit, México, C.P. 63735, ID: 30110177",4 Recámaras | 282 m 2,https://propiedades.com/inmuebles/casa-en-venta-paseo-de-las-flores-nuevo-vallarta-nayarit-30110177#pagina=16&tipos=casas-venta&area=nayarit&pos=21
Nayarit,16,"$3,102,000
MXN","Venta casa en , Col. Bahía de Banderas, Bahía de Banderas, Nayarit, México, C.P. 63737, ID: 30351190",3 Recámaras | 3 Baños | 100 m 2,https://propiedades.com/inmuebles/casa-en-venta-bahia-de-banderas-nayarit-30351190#pagina=16&tipos=casas-venta&area=nayarit&pos=22
Nayarit,16,"$13,500,000
MXN","Casa en venta disponible en Marlin, Col. Tepic Centro, Tepic, Nayarit, México, C.P. 63000, ID: 30442957",2 Recámaras | 1 Baño | 240 m 2,https://propiedades.com/inmuebles/casa-en-venta-marlin-tepic-centro-nayarit-30442957#pagina=16&tipos=casas-venta&area=nayarit&pos=23
Nayarit,16,"$650,000
MXN","Se vende casa en Siempreviva #0, Col. Jacarandas, Tepic, Nayarit, México, C.P. 63195, ID: 30318998",4 Recámaras | 3 Baños | 160 m 2,https://propiedades.com/inmuebles/casa-en-venta-siempreviva-jacarandas-nayarit-30318998#pagina=16&tipos=casas-venta&area=nayarit&pos=24
Nayarit,16,"$3,500,000
USD","Benito Juarez #6, Col. Bucerías Centro, Bahía de Banderas, Nayarit, México, C.P. 63732, ID: 994315",4 Recámaras | 4 Baños | 570 m 2,https://propiedades.com/inmuebles/casa-en-venta-benito-juarez-6-bucerias-centro-nayarit-994315#pagina=16&tipos=casas-venta&area=nayarit&pos=25
Nayarit,16,"$598,000
USD","Casa disponible en venta en Andador Destilado, Col. Buenos Aires, Bahía de Banderas, Nayarit, México, C.P. 63732, ID: 27773621",5 Recámaras | 305 m 2,https://propiedades.com/inmuebles/casa-en-venta-andador-destilado-buenos-aires-nayarit-27773621#pagina=16&tipos=casas-venta&area=nayarit&pos=26
Nayarit,16,"$11,555,000
MXN","Venta de casa , Col. Flamingos, Bahía de Banderas, Nayarit, México, C.P. 63732, ID: 30584073",3 Recámaras | 3 Baños | 306 m 2,https://propiedades.com/inmuebles/casa-en-venta-flamingos-nayarit-30584073#pagina=16&tipos=casas-venta&area=nayarit&pos=27
Nayarit,16,"$14,000,000
MXN","Venta casa en Col. Nuevo Vallarta, Bahía de Banderas, Nayarit, México, C.P. 63735, ID: 28579805",4 Recámaras | 3 Baños | 247 m 2,https://propiedades.com/inmuebles/casa-en-venta-nuevo-vallarta-nayarit-28579805#pagina=16&tipos=casas-venta&area=nayarit&pos=28
Nayarit,16,"$2,850,000
MXN","Se vende casa Calle Isla Menorca, Col. San Clemente de Lima, Bahía de Banderas, Nayarit, México, C.P. 63735, ID: 30150569",3 Recámaras | 97 m 2,https://propiedades.com/inmuebles/casa-en-venta-calle-isla-menorca-san-clemente-de-lima-nayarit-30150569#pagina=16&tipos=casas-venta&area=nayarit&pos=29
Nayarit,16,"$4,500,000
MXN","Paseo de los bosques #176, Col. Bonaterra, Tepic, Nayarit, México, C.P. 63194, ID: 29167346",3 Recámaras | 2 Baños | 240 m 2,https://propiedades.com/inmuebles/casa-en-venta-paseo-de-los-bosques-176-bonaterra-nayarit-29167346#pagina=16&tipos=casas-venta&area=nayarit&pos=30
Nayarit,16,"$3,900,000
MXN","Casa en venta, Sierra de Alica #59, Col. Jardines de La Cruz, Tepic, Nayarit, México, C.P. 63168, ID: 27449599",4 Recámaras | 4 Baños | 433 m 2,https://propiedades.com/inmuebles/casa-en-venta-sierra-de-alica-59-jardines-de-la-cruz-nayarit-27449599#pagina=16&tipos=casas-venta&area=nayarit&pos=31
Nayarit,16,"$4,300,000
MXN","Venta casa en Coto Lluvia Rincon del Cielo, Col. Rincón del Cielo, Bahía de Banderas, Nayarit, México, C.P. 63735, ID: 27885883",3 Recámaras | 2 Baños | 160 m 2,https://propiedades.com/inmuebles/casa-en-venta-coto-lluvia-rincon-del-cielo-rincon-del-cielo-nayarit-27885883#pagina=16&tipos=casas-venta&area=nayarit&pos=32
Nayarit,16,"$1,920,000
MXN","Casa en venta disponible en , Col. Tierra y Libertad, Compostela, Nayarit, México, C.P. 63705, ID: 28597149",3 Recámaras | 2 Baños,https://propiedades.com/inmuebles/casa-en-venta-tierra-y-libertad-nayarit-28597149#pagina=16&tipos=casas-venta&area=nayarit&pos=33
Nayarit,16,"$1,390,000
USD","Venta de casa en , Col. Nuevo Vallarta, Bahía de Banderas, Nayarit, México, C.P. 63735, ID: 30351137",4 Recámaras | 4 Baños | 305 m 2,
Nayarit,16,"$2,400,000
MXN","Venta de casa en , Col. El Armadillo, Tepic, Nayarit, México, C.P. 63194, ID: 28042320",4 Recámaras | 3 Baños | 105 m 2,https://propiedades.com/inmuebles/casa-en-venta-el-armadillo-nayarit-28042320#pagina=16&tipos=casas-venta&area=nayarit&pos=35
Nayarit,16,"$6,550,000
MXN","Casa en venta disponible en Camaron, Col. Cruz de Huanacaxtle, Bahía de Banderas, Nayarit, México, C.P. 63734, ID: 29107154",3 Recámaras | 226 m 2,https://propiedades.com/inmuebles/casa-en-venta-camaron-cruz-de-huanacaxtle-nayarit-29107154#pagina=16&tipos=casas-venta&area=nayarit&pos=36
Nayarit,16,"$1,750,000
USD",", Col. Nuevo Vallarta, Bahía de Banderas, Nayarit, México, C.P. 63735, ID: 29930768",4 Recámaras | 6 Baños | 539 m 2,https://propiedades.com/inmuebles/casa-en-venta-nuevo-vallarta-nayarit-29930768#pagina=16&tipos=casas-venta&area=nayarit&pos=37
Nayarit,16,"$12,250,000
MXN","Paseo de los Flamingos, Col. Flamingos, Bahía de Banderas, Nayarit, México, C.P. 63732, ID: 30324228",3 Recámaras | 262 m 2,https://propiedades.com/inmuebles/casa-en-venta-paseo-de-los-flamingos-flamingos-nayarit-30324228#pagina=16&tipos=casas-venta&area=nayarit&pos=38
Nayarit,16,"$8,250,000
MXN","Casa disponible en venta en , Col. Flamingos, Bahía de Banderas, Nayarit, México, C.P. 63732, ID: 30181789",4 Recámaras | 4 Baños | 236 m 2,https://propiedades.com/inmuebles/casa-en-venta-flamingos-nayarit-30181789#pagina=16&tipos=casas-venta&area=nayarit&pos=39
Nayarit,16,"$8,800,000
MXN","Venta de casa , Col. Las Jarretaderas, Bahía de Banderas, Nayarit, México, C.P. 63735, ID: 28450037",3 Recámaras | 2 Baños | 240 m 2,https://propiedades.com/inmuebles/casa-en-venta-las-jarretaderas-nayarit-28450037#pagina=16&tipos=casas-venta&area=nayarit&pos=40
Nayarit,16,"$7,900,000
MXN","Avenida Nuevo Vallarta #10, Col. Rinconada de Banderas, Bahía de Banderas, Nayarit, México, C.P. 63735, ID: 27774117",3 Recámaras | 3 Baños | 158 m 2,https://propiedades.com/inmuebles/casa-en-venta-avenida-nuevo-vallarta-10-rinconada-de-banderas-nayarit-27774117#pagina=16&tipos=casas-venta&area=nayarit&pos=41
Nayarit,16,"$15,000,000
MXN","Casa en venta disponible en , Col. Nuevo Vallarta, Bahía de Banderas, Nayarit, México, C.P. 63735, ID: 30368030",4 Recámaras | 5 Baños | 280 m 2,
Nayarit,16,"$2,700,000
MXN","Venta de casa en Las Palmas, Col. Valle Dorado, Bahía de Banderas, Nayarit, México, C.P. 63735, ID: 28176775",4 Recámaras | 166 m 2,https://propiedades.com/inmuebles/casa-en-venta-las-palmas-valle-dorado-nayarit-28176775#pagina=16&tipos=casas-venta&area=nayarit&pos=43
Nayarit,16,"$3,700,000
MXN","Venta de casa San Vicente Calle Emiliano Zapata, Col. San Vicente, Bahía de Banderas, Nayarit, México, C.P. 63737, ID: 28176821",4 Recámaras | 149 m 2,https://propiedades.com/inmuebles/casa-en-venta-san-vicente-calle-emiliano-zapata-san-vicente-nayarit-28176821#pagina=16&tipos=casas-venta&area=nayarit&pos=44
Nayarit,16,"$4,900,000
MXN","Venta de casa , Col. Las Jarretaderas, Bahía de Banderas, Nayarit, México, C.P. 63735, ID: 27160759",3 Recámaras | 2 Baños | 150 m 2,https://propiedades.com/inmuebles/casa-en-venta-las-jarretaderas-nayarit-27160759#pagina=16&tipos=casas-venta&area=nayarit&pos=45
Nayarit,16,"$3,990,000
MXN","C, Col. Tepic Centro, Tepic, Nayarit, México, C.P. 63000, ID: 28431877",4 Recámaras | 3 Baños | 356 m 2,https://propiedades.com/inmuebles/casa-en-venta-c-tepic-centro-nayarit-28431877#pagina=16&tipos=casas-venta&area=nayarit&pos=46
Nayarit,16,"$1,950,000
USD","Venta de casa Flamingos #54, Col. Nuevo Vallarta, Bahía de Banderas, Nayarit, México, C.P. 63735, ID: 29469768",5 Recámaras | 8 Baños | 682 m 2,https://propiedades.com/inmuebles/casa-en-venta-flamingos-54-nuevo-vallarta-nayarit-29469768#pagina=16&tipos=casas-venta&area=nayarit&pos=47
Nayarit,17,"$14,500,000
MXN","Col. Cruz de Huanacaxtle, Bahía de Banderas, Nayarit, México, C.P. 63734, ID: 28588122",3 Recámaras | 3 Baños | 250 m 2,
Nayarit,17,"$3,000,000
MXN","Venta casa en Mantarraya, Col. Las Brisas, Tepic, Nayarit, México, C.P. 63117, ID: 26365440",2 Recámaras | 2 Baños | 230 m 2,https://propiedades.com/inmuebles/casa-en-venta-mantarraya-las-brisas-nayarit-26365440#pagina=17&tipos=casas-venta&area=nayarit&pos=2
Nayarit,17,"$12,500,000
MXN","Blvrd. Riviera Nayarit km1, Col. Cruz de Huanacaxtle, Bahía de Banderas, Nayarit, México, C.P. 63734, ID: 30242470",4 Recámaras | 5 Baños | 390 m 2,https://propiedades.com/inmuebles/casa-en-venta-blvrd-riviera-nayarit-km1-cruz-de-huanacaxtle-nayarit-30242470#pagina=17&tipos=casas-venta&area=nayarit&pos=3
Nayarit,17,"$12,330,000
MXN","Venta de casa en Constituyentes 22, Flamingos, Bucerías, Nay. #22, Col. Bucerías Centro, Bahía de Banderas, Nayarit, México, C.P. 63732, ID: 28151620",4 Recámaras | 3 Baños | 287 m 2,https://propiedades.com/inmuebles/casa-en-venta-constituyentes-22-flamingos-bucerias-nay-22-bucerias-centro-nayarit-28151620#pagina=17&tipos=casas-venta&area=nayarit&pos=4
Nayarit,17,"$27,000,000
MXN","Venta de casa en Punta Pelicanos, Col. Cruz de Huanacaxtle, Bahía de Banderas, Nayarit, México, C.P. 63734, ID: 29943220",4 Recámaras | 362 m 2,https://propiedades.com/inmuebles/casa-en-venta-punta-pelicanos-cruz-de-huanacaxtle-nayarit-29943220#pagina=17&tipos=casas-venta&area=nayarit&pos=5
Nayarit,17,"$990,000
USD","Venta casa en Av. México, Col. Nuevo Vallarta, Bahía de Banderas, Nayarit, México, C.P. 63735, ID: 29549937",5 Recámaras | 5 Baños | 485 m 2,https://propiedades.com/inmuebles/casa-en-venta-av-mexico-nuevo-vallarta-nayarit-29549937#pagina=17&tipos=casas-venta&area=nayarit&pos=6
Nayarit,17,"$649,900
USD","Venta casa en 5 Calle Valadao #5, Col. San Ignacio, Bahía de Banderas, Nayarit, México, C.P. 63728, ID: 27706372",3 Recámaras | 3 Baños | 163 m 2,https://propiedades.com/inmuebles/casa-en-venta-5-calle-valadao-5-san-ignacio-nayarit-27706372#pagina=17&tipos=casas-venta&area=nayarit&pos=7
Nayarit,17,"$6,000,000
MXN","Venta casa en Refugio del Armadillo #119, Col. Mezcales, Bahía de Banderas, Nayarit, México, C.P. 63735, ID: 30343758",3 Recámaras | 3 Baños | 245 m 2,https://propiedades.com/inmuebles/casa-en-venta-refugio-del-armadillo-119-mezcales-nayarit-30343758#pagina=17&tipos=casas-venta&area=nayarit&pos=8
Nayarit,17,"$8,800,000
MXN","Se vende casa , Col. Las Jarretaderas, Bahía de Banderas, Nayarit, México, C.P. 63735, ID: 28920732",3 Recámaras | 4 Baños | 279 m 2,https://propiedades.com/inmuebles/casa-en-venta-las-jarretaderas-nayarit-28920732#pagina=17&tipos=casas-venta&area=nayarit&pos=9
Nayarit,17,"$8,350,000
MXN","Venta de casa Acacia, Col. San Juan, Tepic, Nayarit, México, C.P. 63130, ID: 13989579",5 Recámaras | 6 Baños | 400 m 2,https://propiedades.com/inmuebles/casa-en-venta-acacia-san-juan-nayarit-13989579#pagina=17&tipos=casas-venta&area=nayarit&pos=10
Nayarit,17,"$800,000
USD","Venta de casa en S/N, Col. Flamingos, Bahía de Banderas, Nayarit, México, C.P. 63732, ID: 29860356",4 Recámaras | 4 Baños | 300 m 2,https://propiedades.com/inmuebles/casa-en-venta-sn-flamingos-nayarit-29860356#pagina=17&tipos=casas-venta&area=nayarit&pos=11
Nayarit,17,"$8,200,000
MXN","Avenida Mexico, Col. Nuevo Vallarta, Bahía de Banderas, Nayarit, México, C.P. 63735, ID: 30212010",3 Recámaras | 3 Baños | 174 m 2,https://propiedades.com/inmuebles/casa-en-venta-avenida-mexico-nuevo-vallarta-nayarit-30212010#pagina=17&tipos=casas-venta&area=nayarit&pos=12
Nayarit,17,"$449,500
USD","Venta de casa en Estaciones #1835, Col. Buenos Aires, Bahía de Banderas, Nayarit, México, C.P. 63732, ID: 29179642",3 Recámaras | 4 Baños | 202 m 2,https://propiedades.com/inmuebles/casa-en-venta-estaciones-1835-buenos-aires-nayarit-29179642#pagina=17&tipos=casas-venta&area=nayarit&pos=13
Nayarit,17,"$8,100,000
MXN","Casa en venta, , Col. Nuevo Vallarta, Bahía de Banderas, Nayarit, México, C.P. 63735, ID: 27160738",3 Recámaras | 3 Baños | 202 m 2,https://propiedades.com/inmuebles/casa-en-venta-nuevo-vallarta-nayarit-27160738#pagina=17&tipos=casas-venta&area=nayarit&pos=14
Nayarit,17,"$12,800,000
MXN","Casa en venta, , Col. Nuevo Vallarta, Bahía de Banderas, Nayarit, México, C.P. 63735, ID: 30516533",280 m 2,https://propiedades.com/inmuebles/casa-en-venta-nuevo-vallarta-nayarit-30516533#pagina=17&tipos=casas-venta&area=nayarit&pos=15
Nayarit,17,"$3,300,000
MXN","Casa disponible en venta en , Col. Rincón del Cielo, Bahía de Banderas, Nayarit, México, C.P. 63735, ID: 29984634",2 Recámaras | 2 Baños | 117 m 2,https://propiedades.com/inmuebles/casa-en-venta-rincon-del-cielo-nayarit-29984634#pagina=17&tipos=casas-venta&area=nayarit&pos=16
Nayarit,17,"$4,250,000
MXN","Venta de casa 14 Independencia, Col. Las Jarretaderas, Bahía de Banderas, Nayarit, México, C.P. 63735, ID: 30166022",3 Recámaras | 2 Baños | 113 m 2,https://propiedades.com/inmuebles/casa-en-venta-14-independencia-las-jarretaderas-nayarit-30166022#pagina=17&tipos=casas-venta&area=nayarit&pos=17
Nayarit,17,"$5,300,000
MXN","Venta de casa en circuito concha #302, Col. Terralta, Bahía de Banderas, Nayarit, México, C.P. 63732, ID: 30701843",3 Recámaras | 2 Baños | 101 m 2,https://propiedades.com/inmuebles/casa-en-venta-circuito-concha-302-terralta-nayarit-30701843#pagina=17&tipos=casas-venta&area=nayarit&pos=18
Nayarit,17,"$4,980,000
MXN","Casa en venta disponible en ., Col. Villas de La Paz, Tepic, Nayarit, México, C.P. 63198, ID: 29321041",4 Recámaras | 2 Baños | 266 m 2,https://propiedades.com/inmuebles/casa-en-venta-villas-de-la-paz-nayarit-29321041#pagina=17&tipos=casas-venta&area=nayarit&pos=19
Nayarit,17,"$3,800,000
MXN","Casa disponible en venta en Rincón del cielo #00, Col. Rincón del Cielo, Bahía de Banderas, Nayarit, México, C.P. 63735, ID: 30595492",3 Recámaras | 2 Baños | 100 m 2,https://propiedades.com/inmuebles/casa-en-venta-rincon-del-cielo-00-rincon-del-cielo-nayarit-30595492#pagina=17&tipos=casas-venta&area=nayarit&pos=20
Nayarit,17,"$1,750,000
MXN","Casa disponible en venta en Valle de Kino, Col. Valle Dorado, Bahía de Banderas, Nayarit, México, C.P. 63735, ID: 28176804",2 Recámaras | 65 m 2,https://propiedades.com/inmuebles/casa-en-venta-valle-de-kino-valle-dorado-nayarit-28176804#pagina=17&tipos=casas-venta&area=nayarit&pos=21
Nayarit,17,"$4,250,000
MXN","Venta casa en Privada TITAN, Col. Las Ceibas, Bahía de Banderas, Nayarit, México, C.P. 63735, ID: 28176791",3 Recámaras | 126 m 2,https://propiedades.com/inmuebles/casa-en-venta-privada-titan-las-ceibas-nayarit-28176791#pagina=17&tipos=casas-venta&area=nayarit&pos=22
Nayarit,17,"$7,650,000
MXN","Venta casa en , Col. Nuevo Vallarta, Bahía de Banderas, Nayarit, México, C.P. 63735, ID: 30056971",4 Recámaras | 3 Baños | 167 m 2,https://propiedades.com/inmuebles/casa-en-venta-nuevo-vallarta-nayarit-30056971#pagina=17&tipos=casas-venta&area=nayarit&pos=23
Nayarit,17,"$5,500,000
MXN","Se vende casa en Sierra de picachos, Col. Jardines de La Cruz, Tepic, Nayarit, México, C.P. 63168, ID: 28807356",5 Recámaras | 7 Baños | 529 m 2,https://propiedades.com/inmuebles/casa-en-venta-sierra-de-picachos-jardines-de-la-cruz-nayarit-28807356#pagina=17&tipos=casas-venta&area=nayarit&pos=24
Nayarit,17,"$10,900,000
MXN","Rinconada, Col. Rinconada de Banderas, Bahía de Banderas, Nayarit, México, C.P. 63735, ID: 28141854",3 Recámaras | 4 Baños | 271 m 2,
Nayarit,17,"$14,450,000
MXN","Casa en venta, Puntillas #0, Col. Cruz de Huanacaxtle, Bahía de Banderas, Nayarit, México, C.P. 63734, ID: 29192229",3 Recámaras | 3 Baños | 279 m 2,https://propiedades.com/inmuebles/casa-en-venta-puntillas-cruz-de-huanacaxtle-nayarit-29192229#pagina=17&tipos=casas-venta&area=nayarit&pos=26
Nayarit,17,"$9,900,000
MXN","Casa en venta disponible en Col. Nuevo Vallarta, Bahía de Banderas, Nayarit, México, C.P. 63735, ID: 29734468",3 Recámaras | 2 Baños | 215 m 2,https://propiedades.com/inmuebles/casa-en-venta-nuevo-vallarta-nayarit-29734468#pagina=17&tipos=casas-venta&area=nayarit&pos=27
Nayarit,17,"$890,000
MXN","Se vende casa México Sur, Col. La Cruz, Xalisco, Nayarit, México, C.P. 63786, ID: 26641472",2 Recámaras | 1 Baño | 90 m 2,https://propiedades.com/inmuebles/casa-en-venta-mexico-sur-la-cruz-nayarit-26641472#pagina=17&tipos=casas-venta&area=nayarit&pos=28
Nayarit,17,"$2,950,000
MXN","Se vende casa , Col. Nuevo Vallarta, Bahía de Banderas, Nayarit, México, C.P. 63735, ID: 30351169",3 Recámaras | 3 Baños | 87 m 2,https://propiedades.com/inmuebles/casa-en-venta-nuevo-vallarta-nayarit-30351169#pagina=17&tipos=casas-venta&area=nayarit&pos=29
Nayarit,17,"$8,000,000
MXN","Casa en venta disponible en perla, Col. Las Brisas, Tepic, Nayarit, México, C.P. 63117, ID: 29928999",3 Recámaras | 3 Baños,https://propiedades.com/inmuebles/casa-en-venta-perla-las-brisas-nayarit-29928999#pagina=17&tipos=casas-venta&area=nayarit&pos=30
Nayarit,17,"$14,500,000
MXN","LA CRUZ DE HUANACAXTLE #NUMERO 29, Col. Cruz de Huanacaxtle, Bahía de Banderas, Nayarit, México, C.P. 63734, ID: 28895503",3 Recámaras | 3 Baños | 279 m 2,https://propiedades.com/inmuebles/casa-en-venta-la-cruz-de-huanacaxtle-numero-29-cruz-de-huanacaxtle-nayarit-28895503#pagina=17&tipos=casas-venta&area=nayarit&pos=31
Nayarit,17,"$2,650,000
MXN","Se vende casa Coto IBIZA, Col. Altavela, Bahía de Banderas, Nayarit, México, C.P. 63735, ID: 28413562",3 Recámaras | 97 m 2,https://propiedades.com/inmuebles/casa-en-venta-coto-ibiza-altavela-nayarit-28413562#pagina=17&tipos=casas-venta&area=nayarit&pos=32
Nayarit,17,"$275,000
USD",", Col. Nuevo Vallarta, Bahía de Banderas, Nayarit, México, C.P. 63735, ID: 30330210",3 Recámaras | 2 Baños | 131 m 2,
Nayarit,17,"$2,995,000
MXN",", Col. Las Ceibas, Bahía de Banderas, Nayarit, México, C.P. 63735, ID: 30376710",2 Recámaras | 2 Baños | 105 m 2,https://propiedades.com/inmuebles/casa-en-venta-las-ceibas-nayarit-30376710#pagina=17&tipos=casas-venta&area=nayarit&pos=34
Nayarit,17,"$5,700,000
MXN","Casa disponible en venta en , Col. Ciudad del Valle, Tepic, Nayarit, México, C.P. 63157, ID: 25948874",3 Recámaras | 3 Baños | 350 m 2,https://propiedades.com/inmuebles/casa-en-venta-ciudad-del-valle-nayarit-25948874#pagina=17&tipos=casas-venta&area=nayarit&pos=35
Nayarit,17,"$4,980,000
MXN","Casa disponible en venta en , Col. Rincón del Cielo, Bahía de Banderas, Nayarit, México, C.P. 63735, ID: 28458022",3 Recámaras | 2 Baños | 50 m 2,https://propiedades.com/inmuebles/casa-en-venta-rincon-del-cielo-nayarit-28458022#pagina=17&tipos=casas-venta&area=nayarit&pos=36
Nayarit,17,"$7,390,000
MXN","Se vende casa en mantua #1319, Col. Bahía de Banderas, Bahía de Banderas, Nayarit, México, C.P. 63737, ID: 29498878",4 Recámaras | 3 Baños | 175 m 2,https://propiedades.com/inmuebles/casa-en-venta-mantua-1319-bahia-de-banderas-nayarit-29498878#pagina=17&tipos=casas-venta&area=nayarit&pos=37
Nayarit,17,"$8,573,000
MXN","Venta casa en Avenida México #510, Col. Las Jarretaderas, Bahía de Banderas, Nayarit, México, C.P. 63735, ID: 29205866",4 Recámaras | 3 Baños | 269 m 2,https://propiedades.com/inmuebles/casa-en-venta-avenida-mexico-510-las-jarretaderas-nayarit-29205866#pagina=17&tipos=casas-venta&area=nayarit&pos=38
Nayarit,17,"$2,700,000
MXN","Venta de casa en , Col. Altavela, Bahía de Banderas, Nayarit, México, C.P. 63735, ID: 28108962",3 Recámaras | 2 Baños | 98 m 2,https://propiedades.com/inmuebles/casa-en-venta-altavela-nayarit-28108962#pagina=17&tipos=casas-venta&area=nayarit&pos=39
Nayarit,17,"$3,300,000
MXN","Casa en venta disponible en , Col. Valle de San José, Bahía de Banderas, Nayarit, México, C.P. 63737, ID: 24686314",3 Recámaras | 3 Baños | 121 m 2,https://propiedades.com/inmuebles/casa-en-venta-valle-de-san-jose-nayarit-24686314#pagina=17&tipos=casas-venta&area=nayarit&pos=40
Nayarit,17,"$4,500,000
MXN","Casa disponible en venta en Valle dorado, Col. Valle Dorado, Bahía de Banderas, Nayarit, México, C.P. 63735, ID: 29744893",3 Recámaras | 2 Baños | 140 m 2,https://propiedades.com/inmuebles/casa-en-venta-valle-dorado-valle-dorado-nayarit-29744893#pagina=17&tipos=casas-venta&area=nayarit&pos=41
Nayarit,17,"$3,850,000
MXN","Venta de casa Minerva, Col. Las Ceibas, Bahía de Banderas, Nayarit, México, C.P. 63735, ID: 29038877",3 Recámaras | 4 Baños,https://propiedades.com/inmuebles/casa-en-venta-minerva-las-ceibas-nayarit-29038877#pagina=17&tipos=casas-venta&area=nayarit&pos=42
Nayarit,17,"$1,990,000
MXN","Casa disponible en venta en , Col. Tepic Centro, Tepic, Nayarit, México, C.P. 63000, ID: 30512198",4 Recámaras | 2 Baños,https://propiedades.com/inmuebles/casa-en-venta-tepic-centro-nayarit-30512198#pagina=17&tipos=casas-venta&area=nayarit&pos=43
Nayarit,17,"$2,950,000
MXN","Venta de casa Av Independencia, Col. Simancas, Tepic, Nayarit, México, C.P. 63177, ID: 25705481",3 Recámaras | 2 Baños | 554 m 2,https://propiedades.com/inmuebles/casa-en-venta-av-independencia-simancas-nayarit-25705481#pagina=17&tipos=casas-venta&area=nayarit&pos=44
Nayarit,17,"$3,400,000
MXN","Venta de casa CIRCUITO MALLORCA ISLA ÁGUILA, Col. Mezcales, Bahía de Banderas, Nayarit, México, C.P. 63735, ID: 29775270",2 Recámaras | 3 Baños | 163 m 2,https://propiedades.com/inmuebles/casa-en-venta-circuito-mallorca-isla-aguila-mezcales-nayarit-29775270#pagina=17&tipos=casas-venta&area=nayarit&pos=45
Nayarit,17,"$1,550,000
MXN","Casa disponible en venta en Sin nombre de calle, Col. Villas de la Laguna, Tepic, Nayarit, México, C.P. 63037, ID: 30862466",3 Recámaras | 4 Baños | 126 m 2,https://propiedades.com/inmuebles/casa-en-venta-sin-nombre-de-calle-villas-de-la-laguna-nayarit-30862466#pagina=17&tipos=casas-venta&area=nayarit&pos=46
Nayarit,17,"$410,381
MXN","Casa en venta disponible en AGUA MARINA #0, Col. Villas de La Cantera, Tepic, Nayarit, México, C.P. 63173, ID: 28099262",2 Recámaras | 1 Baño | 105 m 2,
Nayarit,18,"$1,018,000
MXN","Venta de casa en Cto. Mar de Escocia, Valle del Country, 63175 Tepic, Nay., Col. Valle del Country, Tepic, Nayarit, México, C.P. 63175, ID: 30448782",2 Recámaras | 1 Baño | 96 m 2,https://propiedades.com/inmuebles/casa-en-venta-cto-mar-de-escocia-valle-del-country-63175-tepic-nay-valle-del-country-nayarit-30448782#pagina=18&tipos=casas-venta&area=nayarit&pos=1
Nayarit,18,"$10,900,000
MXN","Se vende casa en Rinconada #55, Col. Rinconada de Banderas, Bahía de Banderas, Nayarit, México, C.P. 63735, ID: 27552093",4 Recámaras | 4 Baños | 217 m 2,https://propiedades.com/inmuebles/casa-en-venta-rinconada-55-rinconada-de-banderas-nayarit-27552093#pagina=18&tipos=casas-venta&area=nayarit&pos=2
Nayarit,18,"$2,000,000
MXN","Casa en venta, Valle de las Margaritas #303, Col. Los Encantos, Bahía de Banderas, Nayarit, México, C.P. 63735, ID: 28780457",2 Recámaras | 1 Baño | 65 m 2,https://propiedades.com/inmuebles/casa-en-venta-valle-de-las-margaritas-303-los-encantos-nayarit-28780457#pagina=18&tipos=casas-venta&area=nayarit&pos=3
Nayarit,18,"$1,400,000
MXN","Los Sauces, Tepic, Nayarit, Col. Los Sauces, Tepic, Nayarit, México, C.P. 63197, ID: 26368395",3 Recámaras | 3 Baños | 90 m 2,https://propiedades.com/inmuebles/casa-en-venta-los-sauces-tepic-nayarit-los-sauces-nayarit-26368395#pagina=18&tipos=casas-venta&area=nayarit&pos=4
Nayarit,18,"$11,800,000
MXN","Venta de casa en Col. Nuevo Vallarta, Bahía de Banderas, Nayarit, México, C.P. 63735, ID: 29734469",4 Recámaras | 4 Baños | 305 m 2,https://propiedades.com/inmuebles/casa-en-venta-nuevo-vallarta-nayarit-29734469#pagina=18&tipos=casas-venta&area=nayarit&pos=5
Nayarit,18,"$2,600,000
MXN","Se vende casa Nuevo Nayarit, Col. Haciendas de San Vicente, Bahía de Banderas, Nayarit, México, C.P. 63737, ID: 30275305",2 Recámaras | 1 Baño | 51 m 2,https://propiedades.com/inmuebles/casa-en-venta-nuevo-nayarit-haciendas-de-san-vicente-nayarit-30275305#pagina=18&tipos=casas-venta&area=nayarit&pos=6
Nayarit,18,"$9,900,000
MXN","Venta de casa en Refugio Del Armadilloera #132, Col. Mezcales, Bahía de Banderas, Nayarit, México, C.P. 63735, ID: 29498808",4 Recámaras | 4 Baños | 267 m 2,https://propiedades.com/inmuebles/casa-en-venta-refugio-del-armadilloera-132-mezcales-nayarit-29498808#pagina=18&tipos=casas-venta&area=nayarit&pos=7
Nayarit,18,"$8,657,190
MXN","Casa en venta disponible en S/N, Col. Nuevo Vallarta, Bahía de Banderas, Nayarit, México, C.P. 63735, ID: 29860681",3 Recámaras | 2 Baños | 263 m 2,https://propiedades.com/inmuebles/casa-en-venta-sn-nuevo-vallarta-nayarit-29860681#pagina=18&tipos=casas-venta&area=nayarit&pos=8
Nayarit,18,"$21,300,000
MXN","Calle Quetzal, Col. Rincón de Guayabitos, Compostela, Nayarit, México, C.P. 63724, ID: 28176772",5 Recámaras | 350 m 2,https://propiedades.com/inmuebles/casa-en-venta-calle-quetzal-rincon-de-guayabitos-nayarit-28176772#pagina=18&tipos=casas-venta&area=nayarit&pos=9
Nayarit,18,"$1,500,000
MXN","Se vende casa en PANTANAL, Col. Pantanal, Xalisco, Nayarit, México, C.P. 63792, ID: 30451267",,https://propiedades.com/inmuebles/casa-en-venta-pantanal-pantanal-nayarit-30451267#pagina=18&tipos=casas-venta&area=nayarit&pos=10
Nayarit,18,"$2,350,000
MXN","AV. AVE DE PARAISO #34Int. B, Col. Mezcales, Bahía de Banderas, Nayarit, México, C.P. 63735, ID: 28037040",3 Recámaras | 3 Baños | 119 m 2,https://propiedades.com/inmuebles/casa-en-venta-av-ave-de-paraiso-34-mezcales-nayarit-28037040#pagina=18&tipos=casas-venta&area=nayarit&pos=11
Nayarit,18,"$1,580,000
MXN","., Col. Reforma, Tepic, Nayarit, México, C.P. 63038, ID: 24779282",5 Recámaras | 2 Baños | 198 m 2,https://propiedades.com/inmuebles/casa-en-venta-reforma-nayarit-24779282#pagina=18&tipos=casas-venta&area=nayarit&pos=12
Nayarit,18,"$610,000
MXN","Venta de casa ahuacatlan #11, Col. Morelos, Tepic, Nayarit, México, C.P. 63160, ID: 29084846",3 Recámaras | 2 Baños | 110 m 2,https://propiedades.com/inmuebles/casa-en-venta-ahuacatlan-11-morelos-nayarit-29084846#pagina=18&tipos=casas-venta&area=nayarit&pos=13
Nayarit,18,"$2,800,000
MXN","Casa en venta, La Minerva, Col. Las Ceibas, Bahía de Banderas, Nayarit, México, C.P. 63735, ID: 31000187",2 Recámaras | 72 m 2,https://propiedades.com/inmuebles/casa-en-venta-la-minerva-las-ceibas-nayarit-31000187#pagina=18&tipos=casas-venta&area=nayarit&pos=14
Nayarit,18,"$2,500,000
MXN","Se vende casa en Colinas del Valle, Tepic, Nayarit, Col. Colinas del Valle, Tepic, Nayarit, México, C.P. 63173, ID: 23836721",4 Recámaras | 3 Baños | 180 m 2,https://propiedades.com/inmuebles/casa-en-venta-colinas-del-valle-tepic-nayarit-colinas-del-valle-nayarit-23836721#pagina=18&tipos=casas-venta&area=nayarit&pos=15
Nayarit,18,"$375,000
USD","Pez Vela, Col. Cruz de Huanacaxtle, Bahía de Banderas, Nayarit, México, C.P. 63734, ID: 30530902",4 Recámaras | 242 m 2,https://propiedades.com/inmuebles/casa-en-venta-pez-vela-cruz-de-huanacaxtle-nayarit-30530902#pagina=18&tipos=casas-venta&area=nayarit&pos=16
Nayarit,18,"$3,400,000
MXN","Calle puma 1502 #1502, Col. Mezcales, Bahía de Banderas, Nayarit, México, C.P. 63735, ID: 30701349",3 Recámaras | 3 Baños | 126 m 2,https://propiedades.com/inmuebles/casa-en-venta-calle-puma-1502-1502-mezcales-nayarit-30701349#pagina=18&tipos=casas-venta&area=nayarit&pos=17
Nayarit,18,"$2,750,000
MXN","Casa disponible en venta en , Col. Mezcales, Bahía de Banderas, Nayarit, México, C.P. 63735, ID: 29474534",3 Recámaras | 3 Baños | 105 m 2,https://propiedades.com/inmuebles/casa-en-venta-mezcales-nayarit-29474534#pagina=18&tipos=casas-venta&area=nayarit&pos=18
Nayarit,18,"$4,500,000
MXN","Casa en venta, Independencia #14, Col. Las Jarretaderas, Bahía de Banderas, Nayarit, México, C.P. 63735, ID: 29169418",3 Recámaras | 2 Baños | 103 m 2,https://propiedades.com/inmuebles/casa-en-venta-independencia-14-las-jarretaderas-nayarit-29169418#pagina=18&tipos=casas-venta&area=nayarit&pos=19
Nayarit,18,"$95,000,000
MXN","Se vende casa en Camino al Farallón, Col. Punta de Mita, Bahía de Banderas, Nayarit, México, C.P. 63734, ID: 30497037",5 Recámaras | 5 Baños | 534 m 2,https://propiedades.com/inmuebles/casa-en-venta-camino-al-farallon-punta-de-mita-nayarit-30497037#pagina=18&tipos=casas-venta&area=nayarit&pos=20
Nayarit,18,"$2,362,500
MXN","Venta casa en , Col. Mezcales, Bahía de Banderas, Nayarit, México, C.P. 63735, ID: 29302771",2 Recámaras | 2 Baños | 83 m 2,https://propiedades.com/inmuebles/casa-en-venta-mezcales-nayarit-29302771#pagina=18&tipos=casas-venta&area=nayarit&pos=21
Nayarit,18,"$25,000,000
MXN","Casa disponible en venta en av playa los picos, Col. Bucerías Centro, Bahía de Banderas, Nayarit, México, C.P. 63732, ID: 29930073",3 Recámaras | 3 Baños | 280 m 2,https://propiedades.com/inmuebles/casa-en-venta-av-playa-los-picos-bucerias-centro-nayarit-29930073#pagina=18&tipos=casas-venta&area=nayarit&pos=22
Nayarit,18,"$2,370,000
MXN","Casa en venta disponible en Altavela, Col. Altavela, Bahía de Banderas, Nayarit, México, C.P. 63735, ID: 28883539",3 Recámaras | 3 Baños | 91 m 2,https://propiedades.com/inmuebles/casa-en-venta-altavela-altavela-nayarit-28883539#pagina=18&tipos=casas-venta&area=nayarit&pos=23
Nayarit,18,"$6,450,000
MXN","AV. Mexico #61, Col. Nuevo Vallarta, Bahía de Banderas, Nayarit, México, C.P. 63735, ID: 28717826",2 Recámaras | 2 Baños | 106 m 2,https://propiedades.com/inmuebles/casa-en-venta-av-mexico-61-nuevo-vallarta-nayarit-28717826#pagina=18&tipos=casas-venta&area=nayarit&pos=24
Nayarit,18,"$11,282,051
MXN","Venta de casa , Col. Bucerías Centro, Bahía de Banderas, Nayarit, México, C.P. 63732, ID: 26943416",3 Recámaras | 3 Baños | 437 m 2,https://propiedades.com/inmuebles/casa-en-venta-bucerias-centro-nayarit-26943416#pagina=18&tipos=casas-venta&area=nayarit&pos=25
Nayarit,18,"$5,900,000
MXN","Sierra de picachos, Col. Jardines de La Cruz, Tepic, Nayarit, México, C.P. 63168, ID: 28883613",6 Recámaras | 5 Baños | 492 m 2,https://propiedades.com/inmuebles/casa-en-venta-sierra-de-picachos-jardines-de-la-cruz-nayarit-28883613#pagina=18&tipos=casas-venta&area=nayarit&pos=26
Nayarit,18,"$1,450,000
MXN","Venta de casa en Mar Caribe #1, Col. Altavela, Bahía de Banderas, Nayarit, México, C.P. 63735, ID: 29140921",2 Recámaras | 1 Baño | 54 m 2,https://propiedades.com/inmuebles/casa-en-venta-mar-caribe-1-altavela-nayarit-29140921#pagina=18&tipos=casas-venta&area=nayarit&pos=27
Nayarit,18,"$3,200,000
MXN","Venta casa en , Col. Puerta del Sol, Xalisco, Nayarit, México, C.P. 63783, ID: 30614449",3 Recámaras | 2 Baños | 164 m 2,https://propiedades.com/inmuebles/casa-en-venta-puerta-del-sol-nayarit-30614449#pagina=18&tipos=casas-venta&area=nayarit&pos=28
Nayarit,18,"$78,000,000
MXN","Casa en venta, Camino al Farallón, Col. Punta de Mita, Bahía de Banderas, Nayarit, México, C.P. 63734, ID: 30562581",5 Recámaras | 5 Baños | 534 m 2,https://propiedades.com/inmuebles/casa-en-venta-camino-al-farallon-punta-de-mita-nayarit-30562581#pagina=18&tipos=casas-venta&area=nayarit&pos=29
Nayarit,18,"$4,500,000
MXN","Casa en venta, Circuito arincin del cielo, Col. Rincón del Cielo, Bahía de Banderas, Nayarit, México, C.P. 63735, ID: 30783460",3 Recámaras | 2 Baños | 120 m 2,https://propiedades.com/inmuebles/casa-en-venta-circuito-arincin-del-cielo-rincon-del-cielo-nayarit-30783460#pagina=18&tipos=casas-venta&area=nayarit&pos=30
Nayarit,18,"$6,500,000
MXN","Lo de marcos, Col. Lo de Marcos, Bahía de Banderas, Nayarit, México, C.P. 63729, ID: 26284533",3 Recámaras | 3 Baños | 220 m 2,https://propiedades.com/inmuebles/casa-en-venta-lo-de-marcos-lo-de-marcos-nayarit-26284533#pagina=18&tipos=casas-venta&area=nayarit&pos=31
Nayarit,18,"$2,362,500
MXN","Venta de casa Av. Mar de Japón, Col. Altavela, Bahía de Banderas, Nayarit, México, C.P. 63735, ID: 29724001",2 Recámaras | 1 Baño | 83 m 2,
Nayarit,18,"$18,000,000
MXN","Venta de casa ROAD, Col. Bucerías Centro, Bahía de Banderas, Nayarit, México, C.P. 63732, ID: 29311558",4 Recámaras | 4 Baños | 280 m 2,https://propiedades.com/inmuebles/casa-en-venta-road-bucerias-centro-nayarit-29311558#pagina=18&tipos=casas-venta&area=nayarit&pos=33
Nayarit,18,"$613,037
MXN","ROBERTO FIERRO #0, Col. Lázaro Cárdenas, Tepic, Nayarit, México, C.P. 63500, ID: 30747062",3 Recámaras | 1 Baño | 180 m 2,https://propiedades.com/inmuebles/casa-en-venta-roberto-fierro-lazaro-cardenas-nayarit-30747062#pagina=18&tipos=casas-venta&area=nayarit&pos=34
Nayarit,18,"$4,355,120
MXN","Casa en venta disponible en , Col. Bonaterra, Tepic, Nayarit, México, C.P. 63194, ID: 31000100",3 Recámaras | 2 Baños | 256 m 2,https://propiedades.com/inmuebles/casa-en-venta-bonaterra-nayarit-31000100#pagina=18&tipos=casas-venta&area=nayarit&pos=35
Nayarit,18,"$19,500,000
MXN","Venta de casa paseo de las gaviotas, Col. Aviación, Tepic, Nayarit, México, C.P. 63190, ID: 18271187",5 Recámaras | 4 Baños | 600 m 2,https://propiedades.com/inmuebles/casa-en-venta-paseo-de-las-gaviotas-aviacion-nayarit-18271187#pagina=18&tipos=casas-venta&area=nayarit&pos=36
Nayarit,18,"$17,000,000
MXN","Casa en venta disponible en Tritón #133, Col. Las Brisas, Tepic, Nayarit, México, C.P. 63117, ID: 27474459",5 Recámaras | 5 Baños | 602 m 2,https://propiedades.com/inmuebles/casa-en-venta-triton-133-las-brisas-nayarit-27474459#pagina=18&tipos=casas-venta&area=nayarit&pos=37
Nayarit,18,"$33,000,000
MXN",", Col. Bucerías Centro, Bahía de Banderas, Nayarit, México, C.P. 63732, ID: 28056040",6 Recámaras | 6 Baños | 430 m 2,https://propiedades.com/inmuebles/casa-en-venta-bucerias-centro-nayarit-28056040#pagina=18&tipos=casas-venta&area=nayarit&pos=38
Nayarit,18,"$3,700,000
MXN","Casa en venta, mar de cortes #243, Col. Mezcales, Bahía de Banderas, Nayarit, México, C.P. 63735, ID: 30476181",3 Recámaras | 2 Baños | 100 m 2,https://propiedades.com/inmuebles/casa-en-venta-mar-de-cortes-243-mezcales-nayarit-30476181#pagina=18&tipos=casas-venta&area=nayarit&pos=39
Nayarit,18,"$2,690,000
MXN","Casa disponible en venta en Mártires 26 de Enero, Col. Genaro Vázquez, Tepic, Nayarit, México, C.P. 63174, ID: 29402744",3 Baños | 120 m 2,https://propiedades.com/inmuebles/casa-en-venta-martires-26-de-enero-genaro-vazquez-nayarit-29402744#pagina=18&tipos=casas-venta&area=nayarit&pos=40
Nayarit,18,"$513,000
MXN",", Col. Del Bosque, Tepic, Nayarit, México, C.P. 63166, ID: 29264713",3 Recámaras | 1 Baño | 150 m 2,https://propiedades.com/inmuebles/casa-en-venta-del-bosque-nayarit-29264713#pagina=18&tipos=casas-venta&area=nayarit&pos=41
Nayarit,18,"$8,130,000
MXN","Prolongación avenida México, Col. Las Jarretaderas, Bahía de Banderas, Nayarit, México, C.P. 63735, ID: 28910242",3 Recámaras | 3 Baños,https://propiedades.com/inmuebles/casa-en-venta-prolongacion-avenida-mexico-las-jarretaderas-nayarit-28910242#pagina=18&tipos=casas-venta&area=nayarit&pos=42
Nayarit,18,"$3,850,000
MXN","Se vende casa Av las ceibas #1, Col. Las Ceibas, Bahía de Banderas, Nayarit, México, C.P. 63735, ID: 29140926",3 Recámaras | 2 Baños | 126 m 2,https://propiedades.com/inmuebles/casa-en-venta-av-las-ceibas-1-las-ceibas-nayarit-29140926#pagina=18&tipos=casas-venta&area=nayarit&pos=43
Nayarit,18,"$3,350,000
MXN","Venta de casa Calle Arteaga #138, Col. Santiago Ixcuintla Centro, Santiago Ixcuintla, Nayarit, México, C.P. 63300, ID: 29167390",4 Recámaras | 1 Baño | 550 m 2,https://propiedades.com/inmuebles/casa-en-venta-calle-arteaga-138-santiago-ixcuintla-centro-nayarit-29167390#pagina=18&tipos=casas-venta&area=nayarit&pos=44
Nayarit,18,"$380,000,000
MXN","Venta de casa , Col. Bahía de Banderas, Bahía de Banderas, Nayarit, México, C.P. 63737, ID: 13482878",7 Recámaras | 7 Baños | 1486 m 2,https://propiedades.com/inmuebles/casa-en-venta-bahia-de-banderas-nayarit-13482878#pagina=18&tipos=casas-venta&area=nayarit&pos=45
Nayarit,18,"$300,000
USD","Venta de casa en , Col. Las Cabras, Compostela, Nayarit, México, C.P. 63720, ID: 29924440",4 Recámaras | 4 Baños | 189 m 2,https://propiedades.com/inmuebles/casa-en-venta-las-cabras-nayarit-29924440#pagina=18&tipos=casas-venta&area=nayarit&pos=46
Nayarit,18,"$2,950,000
MXN","Venta de casa en Lago Victoria #223, Col. Lagos del Country, Tepic, Nayarit, México, C.P. 63175, ID: 27043791",4 Recámaras | 3 Baños | 299 m 2,https://propiedades.com/inmuebles/casa-en-venta-lago-victoria-223-lagos-del-country-nayarit-27043791#pagina=18&tipos=casas-venta&area=nayarit&pos=47
Nayarit,19,"$2,075,000
MXN","Casa disponible en venta en Col. Xalisco Centro, Xalisco, Nayarit, México, C.P. 63780, ID: 30513519",2 Baños | 94 m 2,https://propiedades.com/inmuebles/casa-en-venta-xalisco-centro-nayarit-30513519#pagina=19&tipos=casas-venta&area=nayarit&pos=1
Nayarit,19,"$1,770,000
MXN","Se vende casa José Luis Sánchez, Col. Los Pinos, Santiago Ixcuintla, Nayarit, México, C.P. 63352, ID: 25217730",3 Recámaras | 3 Baños,https://propiedades.com/inmuebles/casa-en-venta-jose-luis-sanchez-los-pinos-nayarit-25217730#pagina=19&tipos=casas-venta&area=nayarit&pos=2
Nayarit,19,"$1,417,000
MXN","Casa en venta disponible en JAVIER MORENO #000, Col. Burócrata Federal, Tepic, Nayarit, México, C.P. 63156, ID: 29173460",3 Recámaras | 2 Baños | 80 m 2,https://propiedades.com/inmuebles/casa-en-venta-javier-moreno-000-burocrata-federal-nayarit-29173460#pagina=19&tipos=casas-venta&area=nayarit&pos=3
Nayarit,19,"$1,970,000
MXN","Casa en venta disponible en mar caribe #11, Col. Altavela, Bahía de Banderas, Nayarit, México, C.P. 63735, ID: 29207953",3 Recámaras | 3 Baños | 150 m 2,https://propiedades.com/inmuebles/casa-en-venta-mar-caribe-11-altavela-nayarit-29207953#pagina=19&tipos=casas-venta&area=nayarit&pos=4
Nayarit,19,"$3,700,000
MXN","Casa disponible en venta en , Col. Rincón del Cielo, Bahía de Banderas, Nayarit, México, C.P. 63735, ID: 28918860",3 Recámaras | 2 Baños | 110 m 2,https://propiedades.com/inmuebles/casa-en-venta-rincon-del-cielo-nayarit-28918860#pagina=19&tipos=casas-venta&area=nayarit&pos=5
Nayarit,19,"$4,800,000
MXN","Casa disponible en venta en Frnacisco I Madero #113, Col. Ixtlán del Río Centro, Ixtlán del Río, Nayarit, México, C.P. 63950, ID: 29167351",3 Recámaras | 2 Baños | 500 m 2,https://propiedades.com/inmuebles/casa-en-venta-frnacisco-i-madero-113-ixtlan-del-rio-centro-nayarit-29167351#pagina=19&tipos=casas-venta&area=nayarit&pos=6
Nayarit,19,"$2,550,000
MXN","Casa en venta disponible en , Col. Tepic Centro, Tepic, Nayarit, México, C.P. 63000, ID: 29517691",3 Recámaras | 2 Baños | 115 m 2,https://propiedades.com/inmuebles/casa-en-venta-tepic-centro-nayarit-29517691#pagina=19&tipos=casas-venta&area=nayarit&pos=7
Nayarit,19,"$954,000
MXN","Venta de casa fracc. los tulipanes, Col. Valle Verde 1ra. Sección, Tepic, Nayarit, México, C.P. 63035, ID: 29393995",2 Recámaras | 1 Baño | 73 m 2,https://propiedades.com/inmuebles/casa-en-venta-fracc-los-tulipanes-valle-verde-1ra-seccion-nayarit-29393995#pagina=19&tipos=casas-venta&area=nayarit&pos=8
Nayarit,19,"$3,400,000
MXN","Casa disponible en venta en Altavela, Col. Altavela, Bahía de Banderas, Nayarit, México, C.P. 63735, ID: 28897317",3 Recámaras | 3 Baños | 80 m 2,https://propiedades.com/inmuebles/casa-en-venta-altavela-altavela-nayarit-28897317#pagina=19&tipos=casas-venta&area=nayarit&pos=9
Nayarit,19,"$730,000
USD","Venta de casa en Av. Mexico #153, Col. Nuevo Vallarta, Bahía de Banderas, Nayarit, México, C.P. 63735, ID: 29469769",4 Recámaras | 4 Baños | 324 m 2,https://propiedades.com/inmuebles/casa-en-venta-av-mexico-153-nuevo-vallarta-nayarit-29469769#pagina=19&tipos=casas-venta&area=nayarit&pos=10
Nayarit,19,"$4,700,000
MXN","Casa disponible en venta en Circuito rincon del cielo, Col. Valle Dorado, Bahía de Banderas, Nayarit, México, C.P. 63735, ID: 25176279",3 Recámaras | 2 Baños | 130 m 2,https://propiedades.com/inmuebles/casa-en-venta-circuito-rincon-del-cielo-valle-dorado-nayarit-25176279#pagina=19&tipos=casas-venta&area=nayarit&pos=11
Nayarit,19,"$2,950,000
MXN","Se vende casa en José Maria menchaca #10, Col. San Antonio, Tepic, Nayarit, México, C.P. 63159, ID: 29167347",3 Recámaras | 3 Baños | 180 m 2,https://propiedades.com/inmuebles/casa-en-venta-jose-maria-menchaca-10-san-antonio-nayarit-29167347#pagina=19&tipos=casas-venta&area=nayarit&pos=12
Nayarit,19,"$318,880
USD","el quelele #314, Col. Mezcales, Bahía de Banderas, Nayarit, México, C.P. 63735, ID: 29179645",3 Recámaras | 3 Baños | 160 m 2,https://propiedades.com/inmuebles/casa-en-venta-el-quelele-314-mezcales-nayarit-29179645#pagina=19&tipos=casas-venta&area=nayarit&pos=13
Nayarit,19,"$1,485,000
MXN","Se vende casa , Col. Tierra y Libertad, Compostela, Nayarit, México, C.P. 63705, ID: 28597148",2 Recámaras | 1 Baño | 80 m 2,https://propiedades.com/inmuebles/casa-en-venta-tierra-y-libertad-nayarit-28597148#pagina=19&tipos=casas-venta&area=nayarit&pos=14
Nayarit,19,"$850,000
MXN","Casa en venta disponible en av. del paraiso #1, Col. Paraíso Vallarta, Bahía de Banderas, Nayarit, México, C.P. 63735, ID: 29140948",2 Recámaras | 1 Baño | 46 m 2,https://propiedades.com/inmuebles/casa-en-venta-av-del-paraiso-1-paraiso-vallarta-nayarit-29140948#pagina=19&tipos=casas-venta&area=nayarit&pos=15
Nayarit,19,"$1,100,000
MXN","Venta de casa Sin nombre de calle, Col. Molinos del Rey, Tepic, Nayarit, México, C.P. 63173, ID: 29167344",2 Recámaras | 1 Baño | 58 m 2,https://propiedades.com/inmuebles/casa-en-venta-sin-nombre-de-calle-molinos-del-rey-nayarit-29167344#pagina=19&tipos=casas-venta&area=nayarit&pos=16
Nayarit,19,"$2,105,000
MXN",", Col. Lomas Xalisco, Xalisco, Nayarit, México, C.P. 63780, ID: 29302769",3 Recámaras | 2 Baños,https://propiedades.com/inmuebles/casa-en-venta-lomas-xalisco-nayarit-29302769#pagina=19&tipos=casas-venta&area=nayarit&pos=17
Nayarit,19,"$4,500,000
MXN","Casa en venta, Circuito rincon del cielo, Col. Valle Dorado, Bahía de Banderas, Nayarit, México, C.P. 63735, ID: 30038323",3 Recámaras | 2 Baños | 120 m 2,https://propiedades.com/inmuebles/casa-en-venta-circuito-rincon-del-cielo-valle-dorado-nayarit-30038323#pagina=19&tipos=casas-venta&area=nayarit&pos=18
Nayarit,19,"$585,155
MXN","Casa disponible en venta en CIRCUITO JAMURCA #0, Col. San Vicente, Bahía de Banderas, Nayarit, México, C.P. 63737, ID: 28094468",3 Recámaras | 1 Baño | 115 m 2,https://propiedades.com/inmuebles/casa-en-venta-circuito-jamurca-san-vicente-nayarit-28094468#pagina=19&tipos=casas-venta&area=nayarit&pos=19
Nayarit,19,"$8,500,000
MXN","Casa disponible en venta en Primavera #29, Col. Residencial La Loma, Tepic, Nayarit, México, C.P. 63137, ID: 30661377",3 Recámaras | 4 Baños | 370 m 2,https://propiedades.com/inmuebles/casa-en-venta-primavera-29-residencial-la-loma-nayarit-30661377#pagina=19&tipos=casas-venta&area=nayarit&pos=20
Nayarit,19,"$1,750,000
MXN","santa cruz, Col. Morelos, Tepic, Nayarit, México, C.P. 63505, ID: 29761792",2 Recámaras | 2 Baños | 62 m 2,https://propiedades.com/inmuebles/casa-en-venta-santa-cruz-morelos-nayarit-29761792#pagina=19&tipos=casas-venta&area=nayarit&pos=21
Nayarit,19,"$510,000
MXN","URIBE #10, Col. Estadios, Tepic, Nayarit, México, C.P. 63109, ID: 29144231",4 Recámaras | 3 Baños | 150 m 2,https://propiedades.com/inmuebles/casa-en-venta-uribe-10-estadios-nayarit-29144231#pagina=19&tipos=casas-venta&area=nayarit&pos=22
Nayarit,19,"$10,490,000
MXN","RINCONADA #46, Col. Flamingos, Bahía de Banderas, Nayarit, México, C.P. 63732, ID: 30176434",4 Recámaras | 3 Baños | 271 m 2,https://propiedades.com/inmuebles/casa-en-venta-rinconada-46-flamingos-nayarit-30176434#pagina=19&tipos=casas-venta&area=nayarit&pos=23
Nayarit,19,"$11,200,000
MXN","Venta de casa Otilio Montaño #132-5, Col. Punta de Mita, Bahía de Banderas, Nayarit, México, C.P. 63734, ID: 29897320",3 Recámaras | 3 Baños | 295 m 2,https://propiedades.com/inmuebles/casa-en-venta-otilio-montano-1325-punta-de-mita-nayarit-29897320#pagina=19&tipos=casas-venta&area=nayarit&pos=24
Nayarit,19,"$17,000,000
MXN","Casa disponible en venta en PASEO DE LAS FLORES, Col. Nuevo Vallarta, Bahía de Banderas, Nayarit, México, C.P. 63735, ID: 26887664",5 Recámaras | 5 Baños | 500 m 2,https://propiedades.com/inmuebles/casa-en-venta-paseo-de-las-flores-nuevo-vallarta-nayarit-26887664#pagina=19&tipos=casas-venta&area=nayarit&pos=25
Nayarit,19,"$486,000
MXN","CROTOS #03, Col. Jardines del Sol, Bahía de Banderas, Nayarit, México, C.P. 63737, ID: 27177798",2 Recámaras | 1 Baño | 55 m 2,https://propiedades.com/inmuebles/casa-en-venta-crotos-03-jardines-del-sol-nayarit-27177798#pagina=19&tipos=casas-venta&area=nayarit&pos=26
Nayarit,19,"$1,990,000
MXN","Casa disponible en venta en , Col. Las Flores, Tepic, Nayarit, México, C.P. 63067, ID: 30276052",5 Recámaras | 2 Baños,https://propiedades.com/inmuebles/casa-en-venta-las-flores-nayarit-30276052#pagina=19&tipos=casas-venta&area=nayarit&pos=27
Nayarit,19,"$1,750,000
MXN","Casa en venta disponible en av los mangos #1, Col. Los Palmares San Vicente, Bahía de Banderas, Nayarit, México, C.P. 63737, ID: 29140904",3 Recámaras | 3 Baños | 81 m 2,https://propiedades.com/inmuebles/casa-en-venta-av-los-mangos-1-los-palmares-san-vicente-nayarit-29140904#pagina=19&tipos=casas-venta&area=nayarit&pos=28
Nayarit,19,"$1,070,820
MXN","Venta de casa CIRCUITO MORFEO #137, Col. Las Ceibas, Bahía de Banderas, Nayarit, México, C.P. 63735, ID: 29177289",3 Recámaras | 2 Baños | 110 m 2,https://propiedades.com/inmuebles/casa-en-venta-circuito-morfeo-137-las-ceibas-nayarit-29177289#pagina=19&tipos=casas-venta&area=nayarit&pos=29
Nayarit,19,"$335,000
USD","Av. Rincón del Cielo #5, Col. Rincón del Cielo, Bahía de Banderas, Nayarit, México, C.P. 63735, ID: 28131200",3 Recámaras | 2 Baños | 113 m 2,https://propiedades.com/inmuebles/casa-en-venta-av-rincon-del-cielo-5-rincon-del-cielo-nayarit-28131200#pagina=19&tipos=casas-venta&area=nayarit&pos=30
Nayarit,19,"$454,857
MXN","Venta de casa en AVELLANOS #0, Col. El Paraíso, Tepic, Nayarit, México, C.P. 63038, ID: 28093916",2 Recámaras | 1 Baño | 100 m 2,
Nayarit,19,"$600,000
MXN","Se vende casa en CORRALON, Col. Corralón, Tepic, Nayarit, México, C.P. 63163, ID: 29144259",3 Recámaras | 2 Baños | 110 m 2,https://propiedades.com/inmuebles/casa-en-venta-corralon-corralon-nayarit-29144259#pagina=19&tipos=casas-venta&area=nayarit&pos=32
Nayarit,19,"$1,330,000
MXN","Casa disponible en venta en Carretera Pantanal, Col. El Armadillo, Tepic, Nayarit, México, C.P. 63194, ID: 29938289",2 Recámaras | 2 Baños | 90 m 2,https://propiedades.com/inmuebles/casa-en-venta-carretera-pantanal-el-armadillo-nayarit-29938289#pagina=19&tipos=casas-venta&area=nayarit&pos=33
Nayarit,19,"$800,000
USD","Casa en venta, ROAD, Col. Cruz de Huanacaxtle, Bahía de Banderas, Nayarit, México, C.P. 63734, ID: 29071459",3 Recámaras | 4 Baños | 315 m 2,https://propiedades.com/inmuebles/casa-en-venta-road-cruz-de-huanacaxtle-nayarit-29071459#pagina=19&tipos=casas-venta&area=nayarit&pos=34
Nayarit,19,"$3,700,000
MXN","Se vende casa Av. Guayabitos, Col. Rincón de Guayabitos, Compostela, Nayarit, México, C.P. 63724, ID: 25826694",3 Recámaras | 2 Baños | 195 m 2,https://propiedades.com/inmuebles/casa-en-venta-av-guayabitos-rincon-de-guayabitos-nayarit-25826694#pagina=19&tipos=casas-venta&area=nayarit&pos=35
Nayarit,19,"$8,100,000
MXN","Casa disponible en venta en Avenida MexicoInt. D5, Col. Nuevo Vallarta, Bahía de Banderas, Nayarit, México, C.P. 63735, ID: 26421663",3 Recámaras | 3 Baños | 190 m 2,https://propiedades.com/inmuebles/casa-en-venta-avenida-mexico-nuevo-vallarta-nayarit-26421663#pagina=19&tipos=casas-venta&area=nayarit&pos=36
Nayarit,19,"$2,530,000
MXN","Venta de casa ALTAVELA, Col. Altavela, Bahía de Banderas, Nayarit, México, C.P. 63735, ID: 29010401",3 Recámaras | 2 Baños,https://propiedades.com/inmuebles/casa-en-venta-altavela-altavela-nayarit-29010401#pagina=19&tipos=casas-venta&area=nayarit&pos=37
Nayarit,19,"$2,950,000
MXN","Venta de casa en Bonaterra #WHI311180, Col. Bonaterra, Tepic, Nayarit, México, C.P. 63194, ID: 28738308",3 Recámaras | 3 Baños | 145 m 2,https://propiedades.com/inmuebles/casa-en-venta-bonaterra-whi311180-bonaterra-nayarit-28738308#pagina=19&tipos=casas-venta&area=nayarit&pos=38
Nayarit,19,"$3,465,000
MXN","Casa en venta, , Col. SPAUAN, Tepic, Nayarit, México, C.P. 63115, ID: 30618159",4 Recámaras | 3 Baños | 208 m 2,https://propiedades.com/inmuebles/casa-en-venta-spauan-nayarit-30618159#pagina=19&tipos=casas-venta&area=nayarit&pos=39
Nayarit,19,"$529,000
MXN","Venta de casa en URIBE #1, Col. Estadios, Tepic, Nayarit, México, C.P. 63109, ID: 29126878",4 Recámaras | 2 Baños | 260 m 2,https://propiedades.com/inmuebles/casa-en-venta-uribe-1-estadios-nayarit-29126878#pagina=19&tipos=casas-venta&area=nayarit&pos=40
Nayarit,19,"$4,990,000
MXN","Venta de casa en Calle Guadalupe Victoria, Bucerias centro, Col. Bucerías Centro, Bahía de Banderas, Nayarit, México, C.P. 63732, ID: 29248599",3 Recámaras | 2 Baños | 198 m 2,https://propiedades.com/inmuebles/casa-en-venta-calle-guadalupe-victoria-bucerias-centro-bucerias-centro-nayarit-29248599#pagina=19&tipos=casas-venta&area=nayarit&pos=41
Nayarit,19,"$36,000,000
MXN","Casa en venta disponible en Jaguares, Col. Nuevo Vallarta, Bahía de Banderas, Nayarit, México, C.P. 63735, ID: 27897075",4 Recámaras | 5 Baños | 498 m 2,https://propiedades.com/inmuebles/casa-en-venta-jaguares-nuevo-vallarta-nayarit-27897075#pagina=19&tipos=casas-venta&area=nayarit&pos=42
Nayarit,19,"$800,000
MXN","Se vende casa av rincon del cielo #49, Col. Valle Dorado, Bahía de Banderas, Nayarit, México, C.P. 63735, ID: 29121153",3 Recámaras | 2 Baños | 130 m 2,https://propiedades.com/inmuebles/casa-en-venta-av-rincon-del-cielo-49-valle-dorado-nayarit-29121153#pagina=19&tipos=casas-venta&area=nayarit&pos=43
Nayarit,19,"$1,900,000
MXN","Se vende casa laguna santa maria #200, Col. San Vicente, Bahía de Banderas, Nayarit, México, C.P. 63737, ID: 29480568",3 Recámaras | 1 Baño | 60 m 2,https://propiedades.com/inmuebles/casa-en-venta-laguna-santa-maria-200-san-vicente-nayarit-29480568#pagina=19&tipos=casas-venta&area=nayarit&pos=44
Nayarit,19,"$265,000
USD",", Col. Mezcales, Bahía de Banderas, Nayarit, México, C.P. 63735, ID: 29135986",5 Recámaras | 3 Baños | 198 m 2,https://propiedades.com/inmuebles/casa-en-venta-mezcales-nayarit-29135986#pagina=19&tipos=casas-venta&area=nayarit&pos=45
Nayarit,19,"$1,053,000
MXN",", Col. La Esperanza, Bahía de Banderas, Nayarit, México, C.P. 63737, ID: 30547748",2 Recámaras | 1 Baño | 58 m 2,https://propiedades.com/inmuebles/casa-en-venta-la-esperanza-nayarit-30547748#pagina=19&tipos=casas-venta&area=nayarit&pos=46
Nayarit,19,"$1,200,000
MXN","Se vende casa en Emiliano Zapata (Majadas) #WHI312178, Col. Emiliano Zapata (Majadas), Xalisco, Nayarit, México, C.P. 63794, ID: 28937337",1 Recámara | 1 Baño | 68 m 2,https://propiedades.com/inmuebles/casa-en-venta-emiliano-zapata-majadas-whi312178-emiliano-zapata-majadas-nayarit-28937337#pagina=19&tipos=casas-venta&area=nayarit&pos=47
Nayarit,20,"$401,750
MXN","Casa en venta disponible en Sin nombre de calle, Col. Senderos del Monte, Tepic, Nayarit, México, C.P. 63023, ID: 26615013",3 Recámaras | 2 Baños | 75 m 2,https://propiedades.com/inmuebles/casa-en-venta-sin-nombre-de-calle-senderos-del-monte-nayarit-26615013#pagina=20&tipos=casas-venta&area=nayarit&pos=1
Nayarit,20,"$1,750,000
MXN",", Col. Tierra y Libertad, Compostela, Nayarit, México, C.P. 63705, ID: 28597150",3 Recámaras | 2 Baños,https://propiedades.com/inmuebles/casa-en-venta-tierra-y-libertad-nayarit-28597150#pagina=20&tipos=casas-venta&area=nayarit&pos=2
Nayarit,20,"$850,000
MXN","Casa disponible en venta en privada gorrion #2Int. a, Col. Mezcales, Bahía de Banderas, Nayarit, México, C.P. 63735, ID: 28037041",2 Recámaras | 1 Baño | 42 m 2,https://propiedades.com/inmuebles/casa-en-venta-privada-gorrion-2-mezcales-nayarit-28037041#pagina=20&tipos=casas-venta&area=nayarit&pos=3
Nayarit,20,"$1,500,000
MXN","Casa en venta disponible en Nudo #753, Col. Altavela, Bahía de Banderas, Nayarit, México, C.P. 63735, ID: 30576261",2 Recámaras | 1 Baño | 50 m 2,https://propiedades.com/inmuebles/casa-en-venta-nudo-753-altavela-nayarit-30576261#pagina=20&tipos=casas-venta&area=nayarit&pos=4
Nayarit,20,"$1,980,000
MXN","Se vende casa en MAPA #36, Col. Altavela, Bahía de Banderas, Nayarit, México, C.P. 63735, ID: 29454456",3 Recámaras | 2 Baños | 80 m 2,https://propiedades.com/inmuebles/casa-en-venta-mapa-36-altavela-nayarit-29454456#pagina=20&tipos=casas-venta&area=nayarit&pos=5
Nayarit,20,"$690,000
MXN","NARANJO #108, Col. La Palma, Del Nayar, Nayarit, México, C.P. 63536, ID: 27619482",3 Recámaras | 2 Baños | 250 m 2,https://propiedades.com/inmuebles/casa-en-venta-naranjo-108-la-palma-nayarit-27619482#pagina=20&tipos=casas-venta&area=nayarit&pos=6
Nayarit,20,"$1,600,000
MXN","Se vende casa en , Col. El Paraíso, Tepic, Nayarit, México, C.P. 63038, ID: 28696451",3 Recámaras | 2 Baños | 112 m 2,https://propiedades.com/inmuebles/casa-en-venta-el-paraiso-nayarit-28696451#pagina=20&tipos=casas-venta&area=nayarit&pos=7
Nayarit,20,"$2,700,000
MXN","Casa en venta, Lomas del Encanto #WHI311599, Col. Lomas del Encanto, Tepic, Nayarit, México, C.P. 63173, ID: 28826760",3 Recámaras | 2 Baños | 250 m 2,https://propiedades.com/inmuebles/casa-en-venta-lomas-del-encanto-whi311599-lomas-del-encanto-nayarit-28826760#pagina=20&tipos=casas-venta&area=nayarit&pos=8
Nayarit,20,"$2,750,000
MXN","Casa en venta, Aviacion #WHI311219, Col. Aviación, Tepic, Nayarit, México, C.P. 63190, ID: 28753050",2 Recámaras | 1 Baño | 150 m 2,https://propiedades.com/inmuebles/casa-en-venta-aviacion-whi311219-aviacion-nayarit-28753050#pagina=20&tipos=casas-venta&area=nayarit&pos=9
Nayarit,20,"$2,800,000
MXN","Casa en venta, calle apolo #102, Col. Las Ceibas, Bahía de Banderas, Nayarit, México, C.P. 63735, ID: 30432083",4 Recámaras | 3 Baños | 98 m 2,https://propiedades.com/inmuebles/casa-en-venta-calle-apolo-102-las-ceibas-nayarit-30432083#pagina=20&tipos=casas-venta&area=nayarit&pos=10
Nayarit,20,"$954,000
MXN","Venta de casa en jardines del valle #0, Col. Jardines del Valle, Tepic, Nayarit, México, C.P. 63035, ID: 29399625",2 Recámaras | 1 Baño | 73 m 2,https://propiedades.com/inmuebles/casa-en-venta-jardines-del-valle-jardines-del-valle-nayarit-29399625#pagina=20&tipos=casas-venta&area=nayarit&pos=11
Nayarit,20,"$400,000
MXN","Casa disponible en venta en DIAMANTE #73, Col. Villas de La Cantera, Tepic, Nayarit, México, C.P. 63173, ID: 29175841",2 Recámaras | 1 Baño | 100 m 2,https://propiedades.com/inmuebles/casa-en-venta-diamante-73-villas-de-la-cantera-nayarit-29175841#pagina=20&tipos=casas-venta&area=nayarit&pos=12
Nayarit,20,"$755,000
MXN","Venta de casa en NUDO #687, Col. Altavela, Bahía de Banderas, Nayarit, México, C.P. 63735, ID: 29177276",2 Recámaras | 1 Baño | 72 m 2,
Nayarit,20,"$2,150,000
MXN","Casa en venta disponible en , Col. Altavela, Bahía de Banderas, Nayarit, México, C.P. 63735, ID: 29179665",2 Recámaras | 1 Baño | 85 m 2,https://propiedades.com/inmuebles/casa-en-venta-altavela-nayarit-29179665#pagina=20&tipos=casas-venta&area=nayarit&pos=14
Nayarit,20,"$3,550,000
MXN","Venta casa en Bonaterra #WHI310490, Col. Bonaterra, Tepic, Nayarit, México, C.P. 63194, ID: 28525271",3 Recámaras | 2 Baños | 183 m 2,https://propiedades.com/inmuebles/casa-en-venta-bonaterra-whi310490-bonaterra-nayarit-28525271#pagina=20&tipos=casas-venta&area=nayarit&pos=15
Nayarit,20,"$28,000,000
MXN","Se vende casa en ABEDUL, Col. Nuevo Vallarta, Bahía de Banderas, Nayarit, México, C.P. 63735, ID: 27897076",5 Recámaras | 6 Baños | 587 m 2,https://propiedades.com/inmuebles/casa-en-venta-abedul-nuevo-vallarta-nayarit-27897076#pagina=20&tipos=casas-venta&area=nayarit&pos=16
Nayarit,20,"$2,900,000
MXN","Venta casa en Puerta del Sol #WHI312748, Col. Puerta del Sol, Xalisco, Nayarit, México, C.P. 63783, ID: 29025803",3 Recámaras | 2 Baños | 102 m 2,https://propiedades.com/inmuebles/casa-en-venta-puerta-del-sol-whi312748-puerta-del-sol-nayarit-29025803#pagina=20&tipos=casas-venta&area=nayarit&pos=17
Nayarit,20,"$1,550,000
MXN","Venta casa en 63737 San José del Valle, Nay., Col. San José, Bahía de Banderas, Nayarit, México, C.P. 63737, ID: 30854835",2 Recámaras | 1 Baño | 70 m 2,https://propiedades.com/inmuebles/casa-en-venta-63737-san-jose-del-valle-nay-san-jose-nayarit-30854835#pagina=20&tipos=casas-venta&area=nayarit&pos=18
Nayarit,20,"$4,600,000
MXN","Se vende casa en independencia, Col. Las Jarretaderas, Bahía de Banderas, Nayarit, México, C.P. 63735, ID: 30865645",3 Recámaras | 2 Baños | 150 m 2,https://propiedades.com/inmuebles/casa-en-venta-independencia-las-jarretaderas-nayarit-30865645#pagina=20&tipos=casas-venta&area=nayarit&pos=19
Nayarit,20,"$730,000
MXN","Venta casa en Valle de Aranza, Col. Valle Dorado, Bahía de Banderas, Nayarit, México, C.P. 63735, ID: 8923519",2 Recámaras | 1 Baño | 79 m 2,https://propiedades.com/inmuebles/casa-en-venta-valle-dorado-nayarit-8923519#pagina=20&tipos=casas-venta&area=nayarit&pos=20
Nayarit,20,"$800,000
MXN","Venta de casa en Barrio Chino, Col. Barrio Chino, San Blas, Nayarit, México, C.P. 63744, ID: 8762283",2 Recámaras | 2 Baños | 270 m 2,https://propiedades.com/inmuebles/casa-en-venta-barrio-chino-barrio-chino-nayarit-8762283#pagina=20&tipos=casas-venta&area=nayarit&pos=21
Nayarit,20,"$2,731,335
MXN","Casa disponible en venta en 12 Octubre, Col. San Clemente de Lima, Bahía de Banderas, Nayarit, México, C.P. 63735, ID: 30819194",3 Recámaras | 2 Baños | 108 m 2,https://propiedades.com/inmuebles/casa-en-venta-12-octubre-san-clemente-de-lima-nayarit-30819194#pagina=20&tipos=casas-venta&area=nayarit&pos=22
Nayarit,20,"$1,960,000
MXN","Casa en venta, , Col. Valle Dorado, Bahía de Banderas, Nayarit, México, C.P. 63735, ID: 30820683",3 Recámaras | 1 Baño | 67 m 2,https://propiedades.com/inmuebles/casa-en-venta-valle-dorado-nayarit-30820683#pagina=20&tipos=casas-venta&area=nayarit&pos=23
Nayarit,20,"$1,175,000
USD","Venta de casa ACACIA, Col. Nuevo Vallarta, Bahía de Banderas, Nayarit, México, C.P. 63735, ID: 29472458",4 Recámaras | 4 Baños | 448 m 2,https://propiedades.com/inmuebles/casa-en-venta-acacia-nuevo-vallarta-nayarit-29472458#pagina=20&tipos=casas-venta&area=nayarit&pos=24
Nayarit,20,"$567,000
USD","Venta casa en , Col. Mezcales, Bahía de Banderas, Nayarit, México, C.P. 63735, ID: 30580047",4 Recámaras | 4 Baños | 289 m 2,https://propiedades.com/inmuebles/casa-en-venta-mezcales-nayarit-30580047#pagina=20&tipos=casas-venta&area=nayarit&pos=25
Nayarit,20,"$5,800,000
MXN","Venta casa en playa boca de tomatlán, Col. Nuevo Vallarta, Bahía de Banderas, Nayarit, México, C.P. 63735, ID: 28742648",4 Recámaras | 3 Baños | 238 m 2,https://propiedades.com/inmuebles/casa-en-venta-playa-boca-de-tomatlan-nuevo-vallarta-nayarit-28742648#pagina=20&tipos=casas-venta&area=nayarit&pos=26
Nayarit,20,"$437,676
MXN","Casa disponible en venta en SARDINA #0, Col. San Vicente, Bahía de Banderas, Nayarit, México, C.P. 63737, ID: 28099754",3 Recámaras | 2 Baños | 100 m 2,https://propiedades.com/inmuebles/casa-en-venta-sardina-san-vicente-nayarit-28099754#pagina=20&tipos=casas-venta&area=nayarit&pos=27
Nayarit,20,"$10,300,000
MXN","Se vende casa en , Col. Flamingos, Bahía de Banderas, Nayarit, México, C.P. 63732, ID: 29734467",3 Recámaras | 3 Baños | 182 m 2,https://propiedades.com/inmuebles/casa-en-venta-flamingos-nayarit-29734467#pagina=20&tipos=casas-venta&area=nayarit&pos=28
Nayarit,20,"$513,000
MXN","Sin nombre de calle, Col. Senderos del Monte, Tepic, Nayarit, México, C.P. 63023, ID: 29247351",3 Recámaras | 2 Baños | 100 m 2,https://propiedades.com/inmuebles/casa-en-venta-sin-nombre-de-calle-senderos-del-monte-nayarit-29247351#pagina=20&tipos=casas-venta&area=nayarit&pos=29
Nayarit,20,"$2,350,000
MXN","Alabastro, Col. Villas de La Cantera, Tepic, Nayarit, México, C.P. 63173, ID: 30786882",6 Recámaras | 3 Baños | 180 m 2,https://propiedades.com/inmuebles/casa-en-venta-alabastro-villas-de-la-cantera-nayarit-30786882#pagina=20&tipos=casas-venta&area=nayarit&pos=30
Nayarit,20,"$11,890,000
MXN",", Col. 13 de Septiembre, Bahía de Banderas, Nayarit, México, C.P. 63735, ID: 27699287",3 Recámaras | 3 Baños | 264 m 2,https://propiedades.com/inmuebles/casa-en-venta-13-de-septiembre-nayarit-27699287#pagina=20&tipos=casas-venta&area=nayarit&pos=31
Nayarit,20,"$2,000,000
MXN","Venta de casa merida, Col. Tepic Centro, Tepic, Nayarit, México, C.P. 63000, ID: 29928998",3 Recámaras | 3 Baños | 233 m 2,https://propiedades.com/inmuebles/casa-en-venta-merida-tepic-centro-nayarit-29928998#pagina=20&tipos=casas-venta&area=nayarit&pos=32
Nayarit,20,"$1,905,000
MXN","Se vende casa av paraiso #500, Col. San Clemente de Lima, Bahía de Banderas, Nayarit, México, C.P. 63735, ID: 29196857",2 Recámaras | 2 Baños | 83 m 2,https://propiedades.com/inmuebles/casa-en-venta-av-paraiso-500-san-clemente-de-lima-nayarit-29196857#pagina=20&tipos=casas-venta&area=nayarit&pos=33
Nayarit,20,"$1,390,000
MXN","Casa en venta, , Col. San José del Valle, Bahía de Banderas, Nayarit, México, C.P. 63737, ID: 30480386",2 Recámaras | 1 Baño | 54 m 2,https://propiedades.com/inmuebles/casa-en-venta-san-jose-del-valle-nayarit-30480386#pagina=20&tipos=casas-venta&area=nayarit&pos=34
Nayarit,20,"$1,540,000
MXN","Se vende casa Av. palomas, Col. El Armadillo, Tepic, Nayarit, México, C.P. 63194, ID: 20861814",2 Recámaras | 1 Baño | 103 m 2,https://propiedades.com/inmuebles/casa-en-venta-av-palomas-el-armadillo-nayarit-20861814#pagina=20&tipos=casas-venta&area=nayarit&pos=35
Nayarit,20,"$2,850,000
MXN","Venta casa en Alaska #WHI311954, Col. Alaska, Tepic, Nayarit, México, C.P. 63062, ID: 28886672",3 Recámaras | 2 Baños | 140 m 2,https://propiedades.com/inmuebles/casa-en-venta-alaska-whi311954-alaska-nayarit-28886672#pagina=20&tipos=casas-venta&area=nayarit&pos=36
Nayarit,20,"$453,192
MXN","Casa en venta disponible en BLVD JARDINES DEL SOL #117, Col. Jardines del Sol, Bahía de Banderas, Nayarit, México, C.P. 63737, ID: 29176715",2 Recámaras | 1 Baño | 75 m 2,https://propiedades.com/inmuebles/casa-en-venta-blvd-jardines-del-sol-117-jardines-del-sol-nayarit-29176715#pagina=20&tipos=casas-venta&area=nayarit&pos=37
Nayarit,20,"$14,000,000
MXN","BRISAS ALISIAS #106, Col. Bahía de Banderas, Bahía de Banderas, Nayarit, México, C.P. 63737, ID: 30256319",3 Recámaras | 3 Baños | 264 m 2,https://propiedades.com/inmuebles/casa-en-venta-brisas-alisias-106-bahia-de-banderas-nayarit-30256319#pagina=20&tipos=casas-venta&area=nayarit&pos=38
Nayarit,20,"$15,895,000
MXN","Venta de casa Brisas Alisias #58, Col. Bahía de Banderas, Bahía de Banderas, Nayarit, México, C.P. 63737, ID: 30291466",3 Recámaras | 3 Baños | 279 m 2,https://propiedades.com/inmuebles/casa-en-venta-brisas-alisias-58-bahia-de-banderas-nayarit-30291466#pagina=20&tipos=casas-venta&area=nayarit&pos=39
Nayarit,20,"$5,200,000
MXN","Se vende casa 98P7+G9, 63466 Playa Novillero, Nay., Col. Novillero, Tecuala, Nayarit, México, C.P. 63440, ID: 28723812",2 Recámaras | 2 Baños | 130 m 2,https://propiedades.com/inmuebles/casa-en-venta-98p7g9-63466-playa-novillero-nay-novillero-nayarit-28723812#pagina=20&tipos=casas-venta&area=nayarit&pos=40
