Estado,Pagina_Extraida,Fecha_Consulta,Precio,Ubicacion,Caracteristicas,URL_Propiedad
Sinaloa,1,2026-04-06 03:08,"$4,900,000 MXN","Se vende casa 8G3F+8R Casi esquina con Sábalo, Sinaloa El Habal-Mazatlán, Cerritos, 82112 Mazatlán, Sin. #1400, Col. Almarena Residencial, Mazatlán, Sinaloa, México, C.P. 82112, ID: 30397118",3 Recámaras | 2 Baños | 129 m 2,https://propiedades.comhttps://propiedades.com/inmuebles/casa-en-venta-8g3f8r-casi-esquina-con-sabalo-sinaloa-el-habalmazatlan-cerritos-82112-mazatlan-sin-1400-almarena-residencial-sinaloa-30397118
Sinaloa,1,2026-04-06 03:08,"$14,500,000 MXN","El Cid, 82110 Mazatlán, Sin., Col. El Cid, Mazatlán, Sinaloa, México, C.P. 82110, ID: 30638902",4 Recámaras | 4 Baños | 387 m 2,https://propiedades.comhttps://propiedades.com/inmuebles/casa-en-venta-el-cid-82110-mazatlan-sin-el-cid-sinaloa-30638902
Sinaloa,1,2026-04-06 03:08,"$3,500,000 MXN","Casa en venta, Calle sin nombre #S/NInt. -, Col. La Bebelama de San Pedro, Navolato, Sinaloa, México, C.P. 80376, ID: 28817574",3 Recámaras | 3 Baños | 211 m 2,https://propiedades.comhttps://propiedades.com/inmuebles/casa-en-venta-calle-sin-nombre-sn-la-bebelama-de-san-pedro-sinaloa-28817574
Sinaloa,1,2026-04-06 03:08,"$1,570,000 MXN","Casa disponible en venta en La Conquista, 80058 Culiacán Rosales, Sin. #s/n, Col. La Conquista, Culiacán, Sinaloa, México, C.P. 80058, ID: 30661839",2 Recámaras | 1 Baño | 76 m 2,https://propiedades.comhttps://propiedades.com/inmuebles/casa-en-venta-la-conquista-80058-culiacan-rosales-sin-sn-la-conquista-sinaloa-30661839
Sinaloa,1,2026-04-06 03:08,"$1,500,000 MXN","Avenida Francisco Solís 3 A #3 A, Col. Sanchez Celis, Mazatlán, Sinaloa, México, C.P. 82120, ID: 29801902",1 Recámara | 1 Baño | 110 m 2,https://propiedades.comhttps://propiedades.com/inmuebles/casa-en-venta-avenida-francisco-solis-3-a-3-a-sanchez-celis-sinaloa-29801902
Sinaloa,1,2026-04-06 03:08,"$8,450,000 MXN","Se vende casa Ciudad de Reynosa #1352, Col. Las Quintas, Culiacán, Sinaloa, México, C.P. 80060, ID: 30534564",4 Recámaras | 4 Baños | 420 m 2,https://propiedades.comhttps://propiedades.com/inmuebles/casa-en-venta-ciudad-de-reynosa-1352-las-quintas-sinaloa-30534564
Sinaloa,1,2026-04-06 03:08,"$788,000 MXN","Se vende casa en Fuente de Zeus 155 #155, Col. Las Fuentes, Ahome, Sinaloa, México, C.P. 81223, ID: 29040391",4 Recámaras | 3 Baños | 230 m 2,https://propiedades.comhttps://propiedades.com/inmuebles/casa-en-venta-fuente-de-zeus-155-155-las-fuentes-sinaloa-29040391
Sinaloa,1,2026-04-06 03:08,"$665,000 MXN","Venta de casa en GARZAS #120, Col. Villas del Estero, Mazatlán, Sinaloa, México, C.P. 82156, ID: 26782595",3 Recámaras | 2 Baños | 150 m 2,https://propiedades.comNone
Sinaloa,1,2026-04-06 03:08,"$749,000 MXN","C. Tabachín 333, Alameda, 82123 Mazatlán, Sin. #333, Col. Jardines de la Alameda, Mazatlán, Sinaloa, México, C.P. 82123, ID: 30636129",4 Recámaras | 2 Baños | 330 m 2,https://propiedades.comhttps://propiedades.com/inmuebles/casa-en-venta-c-tabachin-333-alameda-82123-mazatlan-sin-333-jardines-de-la-alameda-sinaloa-30636129
Sinaloa,1,2026-04-06 03:08,"$6,900,000 MXN","Casa en venta, San Javier #207, Col. Campo Patricia, Culiacán, Sinaloa, México, C.P. 80300, ID: 29878346",2 Recámaras | 3 Baños | 150 m 2,https://propiedades.comhttps://propiedades.com/inmuebles/casa-en-venta-san-javier-207-campo-patricia-sinaloa-29878346
Sinaloa,1,2026-04-06 03:08,"$500,000 MXN","Se vende casa ALBIZIA 2714, Col. 9 de Marzo, Culiacán, Sinaloa, México, C.P. 80058, ID: 28518306",2 Recámaras | 1 Baño | 57 m 2,https://propiedades.comhttps://propiedades.com/inmuebles/casa-en-venta-albizia-2714-9-de-marzo-sinaloa-28518306
Sinaloa,1,2026-04-06 03:08,"$23,990,000 MXN","Casa en venta disponible en San Jose , Col. Campo Patricia, Culiacán, Sinaloa, México, C.P. 80300, ID: 29747845",4 Recámaras | 4 Baños | 607 m 2,https://propiedades.comhttps://propiedades.com/inmuebles/casa-en-venta-san-jose--campo-patricia-sinaloa-29747845
Sinaloa,1,2026-04-06 03:08,"$3,761,000 MXN","Calzada de las Torres, Col. La Primavera, Culiacán, Sinaloa, México, C.P. 80199, ID: 28648119",3 Recámaras | 3 Baños | 145 m 2,https://propiedades.comhttps://propiedades.com/inmuebles/casa-en-venta-calzada-de-las-torres-la-primavera-sinaloa-28648119
Sinaloa,1,2026-04-06 03:08,"$8,500,000 MXN","Jesús Rodolfo acedo #1410, Col. Chapultepec Del Rio, Culiacán, Sinaloa, México, C.P. 80040, ID: 30782725",3 Recámaras | 3 Baños | 273 m 2,https://propiedades.comhttps://propiedades.com/inmuebles/casa-en-venta-jesus-rodolfo-acedo-1410-chapultepec-del-rio-sinaloa-30782725
Sinaloa,1,2026-04-06 03:08,"$8,293,000 MXN","Venta casa en Calle ., Col. Pericos, Mocorito, Sinaloa, México, C.P. 80950, ID: 26217719",4 Recámaras | 3 Baños | 446 m 2,https://propiedades.comhttps://propiedades.com/inmuebles/casa-en-venta-calle--pericos-sinaloa-26217719
Sinaloa,1,2026-04-06 03:08,"$4,250,000 MXN","Casa en venta disponible en Pacífico Hills Residencial, Col. Real Pacífico, Mazatlán, Sinaloa, México, C.P. 82124, ID: 29462723",3 Recámaras | 3 Baños,https://propiedades.comhttps://propiedades.com/inmuebles/casa-en-venta-pacifico-hills-residencial-real-pacifico-sinaloa-29462723
Sinaloa,1,2026-04-06 03:08,"$2,772,000 MXN","Venta casa en Francisco Gonzalez Bocanegra, Col. El Conchi, Mazatlán, Sinaloa, México, C.P. 82139, ID: 20266518",3 Recámaras | 2 Baños | 80 m 2,https://propiedades.comhttps://propiedades.com/inmuebles/casa-en-venta-francisco-gonzalez-bocanegra-el-conchi-sinaloa-20266518
Sinaloa,1,2026-04-06 03:08,"$3,260,000 MXN","FERNANDO B. HIJAR #3301, Col. Guadalupe Victoria, Culiacán, Sinaloa, México, C.P. 80240, ID: 27845674",6 Recámaras | 3 Baños | 424 m 2,https://propiedades.comhttps://propiedades.com/inmuebles/casa-en-venta-fernando-b-hijar-3301-guadalupe-victoria-sinaloa-27845674
Sinaloa,1,2026-04-06 03:08,"$2,544,000 MXN","Privada Camilla Hills, Col. El Venadillo, Mazatlán, Sinaloa, México, C.P. 82129, ID: 28704450",3 Recámaras | 2 Baños | 118 m 2,https://propiedades.comhttps://propiedades.com/inmuebles/casa-en-venta-privada-camilla-hills-el-venadillo-sinaloa-28704450
Sinaloa,1,2026-04-06 03:08,"$12,000,000 MXN","Casa disponible en venta en COTO DEL CAMPEADOR, Col. El Cid, Mazatlán, Sinaloa, México, C.P. 82110, ID: 29536507",4 Recámaras | 4 Baños,https://propiedades.comhttps://propiedades.com/inmuebles/casa-en-venta-coto-del-campeador-el-cid-sinaloa-29536507
Sinaloa,1,2026-04-06 03:08,"$972,000 MXN","Se vende casa en SAN MATEO #0, Col. San Fernando, Mazatlán, Sinaloa, México, C.P. 82198, ID: 29122042",3 Recámaras | 1 Baño | 95 m 2,https://propiedades.comhttps://propiedades.com/inmuebles/casa-en-venta-san-mateo-san-fernando-sinaloa-29122042
Sinaloa,1,2026-04-06 03:08,"$15,000,000 MXN","Casa en venta, David alfaro siqueiros #283, Col. Portales Del Rio, Culiacán, Sinaloa, México, C.P. 80030, ID: 27535380",3 Recámaras | 3 Baños | 412 m 2,https://propiedades.comhttps://propiedades.com/inmuebles/casa-en-venta-david-alfaro-siqueiros-283-portales-del-rio-sinaloa-27535380
Sinaloa,1,2026-04-06 03:08,"$698,000 MXN","Se vende casa MARCIAL ORDOÑEZ #00, Col. Bienestar, Ahome, Sinaloa, México, C.P. 81280, ID: 29122129",4 Recámaras | 2 Baños | 240 m 2,https://propiedades.comhttps://propiedades.com/inmuebles/casa-en-venta-marcial-ordonez-00-bienestar-sinaloa-29122129
Sinaloa,1,2026-04-06 03:08,"$25,000,000 MXN","Se vende casa FRACCIONAMIENTO EXCLUSIVO MARINA CAMPO DE GOLF, Col. Marina Mazatlán, Mazatlán, Sinaloa, México, C.P. 82103, ID: 29705790",4 Recámaras | 4 Baños,https://propiedades.comhttps://propiedades.com/inmuebles/casa-en-venta-fraccionamiento-exclusivo-marina-campo-de-golf-marina-mazatlan-sinaloa-29705790
Sinaloa,1,2026-04-06 03:08,"$4,450,000 MXN","Venta de casa en Corredor turístico Imala #0Int. 0, Col. La Cruz de Carrizalejo, Culiacán, Sinaloa, México, C.P. 80384, ID: 28312515",3 Recámaras | 3 Baños | 185 m 2,https://propiedades.comhttps://propiedades.com/inmuebles/casa-en-venta-corredor-turistico-imala-0-la-cruz-de-carrizalejo-sinaloa-28312515
Sinaloa,1,2026-04-06 03:08,"$6,500,000 MXN","Se vende casa Circuito California, Col. Real del Valle, Mazatlán, Sinaloa, México, C.P. 82124, ID: 30525713",3 Recámaras | 276 m 2,https://propiedades.comhttps://propiedades.com/inmuebles/casa-en-venta-circuito-california-real-del-valle-sinaloa-30525713
Sinaloa,1,2026-04-06 03:08,"$10,000,000 MXN","Casa en venta disponible en Mariano Romero #315, Col. Chapultepec, Culiacán, Sinaloa, México, C.P. 80040, ID: 30351732",3 Recámaras | 4 Baños | 554 m 2,https://propiedades.comhttps://propiedades.com/inmuebles/casa-en-venta-mariano-romero-315-chapultepec-sinaloa-30351732
Sinaloa,1,2026-04-06 03:08,"$3,432,000 MXN","Se vende casa en Bahia de Acapulco, Col. Nuevo Culiacán, Culiacán, Sinaloa, México, C.P. 80170, ID: 28804417",1 m 2,https://propiedades.comhttps://propiedades.com/inmuebles/casa-en-venta-bahia-de-acapulco-nuevo-culiacan-sinaloa-28804417
Sinaloa,1,2026-04-06 03:08,"$27,000,000 MXN","Casa en venta, , Col. Desarrollo Urbano 3 Ríos, Culiacán, Sinaloa, México, C.P. 80020, ID: 30451858",4 Recámaras | 4 Baños,https://propiedades.comhttps://propiedades.com/inmuebles/casa-en-venta-desarrollo-urbano-3-rios-sinaloa-30451858
Sinaloa,1,2026-04-06 03:08,"$4,400,000 MXN","SAN JUDAS, Col. Real del Valle, Mazatlán, Sinaloa, México, C.P. 82124, ID: 28914397",3 Recámaras | 2 Baños | 200 m 2,https://propiedades.comhttps://propiedades.com/inmuebles/casa-en-venta-san-judas-real-del-valle-sinaloa-28914397
Sinaloa,1,2026-04-06 03:08,"$2,950,000 MXN","Se vende casa CASA EN VENTA EN FRACC PASEO DE LOS OLIVOS MAZATLAN, Col. Rincón de las Palmas, Mazatlán, Sinaloa, México, C.P. 82124, ID: 30693579",3 Recámaras | 2 Baños | 122 m 2,https://propiedades.comhttps://propiedades.com/inmuebles/casa-en-venta-casa-en-venta-en-fracc-paseo-de-los-olivos-mazatlan-rincon-de-las-palmas-sinaloa-30693579
Sinaloa,1,2026-04-06 03:08,"$5,995,000 MXN","Casa en venta disponible en , Col. Sinaloa, Mazatlán, Sinaloa, México, C.P. 82134, ID: 30628275",3 Recámaras | 3 Baños | 245 m 2,https://propiedades.comhttps://propiedades.com/inmuebles/casa-en-venta-sinaloa-sinaloa-30628275
Sinaloa,1,2026-04-06 03:08,"$4,150,000 MXN","Venta casa en , Col. Paseo Alameda Dos, Mazatlán, Sinaloa, México, C.P. 82124, ID: 29427328",4 Recámaras | 3 Baños,https://propiedades.comhttps://propiedades.com/inmuebles/casa-en-venta-paseo-alameda-dos-sinaloa-29427328
Sinaloa,1,2026-04-06 03:08,"$11,400,000 MXN","Casa en venta disponible en , Col. Chapultepec, Culiacán, Sinaloa, México, C.P. 80040, ID: 30345094",3 Recámaras | 3 Baños | 429 m 2,https://propiedades.comhttps://propiedades.com/inmuebles/casa-en-venta-chapultepec-sinaloa-30345094
Sinaloa,1,2026-04-06 03:08,"$2,240,000 MXN","Casa en venta disponible en LA CONQUISTA #S/N, Col. La Conquista, Culiacán, Sinaloa, México, C.P. 80058, ID: 30036753",3 Recámaras | 2 Baños | 96 m 2,https://propiedades.comhttps://propiedades.com/inmuebles/casa-en-venta-la-conquista-sn-la-conquista-sinaloa-30036753
Sinaloa,1,2026-04-06 03:08,"$42,000,000 MXN","Venta casa en mariano romero #480, Col. Chapultepec, Culiacán, Sinaloa, México, C.P. 80040, ID: 28203999",5 Recámaras | 5 Baños | 1253 m 2,https://propiedades.comhttps://propiedades.com/inmuebles/casa-en-venta-mariano-romero-480-chapultepec-sinaloa-28203999
Sinaloa,1,2026-04-06 03:08,"$2,626,000 MXN","Venta casa en blvd. perisur 2, Col. Barrio de San Luis, Culiacán, Sinaloa, México, C.P. 80199, ID: 28648117",3 Recámaras | 2 Baños | 106 m 2,https://propiedades.comhttps://propiedades.com/inmuebles/casa-en-venta-blvd-perisur-2-barrio-de-san-luis-sinaloa-28648117
Sinaloa,1,2026-04-06 03:08,"$2,150,000 MXN","Casa disponible en venta en Donato Guerra #30, Col. Emiliano Zapata, Concordia, Sinaloa, México, C.P. 82600, ID: 29544100",3 Recámaras | 2 Baños | 50 m 2,https://propiedades.comhttps://propiedades.com/inmuebles/casa-en-venta-donato-guerra-30-emiliano-zapata-sinaloa-29544100
Sinaloa,1,2026-04-06 03:08,"$3,599,000 MXN","Carretera a Imala, Col. Las Glorias, Culiacán, Sinaloa, México, C.P. 80014, ID: 29986471",3 Recámaras | 2 Baños | 156 m 2,https://propiedades.comhttps://propiedades.com/inmuebles/casa-en-venta-carretera-a-imala-las-glorias-sinaloa-29986471
Sinaloa,1,2026-04-06 03:08,"$4,450,000 MXN","Casa en venta, Boulevard Azul Aguamarina, Col. Azul Pacific, Mazatlán, Sinaloa, México, C.P. 82112, ID: 30259946",3 Recámaras | 3 Baños | 108 m 2,https://propiedades.comhttps://propiedades.com/inmuebles/casa-en-venta-boulevard-azul-aguamarina-azul-pacific-sinaloa-30259946
Sinaloa,1,2026-04-06 03:08,"$4,200,000 MXN","Venta de casa Blvd. Paseo Toscana, Col. Stanza Toscana, Culiacán, Sinaloa, México, C.P. 80050, ID: 30095693",3 Recámaras | 3 Baños | 209 m 2,https://propiedades.comhttps://propiedades.com/inmuebles/casa-en-venta-blvd-paseo-toscana-stanza-toscana-sinaloa-30095693
Sinaloa,1,2026-04-06 03:08,"$3,500,000 MXN","Casa en venta, Calle del Risco #2963, Col. La Cima Residencial, Mazatlán, Sinaloa, México, C.P. 82157, ID: 30261326",2 Recámaras | 3 Baños | 94 m 2,https://propiedades.comhttps://propiedades.com/inmuebles/casa-en-venta-calle-del-risco-2963-la-cima-residencial-sinaloa-30261326
Sinaloa,1,2026-04-06 03:08,"$10,812,000 MXN","Casa disponible en venta en EXCLUSIVO FRACCIONAMIENTO EL CID!, Col. El Cid, Mazatlán, Sinaloa, México, C.P. 82110, ID: 29784109",4 Recámaras | 4 Baños,https://propiedades.comhttps://propiedades.com/inmuebles/casa-en-venta-exclusivo-fraccionamiento-el-cid-el-cid-sinaloa-29784109
Sinaloa,1,2026-04-06 03:08,"$5,680,000 MXN","Casa en venta, SONTERRA, Col. Marina Mazatlán, Mazatlán, Sinaloa, México, C.P. 82103, ID: 29727423",4 Recámaras | 4 Baños,https://propiedades.comhttps://propiedades.com/inmuebles/casa-en-venta-sonterra-marina-mazatlan-sinaloa-29727423
Sinaloa,2,2026-04-06 03:08,"$8,500,000 MXN","abulon #3501Int. 903, Col. Puerta Dorada, Mazatlán, Sinaloa, México, C.P. 82110, ID: 28756637",2 Recámaras | 2 Baños | 135 m 2,https://propiedades.comhttps://propiedades.com/inmuebles/casa-en-venta-abulon-3501-puerta-dorada-sinaloa-28756637
Sinaloa,2,2026-04-06 03:08,"$8,500,000 MXN","Lazaro Cardenas, Col. Lázaro Cárdenas, Culiacán, Sinaloa, México, C.P. 80290, ID: 30077472",6 Recámaras | 4 Baños | 409 m 2,https://propiedades.comhttps://propiedades.com/inmuebles/casa-en-venta-lazaro-cardenas-lazaro-cardenas-sinaloa-30077472
Sinaloa,2,2026-04-06 03:08,"$30,000,000 MXN",", Col. San Ángel, Culiacán, Sinaloa, México, C.P. 80430, ID: 30548954",6 Recámaras | 8 Baños | 1272 m 2,https://propiedades.comhttps://propiedades.com/inmuebles/casa-en-venta-san-angel-sinaloa-30548954
Sinaloa,2,2026-04-06 03:08,"$830,000 MXN","Se vende casa C. Tabachín 323, Alameda, 82123 Mazatlán, Sin. #323, Col. Jardines de la Alameda, Mazatlán, Sinaloa, México, C.P. 82123, ID: 30505172",3 Recámaras | 1 Baño | 160 m 2,https://propiedades.comhttps://propiedades.com/inmuebles/casa-en-venta-c-tabachin-323-alameda-82123-mazatlan-sin-323-jardines-de-la-alameda-sinaloa-30505172
Sinaloa,2,2026-04-06 03:08,"$4,600,000 MXN","Venta de casa en Real del Valle, Col. Real del Valle, Mazatlán, Sinaloa, México, C.P. 82124, ID: 29429175",3 Recámaras | 2 Baños,https://propiedades.comhttps://propiedades.com/inmuebles/casa-en-venta-real-del-valle-real-del-valle-sinaloa-29429175
Sinaloa,2,2026-04-06 03:08,"$4,850,000 MXN","Venta de casa Av Almarena #1513, Col. Almarena Residencial, Mazatlán, Sinaloa, México, C.P. 82112, ID: 28013546",3 Recámaras | 3 Baños | 129 m 2,https://propiedades.comhttps://propiedades.com/inmuebles/casa-en-venta-av-almarena-1513-almarena-residencial-sinaloa-28013546
Sinaloa,2,2026-04-06 03:08,"$4,300,000 MXN","Venta de casa en Isla Cortés, Col. Punta Esmeralda, Navolato, Sinaloa, México, C.P. 80363, ID: 28840274",,https://propiedades.comhttps://propiedades.com/inmuebles/casa-en-venta-isla-cortes-punta-esmeralda-sinaloa-28840274
Sinaloa,2,2026-04-06 03:08,"$2,000,000 USD","Venta de casa en cerro de las siete gotas, Col. Colinas de San Miguel, Culiacán, Sinaloa, México, C.P. 80228, ID: 29048165",4 Recámaras | 6 Baños | 1 m 2,https://propiedades.comhttps://propiedades.com/inmuebles/casa-en-venta-cerro-de-las-siete-gotas-colinas-de-san-miguel-sinaloa-29048165
Sinaloa,2,2026-04-06 03:08,"$2,467,000 MXN","Casa disponible en venta en VEREDAS, Col. Hacienda del Mar, Mazatlán, Sinaloa, México, C.P. 82120, ID: 29397772",3 Recámaras | 2 Baños | 92 m 2,https://propiedades.comhttps://propiedades.com/inmuebles/casa-en-venta-veredas-hacienda-del-mar-sinaloa-29397772
Sinaloa,2,2026-04-06 03:08,"$3,500,000 MXN","Venta casa en PLAN DE AYALA, Col. La Amistad, Culiacán, Sinaloa, México, C.P. 80249, ID: 30077611",3 Recámaras | 2 Baños | 280 m 2,https://propiedades.comhttps://propiedades.com/inmuebles/casa-en-venta-plan-de-ayala-la-amistad-sinaloa-30077611
Sinaloa,2,2026-04-06 03:08,"$1,750,000 MXN","Venta casa en CASA EN VENTA EN FRACC MISIONES EN MAZATLAN #s/n, Col. Misiones 2000, Mazatlán, Sinaloa, México, C.P. 82133, ID: 30693607",2 Recámaras | 1 Baño | 43 m 2,https://propiedades.comhttps://propiedades.com/inmuebles/casa-en-venta-casa-en-venta-en-fracc-misiones-en-mazatlan-sn-misiones-2000-sinaloa-30693607
Sinaloa,2,2026-04-06 03:08,"$13,100,000 MXN","Venta de casa María izquierdo , Col. Tres Ríos, Culiacán, Sinaloa, México, C.P. 80020, ID: 26946018",4 Recámaras | 4 Baños | 510 m 2,https://propiedades.comhttps://propiedades.com/inmuebles/casa-en-venta-maria-izquierdo--tres-rios-sinaloa-26946018
Sinaloa,2,2026-04-06 03:08,"$4,990,000 MXN","Casa disponible en venta en Privada Toscana, Col. Benevento Residencial, Culiacán, Sinaloa, México, C.P. 80014, ID: 28704500",4 Recámaras | 4 Baños | 210 m 2,https://propiedades.comhttps://propiedades.com/inmuebles/casa-en-venta-privada-toscana-benevento-residencial-sinaloa-28704500
Sinaloa,2,2026-04-06 03:08,"$6,500,000 MXN","Casa en venta, Blvd. Altabrisa #1806, Col. Altabrisa Residencial, Mazatlán, Sinaloa, México, C.P. 82112, ID: 28665960",3 Recámaras | 3 Baños | 221 m 2,https://propiedades.comhttps://propiedades.com/inmuebles/casa-en-venta-blvd-altabrisa-1806-altabrisa-residencial-sinaloa-28665960
Sinaloa,2,2026-04-06 03:08,"$2,000,000 MXN","Venta de casa en Villa el Rosario #3080, Col. Balcones Del Humaya, Culiacán, Sinaloa, México, C.P. 80028, ID: 30444786",2 Recámaras | 1 Baño | 65 m 2,https://propiedades.comhttps://propiedades.com/inmuebles/casa-en-venta-villa-el-rosario-3080-balcones-del-humaya-sinaloa-30444786
Sinaloa,2,2026-04-06 03:08,"$5,500,000 MXN","CASA EN VENTA EN ALMARENA RESIDENCIAL EN MAZATLAN, Col. Almarena Residencial, Mazatlán, Sinaloa, México, C.P. 82112, ID: 30544666",3 Recámaras | 3 Baños | 172 m 2,https://propiedades.comhttps://propiedades.com/inmuebles/casa-en-venta-casa-en-venta-en-almarena-residencial-en-mazatlan-almarena-residencial-sinaloa-30544666
Sinaloa,2,2026-04-06 03:08,"$5,300,000 MXN","Se vende casa en , Col. Las Quintas, Culiacán, Sinaloa, México, C.P. 80060, ID: 30083701",4 Recámaras | 4 Baños | 540 m 2,https://propiedades.comhttps://propiedades.com/inmuebles/casa-en-venta-las-quintas-sinaloa-30083701
Sinaloa,2,2026-04-06 03:08,"$1,750,000 MXN","Casa en venta, CARMEN SERDAN Y JOSEFINA CHAN #S/N, Col. Vicente Lombardo Toledano, Culiacán, Sinaloa, México, C.P. 80010, ID: 28839441",4 Recámaras | 3 Baños | 150 m 2,https://propiedades.comhttps://propiedades.com/inmuebles/casa-en-venta-carmen-serdan-y-josefina-chan-sn-vicente-lombardo-toledano-sinaloa-28839441
Sinaloa,2,2026-04-06 03:08,"$4,750,000 MXN","Venta casa en Blvd. Alvaro del Portillo, Col. Valle Alto, Culiacán, Sinaloa, México, C.P. 80050, ID: 28704619",3 Recámaras | 4 Baños | 201 m 2,https://propiedades.comhttps://propiedades.com/inmuebles/casa-en-venta-blvd-alvaro-del-portillo-valle-alto-sinaloa-28704619
Sinaloa,2,2026-04-06 03:08,"$4,195,000 MXN","Venta casa en Carretera a Imala #2, Col. Floresta, Culiacán, Sinaloa, México, C.P. 80014, ID: 30035547",3 Recámaras | 3 Baños | 154 m 2,https://propiedades.comhttps://propiedades.com/inmuebles/casa-en-venta-carretera-a-imala-2-floresta-sinaloa-30035547
Sinaloa,2,2026-04-06 03:08,"$5,000,000 MXN","Casa en venta, sta lourdes, Col. Real del Valle, Mazatlán, Sinaloa, México, C.P. 82124, ID: 29102050",3 Recámaras | 2 Baños | 147 m 2,https://propiedades.comhttps://propiedades.com/inmuebles/casa-en-venta-sta-lourdes-real-del-valle-sinaloa-29102050
Sinaloa,2,2026-04-06 03:08,"$27,000,000 MXN","Se vende casa El Cid exclusivo Fraccionamiento, Col. El Cid, Mazatlán, Sinaloa, México, C.P. 82110, ID: 29715919",5 Recámaras | 5 Baños,https://propiedades.comhttps://propiedades.com/inmuebles/casa-en-venta-el-cid-exclusivo-fraccionamiento-el-cid-sinaloa-29715919
Sinaloa,2,2026-04-06 03:08,"$4,970,000 MXN","Libertad de Expresión, 82127 Mazatlán, Sin., Col. Libertad de Expresión, Mazatlán, Sinaloa, México, C.P. 82127, ID: 30662871",8 Recámaras | 6 Baños | 280 m 2,https://propiedades.comhttps://propiedades.com/inmuebles/casa-en-venta-libertad-de-expresion-82127-mazatlan-sin-libertad-de-expresion-sinaloa-30662871
Sinaloa,2,2026-04-06 03:08,"$3,590,000 MXN","Casa en venta, Av. oscar perez escobosa, Col. San Rafael, Mazatlán, Sinaloa, México, C.P. 82187, ID: 23311977",3 Recámaras | 2 Baños | 123 m 2,https://propiedades.comhttps://propiedades.com/inmuebles/casa-en-venta-av-oscar-perez-escobosa-san-rafael-sinaloa-23311977
Sinaloa,2,2026-04-06 03:08,"$7,300,000 MXN","Casa disponible en venta en Altabrisa Residencial Cerritos, Col. Altabrisa Residencial, Mazatlán, Sinaloa, México, C.P. 82112, ID: 29447797",4 Recámaras | 3 Baños,https://propiedades.comhttps://propiedades.com/inmuebles/casa-en-venta-altabrisa-residencial-cerritos-altabrisa-residencial-sinaloa-29447797
Sinaloa,2,2026-04-06 03:08,"$5,300,000 MXN","Se vende casa en vialidad del congreso, Col. Puerta de Hierro, Culiacán, Sinaloa, México, C.P. 80100, ID: 30772332",3 Recámaras | 3 Baños | 210 m 2,https://propiedades.comhttps://propiedades.com/inmuebles/casa-en-venta-vialidad-del-congreso-puerta-de-hierro-sinaloa-30772332
Sinaloa,2,2026-04-06 03:08,"$4,600,000 MXN","Casa disponible en venta en COTO 15, Col. Real del Valle, Mazatlán, Sinaloa, México, C.P. 82124, ID: 29705785",3 Recámaras | 2 Baños,https://propiedades.comhttps://propiedades.com/inmuebles/casa-en-venta-coto-15-real-del-valle-sinaloa-29705785
Sinaloa,2,2026-04-06 03:08,"$13,950,000 MXN","Casa en venta, VENUS #82112, Col. El Cielo Parque Residencial, Mazatlán, Sinaloa, México, C.P. 82112, ID: 30531692",3 Recámaras | 4 Baños | 307 m 2,https://propiedades.comhttps://propiedades.com/inmuebles/casa-en-venta-venus-82112-el-cielo-parque-residencial-sinaloa-30531692
Sinaloa,2,2026-04-06 03:08,"$3,205,000 MXN","Casa en venta disponible en Calzada de las Torres, Col. La Primavera, Culiacán, Sinaloa, México, C.P. 80199, ID: 28648118",3 Recámaras | 2 Baños | 110 m 2,https://propiedades.comhttps://propiedades.com/inmuebles/casa-en-venta-calzada-de-las-torres-la-primavera-sinaloa-28648118
Sinaloa,2,2026-04-06 03:08,"$4,950,000 MXN","Venta de casa en CERRO DE LAS CUMBRES, Col. Alteza, Culiacán, Sinaloa, México, C.P. 80177, ID: 28840185",3 Recámaras | 2 Baños | 175 m 2,https://propiedades.comhttps://propiedades.com/inmuebles/casa-en-venta-cerro-de-las-cumbres-alteza-sinaloa-28840185
Sinaloa,2,2026-04-06 03:08,"$4,800,000 MXN","Venta casa en CASA EN VENTA EN FRACC PRIVANZAS EN MAZATLAN, Col. Los Mangos II, Mazatlán, Sinaloa, México, C.P. 82128, ID: 30544650",3 Recámaras | 2 Baños | 147 m 2,https://propiedades.comhttps://propiedades.com/inmuebles/casa-en-venta-casa-en-venta-en-fracc-privanzas-en-mazatlan-los-mangos-ii-sinaloa-30544650
Sinaloa,2,2026-04-06 03:08,"$4,050,000 MXN","Se vende casa Boulevard Alvaro del Portillo, Col. Valle Alto, Culiacán, Sinaloa, México, C.P. 80050, ID: 30004557",3 Recámaras | 3 Baños | 173 m 2,https://propiedades.comhttps://propiedades.com/inmuebles/casa-en-venta-boulevard-alvaro-del-portillo-valle-alto-sinaloa-30004557
Sinaloa,2,2026-04-06 03:08,"$3,687,000 MXN","Calle ., Col. Punta Esmeralda, Navolato, Sinaloa, México, C.P. 80363, ID: 28658219",3 Recámaras | 4 Baños | 115 m 2,https://propiedades.comhttps://propiedades.com/inmuebles/casa-en-venta-calle-punta-esmeralda-sinaloa-28658219
Sinaloa,2,2026-04-06 03:08,"$7,900,000 MXN","Venta de casa San Agustín #166, Col. Campo Patricia, Culiacán, Sinaloa, México, C.P. 80300, ID: 29956877",3 Recámaras | 3 Baños | 260 m 2,https://propiedades.comhttps://propiedades.com/inmuebles/casa-en-venta-san-agustin-166-campo-patricia-sinaloa-29956877
Sinaloa,2,2026-04-06 03:08,"$399,500 USD","Casa en venta, Avenida del Pulpo, Col. Sábalo Country Club, Mazatlán, Sinaloa, México, C.P. 82100, ID: 30600545",5 Recámaras | 334 m 2,https://propiedades.comhttps://propiedades.com/inmuebles/casa-en-venta-avenida-del-pulpo-sabalo-country-club-sinaloa-30600545
Sinaloa,2,2026-04-06 03:08,"$12,750,000 MXN","Casa en venta disponible en Las Palmas, Col. Las Palmas, Mazatlán, Sinaloa, México, C.P. 82112, ID: 30525672",6 Recámaras | 580 m 2,https://propiedades.comhttps://propiedades.com/inmuebles/casa-en-venta-las-palmas-las-palmas-sinaloa-30525672
Sinaloa,2,2026-04-06 03:08,"$5,750,000 MXN","Casa en venta disponible en , Col. El Cid, Mazatlán, Sinaloa, México, C.P. 82110, ID: 30699701",3 Recámaras | 2 Baños | 232 m 2,https://propiedades.comhttps://propiedades.com/inmuebles/casa-en-venta-el-cid-sinaloa-30699701
Sinaloa,2,2026-04-06 03:08,"$7,950,000 MXN","Casa en venta disponible en Real del Valle, Col. Real del Valle, Mazatlán, Sinaloa, México, C.P. 82124, ID: 29453100",4 Recámaras | 3 Baños,https://propiedades.comhttps://propiedades.com/inmuebles/casa-en-venta-real-del-valle-real-del-valle-sinaloa-29453100
Sinaloa,2,2026-04-06 03:08,"$7,998,000 MXN","Casa en venta disponible en Paseo Paraiso, Col. Marina Mazatlán, Mazatlán, Sinaloa, México, C.P. 82103, ID: 30525567",3 Recámaras | 300 m 2,https://propiedades.comhttps://propiedades.com/inmuebles/casa-en-venta-paseo-paraiso-marina-mazatlan-sinaloa-30525567
Sinaloa,2,2026-04-06 03:08,"$2,600,000 MXN","Venta de casa C. GUILLERMO KELLY OSUNA #108, Col. El Venadillo, Mazatlán, Sinaloa, México, C.P. 82129, ID: 30458465",1 Recámara | 2 Baños | 180 m 2,https://propiedades.comhttps://propiedades.com/inmuebles/casa-en-venta-c-guillermo-kelly-osuna-108-el-venadillo-sinaloa-30458465
Sinaloa,2,2026-04-06 03:08,"$5,900,000 MXN","Venta de casa en Las Aguilas #1, Col. Altata, Navolato, Sinaloa, México, C.P. 80363, ID: 30782722",5 Recámaras | 3 Baños | 243 m 2,https://propiedades.comhttps://propiedades.com/inmuebles/casa-en-venta-las-aguilas-1-altata-sinaloa-30782722
Sinaloa,2,2026-04-06 03:08,"$7,500,000 MXN","Se vende casa , Col. Colinas de San Miguel, Culiacán, Sinaloa, México, C.P. 80228, ID: 29816192",4 Recámaras | 4 Baños | 383 m 2,https://propiedades.comhttps://propiedades.com/inmuebles/casa-en-venta-colinas-de-san-miguel-sinaloa-29816192
Sinaloa,3,2026-04-06 03:08,"$3,700,000 MXN","Venta de casa Cerro de las cumbres #723, Col. Colina del Rey, Culiacán, Sinaloa, México, C.P. 80177, ID: 28745137",3 Recámaras | 2 Baños | 140 m 2,https://propiedades.comhttps://propiedades.com/inmuebles/casa-en-venta-cerro-de-las-cumbres-723-colina-del-rey-sinaloa-28745137
Sinaloa,3,2026-04-06 03:08,"$6,991,200 MXN","Venta casa en Porto Blanco , Col. Marina Mazatlán, Mazatlán, Sinaloa, México, C.P. 82103, ID: 29734175",3 Recámaras | 3 Baños | 194 m 2,https://propiedades.comhttps://propiedades.com/inmuebles/casa-en-venta-porto-blanco--marina-mazatlan-sinaloa-29734175
Sinaloa,3,2026-04-06 03:08,"$24,700,000 MXN","Venta de casa en Residencial Exclusvo Marina Campo de Golf, Col. Marina Mazatlán, Mazatlán, Sinaloa, México, C.P. 82103, ID: 29838360",4 Recámaras | 5 Baños,https://propiedades.comhttps://propiedades.com/inmuebles/casa-en-venta-residencial-exclusvo-marina-campo-de-golf-marina-mazatlan-sinaloa-29838360
Sinaloa,3,2026-04-06 03:08,"$12,900,000 MXN","Casa en venta, La Ventana, Col. La Ventana, Culiacán, Sinaloa, México, C.P. 80179, ID: 28704443",3 Recámaras | 3 Baños | 429 m 2,https://propiedades.comhttps://propiedades.com/inmuebles/casa-en-venta-la-ventana-la-ventana-sinaloa-28704443
Sinaloa,3,2026-04-06 03:08,"$4,950,000 MXN","Venta de casa AV.SANTA BARBARA, Col. Sonterra Residencial II, Mazatlán, Sinaloa, México, C.P. 82124, ID: 30689690",4 Recámaras | 3 Baños | 213 m 2,https://propiedades.comhttps://propiedades.com/inmuebles/casa-en-venta-avsanta-barbara-sonterra-residencial-ii-sinaloa-30689690
Sinaloa,3,2026-04-06 03:08,"$399,500 USD","Se vende casa Playa Azul, Col. Playas del Sur, Mazatlán, Sinaloa, México, C.P. 82040, ID: 30525628",4 Recámaras | 271 m 2,https://propiedades.comhttps://propiedades.com/inmuebles/casa-en-venta-playa-azul-playas-del-sur-sinaloa-30525628
Sinaloa,3,2026-04-06 03:08,"$4,300,000 MXN","Venta de casa , Col. Guadalupe, Culiacán, Sinaloa, México, C.P. 80220, ID: 30415574",3 Recámaras | 3 Baños | 261 m 2,https://propiedades.comhttps://propiedades.com/inmuebles/casa-en-venta-guadalupe-sinaloa-30415574
Sinaloa,3,2026-04-06 03:08,"$2,800,000 MXN","Se vende casa en Ignacio Ramírez #1365 sur, Col. Miguel Hidalgo, Culiacán, Sinaloa, México, C.P. 80090, ID: 29713506",3 Recámaras | 2 Baños | 229 m 2,https://propiedades.comhttps://propiedades.com/inmuebles/casa-en-venta-ignacio-ramirez-1365-sur-miguel-hidalgo-sinaloa-29713506
Sinaloa,3,2026-04-06 03:08,"$4,250,000 MXN","Casa en venta, Cerrada Mar de Bering ""Azul Marino"", Col. Cerritos al Mar, Mazatlán, Sinaloa, México, C.P. 82112, ID: 28140706",4 Recámaras | 128 m 2,https://propiedades.comhttps://propiedades.com/inmuebles/casa-en-venta-cerrada-mar-de-bering-azul-marino-cerritos-al-mar-sinaloa-28140706
Sinaloa,3,2026-04-06 03:08,"$6,650,000 MXN","Casa disponible en venta en , Col. Culiacán (Culiacán), Culiacán, Sinaloa, México, C.P. 80139, ID: 30783602",3 Recámaras | 4 Baños | 181 m 2,https://propiedades.comhttps://propiedades.com/inmuebles/casa-en-venta-culiacan-culiacan-sinaloa-30783602
Sinaloa,3,2026-04-06 03:08,"$3,500,000 MXN","Se vende casa en Heriberto Frias, Col. Centro, Mazatlán, Sinaloa, México, C.P. 82000, ID: 28127957",2 Recámaras | 81 m 2,https://propiedades.comhttps://propiedades.com/inmuebles/casa-en-venta-heriberto-frias-centro-sinaloa-28127957
Sinaloa,3,2026-04-06 03:08,"$2,100,000 MXN","Casa en venta, , Col. Portabelo, Culiacán, Sinaloa, México, C.P. 80014, ID: 30061301",2 Recámaras | 1 Baño | 109 m 2,https://propiedades.comhttps://propiedades.com/inmuebles/casa-en-venta-portabelo-sinaloa-30061301
Sinaloa,3,2026-04-06 03:08,"$14,460,000 MXN","Venta de casa en Julio Berdegué Aznar, Col. El Cid, Mazatlán, Sinaloa, México, C.P. 82110, ID: 26262332",4 Recámaras | 385 m 2,https://propiedades.comhttps://propiedades.com/inmuebles/casa-en-venta-julio-berdegue-aznar-el-cid-sinaloa-26262332
Sinaloa,3,2026-04-06 03:08,"$19,500,000 MXN","Casa en venta, EL CID, Col. El Cid, Mazatlán, Sinaloa, México, C.P. 82110, ID: 28573605",4 Recámaras | 4 Baños | 410 m 2,https://propiedades.comhttps://propiedades.com/inmuebles/casa-en-venta-el-cid-el-cid-sinaloa-28573605
Sinaloa,3,2026-04-06 03:08,"$9,000,000 MXN","Casa en venta disponible en Cerro de la Memoria #2073, Col. Lomas del Bosque, Culiacán, Sinaloa, México, C.P. 80179, ID: 30464352",3 Recámaras | 4 Baños | 571 m 2,https://propiedades.comhttps://propiedades.com/inmuebles/casa-en-venta-cerro-de-la-memoria-2073-lomas-del-bosque-sinaloa-30464352
Sinaloa,3,2026-04-06 03:08,"$2,100,000 MXN","Se vende casa Colosio (Valles del Ejido), Col. Colosio Si, Mazatlán, Sinaloa, México, C.P. 82134, ID: 29443462",3 Recámaras | 2 Baños,https://propiedades.comhttps://propiedades.com/inmuebles/casa-en-venta-colosio-valles-del-ejido-colosio-si-sinaloa-29443462
Sinaloa,3,2026-04-06 03:08,"$7,800,000 MXN","Casa disponible en venta en TEOFILO ALVAREZ BORBOA #504, Col. Chapultepec, Culiacán, Sinaloa, México, C.P. 80040, ID: 21342258",4 Recámaras | 3 Baños | 343 m 2,https://propiedades.comhttps://propiedades.com/inmuebles/casa-en-venta-teofilo-alvarez-borboa-504-chapultepec-sinaloa-21342258
Sinaloa,3,2026-04-06 03:08,"$3,590,000 MXN","Venta casa en Gral. José Aguilar Barraza , Col. Miguel Alemán, Culiacán, Sinaloa, México, C.P. 80200, ID: 25739580",5 Recámaras | 3 Baños | 349 m 2,https://propiedades.comhttps://propiedades.com/inmuebles/casa-en-venta-gral-jose-aguilar-barraza--miguel-aleman-sinaloa-25739580
Sinaloa,3,2026-04-06 03:08,"$4,300,000 MXN","Venta de casa en avenida dijon #7171, Col. Montecarlo Residencial, Culiacán, Sinaloa, México, C.P. 80054, ID: 27625433",3 Recámaras | 2 Baños | 190 m 2,https://propiedades.comhttps://propiedades.com/inmuebles/casa-en-venta-avenida-dijon-7171-montecarlo-residencial-sinaloa-27625433
Sinaloa,3,2026-04-06 03:08,"$3,200,000 MXN","Se vende casa , Col. Portalegre, Culiacán, Sinaloa, México, C.P. 80058, ID: 30420136",3 Recámaras | 2 Baños | 141 m 2,https://propiedades.comhttps://propiedades.com/inmuebles/casa-en-venta-portalegre-sinaloa-30420136
Sinaloa,3,2026-04-06 03:08,"$9,590,000 MXN","Casa en venta, , Col. La Primavera, Culiacán, Sinaloa, México, C.P. 80434, ID: 30345096",3 Recámaras | 3 Baños | 328 m 2,https://propiedades.comhttps://propiedades.com/inmuebles/casa-en-venta-la-primavera-sinaloa-30345096
Sinaloa,3,2026-04-06 03:08,"$30,000,000 MXN","Venta de casa tiburón #1157, Col. Privada Del Real, Culiacán, Sinaloa, México, C.P. 80040, ID: 29713558",4 Recámaras | 5 Baños | 682 m 2,https://propiedades.comhttps://propiedades.com/inmuebles/casa-en-venta-tiburon-1157-privada-del-real-sinaloa-29713558
Sinaloa,3,2026-04-06 03:08,"$13,990,000 MXN","Se vende casa , Col. La Primavera, Culiacán, Sinaloa, México, C.P. 80434, ID: 29073714",4 Recámaras | 4 Baños | 398 m 2,https://propiedades.comhttps://propiedades.com/inmuebles/casa-en-venta-la-primavera-sinaloa-29073714
Sinaloa,3,2026-04-06 03:08,"$2,975,000 MXN","Venta de casa en Bellavista , Col. Valle Alto, Culiacán, Sinaloa, México, C.P. 80050, ID: 28704520",3 Recámaras | 3 Baños | 134 m 2,https://propiedades.comhttps://propiedades.com/inmuebles/casa-en-venta-bellavista--valle-alto-sinaloa-28704520
Sinaloa,3,2026-04-06 03:08,"$14,900,000 MXN","Casa en venta disponible en La ventana, Col. La Ventana, Culiacán, Sinaloa, México, C.P. 80179, ID: 26069292",3 Recámaras | 5 Baños | 552 m 2,https://propiedades.comhttps://propiedades.com/inmuebles/casa-en-venta-la-ventana-la-ventana-sinaloa-26069292
Sinaloa,3,2026-04-06 03:08,"$5,390,000 MXN","Casa en venta disponible en PASEO DEL PACIFICO, Col. Mazatlan I, Mazatlán, Sinaloa, México, C.P. 82190, ID: 30525708",3 Recámaras | 220 m 2,https://propiedades.comhttps://propiedades.com/inmuebles/casa-en-venta-paseo-del-pacifico-mazatlan-i-sinaloa-30525708
Sinaloa,3,2026-04-06 03:08,"$5,099,000 MXN","Venta casa en , Col. Sábalo Country Club, Mazatlán, Sinaloa, México, C.P. 82100, ID: 29874671",3 Recámaras | 3 Baños | 188 m 2,https://propiedades.comhttps://propiedades.com/inmuebles/casa-en-venta-sabalo-country-club-sinaloa-29874671
Sinaloa,3,2026-04-06 03:08,"$4,326,000 MXN","Venta de casa en Calzada de las Torres, Col. La Primavera, Culiacán, Sinaloa, México, C.P. 80199, ID: 28648115",3 Recámaras | 3 Baños | 167 m 2,https://propiedades.comhttps://propiedades.com/inmuebles/casa-en-venta-calzada-de-las-torres-la-primavera-sinaloa-28648115
Sinaloa,3,2026-04-06 03:08,"$5,920,000 MXN","Venta de casa en Hidalgo #353, Col. Centro, Culiacán, Sinaloa, México, C.P. 80000, ID: 28704603",4 Recámaras | 3 Baños | 433 m 2,https://propiedades.comhttps://propiedades.com/inmuebles/casa-en-venta-hidalgo-353-centro-sinaloa-28704603
Sinaloa,3,2026-04-06 03:08,"$3,800,000 MXN","CASA EN VENTA EN REAL DEL VALLE COTO 15 MAZATLAN, Col. Real del Valle, Mazatlán, Sinaloa, México, C.P. 82124, ID: 30544659",3 Recámaras | 3 Baños | 170 m 2,https://propiedades.comhttps://propiedades.com/inmuebles/casa-en-venta-casa-en-venta-en-real-del-valle-coto-15-mazatlan-real-del-valle-sinaloa-30544659
Sinaloa,3,2026-04-06 03:08,"$4,150,000 MXN","Casa en venta, CASA EN VENTA EN FRACC LA JOYA EN MAZATLAN, Col. Paseo de Las Torres, Mazatlán, Sinaloa, México, C.P. 82124, ID: 30581014",3 Recámaras | 2 Baños | 164 m 2,https://propiedades.comhttps://propiedades.com/inmuebles/casa-en-venta-casa-en-venta-en-fracc-la-joya-en-mazatlan-paseo-de-las-torres-sinaloa-30581014
Sinaloa,3,2026-04-06 03:08,"$1,450,000 MXN","Se vende casa en Casas nuevas en venta en Mazatlán , Col. Urbivilla del Real, Mazatlán, Sinaloa, México, C.P. 82090, ID: 30688658",2 Recámaras | 1 Baño | 60 m 2,https://propiedades.comhttps://propiedades.com/inmuebles/casa-en-venta-casas-nuevas-en-venta-en-mazatlan-urbivilla-del-real-sinaloa-30688658
Sinaloa,3,2026-04-06 03:08,"$2,190,000 MXN","Venta casa en Ciudad Valles, Col. El Conchi Infonavit, Mazatlán, Sinaloa, México, C.P. 82139, ID: 30525596",3 Recámaras | 145 m 2,https://propiedades.comhttps://propiedades.com/inmuebles/casa-en-venta-ciudad-valles-el-conchi-infonavit-sinaloa-30525596
Sinaloa,3,2026-04-06 03:08,"$11,500,000 MXN","Venta de casa en , Col. Alegranza, Culiacán, Sinaloa, México, C.P. 80025, ID: 28902630",3 Recámaras | 3 Baños | 432 m 2,https://propiedades.comhttps://propiedades.com/inmuebles/casa-en-venta-alegranza-sinaloa-28902630
Sinaloa,3,2026-04-06 03:08,"$4,567,000 MXN","Venta de casa en Lauro Díaz Castro, Adolfo Lopex Mateos , Col. Adolfo Lopez Mateos, Culiacán, Sinaloa, México, C.P. 80190, ID: 29751549",3 Recámaras | 2 Baños | 170 m 2,https://propiedades.comhttps://propiedades.com/inmuebles/casa-en-venta-lauro-diaz-castro-adolfo-lopex-mateos-adolfo-lopez-mateos-sinaloa-29751549
Sinaloa,3,2026-04-06 03:08,"$11,300,000 MXN","Se vende casa en BLVD LUCERNILLA, Col. Nuevo Culiacán, Culiacán, Sinaloa, México, C.P. 80170, ID: 29753499",4 Recámaras | 5 Baños | 473 m 2,https://propiedades.comhttps://propiedades.com/inmuebles/casa-en-venta-blvd-lucernilla-nuevo-culiacan-sinaloa-29753499
Sinaloa,3,2026-04-06 03:08,"$6,800,000 MXN","Venta casa en Calle ., Col. Altabrisa Residencial, Mazatlán, Sinaloa, México, C.P. 82112, ID: 28462067",3 Recámaras | 3 Baños | 293 m 2,https://propiedades.comhttps://propiedades.com/inmuebles/casa-en-venta-calle-altabrisa-residencial-sinaloa-28462067
Sinaloa,3,2026-04-06 03:08,"$4,885,000 MXN","Venta casa en Exclusivo Residencial Palmilla Palmilla Grand, Col. Sábalo Country Club, Mazatlán, Sinaloa, México, C.P. 82100, ID: 29958407",3 Recámaras | 4 Baños,https://propiedades.comhttps://propiedades.com/inmuebles/casa-en-venta-exclusivo-residencial-palmilla-palmilla-grand-sabalo-country-club-sinaloa-29958407
Sinaloa,3,2026-04-06 03:08,"$435,000 USD","Romanita de la Peña, Col. Centro, Mazatlán, Sinaloa, México, C.P. 82000, ID: 30525594",7 Recámaras | 277 m 2,https://propiedades.comhttps://propiedades.com/inmuebles/casa-en-venta-romanita-de-la-pena-centro-sinaloa-30525594
Sinaloa,3,2026-04-06 03:08,"$2,353,000 MXN","Venta de casa en Av. Valle de los Andes S/N, Col. Valle Alto, Culiacán, Sinaloa, México, C.P. 80050, ID: 28840221",3 Recámaras | 3 Baños | 136 m 2,https://propiedades.comhttps://propiedades.com/inmuebles/casa-en-venta-av-valle-de-los-andes-sn-valle-alto-sinaloa-28840221
Sinaloa,3,2026-04-06 03:08,"$1,970,000 MXN","Se vende casa 2 de octubre #3768 norte, Col. Vicente Lombardo Toledano, Culiacán, Sinaloa, México, C.P. 80010, ID: 27650505",5 Recámaras | 3 Baños | 189 m 2,https://propiedades.comhttps://propiedades.com/inmuebles/casa-en-venta-2-de-octubre--3768-norte-vicente-lombardo-toledano-sinaloa-27650505
Sinaloa,3,2026-04-06 03:08,"$5,450,000 MXN","privada saint tropez #2587, Col. Montecarlo Residencial, Culiacán, Sinaloa, México, C.P. 80054, ID: 27436978",3 Recámaras | 2 Baños | 184 m 2,https://propiedades.comhttps://propiedades.com/inmuebles/casa-en-venta-privada-saint-tropez-2587-montecarlo-residencial-sinaloa-27436978
Sinaloa,3,2026-04-06 03:08,"$22,500,000 MXN","Casa en venta, Exclusivo Residencial Marina Campo de Golf, Col. Marina Mazatlán, Mazatlán, Sinaloa, México, C.P. 82103, ID: 29868038",5 Recámaras | 6 Baños,https://propiedades.comhttps://propiedades.com/inmuebles/casa-en-venta-exclusivo-residencial-marina-campo-de-golf-marina-mazatlan-sinaloa-29868038
Sinaloa,4,2026-04-06 03:08,"$5,500,000 MXN","Venta de casa en Amanecer #4801, Col. Acueducto, Culiacán, Sinaloa, México, C.P. 80058, ID: 26258194",5 Recámaras | 3 Baños | 343 m 2,https://propiedades.comhttps://propiedades.com/inmuebles/casa-en-venta-amanecer-4801-acueducto-sinaloa-26258194
Sinaloa,4,2026-04-06 03:08,"$10,500,000 MXN","Casa disponible en venta en PLAYA BRUJAS, Col. Cerritos Resort, Mazatlán, Sinaloa, México, C.P. 82112, ID: 30525548",3 Recámaras | 295 m 2,https://propiedades.comhttps://propiedades.com/inmuebles/casa-en-venta-playa-brujas-cerritos-resort-sinaloa-30525548
Sinaloa,4,2026-04-06 03:08,"$4,200,000 MXN","Casa en venta disponible en , Col. Rincón del Valle, Culiacán, Sinaloa, México, C.P. 80155, ID: 30415570",4 Recámaras | 3 Baños | 180 m 2,https://propiedades.comhttps://propiedades.com/inmuebles/casa-en-venta-rincon-del-valle-sinaloa-30415570
Sinaloa,4,2026-04-06 03:08,"$7,250,000 MXN","Venta de casa en , Col. Imala, Culiacán, Sinaloa, México, C.P. 80384, ID: 30371206",5 Recámaras | 4 Baños | 585 m 2,https://propiedades.comhttps://propiedades.com/inmuebles/casa-en-venta-imala-sinaloa-30371206
Sinaloa,4,2026-04-06 03:08,"$5,500,000 MXN","Venta casa en , Col. Portabelo, Culiacán, Sinaloa, México, C.P. 80014, ID: 29246243",3 Recámaras | 3 Baños | 197 m 2,https://propiedades.comhttps://propiedades.com/inmuebles/casa-en-venta-portabelo-sinaloa-29246243
Sinaloa,4,2026-04-06 03:08,"$3,487,000 MXN","Casa disponible en venta en Calzada de las Torres, Col. La Primavera, Culiacán, Sinaloa, México, C.P. 80199, ID: 28648120",3 Recámaras | 3 Baños | 130 m 2,https://propiedades.comhttps://propiedades.com/inmuebles/casa-en-venta-calzada-de-las-torres-la-primavera-sinaloa-28648120
Sinaloa,4,2026-04-06 03:08,"$4,600,000 MXN","Casa en venta, CALLE GENOVA, Col. Real del Valle, Mazatlán, Sinaloa, México, C.P. 82124, ID: 30525492",4 Recámaras | 194 m 2,https://propiedades.comhttps://propiedades.com/inmuebles/casa-en-venta-calle-genova-real-del-valle-sinaloa-30525492
Sinaloa,4,2026-04-06 03:08,"$3,069,000 MXN","Casa en venta disponible en Calle ., Col. Punta Esmeralda, Navolato, Sinaloa, México, C.P. 80363, ID: 28658216",2 Recámaras | 1 Baño | 82 m 2,https://propiedades.comhttps://propiedades.com/inmuebles/casa-en-venta-calle-punta-esmeralda-sinaloa-28658216
Sinaloa,4,2026-04-06 03:08,"$4,300,000 MXN","Altea #4350, Col. Privada La Rinconada, Culiacán, Sinaloa, México, C.P. 80028, ID: 29713540",3 Recámaras | 3 Baños | 226 m 2,https://propiedades.comhttps://propiedades.com/inmuebles/casa-en-venta-altea-4350-privada-la-rinconada-sinaloa-29713540
Sinaloa,4,2026-04-06 03:08,"$4,100,000 MXN","Venta de casa Fraccionamiento Hacienda del Seminario Mazatlán, Col. Hacienda del Seminario, Mazatlán, Sinaloa, México, C.P. 82129, ID: 29506372",3 Recámaras | 2 Baños,https://propiedades.comhttps://propiedades.com/inmuebles/casa-en-venta-fraccionamiento-hacienda-del-seminario-mazatlan-hacienda-del-seminario-sinaloa-29506372
Sinaloa,4,2026-04-06 03:08,"$2,750,000 MXN","Venta de casa VEREDAS, Col. Hacienda del Mar, Mazatlán, Sinaloa, México, C.P. 82120, ID: 29397771",3 Recámaras | 3 Baños | 105 m 2,https://propiedades.comhttps://propiedades.com/inmuebles/casa-en-venta-veredas-hacienda-del-mar-sinaloa-29397771
Sinaloa,4,2026-04-06 03:08,"$1,940,000 MXN","Venta de casa en , Col. Country del Río III, Culiacán, Sinaloa, México, C.P. 80050, ID: 30711971",3 Recámaras | 1 Baño | 120 m 2,https://propiedades.comhttps://propiedades.com/inmuebles/casa-en-venta-country-del-rio-iii-sinaloa-30711971
Sinaloa,4,2026-04-06 03:08,"$5,639,000 MXN","Casa en venta, Avenida San Juan Diego #4088, Col. Villa Del Real, Culiacán, Sinaloa, México, C.P. 80247, ID: 27421254",3 Recámaras | 3 Baños | 317 m 2,https://propiedades.comhttps://propiedades.com/inmuebles/casa-en-venta-avenida-san-juan-diego-4088-villa-del-real-sinaloa-27421254
Sinaloa,4,2026-04-06 03:08,"$1,750,000 MXN","Casa en venta, ., Col. Altata, Navolato, Sinaloa, México, C.P. 80363, ID: 28535995",2 Recámaras | 1 Baño | 36 m 2,https://propiedades.comhttps://propiedades.com/inmuebles/casa-en-venta-altata-sinaloa-28535995
Sinaloa,4,2026-04-06 03:08,"$4,550,000 MXN","Chiapas, Col. Antonio Rosales, Culiacán, Sinaloa, México, C.P. 80230, ID: 29287507",3 Recámaras | 3 Baños | 222 m 2,https://propiedades.comhttps://propiedades.com/inmuebles/casa-en-venta-chiapas-antonio-rosales-sinaloa-29287507
Sinaloa,4,2026-04-06 03:08,"$20,000,000 MXN","Casa en venta disponible en MONTE AZUL ESQUINA CALLE MONTE PIRINEOS #SN, Col. Montebello, Culiacán, Sinaloa, México, C.P. 80227, ID: 23700174",4 Recámaras | 3 Baños | 710 m 2,https://propiedades.comhttps://propiedades.com/inmuebles/casa-en-venta-monte-azul-esquina-calle-monte-pirineos-sn-montebello-sinaloa-23700174
Sinaloa,4,2026-04-06 03:08,"$15,000,000 MXN","Casa disponible en venta en , Col. La Primavera, Culiacán, Sinaloa, México, C.P. 80434, ID: 29038444",4 Recámaras | 4 Baños | 700 m 2,https://propiedades.comhttps://propiedades.com/inmuebles/casa-en-venta-la-primavera-sinaloa-29038444
Sinaloa,4,2026-04-06 03:08,"$8,850,000 MXN","Se vende casa , Col. Culiacán (Culiacán), Culiacán, Sinaloa, México, C.P. 80139, ID: 29866169",3 Recámaras | 3 Baños | 270 m 2,https://propiedades.comhttps://propiedades.com/inmuebles/casa-en-venta-culiacan-culiacan-sinaloa-29866169
Sinaloa,4,2026-04-06 03:08,"$10,900,000 MXN","Venta de casa BARRIO SAN ALBERTO, Col. Campo La Baqueta, Culiacán, Sinaloa, México, C.P. 80300, ID: 28516465",4 Recámaras | 4 Baños | 300 m 2,https://propiedades.comhttps://propiedades.com/inmuebles/casa-en-venta-barrio-san-alberto-campo-la-baqueta-sinaloa-28516465
Sinaloa,4,2026-04-06 03:08,"$3,590,000 MXN","Casa en venta, , Col. Altamira, Culiacán, Sinaloa, México, C.P. 80027, ID: 30580875",3 Recámaras | 2 Baños | 185 m 2,https://propiedades.comhttps://propiedades.com/inmuebles/casa-en-venta-altamira-sinaloa-30580875
Sinaloa,4,2026-04-06 03:08,"$5,395,000 MXN","Casa en venta en Fracc. Hacienda del seminario en Mazatlán ##4300, Col. Hacienda del Seminario, Mazatlán, Sinaloa, México, C.P. 82129, ID: 30784001",4 Recámaras | 4 Baños | 205 m 2,https://propiedades.comhttps://propiedades.com/inmuebles/casa-en-venta-casa-en-venta-en-fracc-hacienda-del-seminario-en-mazatlan-4300-hacienda-del-seminario-sinaloa-30784001
Sinaloa,4,2026-04-06 03:08,"$5,719,000 MXN","Casa en venta disponible en Av del Mar, Col. Telleria, Mazatlán, Sinaloa, México, C.P. 82017, ID: 28840359",1 Recámara | 1 Baño | 93 m 2,https://propiedades.comhttps://propiedades.com/inmuebles/casa-en-venta-av-del-mar-telleria-sinaloa-28840359
Sinaloa,4,2026-04-06 03:08,"$8,500,000 MXN","Casa en venta, , Col. Colinas de San Miguel, Culiacán, Sinaloa, México, C.P. 80228, ID: 28937663",3 Recámaras | 4 Baños | 319 m 2,https://propiedades.comhttps://propiedades.com/inmuebles/casa-en-venta-colinas-de-san-miguel-sinaloa-28937663
Sinaloa,4,2026-04-06 03:08,"$4,700,000 MXN","Casa en venta, Sonterra, Col. Sonterra Residencial II, Mazatlán, Sinaloa, México, C.P. 82124, ID: 29429178",4 Recámaras | 3 Baños,https://propiedades.comhttps://propiedades.com/inmuebles/casa-en-venta-sonterra-sonterra-residencial-ii-sinaloa-29429178
Sinaloa,4,2026-04-06 03:08,"$5,967,000 MXN",", Col. Las Quintas, Culiacán, Sinaloa, México, C.P. 80060, ID: 30471469",7 Recámaras | 5 Baños | 258 m 2,https://propiedades.comhttps://propiedades.com/inmuebles/casa-en-venta-las-quintas-sinaloa-30471469
Sinaloa,4,2026-04-06 03:08,"$15,000,000 MXN","Se vende casa en Residencial Exclusivo El Cid, Col. El Cid, Mazatlán, Sinaloa, México, C.P. 82110, ID: 29833112",3 Recámaras | 3 Baños,https://propiedades.comhttps://propiedades.com/inmuebles/casa-en-venta-residencial-exclusivo-el-cid-el-cid-sinaloa-29833112
Sinaloa,4,2026-04-06 03:08,"$3,300,000 MXN","Venta casa en Ocean Villas, Col. Altata, Navolato, Sinaloa, México, C.P. 80363, ID: 28704501",3 Recámaras | 2 Baños | 113 m 2,https://propiedades.comhttps://propiedades.com/inmuebles/casa-en-venta-ocean-villas-altata-sinaloa-28704501
Sinaloa,4,2026-04-06 03:08,"$8,750,000 MXN","Casa en venta, Coral, Col. Cerritos al Mar, Mazatlán, Sinaloa, México, C.P. 82112, ID: 30778770",3 Recámaras | 260 m 2,https://propiedades.comhttps://propiedades.com/inmuebles/casa-en-venta-coral-cerritos-al-mar-sinaloa-30778770
Sinaloa,4,2026-04-06 03:08,"$4,950,000 MXN","Venta casa en Sonterra Residencial, Col. Sonterra Residencial II, Mazatlán, Sinaloa, México, C.P. 82124, ID: 29732537",4 Recámaras | 3 Baños,https://propiedades.comhttps://propiedades.com/inmuebles/casa-en-venta-sonterra-residencial-sonterra-residencial-ii-sinaloa-29732537
Sinaloa,4,2026-04-06 03:08,"$1,998,000 MXN","Casa en venta disponible en blvd. perisur 2, Col. Barrio de San Luis, Culiacán, Sinaloa, México, C.P. 80199, ID: 28648114",2 Recámaras | 1 Baño | 66 m 2,https://propiedades.comhttps://propiedades.com/inmuebles/casa-en-venta-blvd-perisur-2-barrio-de-san-luis-sinaloa-28648114
Sinaloa,4,2026-04-06 03:08,"$3,250,000 MXN","Venta casa en Calle Miguel Hidalgo #4580, Col. Genaro Estrada, Culiacán, Sinaloa, México, C.P. 80080, ID: 28428031",3 Recámaras | 3 Baños | 198 m 2,https://propiedades.comhttps://propiedades.com/inmuebles/casa-en-venta-calle-miguel-hidalgo-4580-genaro-estrada-sinaloa-28428031
Sinaloa,4,2026-04-06 03:08,"$4,250,000 MXN","Casa en venta disponible en Calle General Angel Flores #651, Col. Centro Sinaloa, Culiacán, Sinaloa, México, C.P. 80000, ID: 30283451",4 Recámaras | 3 Baños | 332 m 2,https://propiedades.comhttps://propiedades.com/inmuebles/casa-en-venta-calle-general-angel-flores-651-centro-sinaloa-sinaloa-30283451
Sinaloa,4,2026-04-06 03:08,"$5,500,000 MXN","Venta de casa en Estado de Puebla #1408, Col. Las Quintas, Culiacán, Sinaloa, México, C.P. 80060, ID: 30774426",4 Recámaras | 3 Baños | 250 m 2,https://propiedades.comhttps://propiedades.com/inmuebles/casa-en-venta-estado-de-puebla-1408-las-quintas-sinaloa-30774426
Sinaloa,4,2026-04-06 03:08,"$11,643,000 MXN","Casa disponible en venta en Paseo de España , Col. Alegranza, Culiacán, Sinaloa, México, C.P. 80025, ID: 27504871",3 Recámaras | 4 Baños | 432 m 2,https://propiedades.comhttps://propiedades.com/inmuebles/casa-en-venta-paseo-de-espana--alegranza-sinaloa-27504871
Sinaloa,4,2026-04-06 03:08,"$2,200,000 MXN","Venta casa en Ignacio Aldama #462, Col. Miguel Alemán, Culiacán, Sinaloa, México, C.P. 80200, ID: 27845675",5 Recámaras | 2 Baños | 331 m 2,https://propiedades.comhttps://propiedades.com/inmuebles/casa-en-venta-ignacio-aldama-462-miguel-aleman-sinaloa-27845675
Sinaloa,4,2026-04-06 03:08,"$7,300,000 MXN","Venta casa en , Col. La Primavera, Culiacán, Sinaloa, México, C.P. 80434, ID: 30672965",3 Recámaras | 3 Baños | 220 m 2,https://propiedades.comhttps://propiedades.com/inmuebles/casa-en-venta-la-primavera-sinaloa-30672965
Sinaloa,4,2026-04-06 03:08,"$7,600,000 MXN","Se vende casa en Avenida Federalismo, Col. Recursos Hidráulicos, Culiacán, Sinaloa, México, C.P. 80105, ID: 29986452",4 Recámaras | 4 Baños | 301 m 2,https://propiedades.comhttps://propiedades.com/inmuebles/casa-en-venta-avenida-federalismo-recursos-hidraulicos-sinaloa-29986452
Sinaloa,4,2026-04-06 03:08,"$3,085,300 MXN","Venta de casa AV PASEO DEL PACÍFICO, Col. Marina Mazatlán, Mazatlán, Sinaloa, México, C.P. 82103, ID: 28692491",3 Recámaras | 2 Baños | 136 m 2,https://propiedades.comhttps://propiedades.com/inmuebles/casa-en-venta-av-paseo-del-pacifico-marina-mazatlan-sinaloa-28692491
Sinaloa,5,2026-04-06 03:08,"$6,990,000 MXN","Casa en venta disponible en ALTABRISA RESIDENCIAL, Col. Altabrisa Residencial, Mazatlán, Sinaloa, México, C.P. 82112, ID: 29705789",4 Recámaras | 3 Baños,https://propiedades.comhttps://propiedades.com/inmuebles/casa-en-venta-altabrisa-residencial-altabrisa-residencial-sinaloa-29705789
Sinaloa,5,2026-04-06 03:08,"$4,269,500 MXN","Venta de casa AV .DEL PACIFICO, Col. Marina Mazatlán, Mazatlán, Sinaloa, México, C.P. 82103, ID: 28445765",3 Recámaras,https://propiedades.comhttps://propiedades.com/inmuebles/casa-en-venta-av-del-pacifico-marina-mazatlan-sinaloa-28445765
Sinaloa,5,2026-04-06 03:08,"$6,990,000 MXN","Venta casa en Circuito Maralago #3, Col. Maralago, Culiacán, Sinaloa, México, C.P. 80014, ID: 30096843",3 Recámaras | 3 Baños | 309 m 2,https://propiedades.comhttps://propiedades.com/inmuebles/casa-en-venta-circuito-maralago-3-maralago-sinaloa-30096843
Sinaloa,5,2026-04-06 03:08,"$4,250,000 MXN","Venta de casa en Cerrada Mar de Bering #1706, Col. Azul Marino, Mazatlán, Sinaloa, México, C.P. 82112, ID: 28140494",4 Recámaras | 4 Baños | 128 m 2,https://propiedades.comhttps://propiedades.com/inmuebles/casa-en-venta-cerrada-mar-de-bering-1706-azul-marino-sinaloa-28140494
Sinaloa,5,2026-04-06 03:08,"$4,980,000 MXN","Venta de casa , Col. Marina Mazatlán, Mazatlán, Sinaloa, México, C.P. 82103, ID: 28788048",4 Recámaras | 4 Baños,https://propiedades.comhttps://propiedades.com/inmuebles/casa-en-venta-marina-mazatlan-sinaloa-28788048
Sinaloa,5,2026-04-06 03:08,"$6,200,000 MXN","Venta de casa en altabrisa, Col. Altabrisa Residencial, Mazatlán, Sinaloa, México, C.P. 82112, ID: 29732538",4 Recámaras | 3 Baños,https://propiedades.comhttps://propiedades.com/inmuebles/casa-en-venta-altabrisa-altabrisa-residencial-sinaloa-29732538
Sinaloa,5,2026-04-06 03:08,"$2,992,000 MXN","Casa disponible en venta en VEREDAS, Col. Hacienda del Mar, Mazatlán, Sinaloa, México, C.P. 82120, ID: 29397770",3 Recámaras | 2 Baños | 120 m 2,https://propiedades.comhttps://propiedades.com/inmuebles/casa-en-venta-veredas-hacienda-del-mar-sinaloa-29397770
Sinaloa,5,2026-04-06 03:08,"$3,260,000 MXN","Casa disponible en venta en Av Paseo del Pacífico, Col. El Venadillo, Mazatlán, Sinaloa, México, C.P. 82129, ID: 28840289",2 Recámaras | 2 Baños | 194 m 2,https://propiedades.comhttps://propiedades.com/inmuebles/casa-en-venta-av-paseo-del-pacifico-el-venadillo-sinaloa-28840289
Sinaloa,5,2026-04-06 03:08,"$1,946,000 MXN","Se vende casa Samoa, Col. Perisur, Culiacán, Sinaloa, México, C.P. 80197, ID: 28840298",2 Recámaras | 1 Baño | 66 m 2,https://propiedades.comhttps://propiedades.com/inmuebles/casa-en-venta-samoa-perisur-sinaloa-28840298
Sinaloa,5,2026-04-06 03:08,"$12,000,000 MXN","Casa en venta disponible en Fraccionamiento Paraíso Marina, Col. Paraíso, Mazatlán, Sinaloa, México, C.P. 82125, ID: 29453103",4 Recámaras | 4 Baños,https://propiedades.comhttps://propiedades.com/inmuebles/casa-en-venta-fraccionamiento-paraiso-marina-paraiso-sinaloa-29453103
Sinaloa,5,2026-04-06 03:08,"$35,000,000 MXN","Venta casa en CATAMARAN, MARINA CAMPO DE GOLF #6200, Col. Marina Mazatlán, Mazatlán, Sinaloa, México, C.P. 82103, ID: 30542063",5 Recámaras | 6 Baños | 749 m 2,https://propiedades.comhttps://propiedades.com/inmuebles/casa-en-venta-catamaran-marina-campo-de-golf-6200-marina-mazatlan-sinaloa-30542063
Sinaloa,5,2026-04-06 03:08,"$2,200,000 MXN","Venta de casa Adriana Torres, Col. Libertad de Expresión, Mazatlán, Sinaloa, México, C.P. 82127, ID: 30525556",3 Recámaras | 130 m 2,https://propiedades.comhttps://propiedades.com/inmuebles/casa-en-venta-adriana-torres-libertad-de-expresion-sinaloa-30525556
Sinaloa,5,2026-04-06 03:08,"$2,168,098 MXN","Casa en venta disponible en Privada Punto Sur , Col. Real Del Country, Culiacán, Sinaloa, México, C.P. 80104, ID: 28704632",3 Recámaras | 1 Baño | 85 m 2,https://propiedades.comhttps://propiedades.com/inmuebles/casa-en-venta-privada-punto-sur--real-del-country-sinaloa-28704632
Sinaloa,5,2026-04-06 03:08,"$6,595,000 MXN","Venta de casa SONTERRA, Col. Real del Valle, Mazatlán, Sinaloa, México, C.P. 82124, ID: 29453102",4 Recámaras | 4 Baños,https://propiedades.comhttps://propiedades.com/inmuebles/casa-en-venta-sonterra-real-del-valle-sinaloa-29453102
Sinaloa,5,2026-04-06 03:08,"$8,950,000 MXN","Venta casa en , Col. La Primavera, Culiacán, Sinaloa, México, C.P. 80434, ID: 30436307",3 Recámaras | 3 Baños | 283 m 2,https://propiedades.comhttps://propiedades.com/inmuebles/casa-en-venta-la-primavera-sinaloa-30436307
Sinaloa,5,2026-04-06 03:08,"$4,900,000 MXN","Residencial Coto Platino, Col. Coto Platino, Mazatlán, Sinaloa, México, C.P. 82124, ID: 29868039",4 Recámaras | 4 Baños,https://propiedades.comhttps://propiedades.com/inmuebles/casa-en-venta-residencial-coto-platino-coto-platino-sinaloa-29868039
Sinaloa,5,2026-04-06 03:08,"$8,500,000 MXN","Venta casa en , Col. Cerritos Resort, Mazatlán, Sinaloa, México, C.P. 82112, ID: 26430761",3 Recámaras | 2 Baños | 250 m 2,https://propiedades.comhttps://propiedades.com/inmuebles/casa-en-venta-cerritos-resort-sinaloa-26430761
Sinaloa,5,2026-04-06 03:08,"$2,800,000 MXN","Casa disponible en venta en CRISTERNA, Col. El Rosario Centro, Rosario, Sinaloa, México, C.P. 82800, ID: 25753157",3 Recámaras | 1 Baño | 246 m 2,https://propiedades.comhttps://propiedades.com/inmuebles/casa-en-venta-cristerna-el-rosario-centro-sinaloa-25753157
Sinaloa,5,2026-04-06 03:08,"$590,000 MXN","Atun 3906, Fraccionamiento Real Pacífico, 82124 Mazatlán, Sin. #3906, Col. Terranova, Mazatlán, Sinaloa, México, C.P. 82124, ID: 30505149",3 Recámaras | 2 Baños | 137 m 2,https://propiedades.comhttps://propiedades.com/inmuebles/casa-en-venta-atun-3906-fraccionamiento-real-pacifico-82124-mazatlan-sin-3906-terranova-sinaloa-30505149
Sinaloa,5,2026-04-06 03:08,"$7,490,000 MXN","Venta de casa ALTABRISA, Col. Altabrisa Residencial, Mazatlán, Sinaloa, México, C.P. 82112, ID: 27450889",3 Recámaras | 4 Baños | 327 m 2,https://propiedades.comhttps://propiedades.com/inmuebles/casa-en-venta-altabrisa-altabrisa-residencial-sinaloa-27450889
Sinaloa,5,2026-04-06 03:08,"$6,950,000 MXN","BOULEVARD ALTABRISA, Col. Altabrisa Residencial, Mazatlán, Sinaloa, México, C.P. 82112, ID: 28409964",4 Recámaras | 3 Baños | 295 m 2,https://propiedades.comhttps://propiedades.com/inmuebles/casa-en-venta-boulevard-altabrisa-altabrisa-residencial-sinaloa-28409964
Sinaloa,5,2026-04-06 03:08,"$2,850,000 MXN","Casa en venta disponible en , Col. Residencial Hacienda, Culiacán, Sinaloa, México, C.P. 80015, ID: 29905466",3 Recámaras | 1 Baño | 122 m 2,https://propiedades.comhttps://propiedades.com/inmuebles/casa-en-venta-residencial-hacienda-sinaloa-29905466
Sinaloa,5,2026-04-06 03:08,"$2,831,623 MXN","Se vende casa Carretera a Imala, Col. Floresta, Culiacán, Sinaloa, México, C.P. 80014, ID: 28704597",3 Recámaras | 2 Baños | 155 m 2,https://propiedades.comhttps://propiedades.com/inmuebles/casa-en-venta-carretera-a-imala-floresta-sinaloa-28704597
Sinaloa,5,2026-04-06 03:08,"$7,800,000 MXN","Casa en venta disponible en San Agustín, Col. Campo La Baqueta, Culiacán, Sinaloa, México, C.P. 80300, ID: 30366623",3 Recámaras | 2 Baños | 184 m 2,https://propiedades.comhttps://propiedades.com/inmuebles/casa-en-venta-san-agustin-campo-la-baqueta-sinaloa-30366623
Sinaloa,5,2026-04-06 03:08,"$3,157,740 MXN","Casa en venta disponible en Residencial La Rioja, Col. Valle Alto, Culiacán, Sinaloa, México, C.P. 80050, ID: 28704455",3 Recámaras | 2 Baños | 136 m 2,https://propiedades.comhttps://propiedades.com/inmuebles/casa-en-venta-residencial-la-rioja-valle-alto-sinaloa-28704455
Sinaloa,5,2026-04-06 03:08,"$9,300,000 MXN","delin, Col. Marina Mazatlán, Mazatlán, Sinaloa, México, C.P. 82103, ID: 29692202",4 Recámaras | 4 Baños,https://propiedades.comhttps://propiedades.com/inmuebles/casa-en-venta-delin-marina-mazatlan-sinaloa-29692202
Sinaloa,5,2026-04-06 03:08,"$4,200,000 MXN","Venta de casa , Col. Villas Santa Anita, Culiacán, Sinaloa, México, C.P. 80058, ID: 29416651",2 Recámaras | 3 Baños | 267 m 2,https://propiedades.comhttps://propiedades.com/inmuebles/casa-en-venta-villas-santa-anita-sinaloa-29416651
Sinaloa,5,2026-04-06 03:08,"$7,700,000 MXN","Venta casa en , Col. La Primavera, Culiacán, Sinaloa, México, C.P. 80434, ID: 29866171",3 Recámaras | 3 Baños | 256 m 2,https://propiedades.comhttps://propiedades.com/inmuebles/casa-en-venta-la-primavera-sinaloa-29866171
Sinaloa,5,2026-04-06 03:08,"$8,000,000 MXN","Casa en venta, Vista al Horizonte #362, Col. Lomas del Bosque, Culiacán, Sinaloa, México, C.P. 80179, ID: 29962475",3 Recámaras | 3 Baños | 255 m 2,https://propiedades.comhttps://propiedades.com/inmuebles/casa-en-venta-vista-al-horizonte-362-lomas-del-bosque-sinaloa-29962475
Sinaloa,5,2026-04-06 03:08,"$3,150,000 MXN","Venta casa en Corredor a Imala, Col. Zona Dorada, Culiacán, Sinaloa, México, C.P. 80014, ID: 28704476",3 Recámaras | 4 Baños | 123 m 2,https://propiedades.comhttps://propiedades.com/inmuebles/casa-en-venta-corredor-a-imala-zona-dorada-sinaloa-28704476
Sinaloa,5,2026-04-06 03:08,"$5,500,000 MXN",", Col. Pradera Dorada, Culiacán, Sinaloa, México, C.P. 80058, ID: 29511366",5 Recámaras | 4 Baños | 300 m 2,https://propiedades.comhttps://propiedades.com/inmuebles/casa-en-venta-pradera-dorada-sinaloa-29511366
Sinaloa,5,2026-04-06 03:08,"$4,300,000 MXN","Casa en venta, JUAN DE DIOS BATIZ #549, Col. Guadalupe, Culiacán, Sinaloa, México, C.P. 80220, ID: 29435691",3 Recámaras | 3 Baños | 250 m 2,https://propiedades.comhttps://propiedades.com/inmuebles/casa-en-venta-juan-de-dios-batiz-549-guadalupe-sinaloa-29435691
Sinaloa,5,2026-04-06 03:08,"$5,100,000 MXN","Se vende casa poste 6 S/N, Col. Santorini, Navolato, Sinaloa, México, C.P. 80363, ID: 30685987",4 Recámaras | 4 Baños | 250 m 2,https://propiedades.comhttps://propiedades.com/inmuebles/casa-en-venta-poste-6-sn-santorini-sinaloa-30685987
Sinaloa,5,2026-04-06 03:08,"$4,500,000 MXN","Venta casa en alfonso zaragoza, Col. Bonanza, Culiacán, Sinaloa, México, C.P. 80020, ID: 29938412",3 Recámaras | 3 Baños | 188 m 2,https://propiedades.comhttps://propiedades.com/inmuebles/casa-en-venta-alfonso-zaragoza-bonanza-sinaloa-29938412
Sinaloa,5,2026-04-06 03:08,"$1,950,000 MXN","Casa en venta disponible en Circuito ValladolidInt. 6233, Col. Versalles, Culiacán, Sinaloa, México, C.P. 80145, ID: 29445875",3 Recámaras | 1 Baño | 119 m 2,https://propiedades.comhttps://propiedades.com/inmuebles/casa-en-venta-circuito-valladolid-versalles-sinaloa-29445875
Sinaloa,5,2026-04-06 03:08,"$5,500,000 MXN","Avenida de Arado #978, Col. Residencial Hacienda, Culiacán, Sinaloa, México, C.P. 80015, ID: 28028793",6 Recámaras | 5 Baños | 386 m 2,https://propiedades.comhttps://propiedades.com/inmuebles/casa-en-venta-avenida-de-arado-978-residencial-hacienda-sinaloa-28028793
Sinaloa,5,2026-04-06 03:08,"$5,500,000 MXN","Venta de casa Fraccionamiento Exclusivo El Cid, Col. El Cid, Mazatlán, Sinaloa, México, C.P. 82110, ID: 29519331",3 Recámaras | 3 Baños,https://propiedades.comhttps://propiedades.com/inmuebles/casa-en-venta-fraccionamiento-exclusivo-el-cid-el-cid-sinaloa-29519331
Sinaloa,5,2026-04-06 03:08,"$9,050,000 MXN","Casa en venta, vialidad del congreso #2401Int. 46, Col. Las Moras, Culiacán, Sinaloa, México, C.P. 80100, ID: 26881630",3 Recámaras | 3 Baños | 404 m 2,https://propiedades.comhttps://propiedades.com/inmuebles/casa-en-venta-vialidad-del-congreso-2401-las-moras-sinaloa-26881630
Sinaloa,5,2026-04-06 03:08,"$3,940,000 MXN","Se vende casa en Limón de los Ramos, Col. El Limón de los Ramos, Culiacán, Sinaloa, México, C.P. 80305, ID: 28704475",2 Recámaras | 2 Baños | 279 m 2,https://propiedades.comhttps://propiedades.com/inmuebles/casa-en-venta-limon-de-los-ramos-el-limon-de-los-ramos-sinaloa-28704475
Sinaloa,6,2026-04-06 03:09,"$6,200,000 MXN","Casa en venta, Circuito Mediterráneo, Col. Altabrisa Residencial, Mazatlán, Sinaloa, México, C.P. 82112, ID: 28080523",4 Recámaras | 3 Baños | 225 m 2,https://propiedades.comhttps://propiedades.com/inmuebles/casa-en-venta-circuito-mediterraneo-altabrisa-residencial-sinaloa-28080523
Sinaloa,6,2026-04-06 03:09,"$66,000,000 MXN","Casa en venta, EL DELFIN, Col. Cerritos Resort, Mazatlán, Sinaloa, México, C.P. 82112, ID: 24783862",10 Recámaras | 11 Baños | 996 m 2,https://propiedades.comhttps://propiedades.com/inmuebles/casa-en-venta-el-delfin-cerritos-resort-sinaloa-24783862
Sinaloa,6,2026-04-06 03:09,"$5,950,000 MXN","Se vende casa en Delfin Residencial, Col. Marina Mazatlán, Mazatlán, Sinaloa, México, C.P. 82103, ID: 29429176",4 Recámaras | 4 Baños,https://propiedades.comhttps://propiedades.com/inmuebles/casa-en-venta-delfin-residencial-marina-mazatlan-sinaloa-29429176
Sinaloa,6,2026-04-06 03:09,"$6,950,000 MXN","Privada Residencial Lomita, Col. Colinas de San Miguel, Culiacán, Sinaloa, México, C.P. 80228, ID: 28704576",3 Recámaras | 3 Baños | 344 m 2,https://propiedades.comhttps://propiedades.com/inmuebles/casa-en-venta-privada-residencial-lomita-colinas-de-san-miguel-sinaloa-28704576
Sinaloa,6,2026-04-06 03:09,"$6,850,000 MXN","Via Cilene ""SOLES PARQUE RESIDENCIAL"", Col. Cerritos al Mar, Mazatlán, Sinaloa, México, C.P. 82112, ID: 24649688",3 Recámaras | 233 m 2,https://propiedades.comhttps://propiedades.com/inmuebles/casa-en-venta-via-cilene-soles-parque-residencial-cerritos-al-mar-sinaloa-24649688
Sinaloa,6,2026-04-06 03:09,"$550,000 MXN","Se vende casa en Mestizos #2112, Col. Villa de Cortes, Ahome, Sinaloa, México, C.P. 81270, ID: 29124099",3 Recámaras | 3 Baños | 140 m 2,https://propiedades.comhttps://propiedades.com/inmuebles/casa-en-venta-mestizos-2112-villa-de-cortes-sinaloa-29124099
Sinaloa,6,2026-04-06 03:09,"$2,184,000 MXN","VEREDAS, Col. Hacienda del Mar, Mazatlán, Sinaloa, México, C.P. 82120, ID: 29397769",3 Recámaras | 1 Baño | 70 m 2,https://propiedades.comhttps://propiedades.com/inmuebles/casa-en-venta-veredas-hacienda-del-mar-sinaloa-29397769
Sinaloa,6,2026-04-06 03:09,"$10,000,000 MXN","Se vende casa en EL CID EXCLUSIVO FRACCIONAMIENTO, Col. El Cid, Mazatlán, Sinaloa, México, C.P. 82110, ID: 29715920",3 Recámaras | 2 Baños,https://propiedades.comhttps://propiedades.com/inmuebles/casa-en-venta-el-cid-exclusivo-fraccionamiento-el-cid-sinaloa-29715920
Sinaloa,6,2026-04-06 03:09,"$9,000,000 MXN","Se vende casa Ciudad de Guadalajara #1286, Col. Las Quintas, Culiacán, Sinaloa, México, C.P. 80060, ID: 26727100",4 Recámaras | 4 Baños | 329 m 2,https://propiedades.comhttps://propiedades.com/inmuebles/casa-en-venta-ciudad-de-guadalajara-1286-las-quintas-sinaloa-26727100
Sinaloa,6,2026-04-06 03:09,"$1,700,000 MXN","Casa disponible en venta en Andador Orquideas #210, Col. Jacarandas, Mazatlán, Sinaloa, México, C.P. 82157, ID: 29236390",5 Recámaras | 2 Baños | 133 m 2,https://propiedades.comhttps://propiedades.com/inmuebles/casa-en-venta-andador-orquideas-210-jacarandas-sinaloa-29236390
Sinaloa,6,2026-04-06 03:09,"$3,400,000 MXN","Se vende casa en Punta Esmeralda, Col. Altata, Navolato, Sinaloa, México, C.P. 80363, ID: 28840295",3 Recámaras | 3 Baños,https://propiedades.comhttps://propiedades.com/inmuebles/casa-en-venta-punta-esmeralda-altata-sinaloa-28840295
Sinaloa,6,2026-04-06 03:09,"$28,500,000 MXN","Venta casa en Río Sinaloa #275, Col. Guadalupe, Culiacán, Sinaloa, México, C.P. 80220, ID: 28128305",6 Recámaras | 5 Baños | 911 m 2,https://propiedades.comhttps://propiedades.com/inmuebles/casa-en-venta-rio-sinaloa-275-guadalupe-sinaloa-28128305
Sinaloa,6,2026-04-06 03:09,"$8,500,000 MXN","CERRO MONTELARGO, Col. Colinas de San Miguel, Culiacán, Sinaloa, México, C.P. 80228, ID: 29753155",3 Recámaras | 3 Baños | 509 m 2,https://propiedades.comhttps://propiedades.com/inmuebles/casa-en-venta-cerro-montelargo-colinas-de-san-miguel-sinaloa-29753155
Sinaloa,6,2026-04-06 03:09,"$3,600,000 MXN","Venta de casa TERCERA, Col. Las Torres, Mazatlán, Sinaloa, México, C.P. 82154, ID: 30525483",3 Recámaras | 210 m 2,https://propiedades.comhttps://propiedades.com/inmuebles/casa-en-venta-tercera-las-torres-sinaloa-30525483
Sinaloa,6,2026-04-06 03:09,"$10,500,000 MXN","Se vende casa en Avenida Agustín Verdugo #1075, Col. Chapultepec, Culiacán, Sinaloa, México, C.P. 80040, ID: 28235395",5 Recámaras | 4 Baños | 306 m 2,https://propiedades.comhttps://propiedades.com/inmuebles/casa-en-venta-avenida-agustin-verdugo-1075-chapultepec-sinaloa-28235395
Sinaloa,6,2026-04-06 03:09,"$7,200,000 MXN","Casa en venta disponible en ponce de León, Col. Chapultepec, Culiacán, Sinaloa, México, C.P. 80040, ID: 28840293",3 Recámaras | 3 Baños | 210 m 2,https://propiedades.comhttps://propiedades.com/inmuebles/casa-en-venta-ponce-de-leon-chapultepec-sinaloa-28840293
Sinaloa,6,2026-04-06 03:09,"$26,000,000 MXN","Se vende casa TOMAS DE RUEDA, Col. Marina El Cid, Mazatlán, Sinaloa, México, C.P. 82102, ID: 27621675",5 Recámaras | 4 Baños | 510 m 2,https://propiedades.comhttps://propiedades.com/inmuebles/casa-en-venta-tomas-de-rueda-marina-el-cid-sinaloa-27621675
Sinaloa,6,2026-04-06 03:09,"$4,200,000 MXN","Casa disponible en venta en Neovita Residencial, Circuito Maria de Jesus, Col. Marina Mazatlán, Mazatlán, Sinaloa, México, C.P. 82103, ID: 26450157",3 Recámaras | 165 m 2,https://propiedades.comhttps://propiedades.com/inmuebles/casa-en-venta-neovita-residencial-circuito-maria-de-jesus-marina-mazatlan-sinaloa-26450157
Sinaloa,6,2026-04-06 03:09,"$7,750,000 MXN","Venta de casa en Blvd. Altabrisa #1718, Col. Altabrisa Residencial, Mazatlán, Sinaloa, México, C.P. 82112, ID: 28013703",4 Recámaras | 4 Baños | 270 m 2,https://propiedades.comhttps://propiedades.com/inmuebles/casa-en-venta-blvd-altabrisa-1718-altabrisa-residencial-sinaloa-28013703
Sinaloa,6,2026-04-06 03:09,"$2,323,000 MXN","Venta de casa blvd. perisur 2, Col. Barrio de San Luis, Culiacán, Sinaloa, México, C.P. 80199, ID: 28648113",3 Recámaras | 1 Baño | 85 m 2,https://propiedades.comhttps://propiedades.com/inmuebles/casa-en-venta-blvd-perisur-2-barrio-de-san-luis-sinaloa-28648113
Sinaloa,6,2026-04-06 03:09,"$5,150,000 MXN","Casa en venta disponible en sonterra, Col. Sonterra Residencial II, Mazatlán, Sinaloa, México, C.P. 82124, ID: 29732532",4 Recámaras | 4 Baños,https://propiedades.comhttps://propiedades.com/inmuebles/casa-en-venta-sonterra-sonterra-residencial-ii-sinaloa-29732532
Sinaloa,6,2026-04-06 03:09,"$35,000,000 MXN","Venta casa en CATAMARAN, MARINA CAMPO DE GOLF, Col. Club Real, Mazatlán, Sinaloa, México, C.P. 82113, ID: 30540890",3 Recámaras | 749 m 2,https://propiedades.comhttps://propiedades.com/inmuebles/casa-en-venta-catamaran-marina-campo-de-golf-club-real-sinaloa-30540890
Sinaloa,6,2026-04-06 03:09,"$17,850,000 MXN","Venta casa en Residencial Exclusivo Marina Campo de Golf !, Col. Marina Mazatlán, Mazatlán, Sinaloa, México, C.P. 82103, ID: 29833113",4 Recámaras | 4 Baños,https://propiedades.comhttps://propiedades.com/inmuebles/casa-en-venta-residencial-exclusivo-marina-campo-de-golf-marina-mazatlan-sinaloa-29833113
Sinaloa,6,2026-04-06 03:09,"$5,800,000 MXN","Venta de casa cerro de las cruces #712Int. 0, Col. Colinas de San Miguel, Culiacán, Sinaloa, México, C.P. 80228, ID: 28718528",1 Baño | 162 m 2,https://propiedades.comhttps://propiedades.com/inmuebles/casa-en-venta-cerro-de-las-cruces--712-colinas-de-san-miguel-sinaloa-28718528
Sinaloa,6,2026-04-06 03:09,"$8,371,000 MXN","Doña Sol, Col. Zona Dorada, Mazatlán, Sinaloa, México, C.P. 82110, ID: 30525595",4 Recámaras | 341 m 2,https://propiedades.comhttps://propiedades.com/inmuebles/casa-en-venta-dona-sol-zona-dorada-sinaloa-30525595
Sinaloa,6,2026-04-06 03:09,"$6,950,000 MXN","Venta de casa en SONTERRA, Col. Real del Valle, Mazatlán, Sinaloa, México, C.P. 82124, ID: 29453101",4 Recámaras | 4 Baños,https://propiedades.comhttps://propiedades.com/inmuebles/casa-en-venta-sonterra-real-del-valle-sinaloa-29453101
Sinaloa,6,2026-04-06 03:09,"$6,500,000 MXN","Se vende casa en , Col. Chapultepec, Culiacán, Sinaloa, México, C.P. 80040, ID: 30410838",3 Recámaras | 3 Baños | 250 m 2,https://propiedades.comhttps://propiedades.com/inmuebles/casa-en-venta-chapultepec-sinaloa-30410838
Sinaloa,6,2026-04-06 03:09,"$19,500,000 MXN","Casa disponible en venta en Exclusivo Residencial Marina Campo de Golf, Col. Marina Mazatlán, Mazatlán, Sinaloa, México, C.P. 82103, ID: 29879464",5 Recámaras | 6 Baños,https://propiedades.comhttps://propiedades.com/inmuebles/casa-en-venta-exclusivo-residencial-marina-campo-de-golf-marina-mazatlan-sinaloa-29879464
Sinaloa,6,2026-04-06 03:09,"$2,600,000 MXN","C. GUILLERMO KELLY OSUNA, Col. Ampliación Francisco Alarcón (Venadillo II), Mazatlán, Sinaloa, México, C.P. 82132, ID: 30455928",1 Recámara | 180 m 2,https://propiedades.comhttps://propiedades.com/inmuebles/casa-en-venta-c-guillermo-kelly-osuna-ampliacion-francisco-alarcon-venadillo-ii-sinaloa-30455928
Sinaloa,6,2026-04-06 03:09,"$9,500,000 MXN","Casa en venta disponible en juan pablo II #36, Col. Guadalupe, Culiacán, Sinaloa, México, C.P. 80220, ID: 30464385",4 Recámaras | 4 Baños | 658 m 2,https://propiedades.comhttps://propiedades.com/inmuebles/casa-en-venta-juan-pablo-ii-36-guadalupe-sinaloa-30464385
Sinaloa,6,2026-04-06 03:09,"$14,950,000 MXN","Casa en venta, Boulevard Isla Musalá, Col. Paseo Del Rio, Culiacán, Sinaloa, México, C.P. 80040, ID: 29754324",5 Recámaras | 5 Baños | 495 m 2,https://propiedades.comhttps://propiedades.com/inmuebles/casa-en-venta-boulevard-isla-musala-paseo-del-rio-sinaloa-29754324
Sinaloa,6,2026-04-06 03:09,"$9,531,000 MXN","SAN ALBERTO, Col. Campo Patricia, Culiacán, Sinaloa, México, C.P. 80300, ID: 29753518",3 Recámaras | 3 Baños | 300 m 2,https://propiedades.comhttps://propiedades.com/inmuebles/casa-en-venta-san-alberto-campo-patricia-sinaloa-29753518
Sinaloa,6,2026-04-06 03:09,"$1,995,000 MXN","COLONIA LOS ROBLES A UN LADO DE VALLES DEL EJIDO, Col. Los Robles, Mazatlán, Sinaloa, México, C.P. 82134, ID: 30295185",3 Recámaras | 2 Baños,https://propiedades.comhttps://propiedades.com/inmuebles/casa-en-venta-colonia-los-robles-a-un-lado-de-valles-del-ejido-los-robles-sinaloa-30295185
Sinaloa,6,2026-04-06 03:09,"$3,990,000 MXN","Venta de casa Covarrubias, Col. Centro, Mazatlán, Sinaloa, México, C.P. 82000, ID: 30525443",3 Recámaras | 149 m 2,https://propiedades.comhttps://propiedades.com/inmuebles/casa-en-venta-covarrubias-centro-sinaloa-30525443
Sinaloa,6,2026-04-06 03:09,"$900,000 MXN","Calle Fresno #1844, Col. 20 de Noviembre Viejo, Ahome, Sinaloa, México, C.P. 81363, ID: 28541754",3 Recámaras | 3 Baños | 240 m 2,https://propiedades.comhttps://propiedades.com/inmuebles/casa-en-venta-calle-fresno-1844-20-de-noviembre-viejo-sinaloa-28541754
Sinaloa,6,2026-04-06 03:09,"$3,980,000 MXN","Venta de casa Boulevard del LagoInt. 66, Col. Los Angeles, Culiacán, Sinaloa, México, C.P. 80014, ID: 29992258",4 Recámaras | 3 Baños | 157 m 2,https://propiedades.comhttps://propiedades.com/inmuebles/casa-en-venta-boulevard-del-lago-los-angeles-sinaloa-29992258
Sinaloa,6,2026-04-06 03:09,"$16,500,000 MXN","los alamos, Col. Los Álamos, Culiacán, Sinaloa, México, C.P. 80100, ID: 29797941",5 Recámaras | 5 Baños | 485 m 2,https://propiedades.comhttps://propiedades.com/inmuebles/casa-en-venta-los-alamos-los-alamos-sinaloa-29797941
Sinaloa,6,2026-04-06 03:09,"$9,900,000 MXN","Venta de casa en , Col. Guadalupe, Culiacán, Sinaloa, México, C.P. 80220, ID: 29816190",4 Recámaras | 4 Baños | 420 m 2,https://propiedades.comhttps://propiedades.com/inmuebles/casa-en-venta-guadalupe-sinaloa-29816190
Sinaloa,6,2026-04-06 03:09,"$4,300,000 MXN","Casa disponible en venta en Cordillera, Col. Valle Alto, Culiacán, Sinaloa, México, C.P. 80050, ID: 29980869",3 Recámaras | 2 Baños | 204 m 2,https://propiedades.comhttps://propiedades.com/inmuebles/casa-en-venta-cordillera-valle-alto-sinaloa-29980869
Sinaloa,6,2026-04-06 03:09,"$2,970,000 MXN","Casa disponible en venta en Verdun #4143, Col. Villas Santa Anita, Culiacán, Sinaloa, México, C.P. 80058, ID: 29255985",3 Recámaras | 3 Baños | 174 m 2,https://propiedades.comhttps://propiedades.com/inmuebles/casa-en-venta-verdun-4143-villas-santa-anita-sinaloa-29255985
Sinaloa,6,2026-04-06 03:09,"$8,950,000 MXN","Venta casa en Boulevard Alfonso Zaragoza Maytorena, Col. Bonanza, Culiacán, Sinaloa, México, C.P. 80020, ID: 29266118",5 Recámaras | 5 Baños | 365 m 2,https://propiedades.comhttps://propiedades.com/inmuebles/casa-en-venta-boulevard-alfonso-zaragoza-maytorena-bonanza-sinaloa-29266118
Sinaloa,6,2026-04-06 03:09,"$4,800,000 MXN","Se vende casa en coto atlntico, Col. Marina Mazatlán, Mazatlán, Sinaloa, México, C.P. 82103, ID: 29692204",3 Recámaras | 2 Baños,https://propiedades.comhttps://propiedades.com/inmuebles/casa-en-venta-coto-atlntico-marina-mazatlan-sinaloa-29692204
Sinaloa,6,2026-04-06 03:09,"$4,750,000 MXN","Venta de casa en COTO PLATINO, Col. Coto Platino, Mazatlán, Sinaloa, México, C.P. 82124, ID: 29705786",3 Recámaras | 2 Baños,https://propiedades.comhttps://propiedades.com/inmuebles/casa-en-venta-coto-platino-coto-platino-sinaloa-29705786
Sinaloa,7,2026-04-06 03:09,"$4,200,000 MXN","Casa disponible en venta en SAN DARIO, Col. Real del Valle, Mazatlán, Sinaloa, México, C.P. 82124, ID: 30141978",3 Recámaras | 3 Baños | 165 m 2,https://propiedades.comhttps://propiedades.com/inmuebles/casa-en-venta-san-dario-real-del-valle-sinaloa-30141978
Sinaloa,7,2026-04-06 03:09,"$7,500,000 MXN","Se vende casa Avenida Federalismo, Col. Recursos Hidráulicos, Culiacán, Sinaloa, México, C.P. 80105, ID: 29546973",3 Recámaras | 3 Baños | 267 m 2,https://propiedades.comhttps://propiedades.com/inmuebles/casa-en-venta-avenida-federalismo-recursos-hidraulicos-sinaloa-29546973
Sinaloa,7,2026-04-06 03:09,"$6,900,000 MXN","Se vende casa Boulevard Pedro Infante, Col. Residencial San José, Culiacán, Sinaloa, México, C.P. 80100, ID: 29975753",3 Recámaras | 3 Baños | 261 m 2,https://propiedades.comhttps://propiedades.com/inmuebles/casa-en-venta-boulevard-pedro-infante-residencial-san-jose-sinaloa-29975753
Sinaloa,7,2026-04-06 03:09,"$9,995,000 MXN","Se vende casa Calle del Observatorio, Col. Cerro del Vigía, Mazatlán, Sinaloa, México, C.P. 82040, ID: 30567685",3 Recámaras | 502 m 2,https://propiedades.comhttps://propiedades.com/inmuebles/casa-en-venta-calle-del-observatorio-cerro-del-vigia-sinaloa-30567685
Sinaloa,7,2026-04-06 03:09,"$5,950,000 MXN","Venta de casa RUFINO TAMAYO #205, Col. Tres Ríos, Culiacán, Sinaloa, México, C.P. 80020, ID: 30396319",3 Recámaras | 3 Baños | 242 m 2,https://propiedades.comhttps://propiedades.com/inmuebles/casa-en-venta-rufino-tamayo-205-tres-rios-sinaloa-30396319
Sinaloa,7,2026-04-06 03:09,"$12,000,000 MXN","Venta de casa en Paraíso Marina, Col. Paraíso, Mazatlán, Sinaloa, México, C.P. 82125, ID: 29732534",4 Recámaras | 4 Baños,https://propiedades.comhttps://propiedades.com/inmuebles/casa-en-venta-paraiso-marina-paraiso-sinaloa-29732534
Sinaloa,7,2026-04-06 03:09,"$2,600,000 MXN","Se vende casa Calle ., Col. Alturas del Sur, Culiacán, Sinaloa, México, C.P. 80295, ID: 29713507",3 Recámaras | 2 Baños | 172 m 2,https://propiedades.comhttps://propiedades.com/inmuebles/casa-en-venta-calle-alturas-del-sur-sinaloa-29713507
Sinaloa,7,2026-04-06 03:09,"$3,815,000 MXN","Se vende casa circuito carabelas, Col. Almar, Mazatlán, Sinaloa, México, C.P. 82112, ID: 29321582",3 Recámaras | 2 Baños | 101 m 2,https://propiedades.comhttps://propiedades.com/inmuebles/casa-en-venta-circuito-carabelas-almar-sinaloa-29321582
Sinaloa,7,2026-04-06 03:09,"$19,500,000 MXN","Se vende casa Exclusivo Residencial Campo de Golf, Col. Marina Mazatlán, Mazatlán, Sinaloa, México, C.P. 82103, ID: 29800133",5 Recámaras | 6 Baños,https://propiedades.comhttps://propiedades.com/inmuebles/casa-en-venta-exclusivo-residencial-campo-de-golf-marina-mazatlan-sinaloa-29800133
Sinaloa,7,2026-04-06 03:09,"$7,300,000 MXN","Casa en venta disponible en QUINTAS DEL MAR, Col. Quintas del Mar, Mazatlán, Sinaloa, México, C.P. 82112, ID: 30525740",3 Recámaras | 180 m 2,https://propiedades.comhttps://propiedades.com/inmuebles/casa-en-venta-quintas-del-mar-quintas-del-mar-sinaloa-30525740
Sinaloa,7,2026-04-06 03:09,"$4,850,000 MXN","Casa en venta, COTO PLATINO, Col. Coto Platino, Mazatlán, Sinaloa, México, C.P. 82124, ID: 29692201",4 Recámaras | 3 Baños,https://propiedades.comhttps://propiedades.com/inmuebles/casa-en-venta-coto-platino-coto-platino-sinaloa-29692201
Sinaloa,7,2026-04-06 03:09,"$6,300,000 MXN","Casa en venta, Villa Costa Azul, Col. Mediterráneo Club Residencial, Mazatlán, Sinaloa, México, C.P. 82113, ID: 30525653",3 Recámaras | 164 m 2,https://propiedades.comhttps://propiedades.com/inmuebles/casa-en-venta-villa-costa-azul-mediterraneo-club-residencial-sinaloa-30525653
Sinaloa,7,2026-04-06 03:09,"$13,300,000 MXN","Se vende casa en Barrio San Juan, Col. Campo Patricia, Culiacán, Sinaloa, México, C.P. 80300, ID: 30122442",3 Recámaras | 3 Baños | 398 m 2,https://propiedades.comhttps://propiedades.com/inmuebles/casa-en-venta-barrio-san-juan-campo-patricia-sinaloa-30122442
Sinaloa,7,2026-04-06 03:09,"$3,200,000 MXN","Venta de casa Exclusivo Fraccionamiento Real del Valle, Col. Real del Valle, Mazatlán, Sinaloa, México, C.P. 82124, ID: 29974802",3 Recámaras | 2 Baños,https://propiedades.comhttps://propiedades.com/inmuebles/casa-en-venta-exclusivo-fraccionamiento-real-del-valle-real-del-valle-sinaloa-29974802
Sinaloa,7,2026-04-06 03:09,"$2,500,000 MXN","Casa en venta, coto Miramar, Col. Altata, Navolato, Sinaloa, México, C.P. 80363, ID: 30068445",3 Recámaras | 2 Baños | 120 m 2,https://propiedades.comhttps://propiedades.com/inmuebles/casa-en-venta-coto-miramar-altata-sinaloa-30068445
Sinaloa,7,2026-04-06 03:09,"$11,000,000 MXN","Se vende casa , Col. Chapultepec, Culiacán, Sinaloa, México, C.P. 80040, ID: 28794935",3 Baños | 320 m 2,https://propiedades.comhttps://propiedades.com/inmuebles/casa-en-venta-chapultepec-sinaloa-28794935
Sinaloa,7,2026-04-06 03:09,"$6,850,000 MXN","Casa disponible en venta en Rio Nilo, Col. Las Gaviotas, Mazatlán, Sinaloa, México, C.P. 82110, ID: 24778843",3 Recámaras | 220 m 2,https://propiedades.comhttps://propiedades.com/inmuebles/casa-en-venta-rio-nilo-las-gaviotas-sinaloa-24778843
Sinaloa,7,2026-04-06 03:09,"$610,000 MXN","Venta de casa en JOSE NATIVIDAD MACIAS #00, Col. Gustavo Díaz Ordaz, Culiacán, Sinaloa, México, C.P. 80180, ID: 29122132",4 Recámaras | 2 Baños | 168 m 2,https://propiedades.comhttps://propiedades.com/inmuebles/casa-en-venta-jose-natividad-macias-00-gustavo-diaz-ordaz-sinaloa-29122132
Sinaloa,7,2026-04-06 03:09,"$4,150,000 MXN",", Col. Paseo Alameda, Mazatlán, Sinaloa, México, C.P. 82124, ID: 29503538",4 Recámaras | 3 Baños | 220 m 2,https://propiedades.comhttps://propiedades.com/inmuebles/casa-en-venta-paseo-alameda-sinaloa-29503538
Sinaloa,7,2026-04-06 03:09,"$14,500,000 MXN","Casa en venta disponible en VeronaInt. 17, Col. Albaterra, Culiacán, Sinaloa, México, C.P. 80014, ID: 28275860",4 Recámaras | 4 Baños | 450 m 2,https://propiedades.comhttps://propiedades.com/inmuebles/casa-en-venta-verona-albaterra-sinaloa-28275860
Sinaloa,7,2026-04-06 03:09,"$4,500,000 MXN","Casa en venta disponible en Segunda cerrada de Ciudad de victoria #1016, Col. Las Quintas, Culiacán, Sinaloa, México, C.P. 80060, ID: 30305052",3 Recámaras | 3 Baños | 192 m 2,https://propiedades.comhttps://propiedades.com/inmuebles/casa-en-venta-segunda-cerrada-de-ciudad-de-victoria-1016-las-quintas-sinaloa-30305052
Sinaloa,7,2026-04-06 03:09,"$6,000,000 MXN","La Coruña #5925, Col. Altos de Bachigualato, Culiacán, Sinaloa, México, C.P. 80130, ID: 28312522",3 Recámaras | 2 Baños | 203 m 2,https://propiedades.comhttps://propiedades.com/inmuebles/casa-en-venta-la-coruna-5925-altos-de-bachigualato-sinaloa-28312522
Sinaloa,7,2026-04-06 03:09,"$4,630,000 MXN","Se vende casa en corredor imala #SNInt. Sn, Col. El Rincón, Culiacán, Sinaloa, México, C.P. 80384, ID: 28272157",3 Recámaras | 3 Baños | 117 m 2,https://propiedades.comhttps://propiedades.com/inmuebles/casa-en-venta-corredor-imala-sn-el-rincon-sinaloa-28272157
Sinaloa,7,2026-04-06 03:09,"$439,000 USD","Venta casa en Blv. Sabalo Cerritos #3222Int. 2, Col. Cerritos al Mar, Mazatlán, Sinaloa, México, C.P. 82112, ID: 29287129",4 Recámaras | 4 Baños | 298 m 2,https://propiedades.comhttps://propiedades.com/inmuebles/casa-en-venta-blv-sabalo-cerritos-3222-cerritos-al-mar-sinaloa-29287129
Sinaloa,7,2026-04-06 03:09,"$11,000,000 MXN","Casa en venta, San Alberto, Col. La Primavera, Culiacán, Sinaloa, México, C.P. 80199, ID: 30389914",4 Recámaras | 4 Baños | 289 m 2,https://propiedades.comhttps://propiedades.com/inmuebles/casa-en-venta-san-alberto-la-primavera-sinaloa-30389914
Sinaloa,7,2026-04-06 03:09,"$3,800,000 MXN","Se vende casa en Circuito Jurel #3224, Col. Cerritos Resort, Mazatlán, Sinaloa, México, C.P. 82112, ID: 29310156",3 Recámaras | 4 Baños | 132 m 2,https://propiedades.comhttps://propiedades.com/inmuebles/casa-en-venta-circuito-jurel-3224-cerritos-resort-sinaloa-29310156
Sinaloa,7,2026-04-06 03:09,"$8,109,000 MXN","Casa disponible en venta en ISLA DE GUADALUPE #1509, Col. Las Quintas, Culiacán, Sinaloa, México, C.P. 80060, ID: 27553157",3 Recámaras | 3 Baños | 356 m 2,https://propiedades.comhttps://propiedades.com/inmuebles/casa-en-venta-isla-de-guadalupe-1509-las-quintas-sinaloa-27553157
Sinaloa,7,2026-04-06 03:09,"$3,800,000 MXN",", Col. Altata, Navolato, Sinaloa, México, C.P. 80363, ID: 27861582",4 Recámaras | 5 Baños | 278 m 2,https://propiedades.comhttps://propiedades.com/inmuebles/casa-en-venta-altata-sinaloa-27861582
Sinaloa,7,2026-04-06 03:09,"$5,750,000 MXN","Se vende casa en Paseo de la Isla, Col. Marina Mazatlán, Mazatlán, Sinaloa, México, C.P. 82103, ID: 30547911",3 Recámaras | 173 m 2,https://propiedades.comhttps://propiedades.com/inmuebles/casa-en-venta-paseo-de-la-isla-marina-mazatlan-sinaloa-30547911
Sinaloa,7,2026-04-06 03:09,"$384,000 MXN","Venta de casa Valle de San Lorenzo #0, Col. Valles Del Sol, Culiacán, Sinaloa, México, C.P. 80143, ID: 29122102",2 Recámaras | 1 Baño | 80 m 2,https://propiedades.comhttps://propiedades.com/inmuebles/casa-en-venta-valle-de-san-lorenzo-valles-del-sol-sinaloa-29122102
Sinaloa,7,2026-04-06 03:09,"$10,500,000 MXN","Casa en venta, Calle ., Col. Culiacán Tres Ríos, Culiacán, Sinaloa, México, C.P. 80050, ID: 26751420",3 Recámaras | 600 m 2,https://propiedades.comhttps://propiedades.com/inmuebles/casa-en-venta-calle--culiacan-tres-rios-sinaloa-26751420
Sinaloa,7,2026-04-06 03:09,"$13,750,000 MXN","Venta de casa CARACOL, PLAYA BRUJAS, Col. Cerritos Resort, Mazatlán, Sinaloa, México, C.P. 82112, ID: 30714725",1 Recámara,https://propiedades.comhttps://propiedades.com/inmuebles/casa-en-venta-caracol-playa-brujas-cerritos-resort-sinaloa-30714725
Sinaloa,7,2026-04-06 03:09,"$2,903,446 MXN","Venta de casa en La Rioja, Col. Valle Alto, Culiacán, Sinaloa, México, C.P. 80050, ID: 28704564",3 Recámaras | 2 Baños | 118 m 2,https://propiedades.comhttps://propiedades.com/inmuebles/casa-en-venta-la-rioja-valle-alto-sinaloa-28704564
Sinaloa,7,2026-04-06 03:09,"$333,000 MXN","Casa en venta, av. miguel ramos #0, Col. Chulavista, Culiacán, Sinaloa, México, C.P. 80194, ID: 29122049",2 Recámaras | 1 Baño | 80 m 2,https://propiedades.comhttps://propiedades.com/inmuebles/casa-en-venta-av-miguel-ramos-chulavista-sinaloa-29122049
Sinaloa,7,2026-04-06 03:09,"$3,890,000 MXN","Cibeles, Col. San Rafael, Mazatlán, Sinaloa, México, C.P. 82187, ID: 23311981",3 Recámaras | 3 Baños | 136 m 2,https://propiedades.comhttps://propiedades.com/inmuebles/casa-en-venta-cibeles-san-rafael-sinaloa-23311981
Sinaloa,7,2026-04-06 03:09,"$4,500,000 MXN","Se vende casa en , Col. Sábalo Country Club, Mazatlán, Sinaloa, México, C.P. 82100, ID: 29866172",3 Recámaras | 3 Baños | 216 m 2,https://propiedades.comhttps://propiedades.com/inmuebles/casa-en-venta-sabalo-country-club-sinaloa-29866172
Sinaloa,7,2026-04-06 03:09,"$5,700,000 MXN","Casa en venta disponible en CIRCUITO MEDITERRANEO, Col. Cerritos al Mar, Mazatlán, Sinaloa, México, C.P. 82112, ID: 30525686",4 Recámaras | 225 m 2,https://propiedades.comhttps://propiedades.com/inmuebles/casa-en-venta-circuito-mediterraneo-cerritos-al-mar-sinaloa-30525686
Sinaloa,7,2026-04-06 03:09,"$8,300,000 MXN","Venta de casa en Avenida Sábalo Cerritos #1, Col. Villas de Rueda, Mazatlán, Sinaloa, México, C.P. 82112, ID: 28975597",4 Recámaras | 3 Baños | 272 m 2,https://propiedades.comhttps://propiedades.com/inmuebles/casa-en-venta-avenida-sabalo-cerritos-1-villas-de-rueda-sinaloa-28975597
Sinaloa,7,2026-04-06 03:09,"$9,000,000 MXN","Venta de casa en San Javier , Col. Campo La Baqueta, Culiacán, Sinaloa, México, C.P. 80300, ID: 30517826",3 Recámaras | 3 Baños | 342 m 2,https://propiedades.comhttps://propiedades.com/inmuebles/casa-en-venta-san-javier-campo-la-baqueta-sinaloa-30517826
Sinaloa,7,2026-04-06 03:09,"$2,708,000 MXN","AV PASEO DEL PACÍFICO, Col. Marina Mazatlán, Mazatlán, Sinaloa, México, C.P. 82103, ID: 28692490",3 Recámaras | 2 Baños | 118 m 2,https://propiedades.comhttps://propiedades.com/inmuebles/casa-en-venta-av-paseo-del-pacifico-marina-mazatlan-sinaloa-28692490
Sinaloa,7,2026-04-06 03:09,"$3,338,000 MXN","bugambilias #2233, Col. La Campiña, Culiacán, Sinaloa, México, C.P. 80060, ID: 25930347",8 Recámaras | 2 Baños | 390 m 2,https://propiedades.comhttps://propiedades.com/inmuebles/casa-en-venta-bugambilias-2233-la-campina-sinaloa-25930347
Sinaloa,7,2026-04-06 03:09,"$5,500,000 MXN","SIN / El Ranchito, Col. El Gato, Culiacán, Sinaloa, México, C.P. 80398, ID: 29686162",2 Recámaras | 2 Baños | 374 m 2,https://propiedades.comhttps://propiedades.com/inmuebles/casa-en-venta-sin-el-ranchito-el-gato-sinaloa-29686162
Sinaloa,7,2026-04-06 03:09,"$2,600,000 MXN","Venta casa en Calle Principal, Col. El Walamo, Mazatlán, Sinaloa, México, C.P. 82206, ID: 30525494",2 Recámaras | 38 m 2,https://propiedades.comhttps://propiedades.com/inmuebles/casa-en-venta-calle-principal-el-walamo-sinaloa-30525494
Sinaloa,7,2026-04-06 03:09,"$7,000,000 MXN","Se vende casa en , Col. Chapultepec, Culiacán, Sinaloa, México, C.P. 80040, ID: 29953975",3 Recámaras | 2 Baños | 284 m 2,https://propiedades.comhttps://propiedades.com/inmuebles/casa-en-venta-chapultepec-sinaloa-29953975
Sinaloa,7,2026-04-06 03:09,"$6,840,000 MXN","Venta casa en Av. Sábalo Cerritos 1Villas Puerto Iguanas, Col. Los Cerritos, Culiacán, Sinaloa, México, C.P. 80029, ID: 28840270",3 Recámaras | 4 Baños | 252 m 2,https://propiedades.comhttps://propiedades.com/inmuebles/casa-en-venta-av-sabalo-cerritos-1villas-puerto-iguanas-los-cerritos-sinaloa-28840270
Sinaloa,8,2026-04-06 03:09,"$19,500,000 MXN","Casa en venta, Exclusivo Residencial Marina Campo de Golf, Col. Marina Mazatlán, Mazatlán, Sinaloa, México, C.P. 82103, ID: 29881022",5 Recámaras | 5 Baños,https://propiedades.comhttps://propiedades.com/inmuebles/casa-en-venta-exclusivo-residencial-marina-campo-de-golf-marina-mazatlan-sinaloa-29881022
Sinaloa,8,2026-04-06 03:09,"$13,800,000 MXN","Venta de casa en san Alberto, Col. Campo Patricia, Culiacán, Sinaloa, México, C.P. 80300, ID: 29853828",4 Recámaras | 5 Baños | 409 m 2,https://propiedades.comhttps://propiedades.com/inmuebles/casa-en-venta-san-alberto-campo-patricia-sinaloa-29853828
Sinaloa,8,2026-04-06 03:09,"$5,500,000 MXN","Casa disponible en venta en Coto Platino, Col. Coto Platino, Mazatlán, Sinaloa, México, C.P. 82124, ID: 29429177",4 Recámaras | 4 Baños,https://propiedades.comhttps://propiedades.com/inmuebles/casa-en-venta-coto-platino-coto-platino-sinaloa-29429177
Sinaloa,8,2026-04-06 03:09,"$13,750,000 MXN","CARACOL #L40Int. 3502, Col. Playa Linda, Mazatlán, Sinaloa, México, C.P. 82112, ID: 30697339",4 Recámaras | 6 Baños | 240 m 2,https://propiedades.comhttps://propiedades.com/inmuebles/casa-en-venta-caracol-l40-playa-linda-sinaloa-30697339
Sinaloa,8,2026-04-06 03:09,"$6,595,000 MXN","Se vende casa en sonterra, Col. Marina Mazatlán, Mazatlán, Sinaloa, México, C.P. 82103, ID: 29727422",4 Recámaras | 4 Baños,https://propiedades.comhttps://propiedades.com/inmuebles/casa-en-venta-sonterra-marina-mazatlan-sinaloa-29727422
Sinaloa,8,2026-04-06 03:09,"$8,000,000 MXN",", Col. Cerritos al Mar, Mazatlán, Sinaloa, México, C.P. 82112, ID: 27619082",2 Recámaras | 3 Baños,https://propiedades.comhttps://propiedades.com/inmuebles/casa-en-venta-cerritos-al-mar-sinaloa-27619082
Sinaloa,8,2026-04-06 03:09,"$2,500,000 MXN","Boulevard Perisur, Col. Progreso, Culiacán, Sinaloa, México, C.P. 80197, ID: 29975919",3 Recámaras | 3 Baños | 168 m 2,https://propiedades.comhttps://propiedades.com/inmuebles/casa-en-venta-boulevard-perisur-progreso-sinaloa-29975919
Sinaloa,8,2026-04-06 03:09,"$6,700,000 MXN","Venta de casa en Privada Villas del Mar, Col. Punta Esmeralda, Navolato, Sinaloa, México, C.P. 80363, ID: 27642710",4 Recámaras | 4 Baños | 300 m 2,https://propiedades.comhttps://propiedades.com/inmuebles/casa-en-venta-privada-villas-del-mar-punta-esmeralda-sinaloa-27642710
Sinaloa,8,2026-04-06 03:09,"$9,500,000 MXN","Venta de casa en , Col. La Primavera, Culiacán, Sinaloa, México, C.P. 80434, ID: 30415575",3 Recámaras | 3 Baños | 365 m 2,https://propiedades.comhttps://propiedades.com/inmuebles/casa-en-venta-la-primavera-sinaloa-30415575
Sinaloa,8,2026-04-06 03:09,"$7,300,000 MXN","Venta casa en Quintas del Mar, Col. Cerritos Resort, Mazatlán, Sinaloa, México, C.P. 82112, ID: 25277465",3 Recámaras | 200 m 2,https://propiedades.comhttps://propiedades.com/inmuebles/casa-en-venta-quintas-del-mar-cerritos-resort-sinaloa-25277465
Sinaloa,8,2026-04-06 03:09,"$2,650,000 MXN","catedral del salvador #1827, Col. Portalegre, Culiacán, Sinaloa, México, C.P. 80058, ID: 29542498",3 Recámaras | 2 Baños | 136 m 2,https://propiedades.comhttps://propiedades.com/inmuebles/casa-en-venta-catedral-del-salvador-1827-portalegre-sinaloa-29542498
Sinaloa,8,2026-04-06 03:09,"$3,650,000 MXN","Se vende casa en Andador Santorini #283, Col. Santorini, Navolato, Sinaloa, México, C.P. 80363, ID: 28516460",3 Recámaras | 3 Baños | 180 m 2,https://propiedades.comhttps://propiedades.com/inmuebles/casa-en-venta-andador-santorini-283-santorini-sinaloa-28516460
Sinaloa,8,2026-04-06 03:09,"$11,600,000 MXN","Se vende casa Av. del Palmar, Col. Marina Mazatlán, Mazatlán, Sinaloa, México, C.P. 82103, ID: 28520820",4 Recámaras | 316 m 2,https://propiedades.comhttps://propiedades.com/inmuebles/casa-en-venta-av-del-palmar-marina-mazatlan-sinaloa-28520820
Sinaloa,8,2026-04-06 03:09,"$24,000,000 MXN","Se vende casa Residencial El Cid, Col. El Cid, Mazatlán, Sinaloa, México, C.P. 82110, ID: 29784110",5 Recámaras | 5 Baños,https://propiedades.comhttps://propiedades.com/inmuebles/casa-en-venta-residencial-el-cid-el-cid-sinaloa-29784110
Sinaloa,8,2026-04-06 03:09,"$3,080,000 MXN","Se vende casa en Nativa Residencial, Col. Barrio San José, Culiacán, Sinaloa, México, C.P. 80199, ID: 28704579",2 Recámaras | 2 Baños | 93 m 2,https://propiedades.comhttps://propiedades.com/inmuebles/casa-en-venta-nativa-residencial-barrio-san-jose-sinaloa-28704579
Sinaloa,8,2026-04-06 03:09,"$7,400,000 MXN",", Col. La Primavera, Culiacán, Sinaloa, México, C.P. 80434, ID: 30345097",3 Recámaras | 2 Baños | 184 m 2,https://propiedades.comhttps://propiedades.com/inmuebles/casa-en-venta-la-primavera-sinaloa-30345097
Sinaloa,8,2026-04-06 03:09,"$11,990,000 MXN","Casa en venta disponible en Av del Rosario YNTRA SRA, Col. Cerritos Resort, Mazatlán, Sinaloa, México, C.P. 82112, ID: 30525455",4 Recámaras | 308 m 2,https://propiedades.comhttps://propiedades.com/inmuebles/casa-en-venta-av-del-rosario-yntra-sra-cerritos-resort-sinaloa-30525455
Sinaloa,8,2026-04-06 03:09,"$2,270,000 MXN","Venta casa en Nuevo Altata #0, Col. Altata, Navolato, Sinaloa, México, C.P. 80363, ID: 28249062",3 Recámaras | 2 Baños | 74 m 2,https://propiedades.comhttps://propiedades.com/inmuebles/casa-en-venta-nuevo-altata-altata-sinaloa-28249062
Sinaloa,8,2026-04-06 03:09,"$4,250,000 MXN","Se vende casa PACIFICO HILLS, Col. Real Pacífico, Mazatlán, Sinaloa, México, C.P. 82124, ID: 29744811",3 Recámaras | 3 Baños,https://propiedades.comhttps://propiedades.com/inmuebles/casa-en-venta-pacifico-hills-real-pacifico-sinaloa-29744811
Sinaloa,8,2026-04-06 03:09,"$8,500,000 MXN","Casa en venta, , Col. La Primavera, Culiacán, Sinaloa, México, C.P. 80434, ID: 29547657",4 Recámaras | 4 Baños | 278 m 2,https://propiedades.comhttps://propiedades.com/inmuebles/casa-en-venta-la-primavera-sinaloa-29547657
Sinaloa,8,2026-04-06 03:09,"$1,874,250 MXN","Se vende casa en Boulevard Perisur, Col. Perisur, Culiacán, Sinaloa, México, C.P. 80197, ID: 30151481",3 Recámaras | 2 Baños | 75 m 2,https://propiedades.comhttps://propiedades.com/inmuebles/casa-en-venta-boulevard-perisur-perisur-sinaloa-30151481
Sinaloa,8,2026-04-06 03:09,"$4,900,000 MXN","Se vende casa Av. Alvaro Obregon #1759 nte., Col. Tierra Blanca, Culiacán, Sinaloa, México, C.P. 80030, ID: 28704510",2 Recámaras | 1 Baño | 418 m 2,https://propiedades.comhttps://propiedades.com/inmuebles/casa-en-venta-av-alvaro-obregon-1759-nte-tierra-blanca-sinaloa-28704510
Sinaloa,8,2026-04-06 03:09,"$280,000 USD","Venta de casa JOSE MARIA MORELOS Y PAVON, Col. Centro, Mazatlán, Sinaloa, México, C.P. 82000, ID: 30525487",2 Recámaras | 174 m 2,https://propiedades.comhttps://propiedades.com/inmuebles/casa-en-venta-jose-maria-morelos-y-pavon-centro-sinaloa-30525487
Sinaloa,8,2026-04-06 03:09,"$2,350,000 MXN","Casa en venta disponible en GUADALUPE VICTORIA #3303, Col. Burócrata, Mazatlán, Sinaloa, México, C.P. 82163, ID: 29843563",3 Recámaras | 2 Baños | 132 m 2,https://propiedades.comhttps://propiedades.com/inmuebles/casa-en-venta-guadalupe-victoria-3303-burocrata-sinaloa-29843563
Sinaloa,8,2026-04-06 03:09,"$7,000,000 MXN","Casa en venta disponible en AVE. SABALO CERRITOS, Col. Quintas del Mar, Mazatlán, Sinaloa, México, C.P. 82112, ID: 30733210",3 Recámaras | 194 m 2,https://propiedades.comhttps://propiedades.com/inmuebles/casa-en-venta-ave-sabalo-cerritos-quintas-del-mar-sinaloa-30733210
Sinaloa,8,2026-04-06 03:09,"$4,800,000 MXN","Se vende casa en Pacífico Hills Residencial, Col. Real Pacífico, Mazatlán, Sinaloa, México, C.P. 82124, ID: 29462721",4 Recámaras | 3 Baños,https://propiedades.comhttps://propiedades.com/inmuebles/casa-en-venta-pacifico-hills-residencial-real-pacifico-sinaloa-29462721
Sinaloa,8,2026-04-06 03:09,"$21,000,000 MXN","Se vende casa en Exclusivo Residencial El Cid con vista a La Marina, Col. El Cid, Mazatlán, Sinaloa, México, C.P. 82110, ID: 29808330",4 Recámaras | 6 Baños,https://propiedades.comhttps://propiedades.com/inmuebles/casa-en-venta-exclusivo-residencial-el-cid-con-vista-a-la-marina-el-cid-sinaloa-29808330
Sinaloa,8,2026-04-06 03:09,"$3,976,000 MXN","Venta de casa en Calzada de las Torres, Col. Renato Vega Alvarado, Culiacán, Sinaloa, México, C.P. 80199, ID: 28653366",3 Recámaras | 2 Baños | 145 m 2,https://propiedades.comhttps://propiedades.com/inmuebles/casa-en-venta-calzada-de-las-torres-renato-vega-alvarado-sinaloa-28653366
Sinaloa,8,2026-04-06 03:09,"$3,500,000 MXN","Venta de casa en enrique gonzalez martinez #4200, Col. La Amistad, Culiacán, Sinaloa, México, C.P. 80249, ID: 25468617",4 Recámaras | 2 Baños | 270 m 2,https://propiedades.comhttps://propiedades.com/inmuebles/casa-en-venta-enrique-gonzalez-martinez-4200-la-amistad-sinaloa-25468617
Sinaloa,8,2026-04-06 03:09,"$3,700,000 MXN","Gran Vía, Col. Buena Vista, Culiacán, Sinaloa, México, C.P. 80014, ID: 28704627",3 Recámaras | 3 Baños | 186 m 2,https://propiedades.comhttps://propiedades.com/inmuebles/casa-en-venta-gran-via-buena-vista-sinaloa-28704627
Sinaloa,8,2026-04-06 03:09,"$5,200,000 MXN","Venta casa en Palmilla, Col. Cerritos Resort, Mazatlán, Sinaloa, México, C.P. 82112, ID: 26504691",3 Recámaras | 166 m 2,https://propiedades.comhttps://propiedades.com/inmuebles/casa-en-venta-palmilla-cerritos-resort-sinaloa-26504691
Sinaloa,8,2026-04-06 03:09,"$4,000,000 MXN","ALMARENA RESIDENCIAL, CALLE PEGASO #1414, Col. Altabrisa Residencial, Mazatlán, Sinaloa, México, C.P. 82112, ID: 29899865",3 Recámaras | 3 Baños | 119 m 2,https://propiedades.comhttps://propiedades.com/inmuebles/casa-en-venta-almarena-residencial-calle-pegaso-1414-altabrisa-residencial-sinaloa-29899865
Sinaloa,8,2026-04-06 03:09,"$2,918,000 MXN","Venta casa en Calzada de las Torres, Col. Renato Vega Alvarado, Culiacán, Sinaloa, México, C.P. 80199, ID: 28648116",3 Recámaras | 2 Baños | 97 m 2,https://propiedades.comhttps://propiedades.com/inmuebles/casa-en-venta-calzada-de-las-torres-renato-vega-alvarado-sinaloa-28648116
Sinaloa,8,2026-04-06 03:09,"$4,600,000 MXN","Casa en venta disponible en SONTERRA, Col. Marina Mazatlán, Mazatlán, Sinaloa, México, C.P. 82103, ID: 29732530",3 Recámaras | 2 Baños,https://propiedades.comhttps://propiedades.com/inmuebles/casa-en-venta-sonterra-marina-mazatlan-sinaloa-29732530
Sinaloa,8,2026-04-06 03:09,"$8,950,000 MXN","Se vende casa en MAR ADRIATICO, Col. Cerritos al Mar, Mazatlán, Sinaloa, México, C.P. 82112, ID: 30525728",4 Recámaras | 240 m 2,https://propiedades.comhttps://propiedades.com/inmuebles/casa-en-venta-mar-adriatico-cerritos-al-mar-sinaloa-30525728
Sinaloa,8,2026-04-06 03:09,"$5,900,000 MXN","Casa disponible en venta en Nogales ""Sonterra Residencial"", Col. El Venadillo, Mazatlán, Sinaloa, México, C.P. 82129, ID: 27661201",3 Recámaras | 220 m 2,https://propiedades.comhttps://propiedades.com/inmuebles/casa-en-venta-nogales-sonterra-residencial-el-venadillo-sinaloa-27661201
Sinaloa,8,2026-04-06 03:09,"$8,000,000 MXN","Se vende casa Emigdio Flores Sarmiento, Col. Chapultepec, Culiacán, Sinaloa, México, C.P. 80040, ID: 28704567",3 Recámaras | 3 Baños | 348 m 2,https://propiedades.comhttps://propiedades.com/inmuebles/casa-en-venta-emigdio-flores-sarmiento-chapultepec-sinaloa-28704567
Sinaloa,8,2026-04-06 03:09,"$3,800,000 MXN","Venta casa en Avenida Albert Einstein, Col. Colinas de San Miguel, Culiacán, Sinaloa, México, C.P. 80228, ID: 28831566",2 Recámaras | 2 Baños | 116 m 2,https://propiedades.comhttps://propiedades.com/inmuebles/casa-en-venta-avenida-albert-einstein-colinas-de-san-miguel-sinaloa-28831566
Sinaloa,8,2026-04-06 03:09,"$3,508,000 MXN","Venta casa en Ave. Paseo del Pacifico y Oscar Pérez Escobosa, Col. Real del Valle, Mazatlán, Sinaloa, México, C.P. 82124, ID: 28704573",3 Recámaras | 2 Baños | 110 m 2,https://propiedades.comhttps://propiedades.com/inmuebles/casa-en-venta-ave-paseo-del-pacifico-y-oscar-perez-escobosa-real-del-valle-sinaloa-28704573
Sinaloa,8,2026-04-06 03:09,"$12,750,000 MXN","Casa en venta, CERRADA LAGUNILLA, Col. Barron, Mazatlán, Sinaloa, México, C.P. 82266, ID: 27113753",4 Recámaras | 349 m 2,https://propiedades.comhttps://propiedades.com/inmuebles/casa-en-venta-cerrada-lagunilla-barron-sinaloa-27113753
Sinaloa,8,2026-04-06 03:09,"$1,800,000 MXN","Venta de casa en , Col. Bariometo, Navolato, Sinaloa, México, C.P. 80374, ID: 29444655",3 Recámaras | 2 Baños | 181 m 2,https://propiedades.comhttps://propiedades.com/inmuebles/casa-en-venta-bariometo-sinaloa-29444655
Sinaloa,8,2026-04-06 03:09,"$6,480,000 MXN","Se vende casa en Av. Los Sauces, Col. La Campiña, Culiacán, Sinaloa, México, C.P. 80060, ID: 29752616",4 Recámaras | 3 Baños | 302 m 2,https://propiedades.comhttps://propiedades.com/inmuebles/casa-en-venta-av-los-sauces-la-campina-sinaloa-29752616
Sinaloa,8,2026-04-06 03:09,"$3,690,000 MXN","Casa en venta, Residencial Cibeles ""Tierra"", Col. San Rafael, Mazatlán, Sinaloa, México, C.P. 82187, ID: 23196967",3 Recámaras | 123 m 2,https://propiedades.comhttps://propiedades.com/inmuebles/casa-en-venta-residencial-cibeles-tierra-san-rafael-sinaloa-23196967
Sinaloa,8,2026-04-06 03:09,"$4,600,000 MXN","Venta casa en , Col. Burócrata, Culiacán, Sinaloa, México, C.P. 80030, ID: 29506867",4 Recámaras | 4 Baños | 276 m 2,https://propiedades.comhttps://propiedades.com/inmuebles/casa-en-venta-burocrata-sinaloa-29506867
Sinaloa,8,2026-04-06 03:09,"$2,100,000 MXN","Casa disponible en venta en Leonardo Álvarez, Col. Jabalíes, Mazatlán, Sinaloa, México, C.P. 82165, ID: 30525450",3 Recámaras | 146 m 2,https://propiedades.comhttps://propiedades.com/inmuebles/casa-en-venta-leonardo-alvarez-jabalies-sinaloa-30525450
Sinaloa,8,2026-04-06 03:09,"$26,000,000 MXN","Casa disponible en venta en PASEO DEL PALMAR, Col. Marina Mazatlán, Mazatlán, Sinaloa, México, C.P. 82103, ID: 30525590",5 Recámaras | 588 m 2,https://propiedades.comhttps://propiedades.com/inmuebles/casa-en-venta-paseo-del-palmar-marina-mazatlan-sinaloa-30525590
Sinaloa,9,2026-04-06 03:09,"$4,850,000 MXN","Venta casa en Av. Almarena, Col. Cerritos Resort, Mazatlán, Sinaloa, México, C.P. 82112, ID: 28013577",3 Recámaras | 129 m 2,https://propiedades.comhttps://propiedades.com/inmuebles/casa-en-venta-av-almarena-cerritos-resort-sinaloa-28013577
Sinaloa,9,2026-04-06 03:09,"$9,600,000 MXN","Venta de casa Calle ParaísoLote 9, Col. Chulavista, Mazatlán, Sinaloa, México, C.P. 82124, ID: 28840261",,https://propiedades.comhttps://propiedades.com/inmuebles/casa-en-venta-calle-paraisolote-9-chulavista-sinaloa-28840261
Sinaloa,9,2026-04-06 03:09,"$3,950,000 MXN","COSTA AZUL, Col. Azul Pacific, Mazatlán, Sinaloa, México, C.P. 82112, ID: 30597111",3 Recámaras | 110 m 2,https://propiedades.comhttps://propiedades.com/inmuebles/casa-en-venta-costa-azul-azul-pacific-sinaloa-30597111
Sinaloa,9,2026-04-06 03:09,"$7,010,000 MXN","Venta de casa Boulevard sonterra, Col. Prados del Sol, Mazatlán, Sinaloa, México, C.P. 82124, ID: 30525607",4 Recámaras | 281 m 2,https://propiedades.comhttps://propiedades.com/inmuebles/casa-en-venta-boulevard-sonterra-prados-del-sol-sinaloa-30525607
Sinaloa,9,2026-04-06 03:09,"$4,700,000 MXN","Circuito Nuevo Mexico, Col. Hacienda del Seminario, Mazatlán, Sinaloa, México, C.P. 82129, ID: 30525735",3 Recámaras | 168 m 2,https://propiedades.comhttps://propiedades.com/inmuebles/casa-en-venta-circuito-nuevo-mexico-hacienda-del-seminario-sinaloa-30525735
Sinaloa,9,2026-04-06 03:09,"$5,350,000 MXN","Venta de casa en 8G3F+8R Casi esquina con Sábalo, Sinaloa El Habal-Mazatlán, Cerritos, 82112 Mazatlán, Sin., Col. Almarena Residencial, Mazatlán, Sinaloa, México, C.P. 82112, ID: 30896501",3 Recámaras | 3 Baños | 207 m 2,https://propiedades.comhttps://propiedades.com/inmuebles/casa-en-venta-8g3f8r-casi-esquina-con-sabalo-sinaloa-el-habalmazatlan-cerritos-82112-mazatlan-sin-almarena-residencial-sinaloa-30896501
Sinaloa,9,2026-04-06 03:09,"$3,300,000 MXN","Venta de casa Centro Plaza Mochis, 81254 Los Mochis, Sin., Col. La Memoria, Ahome, Sinaloa, México, C.P. 81254, ID: 30884696",3 Recámaras | 2 Baños | 260 m 2,https://propiedades.comhttps://propiedades.com/inmuebles/casa-en-venta-centro-plaza-mochis-81254-los-mochis-sin-la-memoria-sinaloa-30884696
Sinaloa,9,2026-04-06 03:09,"$2,200,000 MXN",", Col. Jacarandas, Mazatlán, Sinaloa, México, C.P. 82157, ID: 29421674",5 Recámaras | 2 Baños | 160 m 2,https://propiedades.comhttps://propiedades.com/inmuebles/casa-en-venta-jacarandas-sinaloa-29421674
Sinaloa,9,2026-04-06 03:09,"$4,200,000 MXN","Casa en venta, Av Paseo del Pacífico, 82124 Mazatlán, Sin., Col. Sonterra Residencial II, Mazatlán, Sinaloa, México, C.P. 82124, ID: 30952914",4 Recámaras | 3 Baños | 195 m 2,https://propiedades.comhttps://propiedades.com/inmuebles/casa-en-venta-av-paseo-del-pacifico-82124-mazatlan-sin-sonterra-residencial-ii-sinaloa-30952914
Sinaloa,9,2026-04-06 03:09,"$1,650,000 MXN","Casa disponible en venta en Francisco Alarcón, 82132 Mazatlán, Sin., Col. Los Caracoles, Mazatlán, Sinaloa, México, C.P. 82132, ID: 30957924",2 Recámaras | 1 Baño | 68 m 2,https://propiedades.comhttps://propiedades.com/inmuebles/casa-en-venta-francisco-alarcon-82132-mazatlan-sin-los-caracoles-sinaloa-30957924
Sinaloa,9,2026-04-06 03:09,"$6,100,000 MXN","Se vende casa , Col. La Primavera, Culiacán, Sinaloa, México, C.P. 80434, ID: 30672963",3 Recámaras | 3 Baños | 200 m 2,https://propiedades.comhttps://propiedades.com/inmuebles/casa-en-venta-la-primavera-sinaloa-30672963
Sinaloa,9,2026-04-06 03:09,"$12,900,000 MXN","Casa disponible en venta en , Col. La Primavera, Culiacán, Sinaloa, México, C.P. 80434, ID: 29846554",4 Recámaras | 4 Baños | 334 m 2,https://propiedades.comhttps://propiedades.com/inmuebles/casa-en-venta-la-primavera-sinaloa-29846554
Sinaloa,9,2026-04-06 03:09,"$6,899,000 MXN","Casa en venta, Av Paseo del Pacífico, 82124 Mazatlán, Sin., Col. Sonterra Residencial II, Mazatlán, Sinaloa, México, C.P. 82124, ID: 30994934",4 Recámaras | 4 Baños | 277 m 2,https://propiedades.comhttps://propiedades.com/inmuebles/casa-en-venta-av-paseo-del-pacifico-82124-mazatlan-sin-sonterra-residencial-ii-sinaloa-30994934
Sinaloa,9,2026-04-06 03:09,"$3,700,000 MXN",", Col. Tierra Blanca, Culiacán, Sinaloa, México, C.P. 80030, ID: 30371200",4 Recámaras | 2 Baños | 150 m 2,https://propiedades.comhttps://propiedades.com/inmuebles/casa-en-venta-tierra-blanca-sinaloa-30371200
Sinaloa,9,2026-04-06 03:09,"$1,699,000 MXN","Las Mañanitas, 82139 Mazatlán, Sin., Col. Las Mañanitas, Mazatlán, Sinaloa, México, C.P. 82139, ID: 31004835",2 Recámaras | 2 Baños | 96 m 2,https://propiedades.comhttps://propiedades.com/inmuebles/casa-en-venta-las-mananitas-82139-mazatlan-sin-las-mananitas-sinaloa-31004835
Sinaloa,9,2026-04-06 03:09,"$3,700,000 MXN","Casa disponible en venta en Casa de una planta en venta en Fracc Hacienda las Cruces, Col. Hacienda Las Cruces, Mazatlán, Sinaloa, México, C.P. 82126, ID: 31005671",3 Recámaras | 2 Baños | 125 m 2,https://propiedades.comhttps://propiedades.com/inmuebles/casa-en-venta-casa-de-una-planta-en-venta-en-fracc-hacienda-las-cruces-hacienda-las-cruces-sinaloa-31005671
Sinaloa,9,2026-04-06 03:09,"$3,785,000 MXN","Casa disponible en venta en Real del Valle, 82124 Mazatlán, Sin., Col. Real del Valle, Mazatlán, Sinaloa, México, C.P. 82124, ID: 30994937",3 Recámaras | 2 Baños | 193 m 2,https://propiedades.comhttps://propiedades.com/inmuebles/casa-en-venta-real-del-valle-82124-mazatlan-sin-real-del-valle-sinaloa-30994937
Sinaloa,9,2026-04-06 03:09,"$4,500,000 MXN","Casa en venta disponible en Casa en venta para remodelar en Fracc Palos Prietos Mazatlán, Col. Palos Prietos, Mazatlán, Sinaloa, México, C.P. 82010, ID: 30948681",3 Recámaras | 2 Baños | 280 m 2,https://propiedades.comhttps://propiedades.com/inmuebles/casa-en-venta-casa-en-venta-para-remodelar-en-fracc-palos-prietos-mazatlan-palos-prietos-sinaloa-30948681
Sinaloa,9,2026-04-06 03:09,"$1,750,000 MXN","Venta de casa 20 de Noviembre, 82150 Mazatlán, Sin., Col. 20 de Noviembre, Mazatlán, Sinaloa, México, C.P. 82150, ID: 31004829",2 Recámaras | 1 Baño | 65 m 2,https://propiedades.comhttps://propiedades.com/inmuebles/casa-en-venta-20-de-noviembre-82150-mazatlan-sin-20-de-noviembre-sinaloa-31004829
Sinaloa,9,2026-04-06 03:09,"$5,500,000 MXN","Se vende casa en , Col. Mediterráneo Club Residencial, Mazatlán, Sinaloa, México, C.P. 82113, ID: 29817651",3 Recámaras | 3 Baños | 200 m 2,https://propiedades.comhttps://propiedades.com/inmuebles/casa-en-venta-mediterraneo-club-residencial-sinaloa-29817651
Sinaloa,9,2026-04-06 03:09,"$3,150,000 MXN","Venta de casa Paseo Los mangos #230, Col. Hacienda Los Mangos, Mazatlán, Sinaloa, México, C.P. 82128, ID: 29384214",3 Recámaras | 3 Baños | 121 m 2,https://propiedades.comhttps://propiedades.com/inmuebles/casa-en-venta-paseo-los-mangos-230-hacienda-los-mangos-sinaloa-29384214
Sinaloa,9,2026-04-06 03:09,"$1,590,000 MXN","Venta de casa Andador Francisco L. Urquizo #4270, Col. INFONAVIT Barrancos, Culiacán, Sinaloa, México, C.P. 80189, ID: 29713313",5 Recámaras | 3 Baños | 175 m 2,https://propiedades.comhttps://propiedades.com/inmuebles/casa-en-venta-andador-francisco-l-urquizo-4270-infonavit-barrancos-sinaloa-29713313
Sinaloa,9,2026-04-06 03:09,"$5,500,000 MXN","Casa en venta disponible en Casa en venta en Fracc Alameda en Mazatlán , Col. Alameda, Mazatlán, Sinaloa, México, C.P. 82123, ID: 30948687",3 Recámaras | 2 Baños | 227 m 2,https://propiedades.comhttps://propiedades.com/inmuebles/casa-en-venta-casa-en-venta-en-fracc-alameda-en-mazatlan-alameda-sinaloa-30948687
Sinaloa,9,2026-04-06 03:09,"$1,850,000 MXN","Se vende casa en Skorpios #321Int. 101A, Col. Santorini, Navolato, Sinaloa, México, C.P. 80363, ID: 28715524",2 Recámaras | 2 Baños | 90 m 2,https://propiedades.comhttps://propiedades.com/inmuebles/casa-en-venta-skorpios-321-santorini-sinaloa-28715524
Sinaloa,9,2026-04-06 03:09,"$139,000 USD","Venta de casa en Callejon Cardenas, Col. Centro, Mazatlán, Sinaloa, México, C.P. 82000, ID: 30727664",2 Recámaras | 83 m 2,https://propiedades.comhttps://propiedades.com/inmuebles/casa-en-venta-callejon-cardenas-centro-sinaloa-30727664
Sinaloa,9,2026-04-06 03:09,"$2,900,000 MXN","Se vende casa CHIHUAHUA #614, Col. Francisco Villa, Mazatlán, Sinaloa, México, C.P. 82127, ID: 30201891",4 Recámaras | 5 Baños | 248 m 2,https://propiedades.comhttps://propiedades.com/inmuebles/casa-en-venta-chihuahua-614-francisco-villa-sinaloa-30201891
Sinaloa,9,2026-04-06 03:09,"$6,800,000 MXN","Se vende casa SONTERRA, Col. Sonterra Residencial II, Mazatlán, Sinaloa, México, C.P. 82124, ID: 29727421",4 Recámaras | 3 Baños,https://propiedades.comhttps://propiedades.com/inmuebles/casa-en-venta-sonterra-sonterra-residencial-ii-sinaloa-29727421
Sinaloa,9,2026-04-06 03:09,"$9,200,000 MXN","Casa disponible en venta en , Col. Desarrollo Urbano 3 Ríos, Culiacán, Sinaloa, México, C.P. 80020, ID: 30351503",4 Recámaras | 4 Baños | 357 m 2,https://propiedades.comhttps://propiedades.com/inmuebles/casa-en-venta-desarrollo-urbano-3-rios-sinaloa-30351503
Sinaloa,9,2026-04-06 03:09,"$1,450,000 MXN","Casa en venta disponible en Casas nuevas en venta en Las Flores Residencial Mazatlán , Col. Santa Teresa, Mazatlán, Sinaloa, México, C.P. 82277, ID: 30925409",2 Recámaras | 1 Baño | 60 m 2,https://propiedades.comhttps://propiedades.com/inmuebles/casa-en-venta-casas-nuevas-en-venta-en-las-flores-residencial-mazatlan-santa-teresa-sinaloa-30925409
Sinaloa,9,2026-04-06 03:09,"$3,500,000 MXN","Casa disponible en venta en Blvd. Hacienda el, Hacienda del Seminario #4300, El Venadillo, 82129 Mazatlán, Sin. ##4300, Col. Hacienda del Seminario, Mazatlán, Sinaloa, México, C.P. 82129, ID: 30994942",4 Recámaras | 3 Baños | 104 m 2,https://propiedades.comhttps://propiedades.com/inmuebles/casa-en-venta-blvd-hacienda-el-hacienda-del-seminario-4300-el-venadillo-82129-mazatlan-sin-4300-hacienda-del-seminario-sinaloa-30994942
Sinaloa,9,2026-04-06 03:09,"$5,600,000 MXN","Casa en venta disponible en Casa en venta en Pacífico Hills en Mazatlán , Col. Sonterra Residencial II, Mazatlán, Sinaloa, México, C.P. 82124, ID: 30925391",4 Recámaras | 3 Baños | 248 m 2,https://propiedades.comhttps://propiedades.com/inmuebles/casa-en-venta-casa-en-venta-en-pacifico-hills-en-mazatlan-sonterra-residencial-ii-sinaloa-30925391
Sinaloa,9,2026-04-06 03:09,"$2,170,000 MXN","Casa en venta, Valle del Ejido, 82134 Mazatlán, Sin., Col. Salinas de Gortari, Mazatlán, Sinaloa, México, C.P. 82134, ID: 31004833",3 Recámaras | 2 Baños | 118 m 2,https://propiedades.comhttps://propiedades.com/inmuebles/casa-en-venta-valle-del-ejido-82134-mazatlan-sin-salinas-de-gortari-sinaloa-31004833
Sinaloa,9,2026-04-06 03:09,"$2,193,153 MXN","el secreto #123, Col. El Secreto, Mazatlán, Sinaloa, México, C.P. 82103, ID: 28587280",3 Recámaras | 2 Baños | 190 m 2,https://propiedades.comhttps://propiedades.com/inmuebles/casa-en-venta-el-secreto-123-el-secreto-sinaloa-28587280
Sinaloa,9,2026-04-06 03:09,"$5,000,000 MXN","Casa en venta, , Col. El Toreo, Mazatlán, Sinaloa, México, C.P. 82120, ID: 29816195",3 Recámaras | 2 Baños | 166 m 2,https://propiedades.comhttps://propiedades.com/inmuebles/casa-en-venta-el-toreo-sinaloa-29816195
Sinaloa,9,2026-04-06 03:09,"$1,450,000 MXN","Casa nueva en venta en Col Renato Vega Mazatlán , Col. Manuel de la Vega, Mazatlán, Sinaloa, México, C.P. 82134, ID: 30925420",2 Recámaras | 1 Baño | 75 m 2,https://propiedades.comhttps://propiedades.com/inmuebles/casa-en-venta-casa-nueva-en-venta-en-col-renato-vega-mazatlan-manuel-de-la-vega-sinaloa-30925420
Sinaloa,9,2026-04-06 03:09,"$2,990,000 MXN","Casa en venta disponible en Colonia Céntrica FERROCARRILERA, Col. Ferrocarrilera, Mazatlán, Sinaloa, México, C.P. 82013, ID: 30217389",2 Recámaras | 2 Baños,https://propiedades.comhttps://propiedades.com/inmuebles/casa-en-venta-colonia-centrica-ferrocarrilera-ferrocarrilera-sinaloa-30217389
Sinaloa,9,2026-04-06 03:09,"$485,000 USD","IZAGURRE ROJO, Col. Centro, Mazatlán, Sinaloa, México, C.P. 82000, ID: 30525643",3 Recámaras | 437 m 2,https://propiedades.comhttps://propiedades.com/inmuebles/casa-en-venta-izagurre-rojo-centro-sinaloa-30525643
Sinaloa,9,2026-04-06 03:09,"$4,600,000 MXN","Casa en venta, Av Paseo del Pacífico, 82275 Mazatlán, Sin., Col. Sonterra Residencial II, Mazatlán, Sinaloa, México, C.P. 82124, ID: 30305097",3 Recámaras | 2 Baños | 168 m 2,https://propiedades.comhttps://propiedades.com/inmuebles/casa-en-venta-av-paseo-del-pacifico-82275-mazatlan-sin-sonterra-residencial-ii-sinaloa-30305097
Sinaloa,9,2026-04-06 03:09,"$2,300,000 MXN","Casa disponible en venta en Calz. de las Torres 46, 80197 Culiacán Rosales, Sin. #46Int. 1594, Col. Parque Andares, Culiacán, Sinaloa, México, C.P. 80197, ID: 30352637",3 Recámaras | 1 Baño,https://propiedades.comhttps://propiedades.com/inmuebles/casa-en-venta-calz-de-las-torres-46-80197-culiacan-rosales-sin-46-parque-andares-sinaloa-30352637
Sinaloa,9,2026-04-06 03:09,"$5,800,000 MXN","Av Paseo del Pacífico, 82275 Mazatlán, Sin.Int. 6496, Col. San Juan, Mazatlán, Sinaloa, México, C.P. 82275, ID: 30305078",4 Recámaras | 3 Baños | 163 m 2,https://propiedades.comhttps://propiedades.com/inmuebles/casa-en-venta-av-paseo-del-pacifico-82275-mazatlan-sin-san-juan-sinaloa-30305078
Sinaloa,9,2026-04-06 03:09,"$1,800,000 MXN","Venta de casa Prados del Sol Mazatlán, Col. Prados del Sol, Mazatlán, Sinaloa, México, C.P. 82124, ID: 29496777",,https://propiedades.comhttps://propiedades.com/inmuebles/casa-en-venta-prados-del-sol-mazatlan-prados-del-sol-sinaloa-29496777
Sinaloa,9,2026-04-06 03:09,"$3,950,000 MXN","Casa en venta disponible en San Pedro, Col. Real del Valle, Mazatlán, Sinaloa, México, C.P. 82124, ID: 30525476",3 Recámaras | 167 m 2,https://propiedades.comhttps://propiedades.com/inmuebles/casa-en-venta-san-pedro-real-del-valle-sinaloa-30525476
Sinaloa,10,2026-04-06 03:09,"$1,700,000 MXN","Casa en venta disponible en Cto. Interior 3 4, La Estancia I, 80143 Culiacán Rosales, Sin. #s/n, Col. Santa Bárbara, Culiacán, Sinaloa, México, C.P. 80143, ID: 30263255",2 Recámaras | 1 Baño | 82 m 2,https://propiedades.comhttps://propiedades.com/inmuebles/casa-en-venta-cto-interior-3-4-la-estancia-i-80143-culiacan-rosales-sin-sn-santa-barbara-sinaloa-30263255
Sinaloa,10,2026-04-06 03:09,"$2,500,000 MXN","Casa en venta disponible en Alfonso de Haro 4706, 80058 Culiacán Rosales, Sin. #4706, Col. Montereal, Culiacán, Sinaloa, México, C.P. 80058, ID: 30373105",2 Recámaras | 1 Baño | 78 m 2,https://propiedades.comhttps://propiedades.com/inmuebles/casa-en-venta-alfonso-de-haro-4706-80058-culiacan-rosales-sin-4706-montereal-sinaloa-30373105
Sinaloa,10,2026-04-06 03:09,"$4,500,000 MXN","Casa disponible en venta en CASA EN VENTA EN FRACC AZUL MARINO MAZATLAN #S/N, Col. Azul Marino, Mazatlán, Sinaloa, México, C.P. 82112, ID: 29834524",3 Recámaras | 3 Baños | 185 m 2,https://propiedades.comhttps://propiedades.com/inmuebles/casa-en-venta-casa-en-venta-en-fracc-azul-marino-mazatlan-sn-azul-marino-sinaloa-29834524
Sinaloa,10,2026-04-06 03:09,"$1,790,000 MXN","Se vende casa Constituyente Juan E. Bávara 34, Buenos Aires, 80199 Culiacán Rosales, Sin. #34, Col. Amado Nervo, Culiacán, Sinaloa, México, C.P. 80199, ID: 30211349",5 Recámaras | 3 Baños | 297 m 2,https://propiedades.comhttps://propiedades.com/inmuebles/casa-en-venta-constituyente-juan-e-bavara-34-buenos-aires-80199-culiacan-rosales-sin-34-amado-nervo-sinaloa-30211349
Sinaloa,10,2026-04-06 03:09,"$6,900,000 MXN","Portal de Hierro #s/n, Col. Portal de Hierro, Ahome, Sinaloa, México, C.P. 81271, ID: 30191874",3 Recámaras | 3 Baños | 294 m 2,https://propiedades.comhttps://propiedades.com/inmuebles/casa-en-venta-portal-de-hierro-sn-portal-de-hierro-sinaloa-30191874
Sinaloa,10,2026-04-06 03:09,"$8,600,000 MXN","Se vende casa EL CID EXCLUSIVO FRACCIONAMIENTO, Col. El Cid, Mazatlán, Sinaloa, México, C.P. 82110, ID: 29709823",3 Recámaras | 3 Baños,https://propiedades.comhttps://propiedades.com/inmuebles/casa-en-venta-el-cid-exclusivo-fraccionamiento-el-cid-sinaloa-29709823
Sinaloa,10,2026-04-06 03:09,"$1,700,000 MXN","Se vende casa Isla de la Piedra, Col. Luis Echeverría Alvarez, Mazatlán, Sinaloa, México, C.P. 82160, ID: 30525699",2 Recámaras | 160 m 2,https://propiedades.comhttps://propiedades.com/inmuebles/casa-en-venta-isla-de-la-piedra-luis-echeverria-alvarez-sinaloa-30525699
Sinaloa,10,2026-04-06 03:09,"$1,050,000 MXN","ANDADOR ARTICULO 73 BARRANCOS IV #s/n, Col. Balcones Del Valle, Culiacán, Sinaloa, México, C.P. 80184, ID: 30251283",2 Recámaras | 1 Baño | 68 m 2,https://propiedades.comhttps://propiedades.com/inmuebles/casa-en-venta-andador-articulo-73-barrancos-iv-sn-balcones-del-valle-sinaloa-30251283
Sinaloa,10,2026-04-06 03:09,"$1,250,000 MXN","Venta de casa 18 de Marzo , 80230 Culiacán Rosales, Sin. #s/n, Col. 5 de Mayo, Culiacán, Sinaloa, México, C.P. 80230, ID: 30351867",2 Recámaras | 1 Baño | 84 m 2,https://propiedades.comhttps://propiedades.com/inmuebles/casa-en-venta-18-de-marzo-80230-culiacan-rosales-sin-sn-5-de-mayo-sinaloa-30351867
Sinaloa,10,2026-04-06 03:09,"$2,300,000 MXN","Culiacán, Sinaloa, Col. Prados Del Sur, Culiacán, Sinaloa, México, C.P. 80296, ID: 30339281",3 Recámaras | 2 Baños,https://propiedades.comhttps://propiedades.com/inmuebles/casa-en-venta-culiacan-sinaloa-prados-del-sur-sinaloa-30339281
Sinaloa,10,2026-04-06 03:09,"$3,600,000 MXN","Se vende casa sabalo cerritos , Col. Almarena Residencial, Mazatlán, Sinaloa, México, C.P. 82112, ID: 30159108",3 Recámaras | 2 Baños | 105 m 2,https://propiedades.comhttps://propiedades.com/inmuebles/casa-en-venta-sabalo-cerritos-almarena-residencial-sinaloa-30159108
Sinaloa,10,2026-04-06 03:09,"$10,550,000 MXN","MARALTO RESIDENCIAL #1, Col. Las Palmas, Mazatlán, Sinaloa, México, C.P. 82112, ID: 28875048",4 Recámaras | 5 Baños | 320 m 2,https://propiedades.comhttps://propiedades.com/inmuebles/casa-en-venta-maralto-residencial-1-las-palmas-sinaloa-28875048
Sinaloa,10,2026-04-06 03:09,"$27,000,000 MXN","Se vende casa en El Cid, Mazatlán, Sin. #s/n, Col. El Cid, Mazatlán, Sinaloa, México, C.P. 82110, ID: 30321340",4 Recámaras | 5 Baños | 463 m 2,https://propiedades.comhttps://propiedades.com/inmuebles/casa-en-venta-el-cid-mazatlan-sin-sn-el-cid-sinaloa-30321340
Sinaloa,10,2026-04-06 03:09,"$3,950,000 MXN","Venta casa en Culiacán, Sinaloa, Col. Aeropuerto, Culiacán, Sinaloa, México, C.P. 80130, ID: 30324548",4 Recámaras | 4 Baños,https://propiedades.comhttps://propiedades.com/inmuebles/casa-en-venta-culiacan-sinaloa-aeropuerto-sinaloa-30324548
Sinaloa,10,2026-04-06 03:09,"$4,000,000 MXN","Culiacán, Sinaloa, Col. Almarena Residencial, Mazatlán, Sinaloa, México, C.P. 82112, ID: 30324533",3 Recámaras | 3 Baños,https://propiedades.comhttps://propiedades.com/inmuebles/casa-en-venta-culiacan-sinaloa-almarena-residencial-sinaloa-30324533
Sinaloa,10,2026-04-06 03:09,"$6,740,000 MXN","Se vende casa Boulevard Altabrisa, Col. El Palmar, Mazatlán, Sinaloa, México, C.P. 82112, ID: 30176536",3 Recámaras | 3 Baños | 245 m 2,https://propiedades.comhttps://propiedades.com/inmuebles/casa-en-venta-boulevard-altabrisa-el-palmar-sinaloa-30176536
Sinaloa,10,2026-04-06 03:09,"$2,000,000 MXN","Venta de casa en Ejido El Venadillo 8848 #8848, Col. Valle Del Ejido, Mazatlán, Sinaloa, México, C.P. 82134, ID: 29941364",3 Recámaras | 2 Baños | 109 m 2,https://propiedades.comhttps://propiedades.com/inmuebles/casa-en-venta-ejido-el-venadillo-8848-8848-valle-del-ejido-sinaloa-29941364
Sinaloa,10,2026-04-06 03:09,"$7,300,000 MXN","Se vende casa BOULEVARD SONTERRA #SN, Col. Sonterra Residencial II, Mazatlán, Sinaloa, México, C.P. 82124, ID: 30162078",4 Recámaras | 4 Baños | 305 m 2,https://propiedades.comhttps://propiedades.com/inmuebles/casa-en-venta-boulevard-sonterra-sn-sonterra-residencial-ii-sinaloa-30162078
Sinaloa,10,2026-04-06 03:09,"$5,350,000 MXN","FRACC SABALO COUNTRY MAZATLAN #SALMON, Col. Palmas del Sol, Mazatlán, Sinaloa, México, C.P. 82103, ID: 29551359",4 Recámaras | 3 Baños | 195 m 2,https://propiedades.comhttps://propiedades.com/inmuebles/casa-en-venta-fracc-sabalo-country-mazatlan-salmon-palmas-del-sol-sinaloa-29551359
Sinaloa,10,2026-04-06 03:09,"$1,250,000 MXN","Casa en venta, ISLAS FRISIAS #SN, Col. Prados Del Sur, Culiacán, Sinaloa, México, C.P. 80296, ID: 30505400",2 Recámaras | 1 Baño | 60 m 2,https://propiedades.comhttps://propiedades.com/inmuebles/casa-en-venta-islas-frisias-sn-prados-del-sur-sinaloa-30505400
Sinaloa,10,2026-04-06 03:09,"$5,900,000 MXN","Casa en venta disponible en av marlin, Col. Sábalo Country Club, Mazatlán, Sinaloa, México, C.P. 82100, ID: 30834646",3 Recámaras | 3 Baños | 188 m 2,https://propiedades.comhttps://propiedades.com/inmuebles/casa-en-venta-av-marlin-sabalo-country-club-sinaloa-30834646
Sinaloa,10,2026-04-06 03:09,"$7,995,000 MXN","Casa en venta disponible en FRACC PARAISO MARINA MAZATLAN, Col. Marina Mazatlán, Mazatlán, Sinaloa, México, C.P. 82103, ID: 29695657",3 Recámaras | 2 Baños | 240 m 2,https://propiedades.comhttps://propiedades.com/inmuebles/casa-en-venta-fracc-paraiso-marina-mazatlan-marina-mazatlan-sinaloa-29695657
Sinaloa,10,2026-04-06 03:09,"$5,950,000 MXN","Casa disponible en venta en Blvd. Pedro Infante 2931, Congreso del Estado, 80107 Culiacán Rosales, Sin. #2931Int. 12, Col. Las Flores, Culiacán, Sinaloa, México, C.P. 80107, ID: 30262697",3 Recámaras | 2 Baños | 220 m 2,https://propiedades.comhttps://propiedades.com/inmuebles/casa-en-venta-blvd-pedro-infante-2931-congreso-del-estado-80107-culiacan-rosales-sin-2931-las-flores-sinaloa-30262697
Sinaloa,10,2026-04-06 03:09,"$6,800,000 MXN","Venta de casa Bari, Las Villas Residencial, 81271 Los Mochis, Sin. #63, Col. Las Villas Residencial, Ahome, Sinaloa, México, C.P. 81271, ID: 30259371",3 Recámaras | 2 Baños | 210 m 2,https://propiedades.comhttps://propiedades.com/inmuebles/casa-en-venta-bari-las-villas-residencial-81271-los-mochis-sin-63-las-villas-residencial-sinaloa-30259371
Sinaloa,10,2026-04-06 03:09,"$5,380,000 MXN","Casa en venta disponible en Cerro de Juvencio Int. 122, Col. Lomas de Mazatlán, Mazatlán, Sinaloa, México, C.P. 82110, ID: 30258701",3 Recámaras | 2 Baños | 195 m 2,https://propiedades.comhttps://propiedades.com/inmuebles/casa-en-venta-cerro-de-juvencio-lomas-de-mazatlan-sinaloa-30258701
Sinaloa,10,2026-04-06 03:09,"$3,990,000 MXN","Se vende casa en Sinaloa El Habal-Mazatlán ALMARENA RESIDENCIAL #s/n, Col. Almarena Residencial, Mazatlán, Sinaloa, México, C.P. 82112, ID: 30202249",3 Recámaras | 3 Baños,https://propiedades.comhttps://propiedades.com/inmuebles/casa-en-venta-sinaloa-el-habalmazatlan-almarena-residencial-sn-almarena-residencial-sinaloa-30202249
Sinaloa,10,2026-04-06 03:09,"$1,300,000 MXN","Se vende casa Culiacán, Sinaloa, Col. Mont Alto, Culiacán, Sinaloa, México, C.P. 80019, ID: 30312979",2 Recámaras | 1 Baño,https://propiedades.comhttps://propiedades.com/inmuebles/casa-en-venta-culiacan-sinaloa-mont-alto-sinaloa-30312979
Sinaloa,10,2026-04-06 03:09,"$23,000,000 MXN","Venta casa en LOS ALAMOS RESIDENCIAL #s/n, Col. Los Álamos, Culiacán, Sinaloa, México, C.P. 80100, ID: 30230260",4 Recámaras | 4 Baños | 627 m 2,https://propiedades.comhttps://propiedades.com/inmuebles/casa-en-venta-los-alamos-residencial-sn-los-alamos-sinaloa-30230260
Sinaloa,10,2026-04-06 03:09,"$7,700,000 MXN","Casa en venta, Baleares #3, Col. Mediterráneo Club Residencial, Mazatlán, Sinaloa, México, C.P. 82113, ID: 29532169",3 Recámaras | 3 Baños | 270 m 2,https://propiedades.comhttps://propiedades.com/inmuebles/casa-en-venta-baleares-3-mediterraneo-club-residencial-sinaloa-29532169
Sinaloa,10,2026-04-06 03:09,"$1,990,000 MXN","Casa en venta disponible en Benito Juárez, Mazatlán, Sin., Col. Benito Juárez, Mazatlán, Sinaloa, México, C.P. 82180, ID: 30693847",3 Recámaras | 2 Baños | 109 m 2,https://propiedades.comhttps://propiedades.com/inmuebles/casa-en-venta-benito-juarez-mazatlan-sin-benito-juarez-sinaloa-30693847
Sinaloa,10,2026-04-06 03:09,"$4,250,000 MXN","Casa en venta, LAS ABAS RESIDENCIAL, Col. Bluu Habitat Lagoons, Mazatlán, Sinaloa, México, C.P. 82124, ID: 28154917",3 Recámaras | 2 Baños | 202 m 2,https://propiedades.comhttps://propiedades.com/inmuebles/casa-en-venta-las-abas-residencial-bluu-habitat-lagoons-sinaloa-28154917
Sinaloa,10,2026-04-06 03:09,"$6,950,000 MXN","Se vende casa SONTERRA RECIDENCIAL, Col. Sonterra Residencial II, Mazatlán, Sinaloa, México, C.P. 82124, ID: 29744812",4 Recámaras | 4 Baños,https://propiedades.comhttps://propiedades.com/inmuebles/casa-en-venta-sonterra-recidencial-sonterra-residencial-ii-sinaloa-29744812
Sinaloa,10,2026-04-06 03:09,"$2,600,000 MXN","Casa disponible en venta en Alturas del Sur, Mercado de Abastos, 80295 Culiacán Rosales, Sin. #3394, Col. Alturas del Sur, Culiacán, Sinaloa, México, C.P. 80295, ID: 30321587",3 Recámaras | 2 Baños | 172 m 2,https://propiedades.comhttps://propiedades.com/inmuebles/casa-en-venta-alturas-del-sur-mercado-de-abastos-80295-culiacan-rosales-sin-3394-alturas-del-sur-sinaloa-30321587
Sinaloa,10,2026-04-06 03:09,"$5,600,000 MXN","Venta casa en Exclusivo Mediterráneo Club Residencial, Col. Mediterráneo Club Residencial, Mazatlán, Sinaloa, México, C.P. 82113, ID: 30207364",,https://propiedades.comhttps://propiedades.com/inmuebles/casa-en-venta-exclusivo-mediterraneo-club-residencial-mediterraneo-club-residencial-sinaloa-30207364
Sinaloa,10,2026-04-06 03:09,"$9,800,000 MXN","Casa en venta disponible en Río presidio, Col. Las Palmas, Ahome, Sinaloa, México, C.P. 81249, ID: 29484639",4 Recámaras | 5 Baños | 385 m 2,https://propiedades.comhttps://propiedades.com/inmuebles/casa-en-venta-rio-presidio-las-palmas-sinaloa-29484639
Sinaloa,10,2026-04-06 03:09,"$1,650,000 MXN","Venta casa en Calle Prado Seco #s/n, Col. Prado Bonito, Mazatlán, Sinaloa, México, C.P. 82134, ID: 30208806",3 Recámaras | 2 Baños | 94 m 2,https://propiedades.comhttps://propiedades.com/inmuebles/casa-en-venta-calle-prado-seco-sn-prado-bonito-sinaloa-30208806
Sinaloa,10,2026-04-06 03:09,"$3,590,000 MXN","Real del Valle, 82124 Mazatlán, Sin., Col. Real del Valle, Mazatlán, Sinaloa, México, C.P. 82124, ID: 30605819",3 Recámaras | 3 Baños | 117 m 2,https://propiedades.comhttps://propiedades.com/inmuebles/casa-en-venta-real-del-valle-82124-mazatlan-sin-real-del-valle-sinaloa-30605819
Sinaloa,10,2026-04-06 03:09,"$1,800,000 MXN","Casa en venta, Galaxia, Ruben Jaramillo, Culiacán Rosales, Sin. #s/n, Col. Ruben Jaramillo, Culiacán, Sinaloa, México, C.P. 80015, ID: 30346292",2 Recámaras | 1 Baño | 70 m 2,https://propiedades.comhttps://propiedades.com/inmuebles/casa-en-venta-galaxia-ruben-jaramillo-culiacan-rosales-sin-sn-ruben-jaramillo-sinaloa-30346292
Sinaloa,10,2026-04-06 03:09,"$2,611,740 MXN","Casa en venta, PRIVADA MIKONOS, Col. Punta Esmeralda, Navolato, Sinaloa, México, C.P. 80363, ID: 30167955",3 Recámaras | 4 Baños | 106 m 2,https://propiedades.comhttps://propiedades.com/inmuebles/casa-en-venta-privada-mikonos-punta-esmeralda-sinaloa-30167955
Sinaloa,10,2026-04-06 03:09,"$1,600,000 MXN","Casa disponible en venta en Valle Alto, 80050 Culiacán Rosales, Sin. #s/n, Col. Valle Alto, Culiacán, Sinaloa, México, C.P. 80050, ID: 30230067",3 Recámaras | 1 Baño | 63 m 2,https://propiedades.comhttps://propiedades.com/inmuebles/casa-en-venta-valle-alto-80050-culiacan-rosales-sin-sn-valle-alto-sinaloa-30230067
Sinaloa,10,2026-04-06 03:09,"$4,500,000 MXN","Se vende casa en P Shiraz Residencial Viñedos La Rioja, Col. La Campiña, Culiacán, Sinaloa, México, C.P. 80060, ID: 30834836",3 Recámaras | 4 Baños | 210 m 2,https://propiedades.comhttps://propiedades.com/inmuebles/casa-en-venta-p-shiraz-residencial-vinedos-la-rioja-la-campina-sinaloa-30834836
Sinaloa,10,2026-04-06 03:09,"$5,650,000 MXN","Venta de casa sonterra, Col. Sonterra Residencial II, Mazatlán, Sinaloa, México, C.P. 82124, ID: 29536506",4 Recámaras,https://propiedades.comhttps://propiedades.com/inmuebles/casa-en-venta-sonterra-sonterra-residencial-ii-sinaloa-29536506
Sinaloa,10,2026-04-06 03:09,"$12,300,000 MXN","Venta de casa Conde de Oviedo #816, Col. Puerta Dorada, Mazatlán, Sinaloa, México, C.P. 82110, ID: 29901425",4 Recámaras | 5 Baños | 400 m 2,https://propiedades.comhttps://propiedades.com/inmuebles/casa-en-venta-conde-de-oviedo-816-puerta-dorada-sinaloa-29901425
Sinaloa,11,2026-04-06 03:09,"$2,420,000 MXN","Casa disponible en venta en Bosques del Río, 80050 Culiacán Rosales, Sin. #s/n, Col. Bosques Del Rio, Culiacán, Sinaloa, México, C.P. 80050, ID: 30241373",2 Recámaras | 1 Baño | 96 m 2,https://propiedades.comhttps://propiedades.com/inmuebles/casa-en-venta-bosques-del-rio-80050-culiacan-rosales-sin-sn-bosques-del-rio-sinaloa-30241373
Sinaloa,11,2026-04-06 03:09,"$840,000 USD","Venta de casa Playa Linda #s/n, Col. Playa Linda, Mazatlán, Sinaloa, México, C.P. 82112, ID: 30128034",3 Recámaras | 2 Baños | 298 m 2,https://propiedades.comhttps://propiedades.com/inmuebles/casa-en-venta-playa-linda-sn-playa-linda-sinaloa-30128034
Sinaloa,11,2026-04-06 03:09,"$3,500,000 MXN","Venta de casa Isla del Socorro, Col. Primer Cuadro (Centro), Ahome, Sinaloa, México, C.P. 81200, ID: 29494178",5 Recámaras | 3 Baños,https://propiedades.comhttps://propiedades.com/inmuebles/casa-en-venta-isla-del-socorro-primer-cuadro-centro-sinaloa-29494178
Sinaloa,11,2026-04-06 03:09,"$8,590,000 MXN","Venta casa en Barlovento #421, Col. Marina Kelly, Mazatlán, Sinaloa, México, C.P. 82112, ID: 28576432",4 Recámaras | 4 Baños | 303 m 2,https://propiedades.comhttps://propiedades.com/inmuebles/casa-en-venta-barlovento-421-marina-kelly-sinaloa-28576432
Sinaloa,11,2026-04-06 03:09,"$1,520,000 MXN","Se vende casa Av. Siete Valles 4688, Valle Alto, 80050 Culiacán Rosales, Sin. #4688, Col. Valle Alto, Culiacán, Sinaloa, México, C.P. 80050, ID: 30358237",3 Recámaras | 1 Baño | 65 m 2,https://propiedades.comhttps://propiedades.com/inmuebles/casa-en-venta-av-siete-valles-4688-valle-alto-80050-culiacan-rosales-sin-4688-valle-alto-sinaloa-30358237
Sinaloa,11,2026-04-06 03:09,"$1,355,000 MXN","Venta casa en LOS ALAMOS #5912Int. SN, Col. Los Helechos, Culiacán, Sinaloa, México, C.P. 80130, ID: 30327889",2 Recámaras | 1 Baño | 50 m 2,https://propiedades.comhttps://propiedades.com/inmuebles/casa-en-venta-los-alamos-5912-los-helechos-sinaloa-30327889
Sinaloa,11,2026-04-06 03:09,"$3,300,000 MXN","Se vende casa en calandria , Col. Primer Cuadro (Centro), Ahome, Sinaloa, México, C.P. 81200, ID: 29494175",3 Recámaras | 2 Baños,https://propiedades.comhttps://propiedades.com/inmuebles/casa-en-venta-calandria-primer-cuadro-centro-sinaloa-29494175
Sinaloa,11,2026-04-06 03:09,"$7,700,000 MXN","Circuito Pacífico, Col. Altabrisa Residencial, Mazatlán, Sinaloa, México, C.P. 82112, ID: 29240286",4 Recámaras | 4 Baños | 280 m 2,https://propiedades.comhttps://propiedades.com/inmuebles/casa-en-venta-circuito-pacifico-altabrisa-residencial-sinaloa-29240286
Sinaloa,11,2026-04-06 03:09,"$3,100,000 MXN","Juan Escutia, Col. Primer Cuadro (Centro), Ahome, Sinaloa, México, C.P. 81200, ID: 29695939",5 Recámaras | 3 Baños,https://propiedades.comhttps://propiedades.com/inmuebles/casa-en-venta-juan-escutia-primer-cuadro-centro-sinaloa-29695939
Sinaloa,11,2026-04-06 03:09,"$7,420,000 MXN","Venta de casa Paseo Lomas de Mazatlán, Col. Lomas de Mazatlán, Mazatlán, Sinaloa, México, C.P. 82110, ID: 29225484",4 Recámaras | 3 Baños | 189 m 2,https://propiedades.comhttps://propiedades.com/inmuebles/casa-en-venta-paseo-lomas-de-mazatlan-lomas-de-mazatlan-sinaloa-29225484
Sinaloa,11,2026-04-06 03:09,"$2,346,400 MXN","Venta de casa en BUENOS AIRES, Col. Buenos Aires, Culiacán, Sinaloa, México, C.P. 80199, ID: 29686336",381 m 2,https://propiedades.comhttps://propiedades.com/inmuebles/casa-en-venta-buenos-aires-buenos-aires-sinaloa-29686336
Sinaloa,11,2026-04-06 03:09,"$1,950,000 MXN","Casa disponible en venta en Guadalupe Rojo Viuda de Alvarado, El Mirador, Culiacán Rosales, Sin., Col. El Mirador, Culiacán, Sinaloa, México, C.P. 80017, ID: 30230081",3 Recámaras | 1 Baño | 138 m 2,https://propiedades.comhttps://propiedades.com/inmuebles/casa-en-venta-guadalupe-rojo-viuda-de-alvarado-el-mirador-culiacan-rosales-sin-el-mirador-sinaloa-30230081
Sinaloa,11,2026-04-06 03:09,"$6,550,000 MXN","Venta de casa en San Agustín #331, Col. La Primavera, Culiacán, Sinaloa, México, C.P. 80199, ID: 30206048",3 Recámaras | 3 Baños | 248 m 2,https://propiedades.comhttps://propiedades.com/inmuebles/casa-en-venta-san-agustin-331-la-primavera-sinaloa-30206048
Sinaloa,11,2026-04-06 03:09,"$3,100,000 MXN","Juan Escutia, Col. Primer Cuadro (Centro), Ahome, Sinaloa, México, C.P. 81200, ID: 29695927",3 Recámaras | 3 Baños,https://propiedades.comhttps://propiedades.com/inmuebles/casa-en-venta-juan-escutia-primer-cuadro-centro-sinaloa-29695927
Sinaloa,11,2026-04-06 03:09,"$8,750,000 MXN","Venta de casa en Don Julio Berdegué Aznar #313, Col. El Cid, Mazatlán, Sinaloa, México, C.P. 82110, ID: 30585011",3 Recámaras | 2 Baños | 327 m 2,https://propiedades.comhttps://propiedades.com/inmuebles/casa-en-venta-don-julio-berdegue-aznar-313-el-cid-sinaloa-30585011
Sinaloa,11,2026-04-06 03:09,"$7,900,000 MXN","Casa en venta disponible en Avenida Sábalo Cerritos 1 #1, Col. Las Palmas, Mazatlán, Sinaloa, México, C.P. 82112, ID: 28823249",4 Recámaras | 4 Baños | 225 m 2,https://propiedades.comhttps://propiedades.com/inmuebles/casa-en-venta-avenida-sabalo-cerritos-1-1-las-palmas-sinaloa-28823249
Sinaloa,11,2026-04-06 03:09,"$3,500,000 MXN","Se vende casa Real del Valle, 82124 Mazatlán, Sin. #s/n, Col. Real del Valle, Mazatlán, Sinaloa, México, C.P. 82124, ID: 30296672",3 Recámaras | 2 Baños | 132 m 2,https://propiedades.comhttps://propiedades.com/inmuebles/casa-en-venta-real-del-valle-82124-mazatlan-sin-sn-real-del-valle-sinaloa-30296672
Sinaloa,11,2026-04-06 03:09,"$7,490,000 MXN","Venta de casa en EsmeraldaInt. 6557, Col. Marina Mazatlán, Mazatlán, Sinaloa, México, C.P. 82103, ID: 30110880",3 Recámaras | 4 Baños | 212 m 2,https://propiedades.comhttps://propiedades.com/inmuebles/casa-en-venta-esmeralda-marina-mazatlan-sinaloa-30110880
Sinaloa,11,2026-04-06 03:09,"$13,300,000 MXN","La Primavera, 80199 Culiacán Rosales, Sin., Col. La Primavera Sección Parque Industrial, Culiacán, Sinaloa, México, C.P. 80199, ID: 30649051",3 Recámaras | 4 Baños,https://propiedades.comhttps://propiedades.com/inmuebles/casa-en-venta-la-primavera-80199-culiacan-rosales-sin-la-primavera-seccion-parque-industrial-sinaloa-30649051
Sinaloa,11,2026-04-06 03:09,"$4,900,000 MXN","Casa disponible en venta en 8G3F+8R Casi esquina con Sábalo, Sinaloa El Habal-Mazatlán, Cerritos, 82112 Mazatlán, Sin. #1405, Col. Almarena Residencial, Mazatlán, Sinaloa, México, C.P. 82112, ID: 30426471",3 Recámaras | 2 Baños | 129 m 2,https://propiedades.comhttps://propiedades.com/inmuebles/casa-en-venta-8g3f8r-casi-esquina-con-sabalo-sinaloa-el-habalmazatlan-cerritos-82112-mazatlan-sin-1405-almarena-residencial-sinaloa-30426471
Sinaloa,11,2026-04-06 03:09,"$2,100,000 MXN","Venta de casa en Dr. Angel Armenta 713, Benito Juárez, 82180 Mazatlán, Sin. #713, Col. Benito Juárez, Mazatlán, Sinaloa, México, C.P. 82180, ID: 30595019",4 Recámaras | 3 Baños | 196 m 2,https://propiedades.comhttps://propiedades.com/inmuebles/casa-en-venta-dr-angel-armenta-713-benito-juarez-82180-mazatlan-sin-713-benito-juarez-sinaloa-30595019
Sinaloa,11,2026-04-06 03:09,"$960,000 MXN","Calle Tabachín 333 #333Int. 0, Col. Jardines de la Alameda, Mazatlán, Sinaloa, México, C.P. 82123, ID: 30173344",4 Recámaras | 2 Baños | 240 m 2,https://propiedades.comhttps://propiedades.com/inmuebles/casa-en-venta-calle-tabachin-333-333-jardines-de-la-alameda-sinaloa-30173344
Sinaloa,11,2026-04-06 03:09,"$2,100,000 MXN","Se vende casa 82780 Celestino Gazca Villaseñor, Sin., Col. Celestino Gazca Villaseñor, Elota, Sinaloa, México, C.P. 82780, ID: 30534216",2 Recámaras | 2 Baños | 100 m 2,https://propiedades.comhttps://propiedades.com/inmuebles/casa-en-venta-82780-celestino-gazca-villasenor-sin-celestino-gazca-villasenor-sinaloa-30534216
Sinaloa,11,2026-04-06 03:09,"$3,000,000 MXN","Venta de casa Avenida Principal #s/n, Col. Isla de La Piedra, Mazatlán, Sinaloa, México, C.P. 82043, ID: 29901033",2 Recámaras | 1 Baño | 180 m 2,https://propiedades.comhttps://propiedades.com/inmuebles/casa-en-venta-avenida-principal-sn-isla-de-la-piedra-sinaloa-29901033
Sinaloa,11,2026-04-06 03:09,"$2,250,000 MXN","Casa disponible en venta en Avenida SenegalInt. 33, Col. Valle Alto, Culiacán, Sinaloa, México, C.P. 80050, ID: 27943388",3 Recámaras | 2 Baños | 90 m 2,https://propiedades.comhttps://propiedades.com/inmuebles/casa-en-venta-avenida-senegal-valle-alto-sinaloa-27943388
Sinaloa,11,2026-04-06 03:09,"$2,100,000 MXN","Se vende casa Juventino Rosas #s/n, Col. Las Huertas, Culiacán, Sinaloa, México, C.P. 80290, ID: 30313497",5 Recámaras | 4 Baños | 260 m 2,https://propiedades.comhttps://propiedades.com/inmuebles/casa-en-venta-juventino-rosas-sn-las-huertas-sinaloa-30313497
Sinaloa,11,2026-04-06 03:09,"$8,290,000 MXN","Venta de casa San Jose , Col. La Primavera, Culiacán, Sinaloa, México, C.P. 80199, ID: 30012543",3 Recámaras | 3 Baños | 308 m 2,https://propiedades.comhttps://propiedades.com/inmuebles/casa-en-venta-san-jose-la-primavera-sinaloa-30012543
Sinaloa,11,2026-04-06 03:09,"$1,280,000 MXN","Cerrada Monte de Leon Este #197, Col. Villa Bonita, Culiacán, Sinaloa, México, C.P. 80199, ID: 30666386",2 Recámaras | 2 Baños | 87 m 2,https://propiedades.comhttps://propiedades.com/inmuebles/casa-en-venta-cerrada-monte-de-leon-este-197-villa-bonita-sinaloa-30666386
Sinaloa,11,2026-04-06 03:09,"$3,195,000 MXN","Se vende casa en Avenida Sábalo Cerritos #s/n, Col. Quintas del Mar, Mazatlán, Sinaloa, México, C.P. 82112, ID: 30026337",2 Recámaras | 1 Baño | 78 m 2,https://propiedades.comhttps://propiedades.com/inmuebles/casa-en-venta-avenida-sabalo-cerritos-sn-quintas-del-mar-sinaloa-30026337
Sinaloa,11,2026-04-06 03:09,"$3,200,000 MXN","Las Gaviotas #s/n, Col. Real Pacífico, Mazatlán, Sinaloa, México, C.P. 82124, ID: 30268503",3 Recámaras | 1 Baño | 156 m 2,https://propiedades.comhttps://propiedades.com/inmuebles/casa-en-venta-las-gaviotas-sn-real-pacifico-sinaloa-30268503
Sinaloa,11,2026-04-06 03:09,"$2,800,000 MXN","Se vende casa en dos puntas #1, Col. Dos Puntas, Culiacán, Sinaloa, México, C.P. 80184, ID: 30151501",3 Recámaras | 2 Baños | 120 m 2,https://propiedades.comhttps://propiedades.com/inmuebles/casa-en-venta-dos-puntas-1-dos-puntas-sinaloa-30151501
Sinaloa,11,2026-04-06 03:09,"$3,950,000 MXN","Casa en venta disponible en ceiba, Col. Primer Cuadro (Centro), Ahome, Sinaloa, México, C.P. 81200, ID: 29494183",3 Recámaras | 3 Baños,https://propiedades.comhttps://propiedades.com/inmuebles/casa-en-venta-ceiba-primer-cuadro-centro-sinaloa-29494183
Sinaloa,11,2026-04-06 03:09,"$3,720,000 MXN","LOMAS DE GUADALUPE, Col. Lomas de Guadalupe, Culiacán, Sinaloa, México, C.P. 80250, ID: 29470449",3 Recámaras | 2 Baños | 217 m 2,https://propiedades.comhttps://propiedades.com/inmuebles/casa-en-venta-lomas-de-guadalupe-lomas-de-guadalupe-sinaloa-29470449
Sinaloa,11,2026-04-06 03:09,"$1,200,000 MXN","Casa en venta disponible en Juan Escutia 344, Heriberto Zazueta, 80327 Navolato, Sin. #344, Col. Heriberto Zazueta, Navolato, Sinaloa, México, C.P. 80327, ID: 30769630",2 Recámaras | 2 Baños | 151 m 2,https://propiedades.comhttps://propiedades.com/inmuebles/casa-en-venta-juan-escutia-344-heriberto-zazueta-80327-navolato-sin-344-heriberto-zazueta-sinaloa-30769630
Sinaloa,11,2026-04-06 03:09,"$2,950,000 MXN","Venta de casa en Misión Dolores Oeste #6402 SUR, Col. Urbi Villa del Sol, Culiacán, Sinaloa, México, C.P. 80194, ID: 30144619",4 Recámaras | 4 Baños | 162 m 2,https://propiedades.comhttps://propiedades.com/inmuebles/casa-en-renta-mision-dolores-oeste-6402-sur-urbi-villa-del-sol-sinaloa-30144619
Sinaloa,11,2026-04-06 03:09,"$1,500,000 MXN","Venta de casa en C. Amapá 104, Arboledas L, 82132 Mazatlán, Sin. #104, Col. Arboledas I, Mazatlán, Sinaloa, México, C.P. 82132, ID: 30689080",3 Recámaras | 2 Baños | 94 m 2,https://propiedades.comhttps://propiedades.com/inmuebles/casa-en-venta-c-amapa-104-arboledas-l-82132-mazatlan-sin-104-arboledas-i-sinaloa-30689080
Sinaloa,11,2026-04-06 03:09,"$2,300,000 MXN","Gral. Rosendo Rodríguez, Estela Ortiz de Toledo, Esthela Ortiz de Toledo, Culiacán Rosales, Sin., Col. Estela Ortiz de Toledo, Culiacán, Sinaloa, México, C.P. 80197, ID: 30789154",2 Recámaras | 1 Baño,https://propiedades.comhttps://propiedades.com/inmuebles/casa-en-venta-gral-rosendo-rodriguez-estela-ortiz-de-toledo-esthela-ortiz-de-toledo-culiacan-rosales-sin-estela-ortiz-de-toledo-sinaloa-30789154
Sinaloa,11,2026-04-06 03:09,"$8,000,000 MXN","Casa disponible en venta en Ciudad de Reynosa 1314, Col. Las Quintas, Culiacán, Sinaloa, México, C.P. 80060, ID: 29093992",4 Recámaras | 4 Baños | 323 m 2,https://propiedades.comhttps://propiedades.com/inmuebles/casa-en-venta-ciudad-de-reynosa-1314-las-quintas-sinaloa-29093992
Sinaloa,11,2026-04-06 03:09,"$5,290,000 MXN","Se vende casa en Benevento Residencial, 80014 Culiacán Rosales, Sin. #s/n, Col. Benevento Residencial, Culiacán, Sinaloa, México, C.P. 80014, ID: 30238219",3 Recámaras | 2 Baños | 216 m 2,https://propiedades.comhttps://propiedades.com/inmuebles/casa-en-venta-benevento-residencial-80014-culiacan-rosales-sin-sn-benevento-residencial-sinaloa-30238219
Sinaloa,11,2026-04-06 03:09,"$3,500,000 MXN","Carretera Culiacán - Los Mochis, Col. Espacios Barcelona, Culiacán, Sinaloa, México, C.P. 80059, ID: 29050172",3 Recámaras | 2 Baños | 172 m 2,https://propiedades.comhttps://propiedades.com/inmuebles/casa-en-venta-carretera-culiacan-los-mochis-espacios-barcelona-sinaloa-29050172
Sinaloa,11,2026-04-06 03:09,"$2,700,000 MXN","Venta de casa en Punta Esmeralda Grand, Col. Altata, Navolato, Sinaloa, México, C.P. 80363, ID: 28534048",3 Recámaras | 2 Baños | 100 m 2,https://propiedades.comhttps://propiedades.com/inmuebles/casa-en-venta-punta-esmeralda-grand-altata-sinaloa-28534048
Sinaloa,11,2026-04-06 03:09,"$3,000,000 MXN","Calle Benito Juarez 1833, Miguel Hidalgo, 80090 Culiacán Rosales, Sin. #1833, Col. Miguel Hidalgo, Culiacán, Sinaloa, México, C.P. 80090, ID: 30602295",3 Recámaras | 3 Baños | 203 m 2,https://propiedades.comhttps://propiedades.com/inmuebles/casa-en-venta-calle-benito-juarez-1833-miguel-hidalgo-80090-culiacan-rosales-sin-1833-miguel-hidalgo-sinaloa-30602295
Sinaloa,11,2026-04-06 03:09,"$4,200,000 MXN","Venta de casa Alberto Owen, Col. Scally, Ahome, Sinaloa, México, C.P. 81240, ID: 29493709",6 Recámaras | 3 Baños,https://propiedades.comhttps://propiedades.com/inmuebles/casa-en-venta-alberto-owen-scally-sinaloa-29493709
Sinaloa,11,2026-04-06 03:09,"$1,590,000 MXN","Venta de casa Av. Mar del Timor 1724, Fraccionamiento, Gran Sur, 80296 Culiacán Rosales, Sin. #1724, Col. Prados Del Sur, Culiacán, Sinaloa, México, C.P. 80296, ID: 30640139",2 Recámaras | 1 Baño | 65 m 2,https://propiedades.comhttps://propiedades.com/inmuebles/casa-en-venta-av-mar-del-timor-1724-fraccionamiento-gran-sur-80296-culiacan-rosales-sin-1724-prados-del-sur-sinaloa-30640139
Sinaloa,11,2026-04-06 03:09,"$15,990,000 MXN","Se vende casa San Eugenio #s/nInt. 4, Col. La Primavera, Culiacán, Sinaloa, México, C.P. 80199, ID: 30120996",3 Recámaras | 4 Baños | 373 m 2,https://propiedades.comhttps://propiedades.com/inmuebles/casa-en-venta-san-eugenio-sn-la-primavera-sinaloa-30120996
Sinaloa,12,2026-04-06 03:10,"$5,550,000 MXN","PLAYA DEL CARMEN #s/nInt. 237, Col. Playas del Sur, Mazatlán, Sinaloa, México, C.P. 82040, ID: 30581875",2 Recámaras | 1 Baño | 215 m 2,https://propiedades.comhttps://propiedades.com/inmuebles/casa-en-venta-playa-del-carmen-sn-playas-del-sur-sinaloa-30581875
Sinaloa,12,2026-04-06 03:10,"$2,930,000 MXN","Casa en venta disponible en Residencial Montecarlo #s/n, Col. Monte Carlo, Ahome, Sinaloa, México, C.P. 81254, ID: 30729445",3 Recámaras | 2 Baños | 119 m 2,https://propiedades.comhttps://propiedades.com/inmuebles/casa-en-venta-residencial-montecarlo-sn-monte-carlo-sinaloa-30729445
Sinaloa,12,2026-04-06 03:10,"$2,550,000 MXN","Venta de casa en Calle Blvd. de las Torres, Nueva Galicia, 80295 Culiacán Rosales, Sin. #s/n, Col. Nueva Galicia, Culiacán, Sinaloa, México, C.P. 80295, ID: 30211840",4 Recámaras | 3 Baños | 271 m 2,https://propiedades.comhttps://propiedades.com/inmuebles/casa-en-venta-calle-blvd-de-las-torres-nueva-galicia-80295-culiacan-rosales-sin-sn-nueva-galicia-sinaloa-30211840
Sinaloa,12,2026-04-06 03:10,"$2,850,000 MXN","Avenida Belisario Domínguez, Col. Primer Cuadro (Centro), Ahome, Sinaloa, México, C.P. 81200, ID: 29494170",3 Recámaras | 2 Baños,https://propiedades.comhttps://propiedades.com/inmuebles/casa-en-venta-avenida-belisario-dominguez-primer-cuadro-centro-sinaloa-29494170
Sinaloa,12,2026-04-06 03:10,"$13,000,000 MXN","Casa en venta, Conde de Oviedo #803, Col. El Cid, Mazatlán, Sinaloa, México, C.P. 82110, ID: 29910516",4 Recámaras | 4 Baños | 400 m 2,https://propiedades.comhttps://propiedades.com/inmuebles/casa-en-venta-conde-de-oviedo-803-el-cid-sinaloa-29910516
Sinaloa,12,2026-04-06 03:10,"$16,300,000 MXN","Venta de casa en PRIVANZAS #s/n, Col. Country Álamos, Culiacán, Sinaloa, México, C.P. 80100, ID: 29470464",4 Recámaras | 6 Baños | 460 m 2,https://propiedades.comhttps://propiedades.com/inmuebles/casa-en-venta-privanzas-sn-country-alamos-sinaloa-29470464
Sinaloa,12,2026-04-06 03:10,"$4,500,000 MXN","Casa en venta disponible en Avenida Reforma #32, Col. Flamingos, Mazatlán, Sinaloa, México, C.P. 82149, ID: 29801918",5 Recámaras | 2 Baños | 220 m 2,https://propiedades.comhttps://propiedades.com/inmuebles/casa-en-venta-avenida-reforma-32-flamingos-sinaloa-29801918
Sinaloa,12,2026-04-06 03:10,"$1,999,000 MXN","Casa disponible en venta en C. Tercera 5007, Venustiano Carranza, 82180 Mazatlán, Sin. #5007, Col. Venustiano Carranza, Mazatlán, Sinaloa, México, C.P. 82180, ID: 30816512",2 Recámaras | 1 Baño | 109 m 2,https://propiedades.comhttps://propiedades.com/inmuebles/casa-en-venta-c-tercera-5007-venustiano-carranza-82180-mazatlan-sin-5007-venustiano-carranza-sinaloa-30816512
Sinaloa,12,2026-04-06 03:10,"$3,995,000 MXN","Venta de casa Coto 15, Col. Real del Valle, Mazatlán, Sinaloa, México, C.P. 82124, ID: 29765188",4 Recámaras | 4 Baños | 160 m 2,https://propiedades.comhttps://propiedades.com/inmuebles/casa-en-venta-coto-15-real-del-valle-sinaloa-29765188
Sinaloa,12,2026-04-06 03:10,"$2,100,000 MXN","Casa en venta disponible en Cor. Medina 802, Pueblo Nuevo, 82120 Mazatlán, Sin. #802, Col. Hacienda del Mar, Mazatlán, Sinaloa, México, C.P. 82120, ID: 30517087",187 m 2,https://propiedades.comhttps://propiedades.com/inmuebles/casa-en-venta-cor-medina-802-pueblo-nuevo-82120-mazatlan-sin-802-hacienda-del-mar-sinaloa-30517087
Sinaloa,12,2026-04-06 03:10,"$15,000,000 MXN","Casa en venta disponible en Av. Santos Degollado 1800, Sin Nombre, 81223 Los Mochis, Sin. #1800, Col. Las Fuentes, Ahome, Sinaloa, México, C.P. 81223, ID: 30464327",5 Recámaras | 5 Baños | 648 m 2,https://propiedades.comhttps://propiedades.com/inmuebles/casa-en-venta-av-santos-degollado-1800-sin-nombre-81223-los-mochis-sin-1800-las-fuentes-sinaloa-30464327
Sinaloa,12,2026-04-06 03:10,"$6,950,000 MXN","Venta de casa Villa romana , Col. Las Villas Residencial, Ahome, Sinaloa, México, C.P. 81271, ID: 30191901",3 Recámaras | 4 Baños | 265 m 2,https://propiedades.comhttps://propiedades.com/inmuebles/casa-en-venta-villa-romana-las-villas-residencial-sinaloa-30191901
Sinaloa,12,2026-04-06 03:10,"$5,185,000 MXN","Se vende casa en Calzada de las Américas , Col. Villa Universidad, Culiacán, Sinaloa, México, C.P. 80010, ID: 28288017",3 Recámaras | 3 Baños | 330 m 2,https://propiedades.comhttps://propiedades.com/inmuebles/casa-en-venta-calzada-de-las-americas-villa-universidad-sinaloa-28288017
Sinaloa,12,2026-04-06 03:10,"$4,000,000 MXN","Casa disponible en venta en Calle Fenix Fracc Almarena #1404Int. 1404, Col. Almarena Residencial, Mazatlán, Sinaloa, México, C.P. 82112, ID: 29869472",3 Recámaras | 3 Baños | 103 m 2,https://propiedades.comhttps://propiedades.com/inmuebles/casa-en-venta-calle-fenix-fracc-almarena-1404-almarena-residencial-sinaloa-29869472
Sinaloa,12,2026-04-06 03:10,"$3,668,720 MXN","Blvd. José Limon 5781-Norte, 80301 La Presita, Sin. #5781, Col. Cantabria, Culiacán, Sinaloa, México, C.P. 80301, ID: 30758061",3 Recámaras | 4 Baños | 197 m 2,https://propiedades.comhttps://propiedades.com/inmuebles/casa-en-venta-blvd-jose-limon-5781norte-80301-la-presita-sin-5781-cantabria-sinaloa-30758061
Sinaloa,12,2026-04-06 03:10,"$16,000,000 MXN","Casa disponible en venta en Camarón Sábalo S/N, Fraccionamiento El Cid, El Cid, 82110 Mazatlán, Sin., Col. El Dorado, Mazatlán, Sinaloa, México, C.P. 82110, ID: 30427214",5 Recámaras | 4 Baños | 596 m 2,https://propiedades.comhttps://propiedades.com/inmuebles/casa-en-venta-camaron-sabalo-sn-fraccionamiento-el-cid-el-cid-82110-mazatlan-sin-el-dorado-sinaloa-30427214
Sinaloa,12,2026-04-06 03:10,"$2,300,000 MXN","Casa en venta disponible en Sentencia 202, Las Mañanitas, 82139 Mazatlán, Sin. #202, Col. Arboledas INVIES, Mazatlán, Sinaloa, México, C.P. 82139, ID: 30505137",5 Recámaras | 3 Baños | 106 m 2,https://propiedades.comhttps://propiedades.com/inmuebles/casa-en-venta-sentencia-202-las-mananitas-82139-mazatlan-sin-202-arboledas-invies-sinaloa-30505137
Sinaloa,12,2026-04-06 03:10,"$657,800 MXN","Casa en venta disponible en urano #1018, Col. Álamo, Ahome, Sinaloa, México, C.P. 81248, ID: 28559048",3 Recámaras | 2 Baños | 250 m 2,https://propiedades.comhttps://propiedades.com/inmuebles/casa-en-venta-urano-1018-alamo-sinaloa-28559048
Sinaloa,12,2026-04-06 03:10,"$3,150,000 MXN","Venta de casa en Hacienda del Seminario, Fraccionamiento Hacienda del Seminario, 82129 Mazatlán, Sin., Col. Hacienda del Seminario, Mazatlán, Sinaloa, México, C.P. 82129, ID: 30768853",3 Recámaras | 4 Baños | 124 m 2,https://propiedades.comhttps://propiedades.com/inmuebles/casa-en-venta-hacienda-del-seminario-fraccionamiento-hacienda-del-seminario-82129-mazatlan-sin-hacienda-del-seminario-sinaloa-30768853
Sinaloa,12,2026-04-06 03:10,"$6,150,000 MXN","Se vende casa Carr. a Imala, Culiacán Rosales, Sin. #s/n, Col. Benevento Residencial, Culiacán, Sinaloa, México, C.P. 80014, ID: 30238202",6 Recámaras | 4 Baños | 275 m 2,https://propiedades.comhttps://propiedades.com/inmuebles/casa-en-venta-carr-a-imala-culiacan-rosales-sin-sn-benevento-residencial-sinaloa-30238202
Sinaloa,12,2026-04-06 03:10,"$1,365,000 MXN","Culiacán, Sinaloa, Col. Hacienda Del Valle, Culiacán, Sinaloa, México, C.P. 80197, ID: 30372726",2 Recámaras | 1 Baño,https://propiedades.comhttps://propiedades.com/inmuebles/casa-en-venta-culiacan-sinaloa-hacienda-del-valle-sinaloa-30372726
Sinaloa,12,2026-04-06 03:10,"$3,895,000 MXN","Venta casa en Real del Valle, 82124 Mazatlán, Sin., Col. Real del Valle, Mazatlán, Sinaloa, México, C.P. 82124, ID: 30605662",4 Recámaras | 3 Baños | 160 m 2,https://propiedades.comhttps://propiedades.com/inmuebles/casa-en-venta-real-del-valle-82124-mazatlan-sin-real-del-valle-sinaloa-30605662
Sinaloa,12,2026-04-06 03:10,"$3,490,000 MXN","Avenida General Ignacio Aldama 147 #147, Col. Centro, Culiacán, Sinaloa, México, C.P. 80000, ID: 28477690",4 Recámaras | 3 Baños,https://propiedades.comhttps://propiedades.com/inmuebles/casa-en-venta-avenida-general-ignacio-aldama-147-147-centro-sinaloa-28477690
Sinaloa,12,2026-04-06 03:10,"$4,700,000 MXN","Circuito Las Moras, Col. Las Moras, Culiacán, Sinaloa, México, C.P. 80100, ID: 28961752",3 Recámaras | 2 Baños | 242 m 2,https://propiedades.comhttps://propiedades.com/inmuebles/casa-en-venta-circuito-las-moras-las-moras-sinaloa-28961752
Sinaloa,12,2026-04-06 03:10,"$2,500,000 MXN","Jaime Torres Bodet #s/n, Col. Guadalupe Victoria, Culiacán, Sinaloa, México, C.P. 80240, ID: 30063508",4 Recámaras | 3 Baños | 284 m 2,https://propiedades.comhttps://propiedades.com/inmuebles/casa-en-venta-jaime-torres-bodet-sn-guadalupe-victoria-sinaloa-30063508
Sinaloa,12,2026-04-06 03:10,"$6,500,000 MXN","Venta de casa Avenida del Pulpo 5105 #5105, Col. Sábalo Country Club, Mazatlán, Sinaloa, México, C.P. 82100, ID: 30053079",3 Recámaras | 3 Baños | 275 m 2,https://propiedades.comhttps://propiedades.com/inmuebles/casa-en-venta-avenida-del-pulpo-5105-5105-sabalo-country-club-sinaloa-30053079
Sinaloa,12,2026-04-06 03:10,"$2,150,000 MXN","Se vende casa en Cda. Amares, Col. Portalegre, Culiacán, Sinaloa, México, C.P. 80058, ID: 28815496",3 Recámaras | 2 Baños | 150 m 2,https://propiedades.comhttps://propiedades.com/inmuebles/casa-en-venta-cda-amares-portalegre-sinaloa-28815496
Sinaloa,12,2026-04-06 03:10,"$23,000,000 MXN","Venta de casa Las Fuentes, Los Alamos, Los Álamos, 80100 Culiacán Rosales, Sin., Col. Los Álamos, Culiacán, Sinaloa, México, C.P. 80100, ID: 30215268",4 Recámaras | 4 Baños | 627 m 2,https://propiedades.comhttps://propiedades.com/inmuebles/casa-en-venta-las-fuentes-los-alamos-los-alamos-80100-culiacan-rosales-sin-los-alamos-sinaloa-30215268
Sinaloa,12,2026-04-06 03:10,"$3,500,000 MXN","AUGUSTO COTO SANTA ISABEL # 6042, Col. Hacienda del Seminario, Mazatlán, Sinaloa, México, C.P. 82129, ID: 29532089",3 Recámaras | 2 Baños | 167 m 2,https://propiedades.comhttps://propiedades.com/inmuebles/casa-en-venta-augusto-coto-santa-isabel-6042-hacienda-del-seminario-sinaloa-29532089
Sinaloa,12,2026-04-06 03:10,"$12,750,000 MXN","Se vende casa en Conde de Oviedo, El Cid, 82110 Mazatlán, Sin. #797, Col. El Cid, Mazatlán, Sinaloa, México, C.P. 82110, ID: 30605925",4 Recámaras | 4 Baños | 409 m 2,https://propiedades.comhttps://propiedades.com/inmuebles/casa-en-venta-conde-de-oviedo-el-cid-82110-mazatlan-sin-797-el-cid-sinaloa-30605925
Sinaloa,12,2026-04-06 03:10,"$1,680,000 MXN","Casa en venta disponible en Avenida Joaquín Escobar R. #17Int. -, Col. Villa Florida, Mazatlán, Sinaloa, México, C.P. 82139, ID: 30101116",3 Recámaras | 1 Baño | 105 m 2,https://propiedades.comhttps://propiedades.com/inmuebles/casa-en-venta-avenida-joaquin-escobar-r-17-villa-florida-sinaloa-30101116
Sinaloa,12,2026-04-06 03:10,"$6,600,000 MXN","Se vende casa en Av del Pulpo 5027, Sábalo Country, 82100 Mazatlán, Sin. #s/n, Col. Sábalo Country Club, Mazatlán, Sinaloa, México, C.P. 82100, ID: 30686055",3 Recámaras | 2 Baños | 235 m 2,https://propiedades.comhttps://propiedades.com/inmuebles/casa-en-venta-av-del-pulpo-5027-sabalo-country-82100-mazatlan-sin-sn-sabalo-country-club-sinaloa-30686055
Sinaloa,12,2026-04-06 03:10,"$7,800,000 MXN","Los Mochis - Topolobampo, Col. Burócrata, Ahome, Sinaloa, México, C.P. 81290, ID: 29493642",3 Recámaras | 4 Baños | 382 m 2,https://propiedades.comhttps://propiedades.com/inmuebles/casa-en-venta-los-mochis-topolobampo-burocrata-sinaloa-29493642
Sinaloa,12,2026-04-06 03:10,"$1,800,000 MXN","Venta de casa Galaxia, Ruben Jaramillo, Culiacán Rosales, Sin. #s/n, Col. Ruben Jaramillo, Culiacán, Sinaloa, México, C.P. 80015, ID: 30238190",2 Recámaras | 1 Baño | 70 m 2,https://propiedades.comhttps://propiedades.com/inmuebles/casa-en-venta-galaxia-ruben-jaramillo-culiacan-rosales-sin-sn-ruben-jaramillo-sinaloa-30238190
Sinaloa,12,2026-04-06 03:10,"$2,500,000 MXN","Casa en venta disponible en Reforma Agraria, Emiliano Zapata, Culiacán Rosales, Sin., Col. Emiliano Zapata, Culiacán, Sinaloa, México, C.P. 80409, ID: 30560723",3 Recámaras | 3 Baños,https://propiedades.comhttps://propiedades.com/inmuebles/casa-en-venta-reforma-agraria-emiliano-zapata-culiacan-rosales-sin-emiliano-zapata-sinaloa-30560723
Sinaloa,12,2026-04-06 03:10,"$6,100,000 MXN","Venta de casa en Boulevard Altabrisa, Col. El Palmar, Mazatlán, Sinaloa, México, C.P. 82112, ID: 29717445",4 Recámaras | 4 Baños | 228 m 2,https://propiedades.comhttps://propiedades.com/inmuebles/casa-en-venta-boulevard-altabrisa-el-palmar-sinaloa-29717445
Sinaloa,12,2026-04-06 03:10,"$3,134,000 MXN","Venta de casa Paseo Belcantto #s/n, Col. Belcantto, Culiacán, Sinaloa, México, C.P. 80184, ID: 30167937",3 Recámaras | 2 Baños | 110 m 2,https://propiedades.comhttps://propiedades.com/inmuebles/casa-en-venta-paseo-belcantto-sn-belcantto-sinaloa-30167937
Sinaloa,12,2026-04-06 03:10,"$111,111,111,111 MXN","Casa en venta disponible en Montuosa, 82030 Mazatlán, Sin., Col. Montuosa, Mazatlán, Sinaloa, México, C.P. 82030, ID: 30215035",2 Recámaras | 1 Baño,https://propiedades.comhttps://propiedades.com/inmuebles/casa-en-venta-montuosa-82030-mazatlan-sin-montuosa-sinaloa-30215035
Sinaloa,12,2026-04-06 03:10,"$2,190,000 MXN","Calle Toma de Celaya 109 #109, Col. Francisco Villa, Mazatlán, Sinaloa, México, C.P. 82127, ID: 30127426",3 Recámaras | 2 Baños | 100 m 2,https://propiedades.comhttps://propiedades.com/inmuebles/casa-en-venta-calle-toma-de-celaya-109-109-francisco-villa-sinaloa-30127426
Sinaloa,12,2026-04-06 03:10,"$3,592,160 MXN","Casa disponible en venta en Blvd. Cantabria 3270, 80058 Culiacán Rosales, Sin. #3270, Col. Bosques del Rey, Culiacán, Sinaloa, México, C.P. 80058, ID: 30757533",3 Recámaras | 3 Baños | 180 m 2,https://propiedades.comhttps://propiedades.com/inmuebles/casa-en-venta-blvd-cantabria-3270-80058-culiacan-rosales-sin-3270-bosques-del-rey-sinaloa-30757533
Sinaloa,12,2026-04-06 03:10,"$3,925,000 MXN","Se vende casa Nativa Jardín Residencial, Benito Juárez, 80199 Culiacán Rosales, Sin., Col. Barrio San Francisco, Culiacán, Sinaloa, México, C.P. 80199, ID: 30435746",3 Recámaras | 2 Baños | 135 m 2,https://propiedades.comhttps://propiedades.com/inmuebles/casa-en-ambos-nativa-jardin-residencial-benito-juarez-80199-culiacan-rosales-sin-barrio-san-francisco-sinaloa-30435746
Sinaloa,12,2026-04-06 03:10,"$5,200,000 MXN","Venta de casa Carretera Culiacán - Los Mochis, Col. Espacios Barcelona, Culiacán, Sinaloa, México, C.P. 80059, ID: 29055278",3 Recámaras | 3 Baños | 228 m 2,https://propiedades.comhttps://propiedades.com/inmuebles/casa-en-venta-carretera-culiacan-los-mochis-espacios-barcelona-sinaloa-29055278
Sinaloa,12,2026-04-06 03:10,"$3,590,000 MXN","Casa en venta disponible en Fracc. Azul Marino, Av. Mario A. Huerta Sánchez S/N, Cerritos, 82112 Mazatlán, Sin. #S/N, Col. Azul Marino, Mazatlán, Sinaloa, México, C.P. 82112, ID: 30789345",3 Recámaras | 2 Baños | 87 m 2,https://propiedades.comhttps://propiedades.com/inmuebles/casa-en-venta-fracc-azul-marino-av-mario-a-huerta-sanchez-sn-cerritos-82112-mazatlan-sin-sn-azul-marino-sinaloa-30789345
Sinaloa,12,2026-04-06 03:10,"$1,100,000 MXN","Casa disponible en venta en Luis Zúñiga, Centro, Mazatlán, Sin. #836Int. 8, Col. Centro, Mazatlán, Sinaloa, México, C.P. 82000, ID: 30517119",97 m 2,https://propiedades.comhttps://propiedades.com/inmuebles/casa-en-venta-luis-zuniga-centro-mazatlan-sin-836-centro-sinaloa-30517119
Sinaloa,12,2026-04-06 03:10,"$3,790,000 MXN","Venta casa en Avenida Paseo del Pacífico, Col. Sonterra Residencial II, Mazatlán, Sinaloa, México, C.P. 82124, ID: 29717449",2 Recámaras | 2 Baños | 144 m 2,https://propiedades.comhttps://propiedades.com/inmuebles/casa-en-venta-avenida-paseo-del-pacifico-sonterra-residencial-ii-sinaloa-29717449
Sinaloa,13,2026-04-06 03:10,"$1,900,000 MXN","Casa en venta disponible en Islas Nicobar #s/n, Col. Prados Del Sur, Culiacán, Sinaloa, México, C.P. 80296, ID: 29082517",3 Recámaras | 1 Baño | 159 m 2,https://propiedades.comhttps://propiedades.com/inmuebles/casa-en-venta-islas-nicobar-sn-prados-del-sur-sinaloa-29082517
Sinaloa,13,2026-04-06 03:10,"$3,650,000 MXN","Venta casa en Blvd. San José, La Estancia II, Culiacán Rosales, Sin., Col. Privada La Estancia VIII, Culiacán, Sinaloa, México, C.P. 80143, ID: 30759109",3 Recámaras | 2 Baños,https://propiedades.comhttps://propiedades.com/inmuebles/casa-en-venta-blvd-san-jose-la-estancia-ii-culiacan-rosales-sin-privada-la-estancia-viii-sinaloa-30759109
Sinaloa,13,2026-04-06 03:10,"$3,400,000 MXN","Venta de casa Veracruz 1018, Sanchez Celis, 82120 Mazatlán, Sin. #1018, Col. Sanchez Celis, Mazatlán, Sinaloa, México, C.P. 82120, ID: 30555484",3 Recámaras | 2 Baños | 95 m 2,https://propiedades.comhttps://propiedades.com/inmuebles/casa-en-venta-veracruz-1018-sanchez-celis-82120-mazatlan-sin-1018-sanchez-celis-sinaloa-30555484
Sinaloa,13,2026-04-06 03:10,"$3,700,000 MXN","Casa en venta, Blvd El Lago 4514 #4514Int. 22, Col. Benevento Residencial, Culiacán, Sinaloa, México, C.P. 80014, ID: 29858647",3 Recámaras | 2 Baños | 163 m 2,https://propiedades.comhttps://propiedades.com/inmuebles/casa-en-venta-blvd-el-lago-4514-4514-benevento-residencial-sinaloa-29858647
Sinaloa,13,2026-04-06 03:10,"$4,690,000 MXN","Casa disponible en venta en Carr. a Imala, Culiacán Rosales, Sin. #s/n, Col. Sfera Residencial, Culiacán, Sinaloa, México, C.P. 80014, ID: 30237531",3 Recámaras | 2 Baños | 215 m 2,https://propiedades.comhttps://propiedades.com/inmuebles/casa-en-venta-carr-a-imala-culiacan-rosales-sin-sn-sfera-residencial-sinaloa-30237531
Sinaloa,13,2026-04-06 03:10,"$2,830,000 MXN","Se vende casa Montecarlo #s/n, Col. Monte Carlo, Ahome, Sinaloa, México, C.P. 81254, ID: 30729455",3 Recámaras | 3 Baños | 119 m 2,https://propiedades.comhttps://propiedades.com/inmuebles/casa-en-venta-montecarlo-sn-monte-carlo-sinaloa-30729455
Sinaloa,13,2026-04-06 03:10,"$275,000 USD","Se vende casa en Playa las gemelas #402, Col. Playas del Sur, Mazatlán, Sinaloa, México, C.P. 82040, ID: 29774199",4 Recámaras | 3 Baños | 284 m 2,https://propiedades.comhttps://propiedades.com/inmuebles/casa-en-venta-playa-las-gemelas-402-playas-del-sur-sinaloa-29774199
Sinaloa,13,2026-04-06 03:10,"$3,490,000 MXN","Venta de casa gema, Col. Bonanza, Culiacán, Sinaloa, México, C.P. 80020, ID: 26635480",3 Recámaras | 2 Baños | 120 m 2,https://propiedades.comhttps://propiedades.com/inmuebles/casa-en-venta-gema-bonanza-sinaloa-26635480
Sinaloa,13,2026-04-06 03:10,"$3,440,000 MXN","Paseo Belcantto #s/n, Col. Belcantto, Culiacán, Sinaloa, México, C.P. 80184, ID: 30167828",3 Recámaras | 3 Baños,https://propiedades.comhttps://propiedades.com/inmuebles/casa-en-venta-paseo-belcantto-sn-belcantto-sinaloa-30167828
Sinaloa,13,2026-04-06 03:10,"$3,950,000 MXN","circuito adriatico 2828 privada adriatico valle alto, Col. Valle Alto, Culiacán, Sinaloa, México, C.P. 80050, ID: 30494574",4 Recámaras | 4 Baños,https://propiedades.comhttps://propiedades.com/inmuebles/casa-en-venta-circuito-adriatico-2828-privada-adriatico-valle-alto-valle-alto-sinaloa-30494574
Sinaloa,13,2026-04-06 03:10,"$2,190,000 MXN","Francisco Villa, Mazatlán, Sin. #91, Col. Francisco Villa, Mazatlán, Sinaloa, México, C.P. 82127, ID: 30404435",3 Recámaras | 2 Baños | 100 m 2,https://propiedades.comhttps://propiedades.com/inmuebles/casa-en-venta-francisco-villa-mazatlan-sin-91-francisco-villa-sinaloa-30404435
Sinaloa,13,2026-04-06 03:10,"$677,800 MXN","Venta de casa Urano, Col. Primer Cuadro (Centro), Ahome, Sinaloa, México, C.P. 81200, ID: 29990486",3 Recámaras | 2 Baños | 225 m 2,https://propiedades.comhttps://propiedades.com/inmuebles/casa-en-venta-urano-primer-cuadro-centro-sinaloa-29990486
Sinaloa,13,2026-04-06 03:10,"$1,800,000 MXN","Se vende casa Rubén Jaramillo, Ruben Jaramillo, 80015 Culiacán Rosales, Sin. #s/n, Col. Ruben Jaramillo, Culiacán, Sinaloa, México, C.P. 80015, ID: 30238180",2 Recámaras | 1 Baño | 70 m 2,https://propiedades.comhttps://propiedades.com/inmuebles/casa-en-venta-ruben-jaramillo-ruben-jaramillo-80015-culiacan-rosales-sin-sn-ruben-jaramillo-sinaloa-30238180
Sinaloa,13,2026-04-06 03:10,"$4,380,000 MXN","Casa disponible en venta en Avenida Libramiento Número 2 Poniente #s/n, Col. El Venadillo, Mazatlán, Sinaloa, México, C.P. 82129, ID: 29931908",4 Recámaras | 3 Baños | 198 m 2,https://propiedades.comhttps://propiedades.com/inmuebles/casa-en-venta-avenida-libramiento-numero-2-poniente-sn-el-venadillo-sinaloa-29931908
Sinaloa,13,2026-04-06 03:10,"$4,200,000 MXN","Casa en venta, Rio elota #s/n, Col. Guadalupe, Culiacán, Sinaloa, México, C.P. 80220, ID: 30063501",4 Recámaras | 3 Baños | 281 m 2,https://propiedades.comhttps://propiedades.com/inmuebles/casa-en-venta-rio-elota-sn-guadalupe-sinaloa-30063501
Sinaloa,13,2026-04-06 03:10,"$3,830,000 MXN","Venta de casa en Cartuja Hacienda del Seminario Mazatlan Sinaloa #s/n, Col. Hacienda del Seminario, Mazatlán, Sinaloa, México, C.P. 82129, ID: 30262770",3 Recámaras | 3 Baños | 108 m 2,https://propiedades.comhttps://propiedades.com/inmuebles/casa-en-venta-cartuja-hacienda-del-seminario-mazatlan-sinaloa-sn-hacienda-del-seminario-sinaloa-30262770
Sinaloa,13,2026-04-06 03:10,"$2,482,000 MXN","La Rioja Elite, Av. de los Andes 2207, 80050 Culiacán Rosales, Sin. #2207, Col. Valle Alto, Culiacán, Sinaloa, México, C.P. 80050, ID: 30696793",3 Recámaras | 2 Baños | 118 m 2,https://propiedades.comhttps://propiedades.com/inmuebles/casa-en-venta-la-rioja-elite-av-de-los-andes-2207-80050-culiacan-rosales-sin-2207-valle-alto-sinaloa-30696793
Sinaloa,13,2026-04-06 03:10,"$3,850,000 MXN","Venta casa en El río de la Plata #307, Col. Las Gaviotas, Mazatlán, Sinaloa, México, C.P. 82110, ID: 30519051",2 Recámaras | 1 Baño | 153 m 2,https://propiedades.comhttps://propiedades.com/inmuebles/casa-en-venta-el-rio-de-la-plata-307-las-gaviotas-sinaloa-30519051
Sinaloa,13,2026-04-06 03:10,"$1,990,000 MXN","Venta de casa Blvd. Paseo Toscana, 80050 Culiacán Rosales, Sin. #s/n, Col. Stanza Toscana, Culiacán, Sinaloa, México, C.P. 80050, ID: 30255870",3 Recámaras | 1 Baño | 78 m 2,https://propiedades.comhttps://propiedades.com/inmuebles/casa-en-venta-blvd-paseo-toscana-80050-culiacan-rosales-sin-sn-stanza-toscana-sinaloa-30255870
Sinaloa,13,2026-04-06 03:10,"$2,210,560 MXN","Casa en venta disponible en PRIVADA ALTTUZ #s/n, Col. Agustina Ramirez, Culiacán, Sinaloa, México, C.P. 80028, ID: 30560958",2 Recámaras | 2 Baños | 118 m 2,https://propiedades.comhttps://propiedades.com/inmuebles/casa-en-venta-privada-alttuz-sn-agustina-ramirez-sinaloa-30560958
Sinaloa,13,2026-04-06 03:10,"$5,200,000 MXN","Venta casa en José mojica #25, Col. Flamingos, Mazatlán, Sinaloa, México, C.P. 82149, ID: 30528159",4 Recámaras | 3 Baños | 308 m 2,https://propiedades.comhttps://propiedades.com/inmuebles/casa-en-venta-jose-mojica-25-flamingos-sinaloa-30528159
Sinaloa,13,2026-04-06 03:10,"$120,000,000 USD","Se vende casa , Col. Zona Dorada, Mazatlán, Sinaloa, México, C.P. 82110, ID: 29328187",395 Recámaras | 13338 m 2,https://propiedades.comhttps://propiedades.com/inmuebles/casa-en-venta-zona-dorada-sinaloa-29328187
Sinaloa,13,2026-04-06 03:10,"$20,000,000 MXN","P.º del Palmar s/n, Marina Mazatlán, 82103 Mazatlán, Sin. #s/n, Col. Marina Mazatlán, Mazatlán, Sinaloa, México, C.P. 82103, ID: 30537606",5 Recámaras | 5 Baños | 500 m 2,https://propiedades.comhttps://propiedades.com/inmuebles/casa-en-venta-p-del-palmar-sn-marina-mazatlan-82103-mazatlan-sin-sn-marina-mazatlan-sinaloa-30537606
Sinaloa,13,2026-04-06 03:10,"$15,800,000 MXN","Casa en venta, La Serena Residencial, Res Dep y Rincón de Fuentes, 81223 Los Mochis, Sin., Col. Las Fuentes, Ahome, Sinaloa, México, C.P. 81223, ID: 30516916",4 Recámaras | 4 Baños | 650 m 2,https://propiedades.comhttps://propiedades.com/inmuebles/casa-en-venta-la-serena-residencial-res-dep-y-rincon-de-fuentes-81223-los-mochis-sin-las-fuentes-sinaloa-30516916
Sinaloa,13,2026-04-06 03:10,"$5,250,000 MXN","Casa disponible en venta en Av. La Piedad 5217, Real del Valle, 82124 Mazatlán, Sin. #5217, Col. Coto Platino, Mazatlán, Sinaloa, México, C.P. 82124, ID: 30774651",3 Recámaras | 3 Baños | 220 m 2,https://propiedades.comhttps://propiedades.com/inmuebles/casa-en-venta-av-la-piedad-5217-real-del-valle-82124-mazatlan-sin-5217-coto-platino-sinaloa-30774651
Sinaloa,13,2026-04-06 03:10,"$3,350,000 MXN","Se vende casa en Palermo #357, Col. Privanzas, Ahome, Sinaloa, México, C.P. 81293, ID: 30054066",3 Recámaras | 3 Baños | 125 m 2,https://propiedades.comhttps://propiedades.com/inmuebles/casa-en-venta-palermo-357-privanzas-sinaloa-30054066
Sinaloa,13,2026-04-06 03:10,"$1,634,709 MXN","Av. Gral. Gabriel Leyva 2927, Villas Monterrey, 81270 Los Mochis, Sin. #2927, Col. Quinta de Cortes, Ahome, Sinaloa, México, C.P. 81270, ID: 30229830",2 Recámaras | 1 Baño | 119 m 2,https://propiedades.comhttps://propiedades.com/inmuebles/casa-en-venta-av-gral-gabriel-leyva-2927-villas-monterrey-81270-los-mochis-sin-2927-quinta-de-cortes-sinaloa-30229830
Sinaloa,13,2026-04-06 03:10,"$3,590,000 MXN","Casa en venta disponible en Hacienda Sta. Martha, Real del Valle, Mazatlán, Sin. #s/n, Col. Bluu Habitat Lagoons, Mazatlán, Sinaloa, México, C.P. 82124, ID: 30605667",3 Recámaras | 3 Baños | 129 m 2,https://propiedades.comhttps://propiedades.com/inmuebles/casa-en-venta-hacienda-sta-martha-real-del-valle-mazatlan-sin-sn-bluu-habitat-lagoons-sinaloa-30605667
Sinaloa,13,2026-04-06 03:10,"$2,100,000 MXN","Venta de casa SAN EUGENIO CUMBRE PIRINEOS #1021, Col. Santa Fe, Culiacán, Sinaloa, México, C.P. 80029, ID: 30545176",3 Recámaras | 1 Baño,https://propiedades.comhttps://propiedades.com/inmuebles/casa-en-venta-san-eugenio-cumbre-pirineos-1021-santa-fe-sinaloa-30545176
Sinaloa,13,2026-04-06 03:10,"$24,990,000 MXN","Casa en venta, Marina Campo de Golf #s/n, Col. Marina Mazatlán, Mazatlán, Sinaloa, México, C.P. 82103, ID: 29915147",4 Recámaras | 5 Baños | 525 m 2,https://propiedades.comhttps://propiedades.com/inmuebles/casa-en-venta-marina-campo-de-golf-sn-marina-mazatlan-sinaloa-29915147
Sinaloa,13,2026-04-06 03:10,"$950,000 MXN","Venta de casa en girasoles #125Int. 125, Col. Jacarandas, Mazatlán, Sinaloa, México, C.P. 82157, ID: 29795287",1 Recámara | 1 Baño | 70 m 2,https://propiedades.comhttps://propiedades.com/inmuebles/casa-en-venta-girasoles-125-jacarandas-sinaloa-29795287
Sinaloa,13,2026-04-06 03:10,"$10,900,000 MXN","Venta casa en P.º Paraíso, 82103 Mazatlán, Sin., Col. Marina Mazatlán, Mazatlán, Sinaloa, México, C.P. 82103, ID: 30734461",4 Recámaras | 4 Baños | 332 m 2,https://propiedades.comhttps://propiedades.com/inmuebles/casa-en-venta-p-paraiso-82103-mazatlan-sin-marina-mazatlan-sinaloa-30734461
Sinaloa,13,2026-04-06 03:10,"$3,400,000 MXN","Venta casa en Priv san Diego, Hacienda del Seminario, 82129 Mazatlán, Sin., Col. Hacienda del Seminario, Mazatlán, Sinaloa, México, C.P. 82129, ID: 30367067",3 Recámaras | 3 Baños,https://propiedades.comhttps://propiedades.com/inmuebles/casa-en-venta-priv-san-diego-hacienda-del-seminario-82129-mazatlan-sin-hacienda-del-seminario-sinaloa-30367067
Sinaloa,13,2026-04-06 03:10,"$2,800,000 MXN","Casa en venta, Medusa, Mar de Cortez, 82136 Mazatlán, Sin. #120, Col. Santa Laura, Mazatlán, Sinaloa, México, C.P. 82136, ID: 30654761",3 Recámaras | 2 Baños | 120 m 2,https://propiedades.comhttps://propiedades.com/inmuebles/casa-en-venta-medusa-mar-de-cortez-82136-mazatlan-sin-120-santa-laura-sinaloa-30654761
Sinaloa,13,2026-04-06 03:10,"$5,343,000 MXN","Casa en venta disponible en El Barrio, 80247 Culiacán Rosales, Sin. #4094, Col. Camino Real, Culiacán, Sinaloa, México, C.P. 80247, ID: 30372754",4 Recámaras | 4 Baños | 300 m 2,https://propiedades.comhttps://propiedades.com/inmuebles/casa-en-venta-el-barrio-80247-culiacan-rosales-sin-4094-camino-real-sinaloa-30372754
Sinaloa,13,2026-04-06 03:10,"$40,298,000 MXN","Venta casa en , Col. Lomas del Bosque, Culiacán, Sinaloa, México, C.P. 80179, ID: 29114872",4 Recámaras | 5 Baños | 1060 m 2,https://propiedades.comhttps://propiedades.com/inmuebles/casa-en-venta-lomas-del-bosque-sinaloa-29114872
Sinaloa,13,2026-04-06 03:10,"$6,000,000 MXN","Venta casa en Montecarlo, Col. Montecarlo Residencial, Culiacán, Sinaloa, México, C.P. 80054, ID: 29522026",3 Recámaras | 2 Baños,https://propiedades.comhttps://propiedades.com/inmuebles/casa-en-venta-montecarlo-montecarlo-residencial-sinaloa-29522026
Sinaloa,13,2026-04-06 03:10,"$1,990,000 MXN","Se vende casa Paseo Stanza Toscana 2815-Local 20, 80050 Culiacán Rosales, Sin. #s/n, Col. Valle Alto, Culiacán, Sinaloa, México, C.P. 80050, ID: 30346306",3 Recámaras | 1 Baño | 78 m 2,https://propiedades.comhttps://propiedades.com/inmuebles/casa-en-venta-paseo-stanza-toscana-2815local-20-80050-culiacan-rosales-sin-sn-valle-alto-sinaloa-30346306
Sinaloa,13,2026-04-06 03:10,"$5,390,000 MXN","Circuito Gran, Av Real del Valle, 82124 Mazatlán, Sin., Col. Coto Platino, Mazatlán, Sinaloa, México, C.P. 82124, ID: 30623707",4 Recámaras | 4 Baños | 248 m 2,https://propiedades.comhttps://propiedades.com/inmuebles/casa-en-venta-circuito-gran-av-real-del-valle-82124-mazatlan-sin-coto-platino-sinaloa-30623707
Sinaloa,13,2026-04-06 03:10,"$5,500,000 MXN","Casa disponible en venta en Boulevard sonterra . circuito arizona: fracc. sonterra #s/nInt. 6414, Col. Bluu Habitat Lagoons, Mazatlán, Sinaloa, México, C.P. 82124, ID: 29887295",3 Recámaras | 2 Baños | 236 m 2,https://propiedades.comhttps://propiedades.com/inmuebles/casa-en-venta-boulevard-sonterra-circuito-arizona-fracc-sonterra-sn-bluu-habitat-lagoons-sinaloa-29887295
Sinaloa,13,2026-04-06 03:10,"$2,620,000 MXN","Casa en venta disponible en Perisur 2, Col. Perisur, Culiacán, Sinaloa, México, C.P. 80197, ID: 28282361",3 Recámaras | 2 Baños | 106 m 2,https://propiedades.comhttps://propiedades.com/inmuebles/casa-en-venta-perisur-2-perisur-sinaloa-28282361
Sinaloa,13,2026-04-06 03:10,"$1,385,000 MXN","ROSA MORADA #9002, Col. Los Tabachines, Mazatlán, Sinaloa, México, C.P. 82199, ID: 29522053",3 Recámaras | 2 Baños | 100 m 2,https://propiedades.comhttps://propiedades.com/inmuebles/casa-en-venta-rosa-morada-9002-los-tabachines-sinaloa-29522053
Sinaloa,13,2026-04-06 03:10,"$3,600,000 MXN","Se vende casa Calle Fariseo, C. Eden, 82129 Mazatlán, Sin., Col. Hacienda del Seminario, Mazatlán, Sinaloa, México, C.P. 82129, ID: 30367083",3 Recámaras | 2 Baños,https://propiedades.comhttps://propiedades.com/inmuebles/casa-en-venta-calle-fariseo-c-eden-82129-mazatlan-sin-hacienda-del-seminario-sinaloa-30367083
Sinaloa,13,2026-04-06 03:10,"$3,250,000 MXN","Venta de casa Avenida Nicolás Bravo, Col. Guadalupe, Culiacán, Sinaloa, México, C.P. 80220, ID: 29834417",2 Recámaras | 2 Baños,https://propiedades.comhttps://propiedades.com/inmuebles/casa-en-venta-avenida-nicolas-bravo-guadalupe-sinaloa-29834417
Sinaloa,14,2026-04-06 03:10,"$1,520,000 MXN","Culiacán, Sinaloa, Col. Los Angeles, Culiacán, Sinaloa, México, C.P. 80014, ID: 30372718",2 Recámaras | 1 Baño,https://propiedades.comhttps://propiedades.com/inmuebles/casa-en-venta-culiacan-sinaloa-los-angeles-sinaloa-30372718
Sinaloa,14,2026-04-06 03:10,"$3,795,000 MXN","Casa disponible en venta en Hacienda del Seminario #6119, Col. Hacienda del Seminario, Mazatlán, Sinaloa, México, C.P. 82129, ID: 29941331",3 Recámaras | 2 Baños | 141 m 2,https://propiedades.comhttps://propiedades.com/inmuebles/casa-en-venta-hacienda-del-seminario-6119-hacienda-del-seminario-sinaloa-29941331
Sinaloa,14,2026-04-06 03:10,"$7,490,000 MXN","Se vende casa en Av. Mario A. Huerta Sanchez 1804 Altabrisa Residencial Fraccionamiento, Blvd. Altabrisa 1706, Cerrit #1706, Col. Altabrisa Residencial, Mazatlán, Sinaloa, México, C.P. 82112, ID: 30768979",3 Recámaras | 4 Baños | 354 m 2,https://propiedades.comhttps://propiedades.com/inmuebles/casa-en-venta-av-mario-a-huerta-sanchez-1804-altabrisa-residencial-fraccionamiento-blvd-altabrisa-1706-cerrit-1706-altabrisa-residencial-sinaloa-30768979
Sinaloa,14,2026-04-06 03:10,"$4,800,000 MXN","Palmilla Residencial, Av. Sábalo Cerritos S/N, 82112 Mazatlán, Sin. #S/N, Col. Cerritos Resort, Mazatlán, Sinaloa, México, C.P. 82112, ID: 30682438",3 Recámaras | 3 Baños | 122 m 2,https://propiedades.comhttps://propiedades.com/inmuebles/casa-en-venta-palmilla-residencial-av-sabalo-cerritos-sn-82112-mazatlan-sin-sn-cerritos-resort-sinaloa-30682438
Sinaloa,14,2026-04-06 03:10,"$1,998,000 MXN","Perisur 2, Col. Perisur, Culiacán, Sinaloa, México, C.P. 80197, ID: 28282360",2 Recámaras | 1 Baño | 66 m 2,https://propiedades.comhttps://propiedades.com/inmuebles/casa-en-venta-perisur-2-perisur-sinaloa-28282360
Sinaloa,14,2026-04-06 03:10,"$6,800,000 MXN","Casa en venta, Av. La Piedad 5217, Real del Valle, 82124 Mazatlán, Sin. #5217, Col. Coto Platino, Mazatlán, Sinaloa, México, C.P. 82124, ID: 30775300",4 Recámaras | 3 Baños | 244 m 2,https://propiedades.comhttps://propiedades.com/inmuebles/casa-en-venta-av-la-piedad-5217-real-del-valle-82124-mazatlan-sin-5217-coto-platino-sinaloa-30775300
Sinaloa,14,2026-04-06 03:10,"$5,400,000 MXN","Blvd. ConquistadoresVitalia Residencial, Col. Espacios Barcelona, Culiacán, Sinaloa, México, C.P. 80059, ID: 28282362",3 Recámaras | 3 Baños | 256 m 2,https://propiedades.comhttps://propiedades.com/inmuebles/casa-en-venta-blvd-conquistadoresvitalia-residencial-espacios-barcelona-sinaloa-28282362
Sinaloa,14,2026-04-06 03:10,"$1,530,000 MXN","Casa en venta, Ejido Agua Caliente #12220, Col. Valle Del Ejido, Mazatlán, Sinaloa, México, C.P. 82134, ID: 30106229",2 Recámaras | 1 Baño | 67 m 2,https://propiedades.comhttps://propiedades.com/inmuebles/casa-en-venta-ejido-agua-caliente-12220-valle-del-ejido-sinaloa-30106229
Sinaloa,14,2026-04-06 03:10,"$4,500,000 MXN","Se vende casa Blvd Montebello Fraccionamiento Montebello #s/n, Col. Montebello, Culiacán, Sinaloa, México, C.P. 80227, ID: 29440290",3 Recámaras | 3 Baños | 311 m 2,https://propiedades.comhttps://propiedades.com/inmuebles/casa-en-venta-blvd-montebello-fraccionamiento-montebello-sn-montebello-sinaloa-29440290
Sinaloa,14,2026-04-06 03:10,"$1,999,999 MXN","Casa en venta, , Col. El Mirador, Culiacán, Sinaloa, México, C.P. 80017, ID: 29114882",3 Recámaras | 3 Baños | 138 m 2,https://propiedades.comhttps://propiedades.com/inmuebles/casa-en-venta-el-mirador-sinaloa-29114882
Sinaloa,14,2026-04-06 03:10,"$3,690,000 MXN","Venta de casa en CASA EN VENTA EN AZUL MARINO MAZATLAN #S/N, Col. Azul Marino, Mazatlán, Sinaloa, México, C.P. 82112, ID: 30083142",3 Recámaras | 2 Baños | 78 m 2,https://propiedades.comhttps://propiedades.com/inmuebles/casa-en-venta-casa-en-venta-en-azul-marino-mazatlan-sn-azul-marino-sinaloa-30083142
Sinaloa,14,2026-04-06 03:10,"$3,800,000 MXN","Venta casa en Villas del rio #s/n, Col. Villas Del Rio, Culiacán, Sinaloa, México, C.P. 80050, ID: 29944231",4 Recámaras | 4 Baños | 279 m 2,https://propiedades.comhttps://propiedades.com/inmuebles/casa-en-venta-villas-del-rio-sn-villas-del-rio-sinaloa-29944231
Sinaloa,14,2026-04-06 03:10,"$3,645,000 MXN","Venta casa en avenida sonterra 2 paseo del pacífico , Col. Real del Valle, Mazatlán, Sinaloa, México, C.P. 82124, ID: 27753452",3 Recámaras | 2 Baños | 110 m 2,https://propiedades.comhttps://propiedades.com/inmuebles/casa-en-venta-avenida-sonterra-2-paseo-del-pacifico-real-del-valle-sinaloa-27753452
Sinaloa,14,2026-04-06 03:10,"$12,000,000 MXN","Venta de casa en 82110 Mazatlán, Sinaloa, Col. El Cid, Mazatlán, Sinaloa, México, C.P. 82110, ID: 30417896",4 Recámaras | 4 Baños | 546 m 2,https://propiedades.comhttps://propiedades.com/inmuebles/casa-en-venta-82110-mazatlan-sinaloa-el-cid-sinaloa-30417896
Sinaloa,14,2026-04-06 03:10,"$1,950,000 MXN","Se vende casa en Guadalupe Rojo Viuda de Alvarado, El Mirador, Culiacán Rosales, Sin., Col. El Mirador, Culiacán, Sinaloa, México, C.P. 80017, ID: 30230098",3 Recámaras | 1 Baño | 138 m 2,https://propiedades.comhttps://propiedades.com/inmuebles/casa-en-venta-guadalupe-rojo-viuda-de-alvarado-el-mirador-culiacan-rosales-sin-el-mirador-sinaloa-30230098
Sinaloa,14,2026-04-06 03:10,"$3,480,000 MXN","Se vende casa en Ciprés 97 #97, Col. Cuauhtémoc, Ahome, Sinaloa, México, C.P. 81248, ID: 30048735",5 Recámaras | 3 Baños | 260 m 2,https://propiedades.comhttps://propiedades.com/inmuebles/casa-en-venta-cipres-97-97-cuauhtemoc-sinaloa-30048735
Sinaloa,14,2026-04-06 03:10,"$1,585,000 MXN","Se vende casa en Azucenas # 11310-A, Col. Santa Rosa, Mazatlán, Sinaloa, México, C.P. 82134, ID: 29538287",2 Recámaras | 1 Baño | 87 m 2,https://propiedades.comhttps://propiedades.com/inmuebles/casa-en-venta-azucenas-11310a-santa-rosa-sinaloa-29538287
Sinaloa,14,2026-04-06 03:10,"$1,150,000 MXN","Casa en venta en Col Salvador Allende Mazatlán , Col. Salvador Allende, Mazatlán, Sinaloa, México, C.P. 82164, ID: 30180794",2 Recámaras | 1 Baño | 76 m 2,https://propiedades.comhttps://propiedades.com/inmuebles/casa-en-venta-casa-en-venta-en-col-salvador-allende-mazatlan-salvador-allende-sinaloa-30180794
Sinaloa,14,2026-04-06 03:10,"$11,000,000 MXN","Casa en venta disponible en P.º Paraíso, 82103 Mazatlán, Sin., Col. Marina Mazatlán, Mazatlán, Sinaloa, México, C.P. 82103, ID: 30623670",4 Recámaras | 4 Baños | 345 m 2,https://propiedades.comhttps://propiedades.com/inmuebles/casa-en-venta-p-paraiso-82103-mazatlan-sin-marina-mazatlan-sinaloa-30623670
Sinaloa,14,2026-04-06 03:10,"$3,800,000 MXN","Se vende casa P.º Belcantto, 80184 Culiacán Rosales, Sin., Col. Belcantto, Culiacán, Sinaloa, México, C.P. 80184, ID: 30595071",3 Recámaras | 2 Baños,https://propiedades.comhttps://propiedades.com/inmuebles/casa-en-venta-p-belcantto-80184-culiacan-rosales-sin-belcantto-sinaloa-30595071
Sinaloa,14,2026-04-06 03:10,"$1,095,000 MXN","Venta casa en Bruselas #s/n, Col. Cedros, Ahome, Sinaloa, México, C.P. 81278, ID: 29712772",2 Recámaras | 1 Baño,https://propiedades.comhttps://propiedades.com/inmuebles/casa-en-venta-bruselas-sn-cedros-sinaloa-29712772
Sinaloa,14,2026-04-06 03:10,"$3,950,000 MXN","Venta casa en Casa en venta en Coto Platino Mazatlán , Col. Coto Platino, Mazatlán, Sinaloa, México, C.P. 82124, ID: 30180787",3 Recámaras | 3 Baños | 205 m 2,https://propiedades.comhttps://propiedades.com/inmuebles/casa-en-venta-casa-en-venta-en-coto-platino-mazatlan-coto-platino-sinaloa-30180787
Sinaloa,14,2026-04-06 03:10,"$1,350,000 MXN","Venta casa en Valle de Hidalgo, 80050 Culiacán Rosales, Sin., Col. La Rioja, Culiacán, Sinaloa, México, C.P. 80050, ID: 30815349",2 Recámaras | 1 Baño,https://propiedades.comhttps://propiedades.com/inmuebles/casa-en-venta-valle-de-hidalgo-80050-culiacan-rosales-sin-la-rioja-sinaloa-30815349
Sinaloa,14,2026-04-06 03:10,"$5,600,000 MXN","Se vende casa en , Col. Guadalupe Victoria, Culiacán, Sinaloa, México, C.P. 80455, ID: 29784927",3 Recámaras | 2 Baños | 198 m 2,https://propiedades.comhttps://propiedades.com/inmuebles/casa-en-venta-guadalupe-victoria-sinaloa-29784927
Sinaloa,14,2026-04-06 03:10,"$4,780,000 MXN","Venta de casa en Av Óscar Pérez Escobosa 8124, Real del Valle, 82124 Mazatlán, Sin. #8124, Col. Terranova Plus, Mazatlán, Sinaloa, México, C.P. 82124, ID: 30623667",4 Recámaras | 3 Baños | 160 m 2,https://propiedades.comhttps://propiedades.com/inmuebles/casa-en-venta-av-oscar-perez-escobosa-8124-real-del-valle-82124-mazatlan-sin-8124-terranova-plus-sinaloa-30623667
Sinaloa,14,2026-04-06 03:10,"$12,750,000 MXN","Casa disponible en venta en Conde de Oviedo, El Cid, 82110 Mazatlán, Sin., Col. El Cid, Mazatlán, Sinaloa, México, C.P. 82110, ID: 30537534",4 Recámaras | 3 Baños | 409 m 2,https://propiedades.comhttps://propiedades.com/inmuebles/casa-en-venta-conde-de-oviedo-el-cid-82110-mazatlan-sin-el-cid-sinaloa-30537534
Sinaloa,14,2026-04-06 03:10,"$7,800,000 MXN","Venta casa en San Agustín 112, Barrio San Agustín, La Primavera, 80199 Culiacán Rosales, Sin. #112, Col. Barrio San Francisco, Culiacán, Sinaloa, México, C.P. 80199, ID: 30554667",3 Recámaras | 3 Baños | 300 m 2,https://propiedades.comhttps://propiedades.com/inmuebles/casa-en-venta-san-agustin-112-barrio-san-agustin-la-primavera-80199-culiacan-rosales-sin-112-barrio-san-francisco-sinaloa-30554667
Sinaloa,14,2026-04-06 03:10,"$10,290,000 MXN","Venta casa en Paseo del Palmar, Col. Marina Mazatlán, Mazatlán, Sinaloa, México, C.P. 82103, ID: 29464528",4 Recámaras | 3 Baños | 290 m 2,https://propiedades.comhttps://propiedades.com/inmuebles/casa-en-venta-paseo-del-palmar-marina-mazatlan-sinaloa-29464528
Sinaloa,14,2026-04-06 03:10,"$2,700,000 MXN","Casa en venta, Calle Santa Elena 3082 #3082, Col. Villas de Bacurimí Sección Acacia, Culiacán, Sinaloa, México, C.P. 80050, ID: 30078252",3 Recámaras | 3 Baños | 250 m 2,https://propiedades.comhttps://propiedades.com/inmuebles/casa-en-venta-calle-santa-elena-3082-3082-villas-de-bacurimi-seccion-acacia-sinaloa-30078252
Sinaloa,14,2026-04-06 03:10,"$2,080,000 MXN","Casa en venta disponible en AVE DEL PACIFICO, Col. San Juan, Mazatlán, Sinaloa, México, C.P. 82275, ID: 29528047",2 Recámaras | 1 Baño | 85 m 2,https://propiedades.comhttps://propiedades.com/inmuebles/casa-en-venta-ave-del-pacifico-san-juan-sinaloa-29528047
Sinaloa,14,2026-04-06 03:10,"$1,420,000 MXN","Venta de casa en Olmecas #s/n, Col. Valle Bonito, Culiacán, Sinaloa, México, C.P. 80140, ID: 29931876",2 Recámaras | 1 Baño | 61 m 2,https://propiedades.comhttps://propiedades.com/inmuebles/casa-en-venta-olmecas-sn-valle-bonito-sinaloa-29931876
Sinaloa,14,2026-04-06 03:10,"$1,400,000 MXN","Casa disponible en venta en Calle Fortunato Vega, Col. Nuevo Horizonte, Ahome, Sinaloa, México, C.P. 81233, ID: 29526792",2 Recámaras | 2 Baños,https://propiedades.comhttps://propiedades.com/inmuebles/casa-en-venta-calle-fortunato-vega-nuevo-horizonte-sinaloa-29526792
Sinaloa,14,2026-04-06 03:10,"$1,290,000 MXN","Casa disponible en venta en David 12015 #12015, Col. La Cantera, Mazatlán, Sinaloa, México, C.P. 82139, ID: 29522035",3 Recámaras | 1 Baño | 63 m 2,https://propiedades.comhttps://propiedades.com/inmuebles/casa-en-venta-david-12015-12015-la-cantera-sinaloa-29522035
Sinaloa,14,2026-04-06 03:10,"$7,175,000 MXN","Casa en venta disponible en Isla del Carmen 1518 #1518, Col. Las Quintas, Culiacán, Sinaloa, México, C.P. 80060, ID: 30144572",3 Recámaras | 3 Baños | 249 m 2,https://propiedades.comhttps://propiedades.com/inmuebles/casa-en-ambos-isla-del-carmen-1518-1518-las-quintas-sinaloa-30144572
Sinaloa,14,2026-04-06 03:10,"$2,300,000 MXN","Se vende casa en viñedos , Col. Primer Cuadro (Centro), Ahome, Sinaloa, México, C.P. 81200, ID: 29990392",2 Recámaras | 1 Baño | 121 m 2,https://propiedades.comhttps://propiedades.com/inmuebles/casa-en-venta-vinedos-primer-cuadro-centro-sinaloa-29990392
Sinaloa,14,2026-04-06 03:10,"$5,500,000 MXN","Casa en venta disponible en Boulevard Rotarismo #1620Int. 13, Col. Desarrollo Urbano 3 Ríos, Culiacán, Sinaloa, México, C.P. 80020, ID: 27558494",3 Recámaras | 3 Baños | 213 m 2,https://propiedades.comhttps://propiedades.com/inmuebles/casa-en-ambos-boulevard-rotarismo-1620-desarrollo-urbano-3-rios-sinaloa-27558494
Sinaloa,14,2026-04-06 03:10,"$7,800,000 MXN","Venta de casa en Rasa 1398, Banus 360, Raquet Club, 80065 Culiacán Rosales, Sin. #1398c, Col. Banus 360, Culiacán, Sinaloa, México, C.P. 80065, ID: 30635504",3 Recámaras | 5 Baños,https://propiedades.comhttps://propiedades.com/inmuebles/casa-en-venta-rasa-1398-banus-360-raquet-club-80065-culiacan-rosales-sin-1398c-banus-360-sinaloa-30635504
Sinaloa,14,2026-04-06 03:10,"$2,790,000 MXN","Calle Plan de Ayala #s/n, Col. Emiliano Zapata, Culiacán, Sinaloa, México, C.P. 80409, ID: 30162727",4 Recámaras | 1 Baño | 250 m 2,https://propiedades.comhttps://propiedades.com/inmuebles/casa-en-venta-calle-plan-de-ayala-sn-emiliano-zapata-sinaloa-30162727
Sinaloa,14,2026-04-06 03:10,"$1,870,000 MXN","Santa Fe, Sta Fe, 80029 Culiacán Rosales, Sin. #s/n, Col. Santa Fe, Culiacán, Sinaloa, México, C.P. 80029, ID: 30549753",3 Recámaras | 1 Baño | 85 m 2,https://propiedades.comhttps://propiedades.com/inmuebles/casa-en-venta-santa-fe-sta-fe-80029-culiacan-rosales-sin-sn-santa-fe-sinaloa-30549753
Sinaloa,14,2026-04-06 03:10,"$6,500,000 MXN","Se vende casa Av Ignacio Zaragoza 1931, Las Fuentes, 81223 Los Mochis, Sin. #1931, Col. Las Fuentes, Ahome, Sinaloa, México, C.P. 81223, ID: 30464301",4 Recámaras | 3 Baños | 305 m 2,https://propiedades.comhttps://propiedades.com/inmuebles/casa-en-venta-av-ignacio-zaragoza-1931-las-fuentes-81223-los-mochis-sin-1931-las-fuentes-sinaloa-30464301
Sinaloa,14,2026-04-06 03:10,"$1,785,000 MXN","Av. Louisiana, Los Mochis, Sin. #3282, Col. La Cantera, Ahome, Sinaloa, México, C.P. 81294, ID: 30367547",1 Recámara | 1 Baño | 76 m 2,https://propiedades.comhttps://propiedades.com/inmuebles/casa-en-venta-av-louisiana-los-mochis-sin-3282-la-cantera-sinaloa-30367547
Sinaloa,14,2026-04-06 03:10,"$6,200,000 MXN","Se vende casa en Marina Mazatlán, Mazatlán, Sin., Col. Marina Mazatlán, Mazatlán, Sinaloa, México, C.P. 82103, ID: 30666002",3 Recámaras | 3 Baños | 173 m 2,https://propiedades.comhttps://propiedades.com/inmuebles/casa-en-venta-marina-mazatlan-mazatlan-sin-marina-mazatlan-sinaloa-30666002
Sinaloa,14,2026-04-06 03:10,"$3,895,000 MXN","Se vende casa en Real del Valle, 82124 Mazatlán, Sin., Col. Real del Valle, Mazatlán, Sinaloa, México, C.P. 82124, ID: 30605983",4 Recámaras | 3 Baños | 160 m 2,https://propiedades.comhttps://propiedades.com/inmuebles/casa-en-venta-real-del-valle-82124-mazatlan-sin-real-del-valle-sinaloa-30605983
Sinaloa,14,2026-04-06 03:10,"$9,400,000 MXN","Casa en venta disponible en Camino a Isla de la Piedra, Col. El Zapote, Mazatlán, Sinaloa, México, C.P. 82267, ID: 29526775",3 Recámaras | 3 Baños | 229 m 2,https://propiedades.comhttps://propiedades.com/inmuebles/casa-en-venta-camino-a-isla-de-la-piedra-el-zapote-sinaloa-29526775
Sinaloa,14,2026-04-06 03:10,"$1,445,000 MXN","La Conquista, 80058 Culiacán Rosales, Sin. #s/n, Col. La Conquista, Culiacán, Sinaloa, México, C.P. 80058, ID: 30637680",2 Recámaras | 1 Baño | 65 m 2,https://propiedades.comhttps://propiedades.com/inmuebles/casa-en-venta-la-conquista-80058-culiacan-rosales-sin-sn-la-conquista-sinaloa-30637680
Sinaloa,14,2026-04-06 03:10,"$4,780,000 MXN","Casa en venta, Av Óscar Pérez Escobosa 8124, Real del Valle, 82124 Mazatlán, Sin. #8124, Col. Terranova Plus, Mazatlán, Sinaloa, México, C.P. 82124, ID: 30321360",4 Recámaras | 3 Baños | 205 m 2,https://propiedades.comhttps://propiedades.com/inmuebles/casa-en-venta-av-oscar-perez-escobosa-8124-real-del-valle-82124-mazatlan-sin-8124-terranova-plus-sinaloa-30321360
Sinaloa,14,2026-04-06 03:10,"$4,150,000 MXN","Casa disponible en venta en Av Óscar Pérez Escobosa 8116, San Rafael, 82124 Mazatlán, Sin. #8116, Col. Terranova Plus, Mazatlán, Sinaloa, México, C.P. 82124, ID: 30512302",3 Recámaras | 2 Baños | 131 m 2,https://propiedades.comhttps://propiedades.com/inmuebles/casa-en-venta-av-oscar-perez-escobosa-8116-san-rafael-82124-mazatlan-sin-8116-terranova-plus-sinaloa-30512302
Sinaloa,15,2026-04-06 03:10,"$20,000,000 MXN","Venta casa en P.º del Palmar s/n, Marina Mazatlán, 82103 Mazatlán, Sin. #s/n, Col. Marina Mazatlán, Mazatlán, Sinaloa, México, C.P. 82103, ID: 30490636",5 Recámaras | 5 Baños | 550 m 2,https://propiedades.comhttps://propiedades.com/inmuebles/casa-en-venta-p-del-palmar-sn-marina-mazatlan-82103-mazatlan-sin-sn-marina-mazatlan-sinaloa-30490636
Sinaloa,15,2026-04-06 03:10,"$3,700,000 MXN","Casa disponible en venta en CASA EN VENTA EN REAL PACIFICO MAZATLAN, Col. Terranova, Mazatlán, Sinaloa, México, C.P. 82124, ID: 30083131",3 Recámaras | 1 Baño | 181 m 2,https://propiedades.comhttps://propiedades.com/inmuebles/casa-en-venta-casa-en-venta-en-real-pacifico-mazatlan-terranova-sinaloa-30083131
Sinaloa,15,2026-04-06 03:10,"$16,000,000 MXN","Se vende casa en Paseo Vista Hermosa #12, Col. Balcones de Loma Linda, Mazatlán, Sinaloa, México, C.P. 82000, ID: 29498903",3 Recámaras | 3 Baños | 362 m 2,https://propiedades.comhttps://propiedades.com/inmuebles/casa-en-venta-paseo-vista-hermosa-12-balcones-de-loma-linda-sinaloa-29498903
Sinaloa,15,2026-04-06 03:10,"$4,950,000 MXN","Venta casa en Av. Paseo del Atlántico, Fraccionamiento Real Pacífico, 82124 Mazatlán, Sin., Col. Bluu Habitat Lagoons, Mazatlán, Sinaloa, México, C.P. 82124, ID: 30789463",4 Recámaras | 3 Baños,https://propiedades.comhttps://propiedades.com/inmuebles/casa-en-venta-av-paseo-del-atlantico-fraccionamiento-real-pacifico-82124-mazatlan-sin-bluu-habitat-lagoons-sinaloa-30789463
Sinaloa,15,2026-04-06 03:10,"$4,400,000 MXN","Casa en venta, real del valle , Col. Real del Valle, Mazatlán, Sinaloa, México, C.P. 82124, ID: 29516162",3 Recámaras | 1 Baño | 200 m 2,https://propiedades.comhttps://propiedades.com/inmuebles/casa-en-venta-real-del-valle-real-del-valle-sinaloa-29516162
Sinaloa,15,2026-04-06 03:10,"$10,750,000 MXN","Paraiso Marina #s/n, Col. Marina Mazatlán, Mazatlán, Sinaloa, México, C.P. 82103, ID: 29932110",4 Recámaras | 4 Baños | 330 m 2,https://propiedades.comhttps://propiedades.com/inmuebles/casa-en-venta-paraiso-marina-sn-marina-mazatlan-sinaloa-29932110
Sinaloa,15,2026-04-06 03:10,"$3,900,000 MXN","Casa en venta, Av Paseo del Pacífico km 1.3, 82000 Mazatlán, Sin., Col. Loma Linda, Mazatlán, Sinaloa, México, C.P. 82000, ID: 30666868",3 Recámaras | 2 Baños | 160 m 2,https://propiedades.comhttps://propiedades.com/inmuebles/casa-en-venta-av-paseo-del-pacifico-km-13-82000-mazatlan-sin-loma-linda-sinaloa-30666868
Sinaloa,15,2026-04-06 03:10,"$12,950,000 MXN","Se vende casa san juan #04, Col. La Primavera Sección Parque Industrial, Culiacán, Sinaloa, México, C.P. 80199, ID: 30197069",4 Recámaras | 4 Baños | 334 m 2,https://propiedades.comhttps://propiedades.com/inmuebles/casa-en-venta-san-juan-04-la-primavera-seccion-parque-industrial-sinaloa-30197069
Sinaloa,15,2026-04-06 03:10,"$60,000,000 MXN","Se vende casa en , Col. Mazatlan I, Mazatlán, Sinaloa, México, C.P. 82190, ID: 29328177",1100 m 2,https://propiedades.comhttps://propiedades.com/inmuebles/casa-en-venta-mazatlan-i-sinaloa-29328177
Sinaloa,15,2026-04-06 03:10,"$1,800,000 MXN","Casa en venta, Paseo del Laurel, Col. Villa del Cedro, Culiacán, Sinaloa, México, C.P. 80058, ID: 28777728",2 Recámaras | 1 Baño,https://propiedades.comhttps://propiedades.com/inmuebles/casa-en-venta-paseo-del-laurel-villa-del-cedro-sinaloa-28777728
Sinaloa,15,2026-04-06 03:10,"$2,300,000 MXN","Se vende casa Felix Palavicini, Col. Libertad, Culiacán, Sinaloa, México, C.P. 80180, ID: 28059619",3 Recámaras | 2 Baños | 134 m 2,https://propiedades.comhttps://propiedades.com/inmuebles/casa-en-venta-felix-palavicini-libertad-sinaloa-28059619
Sinaloa,15,2026-04-06 03:10,"$3,350,000 MXN","Se vende casa en Fracc. Azul Marino, Av. Mario A. Huerta Sánchez S/N, Cerritos, 82112 Mazatlán, Sin. #S/N, Col. Azul Marino, Mazatlán, Sinaloa, México, C.P. 82112, ID: 30397150",3 Recámaras | 2 Baños | 105 m 2,https://propiedades.comhttps://propiedades.com/inmuebles/casa-en-venta-fracc-azul-marino-av-mario-a-huerta-sanchez-sn-cerritos-82112-mazatlan-sin-sn-azul-marino-sinaloa-30397150
Sinaloa,15,2026-04-06 03:10,"$3,600,000 MXN","belcanto , Col. Belcantto, Culiacán, Sinaloa, México, C.P. 80184, ID: 30168372",3 Recámaras | 2 Baños | 210 m 2,https://propiedades.comhttps://propiedades.com/inmuebles/casa-en-venta-belcanto-belcantto-sinaloa-30168372
Sinaloa,15,2026-04-06 03:10,"$2,400,000 MXN","Casa en venta, BLVD LAS TORRES #2710, Col. Nueva Galicia, Culiacán, Sinaloa, México, C.P. 80295, ID: 28649116",4 Recámaras | 3 Baños | 256 m 2,https://propiedades.comhttps://propiedades.com/inmuebles/casa-en-venta-blvd-las-torres-2710-nueva-galicia-sinaloa-28649116
Sinaloa,15,2026-04-06 03:10,"$5,850,000 MXN","Se vende casa CASA EN VENTA EN PACIFICO HILLS, Col. Sonterra Residencial II, Mazatlán, Sinaloa, México, C.P. 82124, ID: 29946028",3 Recámaras | 3 Baños | 243 m 2,https://propiedades.comhttps://propiedades.com/inmuebles/casa-en-venta-casa-en-venta-en-pacifico-hills-sonterra-residencial-ii-sinaloa-29946028
Sinaloa,15,2026-04-06 03:10,"$3,690,000 MXN","Venta de casa en Av Óscar Pérez Escobosa 8116, San Rafael, 82124 Mazatlán, Sin. #s/n, Col. Terranova Plus, Mazatlán, Sinaloa, México, C.P. 82124, ID: 30512364",3 Recámaras | 2 Baños | 124 m 2,https://propiedades.comhttps://propiedades.com/inmuebles/casa-en-venta-av-oscar-perez-escobosa-8116-san-rafael-82124-mazatlan-sin-sn-terranova-plus-sinaloa-30512364
Sinaloa,15,2026-04-06 03:10,"$3,950,000 MXN","Se vende casa FRACCIONAMIENTO REAL DEL VALLE COTO 04 MAZATLAN, Col. Real del Valle, Mazatlán, Sinaloa, México, C.P. 82124, ID: 29446039",3 Recámaras | 2 Baños | 170 m 2,https://propiedades.comhttps://propiedades.com/inmuebles/casa-en-venta-fraccionamiento-real-del-valle-coto-04-mazatlan-real-del-valle-sinaloa-29446039
Sinaloa,15,2026-04-06 03:10,"$6,100,000 MXN","Casa en venta, Av. Mario A. Huerta Sanchez 1804 Altabrisa Residencial Fraccionamiento, Blvd. Altabrisa 1706, Cerrit #1706, Col. Altabrisa Residencial, Mazatlán, Sinaloa, México, C.P. 82112, ID: 30595021",4 Recámaras | 3 Baños | 220 m 2,https://propiedades.comhttps://propiedades.com/inmuebles/casa-en-venta-av-mario-a-huerta-sanchez-1804-altabrisa-residencial-fraccionamiento-blvd-altabrisa-1706-cerrit-1706-altabrisa-residencial-sinaloa-30595021
Sinaloa,15,2026-04-06 03:10,"$4,600,000 MXN","Casa disponible en venta en real del valle , Col. Real del Valle, Mazatlán, Sinaloa, México, C.P. 82124, ID: 29516239",3 Recámaras | 1 Baño | 223 m 2,https://propiedades.comhttps://propiedades.com/inmuebles/casa-en-venta-real-del-valle-real-del-valle-sinaloa-29516239
Sinaloa,15,2026-04-06 03:10,"$4,577,000 MXN","BOULEVARD CANTABRIA PRIVADA SUANCES #s/n, Col. Cantabria, Culiacán, Sinaloa, México, C.P. 80301, ID: 29906677",3 Recámaras | 3 Baños | 162 m 2,https://propiedades.comhttps://propiedades.com/inmuebles/casa-en-venta-boulevard-cantabria-privada-suances-sn-cantabria-sinaloa-29906677
Sinaloa,15,2026-04-06 03:10,"$1,990,000 MXN","Se vende casa Blvd. Paseo Toscana, 80050 Culiacán Rosales, Sin., Col. La Rioja, Culiacán, Sinaloa, México, C.P. 80050, ID: 30255861",3 Recámaras | 1 Baño | 78 m 2,https://propiedades.comhttps://propiedades.com/inmuebles/casa-en-venta-blvd-paseo-toscana-80050-culiacan-rosales-sin-la-rioja-sinaloa-30255861
Sinaloa,15,2026-04-06 03:10,"$2,200,000 MXN","Casa en venta disponible en Jaripillo #s/n, Col. Luis Echeverría Alvarez, Mazatlán, Sinaloa, México, C.P. 82160, ID: 29878931",3 Recámaras | 2 Baños | 135 m 2,https://propiedades.comhttps://propiedades.com/inmuebles/casa-en-venta-jaripillo-sn-luis-echeverria-alvarez-sinaloa-29878931
Sinaloa,15,2026-04-06 03:10,"$1,550,000 MXN","Venta de casa en Calle castrill #3788, Col. Granada, Culiacán, Sinaloa, México, C.P. 80058, ID: 30660670",2 Recámaras | 1 Baño | 76 m 2,https://propiedades.comhttps://propiedades.com/inmuebles/casa-en-venta-calle-castrill-3788-granada-sinaloa-30660670
Sinaloa,15,2026-04-06 03:10,"$3,799,999 MXN","Se vende casa , Col. Villa Universidad, Culiacán, Sinaloa, México, C.P. 80010, ID: 29114885",3 Recámaras | 2 Baños | 242 m 2,https://propiedades.comhttps://propiedades.com/inmuebles/casa-en-venta-villa-universidad-sinaloa-29114885
Sinaloa,15,2026-04-06 03:10,"$3,900,000 MXN","Veredas Del Mar 4900 Fraccionamiento Veredas Del Mar, 82129 Mazatlán, Sin., Col. Hacienda del Seminario, Mazatlán, Sinaloa, México, C.P. 82129, ID: 30407500",3 Recámaras | 3 Baños | 138 m 2,https://propiedades.comhttps://propiedades.com/inmuebles/casa-en-venta-veredas-del-mar-4900-fraccionamiento-veredas-del-mar-82129-mazatlan-sin-hacienda-del-seminario-sinaloa-30407500
Sinaloa,15,2026-04-06 03:10,"$1,175,000 MXN","Se vende casa Felipe Angeles #s/n, Col. Salvador Allende, Mazatlán, Sinaloa, México, C.P. 82164, ID: 30077351",2 Recámaras | 1 Baño | 72 m 2,https://propiedades.comhttps://propiedades.com/inmuebles/casa-en-venta-felipe-angeles-sn-salvador-allende-sinaloa-30077351
Sinaloa,15,2026-04-06 03:10,"$10,290,000 MXN","Venta de casa Paseo del Palmar #s/n, Col. Marina Mazatlán, Mazatlán, Sinaloa, México, C.P. 82103, ID: 30162163",4 Recámaras | 4 Baños | 320 m 2,https://propiedades.comhttps://propiedades.com/inmuebles/casa-en-venta-paseo-del-palmar-sn-marina-mazatlan-sinaloa-30162163
Sinaloa,15,2026-04-06 03:10,"$2,550,000 MXN","Venta casa en Calle Blvd. de las Torres, Nueva Galicia, 80295 Culiacán Rosales, Sin. #s/n, Col. Nueva Galicia, Culiacán, Sinaloa, México, C.P. 80295, ID: 30318106",4 Recámaras | 3 Baños | 271 m 2,https://propiedades.comhttps://propiedades.com/inmuebles/casa-en-venta-calle-blvd-de-las-torres-nueva-galicia-80295-culiacan-rosales-sin-sn-nueva-galicia-sinaloa-30318106
Sinaloa,15,2026-04-06 03:10,"$3,400,000 MXN","Isla Cortés, 80363 Nuevo Altata, Sin. #s/n, Col. Punta Esmeralda, Navolato, Sinaloa, México, C.P. 80363, ID: 30594946",3 Recámaras | 4 Baños,https://propiedades.comhttps://propiedades.com/inmuebles/casa-en-venta-isla-cortes-80363-nuevo-altata-sin-sn-punta-esmeralda-sinaloa-30594946
Sinaloa,15,2026-04-06 03:10,"$2,400,000 MXN","Venta de casa en Calle Blvd. de las Torres, Nueva Galicia, 80295 Culiacán Rosales, Sin., Col. Nueva Galicia, Culiacán, Sinaloa, México, C.P. 80295, ID: 30789520",4 Recámaras | 2 Baños | 246 m 2,https://propiedades.comhttps://propiedades.com/inmuebles/casa-en-venta-calle-blvd-de-las-torres-nueva-galicia-80295-culiacan-rosales-sin-nueva-galicia-sinaloa-30789520
Sinaloa,15,2026-04-06 03:10,"$2,200,000 MXN","Venta casa en Isla Carolinas 3061, Fraccionamiento Montserrat Residencial, 80029 Culiacán Rosales, Sin. #3061, Col. Santa Fe, Culiacán, Sinaloa, México, C.P. 80029, ID: 30660679",3 Recámaras | 2 Baños | 111 m 2,https://propiedades.comhttps://propiedades.com/inmuebles/casa-en-venta-isla-carolinas-3061-fraccionamiento-montserrat-residencial-80029-culiacan-rosales-sin-3061-santa-fe-sinaloa-30660679
Sinaloa,15,2026-04-06 03:10,"$1,750,000 MXN","Casa en venta, Bahia Kino, Col. Ejido Rincón de Urías, Mazatlán, Sinaloa, México, C.P. 82070, ID: 30115026",3 Recámaras | 3 Baños | 95 m 2,https://propiedades.comhttps://propiedades.com/inmuebles/casa-en-venta-bahia-kino-ejido-rincon-de-urias-sinaloa-30115026
Sinaloa,15,2026-04-06 03:10,"$3,690,000 MXN","Venta de casa Hacienda del Seminario, Fraccionamiento Hacienda del Seminario, 82129 Mazatlán, Sin., Col. Hacienda del Seminario, Mazatlán, Sinaloa, México, C.P. 82129, ID: 30789257",3 Recámaras | 2 Baños,https://propiedades.comhttps://propiedades.com/inmuebles/casa-en-venta-hacienda-del-seminario-fraccionamiento-hacienda-del-seminario-82129-mazatlan-sin-hacienda-del-seminario-sinaloa-30789257
Sinaloa,15,2026-04-06 03:10,"$3,182,000 MXN","Se vende casa en Benevento Residencial, 80014 Culiacán Rosales, Sin. #s/n, Col. Sfera Residencial, Culiacán, Sinaloa, México, C.P. 80014, ID: 30560799",3 Recámaras | 2 Baños | 150 m 2,https://propiedades.comhttps://propiedades.com/inmuebles/casa-en-venta-benevento-residencial-80014-culiacan-rosales-sin-sn-sfera-residencial-sinaloa-30560799
Sinaloa,15,2026-04-06 03:10,"$2,030,000 MXN","Casa disponible en venta en Avenida Río Batacudea #s/n, Col. Morelos, Culiacán, Sinaloa, México, C.P. 80170, ID: 30106719",3 Recámaras | 1 Baño | 98 m 2,https://propiedades.comhttps://propiedades.com/inmuebles/casa-en-venta-avenida-rio-batacudea-sn-morelos-sinaloa-30106719
Sinaloa,15,2026-04-06 03:10,"$5,500,000 MXN","Venta casa en Plaza Ibiza, Col. Portalegre, Culiacán, Sinaloa, México, C.P. 80058, ID: 27558370",4 Recámaras | 4 Baños | 257 m 2,https://propiedades.comhttps://propiedades.com/inmuebles/casa-en-venta-plaza-ibiza-portalegre-sinaloa-27558370
Sinaloa,15,2026-04-06 03:10,"$8,000,000 USD","Se vende casa , Col. Mazatlan I, Mazatlán, Sinaloa, México, C.P. 82190, ID: 29328178",75 Recámaras | 2400 m 2,https://propiedades.comhttps://propiedades.com/inmuebles/casa-en-venta-mazatlan-i-sinaloa-29328178
Sinaloa,15,2026-04-06 03:10,"$1,999,999 MXN","Casa disponible en venta en Av. Quinta de cortés, 81270 Los Mochis, Sin., Col. Quinta de Cortes, Ahome, Sinaloa, México, C.P. 81270, ID: 30404445",3 Recámaras | 2 Baños | 112 m 2,https://propiedades.comhttps://propiedades.com/inmuebles/casa-en-venta-av-quinta-de-cortes-81270-los-mochis-sin-quinta-de-cortes-sinaloa-30404445
Sinaloa,15,2026-04-06 03:10,"$11,500,000 MXN","Venta casa en rotarismo #1620, Col. Vistas del Lago, Culiacán, Sinaloa, México, C.P. 80294, ID: 29119176",4 Recámaras | 6 Baños | 448 m 2,https://propiedades.comhttps://propiedades.com/inmuebles/casa-en-venta-rotarismo-1620-vistas-del-lago-sinaloa-29119176
Sinaloa,15,2026-04-06 03:10,"$2,600,000 MXN","Casa disponible en venta en Calle Profa Mariana Valdez 1033 #1033, Col. Lomas del Sol, Culiacán, Sinaloa, México, C.P. 80016, ID: 29412750",3 Recámaras | 2 Baños | 175 m 2,https://propiedades.comhttps://propiedades.com/inmuebles/casa-en-venta-calle-profa-mariana-valdez-1033-1033-lomas-del-sol-sinaloa-29412750
Sinaloa,15,2026-04-06 03:10,"$1,450,000 MXN","Leandro Valle 1128, Gabriel Leyva, 82040 Mazatlán, Sin. #1128, Col. Gabriel Leyva, Mazatlán, Sinaloa, México, C.P. 82040, ID: 30325259",2 Recámaras | 1 Baño | 95 m 2,https://propiedades.comhttps://propiedades.com/inmuebles/casa-en-venta-leandro-valle-1128-gabriel-leyva-82040-mazatlan-sin-1128-gabriel-leyva-sinaloa-30325259
Sinaloa,15,2026-04-06 03:10,"$785,000 MXN","C. Laguna 24198, 82264 Fraccionamiento los Ángeles, Sin. #24198, Col. De los Niños, Mazatlán, Sinaloa, México, C.P. 82264, ID: 30576566",2 Recámaras | 1 Baño | 42 m 2,https://propiedades.comhttps://propiedades.com/inmuebles/casa-en-venta-c-laguna-24198-82264-fraccionamiento-los-angeles-sin-24198-de-los-ninos-sinaloa-30576566
Sinaloa,15,2026-04-06 03:10,"$5,290,000 MXN","Venta de casa Carretera a Imala #s/n, Col. Maralago, Culiacán, Sinaloa, México, C.P. 80014, ID: 29513896",3 Recámaras | 2 Baños | 216 m 2,https://propiedades.comhttps://propiedades.com/inmuebles/casa-en-venta-carretera-a-imala-sn-maralago-sinaloa-29513896
Sinaloa,15,2026-04-06 03:10,"$7,500,000 MXN","Casa en venta, Doña Jimena 310 #310Int. B, Col. El Cid, Mazatlán, Sinaloa, México, C.P. 82110, ID: 29375470",3 Recámaras | 3 Baños | 297 m 2,https://propiedades.comhttps://propiedades.com/inmuebles/casa-en-venta-dona-jimena-310-310-el-cid-sinaloa-29375470
Sinaloa,15,2026-04-06 03:10,"$4,900,000 MXN","Se vende casa Nicolas Bravo #1116, Col. Cañadas, Culiacán, Sinaloa, México, C.P. 80178, ID: 29533178",4 Recámaras | 3 Baños | 385 m 2,https://propiedades.comhttps://propiedades.com/inmuebles/casa-en-venta-nicolas-bravo-1116-canadas-sinaloa-29533178
Sinaloa,15,2026-04-06 03:10,"$4,450,000 MXN","Casa disponible en venta en Cto. Gran Via #4216, Col. Coto Platino, Mazatlán, Sinaloa, México, C.P. 82124, ID: 30427192",4 Recámaras | 2 Baños | 231 m 2,https://propiedades.comhttps://propiedades.com/inmuebles/casa-en-venta-cto-gran-via-4216-coto-platino-sinaloa-30427192
Sinaloa,16,2026-04-06 03:10,"$3,150,000 MXN","Venta casa en Hacienda del Seminario, Fraccionamiento Hacienda del Seminario, 82129 Mazatlán, Sin., Col. Hacienda del Seminario, Mazatlán, Sinaloa, México, C.P. 82129, ID: 30697408",3 Recámaras | 2 Baños | 105 m 2,https://propiedades.comhttps://propiedades.com/inmuebles/casa-en-venta-hacienda-del-seminario-fraccionamiento-hacienda-del-seminario-82129-mazatlan-sin-hacienda-del-seminario-sinaloa-30697408
Sinaloa,16,2026-04-06 03:10,"$7,000,000 MXN","Casa disponible en venta en Sábalo Cerritos, Col. Quintas del Mar, Mazatlán, Sinaloa, México, C.P. 82112, ID: 29709987",3 Recámaras | 3 Baños | 320 m 2,https://propiedades.comhttps://propiedades.com/inmuebles/casa-en-venta-sabalo-cerritos-quintas-del-mar-sinaloa-29709987
Sinaloa,16,2026-04-06 03:10,"$1,449,000 MXN","Se vende casa en Casa en venta en Pradera Dorada 2 Mazatlán , Col. La Cantera, Mazatlán, Sinaloa, México, C.P. 82139, ID: 30180801",2 Recámaras | 1 Baño | 123 m 2,https://propiedades.comhttps://propiedades.com/inmuebles/casa-en-venta-casa-en-venta-en-pradera-dorada-2-mazatlan-la-cantera-sinaloa-30180801
Sinaloa,16,2026-04-06 03:10,"$1,615,000 MXN","Del Faro, Col. Salvador Allende, Mazatlán, Sinaloa, México, C.P. 82164, ID: 28364573",1 Recámara | 1 Baño | 70 m 2,https://propiedades.comhttps://propiedades.com/inmuebles/casa-en-venta-del-faro-salvador-allende-sinaloa-28364573
Sinaloa,16,2026-04-06 03:10,"$990,000 MXN","Venta casa en 82134 Mazatlán, Sinaloa, Col. Monte Verde, Mazatlán, Sinaloa, México, C.P. 82134, ID: 30220991",2 Recámaras | 1 Baño | 65 m 2,https://propiedades.comhttps://propiedades.com/inmuebles/casa-en-venta-82134-mazatlan-sinaloa-monte-verde-sinaloa-30220991
Sinaloa,16,2026-04-06 03:10,"$1,680,000 MXN","Casa en venta disponible en Av. Rey Gaspar, 6 de Enero, 80010 Culiacán Rosales, Sin. #s/n, Col. 6 de Enero, Culiacán, Sinaloa, México, C.P. 80010, ID: 30456249",2 Recámaras | 2 Baños | 70 m 2,https://propiedades.comhttps://propiedades.com/inmuebles/casa-en-venta-av-rey-gaspar-6-de-enero-80010-culiacan-rosales-sin-sn-6-de-enero-sinaloa-30456249
Sinaloa,16,2026-04-06 03:10,"$2,500,000 MXN","Venta de casa en Calle Gral. Angel Flores, Primer Cuadro, Culiacán Rosales, Sin. #s/n, Col. Centro, Culiacán, Sinaloa, México, C.P. 80000, ID: 30639592",4 Recámaras | 4 Baños | 221 m 2,https://propiedades.comhttps://propiedades.com/inmuebles/casa-en-venta-calle-gral-angel-flores-primer-cuadro-culiacan-rosales-sin-sn-centro-sinaloa-30639592
Sinaloa,16,2026-04-06 03:10,"$2,000,000 MXN","Venta casa en Sacramento #s/n, Col. Country del Río IV, Culiacán, Sinaloa, México, C.P. 80050, ID: 29946773",3 Recámaras | 2 Baños | 104 m 2,https://propiedades.comhttps://propiedades.com/inmuebles/casa-en-venta-sacramento-sn-country-del-rio-iv-sinaloa-29946773
Sinaloa,16,2026-04-06 03:10,"$8,000,000 MXN","Casa en venta, Av. Sábalo Cerritos 3303, Cerritos, 82112 Mazatlán, Sin. #3303, Col. Costa Bonita, Mazatlán, Sinaloa, México, C.P. 82112, ID: 30800475",3 Recámaras | 2 Baños | 202 m 2,https://propiedades.comhttps://propiedades.com/inmuebles/casa-en-venta-av-sabalo-cerritos-3303-cerritos-82112-mazatlan-sin-3303-costa-bonita-sinaloa-30800475
Sinaloa,16,2026-04-06 03:10,"$6,800,000 MXN","Casa en venta disponible en Av Paseo del Pacífico, 82275 Mazatlán, Sin., Col. San Juan, Mazatlán, Sinaloa, México, C.P. 82275, ID: 30623724",3 Recámaras | 3 Baños | 245 m 2,https://propiedades.comhttps://propiedades.com/inmuebles/casa-en-venta-av-paseo-del-pacifico-82275-mazatlan-sin-san-juan-sinaloa-30623724
Sinaloa,16,2026-04-06 03:10,"$2,600,000 MXN","Circuito Villa Pátzcuaro 3864 #3864, Col. Villas Del Rio Elite, Culiacán, Sinaloa, México, C.P. 80050, ID: 29790775",4 Recámaras | 3 Baños | 170 m 2,https://propiedades.comhttps://propiedades.com/inmuebles/casa-en-venta-circuito-villa-patzcuaro-3864-3864-villas-del-rio-elite-sinaloa-29790775
Sinaloa,16,2026-04-06 03:10,"$980,000 MXN","Casa en venta disponible en 82658 La Guásima, Sin. #2733 , Col. La Guasima, Culiacán, Sinaloa, México, C.P. 80493, ID: 30542015",2 Recámaras | 1 Baño | 55 m 2,https://propiedades.comhttps://propiedades.com/inmuebles/casa-en-venta-82658-la-guasima-sin-2733-la-guasima-sinaloa-30542015
Sinaloa,16,2026-04-06 03:10,"$5,500,000 MXN","Venta de casa Avenida Paseo del Pacífico #20, Col. Sonterra Residencial II, Mazatlán, Sinaloa, México, C.P. 82124, ID: 29853745",4 Recámaras | 3 Baños | 212 m 2,https://propiedades.comhttps://propiedades.com/inmuebles/casa-en-venta-avenida-paseo-del-pacifico-20-sonterra-residencial-ii-sinaloa-29853745
Sinaloa,16,2026-04-06 03:10,"$12,000,000 MXN","82110 Mazatlán, Sinaloa #45Int. 45, Col. El Cid, Mazatlán, Sinaloa, México, C.P. 82110, ID: 30417893",4 Recámaras | 4 Baños | 546 m 2,https://propiedades.comhttps://propiedades.com/inmuebles/casa-en-venta-82110-mazatlan-sinaloa-45-el-cid-sinaloa-30417893
Sinaloa,16,2026-04-06 03:10,"$4,480,000 MXN","Casa disponible en venta en Av Óscar Pérez Escobosa 8124, Real del Valle, 82124 Mazatlán, Sin. #8124, Col. Terranova Plus, Mazatlán, Sinaloa, México, C.P. 82124, ID: 30697313",4 Recámaras | 3 Baños | 198 m 2,https://propiedades.comhttps://propiedades.com/inmuebles/casa-en-venta-av-oscar-perez-escobosa-8124-real-del-valle-82124-mazatlan-sin-8124-terranova-plus-sinaloa-30697313
Sinaloa,16,2026-04-06 03:10,"$2,323,000 MXN","Casa disponible en venta en Perisur 2, Col. Perisur, Culiacán, Sinaloa, México, C.P. 80197, ID: 28282363",3 Recámaras | 1 Baño | 85 m 2,https://propiedades.comhttps://propiedades.com/inmuebles/casa-en-venta-perisur-2-perisur-sinaloa-28282363
Sinaloa,16,2026-04-06 03:10,"$2,790,000 MXN","Casa en venta, Plan de Ayala #s/n, Col. Emiliano Zapata, Culiacán, Sinaloa, México, C.P. 80260, ID: 30162735",4 Recámaras | 1 Baño | 250 m 2,https://propiedades.comhttps://propiedades.com/inmuebles/casa-en-venta-plan-de-ayala-sn-emiliano-zapata-sinaloa-30162735
Sinaloa,16,2026-04-06 03:10,"$5,300,000 MXN","Venta de casa Fernando Calderón 7483 #7483, Col. Bachigualato, Culiacán, Sinaloa, México, C.P. 80140, ID: 30007186",3 Recámaras | 2 Baños | 381 m 2,https://propiedades.comhttps://propiedades.com/inmuebles/casa-en-venta-fernando-calderon-7483-7483-bachigualato-sinaloa-30007186
Sinaloa,16,2026-04-06 03:10,"$1,990,000 MXN","Venta casa en Blvd. Paseo Toscana, 80050 Culiacán Rosales, Sin. #s/n, Col. Stanza Toscana, Culiacán, Sinaloa, México, C.P. 80050, ID: 30262996",3 Recámaras | 1 Baño | 78 m 2,https://propiedades.comhttps://propiedades.com/inmuebles/casa-en-venta-blvd-paseo-toscana-80050-culiacan-rosales-sin-sn-stanza-toscana-sinaloa-30262996
Sinaloa,16,2026-04-06 03:10,"$1,850,000 MXN","Venta de casa en Villa Corinto #42, Col. Villa Florida, Mazatlán, Sinaloa, México, C.P. 82139, ID: 30639271",3 Recámaras | 2 Baños | 220 m 2,https://propiedades.comhttps://propiedades.com/inmuebles/casa-en-venta-villa-corinto-42-villa-florida-sinaloa-30639271
Sinaloa,16,2026-04-06 03:10,"$2,990,000 MXN","Venta de casa Ebanos 109, Jacarandas, 82157 Mazatlán, Sin. #109, Col. Jacarandas, Mazatlán, Sinaloa, México, C.P. 82157, ID: 30313402",4 Recámaras | 2 Baños | 218 m 2,https://propiedades.comhttps://propiedades.com/inmuebles/casa-en-venta-ebanos-109-jacarandas-82157-mazatlan-sin-109-jacarandas-sinaloa-30313402
Sinaloa,16,2026-04-06 03:10,"$2,790,000 MXN","Blvd. Plan de Ayala, Emiliano Zapata, Culiacán Rosales, Sin. #s/n, Col. Guadalupe Victoria, Culiacán, Sinaloa, México, C.P. 80455, ID: 30318117",4 Recámaras | 1 Baño | 250 m 2,https://propiedades.comhttps://propiedades.com/inmuebles/casa-en-venta-blvd-plan-de-ayala-emiliano-zapata-culiacan-rosales-sin-sn-guadalupe-victoria-sinaloa-30318117
Sinaloa,16,2026-04-06 03:10,"$2,500,000 MXN","Se vende casa en Veracruz #28Int. Sn, Col. Veracruz, Culiacán, Sinaloa, México, C.P. 80420, ID: 30605663",4 Recámaras | 4 Baños | 235 m 2,https://propiedades.comhttps://propiedades.com/inmuebles/casa-en-venta-veracruz-28-veracruz-sinaloa-30605663
Sinaloa,16,2026-04-06 03:10,"$5,300,000 MXN","Venta de casa Coto Platino #s/n, Col. Coto Platino, Mazatlán, Sinaloa, México, C.P. 82124, ID: 29932252",4 Recámaras | 3 Baños | 224 m 2,https://propiedades.comhttps://propiedades.com/inmuebles/casa-en-venta-coto-platino-sn-coto-platino-sinaloa-29932252
Sinaloa,16,2026-04-06 03:10,"$880,000 MXN","Se vende casa CALLE JULIO CESAR CHAVEZ #374 #374, Col. Francisco Alarcon Fregoso, Culiacán, Sinaloa, México, C.P. 80199, ID: 29722434",3 Recámaras | 1 Baño | 91 m 2,https://propiedades.comhttps://propiedades.com/inmuebles/casa-en-venta-calle-julio-cesar-chavez-374-374-francisco-alarcon-fregoso-sinaloa-29722434
Sinaloa,16,2026-04-06 03:10,"$19,000,000 MXN","Boulevard Altabrisa #1826, Col. El Palmar, Mazatlán, Sinaloa, México, C.P. 82112, ID: 29976005",7 Recámaras | 7 Baños | 761 m 2,https://propiedades.comhttps://propiedades.com/inmuebles/casa-en-venta-boulevard-altabrisa-1826-el-palmar-sinaloa-29976005
Sinaloa,16,2026-04-06 03:10,"$4,950,000 MXN","Av Paseo del Pacífico, 82275 Mazatlán, Sin., Col. San Juan, Mazatlán, Sinaloa, México, C.P. 82275, ID: 30623656",4 Recámaras | 3 Baños | 230 m 2,https://propiedades.comhttps://propiedades.com/inmuebles/casa-en-venta-av-paseo-del-pacifico-82275-mazatlan-sin-san-juan-sinaloa-30623656
Sinaloa,16,2026-04-06 03:10,"$2,300,000 MXN","Casa en venta disponible en Avenida Revolución #s/n, Col. Emiliano Zapata, Culiacán, Sinaloa, México, C.P. 80260, ID: 29707018",3 Recámaras | 3 Baños | 130 m 2,https://propiedades.comhttps://propiedades.com/inmuebles/casa-en-venta-avenida-revolucion-sn-emiliano-zapata-sinaloa-29707018
Sinaloa,16,2026-04-06 03:10,"$1,400,000 MXN","Venta casa en Culiacán, Sinaloa #s/n, Col. Villa Bonita, Culiacán, Sinaloa, México, C.P. 80199, ID: 30448262",2 Recámaras | 1 Baño,https://propiedades.comhttps://propiedades.com/inmuebles/casa-en-venta-culiacan-sinaloa-sn-villa-bonita-sinaloa-30448262
Sinaloa,16,2026-04-06 03:10,"$1,950,000 MXN","Venta de casa Rio Baluarte, Col. La Cantera, Mazatlán, Sinaloa, México, C.P. 82139, ID: 29546179",2 Recámaras | 2 Baños | 81 m 2,https://propiedades.comhttps://propiedades.com/inmuebles/casa-en-venta-rio-baluarte-la-cantera-sinaloa-29546179
Sinaloa,16,2026-04-06 03:10,"$6,500,000 MXN","Casa en venta disponible en Casa en preventa en Sonterra Residencial I, Col. San Juan, Mazatlán, Sinaloa, México, C.P. 82275, ID: 29926910",4 Recámaras | 4 Baños | 277 m 2,https://propiedades.comhttps://propiedades.com/inmuebles/casa-en-venta-casa-en-preventa-en-sonterra-residencial-i-san-juan-sinaloa-29926910
Sinaloa,16,2026-04-06 03:10,"$3,580,900 MXN","Casa en venta disponible en Mazatlán, Sinaloa #s/n, Col. Real del Valle, Mazatlán, Sinaloa, México, C.P. 82124, ID: 30534386",3 Recámaras | 3 Baños | 129 m 2,https://propiedades.comhttps://propiedades.com/inmuebles/casa-en-venta-mazatlan-sinaloa-sn-real-del-valle-sinaloa-30534386
Sinaloa,16,2026-04-06 03:10,"$1,130,000 MXN","Se vende casa en Culiacán, Sinaloa #s/n, Col. Rincón Del Parque, Culiacán, Sinaloa, México, C.P. 80197, ID: 30494299",2 Recámaras | 1 Baño,https://propiedades.comhttps://propiedades.com/inmuebles/casa-en-venta-culiacan-sinaloa-sn-rincon-del-parque-sinaloa-30494299
Sinaloa,16,2026-04-06 03:10,"$2,542,000 MXN","Casa en venta, Economistas 294 #294, Col. Burócrata, Culiacán, Sinaloa, México, C.P. 80030, ID: 29961995",5 Recámaras | 2 Baños | 346 m 2,https://propiedades.comhttps://propiedades.com/inmuebles/casa-en-venta-economistas-294-294-burocrata-sinaloa-29961995
Sinaloa,16,2026-04-06 03:10,"$3,300,000 MXN","Venta casa en Lago de Patzcuaro 1381 #1381, Col. Las Quintas, Culiacán, Sinaloa, México, C.P. 80060, ID: 30007024",4 Recámaras | 3 Baños | 190 m 2,https://propiedades.comhttps://propiedades.com/inmuebles/casa-en-venta-lago-de-patzcuaro-1381-1381-las-quintas-sinaloa-30007024
Sinaloa,16,2026-04-06 03:10,"$4,950,000 MXN","Se vende casa CASA EN VENTA EN RESIDENCIAL LAS ABAS EN MAZATLAN, Col. Bluu Habitat Lagoons, Mazatlán, Sinaloa, México, C.P. 82124, ID: 30327867",4 Recámaras | 3 Baños | 183 m 2,https://propiedades.comhttps://propiedades.com/inmuebles/casa-en-venta-casa-en-venta-en-residencial-las-abas-en-mazatlan-bluu-habitat-lagoons-sinaloa-30327867
Sinaloa,16,2026-04-06 03:10,"$5,940,000 MXN","Venta de casa 7HXC+C3, 82124 Mazatlán, Sinaloa, Col. Sonterra Residencial II, Mazatlán, Sinaloa, México, C.P. 82124, ID: 30623636",4 Recámaras | 5 Baños | 250 m 2,https://propiedades.comhttps://propiedades.com/inmuebles/casa-en-venta-7hxcc3-82124-mazatlan-sinaloa-sonterra-residencial-ii-sinaloa-30623636
Sinaloa,16,2026-04-06 03:10,"$2,300,000 MXN","Venta de casa en Emiliano Zapata Culiacán , Col. Emiliano Zapata, Culiacán, Sinaloa, México, C.P. 80260, ID: 30014075",3 Recámaras | 3 Baños | 110 m 2,https://propiedades.comhttps://propiedades.com/inmuebles/casa-en-venta-emiliano-zapata-culiacan-emiliano-zapata-sinaloa-30014075
Sinaloa,16,2026-04-06 03:10,"$2,708,000 MXN","Se vende casa Calz. del Ecuador, 80029 Culiacán Rosales, Sin., Col. Santa Rosa, Culiacán, Sinaloa, México, C.P. 80029, ID: 30477257",3 Recámaras | 1 Baño | 102 m 2,https://propiedades.comhttps://propiedades.com/inmuebles/casa-en-venta-calz-del-ecuador-80029-culiacan-rosales-sin-santa-rosa-sinaloa-30477257
Sinaloa,16,2026-04-06 03:10,"$3,790,000 MXN","Hacienda del Seminario, Fraccionamiento Hacienda del Seminario, 82129 Sin., Col. Hacienda del Seminario, Mazatlán, Sinaloa, México, C.P. 82129, ID: 30327413",3 Recámaras | 2 Baños | 178 m 2,https://propiedades.comhttps://propiedades.com/inmuebles/casa-en-venta-hacienda-del-seminario-fraccionamiento-hacienda-del-seminario-82129-sin-hacienda-del-seminario-sinaloa-30327413
Sinaloa,16,2026-04-06 03:10,"$13,456,900 MXN","Privada del Pelicano, Col. Marina Mazatlán, Mazatlán, Sinaloa, México, C.P. 82103, ID: 29882262",3 Recámaras | 2 Baños | 219 m 2,https://propiedades.comhttps://propiedades.com/inmuebles/casa-en-venta-privada-del-pelicano-marina-mazatlan-sinaloa-29882262
Sinaloa,16,2026-04-06 03:10,"$4,139,520 MXN","Se vende casa en Blvd. Alvaro del Portillo, 80050 Culiacán Rosales, Sin. #s/n, Col. Valle Alto, Culiacán, Sinaloa, México, C.P. 80050, ID: 30595073",3 Recámaras | 4 Baños | 187 m 2,https://propiedades.comhttps://propiedades.com/inmuebles/casa-en-venta-blvd-alvaro-del-portillo-80050-culiacan-rosales-sin-sn-valle-alto-sinaloa-30595073
Sinaloa,16,2026-04-06 03:10,"$10,750,000 MXN","Venta casa en P.º Paraíso, 82103 Mazatlán, Sin., Col. Marina Mazatlán, Mazatlán, Sinaloa, México, C.P. 82103, ID: 30623735",4 Recámaras | 5 Baños | 330 m 2,https://propiedades.comhttps://propiedades.com/inmuebles/casa-en-venta-p-paraiso-82103-mazatlan-sin-marina-mazatlan-sinaloa-30623735
Sinaloa,16,2026-04-06 03:10,"$1,450,000 MXN","Santa Teresa, 82090 Mazatlán, Sin., Col. Valle de Urias, Mazatlán, Sinaloa, México, C.P. 82090, ID: 30724646",2 Recámaras | 1 Baño | 60 m 2,https://propiedades.comhttps://propiedades.com/inmuebles/casa-en-venta-santa-teresa-82090-mazatlan-sin-valle-de-urias-sinaloa-30724646
Sinaloa,16,2026-04-06 03:10,"$7,200,000 MXN","Venta de casa en SOLES PARQUE RECIDENCIAL #174, Col. Cerritos Resort, Mazatlán, Sinaloa, México, C.P. 82112, ID: 29544818",4 Recámaras | 4 Baños | 236 m 2,https://propiedades.comhttps://propiedades.com/inmuebles/casa-en-venta-soles-parque-recidencial-174-cerritos-resort-sinaloa-29544818
Sinaloa,16,2026-04-06 03:10,"$3,100,000 MXN","Se vende casa en Universidad Socialista de Occidente, Col. Country del Río IV, Culiacán, Sinaloa, México, C.P. 80050, ID: 28854578",3 Recámaras | 2 Baños | 150 m 2,https://propiedades.comhttps://propiedades.com/inmuebles/casa-en-venta-universidad-socialista-de-occidente-country-del-rio-iv-sinaloa-28854578
Sinaloa,17,2026-04-06 03:10,"$4,480,000 MXN","Se vende casa Av Óscar Pérez Escobosa 8124, Real del Valle, 82124 Mazatlán, Sin. #8124, Col. Terranova Plus, Mazatlán, Sinaloa, México, C.P. 82124, ID: 30623753",4 Recámaras | 3 Baños | 197 m 2,https://propiedades.comhttps://propiedades.com/inmuebles/casa-en-venta-av-oscar-perez-escobosa-8124-real-del-valle-82124-mazatlan-sin-8124-terranova-plus-sinaloa-30623753
Sinaloa,17,2026-04-06 03:10,"$3,589,000 MXN","Venta de casa De las Amapas 19 #785Int. 19, Col. Amapas, Culiacán, Sinaloa, México, C.P. 80063, ID: 29541910",3 Recámaras | 3 Baños | 193 m 2,https://propiedades.comhttps://propiedades.com/inmuebles/casa-en-venta-de-las-amapas-19-785-amapas-sinaloa-29541910
Sinaloa,17,2026-04-06 03:10,"$6,200,000 MXN","Venta de casa 7HXC+C3, 82124 Mazatlán, Sinaloa, Col. Sonterra Residencial II, Mazatlán, Sinaloa, México, C.P. 82124, ID: 30623647",4 Recámaras | 5 Baños | 250 m 2,https://propiedades.comhttps://propiedades.com/inmuebles/casa-en-venta-7hxcc3-82124-mazatlan-sinaloa-sonterra-residencial-ii-sinaloa-30623647
Sinaloa,17,2026-04-06 03:10,"$1,590,000 MXN","Casa en venta disponible en Culiacán, Sinaloa, Col. Urbivilla del Prado, Culiacán, Sinaloa, México, C.P. 80058, ID: 30511307",2 Recámaras | 1 Baño,https://propiedades.comhttps://propiedades.com/inmuebles/casa-en-venta-culiacan-sinaloa-urbivilla-del-prado-sinaloa-30511307
Sinaloa,17,2026-04-06 03:10,"$5,600,000 MXN",", Col. Las Quintas, Culiacán, Sinaloa, México, C.P. 80060, ID: 29707701",4 Recámaras | 2 Baños | 295 m 2,https://propiedades.comhttps://propiedades.com/inmuebles/casa-en-venta-las-quintas-sinaloa-29707701
Sinaloa,17,2026-04-06 03:10,"$2,800,000 MXN","Se vende casa C. Ignacio Ramírez 45, Centro, 82800 El Rosario, Sin. #45, Col. El Rosario Centro, Rosario, Sinaloa, México, C.P. 82800, ID: 30689603",10 Recámaras | 11 Baños | 416 m 2,https://propiedades.comhttps://propiedades.com/inmuebles/casa-en-venta-c-ignacio-ramirez-45-centro-82800-el-rosario-sin-45-el-rosario-centro-sinaloa-30689603
Sinaloa,17,2026-04-06 03:10,"$4,590,000 MXN","Se vende casa Av. Paseo del Atlántico 4265, Real del Valle, 82124 Mazatlán, Sin. #4265, Col. Real del Valle, Mazatlán, Sinaloa, México, C.P. 82124, ID: 30623691",4 Recámaras | 3 Baños | 195 m 2,https://propiedades.comhttps://propiedades.com/inmuebles/casa-en-venta-av-paseo-del-atlantico-4265-real-del-valle-82124-mazatlan-sin-4265-real-del-valle-sinaloa-30623691
Sinaloa,17,2026-04-06 03:10,"$1,800,000 MXN","Casa disponible en venta en Rancho Contento, 80010 Culiacán Rosales, Sin. #s/n, Col. Arboledas, Culiacán, Sinaloa, México, C.P. 80010, ID: 30661823",2 Recámaras | 2 Baños | 82 m 2,https://propiedades.comhttps://propiedades.com/inmuebles/casa-en-venta-rancho-contento-80010-culiacan-rosales-sin-sn-arboledas-sinaloa-30661823
Sinaloa,17,2026-04-06 03:10,"$3,850,000 MXN","Venta de casa Paseo Belcantto #s/n, Col. Belcantto, Culiacán, Sinaloa, México, C.P. 80184, ID: 29734195",3 Recámaras | 3 Baños | 210 m 2,https://propiedades.comhttps://propiedades.com/inmuebles/casa-en-venta-paseo-belcantto-sn-belcantto-sinaloa-29734195
Sinaloa,17,2026-04-06 03:10,"$3,290,000 MXN","Casa en venta, Francisco I Madero #s/n, Col. Portareal, Culiacán, Sinaloa, México, C.P. 80247, ID: 29880588",3 Recámaras | 3 Baños | 165 m 2,https://propiedades.comhttps://propiedades.com/inmuebles/casa-en-venta-francisco-i-madero-sn-portareal-sinaloa-29880588
Sinaloa,17,2026-04-06 03:10,"$2,590,000 MXN","Casa en venta disponible en Bosques del Río , Col. Bosques Del Rio, Culiacán, Sinaloa, México, C.P. 80050, ID: 29986650",3 Recámaras | 2 Baños | 176 m 2,https://propiedades.comhttps://propiedades.com/inmuebles/casa-en-venta-bosques-del-rio-bosques-del-rio-sinaloa-29986650
Sinaloa,17,2026-04-06 03:10,"$23,500,000 MXN","Casa en venta, 82103 Mazatlán, Sinaloa, Col. Marina Mazatlán, Mazatlán, Sinaloa, México, C.P. 82103, ID: 30805517",4 Recámaras | 5 Baños | 600 m 2,https://propiedades.comhttps://propiedades.com/inmuebles/casa-en-venta-82103-mazatlan-sinaloa-marina-mazatlan-sinaloa-30805517
Sinaloa,17,2026-04-06 03:10,"$2,129,999 MXN","Casa disponible en venta en LIBRAMIENTO 3 #12717, Col. Ampliación Valle del Ejido, Mazatlán, Sinaloa, México, C.P. 82134, ID: 30569442",3 Recámaras | 2 Baños | 102 m 2,https://propiedades.comhttps://propiedades.com/inmuebles/casa-en-venta-libramiento-3--12717-ampliacion-valle-del-ejido-sinaloa-30569442
Sinaloa,17,2026-04-06 03:10,"$2,698,000 MXN","Venta de casa en AVE DEL PACIFICO, Col. San Juan, Mazatlán, Sinaloa, México, C.P. 82275, ID: 29528050",3 Recámaras | 2 Baños | 118 m 2,https://propiedades.comhttps://propiedades.com/inmuebles/casa-en-venta-ave-del-pacifico-san-juan-sinaloa-29528050
Sinaloa,17,2026-04-06 03:10,"$10,799,987 MXN","Venta de casa El Cid, Mazatlán, Sin., Col. El Cid, Mazatlán, Sinaloa, México, C.P. 82110, ID: 30623679",4 Recámaras | 4 Baños | 329 m 2,https://propiedades.comhttps://propiedades.com/inmuebles/casa-en-venta-el-cid-mazatlan-sin-el-cid-sinaloa-30623679
Sinaloa,17,2026-04-06 03:10,"$1,580,000 MXN","Se vende casa en Ricardo Flores Magón, Mazatlán, Sin., Col. Primavera, Mazatlán, Sinaloa, México, C.P. 82197, ID: 30724635",3 Recámaras | 2 Baños | 75 m 2,https://propiedades.comhttps://propiedades.com/inmuebles/casa-en-venta-ricardo-flores-magon-mazatlan-sin-primavera-sinaloa-30724635
Sinaloa,17,2026-04-06 03:10,"$4,200,000 MXN","Venta de casa en Aguascalientes 221, Reforma, 82030 Mazatlán, Sin. #221, Col. Reforma, Mazatlán, Sinaloa, México, C.P. 82030, ID: 30459883",2 Recámaras | 2 Baños,https://propiedades.comhttps://propiedades.com/inmuebles/casa-en-venta-aguascalientes-221-reforma-82030-mazatlan-sin-221-reforma-sinaloa-30459883
Sinaloa,17,2026-04-06 03:10,"$17,900,000 MXN","Venta de casa en Puerto de Cádiz 1864 #1864, Col. Marina El Cid, Mazatlán, Sinaloa, México, C.P. 82102, ID: 29480849",4 Recámaras | 5 Baños | 442 m 2,https://propiedades.comhttps://propiedades.com/inmuebles/casa-en-venta-puerto-de-cadiz-1864-1864-marina-el-cid-sinaloa-29480849
Sinaloa,17,2026-04-06 03:10,"$3,990,000 MXN","Venta de casa Blvd. Cantabria, 80301 Culiacán Rosales, Sin. #2738Int. 7, Col. Cantabria, Culiacán, Sinaloa, México, C.P. 80301, ID: 30519436",3 Recámaras | 2 Baños | 150 m 2,https://propiedades.comhttps://propiedades.com/inmuebles/casa-en-venta-blvd-cantabria-80301-culiacan-rosales-sin-2738-cantabria-sinaloa-30519436
Sinaloa,17,2026-04-06 03:10,"$5,100,000 MXN","Casa disponible en venta en a 200 metros del Malecón y la Playa, Col. Flamingos, Mazatlán, Sinaloa, México, C.P. 82149, ID: 29892230",3 Recámaras | 2 Baños,https://propiedades.comhttps://propiedades.com/inmuebles/casa-en-venta-a-200-metros-del-malecon-y-la-playa-flamingos-sinaloa-29892230
Sinaloa,17,2026-04-06 03:10,"$4,450,000 MXN","Carretera a Imala #s/n, Col. Portabelo, Culiacán, Sinaloa, México, C.P. 80014, ID: 29538145",3 Recámaras | 3 Baños | 185 m 2,https://propiedades.comhttps://propiedades.com/inmuebles/casa-en-venta-carretera-a-imala-sn-portabelo-sinaloa-29538145
Sinaloa,17,2026-04-06 03:10,"$6,200,000 MXN","Venta casa en Muelle 7, P.º de La Isla 2209, Marina, 82103 Mazatlán, Sin. #2209, Col. Marina Mazatlán, Mazatlán, Sinaloa, México, C.P. 82103, ID: 30305443",3 Recámaras | 4 Baños | 173 m 2,https://propiedades.comhttps://propiedades.com/inmuebles/casa-en-venta-muelle-7-p-de-la-isla-2209-marina-82103-mazatlan-sin-2209-marina-mazatlan-sinaloa-30305443
Sinaloa,17,2026-04-06 03:10,"$4,500,000 MXN","Venta casa en Torre de Londres 6941, Torres Aeropuerto, 80148 Culiacán Rosales, Sin. #7029, Col. Torres Aeropuerto, Culiacán, Sinaloa, México, C.P. 80144, ID: 30602652",3 Recámaras | 3 Baños | 235 m 2,https://propiedades.comhttps://propiedades.com/inmuebles/casa-en-venta-torre-de-londres-6941-torres-aeropuerto-80148-culiacan-rosales-sin-7029-torres-aeropuerto-sinaloa-30602652
Sinaloa,17,2026-04-06 03:10,"$1,150,000 MXN","Venta casa en Fraccionamiento veleros #s/n, Col. Jaripillo, Mazatlán, Sinaloa, México, C.P. 82136, ID: 29508510",2 Recámaras | 1 Baño | 55 m 2,https://propiedades.comhttps://propiedades.com/inmuebles/casa-en-venta-fraccionamiento-veleros-sn-jaripillo-sinaloa-29508510
Sinaloa,17,2026-04-06 03:10,"$3,850,000 MXN","Casa en venta disponible en Paseo Belcantto #s/n, Col. Belcantto, Culiacán, Sinaloa, México, C.P. 80184, ID: 29706991",3 Recámaras | 3 Baños | 210 m 2,https://propiedades.comhttps://propiedades.com/inmuebles/casa-en-venta-paseo-belcantto-sn-belcantto-sinaloa-29706991
Sinaloa,17,2026-04-06 03:10,"$2,125,000 MXN","Venta de casa burocratas, Col. Burócrata, Mazatlán, Sinaloa, México, C.P. 82163, ID: 29526853",2 Recámaras | 1 Baño,https://propiedades.comhttps://propiedades.com/inmuebles/casa-en-venta-burocratas-burocrata-sinaloa-29526853
Sinaloa,17,2026-04-06 03:10,"$2,590,000 MXN","Casa disponible en venta en Avenida Villas del Rio, Col. Villas Del Rio, Culiacán, Sinaloa, México, C.P. 80050, ID: 27836150",3 Recámaras | 2 Baños | 175 m 2,https://propiedades.comhttps://propiedades.com/inmuebles/casa-en-venta-avenida-villas-del-rio-villas-del-rio-sinaloa-27836150
Sinaloa,17,2026-04-06 03:10,"$3,098,000 MXN","Se vende casa en AVE DEL PACIFICO, Col. San Juan, Mazatlán, Sinaloa, México, C.P. 82275, ID: 29528108",3 Recámaras | 3 Baños | 136 m 2,https://propiedades.comhttps://propiedades.com/inmuebles/casa-en-venta-ave-del-pacifico-san-juan-sinaloa-29528108
Sinaloa,17,2026-04-06 03:10,"$2,690,000 MXN","Casa en venta disponible en veredas del mar, Col. Hacienda del Seminario, Mazatlán, Sinaloa, México, C.P. 82129, ID: 29500891",3 Recámaras | 2 Baños | 90 m 2,https://propiedades.comhttps://propiedades.com/inmuebles/casa-en-venta-veredas-del-mar-hacienda-del-seminario-sinaloa-29500891
Sinaloa,17,2026-04-06 03:10,"$85,000,000 MXN","Venta casa en , Col. Mazatlan I, Mazatlán, Sinaloa, México, C.P. 82190, ID: 29328180",3820 m 2,https://propiedades.comhttps://propiedades.com/inmuebles/casa-en-venta-mazatlan-i-sinaloa-29328180
Sinaloa,17,2026-04-06 03:10,"$2,310,000 MXN","Valle del Ejido #s/n, Col. Valle Del Ejido, Mazatlán, Sinaloa, México, C.P. 82134, ID: 29502186",3 Recámaras | 3 Baños | 140 m 2,https://propiedades.comhttps://propiedades.com/inmuebles/casa-en-venta-valle-del-ejido-sn-valle-del-ejido-sinaloa-29502186
Sinaloa,17,2026-04-06 03:10,"$2,300,000 MXN","Venta de casa Culiacán, Sinaloa #s/n, Col. Cumbre Real, Culiacán, Sinaloa, México, C.P. 80029, ID: 30511277",3 Recámaras | 1 Baño,https://propiedades.comhttps://propiedades.com/inmuebles/casa-en-venta-culiacan-sinaloa-sn-cumbre-real-sinaloa-30511277
Sinaloa,17,2026-04-06 03:10,"$4,156,240 MXN","Venta de casa Valle Adriático, Valle Alto, 80050 Culiacán Rosales, Sin. #s/n, Col. Valle Alto, Culiacán, Sinaloa, México, C.P. 80050, ID: 30517211",3 Recámaras | 3 Baños | 245 m 2,https://propiedades.comhttps://propiedades.com/inmuebles/casa-en-venta-valle-adriatico-valle-alto-80050-culiacan-rosales-sin-sn-valle-alto-sinaloa-30517211
Sinaloa,17,2026-04-06 03:10,"$23,000,000 MXN","Casa en venta, Culiacán, Sinaloa #s/n, Col. Los Álamos, Culiacán, Sinaloa, México, C.P. 80100, ID: 30448258",4 Recámaras | 4 Baños,https://propiedades.comhttps://propiedades.com/inmuebles/casa-en-venta-culiacan-sinaloa-sn-los-alamos-sinaloa-30448258
Sinaloa,17,2026-04-06 03:10,"$677,800 MXN","Urano 1018 #1018, Col. Primer Cuadro (Centro), Ahome, Sinaloa, México, C.P. 81200, ID: 29990231",3 Recámaras | 2 Baños | 225 m 2,https://propiedades.comhttps://propiedades.com/inmuebles/casa-en-venta-urano-1018-1018-primer-cuadro-centro-sinaloa-29990231
Sinaloa,17,2026-04-06 03:10,"$4,480,000 MXN","Venta de casa en Av Óscar Pérez Escobosa 8124, Real del Valle, 82124 Mazatlán, Sin. #8124, Col. Terranova Plus, Mazatlán, Sinaloa, México, C.P. 82124, ID: 30637952",4 Recámaras | 2 Baños | 198 m 2,https://propiedades.comhttps://propiedades.com/inmuebles/casa-en-venta-av-oscar-perez-escobosa-8124-real-del-valle-82124-mazatlan-sin-8124-terranova-plus-sinaloa-30637952
Sinaloa,17,2026-04-06 03:10,"$3,690,000 MXN","Casa disponible en venta en Av Óscar Pérez Escobosa 8116, San Rafael, 82124 Mazatlán, Sin. #s/n, Col. Terranova Plus, Mazatlán, Sinaloa, México, C.P. 82124, ID: 30511753",3 Recámaras | 2 Baños | 136 m 2,https://propiedades.comhttps://propiedades.com/inmuebles/casa-en-venta-av-oscar-perez-escobosa-8116-san-rafael-82124-mazatlan-sin-sn-terranova-plus-sinaloa-30511753
Sinaloa,17,2026-04-06 03:10,"$23,500,000 MXN","Casa disponible en venta en P.º del Palmar s/n, Marina Mazatlán, 82103 Mazatlán, Sin. #s/n, Col. Marina Mazatlán, Mazatlán, Sinaloa, México, C.P. 82103, ID: 30800361",4 Recámaras | 5 Baños | 710 m 2,https://propiedades.comhttps://propiedades.com/inmuebles/casa-en-venta-p-del-palmar-sn-marina-mazatlan-82103-mazatlan-sin-sn-marina-mazatlan-sinaloa-30800361
Sinaloa,17,2026-04-06 03:10,"$4,580,000 MXN","Se vende casa en Calle Roma 3730, Fracc. Versalles, 82129 Mazatlán, Sin. #s/n, Col. Hacienda del Seminario, Mazatlán, Sinaloa, México, C.P. 82129, ID: 30569569",4 Recámaras | 2 Baños | 200 m 2,https://propiedades.comhttps://propiedades.com/inmuebles/casa-en-venta-calle-roma-3730-fracc-versalles-82129-mazatlan-sin-sn-hacienda-del-seminario-sinaloa-30569569
Sinaloa,17,2026-04-06 03:10,"$6,980,000 MXN","P.º del Palmar s/n, Marina Mazatlán, 82103 Mazatlán, Sin. #s/n, Col. Marina Mazatlán, Mazatlán, Sinaloa, México, C.P. 82103, ID: 30736477",3 Recámaras | 2 Baños | 300 m 2,https://propiedades.comhttps://propiedades.com/inmuebles/casa-en-venta-p-del-palmar-sn-marina-mazatlan-82103-mazatlan-sin-sn-marina-mazatlan-sinaloa-30736477
Sinaloa,17,2026-04-06 03:10,"$4,990,000 MXN","Se vende casa en Juan L. Paliza 1029, Guadalupe Victoria, 80240 Culiacán Rosales, Sin. #1029, Col. Guadalupe Victoria, Culiacán, Sinaloa, México, C.P. 80240, ID: 30654836",3 Recámaras | 3 Baños | 255 m 2,https://propiedades.comhttps://propiedades.com/inmuebles/casa-en-venta-juan-l-paliza-1029-guadalupe-victoria-80240-culiacan-rosales-sin-1029-guadalupe-victoria-sinaloa-30654836
Sinaloa,17,2026-04-06 03:10,"$3,750,000 MXN","Venta casa en San Pascual, Real del Valle, Mazatlán, Sin. #4604, Col. Real del Valle, Mazatlán, Sinaloa, México, C.P. 82124, ID: 30427117",1 Recámara | 1 Baño | 153 m 2,https://propiedades.comhttps://propiedades.com/inmuebles/casa-en-venta-san-pascual-real-del-valle-mazatlan-sin-4604-real-del-valle-sinaloa-30427117
Sinaloa,17,2026-04-06 03:10,"$4,500,000 MXN","Venta de casa en Avinon PRIVADA MONTECARLO #2688, Col. Montecarlo Residencial, Culiacán, Sinaloa, México, C.P. 80054, ID: 28518657",3 Recámaras | 2 Baños,https://propiedades.comhttps://propiedades.com/inmuebles/casa-en-venta-avinon-privada-montecarlo-2688-montecarlo-residencial-sinaloa-28518657
Sinaloa,17,2026-04-06 03:10,"$4,480,000 MXN","Casa en venta disponible en Av Óscar Pérez Escobosa 8124, Real del Valle, 82124 Mazatlán, Sin. #8124, Col. Real del Valle, Mazatlán, Sinaloa, México, C.P. 82124, ID: 30694314",4 Recámaras | 3 Baños | 197 m 2,https://propiedades.comhttps://propiedades.com/inmuebles/casa-en-venta-av-oscar-perez-escobosa-8124-real-del-valle-82124-mazatlan-sin-8124-real-del-valle-sinaloa-30694314
Sinaloa,18,2026-04-06 03:11,"$3,790,000 MXN","Casa en venta, Alaska, Col. Hacienda del Seminario, Mazatlán, Sinaloa, México, C.P. 82129, ID: 28403547",2 Recámaras | 2 Baños | 144 m 2,https://propiedades.comhttps://propiedades.com/inmuebles/casa-en-venta-alaska-hacienda-del-seminario-sinaloa-28403547
Sinaloa,18,2026-04-06 03:11,"$1,500,000 MXN","Se vende casa en Culiacán, Sinaloa #s/n, Col. 21 de Marzo, Culiacán, Sinaloa, México, C.P. 80280, ID: 30448267",2 Recámaras | 1 Baño,https://propiedades.comhttps://propiedades.com/inmuebles/casa-en-venta-culiacan-sinaloa-sn-21-de-marzo-sinaloa-30448267
Sinaloa,18,2026-04-06 03:11,"$3,290,000 MXN","Se vende casa Porta Real residencial #s/n, Col. Portareal, Culiacán, Sinaloa, México, C.P. 80247, ID: 29880610",3 Recámaras | 3 Baños | 165 m 2,https://propiedades.comhttps://propiedades.com/inmuebles/casa-en-venta-porta-real-residencial-sn-portareal-sinaloa-29880610
Sinaloa,18,2026-04-06 03:11,"$5,900,000 MXN","Casa en venta disponible en 82103 Mazatlán, Sinaloa #s/n, Col. Marina Mazatlán, Mazatlán, Sinaloa, México, C.P. 82103, ID: 30435848",4 Recámaras | 4 Baños | 150 m 2,https://propiedades.comhttps://propiedades.com/inmuebles/casa-en-venta-82103-mazatlan-sinaloa-sn-marina-mazatlan-sinaloa-30435848
Sinaloa,18,2026-04-06 03:11,"$990,000 MXN","Se vende casa en Culiacán, Sinaloa #s/n, Col. Santa Rocio, Culiacán, Sinaloa, México, C.P. 80135, ID: 30508508",2 Recámaras | 1 Baño,https://propiedades.comhttps://propiedades.com/inmuebles/casa-en-venta-culiacan-sinaloa-sn-santa-rocio-sinaloa-30508508
Sinaloa,18,2026-04-06 03:11,"$5,850,000 MXN","Casa en venta, Avenida Paseo del Pacífico, Col. San Juan, Mazatlán, Sinaloa, México, C.P. 82275, ID: 29878924",3 Recámaras | 3 Baños | 210 m 2,https://propiedades.comhttps://propiedades.com/inmuebles/casa-en-venta-avenida-paseo-del-pacifico-san-juan-sinaloa-29878924
Sinaloa,18,2026-04-06 03:11,"$5,700,000 MXN","Casa disponible en venta en Circuito Gran Via #s/n, Col. Coto Platino, Mazatlán, Sinaloa, México, C.P. 82124, ID: 29925479",4 Recámaras | 4 Baños | 248 m 2,https://propiedades.comhttps://propiedades.com/inmuebles/casa-en-venta-circuito-gran-via-sn-coto-platino-sinaloa-29925479
Sinaloa,18,2026-04-06 03:11,"$2,120,000 MXN","Jaripillo, Mazatlán, Sin. #s/n, Col. Luis Echeverría Alvarez, Mazatlán, Sinaloa, México, C.P. 82160, ID: 30411770",3 Recámaras | 3 Baños | 119 m 2,https://propiedades.comhttps://propiedades.com/inmuebles/casa-en-venta-jaripillo-mazatlan-sin-sn-luis-echeverria-alvarez-sinaloa-30411770
Sinaloa,18,2026-04-06 03:11,"$4,800,000 MXN","Venta de casa en Navegantes 1800, Almar Residencial, 82112 Mazatlán, Sin. #1800, Col. Costa Bonita, Mazatlán, Sinaloa, México, C.P. 82112, ID: 30321426",4 Recámaras | 4 Baños | 164 m 2,https://propiedades.comhttps://propiedades.com/inmuebles/casa-en-venta-navegantes-1800-almar-residencial-82112-mazatlan-sin-1800-costa-bonita-sinaloa-30321426
Sinaloa,18,2026-04-06 03:11,"$1,939,000 MXN","Venta de casa en Av. Marchal, 80058 Culiacán Rosales, Sin., Col. Bosques del Rey, Culiacán, Sinaloa, México, C.P. 80058, ID: 30595052",3 Recámaras | 1 Baño | 83 m 2,https://propiedades.comhttps://propiedades.com/inmuebles/casa-en-venta-av-marchal-80058-culiacan-rosales-sin-bosques-del-rey-sinaloa-30595052
Sinaloa,18,2026-04-06 03:11,"$16,000,000 MXN","XIMENA #309, Col. El Cid, Mazatlán, Sinaloa, México, C.P. 82110, ID: 30124604",4 Recámaras | 3 Baños | 596 m 2,https://propiedades.comhttps://propiedades.com/inmuebles/casa-en-venta-ximena-309-el-cid-sinaloa-30124604
Sinaloa,18,2026-04-06 03:11,"$4,880,000 MXN","Venta de casa en Av Paseo del Pacífico, 82275 Mazatlán, Sin. #6514, Col. San Juan, Mazatlán, Sinaloa, México, C.P. 82275, ID: 30623633",4 Recámaras | 4 Baños | 160 m 2,https://propiedades.comhttps://propiedades.com/inmuebles/casa-en-venta-av-paseo-del-pacifico-82275-mazatlan-sin-6514-san-juan-sinaloa-30623633
Sinaloa,18,2026-04-06 03:11,"$11,890,000 MXN","Se vende casa Los Álamos, 80100 Culiacán Rosales, Sin. #s/n, Col. Los Álamos, Culiacán, Sinaloa, México, C.P. 80100, ID: 30554490",3 Recámaras | 3 Baños | 347 m 2,https://propiedades.comhttps://propiedades.com/inmuebles/casa-en-venta-los-alamos-80100-culiacan-rosales-sin-sn-los-alamos-sinaloa-30554490
Sinaloa,18,2026-04-06 03:11,"$18,500,000 MXN","Se vende casa en Lázaro Cárdenas, El Cid, 82102 Mazatlán, Sin., Col. Marina El Cid, Mazatlán, Sinaloa, México, C.P. 82102, ID: 30639600",4 Recámaras | 5 Baños | 440 m 2,https://propiedades.comhttps://propiedades.com/inmuebles/casa-en-venta-lazaro-cardenas-el-cid-82102-mazatlan-sin-marina-el-cid-sinaloa-30639600
Sinaloa,18,2026-04-06 03:11,"$2,100,000 MXN","Venta de casa Eustaquio Buelna #683, Col. Isla de La Piedra, Mazatlán, Sinaloa, México, C.P. 82043, ID: 30134172",3 Recámaras | 2 Baños | 100 m 2,https://propiedades.comhttps://propiedades.com/inmuebles/casa-en-venta-eustaquio-buelna-683-isla-de-la-piedra-sinaloa-30134172
Sinaloa,18,2026-04-06 03:11,"$5,180,000 MXN","Venta de casa en Avenida Paseo del Pacífico, Col. Sonterra Residencial II, Mazatlán, Sinaloa, México, C.P. 82124, ID: 29704580",4 Recámaras | 4 Baños | 230 m 2,https://propiedades.comhttps://propiedades.com/inmuebles/casa-en-venta-avenida-paseo-del-pacifico-sonterra-residencial-ii-sinaloa-29704580
Sinaloa,18,2026-04-06 03:11,"$1,990,000 MXN","Se vende casa Culiacán, Sinaloa #s/n, Col. Stanza Toscana, Culiacán, Sinaloa, México, C.P. 80050, ID: 30511317",3 Recámaras | 1 Baño,https://propiedades.comhttps://propiedades.com/inmuebles/casa-en-venta-culiacan-sinaloa-sn-stanza-toscana-sinaloa-30511317
Sinaloa,18,2026-04-06 03:11,"$3,000,000 MXN","Casa disponible en venta en boulevard rotarismo, Col. Tres Ríos, Culiacán, Sinaloa, México, C.P. 80020, ID: 29992478",3 Recámaras | 1 Baño | 133 m 2,https://propiedades.comhttps://propiedades.com/inmuebles/casa-en-venta-boulevard-rotarismo-tres-rios-sinaloa-29992478
Sinaloa,18,2026-04-06 03:11,"$705,000 MXN","Venta de casa Río Sinaloa #728,, Col. Reyes Guerrero, Ahome, Sinaloa, México, C.P. 81216, ID: 30639259",3 Recámaras | 2 Baños | 150 m 2,https://propiedades.comhttps://propiedades.com/inmuebles/casa-en-venta-rio-sinaloa-728-reyes-guerrero-sinaloa-30639259
Sinaloa,18,2026-04-06 03:11,"$1,350,000 MXN","Venta de casa Proyecto Alfa, 80197 Culiacán Rosales, Sin., Col. Progreso, Culiacán, Sinaloa, México, C.P. 80197, ID: 30421097",2 Recámaras | 2 Baños,https://propiedades.comhttps://propiedades.com/inmuebles/casa-en-venta-proyecto-alfa-80197-culiacan-rosales-sin-progreso-sinaloa-30421097
Sinaloa,18,2026-04-06 03:11,"$4,250,000 MXN","Casa en venta, Av Óscar Pérez Escobosa 8116, San Rafael, 82124 Mazatlán, Sin. #s/n, Col. Terranova Plus, Mazatlán, Sinaloa, México, C.P. 82124, ID: 30512468",3 Recámaras | 2 Baños | 136 m 2,https://propiedades.comhttps://propiedades.com/inmuebles/casa-en-venta-av-oscar-perez-escobosa-8116-san-rafael-82124-mazatlan-sin-sn-terranova-plus-sinaloa-30512468
Sinaloa,18,2026-04-06 03:11,"$5,250,000 MXN","Venta de casa en Avenida Paseo del Pacífico #123, Col. Sonterra Residencial II, Mazatlán, Sinaloa, México, C.P. 82124, ID: 30210294",4 Recámaras | 5 Baños | 215 m 2,https://propiedades.comhttps://propiedades.com/inmuebles/casa-en-venta-avenida-paseo-del-pacifico-123-sonterra-residencial-ii-sinaloa-30210294
Sinaloa,18,2026-04-06 03:11,"$5,290,000 MXN","Venta de casa en Carretera a Imala #s/n, Col. Benevento Residencial, Culiacán, Sinaloa, México, C.P. 80014, ID: 29514218",3 Recámaras | 2 Baños | 216 m 2,https://propiedades.comhttps://propiedades.com/inmuebles/casa-en-venta-carretera-a-imala-sn-benevento-residencial-sinaloa-29514218
Sinaloa,18,2026-04-06 03:11,"$6,350,000 MXN","Casa disponible en venta en Av El delfin #s/n, Col. Marina Mazatlán, Mazatlán, Sinaloa, México, C.P. 82103, ID: 29926111",4 Recámaras | 3 Baños | 178 m 2,https://propiedades.comhttps://propiedades.com/inmuebles/casa-en-venta-av-el-delfin-sn-marina-mazatlan-sinaloa-29926111
Sinaloa,18,2026-04-06 03:11,"$2,350,000 MXN","Jardines de la Riviera #s/n, Col. Jardines de la Riviera, Mazatlán, Sinaloa, México, C.P. 82134, ID: 30138507",2 Recámaras | 2 Baños | 133 m 2,https://propiedades.comhttps://propiedades.com/inmuebles/casa-en-venta-jardines-de-la-riviera-sn-jardines-de-la-riviera-sinaloa-30138507
Sinaloa,18,2026-04-06 03:11,"$1,280,000 MXN","Venta de casa pino real #5335, Col. Urbivilla del Prado, Culiacán, Sinaloa, México, C.P. 80058, ID: 30615367",2 Recámaras | 1 Baño,https://propiedades.comhttps://propiedades.com/inmuebles/casa-en-venta-pino-real-5335-urbivilla-del-prado-sinaloa-30615367
Sinaloa,18,2026-04-06 03:11,"$2,346,500 MXN","Venta casa en Francisco González Bocanegra, Col. Ampliación Valle del Ejido, Mazatlán, Sinaloa, México, C.P. 82134, ID: 29892356",3 Recámaras | 3 Baños,https://propiedades.comhttps://propiedades.com/inmuebles/casa-en-venta-francisco-gonzalez-bocanegra-ampliacion-valle-del-ejido-sinaloa-29892356
Sinaloa,18,2026-04-06 03:11,"$4,600,000 MXN","Se vende casa En el Centro Mazatlán Sin, Col. Centro, Mazatlán, Sinaloa, México, C.P. 82000, ID: 29873611",5 Recámaras | 5 Baños,https://propiedades.comhttps://propiedades.com/inmuebles/casa-en-venta-en-el-centro-mazatlan-sin-centro-sinaloa-29873611
Sinaloa,18,2026-04-06 03:11,"$16,850,000 MXN","Venta de casa en Colinas de San Miguel #s/n, Col. Colinas de San Miguel, Culiacán, Sinaloa, México, C.P. 80228, ID: 29542124",3 Recámaras | 3 Baños | 384 m 2,https://propiedades.comhttps://propiedades.com/inmuebles/casa-en-venta-colinas-de-san-miguel-sn-colinas-de-san-miguel-sinaloa-29542124
Sinaloa,18,2026-04-06 03:11,"$1,800,000 MXN","Casa en venta, Av Noche Buena, Terranova, 80143 Culiacán Rosales, Sin., Col. Terranova, Culiacán, Sinaloa, México, C.P. 80143, ID: 30383674",3 Recámaras | 1 Baño,https://propiedades.comhttps://propiedades.com/inmuebles/casa-en-venta-av-noche-buena-terranova-80143-culiacan-rosales-sin-terranova-sinaloa-30383674
Sinaloa,18,2026-04-06 03:11,"$6,800,000 MXN","Casa en venta disponible en Avenida Paseo del Pacífico #s/n, Col. Balcones de Loma Linda, Mazatlán, Sinaloa, México, C.P. 82000, ID: 30115137",3 Recámaras | 2 Baños | 250 m 2,https://propiedades.comhttps://propiedades.com/inmuebles/casa-en-venta-avenida-paseo-del-pacifico-sn-balcones-de-loma-linda-sinaloa-30115137
Sinaloa,18,2026-04-06 03:11,"$6,500,000 MXN","Se vende casa Avenida del Pulpo 5001 #5001, Col. Sábalo Country Club, Mazatlán, Sinaloa, México, C.P. 82100, ID: 30106266",3 Recámaras | 3 Baños | 275 m 2,https://propiedades.comhttps://propiedades.com/inmuebles/casa-en-venta-avenida-del-pulpo-5001-5001-sabalo-country-club-sinaloa-30106266
Sinaloa,18,2026-04-06 03:11,"$2,150,000 MXN","Casa en venta, Circuito bahia #10, Col. Puerta del Sol, Mazatlán, Sinaloa, México, C.P. 82134, ID: 29853716",2 Recámaras | 2 Baños | 177 m 2,https://propiedades.comhttps://propiedades.com/inmuebles/casa-en-venta-circuito-bahia-10-puerta-del-sol-sinaloa-29853716
Sinaloa,18,2026-04-06 03:11,"$2,500,000 MXN","Av. Domingo Rubí Nte. 485, Primer Cuadro, 80000 Culiacán Rosales, Sin. #s/n, Col. Centro Sinaloa, Culiacán, Sinaloa, México, C.P. 80000, ID: 30790146",3 Recámaras | 2 Baños | 208 m 2,https://propiedades.comhttps://propiedades.com/inmuebles/casa-en-venta-av-domingo-rubi-nte-485-primer-cuadro-80000-culiacan-rosales-sin-sn-centro-sinaloa-sinaloa-30790146
Sinaloa,18,2026-04-06 03:11,"$6,700,000 MXN","Venta de casa estrella #s/n, Col. Altabrisa Residencial, Mazatlán, Sinaloa, México, C.P. 82112, ID: 29874460",3 Recámaras | 2 Baños | 264 m 2,https://propiedades.comhttps://propiedades.com/inmuebles/casa-en-venta-estrella-sn-altabrisa-residencial-sinaloa-29874460
Sinaloa,18,2026-04-06 03:11,"$1,775,000 MXN","Se vende casa en 80058 Culiacán Rosales, Sin. #s/n, Col. La Conquista, Culiacán, Sinaloa, México, C.P. 80058, ID: 30661843",3 Recámaras | 2 Baños | 85 m 2,https://propiedades.comhttps://propiedades.com/inmuebles/casa-en-venta-80058-culiacan-rosales-sin-sn-la-conquista-sinaloa-30661843
Sinaloa,18,2026-04-06 03:11,"$450,000,000 MXN","Venta casa en , Col. Marina Mazatlán, Mazatlán, Sinaloa, México, C.P. 82103, ID: 29328184",150 Recámaras | 14000 m 2,https://propiedades.comhttps://propiedades.com/inmuebles/casa-en-venta-marina-mazatlan-sinaloa-29328184
Sinaloa,18,2026-04-06 03:11,"$4,500,000 MXN","Casa en venta disponible en Navegantes 1800 #1800, Col. Costa Bonita, Mazatlán, Sinaloa, México, C.P. 82112, ID: 29484424",3 Recámaras | 2 Baños | 141 m 2,https://propiedades.comhttps://propiedades.com/inmuebles/casa-en-venta-navegantes-1800-1800-costa-bonita-sinaloa-29484424
Sinaloa,18,2026-04-06 03:11,"$1,399,999 MXN","Casa en venta, , Col. Antonio Rosales, Culiacán, Sinaloa, México, C.P. 80230, ID: 29114860",2 Recámaras | 1 Baño | 105 m 2,https://propiedades.comhttps://propiedades.com/inmuebles/casa-en-venta-antonio-rosales-sinaloa-29114860
Sinaloa,18,2026-04-06 03:11,"$550,000 MXN","Venta casa en Mestizos #2112, Col. Mezcalera, Ahome, Sinaloa, México, C.P. 81304, ID: 28512297",3 Recámaras | 2 Baños | 140 m 2,https://propiedades.comhttps://propiedades.com/inmuebles/casa-en-venta-mestizos-2112-mezcalera-sinaloa-28512297
Sinaloa,18,2026-04-06 03:11,"$9,500,000 MXN","Casa disponible en venta en 82103 Mazatlán, Sinaloa #s/n, Col. Marina Mazatlán, Mazatlán, Sinaloa, México, C.P. 82103, ID: 30411760",4 Recámaras | 4 Baños | 341 m 2,https://propiedades.comhttps://propiedades.com/inmuebles/casa-en-venta-82103-mazatlan-sinaloa-sn-marina-mazatlan-sinaloa-30411760
Sinaloa,18,2026-04-06 03:11,"$1,950,000 MXN","Casa en venta disponible en , Col. Lomas de San Isidro, Culiacán, Sinaloa, México, C.P. 80197, ID: 29707700",4 Recámaras | 3 Baños | 164 m 2,https://propiedades.comhttps://propiedades.com/inmuebles/casa-en-venta-lomas-de-san-isidro-sinaloa-29707700
Sinaloa,18,2026-04-06 03:11,"$750,000 MXN","Se vende casa en de la prosperidad #3118, Col. El Rosarito, Culiacán, Sinaloa, México, C.P. 80457, ID: 29458294",3 Recámaras | 2 Baños | 290 m 2,https://propiedades.comhttps://propiedades.com/inmuebles/casa-en-venta-de-la-prosperidad-3118-el-rosarito-sinaloa-29458294
Sinaloa,18,2026-04-06 03:11,"$25,000,000 MXN",", Col. Mazatlan I, Mazatlán, Sinaloa, México, C.P. 82190, ID: 29328176",,https://propiedades.comhttps://propiedades.com/inmuebles/casa-en-venta-mazatlan-i-sinaloa-29328176
Sinaloa,19,2026-04-06 03:11,"$3,300,000 MXN","Se vende casa Camino Real, Providencia, 81233 Los Mochis, Sin., Col. Luis Donaldo Colosio, Ahome, Sinaloa, México, C.P. 81233, ID: 30516920",3 Recámaras | 2 Baños | 212 m 2,https://propiedades.comhttps://propiedades.com/inmuebles/casa-en-venta-camino-real-providencia-81233-los-mochis-sin-luis-donaldo-colosio-sinaloa-30516920
Sinaloa,19,2026-04-06 03:11,"$1,980,000 MXN","Hermosa casa en venta , Col. Esperanza, Mazatlán, Sinaloa, México, C.P. 82180, ID: 29951033",2 Recámaras | 2 Baños,https://propiedades.comhttps://propiedades.com/inmuebles/casa-en-venta-hermosa-casa-en-venta-esperanza-sinaloa-29951033
Sinaloa,19,2026-04-06 03:11,"$7,400,000 MXN","De La Tizona, Col. El Cid, Mazatlán, Sinaloa, México, C.P. 82110, ID: 30007219",3 Recámaras | 4 Baños | 217 m 2,https://propiedades.comhttps://propiedades.com/inmuebles/casa-en-venta-de-la-tizona-el-cid-sinaloa-30007219
Sinaloa,19,2026-04-06 03:11,"$1,850,000 MXN","Avenida Real del Valle 82124 #s/n, Col. Real del Valle, Mazatlán, Sinaloa, México, C.P. 82124, ID: 29501112",3 Recámaras | 1 Baño | 109 m 2,https://propiedades.comhttps://propiedades.com/inmuebles/casa-en-venta-avenida-real-del-valle-82124-sn-real-del-valle-sinaloa-29501112
Sinaloa,19,2026-04-06 03:11,"$8,700,000 MXN","Venta de casa en lomas de mazatlan #s/n, Col. Lomas de Mazatlán, Mazatlán, Sinaloa, México, C.P. 82110, ID: 29538265",3 Recámaras | 3 Baños | 300 m 2,https://propiedades.comhttps://propiedades.com/inmuebles/casa-en-venta-lomas-de-mazatlan-sn-lomas-de-mazatlan-sinaloa-29538265
Sinaloa,19,2026-04-06 03:11,"$12,600,000 MXN","Venta casa en Av. Sábalo Cerritos, residencial maralto, 82112 Mazatlán, Sin., Col. Las Palmas, Mazatlán, Sinaloa, México, C.P. 82112, ID: 30697346",4 Recámaras | 3 Baños | 300 m 2,https://propiedades.comhttps://propiedades.com/inmuebles/casa-en-venta-av-sabalo-cerritos-residencial-maralto-82112-mazatlan-sin-las-palmas-sinaloa-30697346
Sinaloa,19,2026-04-06 03:11,"$3,500,000 MXN","Casa disponible en venta en Paseo los Mangos #s/n, Col. Los Mangos II, Mazatlán, Sinaloa, México, C.P. 82128, ID: 29544359",4 Recámaras | 2 Baños | 160 m 2,https://propiedades.comhttps://propiedades.com/inmuebles/casa-en-venta-paseo-los-mangos-sn-los-mangos-ii-sinaloa-29544359
Sinaloa,19,2026-04-06 03:11,"$2,350,000 MXN","Casa en venta, Jardines de la Riviera #s/n, Col. Ampliación Valle del Ejido, Mazatlán, Sinaloa, México, C.P. 82134, ID: 29773337",2 Recámaras | 2 Baños,https://propiedades.comhttps://propiedades.com/inmuebles/casa-en-venta-jardines-de-la-riviera-sn-ampliacion-valle-del-ejido-sinaloa-29773337
Sinaloa,19,2026-04-06 03:11,"$950,000 MXN","Casa en venta, Privada Villa Nova #1744 L11, Col. Villa Bonita, Culiacán, Sinaloa, México, C.P. 80199, ID: 30639256",3 Recámaras | 2 Baños | 150 m 2,https://propiedades.comhttps://propiedades.com/inmuebles/casa-en-venta-privada-villa-nova-1744-l11-villa-bonita-sinaloa-30639256
Sinaloa,19,2026-04-06 03:11,"$1,680,000 MXN","Casa disponible en venta en Valle del Ejido #s/n, Col. Valle Del Ejido, Mazatlán, Sinaloa, México, C.P. 82134, ID: 29501155",2 Recámaras | 2 Baños | 90 m 2,https://propiedades.comhttps://propiedades.com/inmuebles/casa-en-venta-valle-del-ejido-sn-valle-del-ejido-sinaloa-29501155
Sinaloa,19,2026-04-06 03:11,"$20,000,000 MXN","Casa en venta disponible en P.º del Palmar s/n, Marina Mazatlán, 82103 Mazatlán, Sin. #s/n, Col. Marina Mazatlán, Mazatlán, Sinaloa, México, C.P. 82103, ID: 30585439",5 Recámaras | 4 Baños | 405 m 2,https://propiedades.comhttps://propiedades.com/inmuebles/casa-en-venta-p-del-palmar-sn-marina-mazatlan-82103-mazatlan-sin-sn-marina-mazatlan-sinaloa-30585439
Sinaloa,19,2026-04-06 03:11,"$20,000,000 MXN","Casa en venta, 82103 Mazatlán, Sinaloa, Col. Marina Mazatlán, Mazatlán, Sinaloa, México, C.P. 82103, ID: 30585442",5 Recámaras | 4 Baños | 405 m 2,https://propiedades.comhttps://propiedades.com/inmuebles/casa-en-venta-82103-mazatlan-sinaloa-marina-mazatlan-sinaloa-30585442
Sinaloa,19,2026-04-06 03:11,"$4,390,000 MXN","EL TOREO , Col. El Toreo, Mazatlán, Sinaloa, México, C.P. 82120, ID: 29526782",6 Recámaras | 4 Baños,https://propiedades.comhttps://propiedades.com/inmuebles/casa-en-venta-el-toreo-el-toreo-sinaloa-29526782
Sinaloa,19,2026-04-06 03:11,"$3,640,000 MXN","Venta de casa Avenida Óscar Pérez Escobosa, Col. Real del Valle, Mazatlán, Sinaloa, México, C.P. 82124, ID: 29729111",3 Recámaras | 2 Baños,https://propiedades.comhttps://propiedades.com/inmuebles/casa-en-venta-avenida-oscar-perez-escobosa-real-del-valle-sinaloa-29729111
Sinaloa,19,2026-04-06 03:11,"$5,700,000 MXN","Se vende casa en José Mujica 25 #25, Col. Flamingos, Mazatlán, Sinaloa, México, C.P. 82149, ID: 29972313",4 Recámaras | 4 Baños | 309 m 2,https://propiedades.comhttps://propiedades.com/inmuebles/casa-en-venta-jose-mujica-25-25-flamingos-sinaloa-29972313
Sinaloa,19,2026-04-06 03:11,"$11,500,000 MXN","Casa en venta, Av. Sábalo Cerritos, Cerritos, Mazatlán, Sin., Col. Mazatlan I, Mazatlán, Sinaloa, México, C.P. 82190, ID: 30737971",4 Recámaras | 3 Baños | 330 m 2,https://propiedades.comhttps://propiedades.com/inmuebles/casa-en-venta-av-sabalo-cerritos-cerritos-mazatlan-sin-mazatlan-i-sinaloa-30737971
Sinaloa,19,2026-04-06 03:11,"$1,600,000 MXN","Casa en venta, Culiacán, Sinaloa #s/n, Col. INFONAVIT Barrancos IV, Culiacán, Sinaloa, México, C.P. 80184, ID: 30494277",2 Recámaras | 1 Baño,https://propiedades.comhttps://propiedades.com/inmuebles/casa-en-venta-culiacan-sinaloa-sn-infonavit-barrancos-iv-sinaloa-30494277
Sinaloa,19,2026-04-06 03:11,"$1,740,000 MXN","Venta casa en BLVRD. MAGNOLIA ESQUINA CALLE COSTA BARLETTA 11511, Magnolia 11511, 82264 Mazatlán, Sin., Col. Stanza Magnolia, Mazatlán, Sinaloa, México, C.P. 82264, ID: 30532911",2 Recámaras | 2 Baños,https://propiedades.comhttps://propiedades.com/inmuebles/casa-en-venta-blvrd-magnolia-esquina-calle-costa-barletta-11511-magnolia-11511-82264-mazatlan-sin-stanza-magnolia-sinaloa-30532911
Sinaloa,19,2026-04-06 03:11,"$2,300,000 MXN","Mazatlán, Sinaloa #s/n, Col. Valle Del Ejido, Mazatlán, Sinaloa, México, C.P. 82134, ID: 30534444",2 Recámaras | 2 Baños | 120 m 2,https://propiedades.comhttps://propiedades.com/inmuebles/casa-en-venta-mazatlan-sinaloa-sn-valle-del-ejido-sinaloa-30534444
Sinaloa,19,2026-04-06 03:11,"$2,640,000 MXN","Venta casa en sin nombre #123, Col. El Conchi II, Mazatlán, Sinaloa, México, C.P. 82134, ID: 30118607",3 Recámaras | 2 Baños | 80 m 2,https://propiedades.comhttps://propiedades.com/inmuebles/casa-en-venta-sin-nombre-123-el-conchi-ii-sinaloa-30118607
Sinaloa,19,2026-04-06 03:11,"$9,500,000 MXN","lomas de mazatlan , Col. Lomas de Mazatlán, Mazatlán, Sinaloa, México, C.P. 82110, ID: 29526873",5 Recámaras | 7 Baños,https://propiedades.comhttps://propiedades.com/inmuebles/casa-en-venta-lomas-de-mazatlan-lomas-de-mazatlan-sinaloa-29526873
Sinaloa,19,2026-04-06 03:11,"$12,000,000 MXN","Casa en venta disponible en Paseo Paraíso, Col. Marina Mazatlán, Mazatlán, Sinaloa, México, C.P. 82103, ID: 29500722",4 Recámaras | 3 Baños | 338 m 2,https://propiedades.comhttps://propiedades.com/inmuebles/casa-en-venta-paseo-paraiso-marina-mazatlan-sinaloa-29500722
Sinaloa,19,2026-04-06 03:11,"$5,390,000 MXN","Venta de casa Real del Valle, 82124 Mazatlán, Sin. #s/n, Col. Real del Valle, Mazatlán, Sinaloa, México, C.P. 82124, ID: 30534450",4 Recámaras | 4 Baños | 248 m 2,https://propiedades.comhttps://propiedades.com/inmuebles/casa-en-venta-real-del-valle-82124-mazatlan-sin-sn-real-del-valle-sinaloa-30534450
Sinaloa,19,2026-04-06 03:11,"$3,650,000 MXN","Casa en venta disponible en Aeropuerto Culiacan, Culiacán, Culiacán Rosales, Sin., Col. Aeropuerto, Culiacán, Sinaloa, México, C.P. 80130, ID: 30769755",3 Recámaras | 2 Baños | 189 m 2,https://propiedades.comhttps://propiedades.com/inmuebles/casa-en-venta-aeropuerto-culiacan-culiacan-culiacan-rosales-sin-aeropuerto-sinaloa-30769755
Sinaloa,19,2026-04-06 03:11,"$1,950,000 MXN","Se vende casa en cerritos #s/n, Col. Culiacán (Culiacán), Culiacán, Sinaloa, México, C.P. 80139, ID: 30044012",3 Recámaras | 2 Baños | 120 m 2,https://propiedades.comhttps://propiedades.com/inmuebles/casa-en-venta-cerritos-sn-culiacan-culiacan-sinaloa-30044012
Sinaloa,19,2026-04-06 03:11,"$2,470,000 MXN","Venta casa en coto privado Hacienda del Se #6269, Col. Hacienda del Seminario, Mazatlán, Sinaloa, México, C.P. 82129, ID: 29729007",3 Recámaras | 2 Baños | 75 m 2,https://propiedades.comhttps://propiedades.com/inmuebles/casa-en-venta-coto-privado-hacienda-del-se-6269-hacienda-del-seminario-sinaloa-29729007
Sinaloa,19,2026-04-06 03:11,"$700,000 MXN","Se vende casa en San Benardino #5504, Col. Los Ángeles (Santa Fe), Mazatlán, Sinaloa, México, C.P. 82150, ID: 29390111",2 Recámaras | 1 Baño | 46 m 2,https://propiedades.comhttps://propiedades.com/inmuebles/casa-en-venta-san-benardino-5504-los-angeles-santa-fe-sinaloa-29390111
Sinaloa,19,2026-04-06 03:11,"$1,600,000 MXN","Venta de casa Villa Galaxia #s/n, Col. Villa Galaxia, Mazatlán, Sinaloa, México, C.P. 82150, ID: 29502800",3 Recámaras | 1 Baño,https://propiedades.comhttps://propiedades.com/inmuebles/casa-en-venta-villa-galaxia-sn-villa-galaxia-sinaloa-29502800
Sinaloa,19,2026-04-06 03:11,"$7,000,000 MXN","Casa en venta disponible en Culiacán, Sinaloa, Col. Villa Andalucía, Culiacán, Sinaloa, México, C.P. 80130, ID: 30324556",3 Recámaras | 3 Baños,https://propiedades.comhttps://propiedades.com/inmuebles/casa-en-venta-culiacan-sinaloa-villa-andalucia-sinaloa-30324556
Sinaloa,19,2026-04-06 03:11,"$1,600,000 MXN","Casa en venta, Ejido El Roble #s/n, Col. Sinaloa, Mazatlán, Sinaloa, México, C.P. 82134, ID: 29874536",2 Recámaras | 1 Baño | 100 m 2,https://propiedades.comhttps://propiedades.com/inmuebles/casa-en-venta-ejido-el-roble-sn-sinaloa-sinaloa-29874536
Sinaloa,19,2026-04-06 03:11,"$2,900,000 MXN","Casa en venta, Los Mochis, Sinaloa, Col. Primer Cuadro (Centro), Ahome, Sinaloa, México, C.P. 81200, ID: 30229840",3 Recámaras | 2 Baños | 116 m 2,https://propiedades.comhttps://propiedades.com/inmuebles/casa-en-venta-los-mochis-sinaloa-primer-cuadro-centro-sinaloa-30229840
Sinaloa,19,2026-04-06 03:11,"$5,100,000 MXN","Casa a 200 metros de la Playa Mazatlan, Col. Flamingos, Mazatlán, Sinaloa, México, C.P. 82149, ID: 29759869",3 Recámaras | 2 Baños | 205 m 2,https://propiedades.comhttps://propiedades.com/inmuebles/casa-en-venta-casa-a-200-metros-de-la-playa-mazatlan-flamingos-sinaloa-29759869
Sinaloa,19,2026-04-06 03:11,"$10,500,000 MXN","Venta de casa San Juan #168, Col. La Primavera, Culiacán, Sinaloa, México, C.P. 80199, ID: 29975589",4 Recámaras | 4 Baños | 280 m 2,https://propiedades.comhttps://propiedades.com/inmuebles/casa-en-venta-san-juan-168-la-primavera-sinaloa-29975589
Sinaloa,19,2026-04-06 03:11,"$4,300,000 MXN","Casa en venta disponible en coto platino norte #s/n, Col. Coto Platino, Mazatlán, Sinaloa, México, C.P. 82124, ID: 30087194",4 Recámaras | 3 Baños | 186 m 2,https://propiedades.comhttps://propiedades.com/inmuebles/casa-en-venta-coto-platino-norte-sn-coto-platino-sinaloa-30087194
Sinaloa,19,2026-04-06 03:11,"$4,999,999 MXN","Venta de casa , Col. Rafael Buelna, Culiacán, Sinaloa, México, C.P. 80260, ID: 29114893",4 Recámaras | 3 Baños,https://propiedades.comhttps://propiedades.com/inmuebles/casa-en-venta-rafael-buelna-sinaloa-29114893
Sinaloa,19,2026-04-06 03:11,"$6,980,000 MXN","Calle delfín #s/n, Col. Marina Mazatlán, Mazatlán, Sinaloa, México, C.P. 82103, ID: 30595035",4 Recámaras | 4 Baños | 230 m 2,https://propiedades.comhttps://propiedades.com/inmuebles/casa-en-venta-calle-delfin-sn-marina-mazatlan-sinaloa-30595035
Sinaloa,19,2026-04-06 03:11,"$9,200,000 MXN","Se vende casa en Conde de Oviedo, El Cid, 82110 Mazatlán, Sin., Col. Puerta Dorada, Mazatlán, Sinaloa, México, C.P. 82110, ID: 30605642",4 Recámaras | 3 Baños | 307 m 2,https://propiedades.comhttps://propiedades.com/inmuebles/casa-en-venta-conde-de-oviedo-el-cid-82110-mazatlan-sin-puerta-dorada-sinaloa-30605642
Sinaloa,19,2026-04-06 03:11,"$2,887,000 MXN","Casa en venta, Paseo Belcantto #s/n, Col. Belcantto, Culiacán, Sinaloa, México, C.P. 80184, ID: 29764913",3 Recámaras | 3 Baños | 187 m 2,https://propiedades.comhttps://propiedades.com/inmuebles/casa-en-venta-paseo-belcantto-sn-belcantto-sinaloa-29764913
Sinaloa,19,2026-04-06 03:11,"$4,285,000 MXN","San Armando S/N, Real del Valle, 82124 Mazatlán, Sin. #S/N, Col. Real del Valle, Mazatlán, Sinaloa, México, C.P. 82124, ID: 30528325",3 Recámaras | 2 Baños | 193 m 2,https://propiedades.comhttps://propiedades.com/inmuebles/casa-en-venta-san-armando-sn-real-del-valle-82124-mazatlan-sin-sn-real-del-valle-sinaloa-30528325
Sinaloa,19,2026-04-06 03:11,"$3,290,000 MXN","Venta de casa Santo domingo #4226, Col. Portareal, Culiacán, Sinaloa, México, C.P. 80247, ID: 29933124",1 Recámara | 1 Baño | 165 m 2,https://propiedades.comhttps://propiedades.com/inmuebles/casa-en-venta-santo-domingo-4226-portareal-sinaloa-29933124
Sinaloa,19,2026-04-06 03:11,"$5,250,000 MXN","Se vende casa en CERRADA CECILIA #2461, Col. Real del Álamo, Culiacán, Sinaloa, México, C.P. 80100, ID: 29384154",3 Recámaras | 2 Baños | 289 m 2,https://propiedades.comhttps://propiedades.com/inmuebles/casa-en-venta-cerrada-cecilia-2461-real-del-alamo-sinaloa-29384154
Sinaloa,19,2026-04-06 03:11,"$5,390,000 MXN","Casa en venta, Circuito Gran Via, Col. Coto Platino, Mazatlán, Sinaloa, México, C.P. 82124, ID: 30128172",4 Recámaras | 4 Baños | 248 m 2,https://propiedades.comhttps://propiedades.com/inmuebles/casa-en-venta-circuito-gran-via-coto-platino-sinaloa-30128172
Sinaloa,19,2026-04-06 03:11,"$5,850,000 MXN","Se vende casa Avenida Paseo del Pacífico #s/n, Col. Sonterra Residencial II, Mazatlán, Sinaloa, México, C.P. 82124, ID: 29545910",3 Recámaras | 3 Baños | 243 m 2,https://propiedades.comhttps://propiedades.com/inmuebles/casa-en-venta-avenida-paseo-del-pacifico-sn-sonterra-residencial-ii-sinaloa-29545910
Sinaloa,19,2026-04-06 03:11,"$7,800,000 MXN","Se vende casa la joya #s/n, Col. El Dorado, Mazatlán, Sinaloa, México, C.P. 82110, ID: 29874393",3 Recámaras | 2 Baños | 316 m 2,https://propiedades.comhttps://propiedades.com/inmuebles/casa-en-venta-la-joya-sn-el-dorado-sinaloa-29874393
Sinaloa,19,2026-04-06 03:11,"$2,150,000 MXN","Se vende casa en Ernesto damy #5753, Col. Finisterra, Culiacán, Sinaloa, México, C.P. 80194, ID: 29933099",4 Recámaras | 2 Baños | 160 m 2,https://propiedades.comhttps://propiedades.com/inmuebles/casa-en-venta-ernesto-damy-5753-finisterra-sinaloa-29933099
Sinaloa,20,2026-04-06 03:11,"$5,200,000 MXN","Se vende casa Circuito Nuevo México #s/n, Col. Ejército de Salvación, Mazatlán, Sinaloa, México, C.P. 82275, ID: 29760083",1 Recámara | 1 Baño | 168 m 2,https://propiedades.comhttps://propiedades.com/inmuebles/casa-en-venta-circuito-nuevo-mexico-sn-ejercito-de-salvacion-sinaloa-29760083
Sinaloa,20,2026-04-06 03:11,"$10,460,000 MXN","Casa en venta, Playa Brujas, Sinaloa #3613, Col. Cerritos Resort, Mazatlán, Sinaloa, México, C.P. 82112, ID: 30420731",3 Recámaras | 2 Baños | 271 m 2,https://propiedades.comhttps://propiedades.com/inmuebles/casa-en-venta-playa-brujas-sinaloa-3613-cerritos-resort-sinaloa-30420731
Sinaloa,20,2026-04-06 03:11,"$3,390,000 MXN","Venta de casa Country Alamos, 80100 Culiacán Rosales, Sin. #s/n, Col. Misión del Álamo, Culiacán, Sinaloa, México, C.P. 80100, ID: 30615567",4 Recámaras | 3 Baños,https://propiedades.comhttps://propiedades.com/inmuebles/casa-en-venta-country-alamos-80100-culiacan-rosales-sin-sn-mision-del-alamo-sinaloa-30615567
Sinaloa,20,2026-04-06 03:11,"$3,750,000 MXN","Venta de casa en Zona Cerritos #s/n, Col. Azul Marino, Mazatlán, Sinaloa, México, C.P. 82112, ID: 29733383",3 Recámaras | 2 Baños | 126 m 2,https://propiedades.comhttps://propiedades.com/inmuebles/casa-en-venta-zona-cerritos-sn-azul-marino-sinaloa-29733383
Sinaloa,20,2026-04-06 03:11,"$2,100,000 MXN","Casa disponible en venta en Valle del Ejido #s/n, Col. Valle Del Ejido, Mazatlán, Sinaloa, México, C.P. 82134, ID: 29502436",4 Recámaras | 2 Baños,https://propiedades.comhttps://propiedades.com/inmuebles/casa-en-venta-valle-del-ejido-sn-valle-del-ejido-sinaloa-29502436
Sinaloa,20,2026-04-06 03:11,"$4,600,000 MXN","Casa disponible en venta en Malecon Mazatlan #s/n, Col. Centro, Mazatlán, Sinaloa, México, C.P. 82000, ID: 29742829",5 Recámaras | 5 Baños | 411 m 2,https://propiedades.comhttps://propiedades.com/inmuebles/casa-en-venta-malecon-mazatlan-sn-centro-sinaloa-29742829
Sinaloa,20,2026-04-06 03:11,"$8,500,000 MXN","Venta de casa marina mazatlan, Col. Mazatlan I, Mazatlán, Sinaloa, México, C.P. 82190, ID: 30421006",3 Recámaras | 2 Baños | 280 m 2,https://propiedades.comhttps://propiedades.com/inmuebles/casa-en-venta-marina-mazatlan-mazatlan-i-sinaloa-30421006
Sinaloa,20,2026-04-06 03:11,"$2,150,000 MXN","sin nombre, Col. Salinas de Gortari, Mazatlán, Sinaloa, México, C.P. 82134, ID: 30115711",3 Recámaras | 2 Baños | 136 m 2,https://propiedades.comhttps://propiedades.com/inmuebles/casa-en-venta-sin-nombre-salinas-de-gortari-sinaloa-30115711
Sinaloa,20,2026-04-06 03:11,"$2,270,000 MXN","Venta casa en Valle del Ejido #s/n, Col. Valle Del Ejido, Mazatlán, Sinaloa, México, C.P. 82134, ID: 29502324",3 Recámaras | 3 Baños | 135 m 2,https://propiedades.comhttps://propiedades.com/inmuebles/casa-en-venta-valle-del-ejido-sn-valle-del-ejido-sinaloa-29502324
Sinaloa,20,2026-04-06 03:11,"$2,750,000 MXN","Misión Sta. Ana, Las Misiones, 82133 Mazatlán, Sin. #s/n, Col. Las Misiones, Mazatlán, Sinaloa, México, C.P. 82133, ID: 30569248",3 Recámaras | 2 Baños | 180 m 2,https://propiedades.comhttps://propiedades.com/inmuebles/casa-en-venta-mision-sta-ana-las-misiones-82133-mazatlan-sin-sn-las-misiones-sinaloa-30569248
Sinaloa,20,2026-04-06 03:11,"$1,750,000 MXN","Francisco González Bocanegra #s/n, Col. Valle Del Ejido, Mazatlán, Sinaloa, México, C.P. 82134, ID: 29502662",3 Recámaras | 1 Baño | 95 m 2,https://propiedades.comhttps://propiedades.com/inmuebles/casa-en-venta-francisco-gonzalez-bocanegra-sn-valle-del-ejido-sinaloa-29502662
Sinaloa,20,2026-04-06 03:11,"$4,200,000 MXN","Venta de casa en coto platino #123, Col. Real del Valle, Mazatlán, Sinaloa, México, C.P. 82124, ID: 29028711",4 Recámaras | 3 Baños | 191 m 2,https://propiedades.comhttps://propiedades.com/inmuebles/casa-en-venta-coto-platino-123-real-del-valle-sinaloa-29028711
Sinaloa,20,2026-04-06 03:11,"$2,407,000 MXN","Venta de casa en P.º Belcantto, 80184 Culiacán Rosales, Sin., Col. Belcantto, Culiacán, Sinaloa, México, C.P. 80184, ID: 30686111",3 Recámaras | 2 Baños | 118 m 2,https://propiedades.comhttps://propiedades.com/inmuebles/casa-en-venta-p-belcantto-80184-culiacan-rosales-sin-belcantto-sinaloa-30686111
Sinaloa,20,2026-04-06 03:11,"$4,750,000 MXN","Casa en venta disponible en COTO ATLANTICO #s/n, Col. Real del Valle, Mazatlán, Sinaloa, México, C.P. 82124, ID: 29733322",3 Recámaras | 3 Baños | 198 m 2,https://propiedades.comhttps://propiedades.com/inmuebles/casa-en-venta-coto-atlantico-sn-real-del-valle-sinaloa-29733322
Sinaloa,20,2026-04-06 03:11,"$3,600,000 MXN","Casa en venta disponible en Cto. Magallanes, Cerritos, 82112 Mazatlán, Sin. #s/nInt. 1978, Col. Almar, Mazatlán, Sinaloa, México, C.P. 82112, ID: 30272984",3 Recámaras | 2 Baños | 120 m 2,https://propiedades.comhttps://propiedades.com/inmuebles/casa-en-venta-cto-magallanes-cerritos-82112-mazatlan-sin-sn-almar-sinaloa-30272984
Sinaloa,20,2026-04-06 03:11,"$2,470,000 MXN","Hacienda los Girasoles 6215 #s/n, Col. Hacienda del Seminario, Mazatlán, Sinaloa, México, C.P. 82129, ID: 30087180",3 Recámaras | 2 Baños,https://propiedades.comhttps://propiedades.com/inmuebles/casa-en-venta-hacienda-los-girasoles-6215-sn-hacienda-del-seminario-sinaloa-30087180
Sinaloa,20,2026-04-06 03:11,"$6,150,000 MXN","Se vende casa en Carretera a Imala #s/n, Col. Sfera Residencial, Culiacán, Sinaloa, México, C.P. 80014, ID: 29880580",6 Recámaras | 5 Baños | 275 m 2,https://propiedades.comhttps://propiedades.com/inmuebles/casa-en-venta-carretera-a-imala-sn-sfera-residencial-sinaloa-29880580
Sinaloa,20,2026-04-06 03:11,"$3,938,200 MXN","Hacienda del Seminario Mazatlan sin Coto Privado, Col. Hacienda del Seminario, Mazatlán, Sinaloa, México, C.P. 82129, ID: 29869737",3 Recámaras | 3 Baños,https://propiedades.comhttps://propiedades.com/inmuebles/casa-en-venta-hacienda-del-seminario-mazatlan-sin-coto-privado-hacienda-del-seminario-sinaloa-29869737
Sinaloa,20,2026-04-06 03:11,"$2,350,000 MXN","Venta de casa en , Col. Nuevo Culiacán, Culiacán, Sinaloa, México, C.P. 80170, ID: 29114880",2 Recámaras | 2 Baños | 105 m 2,https://propiedades.comhttps://propiedades.com/inmuebles/casa-en-venta-nuevo-culiacan-sinaloa-29114880
Sinaloa,20,2026-04-06 03:11,"$1,550,000 MXN","Casa en venta, Valles del Ejido #s/n, Col. Valle Del Ejido, Mazatlán, Sinaloa, México, C.P. 82134, ID: 29501146",3 Recámaras | 2 Baños | 98 m 2,https://propiedades.comhttps://propiedades.com/inmuebles/casa-en-venta-valles-del-ejido-sn-valle-del-ejido-sinaloa-29501146
Sinaloa,20,2026-04-06 03:11,"$5,000,000 MXN","Casa disponible en venta en Avenida Paseo del Pacífico, Col. Hacienda del Seminario, Mazatlán, Sinaloa, México, C.P. 82129, ID: 29445747",3 Recámaras | 2 Baños | 206 m 2,https://propiedades.comhttps://propiedades.com/inmuebles/casa-en-venta-avenida-paseo-del-pacifico-hacienda-del-seminario-sinaloa-29445747
Sinaloa,20,2026-04-06 03:11,"$1,050,000 MXN","Se vende casa Loma Bonita #s/n, Col. Loma Bonita, Mazatlán, Sinaloa, México, C.P. 82198, ID: 29501539",2 Recámaras | 1 Baño | 60 m 2,https://propiedades.comhttps://propiedades.com/inmuebles/casa-en-venta-loma-bonita-sn-loma-bonita-sinaloa-29501539
Sinaloa,20,2026-04-06 03:11,"$698,000 MXN","Calle Tabachín #s/n, Col. Jardines de la Alameda, Mazatlán, Sinaloa, México, C.P. 82123, ID: 29975427",4 Recámaras | 2 Baños | 170 m 2,https://propiedades.comhttps://propiedades.com/inmuebles/casa-en-venta-calle-tabachin-sn-jardines-de-la-alameda-sinaloa-29975427
Sinaloa,20,2026-04-06 03:11,"$12,500,000 MXN","Venta de casa Paseo Paraíso, Col. Marina Mazatlán, Mazatlán, Sinaloa, México, C.P. 82103, ID: 29729158",4 Recámaras | 4 Baños | 350 m 2,https://propiedades.comhttps://propiedades.com/inmuebles/casa-en-venta-paseo-paraiso-marina-mazatlan-sinaloa-29729158
Sinaloa,20,2026-04-06 03:11,"$2,250,000 MXN","Casa en venta disponible en Avenida Senegal #s/nInt. 33, Col. Valle Alto, Culiacán, Sinaloa, México, C.P. 80050, ID: 29471057",3 Recámaras | 2 Baños | 90 m 2,https://propiedades.comhttps://propiedades.com/inmuebles/casa-en-venta-avenida-senegal-sn-valle-alto-sinaloa-29471057
Sinaloa,20,2026-04-06 03:11,"$4,350,000 MXN","Se vende casa Av. La Piedad, Real del Valle, 82124 Mazatlán, Sin., Col. Coto Platino, Mazatlán, Sinaloa, México, C.P. 82124, ID: 30623675",3 Recámaras | 3 Baños | 182 m 2,https://propiedades.comhttps://propiedades.com/inmuebles/casa-en-venta-av-la-piedad-real-del-valle-82124-mazatlan-sin-coto-platino-sinaloa-30623675
Sinaloa,20,2026-04-06 03:11,"$1,700,000 MXN","Se vende casa , Col. La Conquista, Culiacán, Sinaloa, México, C.P. 80058, ID: 29707698",3 Recámaras | 1 Baño | 83 m 2,https://propiedades.comhttps://propiedades.com/inmuebles/casa-en-venta-la-conquista-sinaloa-29707698
Sinaloa,20,2026-04-06 03:11,"$1,500,000 MXN","Venta casa en Avenida Pradera Dorada #s/n, Col. Pradera Dorada, Mazatlán, Sinaloa, México, C.P. 82139, ID: 29502557",2 Recámaras | 1 Baño | 74 m 2,https://propiedades.comhttps://propiedades.com/inmuebles/casa-en-venta-avenida-pradera-dorada-sn-pradera-dorada-sinaloa-29502557
Sinaloa,20,2026-04-06 03:11,"$3,000,000 MXN","cerro de la memoria, Col. INFONAVIT Cañadas, Culiacán, Sinaloa, México, C.P. 80179, ID: 30114986",5 Recámaras | 3 Baños | 298 m 2,https://propiedades.comhttps://propiedades.com/inmuebles/casa-en-venta-cerro-de-la-memoria-infonavit-canadas-sinaloa-30114986
Sinaloa,20,2026-04-06 03:11,"$3,938,200 MXN","Casa disponible en venta en Coto privado Hacienda del Seminario Mazatlan Sinaloa, Col. Hacienda del Seminario, Mazatlán, Sinaloa, México, C.P. 82129, ID: 29869350",3 Recámaras | 3 Baños,https://propiedades.comhttps://propiedades.com/inmuebles/casa-en-venta-coto-privado-hacienda-del-seminario-mazatlan-sinaloa-hacienda-del-seminario-sinaloa-29869350
Sinaloa,20,2026-04-06 03:11,"$2,050,000 MXN","AVE. AMERICAS #s/n, Col. Benito Juárez, Mazatlán, Sinaloa, México, C.P. 82180, ID: 29733337",2 Recámaras | 2 Baños | 118 m 2,https://propiedades.comhttps://propiedades.com/inmuebles/casa-en-venta-ave-americas-sn-benito-juarez-sinaloa-29733337
Sinaloa,20,2026-04-06 03:11,"$5,390,000 MXN","Casa disponible en venta en Cto. Gran Via, 82124 Mazatlán, Sin. #s/n, Col. Coto Platino, Mazatlán, Sinaloa, México, C.P. 82124, ID: 30569939",4 Recámaras | 4 Baños | 248 m 2,https://propiedades.comhttps://propiedades.com/inmuebles/casa-en-venta-cto-gran-via-82124-mazatlan-sin-sn-coto-platino-sinaloa-30569939
Sinaloa,20,2026-04-06 03:11,"$2,590,000 MXN","Venta casa en Villa cadiz #2727, Col. Bosques Del Rio, Culiacán, Sinaloa, México, C.P. 80050, ID: 29933110",3 Recámaras | 2 Baños | 176 m 2,https://propiedades.comhttps://propiedades.com/inmuebles/casa-en-venta-villa-cadiz-2727-bosques-del-rio-sinaloa-29933110
Sinaloa,20,2026-04-06 03:11,"$4,400,000 MXN","Venta de casa COTO 15 #s/n, Col. Real del Valle, Mazatlán, Sinaloa, México, C.P. 82124, ID: 29733331",3 Recámaras | 2 Baños | 200 m 2,https://propiedades.comhttps://propiedades.com/inmuebles/casa-en-venta-coto-15-sn-real-del-valle-sinaloa-29733331
Sinaloa,20,2026-04-06 03:11,"$1,700,000 MXN","rincon real, Col. Ejido Rincón de Urías, Mazatlán, Sinaloa, México, C.P. 82070, ID: 29500752",3 Recámaras | 2 Baños | 96 m 2,https://propiedades.comhttps://propiedades.com/inmuebles/casa-en-venta-rincon-real-ejido-rincon-de-urias-sinaloa-29500752
Sinaloa,20,2026-04-06 03:11,"$3,950,000 MXN","Cto. Gran Via, 82124 Mazatlán, Sin. #s/n, Col. Coto Platino, Mazatlán, Sinaloa, México, C.P. 82124, ID: 30576569",4 Recámaras | 3 Baños | 125 m 2,https://propiedades.comhttps://propiedades.com/inmuebles/casa-en-venta-cto-gran-via-82124-mazatlan-sin-sn-coto-platino-sinaloa-30576569
Sinaloa,20,2026-04-06 03:11,"$6,100,000 MXN","Av. Mario A. Huerta Sanchez 1804 Altabrisa Residencial Fraccionamiento, Blvd. Altabrisa 1706, Cerrit #1706, Col. Altabrisa Residencial, Mazatlán, Sinaloa, México, C.P. 82112, ID: 30729516",3 Recámaras | 3 Baños | 247 m 2,https://propiedades.comhttps://propiedades.com/inmuebles/casa-en-venta-av-mario-a-huerta-sanchez-1804-altabrisa-residencial-fraccionamiento-blvd-altabrisa-1706-cerrit-1706-altabrisa-residencial-sinaloa-30729516
Sinaloa,20,2026-04-06 03:11,"$3,790,000 MXN","Venta casa en Avenida Paseo del Pacífico, Col. Hacienda del Seminario, Mazatlán, Sinaloa, México, C.P. 82129, ID: 29459996",2 Recámaras | 2 Baños | 110 m 2,https://propiedades.comhttps://propiedades.com/inmuebles/casa-en-venta-avenida-paseo-del-pacifico-hacienda-del-seminario-sinaloa-29459996
Sinaloa,20,2026-04-06 03:11,"$4,150,000 MXN","Venta de casa en Blvrd del Marlin 503 #s/n, Col. Cibeles, Culiacán, Sinaloa, México, C.P. 80029, ID: 30512216",3 Recámaras | 2 Baños | 131 m 2,https://propiedades.comhttps://propiedades.com/inmuebles/casa-en-venta-blvrd-del-marlin-503-sn-cibeles-sinaloa-30512216
Sinaloa,20,2026-04-06 03:11,"$1,220,000 MXN","Casa en venta, Valle De Oaxaca 2459, 80050 Culiacán Rosales, Sin. #2459, Col. Valle Alto, Culiacán, Sinaloa, México, C.P. 80050, ID: 30537819",2 Recámaras | 2 Baños | 58 m 2,https://propiedades.comhttps://propiedades.com/inmuebles/casa-en-venta-valle-de-oaxaca-2459-80050-culiacan-rosales-sin-2459-valle-alto-sinaloa-30537819
Sinaloa,20,2026-04-06 03:11,"$7,000,000 MXN","Se vende casa en , Col. Villa Tranquila, Mazatlán, Sinaloa, México, C.P. 82112, ID: 28530438",3 Recámaras | 3 Baños,https://propiedades.comhttps://propiedades.com/inmuebles/casa-en-venta-villa-tranquila-sinaloa-28530438
Sinaloa,20,2026-04-06 03:11,"$3,500,000 MXN","Venta casa en san gabriel #5407, Col. Hacienda del Seminario, Mazatlán, Sinaloa, México, C.P. 82129, ID: 28912717",3 Recámaras | 2 Baños | 76 m 2,https://propiedades.comhttps://propiedades.com/inmuebles/casa-en-venta-san-gabriel-5407-hacienda-del-seminario-sinaloa-28912717
Sinaloa,20,2026-04-06 03:11,"$1,700,000 MXN","Se vende casa en rincon real #s/n, Col. Ejido Rincón de Urías, Mazatlán, Sinaloa, México, C.P. 82070, ID: 29773481",3 Recámaras | 2 Baños | 96 m 2,https://propiedades.comhttps://propiedades.com/inmuebles/casa-en-venta-rincon-real-sn-ejido-rincon-de-urias-sinaloa-29773481
Sinaloa,20,2026-04-06 03:11,"$1,480,000 MXN","Se vende casa flores magón #s/n, Col. Primavera, Mazatlán, Sinaloa, México, C.P. 82197, ID: 29700644",2 Recámaras | 1 Baño | 75 m 2,https://propiedades.comhttps://propiedades.com/inmuebles/casa-en-venta-flores-magon-sn-primavera-sinaloa-29700644
Sinaloa,20,2026-04-06 03:11,"$14,900,000 MXN","Venta de casa en Av. Mario A. Huerta Sanchez 1804 Altabrisa Residencial Fraccionamiento, Blvd. Altabrisa 1706, Cerrit #1706, Col. Altabrisa Residencial, Mazatlán, Sinaloa, México, C.P. 82112, ID: 30737692",7 Recámaras | 7 Baños | 761 m 2,https://propiedades.comhttps://propiedades.com/inmuebles/casa-en-venta-av-mario-a-huerta-sanchez-1804-altabrisa-residencial-fraccionamiento-blvd-altabrisa-1706-cerrit-1706-altabrisa-residencial-sinaloa-30737692
Sinaloa,20,2026-04-06 03:11,"$3,840,000 MXN","Venta de casa en Real del valle #s/n, Col. Real del Valle, Mazatlán, Sinaloa, México, C.P. 82124, ID: 29733414",3 Recámaras | 2 Baños,https://propiedades.comhttps://propiedades.com/inmuebles/casa-en-venta-real-del-valle-sn-real-del-valle-sinaloa-29733414
Sinaloa,20,2026-04-06 03:11,"$6,999,000 MXN","Venta de casa en Juan L. Paliza 1029, Guadalupe Victoria, 80240 Culiacán Rosales, Sin. #998, Col. Guadalupe Victoria, Culiacán, Sinaloa, México, C.P. 80240, ID: 30654774",4 Recámaras | 4 Baños | 425 m 2,https://propiedades.comhttps://propiedades.com/inmuebles/casa-en-venta-juan-l-paliza-1029-guadalupe-victoria-80240-culiacan-rosales-sin-998-guadalupe-victoria-sinaloa-30654774
Sinaloa,21,2026-04-06 03:11,"$1,900,000 MXN","Casa en venta disponible en Av. Lago Hurón, 80014 Culiacán Rosales, Sin. #4386c , Col. Zona Dorada, Culiacán, Sinaloa, México, C.P. 80014, ID: 30528278",2 Recámaras | 1 Baño | 115 m 2,https://propiedades.comhttps://propiedades.com/inmuebles/casa-en-venta-av-lago-huron-80014-culiacan-rosales-sin-4386c-zona-dorada-sinaloa-30528278
Sinaloa,21,2026-04-06 03:11,"$2,400,000 MXN","Venta de casa en Centro #s/n, Col. Centro, Mazatlán, Sinaloa, México, C.P. 82000, ID: 29501404",2 Recámaras | 2 Baños | 90 m 2,https://propiedades.comhttps://propiedades.com/inmuebles/casa-en-venta-centro-sn-centro-sinaloa-29501404
Sinaloa,21,2026-04-06 03:11,"$1,799,000 MXN","Se vende casa en BLVRD. MAGNOLIA ESQUINA CALLE COSTA BARLETTA 11511, Magnolia 11511, 82264 Mazatlán, Sin. #11511, Col. Stanza Magnolia, Mazatlán, Sinaloa, México, C.P. 82264, ID: 30532908",3 Recámaras | 2 Baños,https://propiedades.comhttps://propiedades.com/inmuebles/casa-en-venta-blvrd-magnolia-esquina-calle-costa-barletta-11511-magnolia-11511-82264-mazatlan-sin-11511-stanza-magnolia-sinaloa-30532908
Sinaloa,21,2026-04-06 03:11,"$4,900,000 MXN","Venta de casa Av Insurgentes #1012, Col. Lomas del Valle, Mazatlán, Sinaloa, México, C.P. 82140, ID: 29728920",4 Recámaras | 3 Baños,https://propiedades.comhttps://propiedades.com/inmuebles/casa-en-venta-av-insurgentes-1012-lomas-del-valle-sinaloa-29728920
Sinaloa,21,2026-04-06 03:11,"$1,030,000 MXN","Venta casa en AV BELISARIO DOMINGUEZ #s/n, Col. Chulavista, Culiacán, Sinaloa, México, C.P. 80194, ID: 30133173",3 Recámaras | 1 Baño | 58 m 2,https://propiedades.comhttps://propiedades.com/inmuebles/casa-en-venta-av-belisario-dominguez-sn-chulavista-sinaloa-30133173
Sinaloa,21,2026-04-06 03:11,"$1,480,000 MXN","Venta de casa Avenida Libramiento Número 2 Poniente #s/n, Col. Ampliación Valle del Ejido, Mazatlán, Sinaloa, México, C.P. 82134, ID: 29501171",2 Recámaras | 1 Baño | 90 m 2,https://propiedades.comhttps://propiedades.com/inmuebles/casa-en-venta-avenida-libramiento-numero-2-poniente-sn-ampliacion-valle-del-ejido-sinaloa-29501171
Sinaloa,21,2026-04-06 03:11,"$2,620,000 MXN",", Col. Perisur, Culiacán, Sinaloa, México, C.P. 80197, ID: 28461327",3 Recámaras | 2 Baños | 106 m 2,https://propiedades.comhttps://propiedades.com/inmuebles/casa-en-venta-perisur-sinaloa-28461327
Sinaloa,21,2026-04-06 03:11,"$1,450,000 MXN","Se vende casa salvador allende, Col. Salvador Allende, Mazatlán, Sinaloa, México, C.P. 82164, ID: 29700663",2 Recámaras | 2 Baños | 75 m 2,https://propiedades.comhttps://propiedades.com/inmuebles/casa-en-venta-salvador-allende-salvador-allende-sinaloa-29700663
Sinaloa,21,2026-04-06 03:11,"$2,400,000 MXN","Venta casa en fuentes del valle , Col. Fuentes del Valle, Mazatlán, Sinaloa, México, C.P. 82163, ID: 29526729",4 Recámaras | 2 Baños,https://propiedades.comhttps://propiedades.com/inmuebles/casa-en-venta-fuentes-del-valle-fuentes-del-valle-sinaloa-29526729
Sinaloa,21,2026-04-06 03:11,"$2,200,000 MXN",", Col. Perisur, Culiacán, Sinaloa, México, C.P. 80197, ID: 29630365",3 Recámaras | 2 Baños | 1 m 2,https://propiedades.comhttps://propiedades.com/inmuebles/casa-en-venta-perisur-sinaloa-29630365
Sinaloa,21,2026-04-06 03:11,"$3,300,000 MXN","Casa en venta disponible en Blvd. Cantabria, 80301 Culiacán Rosales, Sin., Col. Cantabria, Culiacán, Sinaloa, México, C.P. 80301, ID: 30973723",3 Recámaras | 2 Baños,https://propiedades.comhttps://propiedades.com/inmuebles/casa-en-venta-blvd-cantabria-80301-culiacan-rosales-sin-cantabria-sinaloa-30973723
Sinaloa,21,2026-04-06 03:11,"$4,480,000 MXN","Venta de casa Av Óscar Pérez Escobosa 8124, Real del Valle, 82124 Mazatlán, Sin. #8124, Col. Terranova Plus, Mazatlán, Sinaloa, México, C.P. 82124, ID: 30694338",4 Recámaras | 3 Baños | 197 m 2,https://propiedades.comhttps://propiedades.com/inmuebles/casa-en-venta-av-oscar-perez-escobosa-8124-real-del-valle-82124-mazatlan-sin-8124-terranova-plus-sinaloa-30694338
Sinaloa,21,2026-04-06 03:11,"$1,500,000,000 MXN","Casa disponible en venta en Sinaloa #896, Col. Benito Juárez, Culiacán, Sinaloa, México, C.P. 80210, ID: 29878265",4 Recámaras | 2 Baños | 32 m 2,https://propiedades.comhttps://propiedades.com/inmuebles/casa-en-venta-sinaloa-896-benito-juarez-sinaloa-29878265
Sinaloa,21,2026-04-06 03:11,"$2,500,000 MXN","Venta de casa P.º del Sauce & Blvd. Paseo del Álamo, 80058 Culiacán Rosales, Sin., Col. Bosques del Rey, Culiacán, Sinaloa, México, C.P. 80058, ID: 30486214",4 Recámaras | 2 Baños | 255 m 2,https://propiedades.comhttps://propiedades.com/inmuebles/casa-en-venta-p-del-sauce-blvd-paseo-del-alamo-80058-culiacan-rosales-sin-bosques-del-rey-sinaloa-30486214
Sinaloa,21,2026-04-06 03:11,"$3,350,000 MXN","Casa en venta, , Col. 7 Gotas, Culiacán, Sinaloa, México, C.P. 80247, ID: 28334392",4 Recámaras | 4 Baños | 278 m 2,https://propiedades.comhttps://propiedades.com/inmuebles/casa-en-venta-7-gotas-sinaloa-28334392
Sinaloa,21,2026-04-06 03:11,"$5,700,000 MXN","Venta casa en Carlos Salazar Chávez #500, Col. Infonavit, El Fuerte, Sinaloa, México, C.P. 81820, ID: 30118852",9 Recámaras | 7 Baños | 540 m 2,https://propiedades.comhttps://propiedades.com/inmuebles/casa-en-venta-carlos-salazar-chavez-500-infonavit-sinaloa-30118852
Sinaloa,21,2026-04-06 03:11,"$2,790,000 MXN","Casa en venta disponible en P.º Shiraz 98899, Residencial Viñedos, Viñedos, 80063 Culiacán Rosales, Sin. #98899, Col. Amapas, Culiacán, Sinaloa, México, C.P. 80063, ID: 31027711",3 Recámaras | 3 Baños,https://propiedades.comhttps://propiedades.com/inmuebles/casa-en-venta-p-shiraz-98899-residencial-vinedos-vinedos-80063-culiacan-rosales-sin-98899-amapas-sinaloa-31027711
Sinaloa,21,2026-04-06 03:11,"$2,800,000 MXN","Casa en venta disponible en Blvd. Paseo Toscana, 80050 Culiacán Rosales, Sin., Col. Stanza Toscana, Culiacán, Sinaloa, México, C.P. 80050, ID: 30917658",4 Recámaras | 2 Baños,https://propiedades.comhttps://propiedades.com/inmuebles/casa-en-venta-blvd-paseo-toscana-80050-culiacan-rosales-sin-stanza-toscana-sinaloa-30917658
Sinaloa,21,2026-04-06 03:11,"$420,000 MXN","Casa en venta, Delicias C, Las Delicias, 81277 Los Mochis, Sin. #s/n, Col. Haciendas Country, Ahome, Sinaloa, México, C.P. 81277, ID: 30858027",3 Recámaras | 2 Baños | 178 m 2,https://propiedades.comhttps://propiedades.com/inmuebles/casa-en-venta-delicias-c-las-delicias-81277-los-mochis-sin-sn-haciendas-country-sinaloa-30858027
Sinaloa,21,2026-04-06 03:11,"$2,600,000 MXN","Venta de casa Benjamin Hill #3781, Col. Paseo de los Arcos, Culiacán, Sinaloa, México, C.P. 80180, ID: 29119179",3 Recámaras | 3 Baños | 217 m 2,https://propiedades.comhttps://propiedades.com/inmuebles/casa-en-venta-benjamin-hill-3781-paseo-de-los-arcos-sinaloa-29119179
Sinaloa,21,2026-04-06 03:11,"$13,500,000 MXN","Casa en venta disponible en Calle San Javier 265, La Primavera, 80199 Culiacán Rosales, Sin. #265, Col. Isla del Oeste, Culiacán, Sinaloa, México, C.P. 80199, ID: 31027770",4 Recámaras | 4 Baños | 382 m 2,https://propiedades.comhttps://propiedades.com/inmuebles/casa-en-venta-calle-san-javier-265-la-primavera-80199-culiacan-rosales-sin-265-isla-del-oeste-sinaloa-31027770
Sinaloa,21,2026-04-06 03:11,"$1,550,000 MXN","Venta casa en ejido el Bajio #s-n, Col. Ampliación Valle del Ejido, Mazatlán, Sinaloa, México, C.P. 82134, ID: 12592308",2 Recámaras | 1 Baño | 58 m 2,https://propiedades.comhttps://propiedades.com/inmuebles/casa-en-venta-ejido-el-bajio-sn-ampliacion-valle-del-ejido-sinaloa-12592308
Sinaloa,21,2026-04-06 03:11,"$7,350,000 MXN","Los Mochis, Sinaloa #1647, Col. Primer Cuadro (Centro), Ahome, Sinaloa, México, C.P. 81200, ID: 30854692",3 Recámaras | 2 Baños | 350 m 2,https://propiedades.comhttps://propiedades.com/inmuebles/casa-en-venta-los-mochis-sinaloa-1647-primer-cuadro-centro-sinaloa-30854692
Sinaloa,21,2026-04-06 03:11,"$2,580,560 MXN","Venta de casa Santa Elena, Culiacán Rosales, Sin. #000, Col. Santa Elena, Culiacán, Sinaloa, México, C.P. 80028, ID: 30944318",3 Recámaras | 2 Baños | 118 m 2,https://propiedades.comhttps://propiedades.com/inmuebles/casa-en-venta-santa-elena-culiacan-rosales-sin-000-santa-elena-sinaloa-30944318
Sinaloa,21,2026-04-06 03:11,"$1,600,000 MXN","Venta de casa en C.Estero 3, Independencia, 82010 Mazatlán, Sin. #3, Col. Independencia, Mazatlán, Sinaloa, México, C.P. 82010, ID: 30373078",2 Recámaras | 1 Baño | 69 m 2,https://propiedades.comhttps://propiedades.com/inmuebles/casa-en-venta-cestero-3-independencia-82010-mazatlan-sin-3-independencia-sinaloa-30373078
Sinaloa,21,2026-04-06 03:11,"$669,000 MXN","Se vende casa en Del Maíz, Rancho Contento, 80058 Culiacán Rosales, Sin., Col. Rancho Contento, Culiacán, Sinaloa, México, C.P. 80058, ID: 30363356",4 Recámaras | 1 Baño | 120 m 2,https://propiedades.comhttps://propiedades.com/inmuebles/casa-en-venta-del-maiz-rancho-contento-80058-culiacan-rosales-sin-rancho-contento-sinaloa-30363356
Sinaloa,21,2026-04-06 03:11,"$2,000,000 MXN","Se vende casa , Col. Villas Del Rio Elite, Culiacán, Sinaloa, México, C.P. 80050, ID: 28700539",3 Recámaras | 1 Baño | 189 m 2,https://propiedades.comhttps://propiedades.com/inmuebles/casa-en-venta-villas-del-rio-elite-sinaloa-28700539
Sinaloa,21,2026-04-06 03:11,"$2,000,000 MXN","Venta de casa en Norma Corona Sapiens, Pradera Dorada, 80058 Culiacán Rosales, Sin., Col. Rincón Del Humaya, Culiacán, Sinaloa, México, C.P. 80058, ID: 30873970",3 Recámaras | 1 Baño,https://propiedades.comhttps://propiedades.com/inmuebles/casa-en-venta-norma-corona-sapiens-pradera-dorada-80058-culiacan-rosales-sin-rincon-del-humaya-sinaloa-30873970
Sinaloa,21,2026-04-06 03:11,"$6,990,000 MXN","Venta de casa PASEO DE SEVILLA #1136, Col. Portal de Hierro, Ahome, Sinaloa, México, C.P. 81271, ID: 30990451",3 Recámaras | 4 Baños | 219 m 2,https://propiedades.comhttps://propiedades.com/inmuebles/casa-en-venta-paseo-de-sevilla-1136-portal-de-hierro-sinaloa-30990451
Sinaloa,21,2026-04-06 03:11,"$620,000 MXN","Venta de casa Garzas, Villas del Estero, 82156 Mazatlán, Sin. #s/n, Col. Villas del Estero, Mazatlán, Sinaloa, México, C.P. 82156, ID: 30858080",3 Recámaras | 1 Baño | 180 m 2,https://propiedades.comhttps://propiedades.com/inmuebles/casa-en-venta-garzas-villas-del-estero-82156-mazatlan-sin-sn-villas-del-estero-sinaloa-30858080
Sinaloa,21,2026-04-06 03:11,"$4,800,000 MXN","Venta de casa en San Armando S/N, Real del Valle, 82124 Mazatlán, Sin. #s/n, Col. Real del Valle, Mazatlán, Sinaloa, México, C.P. 82124, ID: 30937462",3 Recámaras | 2 Baños | 140 m 2,https://propiedades.comhttps://propiedades.com/inmuebles/casa-en-venta-san-armando-sn-real-del-valle-82124-mazatlan-sin-sn-real-del-valle-sinaloa-30937462
Sinaloa,21,2026-04-06 03:11,"$4,990,000 MXN","Venta casa en Av. Nicolás Bravo 1680, Morelos, 80170 Culiacán Rosales, Sin. #1680, Col. Morelos, Culiacán, Sinaloa, México, C.P. 80170, ID: 30654883",5 Recámaras | 4 Baños | 334 m 2,https://propiedades.comhttps://propiedades.com/inmuebles/casa-en-venta-av-nicolas-bravo-1680-morelos-80170-culiacan-rosales-sin-1680-morelos-sinaloa-30654883
Sinaloa,21,2026-04-06 03:11,"$14,000,000 MXN","Casa en venta, La Primavera, 80199 Culiacán Rosales, Sin., Col. La Primavera Sección Parque Industrial, Culiacán, Sinaloa, México, C.P. 80199, ID: 30850096",1 Recámara | 1 Baño,https://propiedades.comhttps://propiedades.com/inmuebles/casa-en-venta-la-primavera-80199-culiacan-rosales-sin-la-primavera-seccion-parque-industrial-sinaloa-30850096
Sinaloa,21,2026-04-06 03:11,"$890,000 MXN","Se vende casa decierto canario #1234, Col. Santa Rocio, Culiacán, Sinaloa, México, C.P. 80135, ID: 30338540",2 Recámaras | 1 Baño | 46 m 2,https://propiedades.comhttps://propiedades.com/inmuebles/casa-en-venta-decierto-canario-1234-santa-rocio-sinaloa-30338540
Sinaloa,21,2026-04-06 03:11,"$2,300,000 MXN","Venta de casa en Misión Sta. Rosa 6387, 80194 Culiacán Rosales, Sin. #6387, Col. Urbi Villa del Sol, Culiacán, Sinaloa, México, C.P. 80194, ID: 30959011",3 Recámaras | 3 Baños | 190 m 2,https://propiedades.comhttps://propiedades.com/inmuebles/casa-en-ambos-mision-sta-rosa-6387-80194-culiacan-rosales-sin-6387-urbi-villa-del-sol-sinaloa-30959011
Sinaloa,21,2026-04-06 03:11,"$4,590,000 MXN","Blvd. P.º del Atlántico, Real del Valle, 82124 Mazatlán, Sin. #s/n, Col. Real del Valle, Mazatlán, Sinaloa, México, C.P. 82124, ID: 30966456",4 Recámaras | 3 Baños | 195 m 2,https://propiedades.comhttps://propiedades.com/inmuebles/casa-en-venta-blvd-p-del-atlantico-real-del-valle-82124-mazatlan-sin-sn-real-del-valle-sinaloa-30966456
Sinaloa,21,2026-04-06 03:11,"$570,000 MXN","Casa en venta, Blvrd Río Fuerte, Viñedos, Los Mochis, Sin., Col. Primer Cuadro (Centro), Ahome, Sinaloa, México, C.P. 81200, ID: 30503250",3 Recámaras | 1 Baño | 170 m 2,https://propiedades.comhttps://propiedades.com/inmuebles/casa-en-venta-blvrd-rio-fuerte-vinedos-los-mochis-sin-primer-cuadro-centro-sinaloa-30503250
Sinaloa,21,2026-04-06 03:11,"$5,400,000 MXN","Boulevard Pedro Infante #1617, Col. Recursos Hidráulicos, Culiacán, Sinaloa, México, C.P. 80105, ID: 29223991",3 Recámaras | 3 Baños | 200 m 2,https://propiedades.comhttps://propiedades.com/inmuebles/casa-en-venta-boulevard-pedro-infante-1617-recursos-hidraulicos-sinaloa-29223991
Sinaloa,21,2026-04-06 03:11,"$3,500,000 MXN","Venta de casa en Hacienda del Seminario, Fraccionamiento Hacienda del Seminario, Mazatlán, Sin., Col. Hacienda del Seminario, Mazatlán, Sinaloa, México, C.P. 82129, ID: 30980645",4 Recámaras | 3 Baños,https://propiedades.comhttps://propiedades.com/inmuebles/casa-en-venta-hacienda-del-seminario-fraccionamiento-hacienda-del-seminario-mazatlan-sin-hacienda-del-seminario-sinaloa-30980645
Sinaloa,21,2026-04-06 03:11,"$10,750,000 MXN","Casa en venta, P.º Paraíso, 82103 Mazatlán, Sin. #s/n, Col. Marina Mazatlán, Mazatlán, Sinaloa, México, C.P. 82103, ID: 30966474",4 Recámaras | 5 Baños | 330 m 2,https://propiedades.comhttps://propiedades.com/inmuebles/casa-en-venta-p-paraiso-82103-mazatlan-sin-sn-marina-mazatlan-sinaloa-30966474
Sinaloa,21,2026-04-06 03:11,"$3,100,000 MXN","Venta casa en Los Mochis, Sinaloa #2189, Col. Primer Cuadro (Centro), Ahome, Sinaloa, México, C.P. 81200, ID: 30929537",3 Recámaras | 3 Baños | 216 m 2,https://propiedades.comhttps://propiedades.com/inmuebles/casa-en-venta-los-mochis-sinaloa-2189-primer-cuadro-centro-sinaloa-30929537
Sinaloa,21,2026-04-06 03:11,"$2,392,000 MXN","Venta de casa P.º Belcantto, 80184 Culiacán Rosales, Sin. #6505, Col. Belcantto, Culiacán, Sinaloa, México, C.P. 80184, ID: 30980026",3 Recámaras | 1 Baño,https://propiedades.comhttps://propiedades.com/inmuebles/casa-en-venta-p-belcantto-80184-culiacan-rosales-sin-6505-belcantto-sinaloa-30980026
Sinaloa,21,2026-04-06 03:11,"$1,990,000 MXN","Venta de casa Carretera a Culiacancito km.5 sector U.D.O, Stanza Cantabria, 80301 Culiacán Rosales, Sin., Col. Cantabria, Culiacán, Sinaloa, México, C.P. 80301, ID: 30987299",3 Recámaras | 2 Baños | 118 m 2,https://propiedades.comhttps://propiedades.com/inmuebles/casa-en-venta-carretera-a-culiacancito-km5-sector-udo-stanza-cantabria-80301-culiacan-rosales-sin-cantabria-sinaloa-30987299
Sinaloa,22,2026-04-06 03:11,"$6,800,000 MXN","Venta casa en Av Paseo del Pacífico, 82124 Mazatlán, Sin. #s/n, Col. Sonterra Residencial II, Mazatlán, Sinaloa, México, C.P. 82124, ID: 30966465",3 Recámaras | 3 Baños | 245 m 2,https://propiedades.comhttps://propiedades.com/inmuebles/casa-en-venta-av-paseo-del-pacifico-82124-mazatlan-sin-sn-sonterra-residencial-ii-sinaloa-30966465
Sinaloa,22,2026-04-06 03:11,"$6,990,000 MXN","Casa en venta, San Agustín, Barrio San Agustín, La Primavera, 80199 Culiacán Rosales, Sin. #s/n, Col. La Primavera, Culiacán, Sinaloa, México, C.P. 80199, ID: 30996458",3 Recámaras | 2 Baños,https://propiedades.comhttps://propiedades.com/inmuebles/casa-en-venta-san-agustin-barrio-san-agustin-la-primavera-80199-culiacan-rosales-sin-sn-la-primavera-sinaloa-30996458
Sinaloa,22,2026-04-06 03:11,"$3,500,000 MXN","Casa disponible en venta en Hacienda del Seminario, Fraccionamiento Hacienda del Seminario, Mazatlán, Sin., Col. Hacienda del Seminario, Mazatlán, Sinaloa, México, C.P. 82129, ID: 30975777",4 Recámaras | 3 Baños,https://propiedades.comhttps://propiedades.com/inmuebles/casa-en-venta-hacienda-del-seminario-fraccionamiento-hacienda-del-seminario-mazatlan-sin-hacienda-del-seminario-sinaloa-30975777
Sinaloa,22,2026-04-06 03:11,"$1,600,000 MXN","Casa en venta disponible en Valle de los Andes, Valle Alto, 80050 Culiacán Rosales, Sin. #2745, Col. Valle Alto, Culiacán, Sinaloa, México, C.P. 80050, ID: 30952757",2 Recámaras | 1 Baño | 78 m 2,https://propiedades.comhttps://propiedades.com/inmuebles/casa-en-venta-valle-de-los-andes-valle-alto-80050-culiacan-rosales-sin-2745-valle-alto-sinaloa-30952757
Sinaloa,22,2026-04-06 03:11,"$3,487,000 MXN","Venta de casa en , Col. Perisur, Culiacán, Sinaloa, México, C.P. 80197, ID: 29630361",3 Recámaras | 3 Baños | 130 m 2,https://propiedades.comhttps://propiedades.com/inmuebles/casa-en-venta-perisur-sinaloa-29630361
Sinaloa,22,2026-04-06 03:11,"$1,500,000 MXN","Casa en venta disponible en Río Sta. Catalina 2141, Terra Nova, 81270 Los Mochis, Sin. #2141, Col. Campanario, Ahome, Sinaloa, México, C.P. 81270, ID: 30464270",2 Recámaras | 1 Baño | 96 m 2,https://propiedades.comhttps://propiedades.com/inmuebles/casa-en-venta-rio-sta-catalina-2141-terra-nova-81270-los-mochis-sin-2141-campanario-sinaloa-30464270
Sinaloa,22,2026-04-06 03:11,"$3,487,000 MXN","Venta de casa en , Col. Perisur, Culiacán, Sinaloa, México, C.P. 80197, ID: 28580914",3 Recámaras | 3 Baños | 130 m 2,https://propiedades.comhttps://propiedades.com/inmuebles/casa-en-venta-perisur-sinaloa-28580914
Sinaloa,22,2026-04-06 03:11,"$4,400,000 MXN","Venta de casa en , Col. Bonanza, Culiacán, Sinaloa, México, C.P. 80020, ID: 30356480",3 Recámaras | 3 Baños | 230 m 2,https://propiedades.comhttps://propiedades.com/inmuebles/casa-en-venta-bonanza-sinaloa-30356480
Sinaloa,22,2026-04-06 03:11,"$3,205,000 MXN","Casa en venta, , Col. Perisur, Culiacán, Sinaloa, México, C.P. 80197, ID: 29630362",3 Recámaras | 2 Baños | 110 m 2,https://propiedades.comhttps://propiedades.com/inmuebles/casa-en-venta-perisur-sinaloa-29630362
Sinaloa,22,2026-04-06 03:11,"$3,205,000 MXN","Se vende casa en , Col. Perisur, Culiacán, Sinaloa, México, C.P. 80197, ID: 28580916",3 Recámaras | 2 Baños | 110 m 2,https://propiedades.comhttps://propiedades.com/inmuebles/casa-en-venta-perisur-sinaloa-28580916
Sinaloa,22,2026-04-06 03:11,"$6,300,000 MXN","Se vende casa en , Col. Las Quintas, Culiacán, Sinaloa, México, C.P. 80060, ID: 30088365",4 Recámaras | 3 Baños | 305 m 2,https://propiedades.comhttps://propiedades.com/inmuebles/casa-en-venta-las-quintas-sinaloa-30088365
Sinaloa,22,2026-04-06 03:11,"$4,430,000 MXN","Se vende casa en Altamira, Col. Altamira Sección Altana, Culiacán, Sinaloa, México, C.P. 80027, ID: 27281040",3 Recámaras | 3 Baños | 213 m 2,https://propiedades.comhttps://propiedades.com/inmuebles/casa-en-venta-altamira-altamira-seccion-altana-sinaloa-27281040
Sinaloa,22,2026-04-06 03:11,"$1,350,000 MXN","Se vende casa San Mateo 3038 #3038, Col. Los Angeles, Culiacán, Sinaloa, México, C.P. 80014, ID: 30901994",3 Recámaras | 1 Baño | 76 m 2,https://propiedades.comhttps://propiedades.com/inmuebles/casa-en-venta-san-mateo-3038-3038-los-angeles-sinaloa-30901994
Sinaloa,22,2026-04-06 03:11,"$3,761,000 MXN","Casa en venta, , Col. Perisur, Culiacán, Sinaloa, México, C.P. 80197, ID: 29630364",3 Recámaras | 3 Baños | 145 m 2,https://propiedades.comhttps://propiedades.com/inmuebles/casa-en-venta-perisur-sinaloa-29630364
Sinaloa,22,2026-04-06 03:11,"$2,918,000 MXN",", Col. Perisur, Culiacán, Sinaloa, México, C.P. 80197, ID: 29630369",3 Recámaras | 2 Baños | 97 m 2,https://propiedades.comhttps://propiedades.com/inmuebles/casa-en-venta-perisur-sinaloa-29630369
Sinaloa,22,2026-04-06 03:11,"$5,250,000 MXN","Casa en venta disponible en Cto. Gran Via, 82124 Mazatlán, Sin. #s/n, Col. Coto Platino, Mazatlán, Sinaloa, México, C.P. 82124, ID: 30966477",4 Recámaras | 3 Baños | 221 m 2,https://propiedades.comhttps://propiedades.com/inmuebles/casa-en-venta-cto-gran-via-82124-mazatlan-sin-sn-coto-platino-sinaloa-30966477
Sinaloa,22,2026-04-06 03:11,"$4,326,000 MXN","Venta de casa en , Col. Perisur, Culiacán, Sinaloa, México, C.P. 80197, ID: 28580917",3 Recámaras | 3 Baños | 167 m 2,https://propiedades.comhttps://propiedades.com/inmuebles/casa-en-venta-perisur-sinaloa-28580917
Sinaloa,22,2026-04-06 03:11,"$3,761,000 MXN","Se vende casa , Col. Perisur, Culiacán, Sinaloa, México, C.P. 80197, ID: 28580915",3 Recámaras | 3 Baños | 145 m 2,https://propiedades.comhttps://propiedades.com/inmuebles/casa-en-venta-perisur-sinaloa-28580915
Sinaloa,22,2026-04-06 03:11,"$4,326,000 MXN","Casa en venta, , Col. Perisur, Culiacán, Sinaloa, México, C.P. 80197, ID: 29630368",3 Recámaras | 3 Baños | 167 m 2,https://propiedades.comhttps://propiedades.com/inmuebles/casa-en-venta-perisur-sinaloa-29630368
Sinaloa,22,2026-04-06 03:11,"$5,600,000 MXN","Venta casa en , Col. Guadalupe Victoria, Culiacán, Sinaloa, México, C.P. 80240, ID: 29816514",3 Recámaras | 2 Baños | 198 m 2,https://propiedades.comhttps://propiedades.com/inmuebles/casa-en-venta-guadalupe-victoria-sinaloa-29816514
Sinaloa,22,2026-04-06 03:11,"$6,400,000 MXN","Venta casa en Quinta gaviotas, Col. 5a. Gaviotas, Mazatlán, Sinaloa, México, C.P. 82110, ID: 29225482",3 Recámaras | 2 Baños | 309 m 2,https://propiedades.comhttps://propiedades.com/inmuebles/casa-en-venta-quinta-gaviotas-5a-gaviotas-sinaloa-29225482
Sinaloa,22,2026-04-06 03:11,"$7,200,000 MXN","Casa en venta disponible en San Agustin 6 #284, Col. La Primavera, Culiacán, Sinaloa, México, C.P. 80199, ID: 29508069",3 Recámaras | 2 Baños | 218 m 2,https://propiedades.comhttps://propiedades.com/inmuebles/casa-en-venta-san-agustin-6-284-la-primavera-sinaloa-29508069
Sinaloa,22,2026-04-06 03:11,"$1,500,000 MXN","Venta casa en , Col. Capistrano Residencial, Culiacán, Sinaloa, México, C.P. 80194, ID: 30334781",2 Recámaras | 1 Baño | 142 m 2,https://propiedades.comhttps://propiedades.com/inmuebles/casa-en-venta-capistrano-residencial-sinaloa-30334781
Sinaloa,22,2026-04-06 03:11,"$3,900,000 MXN","Se vende casa Valle Adriático, Valle Alto, 80050 Culiacán Rosales, Sin., Col. Valle Alto, Culiacán, Sinaloa, México, C.P. 80050, ID: 30853839",4 Recámaras | 4 Baños,https://propiedades.comhttps://propiedades.com/inmuebles/casa-en-venta-valle-adriatico-valle-alto-80050-culiacan-rosales-sin-valle-alto-sinaloa-30853839
Sinaloa,22,2026-04-06 03:11,"$1,900,000 MXN","Se vende casa valle del ejido #s/n, Col. Salinas de Gortari, Mazatlán, Sinaloa, México, C.P. 82134, ID: 29773346",3 Recámaras | 2 Baños | 102 m 2,https://propiedades.comhttps://propiedades.com/inmuebles/casa-en-venta-valle-del-ejido-sn-salinas-de-gortari-sinaloa-29773346
Sinaloa,22,2026-04-06 03:11,"$3,000,000 MXN","Venta casa en , Col. Culiacán (Culiacán), Culiacán, Sinaloa, México, C.P. 80139, ID: 30026406",3 Recámaras | 2 Baños | 156 m 2,https://propiedades.comhttps://propiedades.com/inmuebles/casa-en-venta-culiacan-culiacan-sinaloa-30026406
Sinaloa,22,2026-04-06 03:11,"$2,323,000 MXN","Se vende casa en , Col. Perisur, Culiacán, Sinaloa, México, C.P. 80197, ID: 29630366",3 Recámaras | 1 Baño | 85 m 2,https://propiedades.comhttps://propiedades.com/inmuebles/casa-en-venta-perisur-sinaloa-29630366
Sinaloa,22,2026-04-06 03:11,"$2,323,000 MXN","Casa en venta, , Col. Perisur, Culiacán, Sinaloa, México, C.P. 80197, ID: 28461328",3 Recámaras | 1 Baño | 85 m 2,https://propiedades.comhttps://propiedades.com/inmuebles/casa-en-venta-perisur-sinaloa-28461328
Sinaloa,22,2026-04-06 03:11,"$2,390,000 MXN","Casa disponible en venta en , Col. 10 de Mayo, Culiacán, Sinaloa, México, C.P. 80270, ID: 29688103",5 Recámaras | 3 Baños,https://propiedades.comhttps://propiedades.com/inmuebles/casa-en-venta-10-de-mayo-sinaloa-29688103
Sinaloa,22,2026-04-06 03:11,"$4,890,000 MXN","Luis Castro 116, El Toreo, 82120 Mazatlán, Sin. #116, Col. El Toreo, Mazatlán, Sinaloa, México, C.P. 82120, ID: 30230419",4 Recámaras | 2 Baños | 226 m 2,https://propiedades.comhttps://propiedades.com/inmuebles/casa-en-venta-luis-castro-116-el-toreo-82120-mazatlan-sin-116-el-toreo-sinaloa-30230419
Sinaloa,22,2026-04-06 03:11,"$1,520,000 MXN","Venta casa en VALLE DORADO, Col. Del Valle, Mazatlán, Sinaloa, México, C.P. 82133, ID: 26207189",2 Recámaras | 1 Baño | 63 m 2,https://propiedades.comhttps://propiedades.com/inmuebles/casa-en-venta-valle-dorado-del-valle-sinaloa-26207189
Sinaloa,22,2026-04-06 03:11,"$7,500,000 MXN","Casa en venta, , Col. Convención de Aguascalientes, Navolato, Sinaloa, México, C.P. 80372, ID: 30627695",3 Recámaras | 4 Baños,https://propiedades.comhttps://propiedades.com/inmuebles/casa-en-venta-convencion-de-aguascalientes-sinaloa-30627695
Sinaloa,22,2026-04-06 03:11,"$3,150,000 MXN","Casa en venta, , Col. Prados de La Conquista, Culiacán, Sinaloa, México, C.P. 80058, ID: 29868757",3 Recámaras | 2 Baños | 122 m 2,https://propiedades.comhttps://propiedades.com/inmuebles/casa-en-venta-prados-de-la-conquista-sinaloa-29868757
Sinaloa,22,2026-04-06 03:11,"$1,998,000 MXN","Se vende casa en , Col. Perisur, Culiacán, Sinaloa, México, C.P. 80197, ID: 28449756",2 Recámaras | 1 Baño | 66 m 2,https://propiedades.comhttps://propiedades.com/inmuebles/casa-en-venta-perisur-sinaloa-28449756
Sinaloa,22,2026-04-06 03:11,"$3,390,000 MXN","Casa en venta disponible en , Col. Country Álamos, Culiacán, Sinaloa, México, C.P. 80100, ID: 30163630",4 Recámaras | 3 Baños | 164 m 2,https://propiedades.comhttps://propiedades.com/inmuebles/casa-en-venta-country-alamos-sinaloa-30163630
Sinaloa,22,2026-04-06 03:11,"$2,200,000 MXN","Casa en venta, , Col. CNOP, Culiacán, Sinaloa, México, C.P. 80297, ID: 30031650",6 Recámaras | 5 Baños | 362 m 2,https://propiedades.comhttps://propiedades.com/inmuebles/casa-en-venta-cnop-sinaloa-30031650
Sinaloa,22,2026-04-06 03:11,"$1,480,000 MXN","Casa en venta, ALFREDO SALCE, Col. Ampliación Villa Verde, Mazatlán, Sinaloa, México, C.P. 82139, ID: 26336082",2 Recámaras | 1 Baño | 58 m 2,https://propiedades.comhttps://propiedades.com/inmuebles/casa-en-venta-alfredo-salce-ampliacion-villa-verde-sinaloa-26336082
Sinaloa,22,2026-04-06 03:11,"$10,990,000 MXN","Venta de casa A un costado de amenidades, Col. Altabrisa Residencial, Mazatlán, Sinaloa, México, C.P. 82112, ID: 30984195",4 Recámaras | 4 Baños | 277 m 2,https://propiedades.comhttps://propiedades.com/inmuebles/casa-en-venta-a-un-costado-de-amenidades-altabrisa-residencial-sinaloa-30984195
Sinaloa,22,2026-04-06 03:11,"$4,800,000 MXN","Venta de casa , Col. Miguel Hidalgo, Culiacán, Sinaloa, México, C.P. 80308, ID: 30259716",3 Recámaras | 3 Baños | 406 m 2,https://propiedades.comhttps://propiedades.com/inmuebles/casa-en-venta-miguel-hidalgo-sinaloa-30259716
Sinaloa,22,2026-04-06 03:11,"$1,900,000 MXN","Casa en venta, Comandante Jose Francisco Miranda #3276, Col. 21 de Marzo, Culiacán, Sinaloa, México, C.P. 80280, ID: 30144323",3 Recámaras | 2 Baños | 193 m 2,https://propiedades.comhttps://propiedades.com/inmuebles/casa-en-venta-comandante-jose-francisco-miranda-3276-21-de-marzo-sinaloa-30144323
Sinaloa,22,2026-04-06 03:11,"$4,700,000 MXN","Se vende casa en Paseo Shiraz, Col. La Campiña, Culiacán, Sinaloa, México, C.P. 80060, ID: 30110620",3 Recámaras | 3 Baños | 200 m 2,https://propiedades.comhttps://propiedades.com/inmuebles/casa-en-venta-paseo-shiraz-la-campina-sinaloa-30110620
Sinaloa,22,2026-04-06 03:11,"$5,900,000 MXN","Se vende casa Mazatlán, Sinaloa, Col. Sonterra Residencial II, Mazatlán, Sinaloa, México, C.P. 82124, ID: 31033264",4 Recámaras | 4 Baños | 150 m 2,https://propiedades.comhttps://propiedades.com/inmuebles/casa-en-venta-mazatlan-sinaloa-sonterra-residencial-ii-sinaloa-31033264
Sinaloa,22,2026-04-06 03:11,"$2,600,000 MXN","Casa en venta, Francisco Marquez, Col. Ignacio Allende, Culiacán, Sinaloa, México, C.P. 80010, ID: 30990820",4 Recámaras | 2 Baños | 277 m 2,https://propiedades.comhttps://propiedades.com/inmuebles/casa-en-venta-francisco-marquez-ignacio-allende-sinaloa-30990820
Sinaloa,22,2026-04-06 03:11,"$11,000,000 MXN","Venta casa en Mar Celta, Col. Altabrisa Residencial, Mazatlán, Sinaloa, México, C.P. 82112, ID: 30956541",4 Recámaras | 4 Baños | 277 m 2,https://propiedades.comhttps://propiedades.com/inmuebles/casa-en-venta-mar-celta-altabrisa-residencial-sinaloa-30956541
Sinaloa,23,2026-04-06 03:11,"$619,999 MXN",", Col. San Fermín, Culiacán, Sinaloa, México, C.P. 80019, ID: 29114857",2 Recámaras | 1 Baño,https://propiedades.comhttps://propiedades.com/inmuebles/casa-en-venta-san-fermin-sinaloa-29114857
Sinaloa,23,2026-04-06 03:11,"$620,000 MXN","Venta de casa en Garzas #s/n, Col. Villas del Estero, Mazatlán, Sinaloa, México, C.P. 82156, ID: 29980445",3 Recámaras | 1 Baño | 180 m 2,https://propiedades.comhttps://propiedades.com/inmuebles/casa-en-venta-garzas-sn-villas-del-estero-sinaloa-29980445
Sinaloa,23,2026-04-06 03:11,"$5,800,000 MXN","Venta de casa en Av Paseo del Pacífico, Col. Sonterra Residencial II, Mazatlán, Sinaloa, México, C.P. 82124, ID: 30955314",4 Recámaras | 4 Baños | 242 m 2,https://propiedades.comhttps://propiedades.com/inmuebles/casa-en-venta-av-paseo-del-pacifico-sonterra-residencial-ii-sinaloa-30955314
Sinaloa,23,2026-04-06 03:11,"$3,600,000 MXN",", Col. Interlomas, Culiacán, Sinaloa, México, C.P. 80016, ID: 30081226",3 Recámaras | 2 Baños | 165 m 2,https://propiedades.comhttps://propiedades.com/inmuebles/casa-en-venta-interlomas-sinaloa-30081226
Sinaloa,23,2026-04-06 03:11,"$1,170,000 MXN","Casa en venta, Bebelamas 2007, Prados del Sur, 81285 Los Mochis, Sin. #2007, Col. Real Isabeles, Ahome, Sinaloa, México, C.P. 81285, ID: 30464279",2 Recámaras | 1 Baño | 55 m 2,https://propiedades.comhttps://propiedades.com/inmuebles/casa-en-venta-bebelamas-2007-prados-del-sur-81285-los-mochis-sin-2007-real-isabeles-sinaloa-30464279
Sinaloa,23,2026-04-06 03:11,"$5,950,000 MXN","Casa disponible en venta en Blvd. Sonterra, Col. Sonterra Residencial II, Mazatlán, Sinaloa, México, C.P. 82124, ID: 31015929",3 Recámaras | 2 Baños | 240 m 2,https://propiedades.comhttps://propiedades.com/inmuebles/casa-en-venta-blvd-sonterra-sonterra-residencial-ii-sinaloa-31015929
Sinaloa,23,2026-04-06 03:11,"$3,750,000 MXN","Venta de casa , Col. Nuevo Culiacán, Culiacán, Sinaloa, México, C.P. 80170, ID: 29114881",4 Recámaras | 3 Baños | 402 m 2,https://propiedades.comhttps://propiedades.com/inmuebles/casa-en-venta-nuevo-culiacan-sinaloa-29114881
Sinaloa,23,2026-04-06 03:11,"$1,400,000 MXN","Venta de casa en La Noria #82, Col. San Joaquín, Mazatlán, Sinaloa, México, C.P. 82139, ID: 29400226",3 Recámaras | 1 Baño | 104 m 2,https://propiedades.comhttps://propiedades.com/inmuebles/casa-en-venta-la-noria-82-san-joaquin-sinaloa-29400226
Sinaloa,23,2026-04-06 03:11,"$2,900,000 MXN","Veredas Del Mar 4900 Fraccionamiento Veredas Del Mar, 82129 Mazatlán, Sin. #s/n, Col. El Venadillo, Mazatlán, Sinaloa, México, C.P. 82129, ID: 30863137",3 Recámaras | 3 Baños | 70 m 2,https://propiedades.comhttps://propiedades.com/inmuebles/casa-en-venta-veredas-del-mar-4900-fraccionamiento-veredas-del-mar-82129-mazatlan-sin-sn-el-venadillo-sinaloa-30863137
Sinaloa,23,2026-04-06 03:11,"$2,800,000 MXN","Se vende casa AV. IGNACIO ALDAMA Y CALLE BACHIMETO #1054, Col. Antonio Rosales, Culiacán, Sinaloa, México, C.P. 80230, ID: 28636917",3 Recámaras | 2 Baños | 146 m 2,https://propiedades.comhttps://propiedades.com/inmuebles/casa-en-venta-av-ignacio-aldama-y-calle-bachimeto--1054-antonio-rosales-sinaloa-28636917
Sinaloa,23,2026-04-06 03:11,"$2,600,000 MXN","Mayas #2848, Col. Industrial El Palmito, Culiacán, Sinaloa, México, C.P. 80160, ID: 30960104",3 Recámaras | 3 Baños | 188 m 2,https://propiedades.comhttps://propiedades.com/inmuebles/casa-en-venta-mayas-2848-industrial-el-palmito-sinaloa-30960104
Sinaloa,23,2026-04-06 03:11,"$1,000,000 MXN","Venta de casa Blv. Los Faisanes #355A, Col. Francisco Alarcón Infonavit, Mazatlán, Sinaloa, México, C.P. 82132, ID: 29390112",3 Recámaras | 1 Baño | 98 m 2,https://propiedades.comhttps://propiedades.com/inmuebles/casa-en-venta-blv-los-faisanes-355a-francisco-alarcon-infonavit-sinaloa-29390112
Sinaloa,23,2026-04-06 03:11,"$3,000,000 MXN","Venta casa en Calle Benito Juarez, Col. Miguel Hidalgo, Culiacán, Sinaloa, México, C.P. 80090, ID: 29521720",3 Recámaras | 2 Baños | 193 m 2,https://propiedades.comhttps://propiedades.com/inmuebles/casa-en-venta-calle-benito-juarez-miguel-hidalgo-sinaloa-29521720
Sinaloa,23,2026-04-06 03:11,"$2,300,000 MXN","Venta casa en Ibérica Residencial #46, Col. Parque Andares, Culiacán, Sinaloa, México, C.P. 80197, ID: 30004647",3 Recámaras | 2 Baños | 96 m 2,https://propiedades.comhttps://propiedades.com/inmuebles/casa-en-venta-iberica-residencial-46-parque-andares-sinaloa-30004647
Sinaloa,23,2026-04-06 03:11,"$4,500,000 MXN","Casa en venta disponible en Aristóteles 1645, U.a.s., UAS, 80013 Culiacán Rosales, Sin. #1645, Col. Universitaria, Culiacán, Sinaloa, México, C.P. 80013, ID: 30411545",7 Recámaras | 7 Baños | 457 m 2,https://propiedades.comhttps://propiedades.com/inmuebles/casa-en-venta-aristoteles-1645-uas-uas-80013-culiacan-rosales-sin-1645-universitaria-sinaloa-30411545
Sinaloa,23,2026-04-06 03:11,"$610,000 MXN","Casa en venta disponible en Atun 3900 #3900, Col. Terranova, Mazatlán, Sinaloa, México, C.P. 82124, ID: 28443988",3 Recámaras | 2 Baños | 105 m 2,https://propiedades.comhttps://propiedades.com/inmuebles/casa-en-venta-atun-3900-3900-terranova-sinaloa-28443988
Sinaloa,23,2026-04-06 03:11,"$2,950,000 MXN","Venta de casa , Col. Miguel Hidalgo, Culiacán, Sinaloa, México, C.P. 80308, ID: 30401126",3 Recámaras | 2 Baños | 211 m 2,https://propiedades.comhttps://propiedades.com/inmuebles/casa-en-venta-miguel-hidalgo-sinaloa-30401126
Sinaloa,23,2026-04-06 03:11,"$7,800,000 MXN","Se vende casa en Av Paseo del Pacífico, 82124 Mazatlán, Sin., Col. Sonterra Residencial II, Mazatlán, Sinaloa, México, C.P. 82124, ID: 30958186",4 Recámaras | 3 Baños,https://propiedades.comhttps://propiedades.com/inmuebles/casa-en-venta-av-paseo-del-pacifico-82124-mazatlan-sin-sonterra-residencial-ii-sinaloa-30958186
Sinaloa,23,2026-04-06 03:11,"$3,508,000 MXN","Casa disponible en venta en SONTERRA 2 Modelo Bastian Avenida Paseo del Pacifico km 13 #KM 13, Col. Real del Valle, Mazatlán, Sinaloa, México, C.P. 82124, ID: 26991281",3 Recámaras | 2 Baños | 110 m 2,https://propiedades.comhttps://propiedades.com/inmuebles/casa-en-venta-sonterra-2-modelo-bastian-avenida-paseo-del-pacifico-km-13-km-13-real-del-valle-sinaloa-26991281
Sinaloa,23,2026-04-06 03:11,"$1,100,000 MXN","COYOTES #SN, Col. Pradera Dorada, Mazatlán, Sinaloa, México, C.P. 82139, ID: 28167786",2 Recámaras | 1 Baño | 39 m 2,https://propiedades.comhttps://propiedades.com/inmuebles/casa-en-venta-coyotes-sn-pradera-dorada-sinaloa-28167786
Sinaloa,23,2026-04-06 03:11,"$4,000,000 MXN","Venta de casa Av. Montecarlo, Sin Nombre, 82124 Mazatlán, Sin., Col. Paseo de Las Torres, Mazatlán, Sinaloa, México, C.P. 82124, ID: 30511713",2 Recámaras | 3 Baños | 152 m 2,https://propiedades.comhttps://propiedades.com/inmuebles/casa-en-venta-av-montecarlo-sin-nombre-82124-mazatlan-sin-paseo-de-las-torres-sinaloa-30511713
Sinaloa,23,2026-04-06 03:11,"$265,000 USD","Jesus Carranza 97, Col. Cerro del Vigía, Mazatlán, Sinaloa, México, C.P. 82040, ID: 30935138",3 Recámaras | 3 Baños | 252 m 2,https://propiedades.comhttps://propiedades.com/inmuebles/casa-en-venta-jesus-carranza-97-cerro-del-vigia-sinaloa-30935138
Sinaloa,23,2026-04-06 03:11,"$5,500,000 MXN","Casa en venta disponible en Mar del Norte, Col. Azul Marino, Mazatlán, Sinaloa, México, C.P. 82112, ID: 31010683",4 Recámaras | 4 Baños | 302 m 2,https://propiedades.comhttps://propiedades.com/inmuebles/casa-en-venta-mar-del-norte-azul-marino-sinaloa-31010683
Sinaloa,23,2026-04-06 03:11,"$2,450,000 MXN","Casa disponible en venta en , Col. Industrial Bravo, Culiacán, Sinaloa, México, C.P. 80120, ID: 29114862",5 Recámaras | 4 Baños | 202 m 2,https://propiedades.comhttps://propiedades.com/inmuebles/casa-en-venta-industrial-bravo-sinaloa-29114862
Sinaloa,23,2026-04-06 03:11,"$6,200,000 MXN","Venta casa en Río Pánuco, Col. Palos Prietos, Mazatlán, Sinaloa, México, C.P. 82010, ID: 30950798",4 Recámaras | 3 Baños | 343 m 2,https://propiedades.comhttps://propiedades.com/inmuebles/casa-en-venta-rio-panuco-palos-prietos-sinaloa-30950798
Sinaloa,23,2026-04-06 03:11,"$3,900,000 MXN","Se vende casa en Tesalia, Col. Los Olivos, Mazatlán, Sinaloa, México, C.P. 82154, ID: 31015945",3 Recámaras | 2 Baños | 172 m 2,https://propiedades.comhttps://propiedades.com/inmuebles/casa-en-venta-tesalia-los-olivos-sinaloa-31015945
Sinaloa,23,2026-04-06 03:11,"$1,300,000 MXN","Venta de casa ROSA DE CASTILLA #4708Int. 0, Col. Las Glorias, Culiacán, Sinaloa, México, C.P. 80014, ID: 30901998",2 Recámaras | 1 Baño | 83 m 2,https://propiedades.comhttps://propiedades.com/inmuebles/casa-en-venta-rosa-de-castilla-4708-las-glorias-sinaloa-30901998
Sinaloa,23,2026-04-06 03:11,"$4,150,000 MXN","Casa en venta disponible en Circuito Nuevo México, Col. Sonterra Residencial II, Mazatlán, Sinaloa, México, C.P. 82124, ID: 30424768",3 Recámaras | 3 Baños | 130 m 2,https://propiedades.comhttps://propiedades.com/inmuebles/casa-en-venta-circuito-nuevo-mexico-sonterra-residencial-ii-sinaloa-30424768
Sinaloa,23,2026-04-06 03:11,"$14,500,000 MXN","Isla del Carmen, Col. Las Quintas, Culiacán, Sinaloa, México, C.P. 80060, ID: 29736156",4 Recámaras | 5 Baños | 588 m 2,https://propiedades.comhttps://propiedades.com/inmuebles/casa-en-venta-isla-del-carmen-las-quintas-sinaloa-29736156
Sinaloa,23,2026-04-06 03:11,"$2,100,000 MXN","Venta de casa Gral. Rosalio Hernández 1117, Olímpica, 82150 Mazatlán, Sin. #1117, Col. Olímpica, Mazatlán, Sinaloa, México, C.P. 82150, ID: 30765687",5 Recámaras | 2 Baños | 230 m 2,https://propiedades.comhttps://propiedades.com/inmuebles/casa-en-venta-gral-rosalio-hernandez-1117-olimpica-82150-mazatlan-sin-1117-olimpica-sinaloa-30765687
Sinaloa,23,2026-04-06 03:11,"$1,900,000 MXN","Miguel peregrina, Col. 21 de Marzo, Culiacán, Sinaloa, México, C.P. 80280, ID: 30529717",4 Recámaras | 2 Baños | 140 m 2,https://propiedades.comhttps://propiedades.com/inmuebles/casa-en-venta-miguel-peregrina-21-de-marzo-sinaloa-30529717
Sinaloa,23,2026-04-06 03:11,"$10,500,000 MXN","Venta casa en Maralto, Col. Altabrisa Residencial, Mazatlán, Sinaloa, México, C.P. 82112, ID: 30938163",3 Recámaras | 3 Baños | 255 m 2,https://propiedades.comhttps://propiedades.com/inmuebles/casa-en-venta-maralto-altabrisa-residencial-sinaloa-30938163
Sinaloa,23,2026-04-06 03:11,"$3,300,000 MXN","Venta de casa en Fraccionamiento Terracota Residencial, Blvd. del Universo #4950, Villa Del Cedro, 80050 Culiacán Ros ##4950, Col. La Conquista, Culiacán, Sinaloa, México, C.P. 80058, ID: 30937235",3 Recámaras | 2 Baños | 151 m 2,https://propiedades.comhttps://propiedades.com/inmuebles/casa-en-venta-fraccionamiento-terracota-residencial-blvd-del-universo-4950-villa-del-cedro-80050-culiacan-ros-4950-la-conquista-sinaloa-30937235
Sinaloa,23,2026-04-06 03:11,"$2,500,000 MXN","Venta de casa Lic. Benito Juárez 1571, Villa Owen, 81256 Los Mochis, Sin. #1571, Col. Ingeniero Heriberto Valdez Romero, Ahome, Sinaloa, México, C.P. 81256, ID: 30464227",4 Recámaras | 3 Baños | 152 m 2,https://propiedades.comhttps://propiedades.com/inmuebles/casa-en-venta-lic-benito-juarez-1571-villa-owen-81256-los-mochis-sin-1571-ingeniero-heriberto-valdez-romero-sinaloa-30464227
Sinaloa,23,2026-04-06 03:11,"$7,450,000 MXN","Hemisferio Country #3547Int. 19, Col. Poblado 6 (Los Natoches), Ahome, Sinaloa, México, C.P. 81340, ID: 30937833",3 Recámaras | 3 Baños | 215 m 2,https://propiedades.comhttps://propiedades.com/inmuebles/casa-en-venta-hemisferio-country-3547-poblado-6-los-natoches-sinaloa-30937833
Sinaloa,23,2026-04-06 03:11,"$4,149,000 MXN","Venta de casa Boulevard del Lago #4648, Col. Benevento Residencial, Culiacán, Sinaloa, México, C.P. 80014, ID: 30986812",3 Recámaras | 2 Baños | 213 m 2,https://propiedades.comhttps://propiedades.com/inmuebles/casa-en-venta-boulevard-del-lago-4648-benevento-residencial-sinaloa-30986812
Sinaloa,23,2026-04-06 03:11,"$16,000,000 MXN","Venta casa en Las Macetas, Col. Los Álamos, Culiacán, Sinaloa, México, C.P. 80100, ID: 30026241",4 Recámaras | 5 Baños | 410 m 2,https://propiedades.comhttps://propiedades.com/inmuebles/casa-en-venta-las-macetas-los-alamos-sinaloa-30026241
Sinaloa,23,2026-04-06 03:11,"$14,500,000 MXN","Privada Salduero, Isla Musala #SNInt. SN, Col. Privada Del Real, Culiacán, Sinaloa, México, C.P. 80040, ID: 30782724",5 Recámaras | 5 Baños | 495 m 2,https://propiedades.comhttps://propiedades.com/inmuebles/casa-en-venta-privada-salduero-isla-musala-sn-privada-del-real-sinaloa-30782724
Sinaloa,23,2026-04-06 03:11,"$990,000 MXN","Se vende casa en Ignacio Allende, Col. Villa Eldorado, Culiacán, Sinaloa, México, C.P. 80450, ID: 29224041",2 Recámaras | 1 Baño | 83 m 2,https://propiedades.comhttps://propiedades.com/inmuebles/casa-en-venta-ignacio-allende-villa-eldorado-sinaloa-29224041
Sinaloa,23,2026-04-06 03:11,"$1,799,000 MXN","Se vende casa en Rinconada del Principado #3697, Col. Rincón Real, Culiacán, Sinaloa, México, C.P. 80028, ID: 30007332",3 Recámaras | 1 Baño | 78 m 2,https://propiedades.comhttps://propiedades.com/inmuebles/casa-en-venta-rinconada-del-principado-3697-rincon-real-sinaloa-30007332
Sinaloa,23,2026-04-06 03:11,"$3,790,000 MXN","Casa en venta disponible en Hacienda Sta. Martha, Real del Valle, 82129 Mazatlán, Sin., Col. Hacienda del Seminario, Mazatlán, Sinaloa, México, C.P. 82129, ID: 30537708",3 Recámaras | 3 Baños | 129 m 2,https://propiedades.comhttps://propiedades.com/inmuebles/casa-en-venta-hacienda-sta-martha-real-del-valle-82129-mazatlan-sin-hacienda-del-seminario-sinaloa-30537708
Sinaloa,23,2026-04-06 03:11,"$5,800,000 MXN","Venta de casa en Las Aguilas, Col. Los Aguilares, Navolato, Sinaloa, México, C.P. 80327, ID: 28462320",5 Recámaras | 3 Baños | 110 m 2,https://propiedades.comhttps://propiedades.com/inmuebles/casa-en-venta-las-aguilas-los-aguilares-sinaloa-28462320
Sinaloa,23,2026-04-06 03:11,"$2,096,900 MXN","Venta casa en Av Paseo del PacíficoMéxicoLote 15D-y82275 MazatlánSin., Col. Real del Valle, Mazatlán, Sinaloa, México, C.P. 82124, ID: 30624994",2 Recámaras | 2 Baños | 66 m 2,https://propiedades.comhttps://propiedades.com/inmuebles/casa-en-venta-av-paseo-del-pacificomexicolote-15dy82275-mazatlansin-real-del-valle-sinaloa-30624994
Sinaloa,23,2026-04-06 03:11,"$698,000 MXN","Casa disponible en venta en Calle Tabachín #s/nInt. 0, Col. Jardines de la Alameda, Mazatlán, Sinaloa, México, C.P. 82123, ID: 30025099",3 Recámaras | 2 Baños | 170 m 2,https://propiedades.comhttps://propiedades.com/inmuebles/casa-en-venta-calle-tabachin-sn-jardines-de-la-alameda-sinaloa-30025099
Sinaloa,23,2026-04-06 03:11,"$400,000 USD","Casa disponible en venta en Avenida Ernesto Coppel Campana #4772, Col. Delfines, Mazatlán, Sinaloa, México, C.P. 82132, ID: 29717707",3 Recámaras | 4 Baños,https://propiedades.comhttps://propiedades.com/inmuebles/casa-en-venta-avenida-ernesto-coppel-campana-4772-delfines-sinaloa-29717707
Sinaloa,23,2026-04-06 03:11,"$4,838,900 MXN","Se vende casa en LA MARINA, Col. Marina Mazatlán, Mazatlán, Sinaloa, México, C.P. 82103, ID: 31031469",2 Recámaras | 2 Baños | 85 m 2,https://propiedades.comhttps://propiedades.com/inmuebles/casa-en-venta-la-marina-marina-mazatlan-sinaloa-31031469
Sinaloa,23,2026-04-06 03:11,"$9,500,000 MXN","Se vende casa en Priv. Colinas, Col. Colinas de San Miguel, Culiacán, Sinaloa, México, C.P. 80228, ID: 30950202",3 Recámaras | 3 Baños | 327 m 2,https://propiedades.comhttps://propiedades.com/inmuebles/casa-en-venta-priv-colinas-colinas-de-san-miguel-sinaloa-30950202
Sinaloa,24,2026-04-06 03:12,"$1,748,000 MXN","Venta casa en Valle de la Rosa, 81278 Los Mochis, Sin. #1478 , Col. Valle de la Rosa, Ahome, Sinaloa, México, C.P. 81278, ID: 30901242",3 Recámaras | 2 Baños | 108 m 2,https://propiedades.comhttps://propiedades.com/inmuebles/casa-en-venta-valle-de-la-rosa-81278-los-mochis-sin-1478-valle-de-la-rosa-sinaloa-30901242
Sinaloa,24,2026-04-06 03:12,"$4,650,000 MXN","Paseo BelcanttoInt. 6764, Col. Belcantto, Culiacán, Sinaloa, México, C.P. 80184, ID: 30844585",3 Recámaras | 3 Baños | 229 m 2,https://propiedades.comhttps://propiedades.com/inmuebles/casa-en-venta-paseo-belcantto-belcantto-sinaloa-30844585
Sinaloa,24,2026-04-06 03:12,"$2,365,000 MXN","Casa en venta disponible en Lomas del Boulevard, 80110 Culiacán Rosales, Sin. #s/n, Col. Lomas del Boulevard, Culiacán, Sinaloa, México, C.P. 80110, ID: 30996243",3 Recámaras | 2 Baños | 120 m 2,https://propiedades.comhttps://propiedades.com/inmuebles/casa-en-venta-lomas-del-boulevard-80110-culiacan-rosales-sin-sn-lomas-del-boulevard-sinaloa-30996243
Sinaloa,24,2026-04-06 03:12,"$6,100,000 MXN","Venta casa en Circuito Marsella, Col. Marsella, Mazatlán, Sinaloa, México, C.P. 82124, ID: 30916144",3 Recámaras | 4 Baños | 311 m 2,https://propiedades.comhttps://propiedades.com/inmuebles/casa-en-venta-circuito-marsella-marsella-sinaloa-30916144
Sinaloa,24,2026-04-06 03:12,"$6,900,000 MXN","Venta de casa Cerro Escondido, Col. Lomas de Mazatlán, Mazatlán, Sinaloa, México, C.P. 82110, ID: 31007281",2 Recámaras | 2 Baños | 200 m 2,https://propiedades.comhttps://propiedades.com/inmuebles/casa-en-venta-cerro-escondido-lomas-de-mazatlan-sinaloa-31007281
Sinaloa,24,2026-04-06 03:12,"$4,500,000 MXN","Casa en venta, Río Baluarte, Palos Prietos, Mazatlán, Sin. #s/n, Col. Palos Prietos, Mazatlán, Sinaloa, México, C.P. 82010, ID: 30917697",3 Recámaras | 2 Baños | 280 m 2,https://propiedades.comhttps://propiedades.com/inmuebles/casa-en-venta-rio-baluarte-palos-prietos-mazatlan-sin-sn-palos-prietos-sinaloa-30917697
Sinaloa,24,2026-04-06 03:12,"$2,480,000 MXN","Venta de casa en Septima, Col. Morelos, Mazatlán, Sinaloa, México, C.P. 82170, ID: 30831724",3 Recámaras | 3 Baños | 125 m 2,https://propiedades.comhttps://propiedades.com/inmuebles/casa-en-venta-septima-morelos-sinaloa-30831724
Sinaloa,24,2026-04-06 03:12,"$4,200,000 MXN","Casa en venta, Av. Real del Valle 4123, Real del Valle, 82124 Mazatlán, Sin. #4153Int. 4153, Col. Real del Valle, Mazatlán, Sinaloa, México, C.P. 82124, ID: 30905266",3 Recámaras | 2 Baños | 235 m 2,https://propiedades.comhttps://propiedades.com/inmuebles/casa-en-venta-av-real-del-valle-4123-real-del-valle-82124-mazatlan-sin-4153-real-del-valle-sinaloa-30905266
Sinaloa,24,2026-04-06 03:12,"$9,300,000 MXN","Casa en venta disponible en , Col. La Primavera, Culiacán, Sinaloa, México, C.P. 80434, ID: 29114866",3 Recámaras | 3 Baños | 303 m 2,https://propiedades.comhttps://propiedades.com/inmuebles/casa-en-venta-la-primavera-sinaloa-29114866
Sinaloa,24,2026-04-06 03:12,"$3,150,000 MXN",", Col. CANACO, Culiacán, Sinaloa, México, C.P. 80059, ID: 30083837",4 Recámaras | 3 Baños | 216 m 2,https://propiedades.comhttps://propiedades.com/inmuebles/casa-en-venta-canaco-sinaloa-30083837
Sinaloa,24,2026-04-06 03:12,"$4,336,000 MXN","CIRCUITO MONCHARCHE 6145, HACIENDA DEL SEMINARIO IV MAZATLAN #6145, Col. Hacienda del Seminario, Mazatlán, Sinaloa, México, C.P. 82129, ID: 31014093",3 Recámaras | 3 Baños | 167 m 2,https://propiedades.comhttps://propiedades.com/inmuebles/casa-en-venta-circuito-moncharche-6145-hacienda-del-seminario-iv-mazatlan-6145-hacienda-del-seminario-sinaloa-31014093
Sinaloa,24,2026-04-06 03:12,"$6,999,000 MXN","Venta casa en Ruperto paliza #998, Col. Guadalupe, Culiacán, Sinaloa, México, C.P. 80220, ID: 30990358",4 Recámaras | 4 Baños | 425 m 2,https://propiedades.comhttps://propiedades.com/inmuebles/casa-en-venta-ruperto-paliza-998-guadalupe-sinaloa-30990358
Sinaloa,24,2026-04-06 03:12,"$1,500,000 MXN","Venta de casa en Av. Genaro Estrada #19030, Col. Los Magueyes, Mazatlán, Sinaloa, México, C.P. 82199, ID: 29696941",2 Recámaras | 3 Baños | 125 m 2,https://propiedades.comhttps://propiedades.com/inmuebles/casa-en-venta-av-genaro-estrada-19030-los-magueyes-sinaloa-29696941
Sinaloa,24,2026-04-06 03:12,"$2,720,000 MXN","Casa en venta, Avenida Pascual Orozco, Col. Nuevo Culiacán, Culiacán, Sinaloa, México, C.P. 80170, ID: 30044314",4 Recámaras | 4 Baños | 215 m 2,https://propiedades.comhttps://propiedades.com/inmuebles/casa-en-venta-avenida-pascual-orozco-nuevo-culiacan-sinaloa-30044314
Sinaloa,24,2026-04-06 03:12,"$3,785,000 MXN","Venta de casa Real del Valle, 82124 Mazatlán, Sin., Col. Real del Valle, Mazatlán, Sinaloa, México, C.P. 82124, ID: 30980649",3 Recámaras | 2 Baños | 193 m 2,https://propiedades.comhttps://propiedades.com/inmuebles/casa-en-venta-real-del-valle-82124-mazatlan-sin-real-del-valle-sinaloa-30980649
Sinaloa,24,2026-04-06 03:12,"$10,500,000 MXN","Casa disponible en venta en cerro de la estrella, Col. Lomas de Mazatlán, Mazatlán, Sinaloa, México, C.P. 82110, ID: 30968742",3 Recámaras | 4 Baños | 409 m 2,https://propiedades.comhttps://propiedades.com/inmuebles/casa-en-venta-cerro-de-la-estrella-lomas-de-mazatlan-sinaloa-30968742
Sinaloa,24,2026-04-06 03:12,"$4,700,000 MXN","Venta de casa Privada en Campiña, casa nueva de ladrillo #.Int. ., Col. La Campiña, Culiacán, Sinaloa, México, C.P. 80060, ID: 30975963",3 Recámaras | 3 Baños | 210 m 2,https://propiedades.comhttps://propiedades.com/inmuebles/casa-en-venta-privada-en-campina-casa-nueva-de-ladrillo--la-campina-sinaloa-30975963
Sinaloa,24,2026-04-06 03:12,"$5,000,000 MXN","Turquesa, Col. Villa Marina, Mazatlán, Sinaloa, México, C.P. 82112, ID: 30596675",3 Recámaras | 2 Baños | 169 m 2,https://propiedades.comhttps://propiedades.com/inmuebles/casa-en-venta-turquesa-villa-marina-sinaloa-30596675
Sinaloa,24,2026-04-06 03:12,"$6,500,000 MXN","Casa en venta, cerro de la concepción, Col. Lomas de Mazatlán, Mazatlán, Sinaloa, México, C.P. 82110, ID: 30876273",3 Recámaras | 2 Baños | 304 m 2,https://propiedades.comhttps://propiedades.com/inmuebles/casa-en-venta-cerro-de-la-concepcion-lomas-de-mazatlan-sinaloa-30876273
Sinaloa,24,2026-04-06 03:12,"$2,650,000 MXN","Se vende casa en Cerrada cd. de Puebla, Col. Las Quintas, Culiacán, Sinaloa, México, C.P. 80060, ID: 28969837",3 Recámaras | 2 Baños | 135 m 2,https://propiedades.comhttps://propiedades.com/inmuebles/casa-en-venta-cerrada-cd-de-puebla-las-quintas-sinaloa-28969837
Sinaloa,24,2026-04-06 03:12,"$3,600,000 MXN","Casa en venta, quinta, Col. Bosques del Rey, Culiacán, Sinaloa, México, C.P. 80058, ID: 28151929",3 Recámaras | 3 Baños | 149 m 2,https://propiedades.comhttps://propiedades.com/inmuebles/casa-en-venta-quinta-bosques-del-rey-sinaloa-28151929
Sinaloa,24,2026-04-06 03:12,"$3,600,000 MXN","Venta de casa , Col. Valle Alto, Culiacán, Sinaloa, México, C.P. 80050, ID: 29114877",3 Recámaras | 3 Baños,https://propiedades.comhttps://propiedades.com/inmuebles/casa-en-venta-valle-alto-sinaloa-29114877
Sinaloa,24,2026-04-06 03:12,"$1,560,000 MXN","Se vende casa Lopez Mateos, Mazatlán, Sin. #2302Int. 5, Col. López Mateos, Mazatlán, Sinaloa, México, C.P. 82140, ID: 30850051",2 Recámaras | 1 Baño | 78 m 2,https://propiedades.comhttps://propiedades.com/inmuebles/casa-en-venta-lopez-mateos-mazatlan-sin-2302-lopez-mateos-sinaloa-30850051
Sinaloa,24,2026-04-06 03:12,"$3,390,000 MXN","Venta de casa en coto 5 , Col. Mallorca Residencial, Culiacán, Sinaloa, México, C.P. 80050, ID: 28477421",3 Recámaras | 3 Baños | 140 m 2,https://propiedades.comhttps://propiedades.com/inmuebles/casa-en-venta-coto-5-mallorca-residencial-sinaloa-28477421
Sinaloa,24,2026-04-06 03:12,"$8,900,000 MXN","Venta casa en Privada el Encanto, Col. Portal de Hierro, Ahome, Sinaloa, México, C.P. 81271, ID: 31007777",2 Recámaras | 218 m 2,https://propiedades.comhttps://propiedades.com/inmuebles/casa-en-venta-privada-el-encanto-portal-de-hierro-sinaloa-31007777
Sinaloa,24,2026-04-06 03:12,"$3,300,000 MXN","Casa disponible en venta en Camino de las moras #8226 coto 3 fracc. Veredas, Col. Real del Valle, Mazatlán, Sinaloa, México, C.P. 82124, ID: 28099757",3 Recámaras | 3 Baños | 152 m 2,https://propiedades.comhttps://propiedades.com/inmuebles/casa-en-venta-camino-de-las-moras-8226-coto-3-fracc-veredas-real-del-valle-sinaloa-28099757
Sinaloa,24,2026-04-06 03:12,"$12,500,000 MXN","Blvd. Pedro Infante 2660, Congreso del Estado, 80100 Culiacán Rosales, Sin. #2660, Col. Los Álamos, Culiacán, Sinaloa, México, C.P. 80100, ID: 30995008",3 Recámaras | 4 Baños,https://propiedades.comhttps://propiedades.com/inmuebles/casa-en-venta-blvd-pedro-infante-2660-congreso-del-estado-80100-culiacan-rosales-sin-2660-los-alamos-sinaloa-30995008
Sinaloa,24,2026-04-06 03:12,"$15,500,000 MXN","Casa disponible en venta en Col. Los Mochis (Los Mochis), Ahome, Sinaloa, México, C.P. 81369, ID: 30967442",3 Recámaras | 4 Baños | 573 m 2,https://propiedades.comhttps://propiedades.com/inmuebles/casa-en-venta-los-mochis-los-mochis-sinaloa-30967442
Sinaloa,24,2026-04-06 03:12,"$7,800,000 MXN","Venta de casa El Delfín Residencial, Col. Marina Mazatlán, Mazatlán, Sinaloa, México, C.P. 82103, ID: 30876858",4 Recámaras | 4 Baños | 268 m 2,https://propiedades.comhttps://propiedades.com/inmuebles/casa-en-venta-el-delfin-residencial-marina-mazatlan-sinaloa-30876858
Sinaloa,24,2026-04-06 03:12,"$11,500,000 MXN","Frida Khalo, Col. Los Cisnes, Culiacán, Sinaloa, México, C.P. 80034, ID: 30894946",3 Recámaras | 3 Baños | 562 m 2,https://propiedades.comhttps://propiedades.com/inmuebles/casa-en-venta-frida-khalo-los-cisnes-sinaloa-30894946
Sinaloa,24,2026-04-06 03:12,"$1,700,000 MXN","MONTAÑA #SN, Col. Real Pacífico, Mazatlán, Sinaloa, México, C.P. 82124, ID: 28558977",2 Recámaras | 1 Baño | 50 m 2,https://propiedades.comhttps://propiedades.com/inmuebles/casa-en-venta-montana-sn-real-pacifico-sinaloa-28558977
Sinaloa,24,2026-04-06 03:12,"$7,600,000 MXN","Venta de casa en , Col. Montebello, Culiacán, Sinaloa, México, C.P. 80227, ID: 30953650",3 Recámaras | 3 Baños | 285 m 2,https://propiedades.comhttps://propiedades.com/inmuebles/casa-en-venta-montebello-sinaloa-30953650
Sinaloa,24,2026-04-06 03:12,"$2,550,000 MXN","Casa disponible en venta en Mesetas, Col. Prados del Sol, Mazatlán, Sinaloa, México, C.P. 82124, ID: 30919946",4 Recámaras | 3 Baños | 180 m 2,https://propiedades.comhttps://propiedades.com/inmuebles/casa-en-venta-mesetas-prados-del-sol-sinaloa-30919946
Sinaloa,24,2026-04-06 03:12,"$4,650,000 MXN","Se vende casa en Calle San Aron, Col. Real del Valle, Mazatlán, Sinaloa, México, C.P. 82124, ID: 30916143",3 Recámaras | 2 Baños | 198 m 2,https://propiedades.comhttps://propiedades.com/inmuebles/casa-en-venta-calle-san-aron-real-del-valle-sinaloa-30916143
Sinaloa,24,2026-04-06 03:12,"$2,300,000 MXN","Venta de casa Gral Francisco Serrano 2129, Centro, 82000 Mazatlán, Sin. #2129, Col. Centro, Mazatlán, Sinaloa, México, C.P. 82000, ID: 30959951",3 Recámaras | 2 Baños | 95 m 2,https://propiedades.comhttps://propiedades.com/inmuebles/casa-en-venta-gral-francisco-serrano-2129-centro-82000-mazatlan-sin-2129-centro-sinaloa-30959951
Sinaloa,24,2026-04-06 03:12,"$12,000,000 MXN","Venta de casa Paraíso Marina, Col. Paraíso, Mazatlán, Sinaloa, México, C.P. 82125, ID: 30919406",4 Recámaras | 4 Baños | 336 m 2,https://propiedades.comhttps://propiedades.com/inmuebles/casa-en-venta-paraiso-marina-paraiso-sinaloa-30919406
Sinaloa,24,2026-04-06 03:12,"$8,500,000 MXN","Se vende casa , Col. Las Quintas, Culiacán, Sinaloa, México, C.P. 80060, ID: 30979377",3 Recámaras | 3 Baños | 356 m 2,https://propiedades.comhttps://propiedades.com/inmuebles/casa-en-venta-las-quintas-sinaloa-30979377
Sinaloa,24,2026-04-06 03:12,"$3,890,000 MXN","Se vende casa en Casa en venta en Veredas del Mar en Mazatlán , Col. Hacienda del Seminario, Mazatlán, Sinaloa, México, C.P. 82129, ID: 31020170",4 Recámaras | 3 Baños | 160 m 2,https://propiedades.comhttps://propiedades.com/inmuebles/casa-en-venta-casa-en-venta-en-veredas-del-mar-en-mazatlan-hacienda-del-seminario-sinaloa-31020170
Sinaloa,24,2026-04-06 03:12,"$3,400,000 MXN","Venta de casa en Paseo del Centenario #53, Col. Paseo Los Olivos, Mazatlán, Sinaloa, México, C.P. 82124, ID: 30052527",3 Recámaras | 2 Baños | 188 m 2,https://propiedades.comhttps://propiedades.com/inmuebles/casa-en-venta-paseo-del-centenario-53-paseo-los-olivos-sinaloa-30052527
Sinaloa,24,2026-04-06 03:12,"$2,150,000 MXN","Venta de casa en CORONEL MEDINA, Col. Sanchez Celis, Mazatlán, Sinaloa, México, C.P. 82120, ID: 30918613",3 Recámaras | 2 Baños | 115 m 2,https://propiedades.comhttps://propiedades.com/inmuebles/casa-en-venta-coronel-medina-sanchez-celis-sinaloa-30918613
Sinaloa,24,2026-04-06 03:12,"$2,290,000 MXN","Se vende casa en valle del Country , Col. Valle Alto, Culiacán, Sinaloa, México, C.P. 80050, ID: 30973947",3 Recámaras | 2 Baños | 125 m 2,https://propiedades.comhttps://propiedades.com/inmuebles/casa-en-venta-valle-del-country-valle-alto-sinaloa-30973947
Sinaloa,24,2026-04-06 03:12,"$3,200,000 MXN","Venta de casa Granate #809, Col. Lomas Del Pedregal, Culiacán, Sinaloa, México, C.P. 80016, ID: 30874750",3 Recámaras | 3 Baños | 200 m 2,https://propiedades.comhttps://propiedades.com/inmuebles/casa-en-venta-granate-809-lomas-del-pedregal-sinaloa-30874750
Sinaloa,24,2026-04-06 03:12,"$4,490,000 MXN","Se vende casa VENETO, Col. Los Olivos, Mazatlán, Sinaloa, México, C.P. 82154, ID: 30841318",3 Recámaras | 3 Baños | 205 m 2,https://propiedades.comhttps://propiedades.com/inmuebles/casa-en-venta-veneto-los-olivos-sinaloa-30841318
Sinaloa,25,2026-04-06 03:12,"$4,165,000 MXN","Casa en venta disponible en Nativa Jardín Residencial, Col. Buenos Aires, Culiacán, Sinaloa, México, C.P. 80199, ID: 30880218",3 Recámaras | 2 Baños | 132 m 2,https://propiedades.comhttps://propiedades.com/inmuebles/casa-en-venta-nativa-jardin-residencial-buenos-aires-sinaloa-30880218
Sinaloa,25,2026-04-06 03:12,"$12,500,000 MXN","Casa en venta, , Col. Marina Mazatlán, Mazatlán, Sinaloa, México, C.P. 82103, ID: 20133477",4 Recámaras | 5 Baños | 549 m 2,https://propiedades.comhttps://propiedades.com/inmuebles/casa-en-venta-marina-mazatlan-sinaloa-20133477
Sinaloa,25,2026-04-06 03:12,"$4,680,000 MXN","San Fabián, Col. Real del Valle, Mazatlán, Sinaloa, México, C.P. 82124, ID: 30923695",3 Recámaras | 2 Baños | 204 m 2,https://propiedades.comhttps://propiedades.com/inmuebles/casa-en-venta-san-fabian-real-del-valle-sinaloa-30923695
Sinaloa,25,2026-04-06 03:12,"$1,150,000 USD","Venta casa en PASEO CENTENARIO, Col. Cerro del Vigía, Mazatlán, Sinaloa, México, C.P. 82040, ID: 30890418",4 Recámaras | 4 Baños | 480 m 2,https://propiedades.comhttps://propiedades.com/inmuebles/casa-en-venta-paseo-centenario-cerro-del-vigia-sinaloa-30890418
Sinaloa,25,2026-04-06 03:12,"$10,500,000 MXN","Venta casa en Guadalupe, Col. Guadalupe, Culiacán, Sinaloa, México, C.P. 80220, ID: 30950200",5 Recámaras | 5 Baños | 540 m 2,https://propiedades.comhttps://propiedades.com/inmuebles/casa-en-venta-guadalupe-guadalupe-sinaloa-30950200
Sinaloa,25,2026-04-06 03:12,"$5,100,000 MXN","Se vende casa , Col. Cerritos Resort, Mazatlán, Sinaloa, México, C.P. 82112, ID: 30928816",3 Recámaras | 3 Baños | 209 m 2,https://propiedades.comhttps://propiedades.com/inmuebles/casa-en-venta-cerritos-resort-sinaloa-30928816
Sinaloa,25,2026-04-06 03:12,"$2,090,000 MXN","Avenida Villas del Río, Col. Huertos del Pedregal, Culiacán, Sinaloa, México, C.P. 80301, ID: 30997671",2 Recámaras | 1 Baño | 120 m 2,https://propiedades.comhttps://propiedades.com/inmuebles/casa-en-venta-avenida-villas-del-rio-huertos-del-pedregal-sinaloa-30997671
Sinaloa,25,2026-04-06 03:12,"$6,900,000 MXN","Venta de casa , Col. Marina Mazatlán, Mazatlán, Sinaloa, México, C.P. 82103, ID: 20133489",4 Recámaras | 4 Baños | 322 m 2,https://propiedades.comhttps://propiedades.com/inmuebles/casa-en-venta-marina-mazatlan-sinaloa-20133489
Sinaloa,25,2026-04-06 03:12,"$7,700,000 MXN","Se vende casa en Hemisferio Tres Rios #330Int. 337, Col. Chapultepec, Culiacán, Sinaloa, México, C.P. 80040, ID: 30782730",3 Recámaras | 3 Baños | 218 m 2,https://propiedades.comhttps://propiedades.com/inmuebles/casa-en-venta-hemisferio-tres-rios-330-chapultepec-sinaloa-30782730
Sinaloa,25,2026-04-06 03:12,"$1,355,000 MXN","Venta casa en ALTARIA #2734, Col. Miguel de La Madrid, Culiacán, Sinaloa, México, C.P. 80295, ID: 28912437",2 Recámaras | 1 Baño | 47 m 2,https://propiedades.comhttps://propiedades.com/inmuebles/casa-en-venta-altaria-2734-miguel-de-la-madrid-sinaloa-28912437
Sinaloa,25,2026-04-06 03:12,"$1,500,000 MXN","Venta de casa VALLE DE CHIHUAHUA #2440, Col. Valle Alto, Culiacán, Sinaloa, México, C.P. 80050, ID: 30956851",2 Recámaras | 1 Baño | 94 m 2,https://propiedades.comhttps://propiedades.com/inmuebles/casa-en-venta-valle-de-chihuahua-2440-valle-alto-sinaloa-30956851
Sinaloa,25,2026-04-06 03:12,"$3,550,000 MXN","Se vende casa Casa en venta en Portovera Residencial en Mazatlán , Col. Hacienda del Seminario, Mazatlán, Sinaloa, México, C.P. 82129, ID: 31020163",3 Recámaras | 3 Baños | 129 m 2,https://propiedades.comhttps://propiedades.com/inmuebles/casa-en-venta-casa-en-venta-en-portovera-residencial-en-mazatlan-hacienda-del-seminario-sinaloa-31020163
Sinaloa,25,2026-04-06 03:12,"$4,460,000 MXN","Venta casa en , Col. Portalegre, Culiacán, Sinaloa, México, C.P. 80058, ID: 29114865",4 Recámaras | 4 Baños | 207 m 2,https://propiedades.comhttps://propiedades.com/inmuebles/casa-en-venta-portalegre-sinaloa-29114865
Sinaloa,25,2026-04-06 03:12,"$2,759,000 MXN","Casa disponible en venta en Rey de Galicia 850 #850, Col. Portareal, Culiacán, Sinaloa, México, C.P. 80247, ID: 30043947",3 Recámaras | 2 Baños | 139 m 2,https://propiedades.comhttps://propiedades.com/inmuebles/casa-en-venta-rey-de-galicia-850-850-portareal-sinaloa-30043947
Sinaloa,25,2026-04-06 03:12,"$2,100,000 MXN","Venta de casa en Valles de A, Col. Fuentes del Valle, Mazatlán, Sinaloa, México, C.P. 82163, ID: 30894035",3 Recámaras | 2 Baños | 125 m 2,https://propiedades.comhttps://propiedades.com/inmuebles/casa-en-venta-valles-de-a-fuentes-del-valle-sinaloa-30894035
Sinaloa,25,2026-04-06 03:12,"$3,800,000 MXN",", Col. Sábalo Country Club, Mazatlán, Sinaloa, México, C.P. 82100, ID: 29114883",3 Recámaras | 2 Baños,https://propiedades.comhttps://propiedades.com/inmuebles/casa-en-venta-sabalo-country-club-sinaloa-29114883
Sinaloa,25,2026-04-06 03:12,"$6,490,000 MXN","Venta de casa UTAH, Col. Sonterra Residencial II, Mazatlán, Sinaloa, México, C.P. 82124, ID: 30841316",4 Recámaras | 3 Baños | 240 m 2,https://propiedades.comhttps://propiedades.com/inmuebles/casa-en-venta-utah-sonterra-residencial-ii-sinaloa-30841316
Sinaloa,25,2026-04-06 03:12,"$1,480,000 MXN",", Col. Jesús Garcia, Mazatlán, Sinaloa, México, C.P. 82180, ID: 31028689",3 Recámaras | 2 Baños | 133 m 2,https://propiedades.comhttps://propiedades.com/inmuebles/casa-en-venta-jesus-garcia-sinaloa-31028689
Sinaloa,25,2026-04-06 03:12,"$3,550,000 MXN","Se vende casa Cerrada Egipcio #5683, Col. Perisur, Culiacán, Sinaloa, México, C.P. 80197, ID: 30701432",3 Recámaras | 3 Baños | 166 m 2,https://propiedades.comhttps://propiedades.com/inmuebles/casa-en-venta-cerrada-egipcio-5683-perisur-sinaloa-30701432
Sinaloa,25,2026-04-06 03:12,"$2,800,000 MXN","Calle de los Constituyentes, Col. Gustavo Díaz Ordaz, Culiacán, Sinaloa, México, C.P. 80180, ID: 30012406",3 Recámaras | 2 Baños | 160 m 2,https://propiedades.comhttps://propiedades.com/inmuebles/casa-en-venta-calle-de-los-constituyentes-gustavo-diaz-ordaz-sinaloa-30012406
Sinaloa,25,2026-04-06 03:12,"$4,700,000 MXN","Casa en venta, milan y florencia #4207, Col. Real del Valle, Mazatlán, Sinaloa, México, C.P. 82124, ID: 31014182",4 Recámaras | 3 Baños | 200 m 2,https://propiedades.comhttps://propiedades.com/inmuebles/casa-en-venta-milan-y-florencia-4207-real-del-valle-sinaloa-31014182
Sinaloa,25,2026-04-06 03:12,"$17,500,000 MXN","Venta casa en Malibu #200, Col. El Dorado, Mazatlán, Sinaloa, México, C.P. 82110, ID: 30394639",3 Recámaras | 5 Baños | 575 m 2,https://propiedades.comhttps://propiedades.com/inmuebles/casa-en-venta-malibu-200-el-dorado-sinaloa-30394639
Sinaloa,25,2026-04-06 03:12,"$20,500,000 MXN","catamarán, Col. Marina Mazatlán, Mazatlán, Sinaloa, México, C.P. 82103, ID: 30832002",5 Recámaras | 5 Baños | 674 m 2,https://propiedades.comhttps://propiedades.com/inmuebles/casa-en-venta-catamaran-marina-mazatlan-sinaloa-30832002
Sinaloa,25,2026-04-06 03:12,"$3,850,000 MXN","Se vende casa en Sta. Teresa de Calcuta 3830, Col. Real del Valle, Mazatlán, Sinaloa, México, C.P. 82124, ID: 30923696",3 Recámaras | 2 Baños | 184 m 2,https://propiedades.comhttps://propiedades.com/inmuebles/casa-en-venta-sta-teresa-de-calcuta-3830-real-del-valle-sinaloa-30923696
Sinaloa,25,2026-04-06 03:12,"$2,150,000 MXN","Venta casa en Privada Riace #2956, Col. Residencial San José, Culiacán, Sinaloa, México, C.P. 80100, ID: 30154064",3 Recámaras | 2 Baños | 97 m 2,https://propiedades.comhttps://propiedades.com/inmuebles/casa-en-venta-privada-riace-2956-residencial-san-jose-sinaloa-30154064
Sinaloa,25,2026-04-06 03:12,"$2,100,000 MXN","Se vende casa Tomás Urbina, Col. Francisco Villa, Mazatlán, Sinaloa, México, C.P. 82127, ID: 30877495",2 Recámaras | 2 Baños | 104 m 2,https://propiedades.comhttps://propiedades.com/inmuebles/casa-en-venta-tomas-urbina-francisco-villa-sinaloa-30877495
Sinaloa,25,2026-04-06 03:12,"$8,790,000 MXN","Venta casa en San Javier #497, Col. Balcones de San Miguel, Culiacán, Sinaloa, México, C.P. 80176, ID: 30880046",3 Recámaras | 3 Baños | 154 m 2,https://propiedades.comhttps://propiedades.com/inmuebles/casa-en-venta-san-javier-497-balcones-de-san-miguel-sinaloa-30880046
Sinaloa,25,2026-04-06 03:12,"$2,000,000 MXN","Se vende casa Secofi, Sin Asignación En Nombre de Asentamiento, Diamante, Culiacán Rosales, Sin. #2921, Col. Villa Fontana, Culiacán, Sinaloa, México, C.P. 80028, ID: 30875243",3 Recámaras | 2 Baños | 120 m 2,https://propiedades.comhttps://propiedades.com/inmuebles/casa-en-venta-secofi-sin-asignacion-en-nombre-de-asentamiento-diamante-culiacan-rosales-sin-2921-villa-fontana-sinaloa-30875243
Sinaloa,25,2026-04-06 03:12,"$5,250,000 MXN","Venta casa en Internacional México 15 #2923, Col. Altamira Sección Altana, Culiacán, Sinaloa, México, C.P. 80027, ID: 30904823",4 Recámaras | 4 Baños | 225 m 2,https://propiedades.comhttps://propiedades.com/inmuebles/casa-en-venta-internacional-mexico-15-2923-altamira-seccion-altana-sinaloa-30904823
Sinaloa,25,2026-04-06 03:12,"$1,660,000 MXN","Se vende casa en Blvd. Paseo del Roble, Urbivilla del Cedro, 80058 Culiacán Rosales, Sin. #s/n, Col. Stanza Castilla, Culiacán, Sinaloa, México, C.P. 80058, ID: 30309397",2 Recámaras | 1 Baño | 75 m 2,https://propiedades.comhttps://propiedades.com/inmuebles/casa-en-venta-blvd-paseo-del-roble-urbivilla-del-cedro-80058-culiacan-rosales-sin-sn-stanza-castilla-sinaloa-30309397
Sinaloa,25,2026-04-06 03:12,"$2,900,000 MXN","Venta casa en 80247 Culiacán, Sinaloa #748, Col. Portareal, Culiacán, Sinaloa, México, C.P. 80247, ID: 30867921",3 Recámaras | 2 Baños | 99 m 2,https://propiedades.comhttps://propiedades.com/inmuebles/casa-en-venta-80247-culiacan-sinaloa-748-portareal-sinaloa-30867921
Sinaloa,25,2026-04-06 03:12,"$2,950,000 MXN","Se vende casa , Col. Villas Del Rio, Culiacán, Sinaloa, México, C.P. 80050, ID: 29816520",3 Recámaras | 2 Baños | 146 m 2,https://propiedades.comhttps://propiedades.com/inmuebles/casa-en-venta-villas-del-rio-sinaloa-29816520
Sinaloa,25,2026-04-06 03:12,"$4,350,000 MXN","Se vende casa en arrayan #4136, Col. Predio Rancho Las Habas, Mazatlán, Sinaloa, México, C.P. 82124, ID: 30356620",3 Recámaras | 1 Baño | 186 m 2,https://propiedades.comhttps://propiedades.com/inmuebles/casa-en-venta-arrayan-4136-predio-rancho-las-habas-sinaloa-30356620
Sinaloa,25,2026-04-06 03:12,"$4,675,000 MXN","Casa en venta disponible en VENTA DE CASA , Col. Revolución Mexicana, Guasave, Sinaloa, México, C.P. 81016, ID: 26915637",5 Recámaras | 3 Baños | 324 m 2,https://propiedades.comhttps://propiedades.com/inmuebles/casa-en-venta-venta-de-casa-revolucion-mexicana-sinaloa-26915637
Sinaloa,25,2026-04-06 03:12,"$7,490,000 MXN","Venta casa en Col. Cerritos Resort, Mazatlán, Sinaloa, México, C.P. 82112, ID: 30785110",3 Recámaras | 3 Baños | 355 m 2,https://propiedades.comhttps://propiedades.com/inmuebles/casa-en-venta-cerritos-resort-sinaloa-30785110
Sinaloa,25,2026-04-06 03:12,"$7,990,000 MXN","Banus #1, Col. Santa Margarita, Culiacán, Sinaloa, México, C.P. 80040, ID: 30202171",3 Recámaras | 4 Baños | 283 m 2,https://propiedades.comhttps://propiedades.com/inmuebles/casa-en-venta-banus-1-santa-margarita-sinaloa-30202171
Sinaloa,25,2026-04-06 03:12,"$708,000 MXN","82904 San Fermín, Sin., Col. Los Humayes, San Ignacio, Sinaloa, México, C.P. 82904, ID: 30869220",2 Recámaras | 1 Baño | 47 m 2,https://propiedades.comhttps://propiedades.com/inmuebles/casa-en-venta-82904-san-fermin-sin-los-humayes-sinaloa-30869220
Sinaloa,25,2026-04-06 03:12,"$3,250,000 MXN","Venta de casa en Vía Mejillón Punta Esmeralda Grand. #456, Col. Altata, Navolato, Sinaloa, México, C.P. 80363, ID: 30887195",3 Recámaras | 4 Baños | 110 m 2,https://propiedades.comhttps://propiedades.com/inmuebles/casa-en-venta-via-mejillon-punta-esmeralda-grand-456-altata-sinaloa-30887195
Sinaloa,25,2026-04-06 03:12,"$1,800,000 MXN","Venta de casa en Angel Armienta Col. Juarez #713, Col. Benito Juárez, Mazatlán, Sinaloa, México, C.P. 82180, ID: 30701925",4 Recámaras | 3 Baños | 157 m 2,https://propiedades.comhttps://propiedades.com/inmuebles/casa-en-venta-angel-armienta-col-juarez-713-benito-juarez-sinaloa-30701925
Sinaloa,25,2026-04-06 03:12,"$6,600,000 MXN","Casa en venta disponible en Sábalo Country, Mazatlán, Sin. #s/n, Col. Sábalo Country Club, Mazatlán, Sinaloa, México, C.P. 82100, ID: 30758259",3 Recámaras | 2 Baños | 233 m 2,https://propiedades.comhttps://propiedades.com/inmuebles/casa-en-venta-sabalo-country-mazatlan-sin-sn-sabalo-country-club-sinaloa-30758259
Sinaloa,25,2026-04-06 03:12,"$17,000,000 MXN","Casa en venta, San Pedro Martir #2500, Col. Lomas del Bosque, Culiacán, Sinaloa, México, C.P. 80179, ID: 31003978",4 Recámaras | 4 Baños | 665 m 2,https://propiedades.comhttps://propiedades.com/inmuebles/casa-en-venta-san-pedro-martir-2500-lomas-del-bosque-sinaloa-31003978
Sinaloa,25,2026-04-06 03:12,"$1,050,000 USD","Se vende casa en Blvd. Cuatro Surcos, Col. Teacapan, Escuinapa, Sinaloa, México, C.P. 82560, ID: 30951912",6 Recámaras | 1385 m 2,https://propiedades.comhttps://propiedades.com/inmuebles/casa-en-venta-blvd-cuatro-surcos-teacapan-sinaloa-30951912
Sinaloa,25,2026-04-06 03:12,"$6,950,000 MXN","Venta de casa en Circuito atlantico, Col. Altabrisa Residencial, Mazatlán, Sinaloa, México, C.P. 82112, ID: 31015938",4 Recámaras | 3 Baños | 295 m 2,https://propiedades.comhttps://propiedades.com/inmuebles/casa-en-venta-circuito-atlantico-altabrisa-residencial-sinaloa-31015938
Sinaloa,25,2026-04-06 03:12,"$2,100,000 MXN","Casa en venta, , Col. Avellaneda, Culiacán, Sinaloa, México, C.P. 80050, ID: 30102186",2 Recámaras | 1 Baño | 135 m 2,https://propiedades.comhttps://propiedades.com/inmuebles/casa-en-venta-avellaneda-sinaloa-30102186
Sinaloa,25,2026-04-06 03:12,"$14,500,000 MXN","Calle Venus el cielo parque residencial #1909, Col. Cerritos Resort, Mazatlán, Sinaloa, México, C.P. 82112, ID: 26720395",3 Recámaras | 4 Baños | 347 m 2,https://propiedades.comhttps://propiedades.com/inmuebles/casa-en-venta-calle-venus-el-cielo-parque-residencial-1909-cerritos-resort-sinaloa-26720395
Sinaloa,25,2026-04-06 03:12,"$6,700,000 MXN","Venta de casa en , Col. Marina Mazatlán, Mazatlán, Sinaloa, México, C.P. 82103, ID: 25251739",4 Recámaras | 4 Baños | 290 m 2,https://propiedades.comhttps://propiedades.com/inmuebles/casa-en-venta-marina-mazatlan-sinaloa-25251739
Sinaloa,26,2026-04-06 03:12,"$13,850,000 MXN","Cerrada del caracol paseo olas altas #355, Col. Club Real, Mazatlán, Sinaloa, México, C.P. 82113, ID: 30995805",3 Recámaras | 3 Baños | 220 m 2,https://propiedades.comhttps://propiedades.com/inmuebles/casa-en-venta-cerrada-del-caracol-paseo-olas-altas-355-club-real-sinaloa-30995805
Sinaloa,26,2026-04-06 03:12,"$7,800,000 MXN","montesinos #2974, Col. Sfera Residencial, Culiacán, Sinaloa, México, C.P. 80014, ID: 29223682",5 Recámaras | 4 Baños | 294 m 2,https://propiedades.comhttps://propiedades.com/inmuebles/casa-en-venta-montesinos-2974-sfera-residencial-sinaloa-29223682
Sinaloa,26,2026-04-06 03:12,"$4,200,000 MXN","Casa disponible en venta en Circuito Gran Via #4258, Col. Coto Platino, Mazatlán, Sinaloa, México, C.P. 82124, ID: 29526779",4 Recámaras | 3 Baños | 191 m 2,https://propiedades.comhttps://propiedades.com/inmuebles/casa-en-venta-circuito-gran-via-4258-coto-platino-sinaloa-29526779
Sinaloa,26,2026-04-06 03:12,"$1,233,000 MXN","Alicama 53, Adolfo López Mateos, 80303 Adolfo López Mateos, Sin. #53, Col. Adolfo Lopez Mateos, Culiacán, Sinaloa, México, C.P. 80303, ID: 31008262",3 Recámaras | 1 Baño | 100 m 2,https://propiedades.comhttps://propiedades.com/inmuebles/casa-en-venta-alicama-53-adolfo-lopez-mateos-80303-adolfo-lopez-mateos-sin-53-adolfo-lopez-mateos-sinaloa-31008262
Sinaloa,26,2026-04-06 03:12,"$4,990,000 MXN","Ruperto L Paliza #1029 , Col. Guadalupe, Culiacán, Sinaloa, México, C.P. 80220, ID: 30990219",3 Recámaras | 3 Baños | 255 m 2,https://propiedades.comhttps://propiedades.com/inmuebles/casa-en-venta-ruperto-l-paliza-1029-guadalupe-sinaloa-30990219
Sinaloa,26,2026-04-06 03:12,"$14,900,000 MXN","Se vende casa Col. El Cid, Mazatlán, Sinaloa, México, C.P. 82110, ID: 30993242",6 Recámaras | 6 Baños | 761 m 2,https://propiedades.comhttps://propiedades.com/inmuebles/casa-en-venta-el-cid-sinaloa-30993242
Sinaloa,26,2026-04-06 03:12,"$5,900,000 MXN","Casa en venta, SAN PETE 5012 #5012, Col. Sonterra Residencial II, Mazatlán, Sinaloa, México, C.P. 82124, ID: 31007673",3 Recámaras | 3 Baños | 250 m 2,https://propiedades.comhttps://propiedades.com/inmuebles/casa-en-venta-san-pete-5012-5012-sonterra-residencial-ii-sinaloa-31007673
Sinaloa,26,2026-04-06 03:12,"$5,300,000 MXN","Casa en venta disponible en revolucion #1, Col. Guadalupe Victoria, Culiacán, Sinaloa, México, C.P. 80240, ID: 30044093",6 Recámaras | 5 Baños | 320 m 2,https://propiedades.comhttps://propiedades.com/inmuebles/casa-en-venta-revolucion-1-guadalupe-victoria-sinaloa-30044093
Sinaloa,26,2026-04-06 03:12,"$2,190,000 MXN","San Diego #1245, Col. Providencia, Culiacán, Sinaloa, México, C.P. 80290, ID: 30830396",3 Recámaras | 2 Baños | 230 m 2,https://propiedades.comhttps://propiedades.com/inmuebles/casa-en-venta-san-diego-1245-providencia-sinaloa-30830396
Sinaloa,26,2026-04-06 03:12,"$10,000,000 MXN","Venta de casa Boulevard Alfonso G. Calderón, Col. Los Álamos, Culiacán, Sinaloa, México, C.P. 80100, ID: 28704374",3 Recámaras | 3 Baños | 276 m 2,https://propiedades.comhttps://propiedades.com/inmuebles/casa-en-venta-boulevard-alfonso-g-calderon-los-alamos-sinaloa-28704374
Sinaloa,26,2026-04-06 03:12,"$3,600,000 MXN","Casa disponible en venta en , Col. Miguel Hidalgo, Culiacán, Sinaloa, México, C.P. 80308, ID: 30097321",6 Recámaras | 3 Baños | 326 m 2,https://propiedades.comhttps://propiedades.com/inmuebles/casa-en-venta-miguel-hidalgo-sinaloa-30097321
Sinaloa,26,2026-04-06 03:12,"$4,150,000 MXN","Se vende casa , Col. La Joya, Mazatlán, Sinaloa, México, C.P. 82124, ID: 30547361",4 Recámaras | 2 Baños | 213 m 2,https://propiedades.comhttps://propiedades.com/inmuebles/casa-en-venta-la-joya-sinaloa-30547361
Sinaloa,26,2026-04-06 03:12,"$3,900,000 MXN","Casa en venta, Calle Gran Via Fracc. Via San Jose Privada Modelo Premier. #4600, Col. Imala, Culiacán, Sinaloa, México, C.P. 80384, ID: 30956898",4 Recámaras | 3 Baños | 220 m 2,https://propiedades.comhttps://propiedades.com/inmuebles/casa-en-venta-calle-gran-via-fracc-via-san-jose-privada-modelo-premier-4600-imala-sinaloa-30956898
Sinaloa,26,2026-04-06 03:12,"$3,800,000 MXN","Casa disponible en venta en privada tropico de cancer #103, Col. San Angel, Mazatlán, Sinaloa, México, C.P. 82014, ID: 31009133",6 Recámaras | 4 Baños | 147 m 2,https://propiedades.comhttps://propiedades.com/inmuebles/casa-en-venta-privada-tropico-de-cancer-103-san-angel-sinaloa-31009133
Sinaloa,26,2026-04-06 03:12,"$7,900,000 MXN","Se vende casa en Palmito #s/n, Col. Jardines de Fátima, Ahome, Sinaloa, México, C.P. 81226, ID: 29873551",4 Recámaras | 4 Baños | 340 m 2,https://propiedades.comhttps://propiedades.com/inmuebles/casa-en-venta-palmito-sn-jardines-de-fatima-sinaloa-29873551
Sinaloa,26,2026-04-06 03:12,"$3,995,000 MXN","Casa en venta, Avenida Libramiento 2, Col. Marsella, Mazatlán, Sinaloa, México, C.P. 82124, ID: 30871173",3 Recámaras | 2 Baños | 218 m 2,https://propiedades.comhttps://propiedades.com/inmuebles/casa-en-venta-avenida-libramiento-2-marsella-sinaloa-30871173
Sinaloa,26,2026-04-06 03:12,"$3,250,000 MXN","Se vende casa en Circuito Salomón #5987, Col. Hacienda del Seminario, Mazatlán, Sinaloa, México, C.P. 82129, ID: 30992896",3 Recámaras | 3 Baños | 104 m 2,https://propiedades.comhttps://propiedades.com/inmuebles/casa-en-venta-circuito-salomon-5987-hacienda-del-seminario-sinaloa-30992896
Sinaloa,26,2026-04-06 03:12,"$5,500,000 MXN","Venta casa en C. Cerro Escondido, Lomas de Mazatlán, 82110 Mazatlán, Sin. #147, Col. Lomas de Mazatlán, Mazatlán, Sinaloa, México, C.P. 82110, ID: 30905388",2 Recámaras | 2 Baños | 200 m 2,https://propiedades.comhttps://propiedades.com/inmuebles/casa-en-venta-c-cerro-escondido-lomas-de-mazatlan-82110-mazatlan-sin-147-lomas-de-mazatlan-sinaloa-30905388
Sinaloa,26,2026-04-06 03:12,"$1,125,000 MXN","Se vende casa 4TO Rtno Cerro del Chivero #2078, Col. Primer Cuadro (Centro), Ahome, Sinaloa, México, C.P. 81200, ID: 31005865",3 Recámaras | 3 Baños | 107 m 2,https://propiedades.comhttps://propiedades.com/inmuebles/casa-en-venta-4to-rtno-cerro-del-chivero-2078-primer-cuadro-centro-sinaloa-31005865
Sinaloa,26,2026-04-06 03:12,"$730,000 MXN","Calle Republica de Guatemala, Col. Nueva Vizcaya, Culiacán, Sinaloa, México, C.P. 80025, ID: 29990529",3 Recámaras | 2 Baños | 110 m 2,https://propiedades.comhttps://propiedades.com/inmuebles/casa-en-venta-calle-republica-de-guatemala-nueva-vizcaya-sinaloa-29990529
Sinaloa,26,2026-04-06 03:12,"$3,020,000 MXN","Venta casa en Sociólogos #s/n, Col. Burócrata, Culiacán, Sinaloa, México, C.P. 80030, ID: 30162399",3 Recámaras | 3 Baños | 200 m 2,https://propiedades.comhttps://propiedades.com/inmuebles/casa-en-venta-sociologos-sn-burocrata-sinaloa-30162399
Sinaloa,26,2026-04-06 03:12,"$10,000,000 MXN","Tiburón #1255, Col. La Lima, Culiacán, Sinaloa, México, C.P. 80040, ID: 30784677",4 Recámaras | 4 Baños | 533 m 2,https://propiedades.comhttps://propiedades.com/inmuebles/casa-en-venta-tiburon-1255-la-lima-sinaloa-30784677
Sinaloa,26,2026-04-06 03:12,"$8,500,000 MXN","Soles Parque Residencial, Col. Francisco Solís, Mazatlán, Sinaloa, México, C.P. 82037, ID: 30424756",4 Recámaras | 4 Baños | 266 m 2,https://propiedades.comhttps://propiedades.com/inmuebles/casa-en-venta-soles-parque-residencial-francisco-solis-sinaloa-30424756
Sinaloa,26,2026-04-06 03:12,"$3,590,000 MXN","Casa disponible en venta en Avenida Habal, Col. Cerritos Resort, Mazatlán, Sinaloa, México, C.P. 82112, ID: 30889147",3 Recámaras | 2 Baños | 77 m 2,https://propiedades.comhttps://propiedades.com/inmuebles/casa-en-venta-avenida-habal-cerritos-resort-sinaloa-30889147
Sinaloa,26,2026-04-06 03:12,"$650,000 MXN","Se vende casa Acueducto de La Aurora, Col. Acueducto, Culiacán, Sinaloa, México, C.P. 80058, ID: 28549217",3 Recámaras | 2 Baños | 85 m 2,https://propiedades.comhttps://propiedades.com/inmuebles/casa-en-venta-acueducto-de-la-aurora-acueducto-sinaloa-28549217
Sinaloa,26,2026-04-06 03:12,"$23,000,000 MXN","Mar mediterráneo #6196, Col. Marina Mazatlán, Mazatlán, Sinaloa, México, C.P. 82103, ID: 30701798",5 Recámaras | 4 Baños | 495 m 2,https://propiedades.comhttps://propiedades.com/inmuebles/casa-en-venta-mar-mediterraneo-6196-marina-mazatlan-sinaloa-30701798
Sinaloa,26,2026-04-06 03:12,"$595,000 MXN","Se vende casa Acueducto de La Aurora, El Acueducto, 80058 Culiacán Rosales, Sin., Col. Acueducto, Culiacán, Sinaloa, México, C.P. 80058, ID: 30367549",2 Recámaras | 1 Baño | 80 m 2,https://propiedades.comhttps://propiedades.com/inmuebles/casa-en-venta-acueducto-de-la-aurora-el-acueducto-80058-culiacan-rosales-sin-acueducto-sinaloa-30367549
Sinaloa,26,2026-04-06 03:12,"$26,000,000 MXN","Venta de casa , Col. El Cid, Mazatlán, Sinaloa, México, C.P. 82110, ID: 30808228",3 Recámaras | 4 Baños | 470 m 2,https://propiedades.comhttps://propiedades.com/inmuebles/casa-en-venta-el-cid-sinaloa-30808228
Sinaloa,26,2026-04-06 03:12,"$3,150,000 MXN","Casa en venta, Lago de Pátzcuaro #1381, Col. Benito Juárez, Culiacán, Sinaloa, México, C.P. 80210, ID: 30304683",3 Recámaras | 2 Baños | 190 m 2,https://propiedades.comhttps://propiedades.com/inmuebles/casa-en-venta-lago-de-patzcuaro-1381-benito-juarez-sinaloa-30304683
Sinaloa,26,2026-04-06 03:12,"$28,000,000 MXN","Venta de casa en , Col. El Cid, Mazatlán, Sinaloa, México, C.P. 82110, ID: 30856898",4 Recámaras | 5 Baños | 640 m 2,https://propiedades.comhttps://propiedades.com/inmuebles/casa-en-venta-el-cid-sinaloa-30856898
Sinaloa,26,2026-04-06 03:12,"$2,476,437 MXN","Venta casa en Av. Juan Pablo II, Col. Jaripillo, Mazatlán, Sinaloa, México, C.P. 82136, ID: 30807146",3 Recámaras | 2 Baños | 86 m 2,https://propiedades.comhttps://propiedades.com/inmuebles/casa-en-venta-av-juan-pablo-ii-jaripillo-sinaloa-30807146
Sinaloa,26,2026-04-06 03:12,"$2,490,000 MXN","Belcantto Residencial, México 15, Col. La Costera, Culiacán, Sinaloa, México, C.P. 80296, ID: 25840829",3 Recámaras | 2 Baños | 104 m 2,https://propiedades.comhttps://propiedades.com/inmuebles/casa-en-venta-belcantto-residencial-mexico-15-la-costera-sinaloa-25840829
Sinaloa,26,2026-04-06 03:12,"$8,200,000 MXN","Cerro de Las Cumbres #Altezza ResidencialInt. 362, Col. Alteza, Culiacán, Sinaloa, México, C.P. 80177, ID: 30896125",3 Recámaras | 4 Baños | 260 m 2,https://propiedades.comhttps://propiedades.com/inmuebles/casa-en-venta-cerro-de-las-cumbres-altezza-residencial-alteza-sinaloa-30896125
Sinaloa,26,2026-04-06 03:12,"$4,250,000 MXN","Venta de casa , Col. Real del Valle, Mazatlán, Sinaloa, México, C.P. 82124, ID: 30416489",3 Recámaras | 3 Baños | 136 m 2,https://propiedades.comhttps://propiedades.com/inmuebles/casa-en-venta-real-del-valle-sinaloa-30416489
Sinaloa,26,2026-04-06 03:12,"$4,750,000 MXN","Sin nombre de calle, Col. Real del Valle, Mazatlán, Sinaloa, México, C.P. 82124, ID: 30752859",4 Recámaras | 3 Baños | 198 m 2,https://propiedades.comhttps://propiedades.com/inmuebles/casa-en-venta-sin-nombre-de-calle-real-del-valle-sinaloa-30752859
Sinaloa,26,2026-04-06 03:12,"$1,100,000 MXN","Venta de casa ADRA , Col. Villa Residencial del Rey, Mazatlán, Sinaloa, México, C.P. 82164, ID: 30703209",1 Recámara | 1 Baño | 42 m 2,https://propiedades.comhttps://propiedades.com/inmuebles/casa-en-venta-adra-villa-residencial-del-rey-sinaloa-30703209
Sinaloa,26,2026-04-06 03:12,"$1,320,000 MXN","salinas #465, Col. Lomas de San Jorge, Mazatlán, Sinaloa, México, C.P. 82139, ID: 29522490",3 Recámaras | 1 Baño | 78 m 2,https://propiedades.comhttps://propiedades.com/inmuebles/casa-en-venta-salinas-465-lomas-de-san-jorge-sinaloa-29522490
Sinaloa,26,2026-04-06 03:12,"$4,500,000 MXN","Río Baluarte, Palos Prietos, Mazatlán, Sin., Col. Palos Prietos, Mazatlán, Sinaloa, México, C.P. 82010, ID: 30993723",3 Recámaras | 2 Baños | 280 m 2,https://propiedades.comhttps://propiedades.com/inmuebles/casa-en-venta-rio-baluarte-palos-prietos-mazatlan-sin-palos-prietos-sinaloa-30993723
Sinaloa,26,2026-04-06 03:12,"$6,500,000 MXN","Privada Playa de Cortes #1502Int. 96, Col. Altata, Navolato, Sinaloa, México, C.P. 80363, ID: 30801171",4 Recámaras | 5 Baños | 342 m 2,https://propiedades.comhttps://propiedades.com/inmuebles/casa-en-venta-privada-playa-de-cortes-1502-altata-sinaloa-30801171
Sinaloa,26,2026-04-06 03:12,"$24,000,000 MXN","Casa disponible en venta en Col. Marina Mazatlán, Mazatlán, Sinaloa, México, C.P. 82103, ID: 30953617",4 Recámaras | 4 Baños | 700 m 2,https://propiedades.comhttps://propiedades.com/inmuebles/casa-en-venta-marina-mazatlan-sinaloa-30953617
Sinaloa,26,2026-04-06 03:12,"$12,850,000 MXN","Venta de casa Las Palmas, Col. Las Palmas, Mazatlán, Sinaloa, México, C.P. 82112, ID: 30681760",5 Recámaras | 6 Baños | 580 m 2,https://propiedades.comhttps://propiedades.com/inmuebles/casa-en-venta-las-palmas-las-palmas-sinaloa-30681760
Sinaloa,26,2026-04-06 03:12,"$2,200,000 MXN","Venta de casa en Villa San Miguel, Col. Balcones Del Humaya, Culiacán, Sinaloa, México, C.P. 80028, ID: 30007018",2 Recámaras | 1 Baño | 73 m 2,https://propiedades.comhttps://propiedades.com/inmuebles/casa-en-venta-villa-san-miguel-balcones-del-humaya-sinaloa-30007018
Sinaloa,26,2026-04-06 03:12,"$5,900,000 MXN","Se vende casa en Av. Isla de Mallorca #103, Col. Portalegre, Culiacán, Sinaloa, México, C.P. 80058, ID: 30701427",4 Recámaras | 4 Baños | 236 m 2,https://propiedades.comhttps://propiedades.com/inmuebles/casa-en-venta-av-isla-de-mallorca-103-portalegre-sinaloa-30701427
Sinaloa,26,2026-04-06 03:12,"$7,000,000 MXN","Calle Via Pleyades #1922, Col. Cerritos Resort, Mazatlán, Sinaloa, México, C.P. 82112, ID: 30936603",3 Recámaras | 3 Baños | 359 m 2,https://propiedades.comhttps://propiedades.com/inmuebles/casa-en-venta-calle-via-pleyades-1922-cerritos-resort-sinaloa-30936603
Sinaloa,26,2026-04-06 03:12,"$7,700,000 MXN","Se vende casa en , Col. El Cid, Mazatlán, Sinaloa, México, C.P. 82110, ID: 30895110",3 Recámaras | 4 Baños | 334 m 2,https://propiedades.comhttps://propiedades.com/inmuebles/casa-en-venta-el-cid-sinaloa-30895110
Sinaloa,27,2026-04-06 03:12,"$50,000,000 MXN","Av Ernesto Coppel Campaña #S/N,, Col. Delfines, Mazatlán, Sinaloa, México, C.P. 82132, ID: 30694867",4 Recámaras | 4 Baños | 500 m 2,https://propiedades.comhttps://propiedades.com/inmuebles/casa-en-venta-av-ernesto-coppel-campana-sn-delfines-sinaloa-30694867
Sinaloa,27,2026-04-06 03:12,"$2,850,000 MXN",", Col. Villas Del Sol, Mazatlán, Sinaloa, México, C.P. 82198, ID: 30951144",4 Recámaras | 3 Baños | 236 m 2,https://propiedades.comhttps://propiedades.com/inmuebles/casa-en-venta-villas-del-sol-sinaloa-30951144
Sinaloa,27,2026-04-06 03:12,"$4,750,000 MXN",", Col. Real del Valle, Mazatlán, Sinaloa, México, C.P. 82124, ID: 31022707",4 Recámaras | 4 Baños | 180 m 2,https://propiedades.comhttps://propiedades.com/inmuebles/casa-en-venta-real-del-valle-sinaloa-31022707
Sinaloa,27,2026-04-06 03:12,"$8,500,000 MXN","Se vende casa Col. Marina Mazatlán, Mazatlán, Sinaloa, México, C.P. 82103, ID: 30984199",4 Recámaras | 4 Baños | 266 m 2,https://propiedades.comhttps://propiedades.com/inmuebles/casa-en-venta-marina-mazatlan-sinaloa-30984199
Sinaloa,27,2026-04-06 03:12,"$3,350,000 MXN","Se vende casa , Col. Las Quintas, Culiacán, Sinaloa, México, C.P. 80060, ID: 30979379",3 Recámaras | 2 Baños | 168 m 2,https://propiedades.comhttps://propiedades.com/inmuebles/casa-en-venta-las-quintas-sinaloa-30979379
Sinaloa,27,2026-04-06 03:12,"$6,690,000 MXN","Casa en venta disponible en Doctores #347, Col. Chapultepec, Culiacán, Sinaloa, México, C.P. 80040, ID: 30861211",4 Recámaras | 4 Baños | 362 m 2,https://propiedades.comhttps://propiedades.com/inmuebles/casa-en-venta-doctores-347-chapultepec-sinaloa-30861211
Sinaloa,27,2026-04-06 03:12,"$2,850,000 MXN","Se vende casa en Barcelona prime, Col. Praderas del Humaya, Culiacán, Sinaloa, México, C.P. 80059, ID: 29223750",4 Recámaras | 4 Baños | 143 m 2,https://propiedades.comhttps://propiedades.com/inmuebles/casa-en-venta-barcelona-prime-praderas-del-humaya-sinaloa-29223750
Sinaloa,27,2026-04-06 03:12,"$2,599,000 MXN","Casa en venta disponible en Paseo Belcantto #6505Int. 14-A, Col. Belcantto, Culiacán, Sinaloa, México, C.P. 80184, ID: 30494713",3 Recámaras | 2 Baños | 107 m 2,https://propiedades.comhttps://propiedades.com/inmuebles/casa-en-venta-paseo-belcantto-6505-belcantto-sinaloa-30494713
Sinaloa,27,2026-04-06 03:12,"$2,500,000 MXN","Venta de casa Privada El Fuerte #1834, Col. Salvador Alvarado, Culiacán, Sinaloa, México, C.P. 80160, ID: 29770069",4 Recámaras | 4 Baños | 243 m 2,https://propiedades.comhttps://propiedades.com/inmuebles/casa-en-venta-privada-el-fuerte-1834-salvador-alvarado-sinaloa-29770069
Sinaloa,27,2026-04-06 03:12,"$5,650,000 MXN","Casa disponible en venta en , Col. Mediterráneo Club Residencial, Mazatlán, Sinaloa, México, C.P. 82113, ID: 30989582",3 Recámaras | 3 Baños | 158 m 2,https://propiedades.comhttps://propiedades.com/inmuebles/casa-en-venta-mediterraneo-club-residencial-sinaloa-30989582
Sinaloa,27,2026-04-06 03:12,"$3,060,000 MXN","Venta casa en , Col. Privada Toscana, Ahome, Sinaloa, México, C.P. 81228, ID: 30442122",3 Recámaras | 2 Baños | 108 m 2,https://propiedades.comhttps://propiedades.com/inmuebles/casa-en-venta-privada-toscana-sinaloa-30442122
Sinaloa,27,2026-04-06 03:12,"$2,427,000 MXN","Venta de casa Francisco González Bocanegra S/NArieta Residencial, Col. Nuevo Milenio, Mazatlán, Sinaloa, México, C.P. 82134, ID: 30624995",3 Recámaras | 2 Baños | 82 m 2,https://propiedades.comhttps://propiedades.com/inmuebles/casa-en-venta-francisco-gonzalez-bocanegra-snarieta-residencial-nuevo-milenio-sinaloa-30624995
Sinaloa,27,2026-04-06 03:12,"$3,300,000 MXN","Venta de casa , Col. Centro, Mazatlán, Sinaloa, México, C.P. 82000, ID: 31012136",3 Recámaras | 3 Baños | 142 m 2,https://propiedades.comhttps://propiedades.com/inmuebles/casa-en-venta-centro-sinaloa-31012136
Sinaloa,27,2026-04-06 03:12,"$3,675,000 MXN","Venta de casa Calle Meteoro #3618, Col. Altamira Sección Altana, Culiacán, Sinaloa, México, C.P. 80027, ID: 30884874",4 Recámaras | 4 Baños | 188 m 2,https://propiedades.comhttps://propiedades.com/inmuebles/casa-en-venta-calle-meteoro-3618-altamira-seccion-altana-sinaloa-30884874
Sinaloa,27,2026-04-06 03:12,"$2,950,000 MXN","Casa en venta disponible en Blvd Paseo Toscana, Col. Stanza Toscana, Culiacán, Sinaloa, México, C.P. 80050, ID: 30923006",3 Recámaras | 2 Baños | 1 m 2,https://propiedades.comhttps://propiedades.com/inmuebles/casa-en-venta-blvd-paseo-toscana-stanza-toscana-sinaloa-30923006
Sinaloa,27,2026-04-06 03:12,"$1,900,000 MXN","Casa en venta disponible en Valle #3223, Col. Prados del Sol, Mazatlán, Sinaloa, México, C.P. 82124, ID: 30985687",2 Recámaras | 1 Baño | 64 m 2,https://propiedades.comhttps://propiedades.com/inmuebles/casa-en-venta-valle-3223-prados-del-sol-sinaloa-30985687
Sinaloa,27,2026-04-06 03:12,"$2,700,000 MXN","Venta casa en Calle Nogales , Col. Jacarandas, Mazatlán, Sinaloa, México, C.P. 82157, ID: 29484369",4 Recámaras | 3 Baños | 206 m 2,https://propiedades.comhttps://propiedades.com/inmuebles/casa-en-venta-calle-nogales-jacarandas-sinaloa-29484369
Sinaloa,27,2026-04-06 03:12,"$5,200,000 MXN","Venta casa en CIRCUITO UTAH, Col. Sonterra Residencial II, Mazatlán, Sinaloa, México, C.P. 82124, ID: 30841317",3 Recámaras | 3 Baños | 145 m 2,https://propiedades.comhttps://propiedades.com/inmuebles/casa-en-venta-circuito-utah-sonterra-residencial-ii-sinaloa-30841317
Sinaloa,27,2026-04-06 03:12,"$1,210,000 MXN","Se vende casa en Av. Rosa de Castilla 4696, 80014 Culiacán Rosales, Sin. #4696, Col. Albaterra, Culiacán, Sinaloa, México, C.P. 80014, ID: 31008602",2 Recámaras | 1 Baño | 80 m 2,https://propiedades.comhttps://propiedades.com/inmuebles/casa-en-venta-av-rosa-de-castilla-4696-80014-culiacan-rosales-sin-4696-albaterra-sinaloa-31008602
Sinaloa,27,2026-04-06 03:12,"$14,700,000 MXN","Casa en venta disponible en Calle Miguel Hidalgo #5769, Col. El Barrio, Culiacán, Sinaloa, México, C.P. 80080, ID: 30250601",7 Recámaras | 8 Baños | 815 m 2,https://propiedades.comhttps://propiedades.com/inmuebles/casa-en-venta-calle-miguel-hidalgo-5769-el-barrio-sinaloa-30250601
Sinaloa,27,2026-04-06 03:12,"$2,500,000 MXN","Reforma Agraria 2 #s/n, Col. Emiliano Zapata, Culiacán, Sinaloa, México, C.P. 80260, ID: 28912475",5 Recámaras | 4 Baños | 208 m 2,https://propiedades.comhttps://propiedades.com/inmuebles/casa-en-venta-reforma-agraria-2-sn-emiliano-zapata-sinaloa-28912475
Sinaloa,27,2026-04-06 03:12,"$13,500,000 MXN","Venta de casa en Col. El Cid, Mazatlán, Sinaloa, México, C.P. 82110, ID: 30936927",4 Recámaras | 4 Baños | 340 m 2,https://propiedades.comhttps://propiedades.com/inmuebles/casa-en-venta-el-cid-sinaloa-30936927
Sinaloa,27,2026-04-06 03:12,"$7,900,000 MXN","Venta casa en Col. Marina Mazatlán, Mazatlán, Sinaloa, México, C.P. 82103, ID: 30953616",3 Recámaras | 2 Baños | 242 m 2,https://propiedades.comhttps://propiedades.com/inmuebles/casa-en-venta-marina-mazatlan-sinaloa-30953616
Sinaloa,27,2026-04-06 03:12,"$1,600,000 MXN","Venta casa en Calle Baltazar de Obregón #3939, Col. Guadalupe Victoria, Culiacán, Sinaloa, México, C.P. 80240, ID: 28292069",2 Recámaras | 1 Baño | 99 m 2,https://propiedades.comhttps://propiedades.com/inmuebles/casa-en-venta-calle-baltazar-de-obregon-3939-guadalupe-victoria-sinaloa-28292069
Sinaloa,27,2026-04-06 03:12,"$4,200,000 MXN","Se vende casa en Col. Sábalo Country Club, Mazatlán, Sinaloa, México, C.P. 82100, ID: 31028705",4 Recámaras | 4 Baños | 118 m 2,https://propiedades.comhttps://propiedades.com/inmuebles/casa-en-venta-sabalo-country-club-sinaloa-31028705
Sinaloa,27,2026-04-06 03:12,"$4,250,000 MXN","Venta de casa en Montebello Residencial, Col. Los Mochis (Los Mochis), Ahome, Sinaloa, México, C.P. 81369, ID: 30938014",3 Recámaras | 2 Baños | 168 m 2,https://propiedades.comhttps://propiedades.com/inmuebles/casa-en-venta-montebello-residencial-los-mochis-los-mochis-sinaloa-30938014
Sinaloa,27,2026-04-06 03:12,"$2,490,000 MXN","Venta casa en Francisco Villa, Mazatlán, Sin., Col. Francisco Villa, Mazatlán, Sinaloa, México, C.P. 82127, ID: 30895723",4 Recámaras | 2 Baños | 164 m 2,https://propiedades.comhttps://propiedades.com/inmuebles/casa-en-venta-francisco-villa-mazatlan-sin-francisco-villa-sinaloa-30895723
Sinaloa,27,2026-04-06 03:12,"$14,000,000 MXN","Venta de casa en Río Quelite y Rubí, Col. Guadalupe, Culiacán, Sinaloa, México, C.P. 80220, ID: 31002501",1 Recámara | 1 Baño | 638 m 2,https://propiedades.comhttps://propiedades.com/inmuebles/casa-en-venta-rio-quelite-y-rubi-guadalupe-sinaloa-31002501
Sinaloa,27,2026-04-06 03:12,"$4,200,000 MXN","Venta casa en , Col. Montebello, Culiacán, Sinaloa, México, C.P. 80227, ID: 29294660",3 Recámaras | 3 Baños | 346 m 2,https://propiedades.comhttps://propiedades.com/inmuebles/casa-en-venta-montebello-sinaloa-29294660
Sinaloa,27,2026-04-06 03:12,"$15,500,000 MXN","Casa disponible en venta en Col. El Cid, Mazatlán, Sinaloa, México, C.P. 82110, ID: 30979344",3 Recámaras | 4 Baños | 365 m 2,https://propiedades.comhttps://propiedades.com/inmuebles/casa-en-venta-el-cid-sinaloa-30979344
Sinaloa,27,2026-04-06 03:12,"$3,827,000 MXN","Venta casa en Av Paseo del Pacífico km 1.3, Col. Sonterra Residencial II, Mazatlán, Sinaloa, México, C.P. 82124, ID: 30632944",2 Recámaras | 1 Baño | 110 m 2,https://propiedades.comhttps://propiedades.com/inmuebles/casa-en-venta-av-paseo-del-pacifico-km-13-sonterra-residencial-ii-sinaloa-30632944
Sinaloa,27,2026-04-06 03:12,"$16,294,000 MXN","Casa en venta, Marina Campo de Golf, Col. Marina Mazatlán, Mazatlán, Sinaloa, México, C.P. 82103, ID: 30819170",4 Recámaras | 4 Baños | 437 m 2,https://propiedades.comhttps://propiedades.com/inmuebles/casa-en-venta-marina-campo-de-golf-marina-mazatlan-sinaloa-30819170
Sinaloa,27,2026-04-06 03:12,"$2,000,000 MXN","Venta casa en Culiacán #sn, Col. Antonio Rosales, Culiacán, Sinaloa, México, C.P. 80230, ID: 30018485",3 Recámaras | 1 Baño | 251 m 2,https://propiedades.comhttps://propiedades.com/inmuebles/casa-en-venta-culiacan-sn-antonio-rosales-sinaloa-30018485
Sinaloa,27,2026-04-06 03:12,"$14,000,000 MXN","Se vende casa en Don Julio Berdegué Aznar, Col. El Cid, Mazatlán, Sinaloa, México, C.P. 82110, ID: 30696053",4 Recámaras | 4 Baños | 593 m 2,https://propiedades.comhttps://propiedades.com/inmuebles/casa-en-venta-don-julio-berdegue-aznar-el-cid-sinaloa-30696053
Sinaloa,27,2026-04-06 03:12,"$3,350,000 MXN","Venta de casa Calle Gran Via Fracc. Via San Jose Privada. Modelo Milán. #4600, Col. Imala, Culiacán, Sinaloa, México, C.P. 80384, ID: 30956896",4 Recámaras | 3 Baños | 180 m 2,https://propiedades.comhttps://propiedades.com/inmuebles/casa-en-venta-calle-gran-via-fracc-via-san-jose-privada-modelo-milan-4600-imala-sinaloa-30956896
Sinaloa,27,2026-04-06 03:12,"$11,995,000 MXN","Se vende casa en , Col. Club Real, Mazatlán, Sinaloa, México, C.P. 82113, ID: 30965041",4 Recámaras | 5 Baños | 312 m 2,https://propiedades.comhttps://propiedades.com/inmuebles/casa-en-venta-club-real-sinaloa-30965041
Sinaloa,27,2026-04-06 03:12,"$3,850,000 MXN","Se vende casa en , Col. Marina Mazatlán, Mazatlán, Sinaloa, México, C.P. 82103, ID: 27200872",3 Recámaras | 2 Baños | 132 m 2,https://propiedades.comhttps://propiedades.com/inmuebles/casa-en-venta-marina-mazatlan-sinaloa-27200872
Sinaloa,27,2026-04-06 03:12,"$3,650,000 MXN","Se vende casa , Col. Hacienda del Seminario, Mazatlán, Sinaloa, México, C.P. 82129, ID: 30931406",3 Recámaras | 2 Baños | 110 m 2,https://propiedades.comhttps://propiedades.com/inmuebles/casa-en-venta-hacienda-del-seminario-sinaloa-30931406
Sinaloa,27,2026-04-06 03:12,"$3,150,000 MXN",", Col. El Venadillo, Mazatlán, Sinaloa, México, C.P. 82129, ID: 29939896",3 Recámaras | 2 Baños | 136 m 2,https://propiedades.comhttps://propiedades.com/inmuebles/casa-en-venta-el-venadillo-sinaloa-29939896
Sinaloa,27,2026-04-06 03:12,"$4,300,000 MXN","Venta casa en Cautela de Villa, Col. Francisco Villa, Mazatlán, Sinaloa, México, C.P. 82127, ID: 30680918",2 Recámaras | 2 Baños | 152 m 2,https://propiedades.comhttps://propiedades.com/inmuebles/casa-en-venta-cautela-de-villa-francisco-villa-sinaloa-30680918
Sinaloa,27,2026-04-06 03:12,"$1,985,000 MXN","Casa en venta, Stanza Torralba, Col. Centro Sinaloa, Culiacán, Sinaloa, México, C.P. 80000, ID: 29733084",2 Recámaras | 1 Baño | 75 m 2,https://propiedades.comhttps://propiedades.com/inmuebles/casa-en-venta-stanza-torralba-centro-sinaloa-sinaloa-29733084
Sinaloa,27,2026-04-06 03:12,"$16,150,000 MXN","Se vende casa en Venustiano Carranza, Col. Centro, Mazatlán, Sinaloa, México, C.P. 82000, ID: 30509579",7 Recámaras | 7 Baños | 439 m 2,https://propiedades.comhttps://propiedades.com/inmuebles/casa-en-venta-venustiano-carranza-centro-sinaloa-30509579
Sinaloa,27,2026-04-06 03:12,"$1,480,000 MXN","Casa en venta disponible en METEORO #SN, Col. Rinconada Del Valle, Mazatlán, Sinaloa, México, C.P. 82198, ID: 30494007",2 Recámaras | 1 Baño | 57 m 2,https://propiedades.comhttps://propiedades.com/inmuebles/casa-en-venta-meteoro-sn-rinconada-del-valle-sinaloa-30494007
Sinaloa,27,2026-04-06 03:12,"$4,970,000 MXN","Privada Benevento , Col. Conquista del Rey, Culiacán, Sinaloa, México, C.P. 80058, ID: 30853770",3 Recámaras | 3 Baños | 200 m 2,https://propiedades.comhttps://propiedades.com/inmuebles/casa-en-venta-privada-benevento-conquista-del-rey-sinaloa-30853770
Sinaloa,27,2026-04-06 03:12,"$6,800,000 MXN","Col. Marina Mazatlán, Mazatlán, Sinaloa, México, C.P. 82103, ID: 31000212",4 Recámaras | 3 Baños | 277 m 2,https://propiedades.comhttps://propiedades.com/inmuebles/casa-en-venta-marina-mazatlan-sinaloa-31000212
Sinaloa,27,2026-04-06 03:12,"$12,750,000 MXN","Casa en venta disponible en Arrecifes, Col. Cerritos al Mar, Mazatlán, Sinaloa, México, C.P. 82112, ID: 30653901",6 Recámaras | 5 Baños | 580 m 2,https://propiedades.comhttps://propiedades.com/inmuebles/casa-en-venta-arrecifes-cerritos-al-mar-sinaloa-30653901
Sinaloa,28,2026-04-06 03:12,"$3,400,000 MXN","Casa disponible en venta en Genimedes, Col. Santa Elena, Culiacán, Sinaloa, México, C.P. 80028, ID: 29028645",3 Recámaras | 2 Baños | 118 m 2,https://propiedades.comhttps://propiedades.com/inmuebles/casa-en-venta-genimedes-santa-elena-sinaloa-29028645
Sinaloa,28,2026-04-06 03:12,"$1,900,000 MXN","Villa fontana , Col. Santa Fe, Culiacán, Sinaloa, México, C.P. 80029, ID: 30990396",4 Recámaras | 3 Baños | 113 m 2,https://propiedades.comhttps://propiedades.com/inmuebles/casa-en-venta-villa-fontana-santa-fe-sinaloa-30990396
Sinaloa,28,2026-04-06 03:12,"$1,395,000 MXN","Casa disponible en venta en Boulevard General Gabriel Leyva Solano #725, Col. Jorge Almada, Culiacán, Sinaloa, México, C.P. 80200, ID: 30602272",2 Baños | 117 m 2,https://propiedades.comhttps://propiedades.com/inmuebles/casa-en-venta-boulevard-general-gabriel-leyva-solano-725-jorge-almada-sinaloa-30602272
Sinaloa,28,2026-04-06 03:12,"$2,835,000 MXN","Cuauhtemoc #144, Col. Las Vegas, Culiacán, Sinaloa, México, C.P. 80090, ID: 30007189",3 Recámaras | 2 Baños | 180 m 2,https://propiedades.comhttps://propiedades.com/inmuebles/casa-en-venta-cuauhtemoc-144-las-vegas-sinaloa-30007189
Sinaloa,28,2026-04-06 03:12,"$4,474,000 MXN","Venta de casa en Sonterra II Colonia Real del Valle, Col. Real del Valle, Mazatlán, Sinaloa, México, C.P. 82124, ID: 27658606",3 Recámaras | 3 Baños | 165 m 2,https://propiedades.comhttps://propiedades.com/inmuebles/casa-en-venta-sonterra-ii-colonia-real-del-valle-real-del-valle-sinaloa-27658606
Sinaloa,28,2026-04-06 03:12,"$25,000,000 MXN","Casa en venta disponible en San Eugenio, Col. Campo Patricia, Culiacán, Sinaloa, México, C.P. 80300, ID: 30901878",4 Recámaras | 4 Baños | 535 m 2,https://propiedades.comhttps://propiedades.com/inmuebles/casa-en-venta-san-eugenio-campo-patricia-sinaloa-30901878
Sinaloa,28,2026-04-06 03:12,"$4,500,000 MXN","Casa en venta, Ángel flores, Col. Centro, Guasave, Sinaloa, México, C.P. 81000, ID: 28456066",5 Recámaras | 3 Baños | 558 m 2,https://propiedades.comhttps://propiedades.com/inmuebles/casa-en-venta-angel-flores-centro-sinaloa-28456066
Sinaloa,28,2026-04-06 03:12,"$1,990,000 MXN","LA NONA, Col. La Conquista, Culiacán, Sinaloa, México, C.P. 80058, ID: 30319981",3 Recámaras | 2 Baños | 1 m 2,https://propiedades.comhttps://propiedades.com/inmuebles/casa-en-venta-la-nona-la-conquista-sinaloa-30319981
Sinaloa,28,2026-04-06 03:12,"$785,000 USD","Venta de casa en Mariano Escobedo, Col. Centro, Mazatlán, Sinaloa, México, C.P. 82000, ID: 30413307",7 Recámaras | 5 Baños | 575 m 2,https://propiedades.comhttps://propiedades.com/inmuebles/casa-en-venta-mariano-escobedo-centro-sinaloa-30413307
Sinaloa,28,2026-04-06 03:12,"$3,750,000 MXN","Venta de casa en Av. Insurgentes #1012, Col. Lomas del Valle, Mazatlán, Sinaloa, México, C.P. 82140, ID: 29893443",4 Recámaras | 3 Baños,https://propiedades.comhttps://propiedades.com/inmuebles/casa-en-venta-av-insurgentes-1012-lomas-del-valle-sinaloa-29893443
Sinaloa,28,2026-04-06 03:12,"$13,500,000 MXN","Casa disponible en venta en Fernando Montes de Oca #xxx, Col. Chapultepec, Culiacán, Sinaloa, México, C.P. 80040, ID: 29734219",4 Recámaras | 4 Baños | 608 m 2,https://propiedades.comhttps://propiedades.com/inmuebles/casa-en-venta-fernando-montes-de-oca-xxx-chapultepec-sinaloa-29734219
Sinaloa,28,2026-04-06 03:12,"$4,800,000 MXN","Pulpo, Col. Sábalo Country Club, Mazatlán, Sinaloa, México, C.P. 82100, ID: 30993246",2 Recámaras | 182 m 2,https://propiedades.comhttps://propiedades.com/inmuebles/casa-en-venta-pulpo-sabalo-country-club-sinaloa-30993246
Sinaloa,28,2026-04-06 03:12,"$4,000,000 MXN","Venta de casa en sexta #150, Col. Marsella, Mazatlán, Sinaloa, México, C.P. 82124, ID: 30758426",2 Recámaras | 4 Baños | 152 m 2,https://propiedades.comhttps://propiedades.com/inmuebles/casa-en-venta-sexta-150-marsella-sinaloa-30758426
Sinaloa,28,2026-04-06 03:12,"$658,000 MXN","Se vende casa Orquideas, Jardines de Zacatecas, Progresivo San Rafael, 81249 Los Mochis, Sin., Col. Villas del Sol, Ahome, Sinaloa, México, C.P. 81249, ID: 30366878",2 Recámaras | 1 Baño | 210 m 2,https://propiedades.comhttps://propiedades.com/inmuebles/casa-en-venta-orquideas-jardines-de-zacatecas-progresivo-san-rafael-81249-los-mochis-sin-villas-del-sol-sinaloa-30366878
Sinaloa,28,2026-04-06 03:12,"$4,950,000 MXN","Casa disponible en venta en Ostra #34-A, Col. Zona Dorada, Mazatlán, Sinaloa, México, C.P. 82110, ID: 30493440",3 Recámaras | 3 Baños | 166 m 2,https://propiedades.comhttps://propiedades.com/inmuebles/casa-en-venta-ostra-34a-zona-dorada-sinaloa-30493440
Sinaloa,28,2026-04-06 03:12,"$6,100,000 MXN","Se vende casa Calle San José #377, Col. Barrio San José, Culiacán, Sinaloa, México, C.P. 80199, ID: 30154739",2 Recámaras | 2 Baños | 150 m 2,https://propiedades.comhttps://propiedades.com/inmuebles/casa-en-venta-calle-san-jose-377-barrio-san-jose-sinaloa-30154739
Sinaloa,28,2026-04-06 03:12,"$2,190,000 MXN","Se vende casa en AV. Chinameca #1439, Col. Emiliano Zapata, Culiacán, Sinaloa, México, C.P. 80260, ID: 30887154",2 Recámaras | 2 Baños | 63 m 2,https://propiedades.comhttps://propiedades.com/inmuebles/casa-en-venta-av-chinameca-1439-emiliano-zapata-sinaloa-30887154
Sinaloa,28,2026-04-06 03:12,"$13,480,000 MXN","Venta casa en Av. Emilia Obeso #1381, Col. Chapultepec Del Rio, Culiacán, Sinaloa, México, C.P. 80040, ID: 30862798",4 Recámaras | 4 Baños | 543 m 2,https://propiedades.comhttps://propiedades.com/inmuebles/casa-en-venta-av-emilia-obeso-1381-chapultepec-del-rio-sinaloa-30862798
Sinaloa,28,2026-04-06 03:12,"$9,400,000 MXN","Venta de casa en circuito verde #5033, Col. Isla de La Piedra, Mazatlán, Sinaloa, México, C.P. 82043, ID: 29516048",3 Recámaras | 3 Baños | 229 m 2,https://propiedades.comhttps://propiedades.com/inmuebles/casa-en-venta-circuito-verde-5033-isla-de-la-piedra-sinaloa-29516048
Sinaloa,28,2026-04-06 03:12,"$2,195,000 MXN","Casa en venta disponible en Casa en venta en Col Morelos en Mazatlán , Col. Morelos, Mazatlán, Sinaloa, México, C.P. 82170, ID: 31008933",3 Recámaras | 2 Baños | 104 m 2,https://propiedades.comhttps://propiedades.com/inmuebles/casa-en-venta-casa-en-venta-en-col-morelos-en-mazatlan-morelos-sinaloa-31008933
Sinaloa,28,2026-04-06 03:12,"$10,800,000 MXN","Venta casa en AV SABALO CERRITOS, Col. Altabrisa Residencial, Mazatlán, Sinaloa, México, C.P. 82112, ID: 30781714",4 Recámaras | 4 Baños | 344 m 2,https://propiedades.comhttps://propiedades.com/inmuebles/casa-en-venta-av-sabalo-cerritos-altabrisa-residencial-sinaloa-30781714
Sinaloa,28,2026-04-06 03:12,"$2,250,000 MXN","Se vende casa , Col. INFONAVIT Playas, Mazatlán, Sinaloa, México, C.P. 82128, ID: 30337367",4 Recámaras | 3 Baños | 114 m 2,https://propiedades.comhttps://propiedades.com/inmuebles/casa-en-venta-infonavit-playas-sinaloa-30337367
Sinaloa,28,2026-04-06 03:12,"$9,600,000 MXN","Casa en venta, Barrio san Agustín, Col. La Primavera, Culiacán, Sinaloa, México, C.P. 80434, ID: 30295375",3 Recámaras | 3 Baños | 300 m 2,https://propiedades.comhttps://propiedades.com/inmuebles/casa-en-venta-barrio-san-agustin-la-primavera-sinaloa-30295375
Sinaloa,28,2026-04-06 03:12,"$8,000,000 MXN","Venta de casa Agricultores #266, Col. Parque Alameda, Culiacán, Sinaloa, México, C.P. 80030, ID: 28966365",3 Recámaras | 3 Baños | 215 m 2,https://propiedades.comhttps://propiedades.com/inmuebles/casa-en-venta-agricultores-266-parque-alameda-sinaloa-28966365
Sinaloa,28,2026-04-06 03:12,"$3,000,000 MXN","Se vende casa en Av. Chulavista #7207, Col. Chulavista, Mazatlán, Sinaloa, México, C.P. 82124, ID: 31029610",4 Recámaras | 3 Baños | 212 m 2,https://propiedades.comhttps://propiedades.com/inmuebles/casa-en-venta-av-chulavista-7207-chulavista-sinaloa-31029610
Sinaloa,28,2026-04-06 03:12,"$11,500,000 MXN","Casa en venta, Sábalo Country, Mazatlán, Sin. #s/n, Col. Sábalo Country Club, Mazatlán, Sinaloa, México, C.P. 82100, ID: 30880135",4 Recámaras | 3 Baños | 432 m 2,https://propiedades.comhttps://propiedades.com/inmuebles/casa-en-venta-sabalo-country-mazatlan-sin-sn-sabalo-country-club-sinaloa-30880135
Sinaloa,28,2026-04-06 03:12,"$2,950,000 MXN","Venta de casa coto 11, Col. Real del Valle, Mazatlán, Sinaloa, México, C.P. 82124, ID: 30898419",3 Recámaras | 2 Baños | 99 m 2,https://propiedades.comhttps://propiedades.com/inmuebles/casa-en-venta-coto-11-real-del-valle-sinaloa-30898419
Sinaloa,28,2026-04-06 03:12,"$1,300,000 MXN","Corona #1714, Col. Centro, Mazatlán, Sinaloa, México, C.P. 82000, ID: 31031927",4 Recámaras | 2 Baños | 138 m 2,https://propiedades.comhttps://propiedades.com/inmuebles/casa-en-venta-corona-1714-centro-sinaloa-31031927
Sinaloa,28,2026-04-06 03:12,"$5,500,000 MXN","Se vende casa Palmilla Grand Residencial, Av. Sábalo Cerritos S/N, 82112 Mazatlán, Sin. #3206, Col. Palmilla, Mazatlán, Sinaloa, México, C.P. 82112, ID: 30980612",3 Recámaras | 4 Baños | 164 m 2,https://propiedades.comhttps://propiedades.com/inmuebles/casa-en-venta-palmilla-grand-residencial-av-sabalo-cerritos-sn-82112-mazatlan-sin-3206-palmilla-sinaloa-30980612
Sinaloa,28,2026-04-06 03:12,"$5,240,000 USD","Casa disponible en venta en , Col. Duranguito de Dimas, San Ignacio, Sinaloa, México, C.P. 82966, ID: 8085453",15360000 m 2,https://propiedades.comhttps://propiedades.com/inmuebles/casa-en-venta-duranguito-de-dimas-sinaloa-8085453
Sinaloa,28,2026-04-06 03:12,"$6,500,000 MXN","Venta casa en calamar, Col. Sábalo Country Club, Mazatlán, Sinaloa, México, C.P. 82100, ID: 30965014",6 Recámaras | 173 m 2,https://propiedades.comhttps://propiedades.com/inmuebles/casa-en-venta-calamar-sabalo-country-club-sinaloa-30965014
Sinaloa,28,2026-04-06 03:12,"$1,180,000 MXN","Casa en venta, Av. Chicozapote #7090, Col. Mont Alto, Culiacán, Sinaloa, México, C.P. 80019, ID: 30976472",2 Recámaras | 1 Baño | 53 m 2,https://propiedades.comhttps://propiedades.com/inmuebles/casa-en-venta-av-chicozapote-7090-mont-alto-sinaloa-30976472
Sinaloa,28,2026-04-06 03:12,"$4,300,000 MXN","Genova fraccionamiento coto atlántico #4913, Col. Real del Valle, Mazatlán, Sinaloa, México, C.P. 82124, ID: 31012411",4 Recámaras | 3 Baños | 119 m 2,https://propiedades.comhttps://propiedades.com/inmuebles/casa-en-venta-genova-fraccionamiento-coto-atlantico-4913-real-del-valle-sinaloa-31012411
Sinaloa,28,2026-04-06 03:12,"$22,300,000 MXN","Venta de casa en Don Alfonso #628, Col. El Cid, Mazatlán, Sinaloa, México, C.P. 82110, ID: 30853203",6 Recámaras | 7 Baños | 700 m 2,https://propiedades.comhttps://propiedades.com/inmuebles/casa-en-venta-don-alfonso-628-el-cid-sinaloa-30853203
Sinaloa,28,2026-04-06 03:12,"$21,000,000 MXN","Casa en venta disponible en P GOLONDRINAS, Col. Marina Mazatlán, Mazatlán, Sinaloa, México, C.P. 82103, ID: 30632943",4 Recámaras | 4 Baños | 520 m 2,https://propiedades.comhttps://propiedades.com/inmuebles/casa-en-venta-p-golondrinas-marina-mazatlan-sinaloa-30632943
Sinaloa,28,2026-04-06 03:12,"$5,800,000 MXN","Quintas 1 #10, Col. Quintas del Mar, Mazatlán, Sinaloa, México, C.P. 82112, ID: 27911104",3 Recámaras | 3 Baños | 213 m 2,https://propiedades.comhttps://propiedades.com/inmuebles/casa-en-venta-quintas-1-10-quintas-del-mar-sinaloa-27911104
Sinaloa,28,2026-04-06 03:12,"$15,000,000 MXN","Casa en venta disponible en Primera #69, Col. Club Real, Mazatlán, Sinaloa, México, C.P. 82113, ID: 29123184",5 Recámaras | 7 Baños | 453 m 2,https://propiedades.comhttps://propiedades.com/inmuebles/casa-en-venta-primera-69-club-real-sinaloa-29123184
Sinaloa,28,2026-04-06 03:12,"$1,700,000 MXN","Casa disponible en venta en Costa Sarda #462, Col. Córcega, Culiacán, Sinaloa, México, C.P. 80294, ID: 29211636",2 Recámaras | 2 Baños | 67 m 2,https://propiedades.comhttps://propiedades.com/inmuebles/casa-en-venta-costa-sarda-462-corcega-sinaloa-29211636
Sinaloa,28,2026-04-06 03:12,"$595,000 USD","Venta de casa Pedregozo, Col. Centro, Mazatlán, Sinaloa, México, C.P. 82000, ID: 30326499",3 Recámaras | 3 Baños | 154 m 2,https://propiedades.comhttps://propiedades.com/inmuebles/casa-en-venta-pedregozo-centro-sinaloa-30326499
Sinaloa,28,2026-04-06 03:12,"$23,000,000 MXN","Venta casa en PRIVADA LOMAS DEL BOSQUE, Col. Lomas del Bosque, Culiacán, Sinaloa, México, C.P. 80179, ID: 28437470",4 Recámaras | 6 Baños | 628 m 2,https://propiedades.comhttps://propiedades.com/inmuebles/casa-en-venta-privada-lomas-del-bosque-lomas-del-bosque-sinaloa-28437470
Sinaloa,28,2026-04-06 03:12,"$5,170,000 MXN","Casa disponible en venta en Calle Constituyente Cándido Aguilar #2380, Col. Aquiles Serdán, Culiacán, Sinaloa, México, C.P. 80190, ID: 30563039",8 Recámaras | 4 Baños | 766 m 2,https://propiedades.comhttps://propiedades.com/inmuebles/casa-en-venta-calle-constituyente-candido-aguilar-2380-aquiles-serdan-sinaloa-30563039
Sinaloa,28,2026-04-06 03:12,"$8,900,000 MXN","Se vende casa en Col. Marina Mazatlán, Mazatlán, Sinaloa, México, C.P. 82103, ID: 31004762",4 Recámaras | 3 Baños | 272 m 2,https://propiedades.comhttps://propiedades.com/inmuebles/casa-en-venta-marina-mazatlan-sinaloa-31004762
Sinaloa,28,2026-04-06 03:12,"$14,460,000 MXN","Casa en venta disponible en Reino #56, Col. El Cid, Mazatlán, Sinaloa, México, C.P. 82110, ID: 29123160",4 Recámaras | 5 Baños | 448 m 2,https://propiedades.comhttps://propiedades.com/inmuebles/casa-en-venta-reino-56-el-cid-sinaloa-29123160
Sinaloa,28,2026-04-06 03:12,"$1,449,999 MXN","Venta casa en De La Colina #7427, Col. Los Huertos, Culiacán, Sinaloa, México, C.P. 80019, ID: 28292068",2 Recámaras | 1 Baño | 46 m 2,https://propiedades.comhttps://propiedades.com/inmuebles/casa-en-venta-de-la-colina-7427-los-huertos-sinaloa-28292068
Sinaloa,28,2026-04-06 03:12,"$4,300,000 MXN","Se vende casa , Col. Industrial El Palmito, Culiacán, Sinaloa, México, C.P. 80160, ID: 29114889",3 Recámaras | 4 Baños | 338 m 2,https://propiedades.comhttps://propiedades.com/inmuebles/casa-en-venta-industrial-el-palmito-sinaloa-29114889
Sinaloa,28,2026-04-06 03:12,"$7,000,000 MXN","Casa en venta, , Col. Quintas del Mar, Mazatlán, Sinaloa, México, C.P. 82112, ID: 30514541",3 Recámaras | 2 Baños | 194 m 2,https://propiedades.comhttps://propiedades.com/inmuebles/casa-en-venta-quintas-del-mar-sinaloa-30514541
Sinaloa,29,2026-04-06 03:12,"$8,000,000 MXN","Se vende casa en Ignacio allende #1357, Col. Las Fuentes, Ahome, Sinaloa, México, C.P. 81223, ID: 30334579",5 Recámaras | 6 Baños | 500 m 2,https://propiedades.comhttps://propiedades.com/inmuebles/casa-en-venta-ignacio-allende-1357-las-fuentes-sinaloa-30334579
Sinaloa,29,2026-04-06 03:12,"$4,850,000 MXN","Casa en venta disponible en Col. Sábalo Country Club, Mazatlán, Sinaloa, México, C.P. 82100, ID: 30995832",3 Recámaras | 3 Baños | 122 m 2,https://propiedades.comhttps://propiedades.com/inmuebles/casa-en-venta-sabalo-country-club-sinaloa-30995832
Sinaloa,29,2026-04-06 03:12,"$3,690,000 MXN","Casa en venta disponible en Av Oscar Perez Escobosa, Col. San Rafael, Mazatlán, Sinaloa, México, C.P. 82187, ID: 30629231",3 Recámaras | 2 Baños | 124 m 2,https://propiedades.comhttps://propiedades.com/inmuebles/casa-en-venta-av-oscar-perez-escobosa-san-rafael-sinaloa-30629231
Sinaloa,29,2026-04-06 03:12,"$1,150,000 MXN","Rio Papagayo #18326, Col. Pradera Dorada, Mazatlán, Sinaloa, México, C.P. 82139, ID: 30764563",2 Recámaras | 1 Baño | 38 m 2,https://propiedades.comhttps://propiedades.com/inmuebles/casa-en-venta-rio-papagayo-18326-pradera-dorada-sinaloa-30764563
Sinaloa,29,2026-04-06 03:12,"$4,000,000 MXN","Casa disponible en venta en la joya, Col. La Joya, Mazatlán, Sinaloa, México, C.P. 82124, ID: 30907038",4 Recámaras | 2 Baños | 220 m 2,https://propiedades.comhttps://propiedades.com/inmuebles/casa-en-venta-la-joya-la-joya-sinaloa-30907038
Sinaloa,29,2026-04-06 03:12,"$5,500,000 MXN","Venta casa en Cerro de la cruz, Col. Cerro del Vigía, Mazatlán, Sinaloa, México, C.P. 82040, ID: 30392990",4 Recámaras | 4 Baños | 178 m 2,https://propiedades.comhttps://propiedades.com/inmuebles/casa-en-venta-cerro-de-la-cruz-cerro-del-vigia-sinaloa-30392990
Sinaloa,29,2026-04-06 03:12,"$600,000 MXN","Se vende casa Citlaltepec, Rincón del Humaya, 80058 Culiacán Rosales, Sin. #s/n, Col. Universidad 94, Culiacán, Sinaloa, México, C.P. 80058, ID: 30324874",3 Recámaras | 1 Baño | 182 m 2,https://propiedades.comhttps://propiedades.com/inmuebles/casa-en-venta-citlaltepec-rincon-del-humaya-80058-culiacan-rosales-sin-sn-universidad-94-sinaloa-30324874
Sinaloa,29,2026-04-06 03:12,"$4,900,000 MXN","Venta casa en Quimera, Col. Almarena Residencial, Mazatlán, Sinaloa, México, C.P. 82112, ID: 30624998",3 Recámaras | 2 Baños | 157 m 2,https://propiedades.comhttps://propiedades.com/inmuebles/casa-en-venta-quimera-almarena-residencial-sinaloa-30624998
Sinaloa,29,2026-04-06 03:12,"$6,950,000 MXN","Blvd. Altabrisa, Cerritos, 82112 Mazatlán, Sin., Col. El Palmar, Mazatlán, Sinaloa, México, C.P. 82112, ID: 30958169",4 Recámaras | 3 Baños | 272 m 2,https://propiedades.comhttps://propiedades.com/inmuebles/casa-en-venta-blvd-altabrisa-cerritos-82112-mazatlan-sin-el-palmar-sinaloa-30958169
Sinaloa,29,2026-04-06 03:12,"$5,850,000 MXN","Venta de casa CIRCUITO MEDITERRANEO #1869, Col. Cerritos Resort, Mazatlán, Sinaloa, México, C.P. 82112, ID: 29444648",3 Recámaras | 4 Baños | 245 m 2,https://propiedades.comhttps://propiedades.com/inmuebles/casa-en-venta-circuito-mediterraneo-1869-cerritos-resort-sinaloa-29444648
Sinaloa,29,2026-04-06 03:12,"$2,450,000 MXN","Casa disponible en venta en ISLA CORTES, Col. Altata, Navolato, Sinaloa, México, C.P. 80363, ID: 29312581",2 Baños | 80 m 2,https://propiedades.comhttps://propiedades.com/inmuebles/casa-en-venta-isla-cortes-altata-sinaloa-29312581
Sinaloa,29,2026-04-06 03:12,"$1,999,000 MXN","Casa disponible en venta en Sin nombre de calle, Col. Las Palmas, Culiacán, Sinaloa, México, C.P. 80159, ID: 29139660",3 Recámaras | 2 Baños | 85 m 2,https://propiedades.comhttps://propiedades.com/inmuebles/casa-en-venta-sin-nombre-de-calle-las-palmas-sinaloa-29139660
Sinaloa,29,2026-04-06 03:12,"$1,600,000 MXN","Se vende casa Calle de los Claveles #6031, Col. Colinas del Bosque, Culiacán, Sinaloa, México, C.P. 80197, ID: 30880404",2 Recámaras | 2 Baños | 70 m 2,https://propiedades.comhttps://propiedades.com/inmuebles/casa-en-venta-calle-de-los-claveles-6031-colinas-del-bosque-sinaloa-30880404
Sinaloa,29,2026-04-06 03:12,"$1,276,000 USD","Casa en venta disponible en Mariano Escobedo, Col. Centro, Mazatlán, Sinaloa, México, C.P. 82000, ID: 30387926",34 Recámaras | 1148 m 2,https://propiedades.comhttps://propiedades.com/inmuebles/casa-en-venta-mariano-escobedo-centro-sinaloa-30387926
Sinaloa,29,2026-04-06 03:12,"$3,250,000 MXN","Venta casa en Boulevard Riberas del Tamazula #24, Col. Riberas de Tamazula, Culiacán, Sinaloa, México, C.P. 80040, ID: 30830371",3 Recámaras | 2 Baños | 130 m 2,https://propiedades.comhttps://propiedades.com/inmuebles/casa-en-venta-boulevard-riberas-del-tamazula-24-riberas-de-tamazula-sinaloa-30830371
Sinaloa,29,2026-04-06 03:12,"$5,200,000 MXN",", Col. Marina Mazatlán, Mazatlán, Sinaloa, México, C.P. 82103, ID: 30888632",3 Recámaras | 2 Baños | 129 m 2,https://propiedades.comhttps://propiedades.com/inmuebles/casa-en-venta-marina-mazatlan-sinaloa-30888632
Sinaloa,29,2026-04-06 03:12,"$855,000 USD","Venta de casa en Angel Flores, Col. Centro, Mazatlán, Sinaloa, México, C.P. 82000, ID: 30387945",3 Recámaras | 3 Baños | 423 m 2,https://propiedades.comhttps://propiedades.com/inmuebles/casa-en-venta-angel-flores-centro-sinaloa-30387945
Sinaloa,29,2026-04-06 03:12,"$1,050,000 MXN","SAN MATEO #SN, Col. Pradera Dorada II, Mazatlán, Sinaloa, México, C.P. 82139, ID: 28180614",2 Recámaras | 1 Baño | 39 m 2,https://propiedades.comhttps://propiedades.com/inmuebles/casa-en-venta-san-mateo-sn-pradera-dorada-ii-sinaloa-28180614
Sinaloa,29,2026-04-06 03:12,"$4,600,000 MXN","Venta de casa Sin nombre de calle, Col. Real del Valle, Mazatlán, Sinaloa, México, C.P. 82124, ID: 30752860",4 Recámaras | 3 Baños | 201 m 2,https://propiedades.comhttps://propiedades.com/inmuebles/casa-en-venta-sin-nombre-de-calle-real-del-valle-sinaloa-30752860
Sinaloa,29,2026-04-06 03:12,"$15,000,000 MXN","Venta casa en Col. Marina Mazatlán, Mazatlán, Sinaloa, México, C.P. 82103, ID: 30969283",3 Recámaras | 3 Baños | 368 m 2,https://propiedades.comhttps://propiedades.com/inmuebles/casa-en-venta-marina-mazatlan-sinaloa-30969283
Sinaloa,29,2026-04-06 03:12,"$3,000,000 MXN","Venta de casa Calle Gran Via Fracc. Via San Jose Privada. Modelo Niza #4600, Col. Imala, Culiacán, Sinaloa, México, C.P. 80384, ID: 30956897",3 Recámaras | 2 Baños | 127 m 2,https://propiedades.comhttps://propiedades.com/inmuebles/casa-en-venta-calle-gran-via-fracc-via-san-jose-privada-modelo-niza-4600-imala-sinaloa-30956897
Sinaloa,29,2026-04-06 03:12,"$1,290,000 MXN","Casa en venta disponible en ARTICULO 83 #SN, Col. INFONAVIT Barrancos, Culiacán, Sinaloa, México, C.P. 80189, ID: 30498720",2 Recámaras | 1 Baño | 68 m 2,https://propiedades.comhttps://propiedades.com/inmuebles/casa-en-venta-articulo-83-sn-infonavit-barrancos-sinaloa-30498720
Sinaloa,29,2026-04-06 03:12,"$1,850,000 MXN","Venta casa en las tinajas #17002, Col. Valle Del Ejido, Mazatlán, Sinaloa, México, C.P. 82134, ID: 28318850",3 Recámaras | 2 Baños | 85 m 2,https://propiedades.comhttps://propiedades.com/inmuebles/casa-en-venta-las-tinajas-17002-valle-del-ejido-sinaloa-28318850
Sinaloa,29,2026-04-06 03:12,"$2,600,000 MXN","Venta de casa en LA MESA DEL FIERRO, Col. Surutato, Badiraguato, Sinaloa, México, C.P. 80600, ID: 29312583",3 Recámaras | 1 Baño | 216 m 2,https://propiedades.comhttps://propiedades.com/inmuebles/casa-en-venta-la-mesa-del-fierro-surutato-sinaloa-29312583
Sinaloa,29,2026-04-06 03:12,"$5,100,000 MXN","Se vende casa en , Col. Sábalo Country Club, Mazatlán, Sinaloa, México, C.P. 82100, ID: 26901153",3 Recámaras | 2 Baños | 162 m 2,https://propiedades.comhttps://propiedades.com/inmuebles/casa-en-venta-sabalo-country-club-sinaloa-26901153
Sinaloa,29,2026-04-06 03:12,"$9,900,000 MXN","Casa disponible en venta en Aquiles Serdan #2706, Col. Villas Playa Sur, Mazatlán, Sinaloa, México, C.P. 82040, ID: 27792417",5 Recámaras | 5 Baños | 489 m 2,https://propiedades.comhttps://propiedades.com/inmuebles/casa-en-venta-aquiles-serdan-2706-villas-playa-sur-sinaloa-27792417
Sinaloa,29,2026-04-06 03:12,"$16,000,000 MXN","Casa en venta, San Luis, Col. Campo La Baqueta, Culiacán, Sinaloa, México, C.P. 80300, ID: 28407642",4 Recámaras | 4 Baños | 420 m 2,https://propiedades.comhttps://propiedades.com/inmuebles/casa-en-venta-san-luis-campo-la-baqueta-sinaloa-28407642
Sinaloa,29,2026-04-06 03:12,"$2,000,000 MXN","Fuerte San Fernando #2646, Col. Portabelo, Culiacán, Sinaloa, México, C.P. 80014, ID: 30261580",1 Baño | 83 m 2,https://propiedades.comhttps://propiedades.com/inmuebles/casa-en-venta-fuerte-san-fernando-2646-portabelo-sinaloa-30261580
Sinaloa,29,2026-04-06 03:12,"$6,900,000 MXN","Venta de casa en De Los Insurgentes #386, Col. Los Pinos, Culiacán, Sinaloa, México, C.P. 80128, ID: 28743922",1 Baño | 762 m 2,https://propiedades.comhttps://propiedades.com/inmuebles/casa-en-venta-de-los-insurgentes-386-los-pinos-sinaloa-28743922
Sinaloa,29,2026-04-06 03:12,"$7,900,000 MXN","Casa en venta, , Col. Altabrisa Residencial, Mazatlán, Sinaloa, México, C.P. 82112, ID: 30514546",3 Recámaras | 3 Baños | 242 m 2,https://propiedades.comhttps://propiedades.com/inmuebles/casa-en-venta-altabrisa-residencial-sinaloa-30514546
Sinaloa,29,2026-04-06 03:12,"$2,350,000 MXN","Venta de casa en barcelona, Col. Bonaterra, Culiacán, Sinaloa, México, C.P. 80058, ID: 30648778",3 Recámaras | 2 Baños | 80 m 2,https://propiedades.comhttps://propiedades.com/inmuebles/casa-en-venta-barcelona-bonaterra-sinaloa-30648778
Sinaloa,29,2026-04-06 03:12,"$5,900,000 MXN","Casa disponible en venta en DE LA OSTRA, Col. Sábalo Country Club, Mazatlán, Sinaloa, México, C.P. 82100, ID: 29511609",3 Recámaras | 175 m 2,https://propiedades.comhttps://propiedades.com/inmuebles/casa-en-venta-de-la-ostra-sabalo-country-club-sinaloa-29511609
Sinaloa,29,2026-04-06 03:12,"$2,190,000 MXN","Se vende casa en , Col. Villas Del Sol, Mazatlán, Sinaloa, México, C.P. 82198, ID: 27659616",4 Recámaras | 2 Baños | 208 m 2,https://propiedades.comhttps://propiedades.com/inmuebles/casa-en-venta-villas-del-sol-sinaloa-27659616
Sinaloa,29,2026-04-06 03:12,"$3,500,000 MXN","Se vende casa Cerro del Murcielago #2233, Col. Versalles Residencial, Ahome, Sinaloa, México, C.P. 81254, ID: 30982418",3 Recámaras | 2 Baños | 225 m 2,https://propiedades.comhttps://propiedades.com/inmuebles/casa-en-venta-cerro-del-murcielago--2233-versalles-residencial-sinaloa-30982418
Sinaloa,29,2026-04-06 03:12,"$7,490,000 MXN","Venta de casa en Diamante, Col. Marina Mazatlán, Mazatlán, Sinaloa, México, C.P. 82103, ID: 30632946",3 Recámaras | 2 Baños | 180 m 2,https://propiedades.comhttps://propiedades.com/inmuebles/casa-en-venta-diamante-marina-mazatlan-sinaloa-30632946
Sinaloa,29,2026-04-06 03:12,"$4,275,000 MXN","Venta de casa Dario 790$ #579, Col. Real del Valle, Mazatlán, Sinaloa, México, C.P. 82124, ID: 29123166",3 Recámaras | 3 Baños | 205 m 2,https://propiedades.comhttps://propiedades.com/inmuebles/casa-en-venta-dario-790-579-real-del-valle-sinaloa-29123166
Sinaloa,29,2026-04-06 03:12,"$1,600,000 MXN","Venta de casa Calle Maple #6912, Col. Terranova, Mazatlán, Sinaloa, México, C.P. 82124, ID: 30973221",1 Recámara | 1 Baño | 52 m 2,https://propiedades.comhttps://propiedades.com/inmuebles/casa-en-venta-calle-maple-6912-terranova-sinaloa-30973221
Sinaloa,29,2026-04-06 03:12,"$6,500,000 MXN","Se vende casa los pinos #1863Int. 6, Col. Los Pinos, Culiacán, Sinaloa, México, C.P. 80063, ID: 29341527",4 Recámaras | 4 Baños | 331 m 2,https://propiedades.comhttps://propiedades.com/inmuebles/casa-en-venta-los-pinos-1863-los-pinos-sinaloa-29341527
Sinaloa,29,2026-04-06 03:12,"$2,100,000 MXN","Se vende casa 18 de marzo #2106, Col. Montuosa, Mazatlán, Sinaloa, México, C.P. 82030, ID: 30701255",5 Recámaras | 3 Baños | 174 m 2,https://propiedades.comhttps://propiedades.com/inmuebles/casa-en-venta-18-de-marzo-2106-montuosa-sinaloa-30701255
Sinaloa,29,2026-04-06 03:12,"$2,500,000 MXN","Afrodita #3992, Col. Espacios Barcelona, Culiacán, Sinaloa, México, C.P. 80059, ID: 30352567",4 Recámaras | 2 Baños | 119 m 2,https://propiedades.comhttps://propiedades.com/inmuebles/casa-en-venta-afrodita-3992-espacios-barcelona-sinaloa-30352567
Sinaloa,29,2026-04-06 03:12,"$2,465,000 MXN","Casa disponible en venta en Chula Vista, 80323 Navolato, Sin. #182, Col. Chula Vista, Navolato, Sinaloa, México, C.P. 80323, ID: 30986600",3 Recámaras | 4 Baños | 208 m 2,https://propiedades.comhttps://propiedades.com/inmuebles/casa-en-venta-chula-vista-80323-navolato-sin-182-chula-vista-sinaloa-30986600
Sinaloa,29,2026-04-06 03:12,"$6,450,000 MXN","Casa en venta disponible en Circuito Atlántico #2066, Col. Altabrisa Residencial, Mazatlán, Sinaloa, México, C.P. 82112, ID: 30755801",3 Recámaras | 3 Baños | 230 m 2,https://propiedades.comhttps://propiedades.com/inmuebles/casa-en-venta-circuito-atlantico-2066-altabrisa-residencial-sinaloa-30755801
Sinaloa,29,2026-04-06 03:12,"$1,100,000 MXN","Casa disponible en venta en Valle Plateado #15337, Col. Valle Bonito, Mazatlán, Sinaloa, México, C.P. 82136, ID: 30887113",2 Recámaras | 1 Baño,https://propiedades.comhttps://propiedades.com/inmuebles/casa-en-venta-valle-plateado-15337-valle-bonito-sinaloa-30887113
Sinaloa,29,2026-04-06 03:12,"$4,450,000 MXN","Río Pánuco #574, Col. Lomas de Guadalupe, Culiacán, Sinaloa, México, C.P. 80250, ID: 28574582",3 Recámaras | 2 Baños | 307 m 2,https://propiedades.comhttps://propiedades.com/inmuebles/casa-en-venta-rio-panuco-574-lomas-de-guadalupe-sinaloa-28574582
Sinaloa,29,2026-04-06 03:12,"$1,499,000 MXN","Costa Napoli, Col. Stanza Magnolia, Mazatlán, Sinaloa, México, C.P. 82264, ID: 29963988",2 Recámaras | 1 Baño | 70 m 2,https://propiedades.comhttps://propiedades.com/inmuebles/casa-en-venta-costa-napoli-stanza-magnolia-sinaloa-29963988
Sinaloa,29,2026-04-06 03:12,"$2,090,000 MXN","Venta casa en Av. Libramiento, Col. Jardines de la Riviera, Mazatlán, Sinaloa, México, C.P. 82134, ID: 30632951",3 Recámaras | 2 Baños | 102 m 2,https://propiedades.comhttps://propiedades.com/inmuebles/casa-en-venta-av-libramiento-jardines-de-la-riviera-sinaloa-30632951
Sinaloa,30,2026-04-06 03:13,"$4,000,000 MXN","Se vende casa en Portalegre Gardens, Col. Portalegre, Culiacán, Sinaloa, México, C.P. 80058, ID: 28348638",3 Recámaras | 3 Baños | 160 m 2,https://propiedades.comhttps://propiedades.com/inmuebles/casa-en-venta-portalegre-gardens-portalegre-sinaloa-28348638
Sinaloa,30,2026-04-06 03:13,"$13,500,000 MXN","Col. Marina Mazatlán, Mazatlán, Sinaloa, México, C.P. 82103, ID: 30979341",3 Recámaras | 3 Baños | 270 m 2,https://propiedades.comhttps://propiedades.com/inmuebles/casa-en-venta-marina-mazatlan-sinaloa-30979341
Sinaloa,30,2026-04-06 03:13,"$4,850,000 MXN","Casa en venta disponible en Versalles #7190, Col. Real del Valle, Mazatlán, Sinaloa, México, C.P. 82124, ID: 30747205",4 Recámaras | 3 Baños | 198 m 2,https://propiedades.comhttps://propiedades.com/inmuebles/casa-en-venta-versalles-7190-real-del-valle-sinaloa-30747205
Sinaloa,30,2026-04-06 03:13,"$2,795,000 MXN","Casa en venta, Valle Caucaso, Col. Valle Alto, Culiacán, Sinaloa, México, C.P. 80050, ID: 30158381",3 Recámaras | 2 Baños | 138 m 2,https://propiedades.comhttps://propiedades.com/inmuebles/casa-en-venta-valle-caucaso-valle-alto-sinaloa-30158381
Sinaloa,30,2026-04-06 03:13,"$19,500,000 MXN","Venta de casa en Col. Marina Mazatlán, Mazatlán, Sinaloa, México, C.P. 82103, ID: 30989980",5 Recámaras | 6 Baños | 710 m 2,https://propiedades.comhttps://propiedades.com/inmuebles/casa-en-venta-marina-mazatlan-sinaloa-30989980
Sinaloa,30,2026-04-06 03:13,"$1,980,000 MXN","Real del Valle, 82124 Mazatlán, Sin. #coto 3, Col. Real del Valle, Mazatlán, Sinaloa, México, C.P. 82124, ID: 30904977",1 Recámara | 1 Baño | 43 m 2,https://propiedades.comhttps://propiedades.com/inmuebles/casa-en-venta-real-del-valle-82124-mazatlan-sin-coto-3-real-del-valle-sinaloa-30904977
Sinaloa,30,2026-04-06 03:13,"$3,800,000 MXN","Del Camino #1160, Col. Residencial Hacienda, Culiacán, Sinaloa, México, C.P. 80015, ID: 29048404",4 Recámaras | 4 Baños | 150 m 2,https://propiedades.comhttps://propiedades.com/inmuebles/casa-en-venta-del-camino-1160-residencial-hacienda-sinaloa-29048404
Sinaloa,30,2026-04-06 03:13,"$3,709,000 MXN","SONTERRA 2 Avenida Paseo del Pacifico km 13 #km 1.3, Col. Bluu Habitat Lagoons, Mazatlán, Sinaloa, México, C.P. 82124, ID: 27658369",3 Recámaras | 2 Baños | 125 m 2,https://propiedades.comhttps://propiedades.com/inmuebles/casa-en-venta-sonterra-2-avenida-paseo-del-pacifico-km-13-km-13-bluu-habitat-lagoons-sinaloa-27658369
Sinaloa,30,2026-04-06 03:13,"$7,000,000 MXN","Se vende casa en Villa Mónaco, Col. Los Mochis (Los Mochis), Ahome, Sinaloa, México, C.P. 81369, ID: 30985304",3 Recámaras | 3 Baños | 244 m 2,https://propiedades.comhttps://propiedades.com/inmuebles/casa-en-venta-villa-monaco-los-mochis-los-mochis-sinaloa-30985304
Sinaloa,30,2026-04-06 03:13,"$7,900,000 MXN","Casa en venta, INTERLOMAS, Col. Centro Sinaloa, Culiacán, Sinaloa, México, C.P. 80000, ID: 28477871",4 Recámaras | 4 Baños | 300 m 2,https://propiedades.comhttps://propiedades.com/inmuebles/casa-en-venta-interlomas-centro-sinaloa-sinaloa-28477871
Sinaloa,30,2026-04-06 03:13,"$1,299,999 MXN","urbi villa del sol, Col. Real Del Parque, Culiacán, Sinaloa, México, C.P. 80194, ID: 30115358",2 Recámaras | 1 Baño,https://propiedades.comhttps://propiedades.com/inmuebles/casa-en-venta-urbi-villa-del-sol-real-del-parque-sinaloa-30115358
Sinaloa,30,2026-04-06 03:13,"$3,100,000 MXN","Casa disponible en venta en Blvd Paseo Toscana, Col. Stanza Toscana, Culiacán, Sinaloa, México, C.P. 80050, ID: 30696231",3 Recámaras | 2 Baños | 1 m 2,https://propiedades.comhttps://propiedades.com/inmuebles/casa-en-venta-blvd-paseo-toscana-stanza-toscana-sinaloa-30696231
Sinaloa,30,2026-04-06 03:13,"$20,000,000 MXN","Venta casa en AVENIDA sabalo cerritos, Col. El Cielo Parque Residencial, Mazatlán, Sinaloa, México, C.P. 82112, ID: 30335495",2 Recámaras | 5 Baños | 626 m 2,https://propiedades.comhttps://propiedades.com/inmuebles/casa-en-venta-avenida-sabalo-cerritos-el-cielo-parque-residencial-sinaloa-30335495
Sinaloa,30,2026-04-06 03:13,"$17,900,000 MXN","Se vende casa en Alvaro Obregón #2500Int. 7, Col. Lomas del Bosque, Culiacán, Sinaloa, México, C.P. 80179, ID: 28865222",4 Recámaras | 4 Baños | 586 m 2,https://propiedades.comhttps://propiedades.com/inmuebles/casa-en-venta-alvaro-obregon-2500-lomas-del-bosque-sinaloa-28865222
Sinaloa,30,2026-04-06 03:13,"$8,500,000 MXN","San Alberto #1, Col. Prados Del Sur, Culiacán, Sinaloa, México, C.P. 80296, ID: 30202173",3 Recámaras | 3 Baños | 263 m 2,https://propiedades.comhttps://propiedades.com/inmuebles/casa-en-venta-san-alberto--1-prados-del-sur-sinaloa-30202173
Sinaloa,30,2026-04-06 03:13,"$875,000 MXN","Venta de casa en Huayacan, Col. Jardines de la Alameda, Mazatlán, Sinaloa, México, C.P. 82123, ID: 28566033",5 Recámaras | 4 Baños | 300 m 2,https://propiedades.comhttps://propiedades.com/inmuebles/casa-en-venta-huayacan-jardines-de-la-alameda-sinaloa-28566033
Sinaloa,30,2026-04-06 03:13,"$2,205,000 MXN","Jabalíes, Mazatlán, Sin., Col. Jabalíes, Mazatlán, Sinaloa, México, C.P. 82165, ID: 30845536",2 Recámaras | 3 Baños | 96 m 2,https://propiedades.comhttps://propiedades.com/inmuebles/casa-en-venta-jabalies-mazatlan-sin-jabalies-sinaloa-30845536
Sinaloa,30,2026-04-06 03:13,"$5,000,000 MXN","Venta de casa en Alfonso Cano, Col. Scally, Ahome, Sinaloa, México, C.P. 81240, ID: 30778713",4 Recámaras | 310 m 2,https://propiedades.comhttps://propiedades.com/inmuebles/casa-en-venta-alfonso-cano-scally-sinaloa-30778713
Sinaloa,30,2026-04-06 03:13,"$5,500,000 MXN","Se vende casa en VITALIA #1, Col. Valencia, Culiacán, Sinaloa, México, C.P. 80058, ID: 29293045",3 Recámaras | 4 Baños | 281 m 2,https://propiedades.comhttps://propiedades.com/inmuebles/casa-en-venta-vitalia--1-valencia-sinaloa-29293045
Sinaloa,30,2026-04-06 03:13,"$5,900,000 MXN","Vialidad del Congreso #2361Int. 35, Col. Hermanos Flores Magón, Culiacán, Sinaloa, México, C.P. 80050, ID: 30378897",3 Recámaras | 3 Baños | 215 m 2,https://propiedades.comhttps://propiedades.com/inmuebles/casa-en-venta-vialidad-del-congreso-2361-hermanos-flores-magon-sinaloa-30378897
Sinaloa,30,2026-04-06 03:13,"$5,000,000 MXN","Venta de casa en Cerro del Crestón #119, Col. Lomas de Mazatlán, Mazatlán, Sinaloa, México, C.P. 82110, ID: 29388973",3 Recámaras | 3 Baños | 230 m 2,https://propiedades.comhttps://propiedades.com/inmuebles/casa-en-venta-cerro-del-creston-119-lomas-de-mazatlan-sinaloa-29388973
Sinaloa,30,2026-04-06 03:13,"$2,903,446 MXN","Casa disponible en venta en Valle de los Andes, Col. Valle Alto, Culiacán, Sinaloa, México, C.P. 80050, ID: 30721623",3 Recámaras | 2 Baños | 118 m 2,https://propiedades.comhttps://propiedades.com/inmuebles/casa-en-venta-valle-de-los-andes-valle-alto-sinaloa-30721623
Sinaloa,30,2026-04-06 03:13,"$1,930,000 MXN","Casa disponible en venta en Col. El Chamizal, Ahome, Sinaloa, México, C.P. 81234, ID: 30894183",2 Recámaras | 1 Baño | 88 m 2,https://propiedades.comhttps://propiedades.com/inmuebles/casa-en-venta-el-chamizal-sinaloa-30894183
Sinaloa,30,2026-04-06 03:13,"$4,995,000 MXN","Casa disponible en venta en Residencial Versalles, Col. Versalles Residencial, Ahome, Sinaloa, México, C.P. 81254, ID: 30487524",4 Recámaras | 3 Baños | 228 m 2,https://propiedades.comhttps://propiedades.com/inmuebles/casa-en-venta-residencial-versalles-versalles-residencial-sinaloa-30487524
Sinaloa,30,2026-04-06 03:13,"$3,800,000 MXN","Se vende casa en Colonia Guadalupe, Col. Guadalupe, Culiacán, Sinaloa, México, C.P. 80220, ID: 28717334",2 Recámaras | 2 Baños | 244 m 2,https://propiedades.comhttps://propiedades.com/inmuebles/casa-en-venta-colonia-guadalupe-guadalupe-sinaloa-28717334
Sinaloa,30,2026-04-06 03:13,"$12,600,000 MXN","Mar Negro, Col. Altabrisa Residencial, Mazatlán, Sinaloa, México, C.P. 82112, ID: 30894034",3 Recámaras | 4 Baños | 303 m 2,https://propiedades.comhttps://propiedades.com/inmuebles/casa-en-venta-mar-negro-altabrisa-residencial-sinaloa-30894034
Sinaloa,30,2026-04-06 03:13,"$9,500,000 MXN","Venta casa en Langosta, Col. Sábalo Country Club, Mazatlán, Sinaloa, México, C.P. 82100, ID: 29917053",4 Recámaras | 4 Baños | 381 m 2,https://propiedades.comhttps://propiedades.com/inmuebles/casa-en-venta-langosta-sabalo-country-club-sinaloa-29917053
Sinaloa,30,2026-04-06 03:13,"$6,100,000 MXN","Venta de casa Avenida Federalismo #1800Int. 32, Col. Recursos Hidráulicos, Culiacán, Sinaloa, México, C.P. 80105, ID: 30383834",4 Recámaras | 4 Baños | 271 m 2,https://propiedades.comhttps://propiedades.com/inmuebles/casa-en-venta-avenida-federalismo-1800-recursos-hidraulicos-sinaloa-30383834
Sinaloa,30,2026-04-06 03:13,"$3,475,000 MXN","Av. paseo del pacífico, Col. El Conchi II, Mazatlán, Sinaloa, México, C.P. 82134, ID: 28703266",3 Recámaras | 2 Baños | 110 m 2,https://propiedades.comhttps://propiedades.com/inmuebles/casa-en-venta-av-paseo-del-pacifico-el-conchi-ii-sinaloa-28703266
Sinaloa,30,2026-04-06 03:13,"$4,250,000 MXN","Se vende casa BAHIA MAGDALENA, Col. Villa Marina, Mazatlán, Sinaloa, México, C.P. 82112, ID: 30525619",3 Recámaras | 194 m 2,https://propiedades.comhttps://propiedades.com/inmuebles/casa-en-venta-bahia-magdalena-villa-marina-sinaloa-30525619
Sinaloa,30,2026-04-06 03:13,"$6,300,000 MXN","Se vende casa en Col. Mediterráneo Club Residencial, Mazatlán, Sinaloa, México, C.P. 82113, ID: 30881527",3 Recámaras | 2 Baños | 162 m 2,https://propiedades.comhttps://propiedades.com/inmuebles/casa-en-venta-mediterraneo-club-residencial-sinaloa-30881527
Sinaloa,30,2026-04-06 03:13,"$6,900,000 MXN","Casa en venta, SANTA FILOMENA #4178, Col. Real del Valle, Mazatlán, Sinaloa, México, C.P. 82124, ID: 30910639",4 Recámaras | 2 Baños,https://propiedades.comhttps://propiedades.com/inmuebles/casa-en-venta-santa-filomena-4178-real-del-valle-sinaloa-30910639
Sinaloa,30,2026-04-06 03:13,"$800,000 USD","Casa en venta, CLUB PALMAS, Sabalo Cerritos, Col. Las Palmas, Mazatlán, Sinaloa, México, C.P. 82112, ID: 30862867",4 Recámaras | 321 m 2,https://propiedades.comhttps://propiedades.com/inmuebles/casa-en-venta-club-palmas-sabalo-cerritos-las-palmas-sinaloa-30862867
Sinaloa,30,2026-04-06 03:13,"$800,000 USD","Se vende casa en , Col. Playa Linda, Mazatlán, Sinaloa, México, C.P. 82112, ID: 30711749",3 Recámaras | 2 Baños | 361 m 2,https://propiedades.comhttps://propiedades.com/inmuebles/casa-en-venta-playa-linda-sinaloa-30711749
Sinaloa,30,2026-04-06 03:13,"$3,645,000 MXN","Casa disponible en venta en SONTERRA RESIDENCIAL, Colonia Marina Mazatlán, C.P. 82103, Col. El Venadillo, Mazatlán, Sinaloa, México, C.P. 82129, ID: 28741647",3 Recámaras | 2 Baños | 110 m 2,https://propiedades.comhttps://propiedades.com/inmuebles/casa-en-venta-sonterra-residencial-colonia-marina-mazatlan-cp-82103-el-venadillo-sinaloa-28741647
Sinaloa,30,2026-04-06 03:13,"$5,120,000 MXN","Casa disponible en venta en CIRCUITO UTAH, Col. Sonterra Residencial II, Mazatlán, Sinaloa, México, C.P. 82124, ID: 30839188",4 Recámaras | 3 Baños | 187 m 2,https://propiedades.comhttps://propiedades.com/inmuebles/casa-en-venta-circuito-utah-sonterra-residencial-ii-sinaloa-30839188
Sinaloa,30,2026-04-06 03:13,"$12,500,000 MXN","Sabalo cerritos, Col. Cerritos Resort, Mazatlán, Sinaloa, México, C.P. 82112, ID: 22099994",4 Recámaras | 3 Baños | 362 m 2,https://propiedades.comhttps://propiedades.com/inmuebles/casa-en-venta-sabalo-cerritos-cerritos-resort-sinaloa-22099994
Sinaloa,30,2026-04-06 03:13,"$5,800,000 MXN","Se vende casa 5 de Mayo #1606, Col. Centro, Mazatlán, Sinaloa, México, C.P. 82000, ID: 30985652",8 Recámaras | 6 Baños | 381 m 2,https://propiedades.comhttps://propiedades.com/inmuebles/casa-en-venta-5-de-mayo-1606-centro-sinaloa-30985652
Sinaloa,30,2026-04-06 03:13,"$2,450,000 MXN","Venta de casa en Punta Esmeralda II, Col. Punta Esmeralda, Navolato, Sinaloa, México, C.P. 80363, ID: 28718513",2 Recámaras | 1 Baño | 66 m 2,https://propiedades.comhttps://propiedades.com/inmuebles/casa-en-venta-punta-esmeralda-ii-punta-esmeralda-sinaloa-28718513
Sinaloa,30,2026-04-06 03:13,"$12,800,000 MXN","Se vende casa Col. Las Quintas, Culiacán, Sinaloa, México, C.P. 80060, ID: 30979378",4 Recámaras | 4 Baños | 386 m 2,https://propiedades.comhttps://propiedades.com/inmuebles/casa-en-venta-las-quintas-sinaloa-30979378
Sinaloa,30,2026-04-06 03:13,"$3,250,000 MXN","Venta casa en , Col. Hacienda del Seminario, Mazatlán, Sinaloa, México, C.P. 82129, ID: 30931407",3 Recámaras | 3 Baños | 119 m 2,https://propiedades.comhttps://propiedades.com/inmuebles/casa-en-venta-hacienda-del-seminario-sinaloa-30931407
Sinaloa,30,2026-04-06 03:13,"$5,900,000 MXN","Casa disponible en venta en , Col. Banus 360, Culiacán, Sinaloa, México, C.P. 80065, ID: 30903575",3 Recámaras | 2 Baños | 150 m 2,https://propiedades.comhttps://propiedades.com/inmuebles/casa-en-venta-banus-360-sinaloa-30903575
Sinaloa,30,2026-04-06 03:13,"$4,150,000 MXN","Se vende casa Laguna de Tamiahua #1231, Col. Periodista, Culiacán, Sinaloa, México, C.P. 80060, ID: 27507336",2 Baños | 273 m 2,https://propiedades.comhttps://propiedades.com/inmuebles/casa-en-venta-laguna-de-tamiahua-1231-periodista-sinaloa-27507336
Sinaloa,30,2026-04-06 03:13,"$5,300,000 MXN","Vialidad del Congreso #2555Int. 7, Col. Hermanos Flores Magón, Culiacán, Sinaloa, México, C.P. 80050, ID: 30044315",3 Recámaras | 3 Baños | 234 m 2,https://propiedades.comhttps://propiedades.com/inmuebles/casa-en-venta-vialidad-del-congreso-2555-hermanos-flores-magon-sinaloa-30044315
Sinaloa,30,2026-04-06 03:13,"$6,000,000 MXN",", Col. Las Villas Residencial, Ahome, Sinaloa, México, C.P. 81271, ID: 30873498",3 Recámaras | 2 Baños | 197 m 2,https://propiedades.comhttps://propiedades.com/inmuebles/casa-en-venta-las-villas-residencial-sinaloa-30873498
Sinaloa,30,2026-04-06 03:13,"$935,000 MXN","Casa en venta, SANTA TERESA DE LIMA, Col. Santa Teresa, Mazatlán, Sinaloa, México, C.P. 82090, ID: 26229145",1 Recámara | 1 Baño | 39 m 2,https://propiedades.comhttps://propiedades.com/inmuebles/casa-en-venta-santa-teresa-de-lima-santa-teresa-sinaloa-26229145
Sinaloa,31,2026-04-06 03:13,"$368,000 USD","Casa en venta, Callejon Compañia #32, Col. Centro, Mazatlán, Sinaloa, México, C.P. 82000, ID: 30907801",3 Recámaras | 3 Baños | 116 m 2,https://propiedades.comhttps://propiedades.com/inmuebles/casa-en-venta-callejon-compania-32-centro-sinaloa-30907801
Sinaloa,31,2026-04-06 03:13,"$4,800,000 MXN","Casa en venta disponible en Privada Cataluña, Col. Privanza, Mazatlán, Sinaloa, México, C.P. 82128, ID: 30540078",3 Recámaras | 2 Baños | 147 m 2,https://propiedades.comhttps://propiedades.com/inmuebles/casa-en-venta-privada-cataluna-privanza-sinaloa-30540078
Sinaloa,31,2026-04-06 03:13,"$7,500,000 MXN","Venta de casa en rio piaxtla #220, Col. Guadalupe, Culiacán, Sinaloa, México, C.P. 80220, ID: 30498076",5 Recámaras | 9 Baños | 639 m 2,https://propiedades.comhttps://propiedades.com/inmuebles/casa-en-venta-rio-piaxtla-220-guadalupe-sinaloa-30498076
Sinaloa,31,2026-04-06 03:13,"$3,689,500 MXN","Se vende casa NATIVA, Col. La Primavera, Culiacán, Sinaloa, México, C.P. 80199, ID: 29068854",3 Recámaras | 2 Baños | 132 m 2,https://propiedades.comhttps://propiedades.com/inmuebles/casa-en-venta-nativa-la-primavera-sinaloa-29068854
Sinaloa,31,2026-04-06 03:13,"$1,550,000 MXN","Se vende casa en colinas del real #s/n, Col. Colinas del Real, Mazatlán, Sinaloa, México, C.P. 82136, ID: 29545934",3 Recámaras | 1 Baño | 82 m 2,https://propiedades.comhttps://propiedades.com/inmuebles/casa-en-venta-colinas-del-real-sn-colinas-del-real-sinaloa-29545934
Sinaloa,31,2026-04-06 03:13,"$5,990,000 MXN","Se vende casa Lumeria, Col. Colinas de San Miguel, Culiacán, Sinaloa, México, C.P. 80228, ID: 30295371",3 Recámaras | 3 Baños | 226 m 2,https://propiedades.comhttps://propiedades.com/inmuebles/casa-en-venta-lumeria-colinas-de-san-miguel-sinaloa-30295371
Sinaloa,31,2026-04-06 03:13,"$15,000,000 MXN","Venta casa en IGNACIO ALDMA #2048, Col. Colinas de San Miguel, Culiacán, Sinaloa, México, C.P. 80228, ID: 15800267",4 Recámaras | 4 Baños | 450 m 2,https://propiedades.comhttps://propiedades.com/inmuebles/casa-en-venta-ignacio-aldma-2048-colinas-de-san-miguel-sinaloa-15800267
Sinaloa,31,2026-04-06 03:13,"$1,485,000 MXN","ABETO, Col. Centro, Culiacán, Sinaloa, México, C.P. 80000, ID: 30555537",2 Recámaras | 1 Baño | 92 m 2,https://propiedades.comhttps://propiedades.com/inmuebles/casa-en-venta-abeto-centro-sinaloa-30555537
Sinaloa,31,2026-04-06 03:13,"$3,100,000 MXN","Casa en venta disponible en Lazaro Cardenas , Col. Los Pinos, Culiacán, Sinaloa, México, C.P. 80063, ID: 27272557",7 Recámaras | 7 Baños | 262 m 2,https://propiedades.comhttps://propiedades.com/inmuebles/casa-en-venta-lazaro-cardenas-los-pinos-sinaloa-27272557
Sinaloa,31,2026-04-06 03:13,"$5,200,000 MXN","JOSE MARIA MORELOS ESQUINA ANGELA PERALTA, Col. El Rosario Centro, Rosario, Sinaloa, México, C.P. 82800, ID: 30420284",6 Recámaras | 3 Baños | 618 m 2,https://propiedades.comhttps://propiedades.com/inmuebles/casa-en-venta-jose-maria-morelos-esquina-angela-peralta-el-rosario-centro-sinaloa-30420284
Sinaloa,31,2026-04-06 03:13,"$10,000,000 MXN","Se vende casa en Olimpo #280, Col. Montebello, Culiacán, Sinaloa, México, C.P. 80227, ID: 30925338",3 Recámaras | 3 Baños | 646 m 2,https://propiedades.comhttps://propiedades.com/inmuebles/casa-en-venta-olimpo-280-montebello-sinaloa-30925338
Sinaloa,31,2026-04-06 03:13,"$4,200,000 MXN","Se vende casa en Cerro de las Cumbres #3158, Col. Colina del Rey, Culiacán, Sinaloa, México, C.P. 80177, ID: 28123293",3 Recámaras | 3 Baños | 215 m 2,https://propiedades.comhttps://propiedades.com/inmuebles/casa-en-venta-cerro-de-las-cumbres-3158-colina-del-rey-sinaloa-28123293
Sinaloa,31,2026-04-06 03:13,"$12,962,250 MXN","Casa en venta, Privada del Pelicano, Col. Marina Mazatlán, Mazatlán, Sinaloa, México, C.P. 82103, ID: 29512131",3 Recámaras | 3 Baños | 212 m 2,https://propiedades.comhttps://propiedades.com/inmuebles/casa-en-venta-privada-del-pelicano-marina-mazatlan-sinaloa-29512131
Sinaloa,31,2026-04-06 03:13,"$16,000,000 MXN","Venta de casa en SAN LUIS, Col. Centro Sinaloa, Culiacán, Sinaloa, México, C.P. 80000, ID: 28272135",4 Recámaras | 4 Baños | 420 m 2,https://propiedades.comhttps://propiedades.com/inmuebles/casa-en-venta-san-luis-centro-sinaloa-sinaloa-28272135
Sinaloa,31,2026-04-06 03:13,"$4,600,000 MXN","Casa disponible en venta en Agua marina #1768 , Col. Azul Pacific, Mazatlán, Sinaloa, México, C.P. 82112, ID: 27559849",3 Recámaras | 3 Baños | 191 m 2,https://propiedades.comhttps://propiedades.com/inmuebles/casa-en-venta-agua-marina--1768--azul-pacific-sinaloa-27559849
Sinaloa,31,2026-04-06 03:13,"$5,500,000 MXN","Casa en venta, calle unicornio, Col. Almarena Residencial, Mazatlán, Sinaloa, México, C.P. 82112, ID: 30542539",3 Recámaras | 3 Baños | 172 m 2,https://propiedades.comhttps://propiedades.com/inmuebles/casa-en-venta-calle-unicornio-almarena-residencial-sinaloa-30542539
Sinaloa,31,2026-04-06 03:13,"$5,950,000 MXN",", Col. Marina Garden, Mazatlán, Sinaloa, México, C.P. 82112, ID: 29095322",3 Recámaras | 2 Baños | 119 m 2,https://propiedades.comhttps://propiedades.com/inmuebles/casa-en-venta-marina-garden-sinaloa-29095322
Sinaloa,31,2026-04-06 03:13,"$18,000,000 MXN","DR MARIO CAMELO Y VEGA #96, Col. Chapultepec, Culiacán, Sinaloa, México, C.P. 80040, ID: 28402072",5 Recámaras | 5 Baños | 951 m 2,https://propiedades.comhttps://propiedades.com/inmuebles/casa-en-venta-dr-mario-camelo-y-vega-96-chapultepec-sinaloa-28402072
Sinaloa,31,2026-04-06 03:13,"$1,300,000 MXN","Casa disponible en venta en San Pedro #3981, Col. San Benito, Culiacán, Sinaloa, México, C.P. 80246, ID: 30367621",2 Recámaras | 2 Baños | 78 m 2,https://propiedades.comhttps://propiedades.com/inmuebles/casa-en-venta-san-pedro-3981-san-benito-sinaloa-30367621
Sinaloa,31,2026-04-06 03:13,"$1,800,000 MXN","Se vende casa en AVENIDA AZTLAN #2264Int. SN, Col. Industrial El Palmito, Culiacán, Sinaloa, México, C.P. 80160, ID: 30290582",3 Recámaras | 3 Baños | 265 m 2,https://propiedades.comhttps://propiedades.com/inmuebles/casa-en-venta-avenida-aztlan-2264-industrial-el-palmito-sinaloa-30290582
Sinaloa,31,2026-04-06 03:13,"$22,000,000 MXN","Se vende casa en catamarán, Col. Marina Mazatlán, Mazatlán, Sinaloa, México, C.P. 82103, ID: 30831998",5 Recámaras | 5 Baños | 750 m 2,https://propiedades.comhttps://propiedades.com/inmuebles/casa-en-venta-catamaran-marina-mazatlan-sinaloa-30831998
Sinaloa,31,2026-04-06 03:13,"$259,900 USD","Venta de casa VIRGILIO URIBE, Col. Centro, Mazatlán, Sinaloa, México, C.P. 82000, ID: 30387934",2 Recámaras | 2 Baños | 89 m 2,https://propiedades.comhttps://propiedades.com/inmuebles/casa-en-venta-virgilio-uribe-centro-sinaloa-30387934
Sinaloa,31,2026-04-06 03:13,"$4,650,000 MXN","Versalles #5290, Col. Real del Valle, Mazatlán, Sinaloa, México, C.P. 82124, ID: 30753228",4 Recámaras | 4 Baños | 210 m 2,https://propiedades.comhttps://propiedades.com/inmuebles/casa-en-venta-versalles-5290-real-del-valle-sinaloa-30753228
Sinaloa,31,2026-04-06 03:13,"$4,250,000 MXN","Venta de casa Calle Doctor Ramón Ponce de León #199, Col. Privada La Rivera, Culiacán, Sinaloa, México, C.P. 80020, ID: 30420820",307 m 2,https://propiedades.comhttps://propiedades.com/inmuebles/casa-en-venta-calle-doctor-ramon-ponce-de-leon-199-privada-la-rivera-sinaloa-30420820
Sinaloa,31,2026-04-06 03:13,"$9,500,000 MXN","Se vende casa COLON #394Int. PTE, Col. Centro, Culiacán, Sinaloa, México, C.P. 80000, ID: 30290583",4 Recámaras | 4 Baños | 1030 m 2,https://propiedades.comhttps://propiedades.com/inmuebles/casa-en-venta-colon-394-centro-sinaloa-30290583
Sinaloa,31,2026-04-06 03:13,"$4,295,932 MXN","Casa en venta disponible en Domingo Rubi esquina con Ramon F. Iturbide, Col. Centro Sinaloa, Culiacán, Sinaloa, México, C.P. 80000, ID: 28940293",1 m 2,https://propiedades.comhttps://propiedades.com/inmuebles/casa-en-venta-domingo-rubi-esquina-con-ramon-f-iturbide-centro-sinaloa-sinaloa-28940293
Sinaloa,31,2026-04-06 03:13,"$3,850,000 MXN","Se vende casa SAN JORDI #3490, Col. Espacios Barcelona, Culiacán, Sinaloa, México, C.P. 80059, ID: 30701698",4 Recámaras | 3 Baños | 190 m 2,https://propiedades.comhttps://propiedades.com/inmuebles/casa-en-venta-san-jordi-3490-espacios-barcelona-sinaloa-30701698
Sinaloa,31,2026-04-06 03:13,"$1,392,000 MXN","Casa en venta disponible en Belisario Dominguez #s/n, Col. Chulavista, Culiacán, Sinaloa, México, C.P. 80194, ID: 30167651",2 Recámaras | 1 Baño | 84 m 2,https://propiedades.comhttps://propiedades.com/inmuebles/casa-en-venta-belisario-dominguez-sn-chulavista-sinaloa-30167651
Sinaloa,31,2026-04-06 03:13,"$920,000 MXN","Casa disponible en venta en TENOCHTITLAN, Col. Rosario Uzarraga, Culiacán, Sinaloa, México, C.P. 80014, ID: 28864979",2 Recámaras | 1 Baño | 80 m 2,https://propiedades.comhttps://propiedades.com/inmuebles/casa-en-venta-tenochtitlan-rosario-uzarraga-sinaloa-28864979
Sinaloa,31,2026-04-06 03:13,"$3,100,000 MXN","Se vende casa en Monaco, Col. Valle Alto, Culiacán, Sinaloa, México, C.P. 80050, ID: 29002923",3 Recámaras | 2 Baños | 178 m 2,https://propiedades.comhttps://propiedades.com/inmuebles/casa-en-venta-monaco-valle-alto-sinaloa-29002923
Sinaloa,31,2026-04-06 03:13,"$9,700,000 MXN","Venta de casa Camino del Faro, Col. Paraíso, Mazatlán, Sinaloa, México, C.P. 82125, ID: 29763260",4 Recámaras | 4 Baños | 373 m 2,https://propiedades.comhttps://propiedades.com/inmuebles/casa-en-venta-camino-del-faro-paraiso-sinaloa-29763260
Sinaloa,31,2026-04-06 03:13,"$3,700,000 MXN","Venta casa en Calle María Alana #2473, Col. Misión del Álamo, Culiacán, Sinaloa, México, C.P. 80100, ID: 30701433",4 Recámaras | 3 Baños | 155 m 2,https://propiedades.comhttps://propiedades.com/inmuebles/casa-en-venta-calle-maria-alana-2473-mision-del-alamo-sinaloa-30701433
Sinaloa,31,2026-04-06 03:13,"$6,200,000 MXN","Venta de casa Donato Guerra #1042, Col. Guadalupe, Culiacán, Sinaloa, México, C.P. 80220, ID: 30493211",4 Recámaras | 4 Baños | 386 m 2,https://propiedades.comhttps://propiedades.com/inmuebles/casa-en-venta-donato-guerra-1042-guadalupe-sinaloa-30493211
Sinaloa,31,2026-04-06 03:13,"$5,230,000 MXN","Casa disponible en venta en BLVD. PEDRO INFANTE, Col. Los Álamos, Culiacán, Sinaloa, México, C.P. 80100, ID: 28865021",2 Recámaras | 2 Baños | 70 m 2,https://propiedades.comhttps://propiedades.com/inmuebles/casa-en-venta-blvd-pedro-infante-los-alamos-sinaloa-28865021
Sinaloa,31,2026-04-06 03:13,"$3,850,000 MXN","Casa en venta, ALDAMA #147, Col. Centro, Culiacán, Sinaloa, México, C.P. 80000, ID: 25811189",4 Recámaras | 2 Baños | 170 m 2,https://propiedades.comhttps://propiedades.com/inmuebles/casa-en-venta-aldama-147-centro-sinaloa-25811189
Sinaloa,31,2026-04-06 03:13,"$7,775,000 MXN","Se vende casa en calle jesus carranza, Col. Cerro del Vigía, Mazatlán, Sinaloa, México, C.P. 82040, ID: 31032074",1 Recámara | 311 m 2,https://propiedades.comhttps://propiedades.com/inmuebles/casa-en-venta-calle-jesus-carranza-cerro-del-vigia-sinaloa-31032074
Sinaloa,31,2026-04-06 03:13,"$4,990,000 MXN","Casa disponible en venta en Cto. Carabelas, Col. Cerritos Resort, Mazatlán, Sinaloa, México, C.P. 82112, ID: 30624996",3 Recámaras | 4 Baños | 163 m 2,https://propiedades.comhttps://propiedades.com/inmuebles/casa-en-venta-cto-carabelas-cerritos-resort-sinaloa-30624996
Sinaloa,31,2026-04-06 03:13,"$2,458,080 MXN","Avenida Óscar Pérez Escobosa #8141, Col. El Venadillo, Mazatlán, Sinaloa, México, C.P. 82129, ID: 28774424",2 Recámaras | 2 Baños | 65 m 2,https://propiedades.comhttps://propiedades.com/inmuebles/casa-en-venta-avenida-oscar-perez-escobosa-8141-el-venadillo-sinaloa-28774424
Sinaloa,31,2026-04-06 03:13,"$3,622,000 MXN","Venta de casa Col. Marina Mazatlán, Mazatlán, Sinaloa, México, C.P. 82103, ID: 31032288",2 Recámaras | 2 Baños | 110 m 2,https://propiedades.comhttps://propiedades.com/inmuebles/casa-en-venta-marina-mazatlan-sinaloa-31032288
Sinaloa,31,2026-04-06 03:13,"$8,560,000 MXN","Venta casa en , Col. Ahome Centro, Ahome, Sinaloa, México, C.P. 81315, ID: 29365957",3 Recámaras | 2 Baños | 315 m 2,https://propiedades.comhttps://propiedades.com/inmuebles/casa-en-venta-ahome-centro-sinaloa-29365957
Sinaloa,31,2026-04-06 03:13,"$3,900,000 MXN","Venta de casa en Fraccionamiento El Parque, Col. Los Mochis (Los Mochis), Ahome, Sinaloa, México, C.P. 81369, ID: 30911504",3 Recámaras | 2 Baños | 259 m 2,https://propiedades.comhttps://propiedades.com/inmuebles/casa-en-venta-fraccionamiento-el-parque-los-mochis-los-mochis-sinaloa-30911504
Sinaloa,31,2026-04-06 03:13,"$6,300,000 MXN","Casa en venta disponible en Zona Dorada, Mazatlán, Sinaloa, 82110, Col. Zona Dorada, Mazatlán, Sinaloa, México, C.P. 82110, ID: 26922852",1 Recámara | 1 Baño,https://propiedades.comhttps://propiedades.com/inmuebles/casa-en-venta-zona-dorada-mazatlan-sinaloa-82110-zona-dorada-sinaloa-26922852
Sinaloa,31,2026-04-06 03:13,"$1,250,000 MXN","Venta de casa jabalies, Col. Jabalíes, Mazatlán, Sinaloa, México, C.P. 82165, ID: 30149720",2 Recámaras | 1 Baño | 97 m 2,https://propiedades.comhttps://propiedades.com/inmuebles/casa-en-venta-jabalies-jabalies-sinaloa-30149720
Sinaloa,31,2026-04-06 03:13,"$10,980,000 MXN","Casa disponible en venta en Conocido #212121, Col. Huertos del Pedregal, Culiacán, Sinaloa, México, C.P. 80301, ID: 29734200",3 Recámaras | 8 Baños | 665 m 2,https://propiedades.comhttps://propiedades.com/inmuebles/casa-en-venta-conocido-212121-huertos-del-pedregal-sinaloa-29734200
Sinaloa,31,2026-04-06 03:13,"$11,500,000 MXN","Doctores y Juan Escutia #364, Col. Chapultepec, Culiacán, Sinaloa, México, C.P. 80040, ID: 30861212",2 Recámaras | 3 Baños | 346 m 2,https://propiedades.comhttps://propiedades.com/inmuebles/casa-en-venta-doctores-y-juan-escutia-364-chapultepec-sinaloa-30861212
Sinaloa,31,2026-04-06 03:13,"$20,000,000 MXN","Se vende casa en , Col. Los Álamos, Culiacán, Sinaloa, México, C.P. 80100, ID: 30092151",4 Recámaras | 5 Baños | 598 m 2,https://propiedades.comhttps://propiedades.com/inmuebles/casa-en-venta-los-alamos-sinaloa-30092151
Sinaloa,32,2026-04-06 03:13,"$2,298,948 MXN","Venta de casa en Veredas del mar, Col. Hacienda del Seminario, Mazatlán, Sinaloa, México, C.P. 82129, ID: 30637257",3 Recámaras | 1 Baño | 70 m 2,https://propiedades.comhttps://propiedades.com/inmuebles/casa-en-venta-veredas-del-mar-hacienda-del-seminario-sinaloa-30637257
Sinaloa,32,2026-04-06 03:13,"$6,500,000 MXN","Venta de casa en Calle Doctor Ramón Ponce de León #125, Col. Chapultepec, Culiacán, Sinaloa, México, C.P. 80040, ID: 30378920",3 Recámaras | 3 Baños | 200 m 2,https://propiedades.comhttps://propiedades.com/inmuebles/casa-en-venta-calle-doctor-ramon-ponce-de-leon-125-chapultepec-sinaloa-30378920
Sinaloa,32,2026-04-06 03:13,"$5,900,000 MXN","Casa en venta disponible en Av Paseo del Pacífico, 82124 Mazatlán, Sin. #s/n, Col. Sonterra Residencial II, Mazatlán, Sinaloa, México, C.P. 82124, ID: 30889350",4 Recámaras | 4 Baños | 150 m 2,https://propiedades.comhttps://propiedades.com/inmuebles/casa-en-venta-av-paseo-del-pacifico-82124-mazatlan-sin-sn-sonterra-residencial-ii-sinaloa-30889350
Sinaloa,32,2026-04-06 03:13,"$21,000,000 MXN","Casa disponible en venta en Paseo Golondrinas, Col. Marina El Cid, Mazatlán, Sinaloa, México, C.P. 82102, ID: 28969446",4 Recámaras | 5 Baños | 520 m 2,https://propiedades.comhttps://propiedades.com/inmuebles/casa-en-venta-paseo-golondrinas-marina-el-cid-sinaloa-28969446
Sinaloa,32,2026-04-06 03:13,"$1,400,000 MXN","Venta de casa en VALLE BONITA, Col. Valle Bonito, Mazatlán, Sinaloa, México, C.P. 82136, ID: 29810045",2 Recámaras | 1 Baño | 89 m 2,https://propiedades.comhttps://propiedades.com/inmuebles/casa-en-venta-valle-bonita-valle-bonito-sinaloa-29810045
Sinaloa,32,2026-04-06 03:13,"$3,678,000 MXN","Se vende casa en Abadengo, Hacienda del Seminario, 82129 Mazatlán, Sin. #6005, Col. Hacienda del Seminario, Mazatlán, Sinaloa, México, C.P. 82129, ID: 31000867",3 Recámaras | 3 Baños | 108 m 2,https://propiedades.comhttps://propiedades.com/inmuebles/casa-en-venta-abadengo-hacienda-del-seminario-82129-mazatlan-sin-6005-hacienda-del-seminario-sinaloa-31000867
Sinaloa,32,2026-04-06 03:13,"$8,900,000 MXN","Casa en venta, la toronja, Col. La Campiña, Culiacán, Sinaloa, México, C.P. 80060, ID: 28298984",5 Recámaras | 4 Baños | 475 m 2,https://propiedades.comhttps://propiedades.com/inmuebles/casa-en-venta-la-toronja-la-campina-sinaloa-28298984
Sinaloa,32,2026-04-06 03:13,"$1,774,500 MXN","Venta de casa Lázaro Rubio Félix, Col. Valle Del Ejido, Mazatlán, Sinaloa, México, C.P. 82134, ID: 30637255",2 Recámaras | 1 Baño | 80 m 2,https://propiedades.comhttps://propiedades.com/inmuebles/casa-en-venta-lazaro-rubio-felix-valle-del-ejido-sinaloa-30637255
Sinaloa,32,2026-04-06 03:13,"$3,050,000 MXN","Casa en venta disponible en Circuito paseo de cortes #4061, Col. La Conquista, Culiacán, Sinaloa, México, C.P. 80058, ID: 29494371",3 Recámaras | 2 Baños | 196 m 2,https://propiedades.comhttps://propiedades.com/inmuebles/casa-en-venta-circuito-paseo-de-cortes-4061-la-conquista-sinaloa-29494371
Sinaloa,32,2026-04-06 03:13,"$6,350,000 MXN","DE LA COLINA, Col. El Cid, Mazatlán, Sinaloa, México, C.P. 82110, ID: 30788302",3 Recámaras,https://propiedades.comhttps://propiedades.com/inmuebles/casa-en-venta-de-la-colina-el-cid-sinaloa-30788302
Sinaloa,32,2026-04-06 03:13,"$5,154,188 MXN","Icónica Park Residences, Col. Colinas de San Miguel, Culiacán, Sinaloa, México, C.P. 80228, ID: 28780730",2 Recámaras | 2 Baños | 85 m 2,https://propiedades.comhttps://propiedades.com/inmuebles/casa-en-venta-iconica-park-residences-colinas-de-san-miguel-sinaloa-28780730
Sinaloa,32,2026-04-06 03:13,"$2,350,000 MXN","Casa en venta, BARRANCOS 1, Col. INFONAVIT Barrancos, Culiacán, Sinaloa, México, C.P. 80189, ID: 30485772",4 Recámaras | 2 Baños | 200 m 2,https://propiedades.comhttps://propiedades.com/inmuebles/casa-en-venta-barrancos-1-infonavit-barrancos-sinaloa-30485772
Sinaloa,32,2026-04-06 03:13,"$650,000 USD","Venta de casa cerrada Lagunilla #1607, Col. Isla de La Piedra, Mazatlán, Sinaloa, México, C.P. 82043, ID: 27574778",4 Recámaras | 3 Baños | 317 m 2,https://propiedades.comhttps://propiedades.com/inmuebles/casa-en-venta-cerrada-lagunilla-1607-isla-de-la-piedra-sinaloa-27574778
Sinaloa,32,2026-04-06 03:13,"$23,500,000 MXN","SAN ANSEL MO 16, Col. La Primavera, Culiacán, Sinaloa, México, C.P. 80434, ID: 27731879",4 Recámaras | 4 Baños | 660 m 2,https://propiedades.comhttps://propiedades.com/inmuebles/casa-en-venta-san-ansel-mo-16-la-primavera-sinaloa-27731879
Sinaloa,32,2026-04-06 03:13,"$3,250,000 MXN","Casa en venta disponible en Col. Real del Valle, Mazatlán, Sinaloa, México, C.P. 82124, ID: 30888633",3 Recámaras | 3 Baños | 152 m 2,https://propiedades.comhttps://propiedades.com/inmuebles/casa-en-venta-real-del-valle-sinaloa-30888633
Sinaloa,32,2026-04-06 03:13,"$2,980,000 MXN","Se vende casa Ciro G. Covantes #4651, Col. Los Portales, Mazatlán, Sinaloa, México, C.P. 82154, ID: 30701796",4 Recámaras | 3 Baños | 190 m 2,https://propiedades.comhttps://propiedades.com/inmuebles/casa-en-venta-ciro-g-covantes-4651-los-portales-sinaloa-30701796
Sinaloa,32,2026-04-06 03:13,"$10,500,000 MXN","Casa disponible en venta en ERNESTO COPPEL CAMPAÑA #4572, Col. El Amole del Quelite, Mazatlán, Sinaloa, México, C.P. 82353, ID: 30889436",3 Recámaras | 3 Baños | 170 m 2,https://propiedades.comhttps://propiedades.com/inmuebles/casa-en-venta-ernesto-coppel-campana-4572-el-amole-del-quelite-sinaloa-30889436
Sinaloa,32,2026-04-06 03:13,"$22,000,000 MXN","Álamos Residencial, Col. Los Álamos, Culiacán, Sinaloa, México, C.P. 80100, ID: 30987759",3 Recámaras | 3 Baños | 1 m 2,https://propiedades.comhttps://propiedades.com/inmuebles/casa-en-venta-alamos-residencial-los-alamos-sinaloa-30987759
Sinaloa,32,2026-04-06 03:13,"$4,500,000 MXN","Venta casa en Boulevard Gran Vía Fracc: Gran Via etapa II #4815, Col. Zona Dorada, Culiacán, Sinaloa, México, C.P. 80014, ID: 30887194",3 Recámaras | 3 Baños | 184 m 2,https://propiedades.comhttps://propiedades.com/inmuebles/casa-en-venta-boulevard-gran-via-fracc-gran-via-etapa-ii-4815-zona-dorada-sinaloa-30887194
Sinaloa,32,2026-04-06 03:13,"$2,729,000 MXN","LA RIOJA II, Col. La Rioja, Culiacán, Sinaloa, México, C.P. 80050, ID: 27009144",3 Recámaras | 2 Baños | 118 m 2,https://propiedades.comhttps://propiedades.com/inmuebles/casa-en-venta-la-rioja-ii-la-rioja-sinaloa-27009144
Sinaloa,32,2026-04-06 03:13,"$3,300,000 MXN","Casa disponible en venta en Col. Real Pacífico, Mazatlán, Sinaloa, México, C.P. 82124, ID: 31032286",3 Recámaras | 2 Baños | 160 m 2,https://propiedades.comhttps://propiedades.com/inmuebles/casa-en-venta-real-pacifico-sinaloa-31032286
Sinaloa,32,2026-04-06 03:13,"$12,600,000 MXN","Casa en venta disponible en Av. Sábalo Cerritos 3081, Cerritos, 82112 Mazatlán, Sin., Col. Las Palmas, Mazatlán, Sinaloa, México, C.P. 82112, ID: 30924858",4 Recámaras | 3 Baños | 303 m 2,https://propiedades.comhttps://propiedades.com/inmuebles/casa-en-venta-av-sabalo-cerritos-3081-cerritos-82112-mazatlan-sin-las-palmas-sinaloa-30924858
Sinaloa,32,2026-04-06 03:13,"$17,000,000 MXN","Casa en venta, Avenida del Estero, Col. Marina Mazatlán, Mazatlán, Sinaloa, México, C.P. 82103, ID: 30936984",6 Recámaras | 409 m 2,https://propiedades.comhttps://propiedades.com/inmuebles/casa-en-venta-avenida-del-estero-marina-mazatlan-sinaloa-30936984
Sinaloa,32,2026-04-06 03:13,"$14,000,000 MXN","Se vende casa Carretera Sanalona #5223, Col. El Barrio, Culiacán, Sinaloa, México, C.P. 80080, ID: 28044351",2 Recámaras | 2 Baños | 450 m 2,https://propiedades.comhttps://propiedades.com/inmuebles/casa-en-venta-carretera-sanalona-5223-el-barrio-sinaloa-28044351
Sinaloa,32,2026-04-06 03:13,"$8,900,000 MXN","Venta de casa Angel Flores #305, Col. Centro, Mazatlán, Sinaloa, México, C.P. 82000, ID: 23243393",2 Recámaras | 2 Baños | 290 m 2,https://propiedades.comhttps://propiedades.com/inmuebles/casa-en-venta-angel-flores-305-centro-sinaloa-23243393
Sinaloa,32,2026-04-06 03:13,"$12,500,000 MXN","Casa disponible en venta en SIERRA DE SAN PEDRO MARTIR #2500, Col. Lomas del Bosque, Culiacán, Sinaloa, México, C.P. 80179, ID: 29945675",3 Recámaras | 3 Baños | 479 m 2,https://propiedades.comhttps://propiedades.com/inmuebles/casa-en-venta-sierra-de-san-pedro-martir-2500-lomas-del-bosque-sinaloa-29945675
Sinaloa,32,2026-04-06 03:13,"$3,600,000 MXN","Casa en venta, PALOS PRIETOS, Col. Palos Prietos, Mazatlán, Sinaloa, México, C.P. 82010, ID: 30149721",2 Recámaras | 1 Baño | 83 m 2,https://propiedades.comhttps://propiedades.com/inmuebles/casa-en-venta-palos-prietos-palos-prietos-sinaloa-30149721
Sinaloa,32,2026-04-06 03:13,"$4,500,000 MXN","Casa en venta, Real del valle, Col. Real del Valle, Mazatlán, Sinaloa, México, C.P. 82124, ID: 28664572",3 Recámaras | 2 Baños | 180 m 2,https://propiedades.comhttps://propiedades.com/inmuebles/casa-en-venta-real-del-valle-real-del-valle-sinaloa-28664572
Sinaloa,32,2026-04-06 03:13,"$16,000,000 MXN","Casa en venta disponible en av de las aves, Col. Interlomas, Culiacán, Sinaloa, México, C.P. 80016, ID: 27713743",5 Recámaras | 5 Baños | 491 m 2,https://propiedades.comhttps://propiedades.com/inmuebles/casa-en-venta-av-de-las-aves-interlomas-sinaloa-27713743
Sinaloa,32,2026-04-06 03:13,"$2,985,000 MXN","Venta de casa CARPATOS, Col. Valle Alto, Culiacán, Sinaloa, México, C.P. 80050, ID: 29068711",3 Recámaras | 2 Baños | 140 m 2,https://propiedades.comhttps://propiedades.com/inmuebles/casa-en-venta-carpatos-valle-alto-sinaloa-29068711
Sinaloa,32,2026-04-06 03:13,"$2,827,000 MXN","Se vende casa Calle del Quetzal #2777, Col. Real de Santa Fe, Culiacán, Sinaloa, México, C.P. 80029, ID: 28864959",2 Recámaras | 3 Baños | 102 m 2,https://propiedades.comhttps://propiedades.com/inmuebles/casa-en-venta-calle-del-quetzal-2777-real-de-santa-fe-sinaloa-28864959
Sinaloa,32,2026-04-06 03:13,"$9,800,000 MXN","Venta casa en Sierra Pedro Martì #2500Int. 3, Col. Lomas del Bosque, Culiacán, Sinaloa, México, C.P. 80179, ID: 27813850",4 Recámaras | 4 Baños | 413 m 2,https://propiedades.comhttps://propiedades.com/inmuebles/casa-en-venta-sierra-pedro-marti-2500-lomas-del-bosque-sinaloa-27813850
Sinaloa,32,2026-04-06 03:13,"$5,500,000 MXN","Se vende casa en Privada Hawaii, Col. Altata, Navolato, Sinaloa, México, C.P. 80363, ID: 30063352",4 Recámaras | 3 Baños | 200 m 2,https://propiedades.comhttps://propiedades.com/inmuebles/casa-en-venta-privada-hawaii-altata-sinaloa-30063352
Sinaloa,32,2026-04-06 03:13,"$4,100,000 MXN","Casa en venta, lopez mateos #s/n, Col. López Mateos, Mazatlán, Sinaloa, México, C.P. 82140, ID: 29546152",3 Recámaras | 3 Baños | 231 m 2,https://propiedades.comhttps://propiedades.com/inmuebles/casa-en-venta-lopez-mateos-sn-lopez-mateos-sinaloa-29546152
Sinaloa,32,2026-04-06 03:13,"$6,680,000 MXN","Casa en venta disponible en Av. Paseo del Pacifico, Col. Hacienda del Seminario, Mazatlán, Sinaloa, México, C.P. 82129, ID: 30525442",4 Recámaras | 260 m 2,https://propiedades.comhttps://propiedades.com/inmuebles/casa-en-venta-av-paseo-del-pacifico-hacienda-del-seminario-sinaloa-30525442
Sinaloa,32,2026-04-06 03:13,"$9,950,000 MXN","CALLE BOLUDO #112, Col. Lomas de Mazatlán, Mazatlán, Sinaloa, México, C.P. 82110, ID: 28071609",7 Recámaras | 7 Baños | 296 m 2,https://propiedades.comhttps://propiedades.com/inmuebles/casa-en-venta-calle-boludo--112-lomas-de-mazatlan-sinaloa-28071609
Sinaloa,32,2026-04-06 03:13,"$4,400,000 MXN","Casa en venta, Amapas #45, Col. La Campiña, Culiacán, Sinaloa, México, C.P. 80060, ID: 30249753",3 Recámaras | 3 Baños | 209 m 2,https://propiedades.comhttps://propiedades.com/inmuebles/casa-en-venta-amapas-45-la-campina-sinaloa-30249753
Sinaloa,32,2026-04-06 03:13,"$8,950,000 MXN","Venta de casa en San Alberto #.Int. ., Col. Campo Patricia, Culiacán, Sinaloa, México, C.P. 80300, ID: 29440601",3 Recámaras | 4 Baños | 328 m 2,https://propiedades.comhttps://propiedades.com/inmuebles/casa-en-venta-san-alberto--campo-patricia-sinaloa-29440601
Sinaloa,32,2026-04-06 03:13,"$6,500,000 MXN","NUEVO LEON #326, Col. Sanchez Taboada, Mazatlán, Sinaloa, México, C.P. 82035, ID: 30773013",3 Recámaras | 2 Baños | 313 m 2,https://propiedades.comhttps://propiedades.com/inmuebles/casa-en-venta-nuevo-leon-326-sanchez-taboada-sinaloa-30773013
Sinaloa,32,2026-04-06 03:13,"$4,800,000 MXN","Se vende casa monte caucaso #655 ote, Col. Montebello, Culiacán, Sinaloa, México, C.P. 80227, ID: 30308742",3 Recámaras | 2 Baños | 243 m 2,https://propiedades.comhttps://propiedades.com/inmuebles/casa-en-venta-monte-caucaso-655-ote-montebello-sinaloa-30308742
Sinaloa,32,2026-04-06 03:13,"$3,450,000 MXN","Casa en venta disponible en COTO 4, Col. Real del Valle, Mazatlán, Sinaloa, México, C.P. 82124, ID: 26094234",3 Recámaras | 2 Baños | 132 m 2,https://propiedades.comhttps://propiedades.com/inmuebles/casa-en-venta-coto-4-real-del-valle-sinaloa-26094234
Sinaloa,32,2026-04-06 03:13,"$700,000 MXN","Se vende casa en BACHIMETO, Col. Punta Esmeralda, Navolato, Sinaloa, México, C.P. 80363, ID: 28710923",1 m 2,https://propiedades.comhttps://propiedades.com/inmuebles/casa-en-venta-bachimeto-punta-esmeralda-sinaloa-28710923
Sinaloa,32,2026-04-06 03:13,"$2,739,100 MXN","Venta casa en Privada Cantara, Col. Centro Sinaloa, Culiacán, Sinaloa, México, C.P. 80000, ID: 28823178",3 Recámaras | 2 Baños | 118 m 2,https://propiedades.comhttps://propiedades.com/inmuebles/casa-en-venta-privada-cantara-centro-sinaloa-sinaloa-28823178
Sinaloa,33,2026-04-06 03:13,"$6,950,000 MXN","Se vende casa Priv. Misiones del Rey, Col. 4 de Marzo, Culiacán, Sinaloa, México, C.P. 80054, ID: 30963135",3 Recámaras | 3 Baños | 216 m 2,https://propiedades.comhttps://propiedades.com/inmuebles/casa-en-venta-priv-misiones-del-rey-4-de-marzo-sinaloa-30963135
Sinaloa,33,2026-04-06 03:13,"$3,900,000 MXN","Calle Gramenel #3813, Col. Altamira Sección Barceló, Culiacán, Sinaloa, México, C.P. 80027, ID: 28743971",3 Recámaras | 3 Baños | 201 m 2,https://propiedades.comhttps://propiedades.com/inmuebles/casa-en-venta-calle-gramenel-3813-altamira-seccion-barcelo-sinaloa-28743971
Sinaloa,33,2026-04-06 03:13,"$4,790,000 MXN",", Col. Almar, Mazatlán, Sinaloa, México, C.P. 82112, ID: 30514554",3 Recámaras | 3 Baños | 117 m 2,https://propiedades.comhttps://propiedades.com/inmuebles/casa-en-venta-almar-sinaloa-30514554
Sinaloa,33,2026-04-06 03:13,"$6,950,000 MXN","Casa en venta disponible en Col. Sábalo Country Club, Mazatlán, Sinaloa, México, C.P. 82100, ID: 30971866",4 Recámaras | 3 Baños | 295 m 2,https://propiedades.comhttps://propiedades.com/inmuebles/casa-en-venta-sabalo-country-club-sinaloa-30971866
Sinaloa,33,2026-04-06 03:13,"$6,800,000 MXN","Venta de casa en Las VillasVilla Niza, Col. Los Mochis (Los Mochis), Ahome, Sinaloa, México, C.P. 81369, ID: 30902257",3 Recámaras | 2 Baños | 210 m 2,https://propiedades.comhttps://propiedades.com/inmuebles/casa-en-venta-las-villasvilla-niza-los-mochis-los-mochis-sinaloa-30902257
Sinaloa,33,2026-04-06 03:13,"$4,650,000 MXN","Millan #4280, Col. Real del Valle, Mazatlán, Sinaloa, México, C.P. 82124, ID: 30750917",4 Recámaras | 4 Baños | 210 m 2,https://propiedades.comhttps://propiedades.com/inmuebles/casa-en-venta-millan-4280-real-del-valle-sinaloa-30750917
Sinaloa,33,2026-04-06 03:13,"$6,500,000 MXN","Casa disponible en venta en Avenida del mar #2028Int. 2005, Col. Telleria, Mazatlán, Sinaloa, México, C.P. 82017, ID: 28726172",2 Recámaras | 2 Baños | 111 m 2,https://propiedades.comhttps://propiedades.com/inmuebles/casa-en-venta-avenida-del-mar-2028-telleria-sinaloa-28726172
Sinaloa,33,2026-04-06 03:13,"$6,500,000 MXN","Casa en venta disponible en Cerro de San Andrés #2063, Col. Colinas de San Miguel, Culiacán, Sinaloa, México, C.P. 80228, ID: 28864978",3 Recámaras | 5 Baños | 290 m 2,https://propiedades.comhttps://propiedades.com/inmuebles/casa-en-venta-cerro-de-san-andres-2063-colinas-de-san-miguel-sinaloa-28864978
Sinaloa,33,2026-04-06 03:13,"$5,800,000 MXN","Venta de casa en Playa Copacabana #200, Col. Playas del Sur, Mazatlán, Sinaloa, México, C.P. 82040, ID: 30829668",4 Recámaras | 3 Baños | 240 m 2,https://propiedades.comhttps://propiedades.com/inmuebles/casa-en-venta-playa-copacabana-200-playas-del-sur-sinaloa-30829668
Sinaloa,33,2026-04-06 03:13,"$8,985,000 MXN","Se vende casa Federalismo, Col. Centro Sinaloa, Culiacán, Sinaloa, México, C.P. 80000, ID: 28547590",4 Recámaras | 4 Baños | 385 m 2,https://propiedades.comhttps://propiedades.com/inmuebles/casa-en-venta-federalismo-centro-sinaloa-sinaloa-28547590
Sinaloa,33,2026-04-06 03:13,"$3,508,000 MXN","SONTERRA RESIDENCIAL , Col. Marina Mazatlán, Mazatlán, Sinaloa, México, C.P. 82103, ID: 27714277",3 Recámaras | 2 Baños | 110 m 2,https://propiedades.comhttps://propiedades.com/inmuebles/casa-en-venta-sonterra-residencial-marina-mazatlan-sinaloa-27714277
Sinaloa,33,2026-04-06 03:13,"$20,000,000 MXN","Privada Doña Jimena #S/N, Col. El Cid, Mazatlán, Sinaloa, México, C.P. 82110, ID: 17751175",5 Recámaras | 7 Baños | 625 m 2,https://propiedades.comhttps://propiedades.com/inmuebles/casa-en-venta-privada-dona-jimena--sn-el-cid-sinaloa-17751175
Sinaloa,33,2026-04-06 03:13,"$699,000 USD","Venta de casa Sabalo Cerritos, Col. Cerritos Resort, Mazatlán, Sinaloa, México, C.P. 82112, ID: 30862854",1 Recámara,https://propiedades.comhttps://propiedades.com/inmuebles/casa-en-venta-sabalo-cerritos-cerritos-resort-sinaloa-30862854
Sinaloa,33,2026-04-06 03:13,"$13,500,000 MXN","Venta de casa en Fernando Montes de Oca, Col. Chapultepec, Culiacán, Sinaloa, México, C.P. 80040, ID: 28151927",3 Recámaras | 5 Baños | 608 m 2,https://propiedades.comhttps://propiedades.com/inmuebles/casa-en-venta-fernando-montes-de-oca-chapultepec-sinaloa-28151927
Sinaloa,33,2026-04-06 03:13,"$2,800,000 MXN","Casa en venta, ALFONSO ESTOLANOInt. 1027, Col. Antonio Yamaguchi González, Navolato, Sinaloa, México, C.P. 80322, ID: 28865005",4 Recámaras | 4 Baños | 219 m 2,https://propiedades.comhttps://propiedades.com/inmuebles/casa-en-venta-alfonso-estolano-antonio-yamaguchi-gonzalez-sinaloa-28865005
Sinaloa,33,2026-04-06 03:13,"$8,659,000 MXN","Circuito Mar de Plata #2600Int. 84, Col. Maralago, Culiacán, Sinaloa, México, C.P. 80014, ID: 30347629",3 Recámaras | 4 Baños | 320 m 2,https://propiedades.comhttps://propiedades.com/inmuebles/casa-en-venta-circuito-mar-de-plata-2600-maralago-sinaloa-30347629
Sinaloa,33,2026-04-06 03:13,"$18,900,000 MXN","Cerro de los pilares, Col. Colinas de San Miguel, Culiacán, Sinaloa, México, C.P. 80228, ID: 29002866",3 Recámaras | 3 Baños | 597 m 2,https://propiedades.comhttps://propiedades.com/inmuebles/casa-en-venta-cerro-de-los-pilares-colinas-de-san-miguel-sinaloa-29002866
Sinaloa,33,2026-04-06 03:13,"$40,000,000 MXN","Casa disponible en venta en ESTRELLA DE MAR, Col. Barron, Mazatlán, Sinaloa, México, C.P. 82266, ID: 30596457",6 Recámaras | 6 Baños | 584 m 2,https://propiedades.comhttps://propiedades.com/inmuebles/casa-en-venta-estrella-de-mar-barron-sinaloa-30596457
Sinaloa,33,2026-04-06 03:13,"$950,000 MXN","Calle Principal Ejido El Alamo #Poste 2, Col. El Álamo, Culiacán, Sinaloa, México, C.P. 80398, ID: 29390664",1 Recámara | 1 Baño | 132 m 2,https://propiedades.comhttps://propiedades.com/inmuebles/casa-en-venta-calle-principal-ejido-el-alamo-poste-2-el-alamo-sinaloa-29390664
Sinaloa,33,2026-04-06 03:13,"$6,400,000 MXN","Venta de casa Río San Lorenzo #331, Col. Guadalupe, Culiacán, Sinaloa, México, C.P. 80220, ID: 28726109",5 Recámaras | 5 Baños | 460 m 2,https://propiedades.comhttps://propiedades.com/inmuebles/casa-en-venta-rio-san-lorenzo-331-guadalupe-sinaloa-28726109
Sinaloa,33,2026-04-06 03:13,"$5,120,000 MXN","Casa disponible en venta en Boulevard pedro infante , Col. Country Tres Ríos, Culiacán, Sinaloa, México, C.P. 80107, ID: 24020625",3 Recámaras | 3 Baños | 226 m 2,https://propiedades.comhttps://propiedades.com/inmuebles/casa-en-venta-boulevard-pedro-infante--country-tres-rios-sinaloa-24020625
Sinaloa,33,2026-04-06 03:13,"$6,600,000 MXN","Venta de casa en De las Lichis #1724Int. ., Col. La Campiña, Culiacán, Sinaloa, México, C.P. 80060, ID: 30378919",3 Recámaras | 3 Baños | 367 m 2,https://propiedades.comhttps://propiedades.com/inmuebles/casa-en-venta-de-las-lichis-1724-la-campina-sinaloa-30378919
Sinaloa,33,2026-04-06 03:13,"$3,800,000 MXN","Se vende casa en Interior de la Manzana Portales del Country #2000, Col. Recursos Hidráulicos, Culiacán, Sinaloa, México, C.P. 80105, ID: 30701696",3 Recámaras | 2 Baños | 161 m 2,https://propiedades.comhttps://propiedades.com/inmuebles/casa-en-venta-interior-de-la-manzana-portales-del-country-2000-recursos-hidraulicos-sinaloa-30701696
Sinaloa,33,2026-04-06 03:13,"$750,000 MXN","SAN DIMAS, Col. Santa Fe, Mazatlán, Sinaloa, México, C.P. 82334, ID: 26113978",1 Recámara | 1 Baño | 39 m 2,https://propiedades.comhttps://propiedades.com/inmuebles/casa-en-venta-san-dimas-santa-fe-sinaloa-26113978
Sinaloa,33,2026-04-06 03:13,"$4,450,000 MXN","Casa en venta disponible en Mineral del Palmarito #2030, Col. La Costera, Culiacán, Sinaloa, México, C.P. 80296, ID: 30240959",3 Recámaras | 3 Baños | 334 m 2,https://propiedades.comhttps://propiedades.com/inmuebles/casa-en-venta-mineral-del-palmarito-2030-la-costera-sinaloa-30240959
Sinaloa,33,2026-04-06 03:13,"$1,100,000 MXN","Casa en venta, Artemio del Valle #4361, Col. INFONAVIT Barrancos, Culiacán, Sinaloa, México, C.P. 80189, ID: 30635730",2 Recámaras | 1 Baño | 55 m 2,https://propiedades.comhttps://propiedades.com/inmuebles/casa-en-venta-artemio-del-valle-4361-infonavit-barrancos-sinaloa-30635730
Sinaloa,33,2026-04-06 03:13,"$3,350,000 MXN","Venta de casa en Boulevard Fernando de Alencastre #1664, Col. Portalegre, Culiacán, Sinaloa, México, C.P. 80058, ID: 30273426",3 Recámaras | 2 Baños | 141 m 2,https://propiedades.comhttps://propiedades.com/inmuebles/casa-en-venta-boulevard-fernando-de-alencastre-1664-portalegre-sinaloa-30273426
Sinaloa,33,2026-04-06 03:13,"$2,450,000 MXN","Venta de casa en Rinconada del Reyno #2994, Col. Rincón Real, Culiacán, Sinaloa, México, C.P. 80028, ID: 28944362",2 Recámaras | 2 Baños | 165 m 2,https://propiedades.comhttps://propiedades.com/inmuebles/casa-en-venta-rinconada-del-reyno-2994-rincon-real-sinaloa-28944362
Sinaloa,33,2026-04-06 03:13,"$3,508,000 MXN","AV PASEO DEL PACIFICO, Col. Mazatlan I, Mazatlán, Sinaloa, México, C.P. 82190, ID: 25848920",3 Recámaras | 2 Baños | 110 m 2,https://propiedades.comhttps://propiedades.com/inmuebles/casa-en-venta-av-paseo-del-pacifico-mazatlan-i-sinaloa-25848920
Sinaloa,33,2026-04-06 03:13,"$1,900,000 MXN","Hacienda de La Mora, Culiacán Rosales, Sin. #s/nInt. 0, Col. Hacienda de La Mora, Culiacán, Sinaloa, México, C.P. 80145, ID: 30408023",3 Recámaras | 1 Baño | 109 m 2,https://propiedades.comhttps://propiedades.com/inmuebles/casa-en-venta-hacienda-de-la-mora-culiacan-rosales-sin-sn-hacienda-de-la-mora-sinaloa-30408023
Sinaloa,33,2026-04-06 03:13,"$9,150,000 MXN","Venta casa en Raices, Col. Raíces, Mazatlán, Sinaloa, México, C.P. 82103, ID: 30450213",3 Recámaras | 3 Baños,https://propiedades.comhttps://propiedades.com/inmuebles/casa-en-venta-raices-raices-sinaloa-30450213
Sinaloa,33,2026-04-06 03:13,"$7,350,000 MXN","RESIDENCIAL LOMITA, Col. Centro Sinaloa, Culiacán, Sinaloa, México, C.P. 80000, ID: 28477872",3 Recámaras | 4 Baños | 344 m 2,https://propiedades.comhttps://propiedades.com/inmuebles/casa-en-venta-residencial-lomita-centro-sinaloa-sinaloa-28477872
Sinaloa,33,2026-04-06 03:13,"$3,950,000 MXN","Venta de casa en Platino sur, Col. Coto Platino, Mazatlán, Sinaloa, México, C.P. 82124, ID: 30687063",4 Recámaras | 3 Baños | 145 m 2,https://propiedades.comhttps://propiedades.com/inmuebles/casa-en-venta-platino-sur-coto-platino-sinaloa-30687063
Sinaloa,33,2026-04-06 03:13,"$2,000,000 MXN","Casa en venta disponible en Prolongación Álvaro Obregón #1880Int. 68, Col. Colinas de San Miguel, Culiacán, Sinaloa, México, C.P. 80228, ID: 28944339",48 m 2,https://propiedades.comhttps://propiedades.com/inmuebles/casa-en-venta-prolongacion-alvaro-obregon-1880-colinas-de-san-miguel-sinaloa-28944339
Sinaloa,33,2026-04-06 03:13,"$5,800,000 MXN","PLAYA MAR, Col. Altata, Navolato, Sinaloa, México, C.P. 80363, ID: 29283412",4 Recámaras | 5 Baños | 20 m 2,https://propiedades.comhttps://propiedades.com/inmuebles/casa-en-venta-playa-mar-altata-sinaloa-29283412
Sinaloa,33,2026-04-06 03:13,"$1,500,000 MXN","Casa en venta, CUARTA, Col. El Diez, Culiacán, Sinaloa, México, C.P. 80300, ID: 29385204",4 Recámaras | 2 Baños | 134 m 2,https://propiedades.comhttps://propiedades.com/inmuebles/casa-en-venta-cuarta-el-diez-sinaloa-29385204
Sinaloa,33,2026-04-06 03:13,"$8,950,000 MXN","privada Perla, Col. Bonanza, Culiacán, Sinaloa, México, C.P. 80020, ID: 27702507",5 Recámaras | 4 Baños | 365 m 2,https://propiedades.comhttps://propiedades.com/inmuebles/casa-en-venta-privada-perla-bonanza-sinaloa-27702507
Sinaloa,33,2026-04-06 03:13,"$3,750,000 MXN","Av. Costa Azul 1725, Col. Cerritos al Mar, Mazatlán, Sinaloa, México, C.P. 82112, ID: 30084770",3 Recámaras | 2 Baños | 77 m 2,https://propiedades.comhttps://propiedades.com/inmuebles/casa-en-venta-av-costa-azul-1725-cerritos-al-mar-sinaloa-30084770
Sinaloa,33,2026-04-06 03:13,"$28,000,000 MXN","Se vende casa El Cid, Mazatlán, Sin. #s/n, Col. El Cid, Mazatlán, Sinaloa, México, C.P. 82110, ID: 30924869",4 Recámaras | 7 Baños | 550 m 2,https://propiedades.comhttps://propiedades.com/inmuebles/casa-en-venta-el-cid-mazatlan-sin-sn-el-cid-sinaloa-30924869
Sinaloa,33,2026-04-06 03:13,"$299,900 USD","Se vende casa Coromuel, Col. Playas del Sur, Mazatlán, Sinaloa, México, C.P. 82040, ID: 30985944",3 Recámaras | 294 m 2,https://propiedades.comhttps://propiedades.com/inmuebles/casa-en-venta-coromuel-playas-del-sur-sinaloa-30985944
Sinaloa,33,2026-04-06 03:13,"$600,000 USD","Se vende casa en Sábalo Cerritos #3222Int. |, Col. Las Varas, Mazatlán, Sinaloa, México, C.P. 82100, ID: 25312146",3 Recámaras | 3 Baños | 214 m 2,https://propiedades.comhttps://propiedades.com/inmuebles/casa-en-venta-sabalo-cerritos-3222-las-varas-sinaloa-25312146
Sinaloa,33,2026-04-06 03:13,"$4,200,000 MXN","Venta de casa Andalucía #14, Col. Villas Del Rio Elite, Culiacán, Sinaloa, México, C.P. 80050, ID: 28985948",4 Recámaras | 2 Baños | 244 m 2,https://propiedades.comhttps://propiedades.com/inmuebles/casa-en-venta-andalucia--14-villas-del-rio-elite-sinaloa-28985948
Sinaloa,33,2026-04-06 03:13,"$4,100,000 MXN","Venta de casa Col. Marina Mazatlán, Mazatlán, Sinaloa, México, C.P. 82103, ID: 30848710",2 Recámaras | 1 Baño | 90 m 2,https://propiedades.comhttps://propiedades.com/inmuebles/casa-en-venta-marina-mazatlan-sinaloa-30848710
Sinaloa,33,2026-04-06 03:13,"$5,586,000 MXN","Diego Valadés Ríos, Col. Desarrollo Urbano 3 Ríos, Culiacán, Sinaloa, México, C.P. 80020, ID: 28764323",3 Recámaras | 2 Baños | 117 m 2,https://propiedades.comhttps://propiedades.com/inmuebles/casa-en-venta-diego-valades-rios-desarrollo-urbano-3-rios-sinaloa-28764323
Sinaloa,33,2026-04-06 03:13,"$5,780,000 MXN","Casa en venta, Av. Paseo del pacífico, Col. El Venadillo, Mazatlán, Sinaloa, México, C.P. 82129, ID: 30525647",3 Recámaras | 206 m 2,https://propiedades.comhttps://propiedades.com/inmuebles/casa-en-venta-av-paseo-del-pacifico-el-venadillo-sinaloa-30525647
Sinaloa,33,2026-04-06 03:13,"$2,490,000 MXN","Se vende casa blvd valle alto #001, Col. Valle Alto, Culiacán, Sinaloa, México, C.P. 80050, ID: 30344165",3 Recámaras | 3 Baños | 98 m 2,https://propiedades.comhttps://propiedades.com/inmuebles/casa-en-venta-blvd-valle-alto-001-valle-alto-sinaloa-30344165
Sinaloa,33,2026-04-06 03:13,"$4,200,000 MXN","Se vende casa Av. Paseo del AtlánticoFraccionamiento Real Pacífico, Col. Real Pacífico, Mazatlán, Sinaloa, México, C.P. 82124, ID: 30624997",3 Recámaras | 3 Baños | 180 m 2,https://propiedades.comhttps://propiedades.com/inmuebles/casa-en-venta-av-paseo-del-atlanticofraccionamiento-real-pacifico-real-pacifico-sinaloa-30624997
Sinaloa,34,2026-04-06 03:13,"$4,995,000 MXN","Venta casa en carretera habal-cerritos, Col. Almarena Residencial, Mazatlán, Sinaloa, México, C.P. 82112, ID: 29783382",3 Recámaras | 2 Baños | 130 m 2,https://propiedades.comhttps://propiedades.com/inmuebles/casa-en-venta-carretera-habalcerritos-almarena-residencial-sinaloa-29783382
Sinaloa,34,2026-04-06 03:13,"$8,500,000 MXN","Venta de casa De La Toronja #1802, Col. La Campiña, Culiacán, Sinaloa, México, C.P. 80060, ID: 30541630",5 Recámaras | 4 Baños | 368 m 2,https://propiedades.comhttps://propiedades.com/inmuebles/casa-en-venta-de-la-toronja-1802-la-campina-sinaloa-30541630
Sinaloa,34,2026-04-06 03:13,"$7,750,000 MXN","Paseo del Real, Col. Club Real, Mazatlán, Sinaloa, México, C.P. 82113, ID: 30582323",3 Recámaras | 3 Baños | 255 m 2,https://propiedades.comhttps://propiedades.com/inmuebles/casa-en-venta-paseo-del-real-club-real-sinaloa-30582323
Sinaloa,34,2026-04-06 03:13,"$13,500,000 MXN","Emilia Obeso López #1371, Col. Chapultepec Del Rio, Culiacán, Sinaloa, México, C.P. 80040, ID: 29390647",4 Recámaras | 4 Baños | 334 m 2,https://propiedades.comhttps://propiedades.com/inmuebles/casa-en-venta-emilia-obeso-lopez-1371-chapultepec-del-rio-sinaloa-29390647
Sinaloa,34,2026-04-06 03:13,"$9,100,000 MXN","Venta de casa en Concordia , Col. Montecarlo Residencial, Culiacán, Sinaloa, México, C.P. 80054, ID: 28689832",4 Recámaras | 4 Baños | 386 m 2,https://propiedades.comhttps://propiedades.com/inmuebles/casa-en-venta-concordia--montecarlo-residencial-sinaloa-28689832
Sinaloa,34,2026-04-06 03:13,"$11,500,000 MXN","Venta casa en Residencial Alamos, Col. Los Álamos, Culiacán, Sinaloa, México, C.P. 80100, ID: 28622299",4 Recámaras | 4 Baños,https://propiedades.comhttps://propiedades.com/inmuebles/casa-en-venta-residencial-alamos-los-alamos-sinaloa-28622299
Sinaloa,34,2026-04-06 03:13,"$53,653,603 MXN","Se vende casa estrella del mar #s/n, Col. Isla de La Piedra, Mazatlán, Sinaloa, México, C.P. 82043, ID: 28787847",3 Recámaras | 4 Baños | 448 m 2,https://propiedades.comhttps://propiedades.com/inmuebles/casa-en-venta-estrella-del-mar-sn-isla-de-la-piedra-sinaloa-28787847
Sinaloa,34,2026-04-06 03:13,"$908,000 MXN","COLINA BAJA #SN, Col. Colinas del Real, Mazatlán, Sinaloa, México, C.P. 82136, ID: 30406148",1 Recámara | 1 Baño | 37 m 2,https://propiedades.comhttps://propiedades.com/inmuebles/casa-en-venta-colina-baja-sn-colinas-del-real-sinaloa-30406148
Sinaloa,34,2026-04-06 03:13,"$16,000,000 MXN","Se vende casa en Sector Fátima, Col. Sector Fátima, Ahome, Sinaloa, México, C.P. 81220, ID: 30653303",5 Recámaras | 660 m 2,https://propiedades.comhttps://propiedades.com/inmuebles/casa-en-venta-sector-fatima-sector-fatima-sinaloa-30653303
Sinaloa,34,2026-04-06 03:13,"$8,210,000 MXN","Casa en venta disponible en De Los Naranjos #1978, Col. La Campiña, Culiacán, Sinaloa, México, C.P. 80060, ID: 28478446",4 Recámaras | 4 Baños | 381 m 2,https://propiedades.comhttps://propiedades.com/inmuebles/casa-en-venta-de-los-naranjos-1978-la-campina-sinaloa-28478446
Sinaloa,34,2026-04-06 03:13,"$2,950,000 MXN","Venta de casa en Villa del Rosario #3239, Col. Acueducto, Culiacán, Sinaloa, México, C.P. 80058, ID: 30561331",3 Recámaras | 1 Baño | 165 m 2,https://propiedades.comhttps://propiedades.com/inmuebles/casa-en-venta-villa-del-rosario-3239-acueducto-sinaloa-30561331
Sinaloa,34,2026-04-06 03:13,"$5,500,000 MXN","Venta de casa en Presa La Boquilla, Col. Las Quintas, Culiacán, Sinaloa, México, C.P. 80060, ID: 27272556",6 Recámaras | 6 Baños | 328 m 2,https://propiedades.comhttps://propiedades.com/inmuebles/casa-en-venta-presa-la-boquilla-las-quintas-sinaloa-27272556
Sinaloa,34,2026-04-06 03:13,"$4,500,000 MXN","Col. Sábalo Country Club, Mazatlán, Sinaloa, México, C.P. 82100, ID: 31028704",3 Recámaras | 3 Baños | 175 m 2,https://propiedades.comhttps://propiedades.com/inmuebles/casa-en-venta-sabalo-country-club-sinaloa-31028704
Sinaloa,34,2026-04-06 03:13,"$3,950,000 MXN","Avenida Las Peras #91, Col. San Pedro, Navolato, Sinaloa, México, C.P. 80376, ID: 29738346",3 Recámaras | 3 Baños | 152 m 2,https://propiedades.comhttps://propiedades.com/inmuebles/casa-en-venta-avenida-las-peras-91-san-pedro-sinaloa-29738346
Sinaloa,34,2026-04-06 03:13,"$2,950,000 MXN","Se vende casa Stanza Torralba, Col. Florenza, Culiacán, Sinaloa, México, C.P. 80247, ID: 30295377",3 Recámaras | 2 Baños | 123 m 2,https://propiedades.comhttps://propiedades.com/inmuebles/casa-en-venta-stanza-torralba-florenza-sinaloa-30295377
Sinaloa,34,2026-04-06 03:13,"$4,100,000 MXN","Casa en venta disponible en Col. Sonterra Residencial II, Mazatlán, Sinaloa, México, C.P. 82124, ID: 30535218",2 Recámaras | 2 Baños | 90 m 2,https://propiedades.comhttps://propiedades.com/inmuebles/casa-en-venta-sonterra-residencial-ii-sinaloa-30535218
Sinaloa,34,2026-04-06 03:13,"$3,560,000 MXN","Casa en venta disponible en Privada Nogal, Col. Perisur, Culiacán, Sinaloa, México, C.P. 80197, ID: 30578031",3 Recámaras | 3 Baños | 140 m 2,https://propiedades.comhttps://propiedades.com/inmuebles/casa-en-venta-privada-nogal-perisur-sinaloa-30578031
Sinaloa,34,2026-04-06 03:13,"$340,000 USD","Casa disponible en venta en Flamingos, Col. Palos Prietos, Mazatlán, Sinaloa, México, C.P. 82010, ID: 30849004",3 Recámaras | 256 m 2,https://propiedades.comhttps://propiedades.com/inmuebles/casa-en-venta-flamingos-palos-prietos-sinaloa-30849004
Sinaloa,34,2026-04-06 03:13,"$12,500,000 MXN","Se vende casa juan o gorman #190, Col. Lago Tres Ríos, Culiacán, Sinaloa, México, C.P. 80027, ID: 30290950",3 Recámaras | 4 Baños | 359 m 2,https://propiedades.comhttps://propiedades.com/inmuebles/casa-en-venta-juan-o-gorman-190-lago-tres-rios-sinaloa-30290950
Sinaloa,34,2026-04-06 03:13,"$4,850,000 MXN","Venta casa en Millan #6100, Col. Real del Valle, Mazatlán, Sinaloa, México, C.P. 82124, ID: 30750912",4 Recámaras | 3 Baños | 210 m 2,https://propiedades.comhttps://propiedades.com/inmuebles/casa-en-venta-millan-6100-real-del-valle-sinaloa-30750912
Sinaloa,34,2026-04-06 03:13,"$2,357,370 MXN","Cerrada Africano #1284, Col. Villa Bonita, Culiacán, Sinaloa, México, C.P. 80199, ID: 28770198",2 Recámaras | 2 Baños | 66 m 2,https://propiedades.comhttps://propiedades.com/inmuebles/casa-en-venta-cerrada-africano-1284-villa-bonita-sinaloa-28770198
Sinaloa,34,2026-04-06 03:13,"$5,500,000 MXN","Se vende casa en AV paseo del Pacífico #82000, Col. Sonterra Residencial II, Mazatlán, Sinaloa, México, C.P. 82124, ID: 29807050",4 Recámaras | 4 Baños | 212 m 2,https://propiedades.comhttps://propiedades.com/inmuebles/casa-en-venta-av-paseo-del-pacifico-82000-sonterra-residencial-ii-sinaloa-29807050
Sinaloa,34,2026-04-06 03:13,"$4,900,000 MXN","Venta de casa , Col. Real del Valle, Mazatlán, Sinaloa, México, C.P. 82124, ID: 28249242",4 Recámaras | 3 Baños | 176 m 2,https://propiedades.comhttps://propiedades.com/inmuebles/casa-en-venta-real-del-valle-sinaloa-28249242
Sinaloa,34,2026-04-06 03:13,"$10,500,000 MXN","Casa en venta, Vialidad del Congreso #2554, Col. Prados de Occidente, Culiacán, Sinaloa, México, C.P. 80050, ID: 30250217",5 Recámaras | 5 Baños | 465 m 2,https://propiedades.comhttps://propiedades.com/inmuebles/casa-en-venta-vialidad-del-congreso-2554-prados-de-occidente-sinaloa-30250217
Sinaloa,34,2026-04-06 03:13,"$10,000,000 MXN","Venta casa en CAMINO DEL FARO, Col. Marina Mazatlán, Mazatlán, Sinaloa, México, C.P. 82103, ID: 28726171",3 Recámaras | 4 Baños | 295 m 2,https://propiedades.comhttps://propiedades.com/inmuebles/casa-en-venta-camino-del-faro-marina-mazatlan-sinaloa-28726171
Sinaloa,34,2026-04-06 03:13,"$3,088,799 MXN","Casa en venta disponible en Alvaro del Portillo, Col. Valle Alto, Culiacán, Sinaloa, México, C.P. 80050, ID: 28367187",3 Recámaras | 2 Baños | 174 m 2,https://propiedades.comhttps://propiedades.com/inmuebles/casa-en-venta-alvaro-del-portillo-valle-alto-sinaloa-28367187
Sinaloa,34,2026-04-06 03:13,"$3,500,000 MXN","Se vende casa en , Col. Quila, Culiacán, Sinaloa, México, C.P. 80480, ID: 30814624",2100 m 2,https://propiedades.comhttps://propiedades.com/inmuebles/casa-en-venta-quila-sinaloa-30814624
Sinaloa,34,2026-04-06 03:13,"$4,761,000 MXN","Venta de casa en Roosevelt, Col. Centro, Mazatlán, Sinaloa, México, C.P. 82000, ID: 30387950",3 Recámaras | 2 Baños | 206 m 2,https://propiedades.comhttps://propiedades.com/inmuebles/casa-en-venta-roosevelt-centro-sinaloa-30387950
Sinaloa,34,2026-04-06 03:13,"$9,500,000 MXN","Casa disponible en venta en , Col. Palos Prietos, Mazatlán, Sinaloa, México, C.P. 82010, ID: 29915921",4 Recámaras | 5 Baños | 420 m 2,https://propiedades.comhttps://propiedades.com/inmuebles/casa-en-venta-palos-prietos-sinaloa-29915921
Sinaloa,34,2026-04-06 03:13,"$4,970,000 MXN","Venta de casa en Avenida Alfonso Genaro Calderón 12, Col. Libertad de Expresión, Mazatlán, Sinaloa, México, C.P. 82127, ID: 30607046",3 Recámaras | 2 Baños | 280 m 2,https://propiedades.comhttps://propiedades.com/inmuebles/casa-en-venta-avenida-alfonso-genaro-calderon-12-libertad-de-expresion-sinaloa-30607046
Sinaloa,34,2026-04-06 03:13,"$6,850,000 MXN","Venta de casa en Const. Ignacio Ramos Parslow, Col. Libertad, Culiacán, Sinaloa, México, C.P. 80180, ID: 27403804",4 Recámaras | 3 Baños | 404 m 2,https://propiedades.comhttps://propiedades.com/inmuebles/casa-en-venta-const-ignacio-ramos-parslow-libertad-sinaloa-27403804
Sinaloa,34,2026-04-06 03:13,"$4,600,000 MXN","Casa en venta disponible en Privada tercera #1490, Col. Chapultepec, Culiacán, Sinaloa, México, C.P. 80040, ID: 28939425",3 Recámaras | 3 Baños | 232 m 2,https://propiedades.comhttps://propiedades.com/inmuebles/casa-en-venta-privada-tercera-1490-chapultepec-sinaloa-28939425
Sinaloa,34,2026-04-06 03:13,"$715,000 MXN","Se vende casa en Calle General Jose Robles 2000 #2000, Col. Francisco Villa, Mazatlán, Sinaloa, México, C.P. 82127, ID: 28566147",3 Recámaras | 2 Baños | 140 m 2,https://propiedades.comhttps://propiedades.com/inmuebles/casa-en-venta-calle-general-jose-robles-2000-2000-francisco-villa-sinaloa-28566147
Sinaloa,34,2026-04-06 03:13,"$2,400,000 MXN","Casa en venta, , Col. Fraccionamiento Córcega, Culiacán, Sinaloa, México, C.P. 80294, ID: 30070065",3 Recámaras | 1 Baño | 86 m 2,https://propiedades.comhttps://propiedades.com/inmuebles/casa-en-venta-fraccionamiento-corcega-sinaloa-30070065
Sinaloa,34,2026-04-06 03:13,"$9,650,000 MXN","Venta de casa en Cto. Atlantico 2010, Col. El Palmar, Mazatlán, Sinaloa, México, C.P. 82112, ID: 30625785",4 Recámaras | 3 Baños | 295 m 2,https://propiedades.comhttps://propiedades.com/inmuebles/casa-en-venta-cto-atlantico-2010-el-palmar-sinaloa-30625785
Sinaloa,34,2026-04-06 03:13,"$1,645,000 MXN","Venta de casa en Pascual Orozco #1181, Col. Los Pinos, Culiacán, Sinaloa, México, C.P. 80128, ID: 30411495",2 Baños | 120 m 2,https://propiedades.comhttps://propiedades.com/inmuebles/casa-en-venta-pascual-orozco-1181-los-pinos-sinaloa-30411495
Sinaloa,34,2026-04-06 03:13,"$1,990,000 MXN","Casa disponible en venta en ejido del conchi #s/n, Col. Valle Del Ejido, Mazatlán, Sinaloa, México, C.P. 82134, ID: 28318849",3 Recámaras | 2 Baños | 104 m 2,https://propiedades.comhttps://propiedades.com/inmuebles/casa-en-venta-ejido-del-conchi-sn-valle-del-ejido-sinaloa-28318849
Sinaloa,34,2026-04-06 03:13,"$5,000,000 MXN","Se vende casa en pacific hills, Col. Sinaloa, Mazatlán, Sinaloa, México, C.P. 82134, ID: 28411474",3 Recámaras | 3 Baños | 191 m 2,https://propiedades.comhttps://propiedades.com/inmuebles/casa-en-venta-pacific-hills-sinaloa-sinaloa-28411474
Sinaloa,34,2026-04-06 03:13,"$1,800,000 MXN","Venta de casa en Stanza Toscana #1Int. 8, Col. Villa Del Real, Culiacán, Sinaloa, México, C.P. 80247, ID: 28718608",4 Recámaras | 2 Baños | 99 m 2,https://propiedades.comhttps://propiedades.com/inmuebles/casa-en-venta-stanza-toscana-1-villa-del-real-sinaloa-28718608
Sinaloa,34,2026-04-06 03:13,"$7,500,000 MXN","Se vende casa en San Agustin , Col. La Primavera, Culiacán, Sinaloa, México, C.P. 80199, ID: 27977063",3 Recámaras | 3 Baños | 293 m 2,https://propiedades.comhttps://propiedades.com/inmuebles/casa-en-venta-san-agustin-la-primavera-sinaloa-27977063
Sinaloa,34,2026-04-06 03:13,"$4,600,000 MXN","Las Palmas, Col. Los Pinos, Mazatlán, Sinaloa, México, C.P. 82000, ID: 30834337",3 Recámaras | 192 m 2,https://propiedades.comhttps://propiedades.com/inmuebles/casa-en-venta-las-palmas-los-pinos-sinaloa-30834337
Sinaloa,34,2026-04-06 03:13,"$13,000,000 MXN","Casa en venta disponible en , Col. El Cid, Mazatlán, Sinaloa, México, C.P. 82110, ID: 30382918",4 Recámaras | 4 Baños | 593 m 2,https://propiedades.comhttps://propiedades.com/inmuebles/casa-en-venta-el-cid-sinaloa-30382918
Sinaloa,34,2026-04-06 03:13,"$14,900,000 MXN","Casa en venta disponible en Av. Alvaro Obregon, Col. Centro Sinaloa, Culiacán, Sinaloa, México, C.P. 80000, ID: 28652503",3 Recámaras | 3 Baños | 552 m 2,https://propiedades.comhttps://propiedades.com/inmuebles/casa-en-venta-av-alvaro-obregon-centro-sinaloa-sinaloa-28652503
Sinaloa,35,2026-04-06 03:13,"$3,950,000 MXN","Venta de casa en PUNTA ESMERALDA DOS , Col. Altata, Navolato, Sinaloa, México, C.P. 80363, ID: 26673874",3 Recámaras | 4 Baños | 101 m 2,https://propiedades.comhttps://propiedades.com/inmuebles/casa-en-venta-punta-esmeralda-dos-altata-sinaloa-26673874
Sinaloa,35,2026-04-06 03:13,"$7,900,000 MXN","Se vende casa en Mar Blanco, Col. Cerritos Resort, Mazatlán, Sinaloa, México, C.P. 82112, ID: 30825612",3 Recámaras | 242 m 2,https://propiedades.comhttps://propiedades.com/inmuebles/casa-en-venta-mar-blanco-cerritos-resort-sinaloa-30825612
Sinaloa,35,2026-04-06 03:13,"$4,650,000 MXN","Venta de casa en calle millan #3752, Col. Real del Valle, Mazatlán, Sinaloa, México, C.P. 82124, ID: 30752995",4 Recámaras | 4 Baños | 208 m 2,https://propiedades.comhttps://propiedades.com/inmuebles/casa-en-venta-calle-millan-3752-real-del-valle-sinaloa-30752995
Sinaloa,35,2026-04-06 03:13,"$19,500,000 MXN","Se vende casa Don Julio Berdegué Aznar #8162, Col. El Cid, Mazatlán, Sinaloa, México, C.P. 82110, ID: 28492036",4 Recámaras | 4 Baños | 410 m 2,https://propiedades.comhttps://propiedades.com/inmuebles/casa-en-venta-don-julio-berdegue-aznar-8162-el-cid-sinaloa-28492036
Sinaloa,35,2026-04-06 03:13,"$1,300,000 MXN","urbi villa del sol, Col. Urbi Villa del Sol, Culiacán, Sinaloa, México, C.P. 80194, ID: 30115369",2 Recámaras | 1 Baño,https://propiedades.comhttps://propiedades.com/inmuebles/casa-en-venta-urbi-villa-del-sol-urbi-villa-del-sol-sinaloa-30115369
Sinaloa,35,2026-04-06 03:13,"$5,780,000 MXN","Se vende casa Av. Paseo del pacífico, Col. El Venadillo, Mazatlán, Sinaloa, México, C.P. 82129, ID: 30525639",3 Recámaras | 222 m 2,https://propiedades.comhttps://propiedades.com/inmuebles/casa-en-venta-av-paseo-del-pacifico-el-venadillo-sinaloa-30525639
Sinaloa,35,2026-04-06 03:13,"$810,000 USD","Venta de casa ERNESTO COPPEL CAMPAÑA, Col. Potrero de Carrasco, Mazatlán, Sinaloa, México, C.P. 82277, ID: 30525503",4 Recámaras | 451 m 2,https://propiedades.comhttps://propiedades.com/inmuebles/casa-en-venta-ernesto-coppel-campana-potrero-de-carrasco-sinaloa-30525503
Sinaloa,35,2026-04-06 03:13,"$3,950,000 MXN","Casa en venta, THE POINT, Col. Altata, Navolato, Sinaloa, México, C.P. 80363, ID: 24189985",3 Recámaras | 2 Baños | 168 m 2,https://propiedades.comhttps://propiedades.com/inmuebles/casa-en-venta-the-point-altata-sinaloa-24189985
Sinaloa,35,2026-04-06 03:13,"$5,350,000 MXN","Casa en venta, Marde cortes #1711Int. 1711, Col. Azul Marino, Mazatlán, Sinaloa, México, C.P. 82112, ID: 29203827",3 Recámaras | 4 Baños | 185 m 2,https://propiedades.comhttps://propiedades.com/inmuebles/casa-en-venta-marde-cortes-1711-azul-marino-sinaloa-29203827
Sinaloa,35,2026-04-06 03:13,"$2,423,000 MXN","Circuito Corina, Col. Santa Susana, Culiacán, Sinaloa, México, C.P. 80184, ID: 28542477",3 Recámaras | 2 Baños | 136 m 2,https://propiedades.comhttps://propiedades.com/inmuebles/casa-en-venta-circuito-corina-santa-susana-sinaloa-28542477
Sinaloa,35,2026-04-06 03:13,"$10,800,000 MXN","Casa en venta disponible en Col. Marina Mazatlán, Mazatlán, Sinaloa, México, C.P. 82103, ID: 30971864",4 Recámaras | 4 Baños | 344 m 2,https://propiedades.comhttps://propiedades.com/inmuebles/casa-en-venta-marina-mazatlan-sinaloa-30971864
Sinaloa,35,2026-04-06 03:13,"$11,500,000 MXN",", Col. Sábalo Country Club, Mazatlán, Sinaloa, México, C.P. 82100, ID: 29518678",4 Recámaras | 3 Baños | 432 m 2,https://propiedades.comhttps://propiedades.com/inmuebles/casa-en-venta-sabalo-country-club-sinaloa-29518678
Sinaloa,35,2026-04-06 03:13,"$35,000,000 MXN","Venta de casa AV. ERNESTO COPPEL, Col. Delfines, Mazatlán, Sinaloa, México, C.P. 82132, ID: 30806088",3 Recámaras | 4 Baños | 500 m 2,https://propiedades.comhttps://propiedades.com/inmuebles/casa-en-venta-av-ernesto-coppel-delfines-sinaloa-30806088
Sinaloa,35,2026-04-06 03:13,"$68,000,000 MXN","Casa en venta, del campeador, Col. Marina El Cid, Mazatlán, Sinaloa, México, C.P. 82102, ID: 28904398",5 Recámaras | 7 Baños | 1250 m 2,https://propiedades.comhttps://propiedades.com/inmuebles/casa-en-venta-del-campeador-marina-el-cid-sinaloa-28904398
Sinaloa,35,2026-04-06 03:13,"$810,000 MXN","Venta de casa SANTA LARISA, Col. Los Ángeles (Santa Fe), Mazatlán, Sinaloa, México, C.P. 82150, ID: 26113996",1 Recámara | 1 Baño | 37 m 2,https://propiedades.comhttps://propiedades.com/inmuebles/casa-en-venta-santa-larisa-los-angeles-santa-fe-sinaloa-26113996
Sinaloa,35,2026-04-06 03:13,"$6,500,000 MXN","Se vende casa en Dr. Ponce de León #125, Col. Chapultepec, Culiacán, Sinaloa, México, C.P. 80040, ID: 30234277",3 Recámaras | 3 Baños | 309 m 2,https://propiedades.comhttps://propiedades.com/inmuebles/casa-en-venta-dr-ponce-de-leon--125-chapultepec-sinaloa-30234277
Sinaloa,35,2026-04-06 03:13,"$12,500,000 MXN","Casa en venta, Club Real Residencial, Marina Mazatlán, 82113 Mazatlán, Sin. #s/n, Col. Club Real, Mazatlán, Sinaloa, México, C.P. 82113, ID: 30987160",3 Recámaras | 4 Baños | 354 m 2,https://propiedades.comhttps://propiedades.com/inmuebles/casa-en-venta-club-real-residencial-marina-mazatlan-82113-mazatlan-sin-sn-club-real-sinaloa-30987160
Sinaloa,35,2026-04-06 03:13,"$2,850,000 MXN",", Col. Culiacán (Culiacán), Culiacán, Sinaloa, México, C.P. 80139, ID: 30948091",3 Recámaras | 2 Baños | 146 m 2,https://propiedades.comhttps://propiedades.com/inmuebles/casa-en-venta-culiacan-culiacan-sinaloa-30948091
Sinaloa,35,2026-04-06 03:13,"$3,800,000 MXN","Casa en venta, Chieti #3336, Col. Stanza Toscana, Culiacán, Sinaloa, México, C.P. 80050, ID: 29734204",3 Recámaras | 3 Baños | 160 m 2,https://propiedades.comhttps://propiedades.com/inmuebles/casa-en-venta-chieti-3336-stanza-toscana-sinaloa-29734204
Sinaloa,35,2026-04-06 03:13,"$3,690,000 MXN","Venta de casa en Viñedos, Los Mochis, Sin. #899, Col. Primer Cuadro (Centro), Ahome, Sinaloa, México, C.P. 81200, ID: 31014293",4 Recámaras | 2 Baños | 178 m 2,https://propiedades.comhttps://propiedades.com/inmuebles/casa-en-venta-vinedos-los-mochis-sin-899-primer-cuadro-centro-sinaloa-31014293
Sinaloa,35,2026-04-06 03:13,"$4,550,000 MXN","Casa en venta, GEORGIA, Col. Valle Alto, Culiacán, Sinaloa, México, C.P. 80050, ID: 26050224",3 Recámaras | 3 Baños | 219 m 2,https://propiedades.comhttps://propiedades.com/inmuebles/casa-en-venta-georgia-valle-alto-sinaloa-26050224
Sinaloa,35,2026-04-06 03:13,"$12,600,000 MXN","Casa en venta, , Col. Marina Mazatlán, Mazatlán, Sinaloa, México, C.P. 82103, ID: 30786921",4 Recámaras | 3 Baños | 300 m 2,https://propiedades.comhttps://propiedades.com/inmuebles/casa-en-venta-marina-mazatlan-sinaloa-30786921
Sinaloa,35,2026-04-06 03:13,"$676,800 MXN","Venta casa en CARRETERA LIBRE MAZATLÁN, Col. El Venadillo, Mazatlán, Sinaloa, México, C.P. 82129, ID: 28864967",1 m 2,https://propiedades.comhttps://propiedades.com/inmuebles/casa-en-venta-carretera-libre-mazatlan-el-venadillo-sinaloa-28864967
Sinaloa,35,2026-04-06 03:13,"$20,000,000 MXN","Venus, Col. Centro, Mazatlán, Sinaloa, México, C.P. 82000, ID: 30579608",8 Recámaras | 5 Baños | 780 m 2,https://propiedades.comhttps://propiedades.com/inmuebles/casa-en-venta-venus-centro-sinaloa-30579608
Sinaloa,35,2026-04-06 03:13,"$5,200,000 MXN","Venta de casa Av. Teniente Juan de la Barrera Nte. #1750, Col. Chapultepec, Culiacán, Sinaloa, México, C.P. 80040, ID: 31019198",7 Recámaras | 4 Baños | 230 m 2,https://propiedades.comhttps://propiedades.com/inmuebles/casa-en-venta-av-teniente-juan-de-la-barrera-nte-1750-chapultepec-sinaloa-31019198
Sinaloa,35,2026-04-06 03:13,"$4,296,477 MXN","ERNESTO COPPEL CAMPAÑA, Col. Delfines, Mazatlán, Sinaloa, México, C.P. 82132, ID: 28864997",2 Recámaras | 2 Baños | 80 m 2,https://propiedades.comhttps://propiedades.com/inmuebles/casa-en-venta-ernesto-coppel-campana-delfines-sinaloa-28864997
Sinaloa,35,2026-04-06 03:13,"$2,350,000 MXN","Se vende casa Stanza Toscana, Col. Stanza Toscana, Culiacán, Sinaloa, México, C.P. 80050, ID: 30992065",3 Recámaras | 2 Baños | 1 m 2,https://propiedades.comhttps://propiedades.com/inmuebles/casa-en-venta-stanza-toscana-stanza-toscana-sinaloa-30992065
Sinaloa,35,2026-04-06 03:13,"$2,330,000 MXN","Se vende casa en Calle Claveles #2794Int. 2794, Col. Villas Del Rio, Culiacán, Sinaloa, México, C.P. 80050, ID: 28111666",3 Recámaras | 3 Baños | 214 m 2,https://propiedades.comhttps://propiedades.com/inmuebles/casa-en-venta-calle-claveles-2794-villas-del-rio-sinaloa-28111666
Sinaloa,35,2026-04-06 03:13,"$8,900,000 MXN","Casa en venta, Gabriel Leyva, Col. Gabriel Leyva, Culiacán, Sinaloa, México, C.P. 80030, ID: 30998643",3 Recámaras | 2 Baños | 361 m 2,https://propiedades.comhttps://propiedades.com/inmuebles/casa-en-venta-gabriel-leyva-gabriel-leyva-sinaloa-30998643
Sinaloa,35,2026-04-06 03:13,"$3,430,000 MXN","playa perla #1200, Col. Cerritos al Mar, Mazatlán, Sinaloa, México, C.P. 82112, ID: 28732844",2 Recámaras | 3 Baños | 74 m 2,https://propiedades.comhttps://propiedades.com/inmuebles/casa-en-venta-playa-perla-1200-cerritos-al-mar-sinaloa-28732844
Sinaloa,35,2026-04-06 03:13,"$365,000 USD","Casa en venta disponible en TEACAPAN, Col. Teacapan, Escuinapa, Sinaloa, México, C.P. 82560, ID: 29027097",2 Recámaras | 3 Baños | 113 m 2,https://propiedades.comhttps://propiedades.com/inmuebles/casa-en-venta-teacapan-teacapan-sinaloa-29027097
Sinaloa,35,2026-04-06 03:13,"$1,980,000 MXN","Venta casa en Calle Primer Valle #2977, Col. Valle Alto, Culiacán, Sinaloa, México, C.P. 80050, ID: 30649010",3 Recámaras | 1 Baño | 65 m 2,https://propiedades.comhttps://propiedades.com/inmuebles/casa-en-venta-calle-primer-valle-2977-valle-alto-sinaloa-30649010
Sinaloa,35,2026-04-06 03:13,"$7,500,000 MXN","Venta de casa Presa Mal Paso #907, Col. Las Quintas, Culiacán, Sinaloa, México, C.P. 80060, ID: 28024217",4 Recámaras | 4 Baños | 336 m 2,https://propiedades.comhttps://propiedades.com/inmuebles/casa-en-venta-presa-mal-paso-907-las-quintas-sinaloa-28024217
Sinaloa,35,2026-04-06 03:13,"$5,850,000 MXN","Venta de casa Av. del Pacifico, Col. Real Pacífico, Mazatlán, Sinaloa, México, C.P. 82124, ID: 29958525",3 Recámaras | 3 Baños | 243 m 2,https://propiedades.comhttps://propiedades.com/inmuebles/casa-en-venta-av-del-pacifico-real-pacifico-sinaloa-29958525
Sinaloa,35,2026-04-06 03:13,"$1,595,000 MXN","Se vende casa Casa en venta en Col Jaripillo en Mazatlán , Col. Luis Echeverría Alvarez, Mazatlán, Sinaloa, México, C.P. 82160, ID: 31032700",2 Recámaras | 1 Baño | 58 m 2,https://propiedades.comhttps://propiedades.com/inmuebles/casa-en-venta-casa-en-venta-en-col-jaripillo-en-mazatlan-luis-echeverria-alvarez-sinaloa-31032700
Sinaloa,35,2026-04-06 03:13,"$5,000,000 MXN","coto platino norte, Col. Coto Platino, Mazatlán, Sinaloa, México, C.P. 82124, ID: 28890860",4 Recámaras | 3 Baños | 212 m 2,https://propiedades.comhttps://propiedades.com/inmuebles/casa-en-venta-coto-platino-norte-coto-platino-sinaloa-28890860
Sinaloa,35,2026-04-06 03:13,"$22,000,000 MXN","Col. El Cid, Mazatlán, Sinaloa, México, C.P. 82110, ID: 30979343",4 Recámaras | 6 Baños | 600 m 2,https://propiedades.comhttps://propiedades.com/inmuebles/casa-en-venta-el-cid-sinaloa-30979343
Sinaloa,35,2026-04-06 03:13,"$4,650,000 MXN","Se vende casa Milán #7100, Col. Real del Valle, Mazatlán, Sinaloa, México, C.P. 82124, ID: 30747276",4 Recámaras | 3 Baños | 210 m 2,https://propiedades.comhttps://propiedades.com/inmuebles/casa-en-venta-milan--7100-real-del-valle-sinaloa-30747276
Sinaloa,35,2026-04-06 03:13,"$7,100,000 MXN","Venta de casa Francisco Javier Gaxiola #3625, Col. Guadalupe Victoria, Culiacán, Sinaloa, México, C.P. 80455, ID: 30595310",3 Recámaras | 3 Baños | 343 m 2,https://propiedades.comhttps://propiedades.com/inmuebles/casa-en-venta-francisco-javier-gaxiola-3625-guadalupe-victoria-sinaloa-30595310
Sinaloa,35,2026-04-06 03:13,"$9,500,000 MXN","Se vende casa PUEBLO BONITO, Col. Pueblo Bonito, Culiacán, Sinaloa, México, C.P. 80020, ID: 29068744",4 Recámaras | 4 Baños | 448 m 2,https://propiedades.comhttps://propiedades.com/inmuebles/casa-en-venta-pueblo-bonito-pueblo-bonito-sinaloa-29068744
Sinaloa,35,2026-04-06 03:13,"$1,950,000 MXN","Casa en venta, , Col. Bosques del Pedregal, Ahome, Sinaloa, México, C.P. 81234, ID: 26544382",3 Recámaras | 2 Baños | 105 m 2,https://propiedades.comhttps://propiedades.com/inmuebles/casa-en-venta-bosques-del-pedregal-sinaloa-26544382
Sinaloa,35,2026-04-06 03:13,"$2,500,000 MXN","Venta de casa Papiros #2007, Col. Bonaterra, Culiacán, Sinaloa, México, C.P. 80058, ID: 29734202",4 Recámaras | 2 Baños | 135 m 2,https://propiedades.comhttps://propiedades.com/inmuebles/casa-en-venta-papiros-2007-bonaterra-sinaloa-29734202
Sinaloa,36,2026-04-06 03:13,"$13,900,000 MXN","LA VENTANA, Col. Colinas de San Miguel, Culiacán, Sinaloa, México, C.P. 80228, ID: 23217966",3 Recámaras | 3 Baños | 552 m 2,https://propiedades.comhttps://propiedades.com/inmuebles/casa-en-venta-la-ventana-colinas-de-san-miguel-sinaloa-23217966
Sinaloa,36,2026-04-06 03:13,"$2,250,000 MXN","Se vende casa Schiller #2632, Col. Villa Universidad, Culiacán, Sinaloa, México, C.P. 80010, ID: 30701424",4 Recámaras | 3 Baños,https://propiedades.comhttps://propiedades.com/inmuebles/casa-en-venta-schiller-2632-villa-universidad-sinaloa-30701424
Sinaloa,36,2026-04-06 03:13,"$1,200,000 MXN","Casa en venta, FUENTE DE ATENEA #000, Col. Las Fuentes, Ahome, Sinaloa, México, C.P. 81223, ID: 28886545",4 Recámaras | 3 Baños | 300 m 2,https://propiedades.comhttps://propiedades.com/inmuebles/casa-en-venta-fuente-de-atenea-000-las-fuentes-sinaloa-28886545
Sinaloa,36,2026-04-06 03:13,"$7,700,000 MXN","Casa disponible en venta en 3 Rios, Col. Tres Ríos, Culiacán, Sinaloa, México, C.P. 80020, ID: 27947516",3 Recámaras | 3 Baños | 218 m 2,https://propiedades.comhttps://propiedades.com/inmuebles/casa-en-venta-3-rios-tres-rios-sinaloa-27947516
Sinaloa,36,2026-04-06 03:13,"$635,000 MXN","CONCHI, Col. El Conchi, Mazatlán, Sinaloa, México, C.P. 82139, ID: 29810044",3 Recámaras | 1 Baño | 96 m 2,https://propiedades.comhttps://propiedades.com/inmuebles/casa-en-venta-conchi-el-conchi-sinaloa-29810044
Sinaloa,36,2026-04-06 03:13,"$14,950,000 MXN","Venta de casa La Isla, Col. Tres Ríos, Culiacán, Sinaloa, México, C.P. 80020, ID: 28985947",5 Recámaras | 5 Baños | 495 m 2,https://propiedades.comhttps://propiedades.com/inmuebles/casa-en-venta-la-isla-tres-rios-sinaloa-28985947
Sinaloa,36,2026-04-06 03:13,"$2,950,000 MXN","Casa en venta, Calle los Portones #3273, Col. La Puerta, Culiacán, Sinaloa, México, C.P. 80028, ID: 30595323",3 Recámaras | 2 Baños | 100 m 2,https://propiedades.comhttps://propiedades.com/inmuebles/casa-en-venta-calle-los-portones-3273-la-puerta-sinaloa-30595323
Sinaloa,36,2026-04-06 03:13,"$6,500,000 MXN","Venta de casa en Avenida Donato Guerra #1042, Col. Guadalupe, Culiacán, Sinaloa, México, C.P. 80220, ID: 28128185",3 Recámaras | 4 Baños | 380 m 2,https://propiedades.comhttps://propiedades.com/inmuebles/casa-en-venta-avenida-donato-guerra-1042-guadalupe-sinaloa-28128185
Sinaloa,36,2026-04-06 03:13,"$2,800,000 MXN","Venta casa en RAFAEL BUELNA, Col. Gral. Rafael Buelna, Mazatlán, Sinaloa, México, C.P. 82080, ID: 29756111",4 Recámaras | 2 Baños | 145 m 2,https://propiedades.comhttps://propiedades.com/inmuebles/casa-en-venta-rafael-buelna-gral-rafael-buelna-sinaloa-29756111
Sinaloa,36,2026-04-06 03:13,"$958,000 MXN","Venta de casa en FAROLITO, Col. Las Mañanitas, Mazatlán, Sinaloa, México, C.P. 82139, ID: 26984201",1 Recámara | 1 Baño | 39 m 2,https://propiedades.comhttps://propiedades.com/inmuebles/casa-en-venta-farolito-las-mananitas-sinaloa-26984201
Sinaloa,36,2026-04-06 03:13,"$1,700,000 MXN","Casa en venta disponible en Antonio Martinez Atayde, Col. Los Venados, Mazatlán, Sinaloa, México, C.P. 82154, ID: 30924276",2 Recámaras | 98 m 2,https://propiedades.comhttps://propiedades.com/inmuebles/casa-en-venta-antonio-martinez-atayde-los-venados-sinaloa-30924276
Sinaloa,36,2026-04-06 03:13,"$1,800,000 MXN","Casa disponible en venta en Doroteo arango #311, Col. Tabachines, Ahome, Sinaloa, México, C.P. 81257, ID: 30598201",2 Recámaras | 3 Baños | 192 m 2,https://propiedades.comhttps://propiedades.com/inmuebles/casa-en-venta-doroteo-arango-311-tabachines-sinaloa-30598201
Sinaloa,36,2026-04-06 03:13,"$1,470,000 MXN","Se vende casa Espadin #459, Col. Los Mezcales, Culiacán, Sinaloa, México, C.P. 80019, ID: 29728953",3 Recámaras | 2 Baños | 109 m 2,https://propiedades.comhttps://propiedades.com/inmuebles/casa-en-venta-espadin-459-los-mezcales-sinaloa-29728953
Sinaloa,36,2026-04-06 03:13,"$2,918,000 MXN","Se vende casa PRIVADA NOGAL, Col. Perisur, Culiacán, Sinaloa, México, C.P. 80197, ID: 27845681",3 Recámaras | 2 Baños | 97 m 2,https://propiedades.comhttps://propiedades.com/inmuebles/casa-en-venta-privada-nogal-perisur-sinaloa-27845681
Sinaloa,36,2026-04-06 03:13,"$1,350,000 MXN","6JJP+M7, 82090 Mazatlán, Sinaloa, Col. Valle de Urias, Mazatlán, Sinaloa, México, C.P. 82090, ID: 31024367",2 Recámaras | 1 Baño | 60 m 2,https://propiedades.comhttps://propiedades.com/inmuebles/casa-en-venta-6jjpm7-82090-mazatlan-sinaloa-valle-de-urias-sinaloa-31024367
Sinaloa,36,2026-04-06 03:13,"$4,995,000 MXN","Casa disponible en venta en Col. Sábalo Country Club, Mazatlán, Sinaloa, México, C.P. 82100, ID: 30786926",3 Recámaras | 2 Baños | 130 m 2,https://propiedades.comhttps://propiedades.com/inmuebles/casa-en-venta-sabalo-country-club-sinaloa-30786926
Sinaloa,36,2026-04-06 03:13,"$5,950,000 MXN","Villas de Andalucía Sección Sevilla, Col. Los Mochis (Los Mochis), Ahome, Sinaloa, México, C.P. 81369, ID: 30985303",4 Recámaras | 4 Baños | 279 m 2,https://propiedades.comhttps://propiedades.com/inmuebles/casa-en-venta-villas-de-andalucia-seccion-sevilla-los-mochis-los-mochis-sinaloa-30985303
Sinaloa,36,2026-04-06 03:13,"$5,950,000 MXN","Venta de casa Pacifico Hills, Col. Real del Valle, Mazatlán, Sinaloa, México, C.P. 82124, ID: 28139244",3 Recámaras | 3 Baños | 248 m 2,https://propiedades.comhttps://propiedades.com/inmuebles/casa-en-venta-pacifico-hills-real-del-valle-sinaloa-28139244
Sinaloa,36,2026-04-06 03:13,"$1,450,000 MXN","San Pedro de San José #7788, Col. San Luis Residencial II, Culiacán, Sinaloa, México, C.P. 80140, ID: 28729193",3 Recámaras | 1 Baño | 96 m 2,https://propiedades.comhttps://propiedades.com/inmuebles/casa-en-venta-san-pedro-de-san-jose-7788-san-luis-residencial-ii-sinaloa-28729193
Sinaloa,36,2026-04-06 03:13,"$2,300,000 MXN","Venta de casa escamillas, Col. Escamillas, Mazatlán, Sinaloa, México, C.P. 82247, ID: 28212076",3 Recámaras | 2 Baños | 499 m 2,https://propiedades.comhttps://propiedades.com/inmuebles/casa-en-venta-escamillas-escamillas-sinaloa-28212076
Sinaloa,36,2026-04-06 03:13,"$2,150,000 MXN","Martín de Almanza, Col. La Conquista, Culiacán, Sinaloa, México, C.P. 80058, ID: 27644500",3 Recámaras | 2 Baños | 108 m 2,https://propiedades.comhttps://propiedades.com/inmuebles/casa-en-venta-martin-de-almanza-la-conquista-sinaloa-27644500
Sinaloa,36,2026-04-06 03:13,"$2,300,000 MXN","Circuito bahia #234, Col. Puerta del Sol, Mazatlán, Sinaloa, México, C.P. 82134, ID: 28562785",2 Recámaras | 3 Baños | 177 m 2,https://propiedades.comhttps://propiedades.com/inmuebles/casa-en-venta-circuito-bahia-234-puerta-del-sol-sinaloa-28562785
Sinaloa,36,2026-04-06 03:13,"$16,500,000 MXN","Casa en venta, Sin nombre de calle #uno, Col. Marina Mazatlán, Mazatlán, Sinaloa, México, C.P. 82103, ID: 30742646",5 Recámaras | 6 Baños | 700 m 2,https://propiedades.comhttps://propiedades.com/inmuebles/casa-en-venta-sin-nombre-de-calle-uno-marina-mazatlan-sinaloa-30742646
Sinaloa,36,2026-04-06 03:13,"$7,490,000 MXN","Se vende casa Calle del Catamarán, Col. Marina Mazatlán, Mazatlán, Sinaloa, México, C.P. 82103, ID: 29372926",3 Recámaras | 3 Baños | 308 m 2,https://propiedades.comhttps://propiedades.com/inmuebles/casa-en-venta-calle-del-catamaran-marina-mazatlan-sinaloa-29372926
Sinaloa,36,2026-04-06 03:13,"$1,800,000 MXN","Venta casa en , Col. Portalegre, Culiacán, Sinaloa, México, C.P. 80058, ID: 30070073",2 Recámaras | 1 Baño | 63 m 2,https://propiedades.comhttps://propiedades.com/inmuebles/casa-en-venta-portalegre-sinaloa-30070073
Sinaloa,36,2026-04-06 03:13,"$15,750,000 MXN","Julian Cavez Castro #2510Int. 2510, Col. Privanzas, Culiacán, Sinaloa, México, C.P. 80100, ID: 28397476",6 Recámaras | 6 Baños | 460 m 2,https://propiedades.comhttps://propiedades.com/inmuebles/casa-en-venta-julian-cavez-castro--2510-privanzas-sinaloa-28397476
Sinaloa,36,2026-04-06 03:13,"$3,890,000 MXN","GUANAJUATO, Col. Sanchez Celis, Mazatlán, Sinaloa, México, C.P. 82120, ID: 28777053",4 Recámaras | 3 Baños | 185 m 2,https://propiedades.comhttps://propiedades.com/inmuebles/casa-en-venta-guanajuato-sanchez-celis-sinaloa-28777053
Sinaloa,36,2026-04-06 03:13,"$1,980,000 MXN","Se vende casa Rodolfo Manjarrez #2670, Col. Villas Del Rio, Culiacán, Sinaloa, México, C.P. 80050, ID: 29392526",2 Recámaras | 2 Baños | 100 m 2,https://propiedades.comhttps://propiedades.com/inmuebles/casa-en-venta-rodolfo-manjarrez-2670-villas-del-rio-sinaloa-29392526
Sinaloa,36,2026-04-06 03:13,"$20,000,000 MXN","Se vende casa Cerritos Resort, Mazatlán, Sinaloa, Col. Cerritos Resort, Mazatlán, Sinaloa, México, C.P. 82112, ID: 26922848",5 Recámaras | 4 Baños | 570 m 2,https://propiedades.comhttps://propiedades.com/inmuebles/casa-en-venta-cerritos-resort-mazatlan-sinaloa-cerritos-resort-sinaloa-26922848
Sinaloa,36,2026-04-06 03:13,"$950,000 MXN","Venta de casa en Alturas del Sur, Mercado de Abastos, 80295 Culiacán Rosales, Sin., Col. Alturas del Sur, Culiacán, Sinaloa, México, C.P. 80295, ID: 30697161",2 Recámaras | 1 Baño | 45 m 2,https://propiedades.comhttps://propiedades.com/inmuebles/casa-en-venta-alturas-del-sur-mercado-de-abastos-80295-culiacan-rosales-sin-alturas-del-sur-sinaloa-30697161
Sinaloa,36,2026-04-06 03:13,"$3,500,000 MXN","Venta casa en los pozos, Col. Los Pozos, Rosario, Sinaloa, México, C.P. 82820, ID: 29377989",2 Recámaras | 2 Baños | 75 m 2,https://propiedades.comhttps://propiedades.com/inmuebles/casa-en-venta-los-pozos-los-pozos-sinaloa-29377989
Sinaloa,36,2026-04-06 03:13,"$10,900,000 MXN","Casa en venta, Alvaro Obregon Sur #2100, Col. Lomas del Bosque, Culiacán, Sinaloa, México, C.P. 80179, ID: 30712218",3 Recámaras | 3 Baños | 300 m 2,https://propiedades.comhttps://propiedades.com/inmuebles/casa-en-venta-alvaro-obregon-sur-2100-lomas-del-bosque-sinaloa-30712218
Sinaloa,36,2026-04-06 03:13,"$1,400,000 MXN","Se vende casa la riviera, Col. La Riviera, Mazatlán, Sinaloa, México, C.P. 82134, ID: 29473312",3 Recámaras | 2 Baños | 120 m 2,https://propiedades.comhttps://propiedades.com/inmuebles/casa-en-venta-la-riviera-la-riviera-sinaloa-29473312
Sinaloa,36,2026-04-06 03:13,"$1,200,000 MXN","Venta de casa en TULIPAN #2188Int. 6, Col. Valle Alto, Culiacán, Sinaloa, México, C.P. 80050, ID: 30997778",2 Recámaras | 2 Baños | 58 m 2,https://propiedades.comhttps://propiedades.com/inmuebles/casa-en-venta-tulipan-2188-valle-alto-sinaloa-30997778
Sinaloa,36,2026-04-06 03:13,"$4,895,000 MXN","Casa en venta, veredas la milpa #11Int. 11, Col. Hacienda Las Cruces, Mazatlán, Sinaloa, México, C.P. 82126, ID: 29203830",3 Recámaras | 4 Baños | 258 m 2,https://propiedades.comhttps://propiedades.com/inmuebles/casa-en-venta-veredas-la-milpa-11-hacienda-las-cruces-sinaloa-29203830
Sinaloa,36,2026-04-06 03:13,"$2,400,000 MXN","Casa disponible en venta en Calle General Ramón F. Iturbe #437, Col. Centro Sinaloa, Culiacán, Sinaloa, México, C.P. 80000, ID: 29873945",3 Recámaras | 3 Baños | 243 m 2,https://propiedades.comhttps://propiedades.com/inmuebles/casa-en-venta-calle-general-ramon-f-iturbe-437-centro-sinaloa-sinaloa-29873945
Sinaloa,36,2026-04-06 03:13,"$7,800,000 MXN","Casa en venta, Maralto Residencial, Col. Cerritos Resort, Mazatlán, Sinaloa, México, C.P. 82112, ID: 28213296",3 Recámaras | 4 Baños | 225 m 2,https://propiedades.comhttps://propiedades.com/inmuebles/casa-en-venta-maralto-residencial-cerritos-resort-sinaloa-28213296
Sinaloa,36,2026-04-06 03:13,"$5,450,000 MXN","Casa en venta disponible en Paseo del Pacifico #6350, Col. Rincón Colonial, Mazatlán, Sinaloa, México, C.P. 82118, ID: 30466111",1 Recámara | 120 m 2,https://propiedades.comhttps://propiedades.com/inmuebles/casa-en-venta-paseo-del-pacifico-6350-rincon-colonial-sinaloa-30466111
Sinaloa,36,2026-04-06 03:13,"$2,400,000 MXN","Casa en venta disponible en , Col. Centro, Mazatlán, Sinaloa, México, C.P. 82000, ID: 28302819",2 Recámaras | 2 Baños | 99 m 2,https://propiedades.comhttps://propiedades.com/inmuebles/casa-en-venta-centro-sinaloa-28302819
Sinaloa,36,2026-04-06 03:13,"$9,000,000 MXN","Casa en venta disponible en BLVD. ALFONSO G. CALDERÓN VELARDE #3010, Col. Country Tres Ríos, Culiacán, Sinaloa, México, C.P. 80107, ID: 30807756",3 Recámaras | 3 Baños | 303 m 2,https://propiedades.comhttps://propiedades.com/inmuebles/casa-en-venta-blvd-alfonso-g-calderon-velarde-3010-country-tres-rios-sinaloa-30807756
Sinaloa,36,2026-04-06 03:13,"$2,910,000 MXN","Casa disponible en venta en Avenida Sábalo Cerritos, Col. Cerritos Resort, Mazatlán, Sinaloa, México, C.P. 82112, ID: 28864957",1 Recámara | 1 Baño | 46 m 2,https://propiedades.comhttps://propiedades.com/inmuebles/casa-en-venta-avenida-sabalo-cerritos-cerritos-resort-sinaloa-28864957
Sinaloa,36,2026-04-06 03:13,"$1,850,000 MXN","Se vende casa en rincon campestre, Col. Ampliación Valle del Ejido, Mazatlán, Sinaloa, México, C.P. 82134, ID: 28476976",3 Recámaras | 2 Baños | 162 m 2,https://propiedades.comhttps://propiedades.com/inmuebles/casa-en-venta-rincon-campestre-ampliacion-valle-del-ejido-sinaloa-28476976
Sinaloa,36,2026-04-06 03:13,"$3,810,000 MXN","ESCOBEDO #SN, Col. Las Vegas, Culiacán, Sinaloa, México, C.P. 80090, ID: 30344159",5 Recámaras | 2 Baños | 265 m 2,https://propiedades.comhttps://propiedades.com/inmuebles/casa-en-venta-escobedo-sn-las-vegas-sinaloa-30344159
Sinaloa,37,2026-04-06 03:14,"$3,350,000 MXN","Casa en venta, fernando de alencastre #1664, Col. Portalegre, Culiacán, Sinaloa, México, C.P. 80058, ID: 30308539",3 Recámaras | 3 Baños | 141 m 2,https://propiedades.comhttps://propiedades.com/inmuebles/casa-en-venta-fernando-de-alencastre-1664-portalegre-sinaloa-30308539
Sinaloa,37,2026-04-06 03:14,"$4,478,760 MXN","Venta casa en Blvd. Emiliano Zapata #2374, Col. Ejidal, Culiacán, Sinaloa, México, C.P. 80405, ID: 28719033",1 Recámara | 1 Baño | 114 m 2,https://propiedades.comhttps://propiedades.com/inmuebles/casa-en-venta-blvd-emiliano-zapata-2374-ejidal-sinaloa-28719033
Sinaloa,37,2026-04-06 03:14,"$3,500,000 MXN","Se vende casa COL. HIDALGO, Col. Miguel Hidalgo, Culiacán, Sinaloa, México, C.P. 80090, ID: 24133431",4 Recámaras | 4 Baños | 324 m 2,https://propiedades.comhttps://propiedades.com/inmuebles/casa-en-venta-col-hidalgo-miguel-hidalgo-sinaloa-24133431
Sinaloa,37,2026-04-06 03:14,"$4,750,000 MXN","Venta de casa , Col. Marina Mazatlán, Mazatlán, Sinaloa, México, C.P. 82103, ID: 27079148",4 Recámaras | 3 Baños | 223 m 2,https://propiedades.comhttps://propiedades.com/inmuebles/casa-en-venta-marina-mazatlan-sinaloa-27079148
Sinaloa,37,2026-04-06 03:14,"$14,425,000 MXN","Se vende casa en Libramiento Benito Juárez, Col. Parque Industrial El Trébol, Culiacán, Sinaloa, México, C.P. 80393, ID: 30262759",4 Recámaras | 6 Baños | 1000 m 2,https://propiedades.comhttps://propiedades.com/inmuebles/casa-en-venta-libramiento-benito-juarez-parque-industrial-el-trebol-sinaloa-30262759
Sinaloa,37,2026-04-06 03:14,"$4,790,000 MXN","Venta casa en Calle santa Elena # 5874, Col. Real del Valle, Mazatlán, Sinaloa, México, C.P. 82124, ID: 29903469",4 Recámaras | 3 Baños | 179 m 2,https://propiedades.comhttps://propiedades.com/inmuebles/casa-en-venta-calle-santa-elena-5874-real-del-valle-sinaloa-29903469
Sinaloa,37,2026-04-06 03:14,"$3,700,000 MXN","Venta casa en Atún 3914 fraccionamiento real pacifico, Col. Real Pacífico, Mazatlán, Sinaloa, México, C.P. 82124, ID: 30074201",3 Recámaras | 1 Baño | 180 m 2,https://propiedades.comhttps://propiedades.com/inmuebles/casa-en-venta-atun-3914-fraccionamiento-real-pacifico-real-pacifico-sinaloa-30074201
Sinaloa,37,2026-04-06 03:14,"$6,950,000 MXN","Casa disponible en venta en Circuito Atlántico, Col. Altabrisa Residencial, Mazatlán, Sinaloa, México, C.P. 82112, ID: 26383757",4 Recámaras | 3 Baños | 275 m 2,https://propiedades.comhttps://propiedades.com/inmuebles/casa-en-venta-circuito-atlantico-altabrisa-residencial-sinaloa-26383757
Sinaloa,37,2026-04-06 03:14,"$4,540,883 MXN","Conquistadores, Col. Centro Sinaloa, Culiacán, Sinaloa, México, C.P. 80000, ID: 28413672",3 Recámaras | 3 Baños | 189 m 2,https://propiedades.comhttps://propiedades.com/inmuebles/casa-en-venta-conquistadores-centro-sinaloa-sinaloa-28413672
Sinaloa,37,2026-04-06 03:14,"$5,690,000 MXN","Casa en venta disponible en Boulevard Elbert #5090, Col. Portalegre, Culiacán, Sinaloa, México, C.P. 80058, ID: 30701699",4 Recámaras | 4 Baños | 250 m 2,https://propiedades.comhttps://propiedades.com/inmuebles/casa-en-venta-boulevard-elbert-5090-portalegre-sinaloa-30701699
Sinaloa,37,2026-04-06 03:14,"$650,000 MXN","Se vende casa en Acueducto de La Aurora, Col. Acueducto, Culiacán, Sinaloa, México, C.P. 80058, ID: 29687109",3 Recámaras | 2 Baños | 94 m 2,https://propiedades.comhttps://propiedades.com/inmuebles/casa-en-venta-acueducto-de-la-aurora-acueducto-sinaloa-29687109
Sinaloa,37,2026-04-06 03:14,"$1,300,000 MXN","Casa en venta disponible en Kino Nuevo 11805, Colosio Si, 82134 Mazatlán, Sin. #11805, Col. Colosio Si, Mazatlán, Sinaloa, México, C.P. 82134, ID: 30997888",2 Recámaras | 2 Baños | 140 m 2,https://propiedades.comhttps://propiedades.com/inmuebles/casa-en-venta-kino-nuevo-11805-colosio-si-82134-mazatlan-sin-11805-colosio-si-sinaloa-30997888
Sinaloa,37,2026-04-06 03:14,"$2,350,000 MXN","flamingos #805, Col. Lomas del Mar, Mazatlán, Sinaloa, México, C.P. 82010, ID: 29972362",2 Recámaras | 1 Baño | 116 m 2,https://propiedades.comhttps://propiedades.com/inmuebles/casa-en-venta-flamingos-805-lomas-del-mar-sinaloa-29972362
Sinaloa,37,2026-04-06 03:14,"$2,550,000 MXN","Venta de casa Paseo de Las Rosas #4442, Col. Girasoles, Culiacán, Sinaloa, México, C.P. 80019, ID: 30206012",3 Recámaras | 2 Baños | 175 m 2,https://propiedades.comhttps://propiedades.com/inmuebles/casa-en-venta-paseo-de-las-rosas-4442-girasoles-sinaloa-30206012
Sinaloa,37,2026-04-06 03:14,"$1,985,000 MXN","Venta de casa Calle Salvador Elizondo #5839, Col. Finisterra, Culiacán, Sinaloa, México, C.P. 80194, ID: 29780618",2 Recámaras | 2 Baños | 80 m 2,https://propiedades.comhttps://propiedades.com/inmuebles/casa-en-venta-calle-salvador-elizondo-5839-finisterra-sinaloa-29780618
Sinaloa,37,2026-04-06 03:14,"$1,800,000 MXN","Se vende casa en C. Arboledas, Rincon de Mazatlan, 82195 Mazatlán, Sin., Col. Arboledas I, Mazatlán, Sinaloa, México, C.P. 82132, ID: 30321462",4 Recámaras | 2 Baños | 171 m 2,https://propiedades.comhttps://propiedades.com/inmuebles/casa-en-venta-c-arboledas-rincon-de-mazatlan-82195-mazatlan-sin-arboledas-i-sinaloa-30321462
Sinaloa,37,2026-04-06 03:14,"$486,000 MXN","Venta casa en Calle Algesiras 16104 #16104, Col. Villa Residencial del Rey, Mazatlán, Sinaloa, México, C.P. 82164, ID: 29087373",3 Recámaras | 2 Baños | 92 m 2,https://propiedades.comhttps://propiedades.com/inmuebles/casa-en-venta-calle-algesiras-16104-16104-villa-residencial-del-rey-sinaloa-29087373
Sinaloa,37,2026-04-06 03:14,"$7,500,000 MXN","Casa en venta disponible en PLAYA COPACABANA, Col. Playas del Sur, Mazatlán, Sinaloa, México, C.P. 82040, ID: 30596458",4 Recámaras | 2 Baños | 250 m 2,https://propiedades.comhttps://propiedades.com/inmuebles/casa-en-venta-playa-copacabana-playas-del-sur-sinaloa-30596458
Sinaloa,37,2026-04-06 03:14,"$3,700,000 MXN","Venta de casa en Boulevard Alvaro del Portillo #2547Int. 69, Col. Valle Alto, Culiacán, Sinaloa, México, C.P. 80050, ID: 30237935",3 Recámaras | 3 Baños | 184 m 2,https://propiedades.comhttps://propiedades.com/inmuebles/casa-en-venta-boulevard-alvaro-del-portillo-2547-valle-alto-sinaloa-30237935
Sinaloa,37,2026-04-06 03:14,"$8,371,000 MXN","Casa en venta, Doña Sol, Col. El Cid, Mazatlán, Sinaloa, México, C.P. 82110, ID: 30222895",4 Recámaras | 4 Baños | 182 m 2,https://propiedades.comhttps://propiedades.com/inmuebles/casa-en-venta-dona-sol-el-cid-sinaloa-30222895
Sinaloa,37,2026-04-06 03:14,"$12,000,000 MXN","Se vende casa en Paraiso Marina, Col. Marina Mazatlán, Mazatlán, Sinaloa, México, C.P. 82103, ID: 29535987",4 Recámaras | 4 Baños | 338 m 2,https://propiedades.comhttps://propiedades.com/inmuebles/casa-en-venta-paraiso-marina-marina-mazatlan-sinaloa-29535987
Sinaloa,37,2026-04-06 03:14,"$1,550,000 MXN","CASAS EN PREVENTA EN EL CAFETAL RESIDENCIAL, MODELO MOKA, Col. Los Tabachines, Mazatlán, Sinaloa, México, C.P. 82199, ID: 25521942",3 Recámaras | 2 Baños | 93 m 2,https://propiedades.comhttps://propiedades.com/inmuebles/casa-en-venta-casas-en-preventa-en-el-cafetal-residencial-modelo-moka-los-tabachines-sinaloa-25521942
Sinaloa,37,2026-04-06 03:14,"$1,400,000 MXN","EJIDO, Col. Valle Del Ejido, Mazatlán, Sinaloa, México, C.P. 82134, ID: 28360666",2 Recámaras | 1 Baño | 85 m 2,https://propiedades.comhttps://propiedades.com/inmuebles/casa-en-venta-ejido-valle-del-ejido-sinaloa-28360666
Sinaloa,37,2026-04-06 03:14,"$4,580,000 MXN","Millan #5393, Col. Real del Valle, Mazatlán, Sinaloa, México, C.P. 82124, ID: 30751025",4 Recámaras | 3 Baños | 197 m 2,https://propiedades.comhttps://propiedades.com/inmuebles/casa-en-venta-millan-5393-real-del-valle-sinaloa-30751025
Sinaloa,37,2026-04-06 03:14,"$6,495,000 MXN","Del Calamar, Col. Sábalo Country Club, Mazatlán, Sinaloa, México, C.P. 82100, ID: 30590904",3 Recámaras | 3 Baños | 282 m 2,https://propiedades.comhttps://propiedades.com/inmuebles/casa-en-venta-del-calamar-sabalo-country-club-sinaloa-30590904
Sinaloa,37,2026-04-06 03:14,"$4,950,000 MXN","Venta de casa en STATES III, Col. Portalegre, Culiacán, Sinaloa, México, C.P. 80058, ID: 29039117",4 Recámaras | 4 Baños | 1 m 2,https://propiedades.comhttps://propiedades.com/inmuebles/casa-en-venta-states-iii-portalegre-sinaloa-29039117
Sinaloa,37,2026-04-06 03:14,"$15,000,000 MXN","Se vende casa , Col. Lomas de Guadalupe, Culiacán, Sinaloa, México, C.P. 80250, ID: 27326861",4 Recámaras | 6 Baños | 1 m 2,https://propiedades.comhttps://propiedades.com/inmuebles/casa-en-venta-lomas-de-guadalupe-sinaloa-27326861
Sinaloa,37,2026-04-06 03:14,"$5,450,000 MXN","Venta casa en Villacorinto, Col. Mediterráneo Club Residencial, Mazatlán, Sinaloa, México, C.P. 82113, ID: 30791466",3 Recámaras | 2 Baños | 162 m 2,https://propiedades.comhttps://propiedades.com/inmuebles/casa-en-venta-villacorinto-mediterraneo-club-residencial-sinaloa-30791466
Sinaloa,37,2026-04-06 03:14,"$4,454,000 MXN","Se vende casa en marina, Col. Marina Mazatlán, Mazatlán, Sinaloa, México, C.P. 82103, ID: 30149717",2 Recámaras | 1 Baño | 271 m 2,https://propiedades.comhttps://propiedades.com/inmuebles/casa-en-venta-marina-marina-mazatlan-sinaloa-30149717
Sinaloa,37,2026-04-06 03:14,"$5,750,000 MXN","Venta de casa Col. Sábalo Country Club, Mazatlán, Sinaloa, México, C.P. 82100, ID: 30984201",4 Recámaras | 4 Baños | 222 m 2,https://propiedades.comhttps://propiedades.com/inmuebles/casa-en-venta-sabalo-country-club-sinaloa-30984201
Sinaloa,37,2026-04-06 03:14,"$2,950,000 MXN","Venta de casa en Paseo Portalegre, Col. Portalegre, Culiacán, Sinaloa, México, C.P. 80058, ID: 28151928",3 Recámaras | 2 Baños | 167 m 2,https://propiedades.comhttps://propiedades.com/inmuebles/casa-en-venta-paseo-portalegre-portalegre-sinaloa-28151928
Sinaloa,37,2026-04-06 03:14,"$1,900,000 MXN","Casa en venta disponible en Sin nombre de calle, Col. Hacienda de La Mora, Culiacán, Sinaloa, México, C.P. 80145, ID: 30452823",3 Recámaras | 2 Baños | 109 m 2,https://propiedades.comhttps://propiedades.com/inmuebles/casa-en-venta-sin-nombre-de-calle-hacienda-de-la-mora-sinaloa-30452823
Sinaloa,37,2026-04-06 03:14,"$4,980,000 MXN","Casa disponible en venta en , Col. Real del Valle, Mazatlán, Sinaloa, México, C.P. 82124, ID: 29456148",210 m 2,https://propiedades.comhttps://propiedades.com/inmuebles/casa-en-venta-real-del-valle-sinaloa-29456148
Sinaloa,37,2026-04-06 03:14,"$5,700,000 MXN","Casa en venta, Col. Mediterráneo Club Residencial, Mazatlán, Sinaloa, México, C.P. 82113, ID: 30773437",3 Recámaras | 3 Baños | 208 m 2,https://propiedades.comhttps://propiedades.com/inmuebles/casa-en-venta-mediterraneo-club-residencial-sinaloa-30773437
Sinaloa,37,2026-04-06 03:14,"$11,200,000 MXN","Casa en venta disponible en El cid, Col. El Cid, Mazatlán, Sinaloa, México, C.P. 82110, ID: 30684435",3 Recámaras | 3 Baños | 292 m 2,https://propiedades.comhttps://propiedades.com/inmuebles/casa-en-venta-el-cid-el-cid-sinaloa-30684435
Sinaloa,37,2026-04-06 03:14,"$5,126,000 MXN","Se vende casa en Sin nombre de calle, Col. Sonterra Residencial II, Mazatlán, Sinaloa, México, C.P. 82124, ID: 29166579",4 Recámaras | 3 Baños | 210 m 2,https://propiedades.comhttps://propiedades.com/inmuebles/casa-en-venta-sin-nombre-de-calle-sonterra-residencial-ii-sinaloa-29166579
Sinaloa,37,2026-04-06 03:14,"$20,014,200 MXN","Carretera México 15, tramo Culiacán-Los Mochis #S/N,, Col. Jahuara Primero, El Fuerte, Sinaloa, México, C.P. 81870, ID: 28726482",1 m 2,https://propiedades.comhttps://propiedades.com/inmuebles/casa-en-venta-carretera-mexico-15-tramo-culiacanlos-mochis-sn-jahuara-primero-sinaloa-28726482
Sinaloa,37,2026-04-06 03:14,"$3,999,000 MXN","Venta de casa Avenida Paseo del Pacífico, Col. Sonterra Residencial II, Mazatlán, Sinaloa, México, C.P. 82124, ID: 30594822",3 Recámaras | 3 Baños | 165 m 2,https://propiedades.comhttps://propiedades.com/inmuebles/casa-en-venta-avenida-paseo-del-pacifico-sonterra-residencial-ii-sinaloa-30594822
Sinaloa,37,2026-04-06 03:14,"$555,000 USD","Casa disponible en venta en Tominil, Col. Cerritos Resort, Mazatlán, Sinaloa, México, C.P. 82112, ID: 30782409",3 Recámaras | 293 m 2,https://propiedades.comhttps://propiedades.com/inmuebles/casa-en-venta-tominil-cerritos-resort-sinaloa-30782409
Sinaloa,37,2026-04-06 03:14,"$1,575,000 MXN","Casa en venta, 23 de marzo, Col. Valle Del Ejido, Mazatlán, Sinaloa, México, C.P. 82134, ID: 29911955",3 Recámaras | 2 Baños | 97 m 2,https://propiedades.comhttps://propiedades.com/inmuebles/casa-en-venta-23-de-marzo-valle-del-ejido-sinaloa-29911955
Sinaloa,37,2026-04-06 03:14,"$2,100,000 MXN","Amado Nervo #1970, Col. Tierra Blanca, Culiacán, Sinaloa, México, C.P. 80030, ID: 28864964",1 Recámara | 1 Baño | 53 m 2,https://propiedades.comhttps://propiedades.com/inmuebles/casa-en-venta-amado-nervo-1970-tierra-blanca-sinaloa-28864964
Sinaloa,37,2026-04-06 03:14,"$19,000,000 MXN","Venta de casa en Residencial Campo de Golf #s/n, Col. Marina El Cid, Mazatlán, Sinaloa, México, C.P. 82102, ID: 28310869",4 Recámaras | 5 Baños | 530 m 2,https://propiedades.comhttps://propiedades.com/inmuebles/casa-en-venta-residencial-campo-de-golf-sn-marina-el-cid-sinaloa-28310869
Sinaloa,37,2026-04-06 03:14,"$12,000,000 MXN","Venta casa en JADE, PUNTA DIAMANTE, Col. Punta Diamante, Mazatlán, Sinaloa, México, C.P. 82103, ID: 30903865",3 Recámaras | 300 m 2,https://propiedades.comhttps://propiedades.com/inmuebles/casa-en-venta-jade-punta-diamante-punta-diamante-sinaloa-30903865
Sinaloa,37,2026-04-06 03:14,"$3,800,000 MXN","CARRETERA A CULIACANCITO #SN, Col. Bellavista, Culiacán, Sinaloa, México, C.P. 80301, ID: 30344158",4 Recámaras | 1 Baño | 120 m 2,https://propiedades.comhttps://propiedades.com/inmuebles/casa-en-venta-carretera-a-culiacancito-sn-bellavista-sinaloa-30344158
Sinaloa,37,2026-04-06 03:14,"$5,995,000 MXN","Se vende casa en Circuito Atlantico #1906, Col. El Palmar, Mazatlán, Sinaloa, México, C.P. 82112, ID: 30701036",3 Recámaras | 3 Baños | 242 m 2,https://propiedades.comhttps://propiedades.com/inmuebles/casa-en-venta-circuito-atlantico-1906-el-palmar-sinaloa-30701036
Sinaloa,38,2026-04-06 03:14,"$6,750,000 MXN","El Delfin #1, Col. Marina Mazatlán, Mazatlán, Sinaloa, México, C.P. 82103, ID: 29417624",4 Recámaras | 4 Baños | 218 m 2,https://propiedades.comhttps://propiedades.com/inmuebles/casa-en-venta-el-delfin-1-marina-mazatlan-sinaloa-29417624
Sinaloa,38,2026-04-06 03:14,"$11,500,000 MXN","Casa en venta disponible en Mar Celta #1104, Col. Almarena Residencial, Mazatlán, Sinaloa, México, C.P. 82112, ID: 28812742",4 Recámaras | 4 Baños | 100 m 2,https://propiedades.comhttps://propiedades.com/inmuebles/casa-en-venta-mar-celta-1104-almarena-residencial-sinaloa-28812742
Sinaloa,38,2026-04-06 03:14,"$10,750,000 MXN","Venta de casa en Camino de la luna, Col. Paraíso, Mazatlán, Sinaloa, México, C.P. 82125, ID: 30632945",4 Recámaras | 5 Baños | 330 m 2,https://propiedades.comhttps://propiedades.com/inmuebles/casa-en-venta-camino-de-la-luna-paraiso-sinaloa-30632945
Sinaloa,38,2026-04-06 03:14,"$40,298,000 MXN","Casa disponible en venta en Molino de Flores #1, Col. Lomas del Bosque, Culiacán, Sinaloa, México, C.P. 80179, ID: 28753867",5 Recámaras | 5 Baños | 1000 m 2,https://propiedades.comhttps://propiedades.com/inmuebles/casa-en-venta-molino-de-flores-1-lomas-del-bosque-sinaloa-28753867
Sinaloa,38,2026-04-06 03:14,"$11,000,000 MXN","Casa disponible en venta en Montebello, Col. Balcones de San Miguel, Culiacán, Sinaloa, México, C.P. 80176, ID: 28461890",2 Recámaras | 3 Baños | 236 m 2,https://propiedades.comhttps://propiedades.com/inmuebles/casa-en-venta-montebello-balcones-de-san-miguel-sinaloa-28461890
Sinaloa,38,2026-04-06 03:14,"$4,400,000 MXN","Se vende casa CALLE UNICORNIO #1405, Col. Cerritos Resort, Mazatlán, Sinaloa, México, C.P. 82112, ID: 30304611",3 Recámaras | 2 Baños | 119 m 2,https://propiedades.comhttps://propiedades.com/inmuebles/casa-en-venta-calle-unicornio-1405-cerritos-resort-sinaloa-30304611
Sinaloa,38,2026-04-06 03:14,"$1,350,000 MXN","En calle pavimentada, Col. Valle Del Ejido, Mazatlán, Sinaloa, México, C.P. 82134, ID: 30994451",2 Recámaras | 1 Baño | 65 m 2,https://propiedades.comhttps://propiedades.com/inmuebles/casa-en-venta-en-calle-pavimentada-valle-del-ejido-sinaloa-30994451
Sinaloa,38,2026-04-06 03:14,"$1,450,000 MXN","Venta de casa en , Col. Villas del Humaya, Culiacán, Sinaloa, México, C.P. 80025, ID: 29114859",2 Recámaras | 1 Baño,https://propiedades.comhttps://propiedades.com/inmuebles/casa-en-venta-villas-del-humaya-sinaloa-29114859
Sinaloa,38,2026-04-06 03:14,"$2,205,000 MXN","Venta casa en Col. Jabalies, Col. Jabalíes, Mazatlán, Sinaloa, México, C.P. 82165, ID: 30952568",3 Recámaras | 3 Baños,https://propiedades.comhttps://propiedades.com/inmuebles/casa-en-venta-col-jabalies-jabalies-sinaloa-30952568
Sinaloa,38,2026-04-06 03:14,"$3,800,000 MXN","Casa en venta, De la Huerta, Col. Centro Sinaloa, Culiacán, Sinaloa, México, C.P. 80000, ID: 28312376",3 Recámaras | 2 Baños | 211 m 2,https://propiedades.comhttps://propiedades.com/inmuebles/casa-en-venta-de-la-huerta-centro-sinaloa-sinaloa-28312376
Sinaloa,38,2026-04-06 03:14,"$12,300,000 MXN","Casa disponible en venta en Conde de Oviedo #816, Col. El Cid, Mazatlán, Sinaloa, México, C.P. 82110, ID: 29893216",4 Recámaras | 6 Baños | 400 m 2,https://propiedades.comhttps://propiedades.com/inmuebles/casa-en-venta-conde-de-oviedo-816-el-cid-sinaloa-29893216
Sinaloa,38,2026-04-06 03:14,"$6,300,000 MXN",", Col. Perisur, Culiacán, Sinaloa, México, C.P. 80197, ID: 30028398",2 Recámaras | 2 Baños | 273 m 2,https://propiedades.comhttps://propiedades.com/inmuebles/casa-en-venta-perisur-sinaloa-30028398
Sinaloa,38,2026-04-06 03:14,"$3,415,000 MXN","Casa disponible en venta en Av. Lomas de Mazatlán 438, Col. Zona Dorada, Mazatlán, Sinaloa, México, C.P. 82110, ID: 29833223",2 Recámaras | 2 Baños | 119 m 2,https://propiedades.comhttps://propiedades.com/inmuebles/casa-en-venta-av-lomas-de-mazatlan-438-zona-dorada-sinaloa-29833223
Sinaloa,38,2026-04-06 03:14,"$3,500,000 MXN","Se vende casa en Paseo Belcantto #6505Int. 48-B, Col. Belcantto, Culiacán, Sinaloa, México, C.P. 80184, ID: 30662058",3 Recámaras | 2 Baños | 110 m 2,https://propiedades.comhttps://propiedades.com/inmuebles/casa-en-venta-paseo-belcantto-6505-belcantto-sinaloa-30662058
Sinaloa,38,2026-04-06 03:14,"$2,680,000 MXN","Casa en venta, Pensamientos #3761, Col. Vista Hermosa, Culiacán, Sinaloa, México, C.P. 80246, ID: 30910680",5 Recámaras | 4 Baños | 162 m 2,https://propiedades.comhttps://propiedades.com/inmuebles/casa-en-venta-pensamientos-3761-vista-hermosa-sinaloa-30910680
Sinaloa,38,2026-04-06 03:14,"$13,500,000 MXN","San Pedro, Col. San Francisco, Mazatlán, Sinaloa, México, C.P. 82134, ID: 28455670",5 Recámaras | 4 Baños | 422 m 2,https://propiedades.comhttps://propiedades.com/inmuebles/casa-en-venta-san-pedro-san-francisco-sinaloa-28455670
Sinaloa,38,2026-04-06 03:14,"$4,600,000 MXN","Casa disponible en venta en , Col. Los Mangos I, Mazatlán, Sinaloa, México, C.P. 82128, ID: 29984703",3 Recámaras | 3 Baños | 252 m 2,https://propiedades.comhttps://propiedades.com/inmuebles/casa-en-venta-los-mangos-i-sinaloa-29984703
Sinaloa,38,2026-04-06 03:14,"$11,400,000 MXN","Venta de casa en Benevento, Col. Los Angeles, Culiacán, Sinaloa, México, C.P. 80014, ID: 28540226",3 Recámaras | 3 Baños | 356 m 2,https://propiedades.comhttps://propiedades.com/inmuebles/casa-en-venta-benevento-los-angeles-sinaloa-28540226
Sinaloa,38,2026-04-06 03:14,"$8,400,000 MXN","Casa en venta disponible en Privada del Pelicano, Col. Marina Mazatlán, Mazatlán, Sinaloa, México, C.P. 82103, ID: 30103773",3 Recámaras | 4 Baños | 219 m 2,https://propiedades.comhttps://propiedades.com/inmuebles/casa-en-venta-privada-del-pelicano-marina-mazatlan-sinaloa-30103773
Sinaloa,38,2026-04-06 03:14,"$385,000 USD","Venta de casa , Col. Cerritos Resort, Mazatlán, Sinaloa, México, C.P. 82112, ID: 20133361",3 Recámaras | 2 Baños | 220 m 2,https://propiedades.comhttps://propiedades.com/inmuebles/casa-en-venta-cerritos-resort-sinaloa-20133361
Sinaloa,38,2026-04-06 03:14,"$4,800,000 MXN","Venta de casa Circuito Gran Via #5100, Col. Coto Platino, Mazatlán, Sinaloa, México, C.P. 82124, ID: 30750922",4 Recámaras | 3 Baños | 224 m 2,https://propiedades.comhttps://propiedades.com/inmuebles/casa-en-venta-circuito-gran-via--5100-coto-platino-sinaloa-30750922
Sinaloa,38,2026-04-06 03:14,"$1,900,000 MXN","Casa en venta, Lago Mayor #1, Col. Los Angeles, Culiacán, Sinaloa, México, C.P. 80014, ID: 30563535",3 Recámaras | 1 Baño | 86 m 2,https://propiedades.comhttps://propiedades.com/inmuebles/casa-en-venta-lago-mayor-1-los-angeles-sinaloa-30563535
Sinaloa,38,2026-04-06 03:14,"$4,890,000 MXN","Se vende casa en Pegaso #1438, Col. Cerritos al Mar, Mazatlán, Sinaloa, México, C.P. 82112, ID: 29717785",3 Recámaras | 3 Baños | 146 m 2,https://propiedades.comhttps://propiedades.com/inmuebles/casa-en-venta-pegaso-1438-cerritos-al-mar-sinaloa-29717785
Sinaloa,38,2026-04-06 03:14,"$2,900,000 MXN","Angel Flores #1414-1416, Col. Centro, Mazatlán, Sinaloa, México, C.P. 82000, ID: 30701927",1 Recámara | 1 Baño | 151 m 2,https://propiedades.comhttps://propiedades.com/inmuebles/casa-en-venta-angel-flores-14141416-centro-sinaloa-30701927
Sinaloa,38,2026-04-06 03:14,"$2,650,000 MXN","Blvd. Constelaciones #2185, Col. Santa Rosa, Culiacán, Sinaloa, México, C.P. 80029, ID: 27658049",5 Recámaras | 3 Baños | 360 m 2,https://propiedades.comhttps://propiedades.com/inmuebles/casa-en-venta-blvd-constelaciones-2185-santa-rosa-sinaloa-27658049
Sinaloa,38,2026-04-06 03:14,"$3,390,000 MXN","Casa disponible en venta en Paseo de Las Acacias #4000, Col. Los Álamos, Culiacán, Sinaloa, México, C.P. 80100, ID: 30144976",4 Recámaras | 3 Baños | 163 m 2,https://propiedades.comhttps://propiedades.com/inmuebles/casa-en-venta-paseo-de-las-acacias-4000-los-alamos-sinaloa-30144976
Sinaloa,38,2026-04-06 03:14,"$4,250,000 MXN","Venta de casa BELISARIO DOMINGUEZ #2224, Col. Centro, Mazatlán, Sinaloa, México, C.P. 82000, ID: 30701768",1 Recámara | 2 Baños | 90 m 2,https://propiedades.comhttps://propiedades.com/inmuebles/casa-en-venta-belisario-dominguez-2224-centro-sinaloa-30701768
Sinaloa,38,2026-04-06 03:14,"$4,300,000 MXN","av coto platino #null, Col. Sábalo Country Club, Mazatlán, Sinaloa, México, C.P. 82100, ID: 28624882",4 Recámaras | 3 Baños | 186 m 2,https://propiedades.comhttps://propiedades.com/inmuebles/casa-en-venta-av-coto-platino-null-sabalo-country-club-sinaloa-28624882
Sinaloa,38,2026-04-06 03:14,"$2,300,000 MXN","Se vende casa en Avenida Rinconada el Chalet #3715, Col. Rincón Real, Culiacán, Sinaloa, México, C.P. 80028, ID: 28982596",2 Recámaras | 2 Baños | 145 m 2,https://propiedades.comhttps://propiedades.com/inmuebles/casa-en-venta-avenida-rinconada-el-chalet-3715-rincon-real-sinaloa-28982596
Sinaloa,38,2026-04-06 03:14,"$1,200,000 MXN","Casa en venta, Boulevard Cerro de MontelargoInt. 78-A, Col. Colinas de San Miguel, Culiacán, Sinaloa, México, C.P. 80228, ID: 28716886",1 Recámara | 47 m 2,https://propiedades.comhttps://propiedades.com/inmuebles/casa-en-venta-boulevard-cerro-de-montelargo-colinas-de-san-miguel-sinaloa-28716886
Sinaloa,38,2026-04-06 03:14,"$6,487,000 MXN","Casa en venta, paseo del pacifico, Col. Hacienda del Seminario, Mazatlán, Sinaloa, México, C.P. 82129, ID: 28628747",3 Recámaras | 4 Baños | 260 m 2,https://propiedades.comhttps://propiedades.com/inmuebles/casa-en-venta-paseo-del-pacifico-hacienda-del-seminario-sinaloa-28628747
Sinaloa,38,2026-04-06 03:14,"$8,100,000 MXN","Casa disponible en venta en ISLA GUADALUPE #SN, Col. Las Quintas, Culiacán, Sinaloa, México, C.P. 80060, ID: 30344181",3 Recámaras | 3 Baños | 357 m 2,https://propiedades.comhttps://propiedades.com/inmuebles/casa-en-venta-isla-guadalupe-sn-las-quintas-sinaloa-30344181
Sinaloa,38,2026-04-06 03:14,"$3,500,000 MXN","Casa en venta, azul marino #1778, Col. Cerritos Resort, Mazatlán, Sinaloa, México, C.P. 82112, ID: 29541163",3 Recámaras | 3 Baños,https://propiedades.comhttps://propiedades.com/inmuebles/casa-en-venta-azul-marino-1778-cerritos-resort-sinaloa-29541163
Sinaloa,38,2026-04-06 03:14,"$5,900,000 MXN","Casa disponible en venta en Nuevo Altata, Villas del Mar358, Col. Altata, Navolato, Sinaloa, México, C.P. 80363, ID: 26281066",4 Recámaras | 4 Baños | 358 m 2,https://propiedades.comhttps://propiedades.com/inmuebles/casa-en-venta-nuevo-altata-villas-del-mar358-altata-sinaloa-26281066
Sinaloa,38,2026-04-06 03:14,"$2,806,650 MXN","Se vende casa GRAN VIA RESIDENCIAL, Col. Los Angeles, Culiacán, Sinaloa, México, C.P. 80014, ID: 23069580",3 Recámaras | 3 Baños | 123 m 2,https://propiedades.comhttps://propiedades.com/inmuebles/casa-en-venta-gran-via-residencial-los-angeles-sinaloa-23069580
Sinaloa,38,2026-04-06 03:14,"$21,000,000 MXN","Casa en venta disponible en Col. Marina Mazatlán, Mazatlán, Sinaloa, México, C.P. 82103, ID: 30928561",4 Recámaras | 5 Baños | 750 m 2,https://propiedades.comhttps://propiedades.com/inmuebles/casa-en-venta-marina-mazatlan-sinaloa-30928561
Sinaloa,38,2026-04-06 03:14,"$1,995,000 MXN","Venta de casa en Nuevo Leon, Col. Centro, Mazatlán, Sinaloa, México, C.P. 82000, ID: 28997089",2 Recámaras | 2 Baños | 126 m 2,https://propiedades.comhttps://propiedades.com/inmuebles/casa-en-venta-nuevo-leon-centro-sinaloa-28997089
Sinaloa,38,2026-04-06 03:14,"$4,650,000 MXN","Circuito argonautas #2022, Col. Almar, Mazatlán, Sinaloa, México, C.P. 82112, ID: 30476178",3 Recámaras | 3 Baños | 150 m 2,https://propiedades.comhttps://propiedades.com/inmuebles/casa-en-venta-circuito-argonautas-2022-almar-sinaloa-30476178
Sinaloa,38,2026-04-06 03:14,"$3,145,500 MXN","Venta casa en Río Culiacan #203, Col. Guadalupe, Culiacán, Sinaloa, México, C.P. 80220, ID: 28749371",2 Recámaras | 2 Baños | 65 m 2,https://propiedades.comhttps://propiedades.com/inmuebles/casa-en-venta-rio-culiacan-203-guadalupe-sinaloa-28749371
Sinaloa,38,2026-04-06 03:14,"$1,800,000 MXN","Venta de casa en Azafranez #3963, Col. Laureles Pinos, Culiacán, Sinaloa, México, C.P. 80246, ID: 30861265",4 Recámaras | 2 Baños | 218 m 2,https://propiedades.comhttps://propiedades.com/inmuebles/casa-en-venta-azafranez-3963-laureles-pinos-sinaloa-30861265
Sinaloa,38,2026-04-06 03:14,"$9,590,000 MXN","Venta casa en Barrio san Alberto, Col. La Primavera, Culiacán, Sinaloa, México, C.P. 80434, ID: 30295373",3 Recámaras | 3 Baños | 328 m 2,https://propiedades.comhttps://propiedades.com/inmuebles/casa-en-venta-barrio-san-alberto-la-primavera-sinaloa-30295373
Sinaloa,38,2026-04-06 03:14,"$3,900,000 MXN","Se vende casa Calle de los Enebros #468, Col. Los Mangos I, Mazatlán, Sinaloa, México, C.P. 82128, ID: 30701087",4 Recámaras | 2 Baños,https://propiedades.comhttps://propiedades.com/inmuebles/casa-en-venta-calle-de-los-enebros-468-los-mangos-i-sinaloa-30701087
Sinaloa,38,2026-04-06 03:14,"$2,420,000 MXN","Boulevard Paseo del Roble, Col. Barcelona Sección Villa Barcelona, Culiacán, Sinaloa, México, C.P. 80059, ID: 29873943",3 Recámaras | 3 Baños | 114 m 2,https://propiedades.comhttps://propiedades.com/inmuebles/casa-en-venta-boulevard-paseo-del-roble-barcelona-seccion-villa-barcelona-sinaloa-29873943
Sinaloa,38,2026-04-06 03:14,"$5,750,000 MXN","Se vende casa sonterra, Col. Sonterra Residencial II, Mazatlán, Sinaloa, México, C.P. 82124, ID: 29947763",4 Recámaras | 3 Baños | 243 m 2,https://propiedades.comhttps://propiedades.com/inmuebles/casa-en-venta-sonterra-sonterra-residencial-ii-sinaloa-29947763
Sinaloa,38,2026-04-06 03:14,"$10,500,000 MXN","Se vende casa en Maralto, Col. Altabrisa Residencial, Mazatlán, Sinaloa, México, C.P. 82112, ID: 29431451",4 Recámaras | 5 Baños | 320 m 2,https://propiedades.comhttps://propiedades.com/inmuebles/casa-en-venta-maralto-altabrisa-residencial-sinaloa-29431451
Sinaloa,39,2026-04-06 03:14,"$1,790,000 MXN","Se vende casa en Av. Siete Valles, Valle Alto, 80050 Culiacán Rosales, Sin. #4808, Col. Valle Alto, Culiacán, Sinaloa, México, C.P. 80050, ID: 31009079",2 Recámaras | 1 Baño | 80 m 2,https://propiedades.comhttps://propiedades.com/inmuebles/casa-en-venta-av-siete-valles-valle-alto-80050-culiacan-rosales-sin-4808-valle-alto-sinaloa-31009079
Sinaloa,39,2026-04-06 03:14,"$2,598,000 MXN","Casa en venta disponible en Calle Amatista #998, Col. Humaya, Culiacán, Sinaloa, México, C.P. 80020, ID: 28749251",2 Recámaras | 2 Baños | 63 m 2,https://propiedades.comhttps://propiedades.com/inmuebles/casa-en-venta-calle-amatista-998-humaya-sinaloa-28749251
Sinaloa,39,2026-04-06 03:14,"$5,500,000 MXN","Se vende casa en Col. Sábalo Country Club, Mazatlán, Sinaloa, México, C.P. 82100, ID: 30778597",3 Recámaras | 2 Baños | 129 m 2,https://propiedades.comhttps://propiedades.com/inmuebles/casa-en-venta-sabalo-country-club-sinaloa-30778597
Sinaloa,39,2026-04-06 03:14,"$3,953,750 MXN","Venta de casa Blvrd Lauro Diaz Castro #0Int. 0, Col. La Conquista, Culiacán, Sinaloa, México, C.P. 80058, ID: 28203645",3 Recámaras | 3 Baños | 160 m 2,https://propiedades.comhttps://propiedades.com/inmuebles/casa-en-venta-blvrd-lauro-diaz-castro-0-la-conquista-sinaloa-28203645
Sinaloa,39,2026-04-06 03:14,"$400,000 MXN","Venta de casa en GRAL ANGEL FLORES #0, Col. Las Fuentes, Ahome, Sinaloa, México, C.P. 81223, ID: 30260979",2 Recámaras | 2 Baños | 140 m 2,https://propiedades.comhttps://propiedades.com/inmuebles/casa-en-venta-gral-angel-flores-las-fuentes-sinaloa-30260979
Sinaloa,39,2026-04-06 03:14,"$23,000,000 MXN","Venta casa en Av. Alvaro Obregón #2500, Col. Lomas del Bosque, Culiacán, Sinaloa, México, C.P. 80179, ID: 28185412",4 Recámaras | 6 Baños | 628 m 2,https://propiedades.comhttps://propiedades.com/inmuebles/casa-en-venta-av-alvaro-obregon-2500-lomas-del-bosque-sinaloa-28185412
Sinaloa,39,2026-04-06 03:14,"$13,398,000 MXN","Barras de Piaxtla, Col. Barras de Piaxtla, San Ignacio, Sinaloa, México, C.P. 82968, ID: 28718661",1 m 2,https://propiedades.comhttps://propiedades.com/inmuebles/casa-en-venta-barras-de-piaxtla-barras-de-piaxtla-sinaloa-28718661
Sinaloa,39,2026-04-06 03:14,"$6,500,000 MXN","Venta de casa , Col. Marina El Cid, Mazatlán, Sinaloa, México, C.P. 82102, ID: 30928579",2 Recámaras | 2 Baños | 142 m 2,https://propiedades.comhttps://propiedades.com/inmuebles/casa-en-venta-marina-el-cid-sinaloa-30928579
Sinaloa,39,2026-04-06 03:14,"$799,000 USD","Coral Norte, Col. Marina Mazatlán, Mazatlán, Sinaloa, México, C.P. 82103, ID: 30793198",3 Recámaras | 354 m 2,https://propiedades.comhttps://propiedades.com/inmuebles/casa-en-venta-coral-norte-marina-mazatlan-sinaloa-30793198
Sinaloa,39,2026-04-06 03:14,"$960,000 MXN","Nevado del Ruiz #6120Int. 45 y 46, Col. La Candelaria, Culiacán, Sinaloa, México, C.P. 80408, ID: 28726156",1 m 2,https://propiedades.comhttps://propiedades.com/inmuebles/casa-en-venta-nevado-del-ruiz-6120-la-candelaria-sinaloa-28726156
Sinaloa,39,2026-04-06 03:14,"$1,600,000 MXN","Venta casa en c marbella #16314 Fracc. villas del rey, Col. Villa Residencial del Rey, Mazatlán, Sinaloa, México, C.P. 82164, ID: 28543534",2 Recámaras | 2 Baños | 200 m 2,https://propiedades.comhttps://propiedades.com/inmuebles/casa-en-venta-c-marbella-16314-fracc-villas-del-rey-villa-residencial-del-rey-sinaloa-28543534
Sinaloa,39,2026-04-06 03:14,"$4,770,000 MXN","Venta de casa en Calzada de las Torres, Col. La Primavera, Culiacán, Sinaloa, México, C.P. 80199, ID: 28653365",3 Recámaras | 3 Baños | 180 m 2,https://propiedades.comhttps://propiedades.com/inmuebles/casa-en-venta-calzada-de-las-torres-la-primavera-sinaloa-28653365
Sinaloa,39,2026-04-06 03:14,"$5,650,000 MXN","Venta de casa privada las flores #4601Int. 12, Col. Las Flores, Culiacán, Sinaloa, México, C.P. 80104, ID: 28887870",4 Recámaras | 5 Baños | 313 m 2,https://propiedades.comhttps://propiedades.com/inmuebles/casa-en-venta-privada-las-flores-4601-las-flores-sinaloa-28887870
Sinaloa,39,2026-04-06 03:14,"$6,600,000 MXN","Se vende casa en Col. Cerritos Resort, Mazatlán, Sinaloa, México, C.P. 82112, ID: 30928815",3 Recámaras | 3 Baños,https://propiedades.comhttps://propiedades.com/inmuebles/casa-en-venta-cerritos-resort-sinaloa-30928815
Sinaloa,39,2026-04-06 03:14,"$3,500,000 MXN","Se vende casa calle Bahia de Altamira #1504 PONIENTE , Col. Nuevo Culiacán, Culiacán, Sinaloa, México, C.P. 80170, ID: 29946006",4 Recámaras | 4 Baños | 30 m 2,https://propiedades.comhttps://propiedades.com/inmuebles/casa-en-venta-calle-bahia-de-altamira-1504-poniente-nuevo-culiacan-sinaloa-29946006
Sinaloa,39,2026-04-06 03:14,"$9,000,000 MXN","Venta casa en Urbano Tres Ríos, Col. Lago Tres Ríos, Culiacán, Sinaloa, México, C.P. 80027, ID: 28461898",4 Recámaras | 5 Baños | 357 m 2,https://propiedades.comhttps://propiedades.com/inmuebles/casa-en-venta-urbano-tres-rios-lago-tres-rios-sinaloa-28461898
Sinaloa,39,2026-04-06 03:14,"$2,100,000 MXN","Casa en venta, BUROCRATA, Col. Tierra Blanca, Culiacán, Sinaloa, México, C.P. 80030, ID: 28865001",2 Recámaras | 2 Baños | 72 m 2,https://propiedades.comhttps://propiedades.com/inmuebles/casa-en-venta-burocrata-tierra-blanca-sinaloa-28865001
Sinaloa,39,2026-04-06 03:14,"$2,200,000 MXN","Se vende casa Boulevard Elbert #5921Int. 42, Col. Praderas del Humaya, Culiacán, Sinaloa, México, C.P. 80059, ID: 28943746",3 Recámaras | 1 Baño | 95 m 2,https://propiedades.comhttps://propiedades.com/inmuebles/casa-en-venta-boulevard-elbert-5921-praderas-del-humaya-sinaloa-28943746
Sinaloa,39,2026-04-06 03:14,"$1,750,000 MXN","Casa en venta, Doctor Enrique G. Martínez #3807, Col. Emiliano Zapata, Culiacán, Sinaloa, México, C.P. 80260, ID: 30662541",3 Recámaras | 2 Baños | 155 m 2,https://propiedades.comhttps://propiedades.com/inmuebles/casa-en-venta-doctor-enrique-g-martinez-3807-emiliano-zapata-sinaloa-30662541
Sinaloa,39,2026-04-06 03:14,"$6,100,000 MXN","Venta de casa Sin nombre de calle, Col. Altabrisa Residencial, Mazatlán, Sinaloa, México, C.P. 82112, ID: 28313112",4 Recámaras | 3 Baños | 274 m 2,https://propiedades.comhttps://propiedades.com/inmuebles/casa-en-venta-sin-nombre-de-calle-altabrisa-residencial-sinaloa-28313112
Sinaloa,39,2026-04-06 03:14,"$10,815,000 MXN","Venta de casa Calle S/N, Col. El Vergel, Navolato, Sinaloa, México, C.P. 80338, ID: 28726395",1 m 2,https://propiedades.comhttps://propiedades.com/inmuebles/casa-en-venta-calle-sn-el-vergel-sinaloa-28726395
Sinaloa,39,2026-04-06 03:14,"$4,175,000 MXN","Casa disponible en venta en Dario #51515, Col. Real del Valle, Mazatlán, Sinaloa, México, C.P. 82124, ID: 29123168",3 Recámaras | 3 Baños | 193 m 2,https://propiedades.comhttps://propiedades.com/inmuebles/casa-en-venta-dario-51515-real-del-valle-sinaloa-29123168
Sinaloa,39,2026-04-06 03:14,"$4,350,000 MXN","Venta de casa Marmol #4209, Col. Real del Valle, Mazatlán, Sinaloa, México, C.P. 82124, ID: 27967811",3 Recámaras | 3 Baños | 172 m 2,https://propiedades.comhttps://propiedades.com/inmuebles/casa-en-venta-marmol-4209-real-del-valle-sinaloa-27967811
Sinaloa,39,2026-04-06 03:14,"$6,800,000 MXN","Se vende casa en niños heroes #sn, Col. Angostura Centro, Angostura, Sinaloa, México, C.P. 81600, ID: 29985452",3 Recámaras | 4 Baños | 427 m 2,https://propiedades.comhttps://propiedades.com/inmuebles/casa-en-venta-ninos-heroes-sn-angostura-centro-sinaloa-29985452
Sinaloa,39,2026-04-06 03:14,"$950,000 MXN","Casa en venta, Rigoberto Aguilar #s/n, Col. Jabalines Infonavit, Mazatlán, Sinaloa, México, C.P. 82153, ID: 29533383",2 Recámaras | 1 Baño | 56 m 2,https://propiedades.comhttps://propiedades.com/inmuebles/casa-en-venta-rigoberto-aguilar-sn-jabalines-infonavit-sinaloa-29533383
Sinaloa,39,2026-04-06 03:14,"$1,590,000 MXN","Casa disponible en venta en CENTRO, Col. Sinaloa, Culiacán, Sinaloa, México, C.P. 80430, ID: 29810046",2 Recámaras | 1 Baño,https://propiedades.comhttps://propiedades.com/inmuebles/casa-en-venta-centro-sinaloa-sinaloa-29810046
Sinaloa,39,2026-04-06 03:14,"$3,800,000 MXN","Se vende casa Paseo Claussen, Col. Centro, Mazatlán, Sinaloa, México, C.P. 82000, ID: 26928904",2 Recámaras | 2 Baños | 102 m 2,https://propiedades.comhttps://propiedades.com/inmuebles/casa-en-venta-paseo-claussen-centro-sinaloa-26928904
Sinaloa,39,2026-04-06 03:14,"$4,900,000 MXN","Casa en venta, Crisantemo, Col. Margarita, Culiacán, Sinaloa, México, C.P. 80270, ID: 29130930",6 Recámaras | 4 Baños | 291 m 2,https://propiedades.comhttps://propiedades.com/inmuebles/casa-en-venta-crisantemo-margarita-sinaloa-29130930
Sinaloa,39,2026-04-06 03:14,"$2,495,000 MXN","Venta de casa JUAREZ, Col. Benito Juárez, Mazatlán, Sinaloa, México, C.P. 82180, ID: 29437808",3 Recámaras | 3 Baños | 120 m 2,https://propiedades.comhttps://propiedades.com/inmuebles/casa-en-venta-juarez-benito-juarez-sinaloa-29437808
Sinaloa,39,2026-04-06 03:14,"$3,882,000 MXN","Se vende casa Boulevard Alvaro del Portillo, Col. Valle Alto, Culiacán, Sinaloa, México, C.P. 80050, ID: 28864980",3 Recámaras | 2 Baños | 174 m 2,https://propiedades.comhttps://propiedades.com/inmuebles/casa-en-venta-boulevard-alvaro-del-portillo-valle-alto-sinaloa-28864980
Sinaloa,39,2026-04-06 03:14,"$2,400,000 MXN","Porto Luz, Col. Portomolino, Mazatlán, Sinaloa, México, C.P. 82132, ID: 30808248",2 Recámaras | 80 m 2,https://propiedades.comhttps://propiedades.com/inmuebles/casa-en-venta-porto-luz-portomolino-sinaloa-30808248
Sinaloa,39,2026-04-06 03:14,"$3,200,000 MXN","Casa en venta, BAHIA DE ALTATA #1513, Col. Nuevo Culiacán, Culiacán, Sinaloa, México, C.P. 80170, ID: 27420977",3 Recámaras | 3 Baños | 342 m 2,https://propiedades.comhttps://propiedades.com/inmuebles/casa-en-venta-bahia-de-altata-1513-nuevo-culiacan-sinaloa-27420977
Sinaloa,39,2026-04-06 03:14,"$2,380,000 MXN","Venta de casa Ramon Corona #2005, Col. Montuosa, Mazatlán, Sinaloa, México, C.P. 82030, ID: 28958731",4 Recámaras | 3 Baños | 140 m 2,https://propiedades.comhttps://propiedades.com/inmuebles/casa-en-venta-ramon-corona-2005-montuosa-sinaloa-28958731
Sinaloa,39,2026-04-06 03:14,"$5,366,000 MXN","Se vende casa Sin nombre de calle, Col. Sonterra Residencial II, Mazatlán, Sinaloa, México, C.P. 82124, ID: 29166578",4 Recámaras | 2 Baños | 220 m 2,https://propiedades.comhttps://propiedades.com/inmuebles/casa-en-venta-sin-nombre-de-calle-sonterra-residencial-ii-sinaloa-29166578
Sinaloa,39,2026-04-06 03:14,"$4,250,000 MXN",", Col. Perisur, Culiacán, Sinaloa, México, C.P. 80197, ID: 28085115",3 Recámaras | 2 Baños | 185 m 2,https://propiedades.comhttps://propiedades.com/inmuebles/casa-en-venta-perisur-sinaloa-28085115
Sinaloa,39,2026-04-06 03:14,"$12,600,000 MXN","Casa en venta disponible en Mar Negro, Col. Cerritos Resort, Mazatlán, Sinaloa, México, C.P. 82112, ID: 30867059",4 Recámaras | 254 m 2,https://propiedades.comhttps://propiedades.com/inmuebles/casa-en-venta-mar-negro-cerritos-resort-sinaloa-30867059
Sinaloa,39,2026-04-06 03:14,"$7,700,000 MXN","Venta de casa en Sin nombre de calle, Col. Cerritos Resort, Mazatlán, Sinaloa, México, C.P. 82112, ID: 30752028",3 Recámaras | 3 Baños | 270 m 2,https://propiedades.comhttps://propiedades.com/inmuebles/casa-en-venta-sin-nombre-de-calle-cerritos-resort-sinaloa-30752028
Sinaloa,39,2026-04-06 03:14,"$4,950,000 MXN","Se vende casa Av Paseo del Atlántico, Col. Real Pacífico, Mazatlán, Sinaloa, México, C.P. 82124, ID: 30270208",4 Recámaras | 3 Baños | 183 m 2,https://propiedades.comhttps://propiedades.com/inmuebles/casa-en-venta-av-paseo-del-atlantico-real-pacifico-sinaloa-30270208
Sinaloa,39,2026-04-06 03:14,"$2,082,000 MXN","Casa en venta disponible en ADORA MOD. ZAFIRO, Col. El Venadillo, Mazatlán, Sinaloa, México, C.P. 82129, ID: 28865020",2 Recámaras | 2 Baños | 63 m 2,https://propiedades.comhttps://propiedades.com/inmuebles/casa-en-venta-adora-mod-zafiro-el-venadillo-sinaloa-28865020
Sinaloa,39,2026-04-06 03:14,"$15,300,000 MXN","Venta de casa en El Cid, Mazatlán, Sin., Col. El Cid, Mazatlán, Sinaloa, México, C.P. 82110, ID: 31032623",3 Recámaras | 4 Baños | 364 m 2,https://propiedades.comhttps://propiedades.com/inmuebles/casa-en-venta-el-cid-mazatlan-sin-el-cid-sinaloa-31032623
Sinaloa,39,2026-04-06 03:14,"$5,350,000 MXN","Venta de casa CALLE SARDINA 6423, Col. Palmas del Sol, Mazatlán, Sinaloa, México, C.P. 82103, ID: 30159701",3 Recámaras | 3 Baños | 195 m 2,https://propiedades.comhttps://propiedades.com/inmuebles/casa-en-venta-calle-sardina-6423-palmas-del-sol-sinaloa-30159701
Sinaloa,39,2026-04-06 03:14,"$1,150,000 MXN",", Col. El Diez, Culiacán, Sinaloa, México, C.P. 80300, ID: 26449939",2 Recámaras | 1 Baño | 291 m 2,https://propiedades.comhttps://propiedades.com/inmuebles/casa-en-venta-el-diez-sinaloa-26449939
Sinaloa,39,2026-04-06 03:14,"$1,669,500 MXN","Casa en venta, lazaro rubio, Col. Valle Del Ejido, Mazatlán, Sinaloa, México, C.P. 82134, ID: 30632949",2 Recámaras | 1 Baño | 76 m 2,https://propiedades.comhttps://propiedades.com/inmuebles/casa-en-venta-lazaro-rubio-valle-del-ejido-sinaloa-30632949
Sinaloa,39,2026-04-06 03:14,"$1,300,000 MXN","Se vende casa matatan, Col. Colinas del Real, Mazatlán, Sinaloa, México, C.P. 82136, ID: 28234023",2 Recámaras | 1 Baño | 68 m 2,https://propiedades.comhttps://propiedades.com/inmuebles/casa-en-venta-matatan-colinas-del-real-sinaloa-28234023
Sinaloa,39,2026-04-06 03:14,"$25,460,000 MXN","Venta de casa en Marina campo de golf, Col. Marina Mazatlán, Mazatlán, Sinaloa, México, C.P. 82103, ID: 28656248",4 Recámaras | 4 Baños | 670 m 2,https://propiedades.comhttps://propiedades.com/inmuebles/casa-en-venta-marina-campo-de-golf-marina-mazatlan-sinaloa-28656248
Sinaloa,39,2026-04-06 03:14,"$5,800,000 MXN",", Col. Mediterráneo Club Residencial, Mazatlán, Sinaloa, México, C.P. 82113, ID: 30773438",3 Recámaras | 5 Baños | 280 m 2,https://propiedades.comhttps://propiedades.com/inmuebles/casa-en-venta-mediterraneo-club-residencial-sinaloa-30773438
Sinaloa,40,2026-04-06 03:14,"$4,670,000 MXN","Venta de casa Belcantto, Col. Centro, Culiacán, Sinaloa, México, C.P. 80000, ID: 28693592",3 Recámaras | 3 Baños | 238 m 2,https://propiedades.comhttps://propiedades.com/inmuebles/casa-en-venta-belcantto-centro-sinaloa-28693592
Sinaloa,40,2026-04-06 03:14,"$5,600,000 MXN","Se vende casa en Miguel Hidalgo #848, Col. Centro, Culiacán, Sinaloa, México, C.P. 80000, ID: 30508586",5 Recámaras | 4 Baños | 324 m 2,https://propiedades.comhttps://propiedades.com/inmuebles/casa-en-venta-miguel-hidalgo-848-centro-sinaloa-30508586
Sinaloa,40,2026-04-06 03:14,"$1,300,000 MXN","Venta de casa FRACCIONAMIENTO DEL REL, Col. Del Real, Ahome, Sinaloa, México, C.P. 81234, ID: 30894186",2 Recámaras | 1 Baño | 55 m 2,https://propiedades.comhttps://propiedades.com/inmuebles/casa-en-venta-fraccionamiento-del-rel-del-real-sinaloa-30894186
Sinaloa,40,2026-04-06 03:14,"$4,200,000 MXN","Casa en venta, 1, Col. Amorada, Culiacán, Sinaloa, México, C.P. 80014, ID: 30910145",3 Recámaras | 3 Baños | 1 m 2,https://propiedades.comhttps://propiedades.com/inmuebles/casa-en-venta-1-amorada-sinaloa-30910145
Sinaloa,40,2026-04-06 03:14,"$1,764,000 MXN","Se vende casa Guamúchil, Sinaloa #s/n, Col. Zona Centro, Salvador Alvarado, Sinaloa, México, C.P. 81400, ID: 30986710",2 Recámaras | 1 Baño | 155 m 2,https://propiedades.comhttps://propiedades.com/inmuebles/casa-en-venta-guamuchil-sinaloa-sn-zona-centro-sinaloa-30986710
Sinaloa,40,2026-04-06 03:14,"$12,000,000 MXN","diamante, Col. Paraíso, Mazatlán, Sinaloa, México, C.P. 82125, ID: 30632950",4 Recámaras | 3 Baños | 338 m 2,https://propiedades.comhttps://propiedades.com/inmuebles/casa-en-venta-diamante-paraiso-sinaloa-30632950
Sinaloa,40,2026-04-06 03:14,"$4,480,000 MXN","Casa disponible en venta en Col. Marina Mazatlán, Mazatlán, Sinaloa, México, C.P. 82103, ID: 30803390",4 Recámaras | 3 Baños | 197 m 2,https://propiedades.comhttps://propiedades.com/inmuebles/casa-en-venta-marina-mazatlan-sinaloa-30803390
Sinaloa,40,2026-04-06 03:14,"$7,900,000 MXN","Casa disponible en venta en Circuito San Francisco #12, Col. La Primavera, Culiacán, Sinaloa, México, C.P. 80199, ID: 30185622",4 Recámaras | 4 Baños | 293 m 2,https://propiedades.comhttps://propiedades.com/inmuebles/casa-en-venta-circuito-san-francisco-12-la-primavera-sinaloa-30185622
Sinaloa,40,2026-04-06 03:14,"$9,300,000 MXN","Casa en venta, San Alberto, Col. San Benito, Culiacán, Sinaloa, México, C.P. 80246, ID: 30527973",3 Recámaras | 3 Baños | 304 m 2,https://propiedades.comhttps://propiedades.com/inmuebles/casa-en-venta-san-alberto-san-benito-sinaloa-30527973
Sinaloa,40,2026-04-06 03:14,"$560,000 MXN","Se vende casa en HIGUERA DEL CONCHI, Col. Viva Progreso, Mazatlán, Sinaloa, México, C.P. 82139, ID: 28864976",2 Recámaras | 2 Baños | 88 m 2,https://propiedades.comhttps://propiedades.com/inmuebles/casa-en-venta-higuera-del-conchi-viva-progreso-sinaloa-28864976
Sinaloa,40,2026-04-06 03:14,"$6,800,000 MXN","Se vende casa , Col. Sábalo Country Club, Mazatlán, Sinaloa, México, C.P. 82100, ID: 29243987",4 Recámaras | 3 Baños | 295 m 2,https://propiedades.comhttps://propiedades.com/inmuebles/casa-en-venta-sabalo-country-club-sinaloa-29243987
Sinaloa,40,2026-04-06 03:14,"$3,900,000 MXN","Casa en venta disponible en , Col. El Toreo, Mazatlán, Sinaloa, México, C.P. 82120, ID: 31026008",3 Recámaras | 3 Baños | 185 m 2,https://propiedades.comhttps://propiedades.com/inmuebles/casa-en-venta-el-toreo-sinaloa-31026008
Sinaloa,40,2026-04-06 03:14,"$4,400,000 MXN","Circuito Arizona, Col. Sonterra Residencial II, Mazatlán, Sinaloa, México, C.P. 82124, ID: 29837720",3 Recámaras | 3 Baños | 175 m 2,https://propiedades.comhttps://propiedades.com/inmuebles/casa-en-venta-circuito-arizona-sonterra-residencial-ii-sinaloa-29837720
Sinaloa,40,2026-04-06 03:14,"$21,500,000 MXN","Venta de casa en , Col. Cerritos al Mar, Mazatlán, Sinaloa, México, C.P. 82112, ID: 30803394",5 Recámaras | 5 Baños | 556 m 2,https://propiedades.comhttps://propiedades.com/inmuebles/casa-en-venta-cerritos-al-mar-sinaloa-30803394
Sinaloa,40,2026-04-06 03:14,"$825,000 MXN","Se vende casa Blvrd Pedro Anaya #00, Col. Villas de Cortés, Culiacán, Sinaloa, México, C.P. 80140, ID: 30621135",4 Recámaras | 3 Baños | 143 m 2,https://propiedades.comhttps://propiedades.com/inmuebles/casa-en-venta-blvrd-pedro-anaya--00-villas-de-cortes-sinaloa-30621135
Sinaloa,40,2026-04-06 03:14,"$1,950,000 MXN","Venta casa en San Lucas, Col. San Fernando, Mazatlán, Sinaloa, México, C.P. 82198, ID: 29994669",4 Recámaras | 3 Baños | 170 m 2,https://propiedades.comhttps://propiedades.com/inmuebles/casa-en-venta-san-lucas-san-fernando-sinaloa-29994669
Sinaloa,40,2026-04-06 03:14,"$3,000,000 MXN","Venta casa en Laguna de Tamiahua #1241, Col. Periodista, Culiacán, Sinaloa, México, C.P. 80060, ID: 29932886",2 Recámaras | 2 Baños | 145 m 2,https://propiedades.comhttps://propiedades.com/inmuebles/casa-en-venta-laguna-de-tamiahua-1241-periodista-sinaloa-29932886
Sinaloa,40,2026-04-06 03:14,"$3,600,000 MXN","Venta de casa en SIN NOMBRE, Col. El Tetuan Nuevo, Navolato, Sinaloa, México, C.P. 80338, ID: 28710915",1 m 2,https://propiedades.comhttps://propiedades.com/inmuebles/casa-en-venta-sin-nombre-el-tetuan-nuevo-sinaloa-28710915
Sinaloa,40,2026-04-06 03:14,"$1,820,000 MXN","Casa en venta, cerro cabazan #3363, Col. Loma Linda, Culiacán, Sinaloa, México, C.P. 80177, ID: 28446239",5 Recámaras | 3 Baños | 189 m 2,https://propiedades.comhttps://propiedades.com/inmuebles/casa-en-venta-cerro-cabazan-3363-loma-linda-sinaloa-28446239
Sinaloa,40,2026-04-06 03:14,"$4,990,000 MXN","Venta de casa en , Col. Predio Rancho Las Habas, Mazatlán, Sinaloa, México, C.P. 82124, ID: 29453861",4 Recámaras | 3 Baños | 183 m 2,https://propiedades.comhttps://propiedades.com/inmuebles/casa-en-venta-predio-rancho-las-habas-sinaloa-29453861
Sinaloa,40,2026-04-06 03:14,"$26,000,000 MXN","Casa disponible en venta en Col. Marina Mazatlán, Mazatlán, Sinaloa, México, C.P. 82103, ID: 30984200",4 Recámaras | 5 Baños | 553 m 2,https://propiedades.comhttps://propiedades.com/inmuebles/casa-en-venta-marina-mazatlan-sinaloa-30984200
Sinaloa,40,2026-04-06 03:14,"$1,890,000 MXN","Casa disponible en venta en , Col. Jacarandas, Mazatlán, Sinaloa, México, C.P. 82157, ID: 28622277",42 m 2,https://propiedades.comhttps://propiedades.com/inmuebles/casa-en-venta-jacarandas-sinaloa-28622277
Sinaloa,40,2026-04-06 03:14,"$4,000,000 MXN","Venta de casa GENERAL ERNESTO DAMY #2004, Col. Centro, Mazatlán, Sinaloa, México, C.P. 82000, ID: 30701767",3 Recámaras | 2 Baños | 139 m 2,https://propiedades.comhttps://propiedades.com/inmuebles/casa-en-venta-general-ernesto-damy-2004-centro-sinaloa-30701767
Sinaloa,40,2026-04-06 03:14,"$5,500,000 MXN","Casa disponible en venta en , Col. Playas del Sur, Mazatlán, Sinaloa, México, C.P. 82040, ID: 29430911",3 Recámaras | 2 Baños | 248 m 2,https://propiedades.comhttps://propiedades.com/inmuebles/casa-en-venta-playas-del-sur-sinaloa-29430911
Sinaloa,40,2026-04-06 03:14,"$1,204,265 MXN","C. Cactus 4332, Villa Santa Anita, Sta Anita, 80058 Culiacán Rosales, Sin. #4332, Col. La Conquista, Culiacán, Sinaloa, México, C.P. 80058, ID: 31005445",3 Recámaras | 2 Baños | 91 m 2,https://propiedades.comhttps://propiedades.com/inmuebles/casa-en-venta-c-cactus-4332-villa-santa-anita-sta-anita-80058-culiacan-rosales-sin-4332-la-conquista-sinaloa-31005445
Sinaloa,40,2026-04-06 03:14,"$3,923,000 MXN","Venta de casa Priv. San Alejandro, 82129 Mazatlán, Sin., Col. Hacienda del Seminario, Mazatlán, Sinaloa, México, C.P. 82129, ID: 31013862",3 Recámaras | 2 Baños | 167 m 2,https://propiedades.comhttps://propiedades.com/inmuebles/casa-en-venta-priv-san-alejandro-82129-mazatlan-sin-hacienda-del-seminario-sinaloa-31013862
Sinaloa,40,2026-04-06 03:14,"$1,995,000 MXN","Casa disponible en venta en , Col. Marina Mazatlán, Mazatlán, Sinaloa, México, C.P. 82103, ID: 29061764",2 Recámaras | 1 Baño | 90 m 2,https://propiedades.comhttps://propiedades.com/inmuebles/casa-en-venta-marina-mazatlan-sinaloa-29061764
Sinaloa,40,2026-04-06 03:14,"$11,400,000 MXN","Casa en venta disponible en Blvd Pedro Infante, Col. Los Álamos, Culiacán, Sinaloa, México, C.P. 80100, ID: 28854614",3 Recámaras | 3 Baños | 300 m 2,https://propiedades.comhttps://propiedades.com/inmuebles/casa-en-venta-blvd-pedro-infante-los-alamos-sinaloa-28854614
Sinaloa,40,2026-04-06 03:14,"$1,990,000 MXN","Se vende casa Col. Renato Vega, Mazatlán, Sinaloa, México, C.P. 82215, ID: 30931874",2 Recámaras | 2 Baños,https://propiedades.comhttps://propiedades.com/inmuebles/casa-en-venta-renato-vega-sinaloa-30931874
Sinaloa,40,2026-04-06 03:14,"$5,450,000 MXN","Se vende casa niños heroes #2410, Col. Jardines Tres Ríos, Culiacán, Sinaloa, México, C.P. 80100, ID: 28865016",3 Recámaras | 3 Baños | 160 m 2,https://propiedades.comhttps://propiedades.com/inmuebles/casa-en-venta-ninos-heroes-2410-jardines-tres-rios-sinaloa-28865016
Sinaloa,40,2026-04-06 03:14,"$18,500,000 MXN","Casa disponible en venta en Blvd Pedro Infante, Col. Los Álamos, Culiacán, Sinaloa, México, C.P. 80100, ID: 30690203",3 Recámaras | 3 Baños | 475 m 2,https://propiedades.comhttps://propiedades.com/inmuebles/casa-en-venta-blvd-pedro-infante-los-alamos-sinaloa-30690203
Sinaloa,40,2026-04-06 03:14,"$1,950,000 MXN","Casa en venta disponible en VALLES DEL EJIDO, Col. Ampliación Valle del Ejido, Mazatlán, Sinaloa, México, C.P. 82134, ID: 30474464",3 Recámaras | 1 Baño,https://propiedades.comhttps://propiedades.com/inmuebles/casa-en-venta-valles-del-ejido-ampliacion-valle-del-ejido-sinaloa-30474464
Sinaloa,40,2026-04-06 03:14,"$2,926,000 MXN","Se vende casa en Almarena, Col. Villa Marina, Mazatlán, Sinaloa, México, C.P. 82112, ID: 23797756",2 Recámaras | 2 Baños | 105 m 2,https://propiedades.comhttps://propiedades.com/inmuebles/casa-en-venta-almarena-villa-marina-sinaloa-23797756
Sinaloa,40,2026-04-06 03:14,"$4,872,000 MXN","Se vende casa en , Col. Ferrocarrilera, Mazatlán, Sinaloa, México, C.P. 82013, ID: 23737385",1 Recámara | 1 Baño | 70 m 2,https://propiedades.comhttps://propiedades.com/inmuebles/casa-en-venta-ferrocarrilera-sinaloa-23737385
Sinaloa,40,2026-04-06 03:14,"$4,350,000 MXN","Venta casa en Josefa Ortiz de Domínguez #300, Col. Ejidal, Mazatlán, Sinaloa, México, C.P. 82198, ID: 30807771",3 Recámaras | 2 Baños | 115 m 2,https://propiedades.comhttps://propiedades.com/inmuebles/casa-en-venta-josefa-ortiz-de-dominguez-300-ejidal-sinaloa-30807771
Sinaloa,40,2026-04-06 03:14,"$16,990,000 MXN","Se vende casa Puerto de Cadiz #1, Col. El Cid, Mazatlán, Sinaloa, México, C.P. 82110, ID: 27619278",4 Recámaras | 6 Baños | 440 m 2,https://propiedades.comhttps://propiedades.com/inmuebles/casa-en-venta-puerto-de-cadiz-1-el-cid-sinaloa-27619278
Sinaloa,40,2026-04-06 03:14,"$1,499,000 MXN","Se vende casa puerto escondido #88, Col. Los Alamitos, Culiacán, Sinaloa, México, C.P. 80018, ID: 30899322",3 Recámaras | 1 Baño | 1000 m 2,https://propiedades.comhttps://propiedades.com/inmuebles/casa-en-venta-puerto-escondido-88-los-alamitos-sinaloa-30899322
Sinaloa,40,2026-04-06 03:14,"$1,055,000 MXN","Venta de casa Zafiro, Col. Villa Residencial del Rey, Mazatlán, Sinaloa, México, C.P. 82164, ID: 30703230",1 Recámara | 1 Baño | 39 m 2,https://propiedades.comhttps://propiedades.com/inmuebles/casa-en-venta-zafiro-villa-residencial-del-rey-sinaloa-30703230
Sinaloa,40,2026-04-06 03:14,"$24,000,000 MXN","Venta de casa en Sin nombre de calle, Col. El Cid, Mazatlán, Sinaloa, México, C.P. 82110, ID: 29434756",5 Recámaras | 7 Baños | 680 m 2,https://propiedades.comhttps://propiedades.com/inmuebles/casa-en-venta-sin-nombre-de-calle-el-cid-sinaloa-29434756
Sinaloa,40,2026-04-06 03:14,"$2,490,000 MXN","Se vende casa , Col. Rincón Real, Culiacán, Sinaloa, México, C.P. 80028, ID: 27903387",2 Recámaras | 2 Baños | 165 m 2,https://propiedades.comhttps://propiedades.com/inmuebles/casa-en-venta-rincon-real-sinaloa-27903387
Sinaloa,40,2026-04-06 03:14,"$13,000,000 MXN","Se vende casa Don Julio Berdegué Aznar #11, Col. El Cid, Mazatlán, Sinaloa, México, C.P. 82110, ID: 30434881",4 Recámaras | 5 Baños | 593 m 2,https://propiedades.comhttps://propiedades.com/inmuebles/casa-en-venta-don-julio-berdegue-aznar-11-el-cid-sinaloa-30434881
Sinaloa,40,2026-04-06 03:14,"$1,350,000 MXN","Casa en venta disponible en AVENIDA AMERICAS, Col. Benito Juárez, Mazatlán, Sinaloa, México, C.P. 82180, ID: 27892858",1 Recámara | 1 Baño | 32 m 2,https://propiedades.comhttps://propiedades.com/inmuebles/casa-en-venta-avenida-americas-benito-juarez-sinaloa-27892858
Sinaloa,40,2026-04-06 03:14,"$3,300,000 MXN","Venta de casa , Col. Villa del Cedro, Culiacán, Sinaloa, México, C.P. 80058, ID: 30390596",2 Baños | 177 m 2,https://propiedades.comhttps://propiedades.com/inmuebles/casa-en-venta-villa-del-cedro-sinaloa-30390596
Sinaloa,40,2026-04-06 03:14,"$3,600,000 MXN","Sin nombre, Col. El Tetuan Nuevo, Navolato, Sinaloa, México, C.P. 80338, ID: 28719027",1 m 2,https://propiedades.comhttps://propiedades.com/inmuebles/casa-en-venta-sin-nombre-el-tetuan-nuevo-sinaloa-28719027
Sinaloa,40,2026-04-06 03:14,"$5,300,000 MXN","Venta de casa en Av. Macarela Fraccionamiento Palmilla Residencial #3237, Col. Cerritos Resort, Mazatlán, Sinaloa, México, C.P. 82112, ID: 30482074",3 Recámaras | 3 Baños | 122 m 2,https://propiedades.comhttps://propiedades.com/inmuebles/casa-en-venta-av-macarela-fraccionamiento-palmilla-residencial-3237-cerritos-resort-sinaloa-30482074
Sinaloa,40,2026-04-06 03:14,"$2,450,000 MXN","Casa disponible en venta en Lomas Altas #3574, Col. Villa Colonial, Culiacán, Sinaloa, México, C.P. 80189, ID: 30035648",4 Recámaras | 2 Baños | 194 m 2,https://propiedades.comhttps://propiedades.com/inmuebles/casa-en-venta-lomas-altas-3574-villa-colonial-sinaloa-30035648
Sinaloa,40,2026-04-06 03:14,"$2,100,000 MXN","Casa en venta disponible en , Col. Valle Dorado, Mazatlán, Sinaloa, México, C.P. 82132, ID: 30137110",3 Recámaras | 2 Baños | 103 m 2,https://propiedades.comhttps://propiedades.com/inmuebles/casa-en-venta-valle-dorado-sinaloa-30137110
Sinaloa,41,2026-04-06 03:14,"$975,000 MXN","Se vende casa Enrique Perez #s/n, Col. Jabalines Infonavit, Mazatlán, Sinaloa, México, C.P. 82153, ID: 29533357",2 Recámaras | 1 Baño | 55 m 2,https://propiedades.comhttps://propiedades.com/inmuebles/casa-en-venta-enrique-perez-sn-jabalines-infonavit-sinaloa-29533357
Sinaloa,41,2026-04-06 03:14,"$558,080 MXN","Se vende casa en AMATISTA #000, Col. Villas del Humaya, Culiacán, Sinaloa, México, C.P. 80025, ID: 29173448",2 Recámaras | 1 Baño | 80 m 2,https://propiedades.comhttps://propiedades.com/inmuebles/casa-en-venta-amatista-000-villas-del-humaya-sinaloa-29173448
Sinaloa,41,2026-04-06 03:14,"$4,048,880 MXN","Casa en venta, And. de la Merced 5901, Fraccionamiento Hacienda del Seminario, 82129 Mazatlán, Sin. #6077, Col. Hacienda del Seminario, Mazatlán, Sinaloa, México, C.P. 82129, ID: 31000976",3 Recámaras | 3 Baños | 179 m 2,https://propiedades.comhttps://propiedades.com/inmuebles/casa-en-venta-and-de-la-merced-5901-fraccionamiento-hacienda-del-seminario-82129-mazatlan-sin-6077-hacienda-del-seminario-sinaloa-31000976
Sinaloa,41,2026-04-06 03:14,"$6,800,000 MXN","Río Culiacán #409, Col. Guadalupe, Culiacán, Sinaloa, México, C.P. 80220, ID: 29119174",5 Recámaras | 4 Baños | 306 m 2,https://propiedades.comhttps://propiedades.com/inmuebles/casa-en-venta-rio-culiacan-409-guadalupe-sinaloa-29119174
Sinaloa,41,2026-04-06 03:14,"$13,000,000 MXN","Casa disponible en venta en Col. El Cid, Mazatlán, Sinaloa, México, C.P. 82110, ID: 30808975",4 Recámaras | 5 Baños | 593 m 2,https://propiedades.comhttps://propiedades.com/inmuebles/casa-en-venta-el-cid-sinaloa-30808975
Sinaloa,41,2026-04-06 03:14,"$7,900,000 MXN","Col. Ferrocarrilera, Mazatlán, Sinaloa, México, C.P. 82013, ID: 30831595",4 Recámaras | 3 Baños | 313 m 2,https://propiedades.comhttps://propiedades.com/inmuebles/casa-en-venta-ferrocarrilera-sinaloa-30831595
Sinaloa,41,2026-04-06 03:14,"$70,000,000 MXN","Venta de casa , Col. Las Varas, Mazatlán, Sinaloa, México, C.P. 82100, ID: 22851704",10 Recámaras | 11 Baños | 787 m 2,https://propiedades.comhttps://propiedades.com/inmuebles/casa-en-venta-las-varas-sinaloa-22851704
Sinaloa,41,2026-04-06 03:14,"$4,200,000 MXN","Casa en venta disponible en Napoles, Col. Real del Valle, Mazatlán, Sinaloa, México, C.P. 82124, ID: 26000262",4 Recámaras | 3 Baños | 192 m 2,https://propiedades.comhttps://propiedades.com/inmuebles/casa-en-venta-napoles-real-del-valle-sinaloa-26000262
Sinaloa,41,2026-04-06 03:14,"$2,700,000 MXN","Se vende casa en La Nueva España #4521, Col. La Conquista, Culiacán, Sinaloa, México, C.P. 80058, ID: 29469797",3 Recámaras | 3 Baños | 200 m 2,https://propiedades.comhttps://propiedades.com/inmuebles/casa-en-venta-la-nueva-espana-4521-la-conquista-sinaloa-29469797
Sinaloa,41,2026-04-06 03:14,"$6,890,000 MXN","Se vende casa en Calle del Canal #597, Col. San Pedro, Navolato, Sinaloa, México, C.P. 80374, ID: 28822100",1 m 2,https://propiedades.comhttps://propiedades.com/inmuebles/casa-en-venta-calle-del-canal-597-san-pedro-sinaloa-28822100
Sinaloa,41,2026-04-06 03:14,"$4,400,000 MXN","Se vende casa en Río Baluarte #830, Col. Palos Prietos, Mazatlán, Sinaloa, México, C.P. 82010, ID: 28879584",4 Recámaras | 3 Baños | 296 m 2,https://propiedades.comhttps://propiedades.com/inmuebles/casa-en-venta-rio-baluarte-830-palos-prietos-sinaloa-28879584
Sinaloa,41,2026-04-06 03:14,"$1,705,000 MXN","Venta casa en Encinos #4847, Col. Villa del Roble, Culiacán, Sinaloa, México, C.P. 80184, ID: 29728974",4 Recámaras | 2 Baños | 162 m 2,https://propiedades.comhttps://propiedades.com/inmuebles/casa-en-venta-encinos-4847-villa-del-roble-sinaloa-29728974
Sinaloa,41,2026-04-06 03:14,"$6,400,000 MXN","Venta de casa La Ribera, Col. La Ribera Residencial, Culiacán, Sinaloa, México, C.P. 80025, ID: 25232573",4 Recámaras | 3 Baños | 227 m 2,https://propiedades.comhttps://propiedades.com/inmuebles/casa-en-venta-la-ribera-la-ribera-residencial-sinaloa-25232573
Sinaloa,41,2026-04-06 03:14,"$650,000 MXN","Casa disponible en venta en , Col. Benito Juárez, Culiacán, Sinaloa, México, C.P. 80210, ID: 29816518",2 Recámaras | 1 Baño | 100 m 2,https://propiedades.comhttps://propiedades.com/inmuebles/casa-en-venta-benito-juarez-sinaloa-29816518
Sinaloa,41,2026-04-06 03:14,"$7,200,000 MXN","Se vende casa Col. Portal de Hierro, Ahome, Sinaloa, México, C.P. 81271, ID: 30613711",3 Recámaras | 2 Baños | 225 m 2,https://propiedades.comhttps://propiedades.com/inmuebles/casa-en-venta-portal-de-hierro-sinaloa-30613711
Sinaloa,41,2026-04-06 03:14,"$2,872,000 MXN","Venta de casa en BLVD. UNIVERSO, Col. Centro Sinaloa, Culiacán, Sinaloa, México, C.P. 80000, ID: 28397478",3 Recámaras | 2 Baños | 140 m 2,https://propiedades.comhttps://propiedades.com/inmuebles/casa-en-venta-blvd-universo-centro-sinaloa-sinaloa-28397478
Sinaloa,41,2026-04-06 03:14,"$4,890,000 MXN","Se vende casa en circuito gran vía 4218, Col. Real del Valle, Mazatlán, Sinaloa, México, C.P. 82124, ID: 30156606",3 Recámaras | 3 Baños | 205 m 2,https://propiedades.comhttps://propiedades.com/inmuebles/casa-en-venta-circuito-gran-via-4218-real-del-valle-sinaloa-30156606
Sinaloa,41,2026-04-06 03:14,"$3,000,000 MXN","Se vende casa en Enrique de borgoña, Col. Portalegre, Culiacán, Sinaloa, México, C.P. 80058, ID: 28939169",3 Recámaras | 2 Baños,https://propiedades.comhttps://propiedades.com/inmuebles/casa-en-venta-enrique-de-borgona-portalegre-sinaloa-28939169
Sinaloa,41,2026-04-06 03:14,"$4,400,000 MXN","San dario #6203, Col. Real del Valle, Mazatlán, Sinaloa, México, C.P. 82124, ID: 27967808",3 Recámaras | 3 Baños | 191 m 2,https://propiedades.comhttps://propiedades.com/inmuebles/casa-en-venta-san-dario-6203-real-del-valle-sinaloa-27967808
Sinaloa,41,2026-04-06 03:14,"$24,500,000 MXN","El VIvar #1, Col. El Cid, Mazatlán, Sinaloa, México, C.P. 82110, ID: 29197235",5 Recámaras | 5 Baños | 633 m 2,https://propiedades.comhttps://propiedades.com/inmuebles/casa-en-venta-el-vivar-1-el-cid-sinaloa-29197235
Sinaloa,41,2026-04-06 03:14,"$4,790,000 MXN","Casa en venta, BENEVENTO, Col. Benevento Residencial, Culiacán, Sinaloa, México, C.P. 80014, ID: 29312598",3 Recámaras | 3 Baños | 184 m 2,https://propiedades.comhttps://propiedades.com/inmuebles/casa-en-venta-benevento-benevento-residencial-sinaloa-29312598
Sinaloa,41,2026-04-06 03:14,"$3,950,000 MXN","Casa en venta disponible en Segundo Retorno Cerro del Soldado No. 1649, Col. Los Mochis, Ahome, Sinaloa, México, C.P. 81254, ID: 30316266",3 Recámaras | 2 Baños | 206 m 2,https://propiedades.comhttps://propiedades.com/inmuebles/casa-en-venta-segundo-retorno-cerro-del-soldado-no-1649-los-mochis-sinaloa-30316266
Sinaloa,41,2026-04-06 03:14,"$5,700,000 MXN","Casa en venta, Col. Portal de Hierro, Ahome, Sinaloa, México, C.P. 81271, ID: 30613712",3 Recámaras | 2 Baños | 230 m 2,https://propiedades.comhttps://propiedades.com/inmuebles/casa-en-venta-portal-de-hierro-sinaloa-30613712
Sinaloa,41,2026-04-06 03:14,"$6,800,000 MXN","Río Culiacán, Col. Guadalupe, Culiacán, Sinaloa, México, C.P. 80220, ID: 27891142",5 Recámaras | 4 Baños | 306 m 2,https://propiedades.comhttps://propiedades.com/inmuebles/casa-en-venta-rio-culiacan-guadalupe-sinaloa-27891142
Sinaloa,41,2026-04-06 03:14,"$750,000 USD","Se vende casa PLAYA LINDA CERRADA #4, Col. Cerritos Resort, Mazatlán, Sinaloa, México, C.P. 82112, ID: 30701657",3 Recámaras | 3 Baños | 374 m 2,https://propiedades.comhttps://propiedades.com/inmuebles/casa-en-venta-playa-linda-cerrada-4-cerritos-resort-sinaloa-30701657
Sinaloa,41,2026-04-06 03:14,"$1,499,999 MXN","Casa disponible en venta en , Col. Villa del Cedro, Culiacán, Sinaloa, México, C.P. 80058, ID: 29114871",2 Recámaras | 1 Baño,https://propiedades.comhttps://propiedades.com/inmuebles/casa-en-venta-villa-del-cedro-sinaloa-29114871
Sinaloa,41,2026-04-06 03:14,"$5,500,000 MXN","Casa en venta, Sin calle #S/N, Col. Las Torres, Ahome, Sinaloa, México, C.P. 81240, ID: 31020663",3 Recámaras | 3 Baños | 1 m 2,https://propiedades.comhttps://propiedades.com/inmuebles/casa-en-venta-sin-calle-sn-las-torres-sinaloa-31020663
Sinaloa,41,2026-04-06 03:14,"$350,000 MXN","Campestre Nuevo Imala, Col. Imala, Culiacán, Sinaloa, México, C.P. 80384, ID: 28711535",1 m 2,https://propiedades.comhttps://propiedades.com/inmuebles/casa-en-venta-campestre-nuevo-imala-imala-sinaloa-28711535
Sinaloa,41,2026-04-06 03:14,"$2,195,000 MXN","Casa en venta, , Col. La Conquista, Culiacán, Sinaloa, México, C.P. 80058, ID: 30107350",3 Recámaras | 2 Baños,https://propiedades.comhttps://propiedades.com/inmuebles/casa-en-venta-la-conquista-sinaloa-30107350
Sinaloa,41,2026-04-06 03:14,"$5,600,000 MXN",", Col. Sábalo Country Club, Mazatlán, Sinaloa, México, C.P. 82100, ID: 30814588",3 Recámaras | 3 Baños | 180 m 2,https://propiedades.comhttps://propiedades.com/inmuebles/casa-en-venta-sabalo-country-club-sinaloa-30814588
Sinaloa,41,2026-04-06 03:14,"$9,500,000 MXN","Se vende casa en San Ignacio, Col. Marina Mazatlán, Mazatlán, Sinaloa, México, C.P. 82103, ID: 30809893",3 Recámaras | 310 m 2,https://propiedades.comhttps://propiedades.com/inmuebles/casa-en-venta-san-ignacio-marina-mazatlan-sinaloa-30809893
Sinaloa,41,2026-04-06 03:14,"$1,300,000 MXN","Casa disponible en venta en lago tanganica #4584-B, Col. Zona Dorada, Culiacán, Sinaloa, México, C.P. 80014, ID: 30861264",2 Recámaras | 1 Baño | 58 m 2,https://propiedades.comhttps://propiedades.com/inmuebles/casa-en-venta-lago-tanganica-4584b-zona-dorada-sinaloa-30861264
Sinaloa,41,2026-04-06 03:14,"$6,500,000 MXN","Se vende casa , Col. Montebello, Culiacán, Sinaloa, México, C.P. 80227, ID: 28271002",4 Recámaras | 4 Baños | 376 m 2,https://propiedades.comhttps://propiedades.com/inmuebles/casa-en-venta-montebello-sinaloa-28271002
Sinaloa,41,2026-04-06 03:14,"$11,500,000 MXN","Venta casa en Paraiso #6920, Col. Marina Mazatlán, Mazatlán, Sinaloa, México, C.P. 82103, ID: 30750957",4 Recámaras | 5 Baños | 365 m 2,https://propiedades.comhttps://propiedades.com/inmuebles/casa-en-venta-paraiso-6920-marina-mazatlan-sinaloa-30750957
Sinaloa,41,2026-04-06 03:14,"$2,100,000 MXN","Casa en venta disponible en cumulosInt. 5204, Col. Centenario, Culiacán, Sinaloa, México, C.P. 80184, ID: 29319469",3 Recámaras | 2 Baños | 92 m 2,https://propiedades.comhttps://propiedades.com/inmuebles/casa-en-venta-cumulos-centenario-sinaloa-29319469
Sinaloa,41,2026-04-06 03:14,"$3,500,000 MXN","Venta de casa Independencia, Col. San Blas Centro, El Fuerte, Sinaloa, México, C.P. 81800, ID: 25144725",423 m 2,https://propiedades.comhttps://propiedades.com/inmuebles/casa-en-venta-independencia-san-blas-centro-sinaloa-25144725
Sinaloa,41,2026-04-06 03:14,"$5,500,000 MXN","Venta de casa en Calle Burgos, Col. Villa Andalucía, Culiacán, Sinaloa, México, C.P. 80130, ID: 28939170",3 Recámaras | 3 Baños,https://propiedades.comhttps://propiedades.com/inmuebles/casa-en-venta-calle-burgos-villa-andalucia-sinaloa-28939170
Sinaloa,41,2026-04-06 03:14,"$1,850,000 MXN","Casa en venta, , Col. Benito Juárez, Mazatlán, Sinaloa, México, C.P. 82180, ID: 30047637",7 Recámaras | 4 Baños | 221 m 2,https://propiedades.comhttps://propiedades.com/inmuebles/casa-en-venta-benito-juarez-sinaloa-30047637
Sinaloa,41,2026-04-06 03:14,"$4,500,000 MXN","TULIPAN #1413, Col. Margarita, Culiacán, Sinaloa, México, C.P. 80270, ID: 28708936",5 Recámaras | 4 Baños | 273 m 2,https://propiedades.comhttps://propiedades.com/inmuebles/casa-en-venta-tulipan-1413-margarita-sinaloa-28708936
Sinaloa,41,2026-04-06 03:14,"$8,100,000 MXN","Venta de casa San Alberto #321, Col. Campo La Flor, Culiacán, Sinaloa, México, C.P. 80300, ID: 30701391",3 Recámaras | 4 Baños | 260 m 2,https://propiedades.comhttps://propiedades.com/inmuebles/casa-en-venta-san-alberto-321-campo-la-flor-sinaloa-30701391
Sinaloa,41,2026-04-06 03:14,"$855,000 USD","Venta de casa , Col. Balcones de Loma Linda, Mazatlán, Sinaloa, México, C.P. 82000, ID: 29453793",6 Recámaras | 5 Baños | 722 m 2,https://propiedades.comhttps://propiedades.com/inmuebles/casa-en-venta-balcones-de-loma-linda-sinaloa-29453793
Sinaloa,41,2026-04-06 03:14,"$10,800,000 MXN","Venta de casa julio berdegue, Col. El Cid, Mazatlán, Sinaloa, México, C.P. 82110, ID: 29922692",3 Recámaras | 2 Baños | 245 m 2,https://propiedades.comhttps://propiedades.com/inmuebles/casa-en-venta-julio-berdegue-el-cid-sinaloa-29922692
Sinaloa,41,2026-04-06 03:14,"$10,000,000 MXN","Venta de casa , Col. Lomas de Mazatlán, Mazatlán, Sinaloa, México, C.P. 82110, ID: 30516577",5 Recámaras | 7 Baños | 553 m 2,https://propiedades.comhttps://propiedades.com/inmuebles/casa-en-venta-lomas-de-mazatlan-sinaloa-30516577
Sinaloa,42,2026-04-06 03:14,"$4,990,000 MXN",", Col. Real del Valle, Mazatlán, Sinaloa, México, C.P. 82124, ID: 29243985",3 Recámaras | 3 Baños | 198 m 2,https://propiedades.comhttps://propiedades.com/inmuebles/casa-en-venta-real-del-valle-sinaloa-29243985
Sinaloa,42,2026-04-06 03:14,"$4,600,000 MXN","Casa disponible en venta en Sin nombre de calle, Col. Real del Valle, Mazatlán, Sinaloa, México, C.P. 82124, ID: 28320260",4 Recámaras | 3 Baños | 195 m 2,https://propiedades.comhttps://propiedades.com/inmuebles/casa-en-venta-sin-nombre-de-calle-real-del-valle-sinaloa-28320260
Sinaloa,42,2026-04-06 03:14,"$1,299,000 MXN","MAGNOLIA, Col. El Castillo, Mazatlán, Sinaloa, México, C.P. 82150, ID: 28681103",2 Recámaras | 1 Baño | 69 m 2,https://propiedades.comhttps://propiedades.com/inmuebles/casa-en-venta-magnolia-el-castillo-sinaloa-28681103
Sinaloa,42,2026-04-06 03:14,"$4,800,000 MXN","Se vende casa BENITO JUAREZ #2398, Col. Miguel Hidalgo, Culiacán, Sinaloa, México, C.P. 80090, ID: 27424879",5 Recámaras | 3 Baños | 369 m 2,https://propiedades.comhttps://propiedades.com/inmuebles/casa-en-venta-benito-juarez-2398-miguel-hidalgo-sinaloa-27424879
Sinaloa,42,2026-04-06 03:14,"$3,900,000 MXN","Venta de casa en JUAN ESCUTIA, Col. Niños Héroes, Salvador Alvarado, Sinaloa, México, C.P. 81430, ID: 29292861",4 Recámaras | 2 Baños | 466 m 2,https://propiedades.comhttps://propiedades.com/inmuebles/casa-en-venta-juan-escutia-ninos-heroes-sinaloa-29292861
Sinaloa,42,2026-04-06 03:14,"$10,900,000 MXN","Se vende casa Privada Paraiso #106, Col. Marina Mazatlán, Mazatlán, Sinaloa, México, C.P. 82103, ID: 27968165",4 Recámaras | 6 Baños | 332 m 2,https://propiedades.comhttps://propiedades.com/inmuebles/casa-en-venta-privada-paraiso-106-marina-mazatlan-sinaloa-27968165
Sinaloa,42,2026-04-06 03:14,"$9,400,000 MXN","Casa disponible en venta en , Col. Marina Mazatlán, Mazatlán, Sinaloa, México, C.P. 82103, ID: 29883307",3 Recámaras | 3 Baños | 229 m 2,https://propiedades.comhttps://propiedades.com/inmuebles/casa-en-venta-marina-mazatlan-sinaloa-29883307
Sinaloa,42,2026-04-06 03:14,"$27,000,000 MXN","Casa en venta, , Col. El Cid, Mazatlán, Sinaloa, México, C.P. 82110, ID: 30814587",4 Recámaras | 6 Baños | 500 m 2,https://propiedades.comhttps://propiedades.com/inmuebles/casa-en-venta-el-cid-sinaloa-30814587
Sinaloa,42,2026-04-06 03:14,"$3,350,000 MXN","Casa en venta disponible en Enrique de Borgoña #4752, Col. Portalegre, Culiacán, Sinaloa, México, C.P. 80058, ID: 28733352",3 Recámaras | 2 Baños | 133 m 2,https://propiedades.comhttps://propiedades.com/inmuebles/casa-en-venta-enrique-de-borgona-4752-portalegre-sinaloa-28733352
Sinaloa,42,2026-04-06 03:14,"$7,140,000 MXN","Casa en venta disponible en , Col. Sábalo Country Club, Mazatlán, Sinaloa, México, C.P. 82100, ID: 29216993",4 Recámaras | 4 Baños | 355 m 2,https://propiedades.comhttps://propiedades.com/inmuebles/casa-en-venta-sabalo-country-club-sinaloa-29216993
Sinaloa,42,2026-04-06 03:14,"$2,790,000 MXN","Cto Valle del Caspio, Valle Alto, 80050 Culiacán Rosales, Sin., Col. Valle Alto, Culiacán, Sinaloa, México, C.P. 80050, ID: 31008970",3 Recámaras | 2 Baños | 150 m 2,https://propiedades.comhttps://propiedades.com/inmuebles/casa-en-venta-cto-valle-del-caspio-valle-alto-80050-culiacan-rosales-sin-valle-alto-sinaloa-31008970
Sinaloa,42,2026-04-06 03:14,"$3,850,000 MXN","Venta de casa Av. peche rice, Col. El Conchi II, Mazatlán, Sinaloa, México, C.P. 82134, ID: 28708081",3 Recámaras | 2 Baños | 125 m 2,https://propiedades.comhttps://propiedades.com/inmuebles/casa-en-venta-av-peche-rice-el-conchi-ii-sinaloa-28708081
Sinaloa,42,2026-04-06 03:14,"$24,000,000 MXN","Las Fuentes, Col. Los Álamos, Culiacán, Sinaloa, México, C.P. 80100, ID: 30019419",5 Recámaras | 5 Baños | 627 m 2,https://propiedades.comhttps://propiedades.com/inmuebles/casa-en-venta-las-fuentes-los-alamos-sinaloa-30019419
Sinaloa,42,2026-04-06 03:14,"$4,600,000 MXN","Casa en venta, Coto 15, Col. Real del Valle, Mazatlán, Sinaloa, México, C.P. 82124, ID: 29793407",4 Recámaras | 3 Baños | 198 m 2,https://propiedades.comhttps://propiedades.com/inmuebles/casa-en-venta-coto-15-real-del-valle-sinaloa-29793407
Sinaloa,42,2026-04-06 03:14,"$5,667,500 MXN","PECHE RAICE, Col. Cerritos al Mar, Mazatlán, Sinaloa, México, C.P. 82112, ID: 28641404",3 Recámaras | 2 Baños | 162 m 2,https://propiedades.comhttps://propiedades.com/inmuebles/casa-en-venta-peche-raice-cerritos-al-mar-sinaloa-28641404
Sinaloa,42,2026-04-06 03:14,"$24,700,000 MXN","Venta de casa marina mazatlan, Col. Marina Mazatlán, Mazatlán, Sinaloa, México, C.P. 82103, ID: 28656249",4 Baños | 650 m 2,https://propiedades.comhttps://propiedades.com/inmuebles/casa-en-venta-marina-mazatlan-marina-mazatlan-sinaloa-28656249
Sinaloa,42,2026-04-06 03:14,"$895,000 MXN","Venta casa en Cuarta #S/NInt. -, Col. Laguna de San Pedro, Navolato, Sinaloa, México, C.P. 80374, ID: 28715844",1 m 2,https://propiedades.comhttps://propiedades.com/inmuebles/casa-en-venta-cuarta-sn-laguna-de-san-pedro-sinaloa-28715844
Sinaloa,42,2026-04-06 03:14,"$8,500,000 MXN","Casa en venta disponible en Maralto Residencial #1, Col. Marina Mazatlán, Mazatlán, Sinaloa, México, C.P. 82103, ID: 26464529",3 Recámaras | 5 Baños | 168 m 2,https://propiedades.comhttps://propiedades.com/inmuebles/casa-en-venta-maralto-residencial-1-marina-mazatlan-sinaloa-26464529
Sinaloa,42,2026-04-06 03:14,"$4,980,000 MXN","Barcelo Prime, Col. Centro, Culiacán, Sinaloa, México, C.P. 80000, ID: 28396998",3 Recámaras | 3 Baños | 150 m 2,https://propiedades.comhttps://propiedades.com/inmuebles/casa-en-venta-barcelo-prime-centro-sinaloa-28396998
Sinaloa,42,2026-04-06 03:14,"$1,700,000 MXN","Casa en venta disponible en Valle Victoria #2444, Col. Valle Alto, Culiacán, Sinaloa, México, C.P. 80050, ID: 28829316",2 Recámaras | 2 Baños | 99 m 2,https://propiedades.comhttps://propiedades.com/inmuebles/casa-en-venta-valle-victoria-2444-valle-alto-sinaloa-28829316
Sinaloa,42,2026-04-06 03:14,"$4,500,000 MXN","Venta de casa circuito villa del mar #105, Col. Altata, Navolato, Sinaloa, México, C.P. 80363, ID: 28235349",3 Recámaras | 3 Baños | 300 m 2,https://propiedades.comhttps://propiedades.com/inmuebles/casa-en-venta-circuito-villa-del-mar-105-altata-sinaloa-28235349
Sinaloa,42,2026-04-06 03:14,"$3,150,000 MXN","Casa en venta, Lomas del Mar #WHI308672, Col. Lomas del Mar, Mazatlán, Sinaloa, México, C.P. 82010, ID: 28248512",3 Recámaras | 2 Baños | 152 m 2,https://propiedades.comhttps://propiedades.com/inmuebles/casa-en-venta-lomas-del-mar-whi308672-lomas-del-mar-sinaloa-28248512
Sinaloa,42,2026-04-06 03:14,"$1,800,000 MXN","Se vende casa ramon f iturbe, Col. Ramon F Iturbide, Mazatlán, Sinaloa, México, C.P. 82170, ID: 28476977",3 Recámaras | 2 Baños | 302 m 2,https://propiedades.comhttps://propiedades.com/inmuebles/casa-en-venta-ramon-f-iturbe-ramon-f-iturbide-sinaloa-28476977
Sinaloa,42,2026-04-06 03:14,"$3,590,000 MXN","Casa en venta disponible en TOSA DEL MAR #4241, Col. CANACO, Culiacán, Sinaloa, México, C.P. 80059, ID: 30230136",3 Recámaras | 3 Baños | 165 m 2,https://propiedades.comhttps://propiedades.com/inmuebles/casa-en-venta-tosa-del-mar-4241-canaco-sinaloa-30230136
Sinaloa,42,2026-04-06 03:14,"$5,950,000 MXN","Venta de casa en Circuito Utah #6462, Col. Sonterra Residencial II, Mazatlán, Sinaloa, México, C.P. 82124, ID: 28096857",4 Recámaras | 4 Baños | 250 m 2,https://propiedades.comhttps://propiedades.com/inmuebles/casa-en-venta-circuito-utah-6462-sonterra-residencial-ii-sinaloa-28096857
Sinaloa,42,2026-04-06 03:14,"$12,900,000 MXN","Casa en venta, La Cuesta, Col. La Ventana, Culiacán, Sinaloa, México, C.P. 80179, ID: 28665675",3 Recámaras | 4 Baños | 428 m 2,https://propiedades.comhttps://propiedades.com/inmuebles/casa-en-venta-la-cuesta-la-ventana-sinaloa-28665675
Sinaloa,42,2026-04-06 03:14,"$6,500,000 MXN","Se vende casa cerro de la memoria, Col. Colinas de San Miguel, Culiacán, Sinaloa, México, C.P. 80228, ID: 28407493",3 Recámaras | 4 Baños | 238 m 2,https://propiedades.comhttps://propiedades.com/inmuebles/casa-en-venta-cerro-de-la-memoria-colinas-de-san-miguel-sinaloa-28407493
Sinaloa,42,2026-04-06 03:14,"$7,500,000 MXN","Venta de casa MELCHOR OCAMPO #515, Col. Centro, Mazatlán, Sinaloa, México, C.P. 82000, ID: 30147919",5 Recámaras | 2 Baños,https://propiedades.comhttps://propiedades.com/inmuebles/casa-en-venta-melchor-ocampo-515-centro-sinaloa-30147919
Sinaloa,42,2026-04-06 03:14,"$4,990,000 MXN","Venta casa en RIO CAÑAS #864, Col. Lomas de Guadalupe, Culiacán, Sinaloa, México, C.P. 80250, ID: 27221962",3 Recámaras | 3 Baños | 388 m 2,https://propiedades.comhttps://propiedades.com/inmuebles/casa-en-venta-rio-canas-864-lomas-de-guadalupe-sinaloa-27221962
Sinaloa,42,2026-04-06 03:14,"$2,100,000 MXN","Casa disponible en venta en CALLE DEL NOGAL #3064, Col. Valle Alto, Culiacán, Sinaloa, México, C.P. 80050, ID: 31029460",3 Recámaras | 1 Baño | 107 m 2,https://propiedades.comhttps://propiedades.com/inmuebles/casa-en-venta-calle-del-nogal-3064-valle-alto-sinaloa-31029460
Sinaloa,42,2026-04-06 03:14,"$28,000,000 MXN","Casa en venta, cid, Col. El Cid, Mazatlán, Sinaloa, México, C.P. 82110, ID: 30596459",4 Recámaras | 7 Baños | 550 m 2,https://propiedades.comhttps://propiedades.com/inmuebles/casa-en-venta-cid-el-cid-sinaloa-30596459
Sinaloa,42,2026-04-06 03:14,"$8,900,000 MXN","Se vende casa en , Col. Las Quintas, Culiacán, Sinaloa, México, C.P. 80060, ID: 28576653",3 Recámaras | 4 Baños | 349 m 2,https://propiedades.comhttps://propiedades.com/inmuebles/casa-en-venta-las-quintas-sinaloa-28576653
Sinaloa,42,2026-04-06 03:14,"$2,695,000 MXN","Col. Real del Valle, Mazatlán, Sinaloa, México, C.P. 82124, ID: 30855961",2 Recámaras | 1 Baño | 74 m 2,https://propiedades.comhttps://propiedades.com/inmuebles/casa-en-venta-real-del-valle-sinaloa-30855961
Sinaloa,42,2026-04-06 03:14,"$4,200,000 MXN","Se vende casa en Blvd Paseo Toscana, Col. Stanza Toscana, Culiacán, Sinaloa, México, C.P. 80050, ID: 30134160",4 Recámaras | 3 Baños | 206 m 2,https://propiedades.comhttps://propiedades.com/inmuebles/casa-en-venta-blvd-paseo-toscana-stanza-toscana-sinaloa-30134160
Sinaloa,42,2026-04-06 03:14,"$9,500,000 MXN","Venta casa en CALLE DE LA ESTRELLA #112, Col. Lomas de Mazatlán, Mazatlán, Sinaloa, México, C.P. 82110, ID: 28536432",5 Recámaras | 7 Baños | 523 m 2,https://propiedades.comhttps://propiedades.com/inmuebles/casa-en-venta-calle-de-la-estrella-112-lomas-de-mazatlan-sinaloa-28536432
Sinaloa,42,2026-04-06 03:14,"$2,499,000 MXN","Venta casa en Los Guayabos #516, Col. La Campiña, Culiacán, Sinaloa, México, C.P. 80060, ID: 30123609",3 Recámaras | 1 Baño | 160 m 2,https://propiedades.comhttps://propiedades.com/inmuebles/casa-en-venta-los-guayabos-516-la-campina-sinaloa-30123609
Sinaloa,42,2026-04-06 03:14,"$857,500 MXN","Casa disponible en venta en SANTA JUDIT, Col. Santa Teresa, Mazatlán, Sinaloa, México, C.P. 82090, ID: 26229132",1 Recámara | 1 Baño | 35 m 2,https://propiedades.comhttps://propiedades.com/inmuebles/casa-en-venta-santa-judit-santa-teresa-sinaloa-26229132
Sinaloa,42,2026-04-06 03:14,"$1,380,000 MXN","Venta casa en CALLE SANTA AURORA, Col. Ejido Rincón de Urías, Mazatlán, Sinaloa, México, C.P. 82070, ID: 28865007",1 Baño | 60 m 2,https://propiedades.comhttps://propiedades.com/inmuebles/casa-en-venta-calle-santa-aurora-ejido-rincon-de-urias-sinaloa-28865007
Sinaloa,42,2026-04-06 03:14,"$8,000,000 MXN","Casa en venta disponible en Isla de guadalupe #1666, Col. Las Quintas, Culiacán, Sinaloa, México, C.P. 80060, ID: 26881559",3 Recámaras | 3 Baños | 580 m 2,https://propiedades.comhttps://propiedades.com/inmuebles/casa-en-venta-isla-de-guadalupe-1666-las-quintas-sinaloa-26881559
Sinaloa,42,2026-04-06 03:14,"$13,500,000 MXN","Angel Flores #159, Col. Centro, Culiacán, Sinaloa, México, C.P. 80000, ID: 27605471",6 Recámaras | 1 Baño | 600 m 2,https://propiedades.comhttps://propiedades.com/inmuebles/casa-en-venta-angel-flores-159-centro-sinaloa-27605471
Sinaloa,42,2026-04-06 03:14,"$12,500,000 MXN","Casa en venta disponible en PARAISO MARINA #0, Col. Puerta al Mar, Mazatlán, Sinaloa, México, C.P. 82103, ID: 29257919",4 Recámaras | 5 Baños | 350 m 2,https://propiedades.comhttps://propiedades.com/inmuebles/casa-en-venta-paraiso-marina-0-puerta-al-mar-sinaloa-29257919
Sinaloa,42,2026-04-06 03:14,"$2,944,000 MXN","Se vende casa RÍO CULIACÁN #203, Col. Guadalupe, Culiacán, Sinaloa, México, C.P. 80220, ID: 28864956",2 Recámaras | 2 Baños | 65 m 2,https://propiedades.comhttps://propiedades.com/inmuebles/casa-en-venta-rio-culiacan-203-guadalupe-sinaloa-28864956
Sinaloa,42,2026-04-06 03:14,"$10,500,000 MXN","Venta casa en ISLADEL,CARMEN, Col. Las Quintas, Culiacán, Sinaloa, México, C.P. 80060, ID: 29312602",8 Recámaras | 6 Baños | 638 m 2,https://propiedades.comhttps://propiedades.com/inmuebles/casa-en-venta-isladelcarmen-las-quintas-sinaloa-29312602
Sinaloa,42,2026-04-06 03:14,"$3,900,000 MXN","El toreo, Col. El Toreo, Mazatlán, Sinaloa, México, C.P. 82120, ID: 29388098",3 Recámaras | 3 Baños | 170 m 2,https://propiedades.comhttps://propiedades.com/inmuebles/casa-en-venta-el-toreo-el-toreo-sinaloa-29388098
Sinaloa,43,2026-04-06 03:15,"$12,400,000 MXN","Via Paloma #5274, Col. El Cielo Parque Residencial, Mazatlán, Sinaloa, México, C.P. 82112, ID: 28511820",4 Recámaras | 4 Baños | 362 m 2,https://propiedades.comhttps://propiedades.com/inmuebles/casa-en-venta-via-paloma-5274-el-cielo-parque-residencial-sinaloa-28511820
Sinaloa,43,2026-04-06 03:15,"$3,250,000 MXN","Venta de casa en , Col. La Campiña, Culiacán, Sinaloa, México, C.P. 80060, ID: 30985554",3 Recámaras | 3 Baños | 153 m 2,https://propiedades.comhttps://propiedades.com/inmuebles/casa-en-venta-la-campina-sinaloa-30985554
Sinaloa,43,2026-04-06 03:15,"$1,600,000 MXN","Casa en venta, FRACCIONAMIENTO LAS MAÑANITAS, Col. Las Mañanitas, Mazatlán, Sinaloa, México, C.P. 82200, ID: 29723963",3 Recámaras | 2 Baños,https://propiedades.comhttps://propiedades.com/inmuebles/casa-en-venta-fraccionamiento-las-mananitas-las-mananitas-sinaloa-29723963
Sinaloa,43,2026-04-06 03:15,"$2,100,000 MXN","Venta de casa en Constituyente Emiliano García #1811, Col. Libertad, Culiacán, Sinaloa, México, C.P. 80180, ID: 28717454",4 Recámaras | 3 Baños | 1 m 2,https://propiedades.comhttps://propiedades.com/inmuebles/casa-en-venta-constituyente-emiliano-garcia-1811-libertad-sinaloa-28717454
Sinaloa,43,2026-04-06 03:15,"$3,590,000 MXN","Casa disponible en venta en Boulevard del Universo, Col. Bosques del Rey, Culiacán, Sinaloa, México, C.P. 80058, ID: 28684592",3 Recámaras | 2 Baños | 144 m 2,https://propiedades.comhttps://propiedades.com/inmuebles/casa-en-venta-boulevard-del-universo-bosques-del-rey-sinaloa-28684592
Sinaloa,43,2026-04-06 03:15,"$1,900,000 MXN","Venta de casa en Calle Boulevard La Nueva España #1, Col. La Conquista, Culiacán, Sinaloa, México, C.P. 80058, ID: 30044081",3 Recámaras | 2 Baños | 120 m 2,https://propiedades.comhttps://propiedades.com/inmuebles/casa-en-venta-calle-boulevard-la-nueva-espana-1-la-conquista-sinaloa-30044081
Sinaloa,43,2026-04-06 03:15,"$4,650,000 MXN","Venta de casa en millan #3746, Col. Real del Valle, Mazatlán, Sinaloa, México, C.P. 82124, ID: 27967810",4 Recámaras | 4 Baños | 210 m 2,https://propiedades.comhttps://propiedades.com/inmuebles/casa-en-venta-millan-3746-real-del-valle-sinaloa-27967810
Sinaloa,43,2026-04-06 03:15,"$2,300,000 MXN","Casa en venta, , Col. Santa Teresa, Ahome, Sinaloa, México, C.P. 81271, ID: 26544389",3 Recámaras | 1 Baño | 120 m 2,https://propiedades.comhttps://propiedades.com/inmuebles/casa-en-venta-santa-teresa-sinaloa-26544389
Sinaloa,43,2026-04-06 03:15,"$5,750,000 MXN","Venta de casa Don Alfonso, Col. El Cid, Mazatlán, Sinaloa, México, C.P. 82110, ID: 30793499",3 Recámaras | 320 m 2,https://propiedades.comhttps://propiedades.com/inmuebles/casa-en-venta-don-alfonso-el-cid-sinaloa-30793499
Sinaloa,43,2026-04-06 03:15,"$6,500,000 MXN",", Col. Playas del Sur, Mazatlán, Sinaloa, México, C.P. 82040, ID: 29029203",3 Recámaras | 2 Baños | 225 m 2,https://propiedades.comhttps://propiedades.com/inmuebles/casa-en-venta-playas-del-sur-sinaloa-29029203
Sinaloa,43,2026-04-06 03:15,"$16,500,000 MXN","Venta casa en , Col. El Cid, Mazatlán, Sinaloa, México, C.P. 82110, ID: 29968591",3 Recámaras | 2 Baños | 597 m 2,https://propiedades.comhttps://propiedades.com/inmuebles/casa-en-venta-el-cid-sinaloa-29968591
Sinaloa,43,2026-04-06 03:15,"$1,485,000 MXN","Se vende casa en AGUILAS, Col. Ampliación Francisco Alarcón (Venadillo II), Mazatlán, Sinaloa, México, C.P. 82132, ID: 26234381",1 Recámara | 1 Baño | 64 m 2,https://propiedades.comhttps://propiedades.com/inmuebles/casa-en-venta-aguilas-ampliacion-francisco-alarcon-venadillo-ii-sinaloa-26234381
Sinaloa,43,2026-04-06 03:15,"$3,400,000 MXN","Casa en venta, Santa catalina #6191, Col. Hacienda del Seminario, Mazatlán, Sinaloa, México, C.P. 82129, ID: 30394879",3 Recámaras | 3 Baños | 118 m 2,https://propiedades.comhttps://propiedades.com/inmuebles/casa-en-venta-santa-catalina-6191-hacienda-del-seminario-sinaloa-30394879
Sinaloa,43,2026-04-06 03:15,"$5,795,000 MXN","Se vende casa en , Col. Sábalo Country Club, Mazatlán, Sinaloa, México, C.P. 82100, ID: 29835681",3 Recámaras | 3 Baños | 172 m 2,https://propiedades.comhttps://propiedades.com/inmuebles/casa-en-venta-sabalo-country-club-sinaloa-29835681
Sinaloa,43,2026-04-06 03:15,"$2,950,000 MXN","Polinesia, Col. Perisur, Culiacán, Sinaloa, México, C.P. 80197, ID: 28743331",2 Recámaras | 3 Baños | 109 m 2,https://propiedades.comhttps://propiedades.com/inmuebles/casa-en-venta-polinesia-perisur-sinaloa-28743331
Sinaloa,43,2026-04-06 03:15,"$5,900,000 MXN","Casa en venta disponible en Privada Zafiro, Col. Alcázar del Country, Ahome, Sinaloa, México, C.P. 81278, ID: 30527675",3 Recámaras | 244 m 2,https://propiedades.comhttps://propiedades.com/inmuebles/casa-en-venta-privada-zafiro-alcazar-del-country-sinaloa-30527675
Sinaloa,43,2026-04-06 03:15,"$6,495,000 MXN","Venta de casa en Altabrisa, Av. Mario Arturo Huerta Sanchez, Col. Cerritos al Mar, Mazatlán, Sinaloa, México, C.P. 82112, ID: 30531102",3 Recámaras | 290 m 2,https://propiedades.comhttps://propiedades.com/inmuebles/casa-en-venta-altabrisa-av-mario-arturo-huerta-sanchez-cerritos-al-mar-sinaloa-30531102
Sinaloa,43,2026-04-06 03:15,"$24,900,000 MXN","Casa en venta, , Col. Marina Mazatlán, Mazatlán, Sinaloa, México, C.P. 82103, ID: 30171796",4 Recámaras | 4 Baños | 475 m 2,https://propiedades.comhttps://propiedades.com/inmuebles/casa-en-venta-marina-mazatlan-sinaloa-30171796
Sinaloa,43,2026-04-06 03:15,"$2,300,000 MXN","Venta de casa Sauces, Col. La Campiña, Culiacán, Sinaloa, México, C.P. 80060, ID: 30198113",2 Recámaras | 1 Baño | 146 m 2,https://propiedades.comhttps://propiedades.com/inmuebles/casa-en-venta-sauces-la-campina-sinaloa-30198113
Sinaloa,43,2026-04-06 03:15,"$15,500,000 MXN","San Anselmo 2, Col. La Primavera, Culiacán, Sinaloa, México, C.P. 80434, ID: 28663881",3 Recámaras | 3 Baños | 451 m 2,https://propiedades.comhttps://propiedades.com/inmuebles/casa-en-venta-san-anselmo-2-la-primavera-sinaloa-28663881
Sinaloa,43,2026-04-06 03:15,"$1,150,000 MXN","Venta casa en Santa Elena #1234, Col. Santa Teresa, Mazatlán, Sinaloa, México, C.P. 82277, ID: 30567399",2 Recámaras | 1 Baño | 70 m 2,https://propiedades.comhttps://propiedades.com/inmuebles/casa-en-venta-santa-elena-1234-santa-teresa-sinaloa-30567399
Sinaloa,43,2026-04-06 03:15,"$900,000 MXN","Casa disponible en venta en pradera #s/n, Col. Prado Bonito, Mazatlán, Sinaloa, México, C.P. 82134, ID: 29547160",1 Recámara | 1 Baño | 36 m 2,https://propiedades.comhttps://propiedades.com/inmuebles/casa-en-venta-pradera-sn-prado-bonito-sinaloa-29547160
Sinaloa,43,2026-04-06 03:15,"$4,450,000 MXN","Venta casa en , Col. Marina Mazatlán, Mazatlán, Sinaloa, México, C.P. 82103, ID: 28936378",4 Recámaras | 3 Baños | 173 m 2,https://propiedades.comhttps://propiedades.com/inmuebles/casa-en-venta-marina-mazatlan-sinaloa-28936378
Sinaloa,43,2026-04-06 03:15,"$4,043,000 MXN","Casa en venta disponible en , Col. Real del Valle, Mazatlán, Sinaloa, México, C.P. 82124, ID: 28735710",3 Recámaras | 2 Baños | 125 m 2,https://propiedades.comhttps://propiedades.com/inmuebles/casa-en-venta-real-del-valle-sinaloa-28735710
Sinaloa,43,2026-04-06 03:15,"$3,300,000 MXN","Circuito de las luminarias #1812, Col. Colinas del Bosque, Culiacán, Sinaloa, México, C.P. 80197, ID: 28729100",3 Recámaras | 2 Baños | 212 m 2,https://propiedades.comhttps://propiedades.com/inmuebles/casa-en-venta-circuito-de-las-luminarias-1812-colinas-del-bosque-sinaloa-28729100
Sinaloa,43,2026-04-06 03:15,"$6,100,000 MXN","Se vende casa en Clemente Vizcarra, Col. Valle Alto, Culiacán, Sinaloa, México, C.P. 80050, ID: 30008071",4 Recámaras | 5 Baños | 275 m 2,https://propiedades.comhttps://propiedades.com/inmuebles/casa-en-venta-clemente-vizcarra-valle-alto-sinaloa-30008071
Sinaloa,43,2026-04-06 03:15,"$8,600,000 MXN","Casa en venta, , Col. Marina Mazatlán, Mazatlán, Sinaloa, México, C.P. 82103, ID: 30013936",3 Recámaras | 3 Baños | 278 m 2,https://propiedades.comhttps://propiedades.com/inmuebles/casa-en-venta-marina-mazatlan-sinaloa-30013936
Sinaloa,43,2026-04-06 03:15,"$25,900,000 MXN","Venta de casa , Col. Marina Mazatlán, Mazatlán, Sinaloa, México, C.P. 82103, ID: 28943243",4 Recámaras | 4 Baños | 588 m 2,https://propiedades.comhttps://propiedades.com/inmuebles/casa-en-venta-marina-mazatlan-sinaloa-28943243
Sinaloa,43,2026-04-06 03:15,"$6,750,000 MXN","Venta de casa en Amorada, Col. Amorada, Culiacán, Sinaloa, México, C.P. 80014, ID: 27281035",5 Recámaras | 5 Baños | 365 m 2,https://propiedades.comhttps://propiedades.com/inmuebles/casa-en-venta-amorada-amorada-sinaloa-27281035
Sinaloa,43,2026-04-06 03:15,"$4,649,300 MXN","Boulevard Alvaro del Portillo, Col. Valle Alto, Culiacán, Sinaloa, México, C.P. 80050, ID: 28367188",3 Recámaras | 4 Baños | 201 m 2,https://propiedades.comhttps://propiedades.com/inmuebles/casa-en-venta-boulevard-alvaro-del-portillo-valle-alto-sinaloa-28367188
Sinaloa,43,2026-04-06 03:15,"$4,580,000 MXN","Se vende casa florencia, Col. Real del Valle, Mazatlán, Sinaloa, México, C.P. 82124, ID: 30165543",4 Recámaras | 3 Baños | 119 m 2,https://propiedades.comhttps://propiedades.com/inmuebles/casa-en-venta-florencia-real-del-valle-sinaloa-30165543
Sinaloa,43,2026-04-06 03:15,"$3,250,000 MXN","Se vende casa en Punta Esmeralda Grand, Col. Altata, Navolato, Sinaloa, México, C.P. 80363, ID: 28443598",3 Recámaras | 4 Baños | 101 m 2,https://propiedades.comhttps://propiedades.com/inmuebles/casa-en-venta-punta-esmeralda-grand-altata-sinaloa-28443598
Sinaloa,43,2026-04-06 03:15,"$3,300,000 MXN","Casa en venta disponible en , Col. Altata, Navolato, Sinaloa, México, C.P. 80363, ID: 30807652",3 Recámaras | 4 Baños | 102 m 2,https://propiedades.comhttps://propiedades.com/inmuebles/casa-en-venta-altata-sinaloa-30807652
Sinaloa,43,2026-04-06 03:15,"$4,800,000 MXN","villa del mar #101, Col. Santorini, Navolato, Sinaloa, México, C.P. 80363, ID: 28243846",5 Recámaras | 4 Baños | 354 m 2,https://propiedades.comhttps://propiedades.com/inmuebles/casa-en-venta-villa-del-mar-101-santorini-sinaloa-28243846
Sinaloa,43,2026-04-06 03:15,"$11,000,000 MXN","Se vende casa CAM. DEL LAGO, Col. Marina Mazatlán, Mazatlán, Sinaloa, México, C.P. 82103, ID: 27852806",4 Recámaras | 4 Baños | 350 m 2,https://propiedades.comhttps://propiedades.com/inmuebles/casa-en-venta-cam-del-lago-marina-mazatlan-sinaloa-27852806
Sinaloa,43,2026-04-06 03:15,"$6,517,000 MXN","AV. DEL MAR, Col. Centro, Mazatlán, Sinaloa, México, C.P. 82000, ID: 28864991",2 Recámaras | 2 Baños | 109 m 2,https://propiedades.comhttps://propiedades.com/inmuebles/casa-en-venta-av-del-mar-centro-sinaloa-28864991
Sinaloa,43,2026-04-06 03:15,"$550,000 MXN","Se vende casa Campestre San Ángel, Col. San Pedro, Navolato, Sinaloa, México, C.P. 80374, ID: 28718511",1 m 2,https://propiedades.comhttps://propiedades.com/inmuebles/casa-en-venta-campestre-san-angel-san-pedro-sinaloa-28718511
Sinaloa,43,2026-04-06 03:15,"$3,000,000 MXN","Casa disponible en venta en Calle de los Constituyentes, Col. Libertad, Culiacán, Sinaloa, México, C.P. 80180, ID: 30263106",3 Recámaras | 1 Baño | 139 m 2,https://propiedades.comhttps://propiedades.com/inmuebles/casa-en-venta-calle-de-los-constituyentes-libertad-sinaloa-30263106
Sinaloa,43,2026-04-06 03:15,"$4,450,000 MXN","Venta de casa en hidalgo, Col. Miguel Hidalgo, Culiacán, Sinaloa, México, C.P. 80090, ID: 28287606",3 Recámaras | 2 Baños | 332 m 2,https://propiedades.comhttps://propiedades.com/inmuebles/casa-en-venta-hidalgo-miguel-hidalgo-sinaloa-28287606
Sinaloa,43,2026-04-06 03:15,"$2,170,000 MXN","MAR DEL TIMOR #1724, Col. Prados Del Sur, Culiacán, Sinaloa, México, C.P. 80296, ID: 30715181",3 Recámaras | 3 Baños | 95 m 2,https://propiedades.comhttps://propiedades.com/inmuebles/casa-en-venta-mar-del-timor-1724-prados-del-sur-sinaloa-30715181
Sinaloa,43,2026-04-06 03:15,"$4,935,000 MXN","Camichín, Col. Estadio, Mazatlán, Sinaloa, México, C.P. 82140, ID: 30424743",6 Recámaras | 4 Baños | 360 m 2,https://propiedades.comhttps://propiedades.com/inmuebles/casa-en-venta-camichin-estadio-sinaloa-30424743
Sinaloa,43,2026-04-06 03:15,"$2,190,000 MXN","Venta casa en , Col. Portalegre, Culiacán, Sinaloa, México, C.P. 80058, ID: 28516205",3 Recámaras | 1 Baño | 83 m 2,https://propiedades.comhttps://propiedades.com/inmuebles/casa-en-venta-portalegre-sinaloa-28516205
Sinaloa,43,2026-04-06 03:15,"$5,200,000 MXN","Casa disponible en venta en CIUDADES HERMANA #226Int. 1, Col. Guadalupe, Culiacán, Sinaloa, México, C.P. 80220, ID: 30908550",3 Recámaras | 3 Baños | 160 m 2,https://propiedades.comhttps://propiedades.com/inmuebles/casa-en-venta-ciudades-hermana-226-guadalupe-sinaloa-30908550
Sinaloa,43,2026-04-06 03:15,"$5,850,000 MXN",", Col. Mediterráneo Club Residencial, Mazatlán, Sinaloa, México, C.P. 82113, ID: 30556367",3 Recámaras | 3 Baños | 162 m 2,https://propiedades.comhttps://propiedades.com/inmuebles/casa-en-venta-mediterraneo-club-residencial-sinaloa-30556367
Sinaloa,43,2026-04-06 03:15,"$7,100,000 MXN","Venta de casa Col. Marina Mazatlán, Mazatlán, Sinaloa, México, C.P. 82103, ID: 30727958",5 Recámaras | 5 Baños | 355 m 2,https://propiedades.comhttps://propiedades.com/inmuebles/casa-en-venta-marina-mazatlan-sinaloa-30727958
Sinaloa,43,2026-04-06 03:15,"$2,000,000 MXN","Venta de casa en Ixpalino #9616, Col. San Javier, Culiacán, Sinaloa, México, C.P. 80135, ID: 28402412",3 Recámaras | 1 Baño | 140 m 2,https://propiedades.comhttps://propiedades.com/inmuebles/casa-en-venta-ixpalino-9616-san-javier-sinaloa-28402412
Sinaloa,44,2026-04-06 03:15,"$6,850,000 MXN","Venta de casa en , Col. Las Villas Residencial, Ahome, Sinaloa, México, C.P. 81271, ID: 26544391",4 Recámaras | 4 Baños | 338 m 2,https://propiedades.comhttps://propiedades.com/inmuebles/casa-en-venta-las-villas-residencial-sinaloa-26544391
Sinaloa,44,2026-04-06 03:15,"$3,900,000 MXN","Venta casa en Col. Marina Mazatlán, Mazatlán, Sinaloa, México, C.P. 82103, ID: 30936928",3 Recámaras | 2 Baños | 160 m 2,https://propiedades.comhttps://propiedades.com/inmuebles/casa-en-venta-marina-mazatlan-sinaloa-30936928
Sinaloa,44,2026-04-06 03:15,"$5,600,000 MXN","Venta de casa , Col. El Toreo, Mazatlán, Sinaloa, México, C.P. 82120, ID: 29104746",5 Recámaras | 4 Baños | 308 m 2,https://propiedades.comhttps://propiedades.com/inmuebles/casa-en-venta-el-toreo-sinaloa-29104746
Sinaloa,44,2026-04-06 03:15,"$6,300,000 MXN","Pacifika, Col. Marina Mazatlán, Mazatlán, Sinaloa, México, C.P. 82103, ID: 28701456",2 Recámaras | 2 Baños,https://propiedades.comhttps://propiedades.com/inmuebles/casa-en-venta-pacifika-marina-mazatlan-sinaloa-28701456
Sinaloa,44,2026-04-06 03:15,"$2,015,409 MXN","Venta de casa , Col. Los Mochis (Los Mochis), Ahome, Sinaloa, México, C.P. 81369, ID: 30247287",3 Recámaras | 1 Baño | 80 m 2,https://propiedades.comhttps://propiedades.com/inmuebles/casa-en-venta-los-mochis-los-mochis-sinaloa-30247287
Sinaloa,44,2026-04-06 03:15,"$9,200,000 MXN","Se vende casa en , Col. Marina Mazatlán, Mazatlán, Sinaloa, México, C.P. 82103, ID: 29053891",4 Recámaras | 4 Baños | 341 m 2,https://propiedades.comhttps://propiedades.com/inmuebles/casa-en-venta-marina-mazatlan-sinaloa-29053891
Sinaloa,44,2026-04-06 03:15,"$2,500,000 MXN","BLVD. TIBURON, Col. Las Glorias, Guasave, Sinaloa, México, C.P. 81049, ID: 28729150",4 Recámaras | 2 Baños | 200 m 2,https://propiedades.comhttps://propiedades.com/inmuebles/casa-en-venta-blvd-tiburon-las-glorias-sinaloa-28729150
Sinaloa,44,2026-04-06 03:15,"$3,689,000 MXN","Venta casa en Carretera a Imala #4915, Col. Sfera Residencial, Culiacán, Sinaloa, México, C.P. 80014, ID: 28721475",3 Recámaras | 3 Baños | 186 m 2,https://propiedades.comhttps://propiedades.com/inmuebles/casa-en-venta-carretera-a-imala-4915-sfera-residencial-sinaloa-28721475
Sinaloa,44,2026-04-06 03:15,"$875,000 USD","Venta de casa ANGEL FLORES #311, Col. Centro, Mazatlán, Sinaloa, México, C.P. 82000, ID: 28538874",3 Recámaras | 3 Baños | 424 m 2,https://propiedades.comhttps://propiedades.com/inmuebles/casa-en-venta-angel-flores-311-centro-sinaloa-28538874
Sinaloa,44,2026-04-06 03:15,"$9,300,000 MXN","las quintas, Col. Las Quintas, Culiacán, Sinaloa, México, C.P. 80060, ID: 28755107",4 Recámaras | 4 Baños | 1 m 2,https://propiedades.comhttps://propiedades.com/inmuebles/casa-en-venta-las-quintas-las-quintas-sinaloa-28755107
Sinaloa,44,2026-04-06 03:15,"$1,500,000 MXN","Casa en venta, C Baltazar de Obregon 3939 #3939, Col. San Juan, Culiacán, Sinaloa, México, C.P. 80240, ID: 27586176",2 Recámaras | 2 Baños | 87 m 2,https://propiedades.comhttps://propiedades.com/inmuebles/casa-en-venta-c-baltazar-de-obregon-3939-3939-san-juan-sinaloa-27586176
Sinaloa,44,2026-04-06 03:15,"$3,150,000 MXN","Casa en venta, Col. Real del Valle, Mazatlán, Sinaloa, México, C.P. 82124, ID: 30861526",3 Recámaras | 2 Baños | 152 m 2,https://propiedades.comhttps://propiedades.com/inmuebles/casa-en-venta-real-del-valle-sinaloa-30861526
Sinaloa,44,2026-04-06 03:15,"$6,800,000 MXN","Venta de casa Sin nombre de calle, Col. Cerritos al Mar, Mazatlán, Sinaloa, México, C.P. 82112, ID: 29401532",4 Recámaras | 3 Baños | 274 m 2,https://propiedades.comhttps://propiedades.com/inmuebles/casa-en-venta-sin-nombre-de-calle-cerritos-al-mar-sinaloa-29401532
Sinaloa,44,2026-04-06 03:15,"$4,600,000 MXN",", Col. Real del Valle, Mazatlán, Sinaloa, México, C.P. 82124, ID: 30016995",4 Recámaras | 3 Baños | 198 m 2,https://propiedades.comhttps://propiedades.com/inmuebles/casa-en-venta-real-del-valle-sinaloa-30016995
Sinaloa,44,2026-04-06 03:15,"$2,539,000 MXN","Casa en venta disponible en PUNTO SUR, Col. La Primavera, Culiacán, Sinaloa, México, C.P. 80199, ID: 27915850",3 Recámaras | 2 Baños | 118 m 2,https://propiedades.comhttps://propiedades.com/inmuebles/casa-en-venta-punto-sur-la-primavera-sinaloa-27915850
Sinaloa,44,2026-04-06 03:15,"$1,700,000 MXN","Calle camalotes #4765, Col. Centro, Culiacán, Sinaloa, México, C.P. 80000, ID: 28763716",3 Recámaras | 1 Baño | 82 m 2,https://propiedades.comhttps://propiedades.com/inmuebles/casa-en-venta-calle-camalotes-4765-centro-sinaloa-28763716
Sinaloa,44,2026-04-06 03:15,"$5,600,000 MXN","Avenida Tiburon #1835, Col. Sábalo Country Club, Mazatlán, Sinaloa, México, C.P. 82100, ID: 30768493",3 Recámaras | 3 Baños | 160 m 2,https://propiedades.comhttps://propiedades.com/inmuebles/casa-en-venta-avenida-tiburon-1835-sabalo-country-club-sinaloa-30768493
Sinaloa,44,2026-04-06 03:15,"$4,500,000 MXN","bahia de hudson, Col. Real Pacífico, Mazatlán, Sinaloa, México, C.P. 82124, ID: 29715635",3 Recámaras | 2 Baños | 180 m 2,https://propiedades.comhttps://propiedades.com/inmuebles/casa-en-venta-bahia-de-hudson-real-pacifico-sinaloa-29715635
Sinaloa,44,2026-04-06 03:15,"$10,500,000 MXN","Venta casa en Tiburon, Col. Banus 360, Culiacán, Sinaloa, México, C.P. 80065, ID: 30483564",4 Recámaras | 4 Baños | 462 m 2,https://propiedades.comhttps://propiedades.com/inmuebles/casa-en-venta-tiburon-banus-360-sinaloa-30483564
Sinaloa,44,2026-04-06 03:15,"$3,800,000 MXN","Se vende casa en Av. Lib. Núm. 2 Pte., 82124 Mazatlán, Sin., Col. Terranova Plus, Mazatlán, Sinaloa, México, C.P. 82124, ID: 31032604",3 Recámaras | 2 Baños | 118 m 2,https://propiedades.comhttps://propiedades.com/inmuebles/casa-en-venta-av-lib-num-2-pte-82124-mazatlan-sin-terranova-plus-sinaloa-31032604
Sinaloa,44,2026-04-06 03:15,"$2,980,000 MXN","Del corral #1142, Col. Residencial Hacienda, Culiacán, Sinaloa, México, C.P. 80015, ID: 30807758",4 Recámaras | 2 Baños | 169 m 2,https://propiedades.comhttps://propiedades.com/inmuebles/casa-en-venta-del-corral-1142-residencial-hacienda-sinaloa-30807758
Sinaloa,44,2026-04-06 03:15,"$4,000,000 MXN","Se vende casa Isla Cortes, Col. Altata, Navolato, Sinaloa, México, C.P. 80363, ID: 28450956",3 Recámaras | 3 Baños | 180 m 2,https://propiedades.comhttps://propiedades.com/inmuebles/casa-en-venta-isla-cortes-altata-sinaloa-28450956
Sinaloa,44,2026-04-06 03:15,"$2,640,000 MXN","Venta de casa en , Col. Marina Mazatlán, Mazatlán, Sinaloa, México, C.P. 82103, ID: 29061765",3 Recámaras | 3 Baños | 135 m 2,https://propiedades.comhttps://propiedades.com/inmuebles/casa-en-venta-marina-mazatlan-sinaloa-29061765
Sinaloa,44,2026-04-06 03:15,"$15,000,000 MXN","Casa en venta, AV. del tiburon #32, Col. Almar, Mazatlán, Sinaloa, México, C.P. 82112, ID: 30346582",2 Recámaras | 2 Baños | 270 m 2,https://propiedades.comhttps://propiedades.com/inmuebles/casa-en-venta-av-del-tiburon-32-almar-sinaloa-30346582
Sinaloa,44,2026-04-06 03:15,"$1,100,000 MXN","Venta casa en José María Pino Suárez #403, Col. Francisco I Madero, Mazatlán, Sinaloa, México, C.P. 82060, ID: 29892933",3 Recámaras | 2 Baños | 136 m 2,https://propiedades.comhttps://propiedades.com/inmuebles/casa-en-venta-jose-maria-pino-suarez-403-francisco-i-madero-sinaloa-29892933
Sinaloa,44,2026-04-06 03:15,"$3,900,000 MXN","Casa en venta disponible en , Col. Interlomas, Culiacán, Sinaloa, México, C.P. 80016, ID: 30102192",3 Recámaras | 2 Baños,https://propiedades.comhttps://propiedades.com/inmuebles/casa-en-venta-interlomas-sinaloa-30102192
Sinaloa,44,2026-04-06 03:15,"$6,170,000 MXN","Casa en venta disponible en el delfin residencial, Col. Marina Mazatlán, Mazatlán, Sinaloa, México, C.P. 82103, ID: 28581836",3 Recámaras | 3 Baños | 220 m 2,https://propiedades.comhttps://propiedades.com/inmuebles/casa-en-venta-el-delfin-residencial-marina-mazatlan-sinaloa-28581836
Sinaloa,44,2026-04-06 03:15,"$6,150,000 MXN","Venta casa en P.º de La Isla, Marina Mazatlán, 82103 Mazatlán, Sin., Col. Marina Mazatlán, Mazatlán, Sinaloa, México, C.P. 82103, ID: 30849590",3 Recámaras | 3 Baños | 173 m 2,https://propiedades.comhttps://propiedades.com/inmuebles/casa-en-venta-p-de-la-isla-marina-mazatlan-82103-mazatlan-sin-marina-mazatlan-sinaloa-30849590
Sinaloa,44,2026-04-06 03:15,"$3,200,000 MXN","Casa disponible en venta en , Col. Colinas de San Miguel, Culiacán, Sinaloa, México, C.P. 80228, ID: 29451659",4 Recámaras | 2 Baños | 198 m 2,https://propiedades.comhttps://propiedades.com/inmuebles/casa-en-venta-colinas-de-san-miguel-sinaloa-29451659
Sinaloa,44,2026-04-06 03:15,"$2,750,000 MXN","Casa en venta, Del Temporal #7568, Col. Villas del Campo, Culiacán, Sinaloa, México, C.P. 80135, ID: 28347153",3 Recámaras | 2 Baños | 177 m 2,https://propiedades.comhttps://propiedades.com/inmuebles/casa-en-venta-del-temporal-7568-villas-del-campo-sinaloa-28347153
Sinaloa,44,2026-04-06 03:15,"$2,300,000 MXN","Casa en venta, Rio grande #1008Int. 0, Col. Francisco Villa, Mazatlán, Sinaloa, México, C.P. 82127, ID: 29936465",2 Recámaras | 2 Baños | 119 m 2,https://propiedades.comhttps://propiedades.com/inmuebles/casa-en-venta-rio-grande-1008-francisco-villa-sinaloa-29936465
Sinaloa,44,2026-04-06 03:15,"$1,449,000 MXN","Se vende casa Durazno 18538, Col. Pradera Dorada II, Mazatlán, Sinaloa, México, C.P. 82139, ID: 30116888",2 Recámaras | 1 Baño | 123 m 2,https://propiedades.comhttps://propiedades.com/inmuebles/casa-en-venta-durazno-18538-pradera-dorada-ii-sinaloa-30116888
Sinaloa,44,2026-04-06 03:15,"$3,800,000 MXN","Sin nombre de calle, Col. Villas Del Rio, Culiacán, Sinaloa, México, C.P. 80050, ID: 30540513",3 Recámaras | 2 Baños | 310 m 2,https://propiedades.comhttps://propiedades.com/inmuebles/casa-en-venta-sin-nombre-de-calle-villas-del-rio-sinaloa-30540513
Sinaloa,44,2026-04-06 03:15,"$3,950,000 MXN","Venta de casa en Col. Sábalo Country Club, Mazatlán, Sinaloa, México, C.P. 82100, ID: 30773435",3 Recámaras | 2 Baños | 105 m 2,https://propiedades.comhttps://propiedades.com/inmuebles/casa-en-venta-sabalo-country-club-sinaloa-30773435
Sinaloa,44,2026-04-06 03:15,"$10,900,000 MXN","De la Ostra, Col. Sábalo Country Club, Mazatlán, Sinaloa, México, C.P. 82100, ID: 30531039",3 Recámaras | 298 m 2,https://propiedades.comhttps://propiedades.com/inmuebles/casa-en-venta-de-la-ostra-sabalo-country-club-sinaloa-30531039
Sinaloa,44,2026-04-06 03:15,"$8,950,000 MXN","Venta de casa av. sabalo cerritos, Col. Altabrisa Residencial, Mazatlán, Sinaloa, México, C.P. 82112, ID: 28987048",4 Recámaras | 3 Baños | 240 m 2,https://propiedades.comhttps://propiedades.com/inmuebles/casa-en-venta-av-sabalo-cerritos-altabrisa-residencial-sinaloa-28987048
Sinaloa,44,2026-04-06 03:15,"$4,628,891 MXN","Se vende casa ALVARO DEL PORTILLO, Col. Valle Alto, Culiacán, Sinaloa, México, C.P. 80050, ID: 21641123",3 Recámaras | 4 Baños | 201 m 2,https://propiedades.comhttps://propiedades.com/inmuebles/casa-en-venta-alvaro-del-portillo-valle-alto-sinaloa-21641123
Sinaloa,44,2026-04-06 03:15,"$11,500,000 MXN","Casa disponible en venta en Paseo Paraíso, Col. Sábalo Country Club, Mazatlán, Sinaloa, México, C.P. 82100, ID: 28366852",4 Recámaras | 4 Baños | 350 m 2,https://propiedades.comhttps://propiedades.com/inmuebles/casa-en-venta-paseo-paraiso-sabalo-country-club-sinaloa-28366852
Sinaloa,44,2026-04-06 03:15,"$2,200,000 MXN","Se vende casa en Rafael buelna #123, Col. Rafael Buelna, Culiacán, Sinaloa, México, C.P. 80260, ID: 28756083",5 Recámaras | 2 Baños | 242 m 2,https://propiedades.comhttps://propiedades.com/inmuebles/casa-en-venta-rafael-buelna-123-rafael-buelna-sinaloa-28756083
Sinaloa,44,2026-04-06 03:15,"$5,300,000 MXN","Venta de casa en , Col. Cerritos al Mar, Mazatlán, Sinaloa, México, C.P. 82112, ID: 27269830",4 Recámaras | 4 Baños | 164 m 2,https://propiedades.comhttps://propiedades.com/inmuebles/casa-en-venta-cerritos-al-mar-sinaloa-27269830
Sinaloa,44,2026-04-06 03:15,"$13,000,000 MXN","Casa en venta, Privada Alamo, Col. Paseo Alameda, Culiacán, Sinaloa, México, C.P. 80019, ID: 28277359",4 Recámaras | 5 Baños | 500 m 2,https://propiedades.comhttps://propiedades.com/inmuebles/casa-en-venta-privada-alamo-paseo-alameda-sinaloa-28277359
Sinaloa,44,2026-04-06 03:15,"$4,100,000 MXN","Se vende casa en Calle Gramenel #3813, Col. Cuauhtémoc, Culiacán, Sinaloa, México, C.P. 80027, ID: 28749096",3 Recámaras | 3 Baños | 201 m 2,https://propiedades.comhttps://propiedades.com/inmuebles/casa-en-venta-calle-gramenel-3813-cuauhtemoc-sinaloa-28749096
Sinaloa,44,2026-04-06 03:15,"$4,600,000 MXN","Venta casa en Monte Urales #652, Col. Montebello, Culiacán, Sinaloa, México, C.P. 80227, ID: 28829825",3 Recámaras | 2 Baños | 236 m 2,https://propiedades.comhttps://propiedades.com/inmuebles/casa-en-venta-monte-urales-652-montebello-sinaloa-28829825
Sinaloa,44,2026-04-06 03:15,"$10,500,000 MXN","Venta de casa en Privada Monte Carpatos #1016, Col. Montebello, Culiacán, Sinaloa, México, C.P. 80227, ID: 28396535",4 Recámaras | 3 Baños | 630 m 2,https://propiedades.comhttps://propiedades.com/inmuebles/casa-en-venta-privada-monte-carpatos-1016-montebello-sinaloa-28396535
Sinaloa,44,2026-04-06 03:15,"$1,500,000 MXN","Casa en venta disponible en CORDILLERA, Col. Ampliación Francisco Alarcón (Venadillo II), Mazatlán, Sinaloa, México, C.P. 82132, ID: 26234406",2 Recámaras | 1 Baño | 65 m 2,https://propiedades.comhttps://propiedades.com/inmuebles/casa-en-venta-cordillera-ampliacion-francisco-alarcon-venadillo-ii-sinaloa-26234406
Sinaloa,45,2026-04-06 03:15,"$4,780,000 MXN",", Col. Marina Mazatlán, Mazatlán, Sinaloa, México, C.P. 82103, ID: 29104744",4 Recámaras | 2 Baños | 205 m 2,https://propiedades.comhttps://propiedades.com/inmuebles/casa-en-venta-marina-mazatlan-sinaloa-29104744
Sinaloa,45,2026-04-06 03:15,"$3,395,000 MXN","Casa en venta, , Col. Real del Valle, Mazatlán, Sinaloa, México, C.P. 82124, ID: 29419148",3 Recámaras | 4 Baños | 124 m 2,https://propiedades.comhttps://propiedades.com/inmuebles/casa-en-venta-real-del-valle-sinaloa-29419148
Sinaloa,45,2026-04-06 03:15,"$1,850,000 MXN","Calle Melchor Porto Carrero #4652, Col. Montereal, Culiacán, Sinaloa, México, C.P. 80058, ID: 28748996",2 Recámaras | 1 Baño | 85 m 2,https://propiedades.comhttps://propiedades.com/inmuebles/casa-en-venta-calle-melchor-porto-carrero-4652-montereal-sinaloa-28748996
Sinaloa,45,2026-04-06 03:15,"$9,500,000 MXN","Casa en venta disponible en , Col. Cerritos Resort, Mazatlán, Sinaloa, México, C.P. 82112, ID: 30166565",3 Recámaras | 3 Baños | 242 m 2,https://propiedades.comhttps://propiedades.com/inmuebles/casa-en-venta-cerritos-resort-sinaloa-30166565
Sinaloa,45,2026-04-06 03:15,"$4,900,000 MXN","Venta de casa en Mariano Escobedo #706, Col. Centro, Mazatlán, Sinaloa, México, C.P. 82000, ID: 30985653",2 Recámaras | 1 Baño | 165 m 2,https://propiedades.comhttps://propiedades.com/inmuebles/casa-en-venta-mariano-escobedo-706-centro-sinaloa-30985653
Sinaloa,45,2026-04-06 03:15,"$1,450,000 MXN","Casa disponible en venta en ESTRELLA, Col. Benito Juárez, Mazatlán, Sinaloa, México, C.P. 82180, ID: 26619987",4 Recámaras | 2 Baños | 216 m 2,https://propiedades.comhttps://propiedades.com/inmuebles/casa-en-venta-estrella-benito-juarez-sinaloa-26619987
Sinaloa,45,2026-04-06 03:15,"$5,300,000 MXN","Venta casa en , Col. Bachigualato, Culiacán, Sinaloa, México, C.P. 80140, ID: 30102190",3 Recámaras | 2 Baños | 381 m 2,https://propiedades.comhttps://propiedades.com/inmuebles/casa-en-venta-bachigualato-sinaloa-30102190
Sinaloa,45,2026-04-06 03:15,"$4,600,000 MXN","río baluarte #301, Col. Ferrocarrilera, Mazatlán, Sinaloa, México, C.P. 82013, ID: 30960080",3 Recámaras | 2 Baños | 237 m 2,https://propiedades.comhttps://propiedades.com/inmuebles/casa-en-venta-rio-baluarte--301-ferrocarrilera-sinaloa-30960080
Sinaloa,45,2026-04-06 03:15,"$3,300,000 MXN","Casa en venta disponible en Yameto, Col. Navolato Centro, Navolato, Sinaloa, México, C.P. 80320, ID: 30919252",4 Recámaras | 3 Baños | 120 m 2,https://propiedades.comhttps://propiedades.com/inmuebles/casa-en-venta-yameto-navolato-centro-sinaloa-30919252
Sinaloa,45,2026-04-06 03:15,"$12,900,000 MXN","Federalismo, Col. Residencial San José, Culiacán, Sinaloa, México, C.P. 80100, ID: 27326929",3 Recámaras | 3 Baños | 550 m 2,https://propiedades.comhttps://propiedades.com/inmuebles/casa-en-venta-federalismo-residencial-san-jose-sinaloa-27326929
Sinaloa,45,2026-04-06 03:15,"$5,200,000 MXN","Se vende casa en ALELIES, Col. Prados de La Conquista, Culiacán, Sinaloa, México, C.P. 80058, ID: 26414893",3 Recámaras | 3 Baños | 226 m 2,https://propiedades.comhttps://propiedades.com/inmuebles/casa-en-venta-alelies-prados-de-la-conquista-sinaloa-26414893
Sinaloa,45,2026-04-06 03:15,"$7,800,000 MXN","Casa en venta disponible en Alcázar del Country, Ahome, Sinaloa, 81278, Col. Alcázar del Country, Ahome, Sinaloa, México, C.P. 81278, ID: 27240148",3 Recámaras | 3 Baños | 295 m 2,https://propiedades.comhttps://propiedades.com/inmuebles/casa-en-venta-alcazar-del-country-ahome-sinaloa-81278-alcazar-del-country-sinaloa-27240148
Sinaloa,45,2026-04-06 03:15,"$4,100,000 MXN","Residencial Montebello, Col. Los Mochis (Los Mochis), Ahome, Sinaloa, México, C.P. 81369, ID: 30441146",3 Recámaras | 3 Baños | 168 m 2,https://propiedades.comhttps://propiedades.com/inmuebles/casa-en-venta-residencial-montebello-los-mochis-los-mochis-sinaloa-30441146
Sinaloa,45,2026-04-06 03:15,"$3,450,000 MXN","Venta casa en , Col. Hacienda Molino de Flores, Culiacán, Sinaloa, México, C.P. 80155, ID: 30088363",3 Recámaras | 2 Baños,https://propiedades.comhttps://propiedades.com/inmuebles/casa-en-venta-hacienda-molino-de-flores-sinaloa-30088363
Sinaloa,45,2026-04-06 03:15,"$4,500,000 MXN","Se vende casa en Portalegre Estates I #1870, Col. Portalegre, Culiacán, Sinaloa, México, C.P. 80058, ID: 27677753",3 Recámaras | 3 Baños | 202 m 2,https://propiedades.comhttps://propiedades.com/inmuebles/casa-en-venta-portalegre-estates-i-1870-portalegre-sinaloa-27677753
Sinaloa,45,2026-04-06 03:15,"$4,800,000 MXN","PACIFICO HILLS, Col. Real Pacífico, Mazatlán, Sinaloa, México, C.P. 82124, ID: 29723964",3 Recámaras | 2 Baños | 195 m 2,https://propiedades.comhttps://propiedades.com/inmuebles/casa-en-venta-pacifico-hills-real-pacifico-sinaloa-29723964
Sinaloa,45,2026-04-06 03:15,"$5,099,000 MXN","Venta de casa en , Col. Marina Mazatlán, Mazatlán, Sinaloa, México, C.P. 82103, ID: 29877108",3 Recámaras | 3 Baños | 188 m 2,https://propiedades.comhttps://propiedades.com/inmuebles/casa-en-venta-marina-mazatlan-sinaloa-29877108
Sinaloa,45,2026-04-06 03:15,"$1,395,000 MXN","Se vende casa . #., Col. Estación Rosales, Culiacán, Sinaloa, México, C.P. 80300, ID: 23098110",3 Recámaras | 2 Baños | 154 m 2,https://propiedades.comhttps://propiedades.com/inmuebles/casa-en-venta--estacion-rosales-sinaloa-23098110
Sinaloa,45,2026-04-06 03:15,"$14,480,000 MXN","Casa en venta, Puerto de Cádiz #1871, Col. El Cid, Mazatlán, Sinaloa, México, C.P. 82110, ID: 30447526",4 Recámaras | 4 Baños | 340 m 2,https://propiedades.comhttps://propiedades.com/inmuebles/casa-en-venta-puerto-de-cadiz-1871-el-cid-sinaloa-30447526
Sinaloa,45,2026-04-06 03:15,"$1,950,000 USD","Venta casa en Cerrada Lagunilla #1620, Col. Isla de La Piedra, Mazatlán, Sinaloa, México, C.P. 82043, ID: 28774124",3 Recámaras | 3 Baños | 448 m 2,https://propiedades.comhttps://propiedades.com/inmuebles/casa-en-venta-cerrada-lagunilla-1620-isla-de-la-piedra-sinaloa-28774124
Sinaloa,45,2026-04-06 03:15,"$7,600,000 MXN","chapultepec, Col. Chapultepec, Culiacán, Sinaloa, México, C.P. 80040, ID: 28231709",4 Recámaras | 3 Baños | 310 m 2,https://propiedades.comhttps://propiedades.com/inmuebles/casa-en-venta-chapultepec-chapultepec-sinaloa-28231709
Sinaloa,45,2026-04-06 03:15,"$6,990,000 MXN","Se vende casa Colinas de San Miguel #WHI300156, Col. Colinas de San Miguel, Culiacán, Sinaloa, México, C.P. 80228, ID: 26933976",4 Recámaras | 5 Baños | 420 m 2,https://propiedades.comhttps://propiedades.com/inmuebles/casa-en-venta-colinas-de-san-miguel-whi300156-colinas-de-san-miguel-sinaloa-26933976
Sinaloa,45,2026-04-06 03:15,"$4,700,000 MXN","Casa disponible en venta en KINO #888, Col. Los Mochis (Los Mochis), Ahome, Sinaloa, México, C.P. 81369, ID: 30244362",3 Recámaras | 2 Baños | 241 m 2,https://propiedades.comhttps://propiedades.com/inmuebles/casa-en-venta-kino-888-los-mochis-los-mochis-sinaloa-30244362
Sinaloa,45,2026-04-06 03:15,"$1,950,000 MXN","Venta de casa en Paseo nuevo Altata, Col. Altata, Navolato, Sinaloa, México, C.P. 80363, ID: 27723810",2 Recámaras | 1 Baño | 72 m 2,https://propiedades.comhttps://propiedades.com/inmuebles/casa-en-venta-paseo-nuevo-altata-altata-sinaloa-27723810
Sinaloa,45,2026-04-06 03:15,"$6,995,000 MXN","Venta de casa CERRO DE MONTELARGO #821, Col. Colinas de San Miguel, Culiacán, Sinaloa, México, C.P. 80228, ID: 28444274",3 Recámaras | 4 Baños | 419 m 2,https://propiedades.comhttps://propiedades.com/inmuebles/casa-en-venta-cerro-de-montelargo-821-colinas-de-san-miguel-sinaloa-28444274
Sinaloa,45,2026-04-06 03:15,"$12,000,000 MXN","Casa en venta, Del Faro #529, Col. Marina Mazatlán, Mazatlán, Sinaloa, México, C.P. 82103, ID: 27968166",4 Recámaras | 6 Baños | 391 m 2,https://propiedades.comhttps://propiedades.com/inmuebles/casa-en-venta-del-faro-529-marina-mazatlan-sinaloa-27968166
Sinaloa,45,2026-04-06 03:15,"$2,990,000 MXN","Casa en venta disponible en Calle Pisa, Col. La Paloma, Culiacán, Sinaloa, México, C.P. 80100, ID: 28536065",3 Recámaras | 2 Baños | 175 m 2,https://propiedades.comhttps://propiedades.com/inmuebles/casa-en-venta-calle-pisa-la-paloma-sinaloa-28536065
Sinaloa,45,2026-04-06 03:15,"$3,400,000 MXN","Casa en venta, Av. Sitges #3276, Col. Espacios Barcelona, Culiacán, Sinaloa, México, C.P. 80059, ID: 30595320",3 Recámaras | 3 Baños | 160 m 2,https://propiedades.comhttps://propiedades.com/inmuebles/casa-en-venta-av-sitges--3276-espacios-barcelona-sinaloa-30595320
Sinaloa,45,2026-04-06 03:15,"$2,790,000 MXN","PUNTO SUR, Col. La Primavera, Culiacán, Sinaloa, México, C.P. 80199, ID: 27915851",3 Recámaras | 2 Baños | 136 m 2,https://propiedades.comhttps://propiedades.com/inmuebles/casa-en-venta-punto-sur-la-primavera-sinaloa-27915851
Sinaloa,45,2026-04-06 03:15,"$3,300,000 MXN","Casa en venta, PASEO NUEVO ALTATA, Col. Altata, Navolato, Sinaloa, México, C.P. 80363, ID: 29002861",3 Recámaras | 2 Baños | 113 m 2,https://propiedades.comhttps://propiedades.com/inmuebles/casa-en-venta-paseo-nuevo-altata-altata-sinaloa-29002861
Sinaloa,45,2026-04-06 03:15,"$6,500,000 MXN","Casa en venta disponible en Col. Sábalo Country Club, Mazatlán, Sinaloa, México, C.P. 82100, ID: 30608508",3 Recámaras | 3 Baños | 184 m 2,https://propiedades.comhttps://propiedades.com/inmuebles/casa-en-venta-sabalo-country-club-sinaloa-30608508
Sinaloa,45,2026-04-06 03:15,"$1,207,811 MXN","Se vende casa en calle cafonia #1, Col. Rosario Uzarraga, Culiacán, Sinaloa, México, C.P. 80014, ID: 28815219",2 Recámaras | 3 Baños | 150 m 2,https://propiedades.comhttps://propiedades.com/inmuebles/casa-en-venta-calle-cafonia-1-rosario-uzarraga-sinaloa-28815219
Sinaloa,45,2026-04-06 03:15,"$4,300,000 MXN","Venta de casa en Jardines del Country, Col. Los Mochis (Los Mochis), Ahome, Sinaloa, México, C.P. 81369, ID: 30841501",3 Recámaras | 3 Baños | 235 m 2,https://propiedades.comhttps://propiedades.com/inmuebles/casa-en-venta-jardines-del-country-los-mochis-los-mochis-sinaloa-30841501
Sinaloa,45,2026-04-06 03:15,"$9,300,000 MXN","Venta casa en San Alberto, Col. Campo La Baqueta, Culiacán, Sinaloa, México, C.P. 80300, ID: 28298898",3 Recámaras | 3 Baños | 303 m 2,https://propiedades.comhttps://propiedades.com/inmuebles/casa-en-venta-san-alberto-campo-la-baqueta-sinaloa-28298898
Sinaloa,45,2026-04-06 03:15,"$3,150,000 MXN","Venta casa en Coto santa Martha hacienda seminario, Col. Real del Valle, Mazatlán, Sinaloa, México, C.P. 82124, ID: 30916145",3 Recámaras | 3 Baños | 105 m 2,https://propiedades.comhttps://propiedades.com/inmuebles/casa-en-venta-coto-santa-martha-hacienda-seminario-real-del-valle-sinaloa-30916145
Sinaloa,45,2026-04-06 03:15,"$2,350,000 MXN","Venta de casa Av. De Teruel #926, Col. Stanza Castilla, Culiacán, Sinaloa, México, C.P. 80058, ID: 30701425",3 Recámaras | 2 Baños | 103 m 2,https://propiedades.comhttps://propiedades.com/inmuebles/casa-en-venta-av-de-teruel-926-stanza-castilla-sinaloa-30701425
Sinaloa,45,2026-04-06 03:15,"$8,000,000 MXN","Venta de casa , Col. Lomas de Mazatlán, Mazatlán, Sinaloa, México, C.P. 82110, ID: 29492485",3 Recámaras | 3 Baños | 220 m 2,https://propiedades.comhttps://propiedades.com/inmuebles/casa-en-venta-lomas-de-mazatlan-sinaloa-29492485
Sinaloa,45,2026-04-06 03:15,"$5,000,000 MXN","coto platino, Col. Coto Platino, Mazatlán, Sinaloa, México, C.P. 82124, ID: 28664573",4 Recámaras | 3 Baños | 224 m 2,https://propiedades.comhttps://propiedades.com/inmuebles/casa-en-venta-coto-platino-coto-platino-sinaloa-28664573
Sinaloa,45,2026-04-06 03:15,"$4,800,000 MXN","Venta casa en Circuito Gran Via #4289, Col. Coto Platino, Mazatlán, Sinaloa, México, C.P. 82124, ID: 28494649",4 Recámaras | 3 Baños | 224 m 2,https://propiedades.comhttps://propiedades.com/inmuebles/casa-en-venta-circuito-gran-via-4289-coto-platino-sinaloa-28494649
Sinaloa,45,2026-04-06 03:15,"$1,150,000 MXN","Casa en venta, VILLA DE LAS FLORES, Col. Villa de las Flores, Mazatlán, Sinaloa, México, C.P. 82139, ID: 29871852",2 Recámaras | 1 Baño,https://propiedades.comhttps://propiedades.com/inmuebles/casa-en-venta-villa-de-las-flores-villa-de-las-flores-sinaloa-29871852
Sinaloa,45,2026-04-06 03:15,"$12,250,000 MXN","Se vende casa en Paseo Vista Hermosa #102, Col. Balcones de Loma Linda, Mazatlán, Sinaloa, México, C.P. 82000, ID: 28966298",4 Recámaras | 2 Baños | 980 m 2,https://propiedades.comhttps://propiedades.com/inmuebles/casa-en-venta-paseo-vista-hermosa-102-balcones-de-loma-linda-sinaloa-28966298
Sinaloa,45,2026-04-06 03:15,"$2,150,000 MXN","Se vende casa Martín de Almanza #4826, Col. Portalegre, Culiacán, Sinaloa, México, C.P. 80058, ID: 29770093",3 Recámaras | 2 Baños | 108 m 2,https://propiedades.comhttps://propiedades.com/inmuebles/casa-en-venta-martin-de-almanza-4826-portalegre-sinaloa-29770093
Sinaloa,45,2026-04-06 03:15,"$6,950,000 MXN","Casa en venta, Los Pinos, Mazatlán, Sinaloa, Col. Los Pinos, Mazatlán, Sinaloa, México, C.P. 82000, ID: 25058151",2 Recámaras | 2 Baños | 110 m 2,https://propiedades.comhttps://propiedades.com/inmuebles/casa-en-venta-los-pinos-mazatlan-sinaloa-los-pinos-sinaloa-25058151
Sinaloa,45,2026-04-06 03:15,"$12,000,000 MXN","Venta de casa , Col. Marina Mazatlán, Mazatlán, Sinaloa, México, C.P. 82103, ID: 30556362",4 Recámaras | 4 Baños | 316 m 2,https://propiedades.comhttps://propiedades.com/inmuebles/casa-en-venta-marina-mazatlan-sinaloa-30556362
Sinaloa,45,2026-04-06 03:15,"$2,900,000 MXN","Venta de casa en PORTO LUZ #14031, Col. Francisco Alarcón Infonavit, Mazatlán, Sinaloa, México, C.P. 82132, ID: 30798947",3 Recámaras | 2 Baños | 96 m 2,https://propiedades.comhttps://propiedades.com/inmuebles/casa-en-venta-porto-luz-14031-francisco-alarcon-infonavit-sinaloa-30798947
Sinaloa,45,2026-04-06 03:15,"$6,200,000 MXN","Venta de casa , Col. Sinaloa, Mazatlán, Sinaloa, México, C.P. 82134, ID: 28853575",4 Recámaras | 3 Baños | 220 m 2,https://propiedades.comhttps://propiedades.com/inmuebles/casa-en-venta-sinaloa-sinaloa-28853575
Sinaloa,46,2026-04-06 03:15,"$9,900,000 MXN","Se vende casa en Adriana María #2461, Col. Los Álamos, Culiacán, Sinaloa, México, C.P. 80100, ID: 28596249",4 Recámaras | 4 Baños | 465 m 2,https://propiedades.comhttps://propiedades.com/inmuebles/casa-en-venta-adriana-maria-2461-los-alamos-sinaloa-28596249
Sinaloa,46,2026-04-06 03:15,"$3,550,000 MXN","Casa disponible en venta en Las abas, Col. Real Pacífico, Mazatlán, Sinaloa, México, C.P. 82124, ID: 30165544",3 Recámaras | 2 Baños,https://propiedades.comhttps://propiedades.com/inmuebles/casa-en-venta-las-abas-real-pacifico-sinaloa-30165544
Sinaloa,46,2026-04-06 03:15,"$2,650,000 MXN","Casa en venta disponible en , Col. Real Pacífico, Mazatlán, Sinaloa, México, C.P. 82124, ID: 30827482",3 Recámaras | 1 Baño,https://propiedades.comhttps://propiedades.com/inmuebles/casa-en-venta-real-pacifico-sinaloa-30827482
Sinaloa,46,2026-04-06 03:15,"$6,499,000 MXN","Melchor Ocampo Centro Historico, Col. Centro, Mazatlán, Sinaloa, México, C.P. 82000, ID: 27366633",4 Recámaras | 3 Baños | 343 m 2,https://propiedades.comhttps://propiedades.com/inmuebles/casa-en-venta-melchor-ocampo-centro-historico-centro-sinaloa-27366633
Sinaloa,46,2026-04-06 03:15,"$3,080,000 MXN","Casa en venta, Avenida Igualamo #1218, Col. Valle Dorado, Culiacán, Sinaloa, México, C.P. 80058, ID: 28541804",3 Recámaras | 2 Baños | 220 m 2,https://propiedades.comhttps://propiedades.com/inmuebles/casa-en-venta-avenida-igualamo-1218-valle-dorado-sinaloa-28541804
Sinaloa,46,2026-04-06 03:15,"$23,000,000 MXN","Casa disponible en venta en , Col. Country Tres Ríos, Culiacán, Sinaloa, México, C.P. 80107, ID: 28147807",6 Recámaras | 4 Baños | 683 m 2,https://propiedades.comhttps://propiedades.com/inmuebles/casa-en-venta-country-tres-rios-sinaloa-28147807
Sinaloa,46,2026-04-06 03:15,"$5,500,000 MXN","Venta de casa Col. Sonterra Residencial II, Mazatlán, Sinaloa, México, C.P. 82124, ID: 29510733",3 Recámaras | 3 Baños | 167 m 2,https://propiedades.comhttps://propiedades.com/inmuebles/casa-en-venta-sonterra-residencial-ii-sinaloa-29510733
Sinaloa,46,2026-04-06 03:15,"$16,196,000 MXN","Casa en venta disponible en Blvrd Pedro Anaya, Col. Chapultepec, Culiacán, Sinaloa, México, C.P. 80040, ID: 25831877",4 Recámaras | 5 Baños | 545 m 2,https://propiedades.comhttps://propiedades.com/inmuebles/casa-en-venta-blvrd-pedro-anaya-chapultepec-sinaloa-25831877
Sinaloa,46,2026-04-06 03:15,"$5,400,000 MXN","Se vende casa en Privada Norte Alcázar, Col. Los Mochis (Los Mochis), Ahome, Sinaloa, México, C.P. 81369, ID: 30684394",3 Recámaras | 2 Baños | 173 m 2,https://propiedades.comhttps://propiedades.com/inmuebles/casa-en-venta-privada-norte-alcazar-los-mochis-los-mochis-sinaloa-30684394
Sinaloa,46,2026-04-06 03:15,"$7,600,000 MXN","Isla de Guadalupe, Col. Las Quintas, Culiacán, Sinaloa, México, C.P. 80060, ID: 28277411",3 Recámaras | 3 Baños | 356 m 2,https://propiedades.comhttps://propiedades.com/inmuebles/casa-en-venta-isla-de-guadalupe-las-quintas-sinaloa-28277411
Sinaloa,46,2026-04-06 03:15,"$8,000,000 MXN","Casa disponible en venta en Río Elota #130, Col. Guadalupe, Culiacán, Sinaloa, México, C.P. 80220, ID: 28219565",4 Recámaras | 4 Baños | 647 m 2,https://propiedades.comhttps://propiedades.com/inmuebles/casa-en-venta-rio-elota-130-guadalupe-sinaloa-28219565
Sinaloa,46,2026-04-06 03:15,"$7,500,000 MXN","Se vende casa Gran Avenida El Dorado #1040, Col. Las Quintas, Culiacán, Sinaloa, México, C.P. 80060, ID: 28381099",4 Recámaras | 4 Baños | 377 m 2,https://propiedades.comhttps://propiedades.com/inmuebles/casa-en-venta-gran-avenida-el-dorado-1040-las-quintas-sinaloa-28381099
Sinaloa,46,2026-04-06 03:15,"$4,900,000 MXN","Venta de casa en , Col. Real del Valle, Mazatlán, Sinaloa, México, C.P. 82124, ID: 28931256",4 Recámaras | 3 Baños,https://propiedades.comhttps://propiedades.com/inmuebles/casa-en-venta-real-del-valle-sinaloa-28931256
Sinaloa,46,2026-04-06 03:15,"$3,500,000 MXN","Se vende casa en carmen rdgz, Col. Los Mochis (Los Mochis), Ahome, Sinaloa, México, C.P. 81369, ID: 30256935",3 Recámaras | 3 Baños | 168 m 2,https://propiedades.comhttps://propiedades.com/inmuebles/casa-en-venta-carmen-rdgz-los-mochis-los-mochis-sinaloa-30256935
Sinaloa,46,2026-04-06 03:15,"$4,580,000 MXN","Se vende casa en Col. Marina Mazatlán, Mazatlán, Sinaloa, México, C.P. 82103, ID: 30799694",4 Recámaras | 3 Baños | 119 m 2,https://propiedades.comhttps://propiedades.com/inmuebles/casa-en-venta-marina-mazatlan-sinaloa-30799694
Sinaloa,46,2026-04-06 03:15,"$5,900,000 MXN","Casa en venta, Nuevo Mexico #5531, Col. Sonterra Residencial II, Mazatlán, Sinaloa, México, C.P. 82124, ID: 28427666",4 Recámaras | 5 Baños | 240 m 2,https://propiedades.comhttps://propiedades.com/inmuebles/casa-en-venta-nuevo-mexico-5531-sonterra-residencial-ii-sinaloa-28427666
Sinaloa,46,2026-04-06 03:15,"$4,300,000 MXN","Venta de casa en Costa Dorada #15, Col. Altata, Navolato, Sinaloa, México, C.P. 80363, ID: 15177948",5 Recámaras | 5 Baños | 318 m 2,https://propiedades.comhttps://propiedades.com/inmuebles/casa-en-venta-costa-dorada-15-altata-sinaloa-15177948
Sinaloa,46,2026-04-06 03:15,"$7,400,000 MXN","Casa disponible en venta en , Col. Alcázar del Country, Ahome, Sinaloa, México, C.P. 81278, ID: 26544385",3 Recámaras | 3 Baños | 300 m 2,https://propiedades.comhttps://propiedades.com/inmuebles/casa-en-venta-alcazar-del-country-sinaloa-26544385
Sinaloa,46,2026-04-06 03:15,"$3,990,000 MXN","Venta casa en Rodolfo Gaoma, Col. El Toreo, Mazatlán, Sinaloa, México, C.P. 82120, ID: 28210112",4 Recámaras | 2 Baños | 193 m 2,https://propiedades.comhttps://propiedades.com/inmuebles/casa-en-venta-rodolfo-gaoma-el-toreo-sinaloa-28210112
Sinaloa,46,2026-04-06 03:15,"$7,500,000 MXN","Casa disponible en venta en , Col. Marina Mazatlán, Mazatlán, Sinaloa, México, C.P. 82103, ID: 29053892",3 Recámaras | 4 Baños | 227 m 2,https://propiedades.comhttps://propiedades.com/inmuebles/casa-en-venta-marina-mazatlan-sinaloa-29053892
Sinaloa,46,2026-04-06 03:15,"$4,650,000 MXN","Se vende casa en PASEO PORTALEGRE, Col. Portalegre, Culiacán, Sinaloa, México, C.P. 80058, ID: 27728865",3 Recámaras | 4 Baños,https://propiedades.comhttps://propiedades.com/inmuebles/casa-en-venta-paseo-portalegre-portalegre-sinaloa-27728865
Sinaloa,46,2026-04-06 03:15,"$2,894,000 MXN","AEROPUERTO #2512Int. 2, Col. Bachigualato, Culiacán, Sinaloa, México, C.P. 80130, ID: 30626372",3 Recámaras | 3 Baños | 130 m 2,https://propiedades.comhttps://propiedades.com/inmuebles/casa-en-venta-aeropuerto-2512-bachigualato-sinaloa-30626372
Sinaloa,46,2026-04-06 03:15,"$6,490,000 MXN",", Col. Marina Mazatlán, Mazatlán, Sinaloa, México, C.P. 82103, ID: 29933468",4 Recámaras | 4 Baños | 229 m 2,https://propiedades.comhttps://propiedades.com/inmuebles/casa-en-venta-marina-mazatlan-sinaloa-29933468
Sinaloa,46,2026-04-06 03:15,"$5,950,000 MXN","Se vende casa , Col. Sábalo Country Club, Mazatlán, Sinaloa, México, C.P. 82100, ID: 29854822",3 Recámaras | 4 Baños | 228 m 2,https://propiedades.comhttps://propiedades.com/inmuebles/casa-en-venta-sabalo-country-club-sinaloa-29854822
Sinaloa,46,2026-04-06 03:15,"$8,985,000 MXN","Venta casa en Federalismo, Col. Tabachines, Culiacán, Sinaloa, México, C.P. 80104, ID: 28546576",3 Recámaras | 4 Baños | 385 m 2,https://propiedades.comhttps://propiedades.com/inmuebles/casa-en-venta-federalismo-tabachines-sinaloa-28546576
Sinaloa,46,2026-04-06 03:15,"$3,300,000 MXN","Venta casa en , Col. Scally, Ahome, Sinaloa, México, C.P. 81240, ID: 26544381",3 Recámaras | 2 Baños | 228 m 2,https://propiedades.comhttps://propiedades.com/inmuebles/casa-en-venta-scally-sinaloa-26544381
Sinaloa,46,2026-04-06 03:15,"$7,600,000 MXN","Venta de casa , Col. Cerro del Vigía, Mazatlán, Sinaloa, México, C.P. 82040, ID: 28726463",2 Recámaras | 2 Baños | 168 m 2,https://propiedades.comhttps://propiedades.com/inmuebles/casa-en-venta-cerro-del-vigia-sinaloa-28726463
Sinaloa,46,2026-04-06 03:15,"$6,598,840 MXN","Estado de Veracruz #1483, Col. Las Quintas, Culiacán, Sinaloa, México, C.P. 80060, ID: 30588095",4 Recámaras | 4 Baños | 677 m 2,https://propiedades.comhttps://propiedades.com/inmuebles/casa-en-venta-estado-de-veracruz-1483-las-quintas-sinaloa-30588095
Sinaloa,46,2026-04-06 03:15,"$9,300,000 MXN","Venta de casa en Camino al Tambor Yameto #SN, Col. Dautillos, Navolato, Sinaloa, México, C.P. 80338, ID: 28718510",1 m 2,https://propiedades.comhttps://propiedades.com/inmuebles/casa-en-venta-camino-al-tambor-yameto-sn-dautillos-sinaloa-28718510
Sinaloa,46,2026-04-06 03:15,"$2,800,000 MXN","Casa en venta, Andador Samos, Col. Altata, Navolato, Sinaloa, México, C.P. 80363, ID: 28716831",2 Recámaras | 2 Baños | 79 m 2,https://propiedades.comhttps://propiedades.com/inmuebles/casa-en-venta-andador-samos-altata-sinaloa-28716831
Sinaloa,46,2026-04-06 03:15,"$2,700,000 MXN","Casa disponible en venta en , Col. Viñedos Residencial, Ahome, Sinaloa, México, C.P. 81228, ID: 27098835",3 Recámaras | 2 Baños | 119 m 2,https://propiedades.comhttps://propiedades.com/inmuebles/casa-en-venta-vinedos-residencial-sinaloa-27098835
Sinaloa,46,2026-04-06 03:15,"$13,459,000 MXN","Venta casa en Col. Sábalo Country Club, Mazatlán, Sinaloa, México, C.P. 82100, ID: 30594044",4 Recámaras | 3 Baños | 217 m 2,https://propiedades.comhttps://propiedades.com/inmuebles/casa-en-venta-sabalo-country-club-sinaloa-30594044
Sinaloa,46,2026-04-06 03:15,"$4,756,000 MXN","Se vende casa Blvrd Lauro Diaz Castro #0, Col. Floresta Tres Ríos, Culiacán, Sinaloa, México, C.P. 80104, ID: 28210998",4 Recámaras | 4 Baños | 194 m 2,https://propiedades.comhttps://propiedades.com/inmuebles/casa-en-venta-blvrd-lauro-diaz-castro-floresta-tres-rios-sinaloa-28210998
Sinaloa,46,2026-04-06 03:15,"$2,400,000 MXN","Blvrd RotarismoInt. 926, Col. Lago Tres Ríos, Culiacán, Sinaloa, México, C.P. 80027, ID: 28675844",2 Recámaras | 1 Baño | 78 m 2,https://propiedades.comhttps://propiedades.com/inmuebles/casa-en-venta-blvrd-rotarismo-lago-tres-rios-sinaloa-28675844
Sinaloa,46,2026-04-06 03:15,"$5,600,000 MXN","Se vende casa en , Col. Marina Mazatlán, Mazatlán, Sinaloa, México, C.P. 82103, ID: 28395138",3 Recámaras | 3 Baños | 221 m 2,https://propiedades.comhttps://propiedades.com/inmuebles/casa-en-venta-marina-mazatlan-sinaloa-28395138
Sinaloa,46,2026-04-06 03:15,"$3,550,000 MXN","Casa en venta disponible en blvd el dorado, Col. Las Quintas, Culiacán, Sinaloa, México, C.P. 80060, ID: 26649656",6 Recámaras | 4 Baños | 238 m 2,https://propiedades.comhttps://propiedades.com/inmuebles/casa-en-venta-blvd-el-dorado-las-quintas-sinaloa-26649656
Sinaloa,46,2026-04-06 03:15,"$12,500,000 MXN",", Col. Marina Mazatlán, Mazatlán, Sinaloa, México, C.P. 82103, ID: 30013937",4 Recámaras | 4 Baños | 350 m 2,https://propiedades.comhttps://propiedades.com/inmuebles/casa-en-venta-marina-mazatlan-sinaloa-30013937
Sinaloa,46,2026-04-06 03:15,"$2,600,000 MXN","Casa en venta, Lázaro cardenas #1105, Col. Francisco Villa, Mazatlán, Sinaloa, México, C.P. 82127, ID: 29484862",3 Recámaras | 2 Baños | 240 m 2,https://propiedades.comhttps://propiedades.com/inmuebles/casa-en-venta-lazaro-cardenas-1105-francisco-villa-sinaloa-29484862
Sinaloa,46,2026-04-06 03:15,"$4,500,000 MXN","Se vende casa Alberto Terrones #4635, Col. Gustavo Díaz Ordaz, Culiacán, Sinaloa, México, C.P. 80180, ID: 30701426",4 Recámaras | 4 Baños | 303 m 2,https://propiedades.comhttps://propiedades.com/inmuebles/casa-en-venta-alberto-terrones-4635-gustavo-diaz-ordaz-sinaloa-30701426
Sinaloa,46,2026-04-06 03:15,"$2,395,000 MXN","Se vende casa , Col. Marina Mazatlán, Mazatlán, Sinaloa, México, C.P. 82103, ID: 29061770",3 Recámaras | 2 Baños | 120 m 2,https://propiedades.comhttps://propiedades.com/inmuebles/casa-en-venta-marina-mazatlan-sinaloa-29061770
Sinaloa,46,2026-04-06 03:15,"$6,500,000 MXN","Se vende casa en MONTE DE SINAI #1030, Col. Montebello, Culiacán, Sinaloa, México, C.P. 80227, ID: 28313711",4 Recámaras | 6 Baños | 376 m 2,https://propiedades.comhttps://propiedades.com/inmuebles/casa-en-venta-monte-de-sinai--1030-montebello-sinaloa-28313711
Sinaloa,46,2026-04-06 03:15,"$3,500,000 MXN","Calle san Camilo, Col. Real del Valle, Mazatlán, Sinaloa, México, C.P. 82124, ID: 30475456",3 Recámaras | 2 Baños | 138 m 2,https://propiedades.comhttps://propiedades.com/inmuebles/casa-en-venta-calle-san-camilo-real-del-valle-sinaloa-30475456
Sinaloa,46,2026-04-06 03:15,"$4,300,000 MXN","Casa en venta, , Col. Real del Valle, Mazatlán, Sinaloa, México, C.P. 82124, ID: 28195076",4 Recámaras | 3 Baños | 186 m 2,https://propiedades.comhttps://propiedades.com/inmuebles/casa-en-venta-real-del-valle-sinaloa-28195076
Sinaloa,47,2026-04-06 03:15,"$5,000,000 MXN",", Col. Marina Mazatlán, Mazatlán, Sinaloa, México, C.P. 82103, ID: 29492483",3 Recámaras | 2 Baños | 206 m 2,https://propiedades.comhttps://propiedades.com/inmuebles/casa-en-venta-marina-mazatlan-sinaloa-29492483
Sinaloa,47,2026-04-06 03:15,"$1,700,000 MXN","Casa en venta disponible en Cerrada Viena 3187-pte, Alborada, Valle del Rey, 81278 Los Mochis, Sin. #3187, Col. Valle de la Rosa, Ahome, Sinaloa, México, C.P. 81278, ID: 31008258",2 Recámaras | 2 Baños | 69 m 2,https://propiedades.comhttps://propiedades.com/inmuebles/casa-en-venta-cerrada-viena-3187pte-alborada-valle-del-rey-81278-los-mochis-sin-3187-valle-de-la-rosa-sinaloa-31008258
Sinaloa,47,2026-04-06 03:15,"$8,990,000 MXN","Venta de casa en , Col. Chapultepec, Culiacán, Sinaloa, México, C.P. 80040, ID: 27367298",3 Recámaras | 3 Baños | 320 m 2,https://propiedades.comhttps://propiedades.com/inmuebles/casa-en-venta-chapultepec-sinaloa-27367298
Sinaloa,47,2026-04-06 03:15,"$5,000,000 MXN","Casa en venta disponible en coto platino norte #1010, Col. Coto Platino, Mazatlán, Sinaloa, México, C.P. 82124, ID: 29340399",4 Recámaras | 3 Baños | 153 m 2,https://propiedades.comhttps://propiedades.com/inmuebles/casa-en-venta-coto-platino-norte-1010-coto-platino-sinaloa-29340399
Sinaloa,47,2026-04-06 03:15,"$2,250,000 MXN","Venta de casa venus #100, Col. Villa de Jacaro, Mazatlán, Sinaloa, México, C.P. 82150, ID: 29264682",3 Recámaras | 3 Baños | 120 m 2,https://propiedades.comhttps://propiedades.com/inmuebles/casa-en-venta-venus-100-villa-de-jacaro-sinaloa-29264682
Sinaloa,47,2026-04-06 03:15,"$7,490,000 MXN",", Col. Marina Mazatlán, Mazatlán, Sinaloa, México, C.P. 82103, ID: 28847165",3 Recámaras | 3 Baños | 308 m 2,https://propiedades.comhttps://propiedades.com/inmuebles/casa-en-venta-marina-mazatlan-sinaloa-28847165
Sinaloa,47,2026-04-06 03:15,"$4,399,000 MXN","Venta de casa , Col. Real del Valle, Mazatlán, Sinaloa, México, C.P. 82124, ID: 27209518",3 Recámaras | 2 Baños | 189 m 2,https://propiedades.comhttps://propiedades.com/inmuebles/casa-en-venta-real-del-valle-sinaloa-27209518
Sinaloa,47,2026-04-06 03:15,"$4,500,000 MXN","Se vende casa PALOS PRIETOS, Col. Palos Prietos, Mazatlán, Sinaloa, México, C.P. 82010, ID: 30306716",6 Recámaras | 5 Baños,https://propiedades.comhttps://propiedades.com/inmuebles/casa-en-venta-palos-prietos-palos-prietos-sinaloa-30306716
Sinaloa,47,2026-04-06 03:15,"$5,500,000 MXN","Se vende casa en Sin nombre de calle, Col. Almarena Residencial, Mazatlán, Sinaloa, México, C.P. 82112, ID: 27465884",3 Recámaras | 4 Baños | 146 m 2,https://propiedades.comhttps://propiedades.com/inmuebles/casa-en-venta-sin-nombre-de-calle-almarena-residencial-sinaloa-27465884
Sinaloa,47,2026-04-06 03:15,"$6,090,000 MXN","Venta casa en CENTRO, Col. Centro, Culiacán, Sinaloa, México, C.P. 80000, ID: 28681105",4 Recámaras | 3 Baños | 300 m 2,https://propiedades.comhttps://propiedades.com/inmuebles/casa-en-venta-centro-centro-sinaloa-28681105
Sinaloa,47,2026-04-06 03:15,"$7,100,000 MXN","Se vende casa en Telleria, Mazatlán, Sinaloa, Col. Telleria, Mazatlán, Sinaloa, México, C.P. 82017, ID: 25081842",2 Recámaras | 2 Baños | 128 m 2,https://propiedades.comhttps://propiedades.com/inmuebles/casa-en-venta-telleria-mazatlan-sinaloa-telleria-sinaloa-25081842
Sinaloa,47,2026-04-06 03:15,"$15,300,000 MXN","Se vende casa CERRO DE LOS PILARES #728Int. 1, Col. Colinas de San Miguel, Culiacán, Sinaloa, México, C.P. 80228, ID: 29940448",5 Recámaras | 4 Baños | 514 m 2,https://propiedades.comhttps://propiedades.com/inmuebles/casa-en-venta-cerro-de-los-pilares-728-colinas-de-san-miguel-sinaloa-29940448
Sinaloa,47,2026-04-06 03:15,"$26,000,000 MXN","Venta casa en , Col. El Cid, Mazatlán, Sinaloa, México, C.P. 82110, ID: 27213524",5 Recámaras | 4 Baños | 580 m 2,https://propiedades.comhttps://propiedades.com/inmuebles/casa-en-venta-el-cid-sinaloa-27213524
Sinaloa,47,2026-04-06 03:15,"$5,950,000 MXN","Se vende casa en , Col. Sábalo Country Club, Mazatlán, Sinaloa, México, C.P. 82100, ID: 29243986",3 Recámaras | 2 Baños | 230 m 2,https://propiedades.comhttps://propiedades.com/inmuebles/casa-en-venta-sabalo-country-club-sinaloa-29243986
Sinaloa,47,2026-04-06 03:15,"$8,200,000 MXN","Venta de casa Manuel Doblado #10, Col. Miguel Hidalgo, Culiacán, Sinaloa, México, C.P. 80090, ID: 28568952",3 Recámaras | 5 Baños | 409 m 2,https://propiedades.comhttps://propiedades.com/inmuebles/casa-en-venta-manuel-doblado-10-miguel-hidalgo-sinaloa-28568952
Sinaloa,47,2026-04-06 03:15,"$17,000,000 MXN","Venta casa en Calle Juan Pablo II #77, Col. Lomas de Guadalupe, Culiacán, Sinaloa, México, C.P. 80250, ID: 15200764",3 Recámaras | 3 Baños | 674 m 2,https://propiedades.comhttps://propiedades.com/inmuebles/casa-en-venta-calle-juan-pablo-ii-77-lomas-de-guadalupe-sinaloa-15200764
Sinaloa,47,2026-04-06 03:15,"$1,280,000 MXN","Casa disponible en venta en cerro del nacimiento #1020, Col. Lomas de San Isidro, Culiacán, Sinaloa, México, C.P. 80197, ID: 30568105",2 Recámaras | 2 Baños | 95 m 2,https://propiedades.comhttps://propiedades.com/inmuebles/casa-en-venta-cerro-del-nacimiento-1020-lomas-de-san-isidro-sinaloa-30568105
Sinaloa,47,2026-04-06 03:15,"$2,449,976 MXN","Belcantto residencial, Col. Centro Sinaloa, Culiacán, Sinaloa, México, C.P. 80000, ID: 28830022",3 Recámaras | 2 Baños | 118 m 2,https://propiedades.comhttps://propiedades.com/inmuebles/casa-en-venta-belcantto-residencial-centro-sinaloa-sinaloa-28830022
Sinaloa,47,2026-04-06 03:15,"$6,200,000 MXN","Venta de casa circuito adriatico, Col. Altabrisa Residencial, Mazatlán, Sinaloa, México, C.P. 82112, ID: 30629230",4 Recámaras | 3 Baños | 242 m 2,https://propiedades.comhttps://propiedades.com/inmuebles/casa-en-venta-circuito-adriatico-altabrisa-residencial-sinaloa-30629230
Sinaloa,47,2026-04-06 03:15,"$3,500,000 MXN","Casa en venta, Avenida Paseo del Pacifico km 13 #km 1.3, Col. Loma Linda, Mazatlán, Sinaloa, México, C.P. 82000, ID: 27793082",3 Recámaras | 2 Baños | 110 m 2,https://propiedades.comhttps://propiedades.com/inmuebles/casa-en-venta-avenida-paseo-del-pacifico-km-13-km-13-loma-linda-sinaloa-27793082
Sinaloa,47,2026-04-06 03:15,"$8,900,000 MXN","Se vende casa , Col. Desarrollo Urbano 3 Ríos, Culiacán, Sinaloa, México, C.P. 80020, ID: 28509061",5 Recámaras | 4 Baños | 367 m 2,https://propiedades.comhttps://propiedades.com/inmuebles/casa-en-venta-desarrollo-urbano-3-rios-sinaloa-28509061
Sinaloa,47,2026-04-06 03:15,"$19,000,000 MXN","Casa en venta, Lazaro Cardenas #1386, Col. El Cid, Mazatlán, Sinaloa, México, C.P. 82110, ID: 30719975",4 Recámaras | 5 Baños | 440 m 2,https://propiedades.comhttps://propiedades.com/inmuebles/casa-en-venta-lazaro-cardenas-1386-el-cid-sinaloa-30719975
Sinaloa,47,2026-04-06 03:15,"$6,400,000 MXN","segunda #s/n, Col. Altabrisa Residencial, Mazatlán, Sinaloa, México, C.P. 82112, ID: 28313107",4 Recámaras | 6 Baños | 286 m 2,https://propiedades.comhttps://propiedades.com/inmuebles/casa-en-venta-segunda-sn-altabrisa-residencial-sinaloa-28313107
Sinaloa,47,2026-04-06 03:15,"$9,500,000 MXN","Venta de casa en , Col. Marina Kelly, Mazatlán, Sinaloa, México, C.P. 82112, ID: 28812090",5 Recámaras | 4 Baños | 310 m 2,https://propiedades.comhttps://propiedades.com/inmuebles/casa-en-venta-marina-kelly-sinaloa-28812090
Sinaloa,47,2026-04-06 03:15,"$6,900,000 MXN","Venta de casa en , Col. Alegranza, Culiacán, Sinaloa, México, C.P. 80025, ID: 30097323",5 Recámaras | 280 m 2,https://propiedades.comhttps://propiedades.com/inmuebles/casa-en-venta-alegranza-sinaloa-30097323
Sinaloa,47,2026-04-06 03:15,"$2,400,000 MXN","José García Icazbalceta #459, Col. Bachigualato, Culiacán, Sinaloa, México, C.P. 80140, ID: 28884408",1 Baño | 1 m 2,https://propiedades.comhttps://propiedades.com/inmuebles/casa-en-venta-jose-garcia-icazbalceta-459-bachigualato-sinaloa-28884408
Sinaloa,47,2026-04-06 03:15,"$4,550,000 MXN","Se vende casa en , Col. Marina Mazatlán, Mazatlán, Sinaloa, México, C.P. 82103, ID: 28835097",4 Recámaras | 3 Baños | 201 m 2,https://propiedades.comhttps://propiedades.com/inmuebles/casa-en-venta-marina-mazatlan-sinaloa-28835097
Sinaloa,47,2026-04-06 03:15,"$4,200,000 MXN","PASEO NUEVO ALTATA, Col. Altata, Navolato, Sinaloa, México, C.P. 80363, ID: 29002862",3 Recámaras | 2 Baños | 168 m 2,https://propiedades.comhttps://propiedades.com/inmuebles/casa-en-venta-paseo-nuevo-altata-altata-sinaloa-29002862
Sinaloa,47,2026-04-06 03:15,"$4,650,000 MXN","avenida pacifico #4029, Col. Real del Valle, Mazatlán, Sinaloa, México, C.P. 82124, ID: 30746550",3 Recámaras | 4 Baños | 165 m 2,https://propiedades.comhttps://propiedades.com/inmuebles/casa-en-venta-avenida-pacifico-4029-real-del-valle-sinaloa-30746550
Sinaloa,47,2026-04-06 03:15,"$2,350,000 MXN","Venta de casa en , Col. Real del Valle, Mazatlán, Sinaloa, México, C.P. 82124, ID: 29061774",3 Recámaras | 2 Baños | 161 m 2,https://propiedades.comhttps://propiedades.com/inmuebles/casa-en-venta-real-del-valle-sinaloa-29061774
Sinaloa,47,2026-04-06 03:15,"$5,000,000 MXN","Casa disponible en venta en Filarmonicos #5717, Col. Villa Del Real, Culiacán, Sinaloa, México, C.P. 80247, ID: 25678793",4 Recámaras | 4 Baños | 417 m 2,https://propiedades.comhttps://propiedades.com/inmuebles/casa-en-venta-filarmonicos-5717-villa-del-real-sinaloa-25678793
Sinaloa,47,2026-04-06 03:15,"$9,500,000 MXN","Se vende casa Chapultepec, Col. Chapultepec, Culiacán, Sinaloa, México, C.P. 80040, ID: 28363086",3 Recámaras | 3 Baños | 320 m 2,https://propiedades.comhttps://propiedades.com/inmuebles/casa-en-venta-chapultepec-chapultepec-sinaloa-28363086
Sinaloa,47,2026-04-06 03:15,"$4,595,000 MXN",", Col. Almarena Residencial, Mazatlán, Sinaloa, México, C.P. 82112, ID: 30521579",3 Recámaras | 2 Baños | 135 m 2,https://propiedades.comhttps://propiedades.com/inmuebles/casa-en-venta-almarena-residencial-sinaloa-30521579
Sinaloa,47,2026-04-06 03:15,"$13,650,000 MXN","Venta casa en , Col. Marina Mazatlán, Mazatlán, Sinaloa, México, C.P. 82103, ID: 29110002",5 Recámaras | 4 Baños,https://propiedades.comhttps://propiedades.com/inmuebles/casa-en-venta-marina-mazatlan-sinaloa-29110002
Sinaloa,47,2026-04-06 03:15,"$4,990,000 MXN","Se vende casa en Col. Marina Mazatlán, Mazatlán, Sinaloa, México, C.P. 82103, ID: 30893033",3 Recámaras | 4 Baños | 200 m 2,https://propiedades.comhttps://propiedades.com/inmuebles/casa-en-venta-marina-mazatlan-sinaloa-30893033
Sinaloa,47,2026-04-06 03:15,"$3,550,000 MXN","Casa en venta disponible en , Col. Real Pacífico, Mazatlán, Sinaloa, México, C.P. 82124, ID: 29210288",2 Recámaras | 2 Baños | 87 m 2,https://propiedades.comhttps://propiedades.com/inmuebles/casa-en-venta-real-pacifico-sinaloa-29210288
Sinaloa,47,2026-04-06 03:15,"$9,800,000 MXN","Venta de casa , Col. Marina Mazatlán, Mazatlán, Sinaloa, México, C.P. 82103, ID: 29814410",3 Recámaras | 3 Baños | 370 m 2,https://propiedades.comhttps://propiedades.com/inmuebles/casa-en-venta-marina-mazatlan-sinaloa-29814410
Sinaloa,47,2026-04-06 03:15,"$2,650,000 MXN","Justo Sierra #2812, Col. Vicente Guerrero, Culiacán, Sinaloa, México, C.P. 80070, ID: 28897694",3 Recámaras | 5 Baños | 218 m 2,https://propiedades.comhttps://propiedades.com/inmuebles/casa-en-venta-justo-sierra-2812-vicente-guerrero-sinaloa-28897694
Sinaloa,47,2026-04-06 03:15,"$7,495,000 MXN","Venta de casa en Lucha #579, Col. Cerritos Resort, Mazatlán, Sinaloa, México, C.P. 82112, ID: 30749634",4 Recámaras | 4 Baños | 262 m 2,https://propiedades.comhttps://propiedades.com/inmuebles/casa-en-venta-lucha--579-cerritos-resort-sinaloa-30749634
Sinaloa,47,2026-04-06 03:15,"$3,530,000 MXN","Venta de casa en corredor imala, Col. Imala, Culiacán, Sinaloa, México, C.P. 80384, ID: 28249057",3 Recámaras | 4 Baños | 175 m 2,https://propiedades.comhttps://propiedades.com/inmuebles/casa-en-venta-corredor-imala-imala-sinaloa-28249057
Sinaloa,47,2026-04-06 03:15,"$5,250,000 MXN","Casa en venta, Alberto Vazquez #1457, Col. Villa Universidad, Culiacán, Sinaloa, México, C.P. 80010, ID: 26884874",4 Recámaras | 3 Baños | 392 m 2,https://propiedades.comhttps://propiedades.com/inmuebles/casa-en-venta-alberto-vazquez-1457-villa-universidad-sinaloa-26884874
Sinaloa,47,2026-04-06 03:15,"$3,088,799 MXN","Casa disponible en venta en CARRETERA A IMALA #4915, Col. Centro, Culiacán, Sinaloa, México, C.P. 80000, ID: 28721420",3 Recámaras | 4 Baños | 123 m 2,https://propiedades.comhttps://propiedades.com/inmuebles/casa-en-venta-carretera-a-imala-4915-centro-sinaloa-28721420
Sinaloa,47,2026-04-06 03:15,"$4,156,240 MXN",", Col. Valle Alto, Culiacán, Sinaloa, México, C.P. 80050, ID: 30970091",3 Recámaras | 3 Baños | 244 m 2,https://propiedades.comhttps://propiedades.com/inmuebles/casa-en-venta-valle-alto-sinaloa-30970091
Sinaloa,47,2026-04-06 03:15,"$1,650,000 MXN","MINA DEL REALITO #1204, Col. CNOP, Culiacán, Sinaloa, México, C.P. 80297, ID: 29465085",2 Recámaras | 1 Baño | 84 m 2,https://propiedades.comhttps://propiedades.com/inmuebles/casa-en-venta-mina-del-realito-1204-cnop-sinaloa-29465085
Sinaloa,47,2026-04-06 03:15,"$4,100,000 MXN","Casa en venta disponible en , Col. Real del Valle, Mazatlán, Sinaloa, México, C.P. 82124, ID: 27001096",3 Recámaras | 2 Baños | 172 m 2,https://propiedades.comhttps://propiedades.com/inmuebles/casa-en-venta-real-del-valle-sinaloa-27001096
Sinaloa,47,2026-04-06 03:15,"$6,200,000 MXN","Se vende casa Col. Marina Mazatlán, Mazatlán, Sinaloa, México, C.P. 82103, ID: 30466269",4 Recámaras | 3 Baños | 250 m 2,https://propiedades.comhttps://propiedades.com/inmuebles/casa-en-venta-marina-mazatlan-sinaloa-30466269
Sinaloa,48,2026-04-06 03:15,"$9,050,000 MXN","Venta de casa en CD GUADALAJARA #SN, Col. Las Quintas, Culiacán, Sinaloa, México, C.P. 80060, ID: 30344180",4 Recámaras | 5 Baños | 340 m 2,https://propiedades.comhttps://propiedades.com/inmuebles/casa-en-venta-cd-guadalajara-sn-las-quintas-sinaloa-30344180
Sinaloa,48,2026-04-06 03:15,"$9,800,000 MXN","Casa en venta disponible en Privada Paraiso #8374, Col. Marina Mazatlán, Mazatlán, Sinaloa, México, C.P. 82103, ID: 28507682",4 Recámaras | 4 Baños | 310 m 2,https://propiedades.comhttps://propiedades.com/inmuebles/casa-en-venta-privada-paraiso-8374-marina-mazatlan-sinaloa-28507682
Sinaloa,48,2026-04-06 03:15,"$11,900,000 MXN","Casa en venta, , Col. Banus 360, Culiacán, Sinaloa, México, C.P. 80065, ID: 31026820",6 Recámaras | 4 Baños | 428 m 2,https://propiedades.comhttps://propiedades.com/inmuebles/casa-en-venta-banus-360-sinaloa-31026820
Sinaloa,48,2026-04-06 03:15,"$5,950,000 MXN","Se vende casa en Av. Mario A. Huerta Sanchez, Col. Altabrisa Residencial, Mazatlán, Sinaloa, México, C.P. 82112, ID: 29543095",3 Recámaras | 4 Baños | 228 m 2,https://propiedades.comhttps://propiedades.com/inmuebles/casa-en-venta-av-mario-a-huerta-sanchez-altabrisa-residencial-sinaloa-29543095
Sinaloa,48,2026-04-06 03:15,"$15,500,000 MXN","Se vende casa , Col. Chapultepec, Culiacán, Sinaloa, México, C.P. 80040, ID: 30070068",3 Recámaras | 5 Baños | 1100 m 2,https://propiedades.comhttps://propiedades.com/inmuebles/casa-en-venta-chapultepec-sinaloa-30070068
Sinaloa,48,2026-04-06 03:15,"$14,000,000 MXN","Venta de casa en cerro del tule #0, Col. Colinas de San Miguel, Culiacán, Sinaloa, México, C.P. 80228, ID: 28271878",5 Recámaras | 5 Baños | 670 m 2,https://propiedades.comhttps://propiedades.com/inmuebles/casa-en-venta-cerro-del-tule-colinas-de-san-miguel-sinaloa-28271878
Sinaloa,48,2026-04-06 03:15,"$6,500,000 MXN","Venta casa en , Col. El Cid, Mazatlán, Sinaloa, México, C.P. 82110, ID: 30400007",2 Recámaras | 2 Baños | 142 m 2,https://propiedades.comhttps://propiedades.com/inmuebles/casa-en-venta-el-cid-sinaloa-30400007
Sinaloa,48,2026-04-06 03:15,"$2,150,000 MXN","Flor de Iris, Col. Bugambilias, Culiacán, Sinaloa, México, C.P. 80145, ID: 27326867",4 Recámaras | 3 Baños | 255 m 2,https://propiedades.comhttps://propiedades.com/inmuebles/casa-en-venta-flor-de-iris-bugambilias-sinaloa-27326867
Sinaloa,48,2026-04-06 03:15,"$2,100,000 MXN","av. real del valle #100, Col. Real del Valle, Mazatlán, Sinaloa, México, C.P. 82124, ID: 29326621",2 Recámaras | 1 Baño | 49 m 2,https://propiedades.comhttps://propiedades.com/inmuebles/casa-en-venta-av-real-del-valle-100-real-del-valle-sinaloa-29326621
Sinaloa,48,2026-04-06 03:15,"$3,990,000 MXN","Venta de casa , Col. Almarena Residencial, Mazatlán, Sinaloa, México, C.P. 82112, ID: 29960898",3 Recámaras | 2 Baños | 101 m 2,https://propiedades.comhttps://propiedades.com/inmuebles/casa-en-venta-almarena-residencial-sinaloa-29960898
Sinaloa,48,2026-04-06 03:15,"$5,900,000 MXN","Venta de casa , Col. Sinaloa, Mazatlán, Sinaloa, México, C.P. 82134, ID: 29835682",4 Recámaras | 4 Baños | 240 m 2,https://propiedades.comhttps://propiedades.com/inmuebles/casa-en-venta-sinaloa-sinaloa-29835682
Sinaloa,48,2026-04-06 03:15,"$2,500,000 MXN","Casa en venta disponible en avenida orquideas #2951, Col. 21 de Marzo, Culiacán, Sinaloa, México, C.P. 80280, ID: 28210911",5 Recámaras | 2 Baños | 273 m 2,https://propiedades.comhttps://propiedades.com/inmuebles/casa-en-venta-avenida-orquideas-2951-21-de-marzo-sinaloa-28210911
Sinaloa,48,2026-04-06 03:15,"$16,000,000 MXN","Interlomas #3687, Col. Centro Sinaloa, Culiacán, Sinaloa, México, C.P. 80000, ID: 28381093",5 Recámaras | 5 Baños | 612 m 2,https://propiedades.comhttps://propiedades.com/inmuebles/casa-en-venta-interlomas-3687-centro-sinaloa-sinaloa-28381093
Sinaloa,48,2026-04-06 03:15,"$899,000 MXN","Venta de casa en San Aarón #2908, Col. Los Angeles, Culiacán, Sinaloa, México, C.P. 80014, ID: 29961939",2 Recámaras | 1 Baño | 41 m 2,https://propiedades.comhttps://propiedades.com/inmuebles/casa-en-venta-san-aaron-2908-los-angeles-sinaloa-29961939
Sinaloa,48,2026-04-06 03:15,"$3,675,000 MXN","Se vende casa Los Insurgentes, Col. Insurgentes, Mazatlán, Sinaloa, México, C.P. 82018, ID: 29548854",2 Recámaras | 1 Baño | 142 m 2,https://propiedades.comhttps://propiedades.com/inmuebles/casa-en-venta-los-insurgentes-insurgentes-sinaloa-29548854
Sinaloa,48,2026-04-06 03:15,"$2,600,000 MXN","Se vende casa en CIRCUITO NORDICO #5911, Col. Perisur, Culiacán, Sinaloa, México, C.P. 80197, ID: 30035520",3 Recámaras | 2 Baños | 135 m 2,https://propiedades.comhttps://propiedades.com/inmuebles/casa-en-venta-circuito-nordico-5911-perisur-sinaloa-30035520
Sinaloa,48,2026-04-06 03:15,"$3,450,000 MXN","Se vende casa Col. Real del Valle, Mazatlán, Sinaloa, México, C.P. 82124, ID: 30630369",3 Recámaras | 3 Baños | 123 m 2,https://propiedades.comhttps://propiedades.com/inmuebles/casa-en-venta-real-del-valle-sinaloa-30630369
Sinaloa,48,2026-04-06 03:15,"$10,750,000 MXN","Venta de casa en Camino de la luna #4572, Col. Marina Mazatlán, Mazatlán, Sinaloa, México, C.P. 82103, ID: 28507681",4 Recámaras | 4 Baños | 330 m 2,https://propiedades.comhttps://propiedades.com/inmuebles/casa-en-venta-camino-de-la-luna-4572-marina-mazatlan-sinaloa-28507681
Sinaloa,48,2026-04-06 03:15,"$5,950,000 MXN","Se vende casa en , Col. Marina Mazatlán, Mazatlán, Sinaloa, México, C.P. 82103, ID: 29251513",3 Recámaras | 3 Baños | 242 m 2,https://propiedades.comhttps://propiedades.com/inmuebles/casa-en-venta-marina-mazatlan-sinaloa-29251513
Sinaloa,48,2026-04-06 03:15,"$28,000,000 MXN","Venta de casa en Col. El Cid, Mazatlán, Sinaloa, México, C.P. 82110, ID: 30524776",4 Recámaras | 4 Baños,https://propiedades.comhttps://propiedades.com/inmuebles/casa-en-venta-el-cid-sinaloa-30524776
Sinaloa,48,2026-04-06 03:15,"$2,800,000 MXN","Se vende casa Blvd. Plan de Ayala #2999, Col. Emiliano Zapata, Culiacán, Sinaloa, México, C.P. 80260, ID: 25860090",5 Recámaras | 2 Baños | 251 m 2,https://propiedades.comhttps://propiedades.com/inmuebles/casa-en-venta-blvd-plan-de-ayala-2999-emiliano-zapata-sinaloa-25860090
Sinaloa,48,2026-04-06 03:15,"$3,900,000 MXN","Se vende casa isla Cortes, Col. Altata, Navolato, Sinaloa, México, C.P. 80363, ID: 28450955",3 Recámaras | 3 Baños | 180 m 2,https://propiedades.comhttps://propiedades.com/inmuebles/casa-en-venta-isla-cortes-altata-sinaloa-28450955
Sinaloa,48,2026-04-06 03:15,"$3,995,000 MXN","Casa en venta, Joselito Huerta #126, Col. El Toreo, Mazatlán, Sinaloa, México, C.P. 82120, ID: 28788463",3 Recámaras | 3 Baños | 192 m 2,https://propiedades.comhttps://propiedades.com/inmuebles/casa-en-venta-joselito-huerta-126-el-toreo-sinaloa-28788463
Sinaloa,48,2026-04-06 03:15,"$2,350,000 MXN","Casa en venta disponible en Calle Álamo #265, Col. Benito Juárez, Navolato, Sinaloa, México, C.P. 80349, ID: 28689777",3 Recámaras | 2 Baños | 229 m 2,https://propiedades.comhttps://propiedades.com/inmuebles/casa-en-venta-calle-alamo-265-benito-juarez-sinaloa-28689777
Sinaloa,48,2026-04-06 03:15,"$7,650,000 MXN","Se vende casa , Col. Marina Mazatlán, Mazatlán, Sinaloa, México, C.P. 82103, ID: 27062668",4 Recámaras | 4 Baños | 300 m 2,https://propiedades.comhttps://propiedades.com/inmuebles/casa-en-venta-marina-mazatlan-sinaloa-27062668
Sinaloa,48,2026-04-06 03:15,"$42,000,000 MXN","Venta casa en La tomatera, Col. Yebavito, Navolato, Sinaloa, México, C.P. 80374, ID: 27804017",7 Recámaras | 7 Baños | 1000 m 2,https://propiedades.comhttps://propiedades.com/inmuebles/casa-en-venta-la-tomatera-yebavito-sinaloa-27804017
Sinaloa,48,2026-04-06 03:15,"$3,200,000 MXN","Se vende casa Montpellier, Col. Montecarlo Residencial, Culiacán, Sinaloa, México, C.P. 80054, ID: 26185531",3 Recámaras | 3 Baños | 186 m 2,https://propiedades.comhttps://propiedades.com/inmuebles/casa-en-venta-montpellier-montecarlo-residencial-sinaloa-26185531
Sinaloa,48,2026-04-06 03:15,"$4,100,000 MXN","DR MORA, Col. Las Quintas, Culiacán, Sinaloa, México, C.P. 80060, ID: 29223793",4 Recámaras | 2 Baños | 241 m 2,https://propiedades.comhttps://propiedades.com/inmuebles/casa-en-venta-dr-mora-las-quintas-sinaloa-29223793
Sinaloa,48,2026-04-06 03:15,"$2,640,000 MXN","Casa en venta, Boulevard del Lago, Col. Maralago, Culiacán, Sinaloa, México, C.P. 80014, ID: 29456591",3 Recámaras | 2 Baños | 120 m 2,https://propiedades.comhttps://propiedades.com/inmuebles/casa-en-venta-boulevard-del-lago-maralago-sinaloa-29456591
Sinaloa,48,2026-04-06 03:15,"$5,350,000 MXN","Casa disponible en venta en , Col. Hacienda Las Cruces, Mazatlán, Sinaloa, México, C.P. 82126, ID: 27999541",6 Recámaras | 2 Baños | 249 m 2,https://propiedades.comhttps://propiedades.com/inmuebles/casa-en-venta-hacienda-las-cruces-sinaloa-27999541
Sinaloa,48,2026-04-06 03:15,"$7,350,000 MXN","Residencial Lomita, Col. Colinas de San Miguel, Culiacán, Sinaloa, México, C.P. 80228, ID: 28470874",3 Recámaras | 3 Baños | 344 m 2,https://propiedades.comhttps://propiedades.com/inmuebles/casa-en-venta-residencial-lomita-colinas-de-san-miguel-sinaloa-28470874
Sinaloa,48,2026-04-06 03:15,"$34,950,000 MXN","Casa disponible en venta en , Col. Lomas de Mazatlán, Mazatlán, Sinaloa, México, C.P. 82110, ID: 27226023",4 Recámaras | 4 Baños | 1028 m 2,https://propiedades.comhttps://propiedades.com/inmuebles/casa-en-venta-lomas-de-mazatlan-sinaloa-27226023
Sinaloa,48,2026-04-06 03:15,"$13,500,000 MXN","Se vende casa en 82103 Mazatlán, Sinaloa, Col. Marina Mazatlán, Mazatlán, Sinaloa, México, C.P. 82103, ID: 30854165",3 Recámaras | 3 Baños | 300 m 2,https://propiedades.comhttps://propiedades.com/inmuebles/casa-en-venta-82103-mazatlan-sinaloa-marina-mazatlan-sinaloa-30854165
Sinaloa,48,2026-04-06 03:15,"$6,295,000 MXN","Cobre #2325, Col. Marina Mazatlán, Mazatlán, Sinaloa, México, C.P. 82103, ID: 28516837",4 Recámaras | 4 Baños | 226 m 2,https://propiedades.comhttps://propiedades.com/inmuebles/casa-en-venta-cobre-2325-marina-mazatlan-sinaloa-28516837
Sinaloa,48,2026-04-06 03:15,"$8,750,000 MXN","Venta casa en , Col. Marina Mazatlán, Mazatlán, Sinaloa, México, C.P. 82103, ID: 29059053",4 Recámaras | 4 Baños | 279 m 2,https://propiedades.comhttps://propiedades.com/inmuebles/casa-en-venta-marina-mazatlan-sinaloa-29059053
Sinaloa,48,2026-04-06 03:15,"$9,200,000 MXN","Casa disponible en venta en , Col. Marina Real, Mazatlán, Sinaloa, México, C.P. 82103, ID: 28485992",4 Recámaras | 5 Baños | 341 m 2,https://propiedades.comhttps://propiedades.com/inmuebles/casa-en-venta-marina-real-sinaloa-28485992
Sinaloa,48,2026-04-06 03:15,"$3,200,000 MXN","Casa disponible en venta en Municipio de mazatlan #2822, Col. Floresta, Culiacán, Sinaloa, México, C.P. 80014, ID: 28756085",3 Recámaras | 2 Baños | 139 m 2,https://propiedades.comhttps://propiedades.com/inmuebles/casa-en-venta-municipio-de-mazatlan-2822-floresta-sinaloa-28756085
Sinaloa,48,2026-04-06 03:15,"$4,250,000 MXN","Se vende casa en , Col. Marina Mazatlán, Mazatlán, Sinaloa, México, C.P. 82103, ID: 27266410",4 Recámaras | 3 Baños | 173 m 2,https://propiedades.comhttps://propiedades.com/inmuebles/casa-en-venta-marina-mazatlan-sinaloa-27266410
Sinaloa,48,2026-04-06 03:15,"$18,000,000 MXN","Venta de casa Reino de Navarra, Col. El Cid, Mazatlán, Sinaloa, México, C.P. 82110, ID: 28942475",3 Recámaras | 4 Baños | 558 m 2,https://propiedades.comhttps://propiedades.com/inmuebles/casa-en-venta-reino-de-navarra-el-cid-sinaloa-28942475
Sinaloa,48,2026-04-06 03:15,"$10,500,000 MXN","Venta casa en PRINCIPAL, Col. Altabrisa Residencial, Mazatlán, Sinaloa, México, C.P. 82112, ID: 28583103",4 Recámaras | 4 Baños | 339 m 2,https://propiedades.comhttps://propiedades.com/inmuebles/casa-en-venta-principal-altabrisa-residencial-sinaloa-28583103
Sinaloa,48,2026-04-06 03:15,"$2,450,000 MXN","Col. Portalegre, Culiacán, Sinaloa, México, C.P. 80058, ID: 30589933",3 Recámaras | 2 Baños | 139 m 2,https://propiedades.comhttps://propiedades.com/inmuebles/casa-en-venta-portalegre-sinaloa-30589933
Sinaloa,48,2026-04-06 03:15,"$4,200,000 MXN","Se vende casa , Col. Real del Valle, Mazatlán, Sinaloa, México, C.P. 82124, ID: 26901884",4 Recámaras | 3 Baños | 195 m 2,https://propiedades.comhttps://propiedades.com/inmuebles/casa-en-venta-real-del-valle-sinaloa-26901884
Sinaloa,48,2026-04-06 03:15,"$3,950,000 MXN","Casa disponible en venta en , Col. Real del Valle, Mazatlán, Sinaloa, México, C.P. 82124, ID: 29107681",3 Recámaras | 3 Baños | 153 m 2,https://propiedades.comhttps://propiedades.com/inmuebles/casa-en-venta-real-del-valle-sinaloa-29107681
Sinaloa,48,2026-04-06 03:15,"$3,750,000 MXN","Casa en venta disponible en , Col. Sinaloa, Mazatlán, Sinaloa, México, C.P. 82134, ID: 28835100",3 Recámaras | 3 Baños | 177 m 2,https://propiedades.comhttps://propiedades.com/inmuebles/casa-en-venta-sinaloa-sinaloa-28835100
Sinaloa,48,2026-04-06 03:15,"$2,195,000 MXN","Venta casa en De los Blasones #16205, Col. Los Sauces, Mazatlán, Sinaloa, México, C.P. 82159, ID: 28788538",3 Recámaras | 3 Baños | 175 m 2,https://propiedades.comhttps://propiedades.com/inmuebles/casa-en-venta-de-los-blasones-16205-los-sauces-sinaloa-28788538
Sinaloa,49,2026-04-06 03:16,"$6,350,000 MXN","Casa disponible en venta en Cobre #2323, Col. Marina Mazatlán, Mazatlán, Sinaloa, México, C.P. 82103, ID: 28516835",4 Recámaras | 4 Baños | 226 m 2,https://propiedades.comhttps://propiedades.com/inmuebles/casa-en-venta-cobre-2323-marina-mazatlan-sinaloa-28516835
Sinaloa,49,2026-04-06 03:16,"$450,500 MXN","Casa en venta disponible en Blvrd Pedro Anaya #1386, Col. Francisco Villa, Sinaloa, Sinaloa, México, C.P. 81985, ID: 30635098",4 Recámaras | 3 Baños | 215 m 2,https://propiedades.comhttps://propiedades.com/inmuebles/casa-en-venta-blvrd-pedro-anaya-1386-francisco-villa-sinaloa-30635098
Sinaloa,49,2026-04-06 03:16,"$6,800,000 MXN","Casa en venta disponible en Avenida del Mar #133, Col. Palos Prietos, Mazatlán, Sinaloa, México, C.P. 82010, ID: 28865010",2 Recámaras | 2 Baños | 109 m 2,https://propiedades.comhttps://propiedades.com/inmuebles/casa-en-venta-avenida-del-mar-133-palos-prietos-sinaloa-28865010
Sinaloa,49,2026-04-06 03:16,"$21,850,000 MXN","el cid #3, Col. Marina Mazatlán, Mazatlán, Sinaloa, México, C.P. 82103, ID: 26464530",4 Recámaras | 5 Baños | 610 m 2,https://propiedades.comhttps://propiedades.com/inmuebles/casa-en-venta-el-cid-3-marina-mazatlan-sinaloa-26464530
Sinaloa,49,2026-04-06 03:16,"$1,900,000 MXN","Porto #3248, Col. Valle Alto, Culiacán, Sinaloa, México, C.P. 80050, ID: 30696691",2 Recámaras | 1 Baño | 66 m 2,https://propiedades.comhttps://propiedades.com/inmuebles/casa-en-venta-porto-3248-valle-alto-sinaloa-30696691
Sinaloa,49,2026-04-06 03:16,"$10,500,000 MXN","Casa en venta, , Col. Marina Mazatlán, Mazatlán, Sinaloa, México, C.P. 82103, ID: 29498407",3 Recámaras | 3 Baños | 275 m 2,https://propiedades.comhttps://propiedades.com/inmuebles/casa-en-venta-marina-mazatlan-sinaloa-29498407
Sinaloa,49,2026-04-06 03:16,"$7,500,000 MXN","Se vende casa playa de cortez, Col. Altata, Navolato, Sinaloa, México, C.P. 80363, ID: 28291907",5 Recámaras | 5 Baños | 388 m 2,https://propiedades.comhttps://propiedades.com/inmuebles/casa-en-venta-playa-de-cortez-altata-sinaloa-28291907
Sinaloa,49,2026-04-06 03:16,"$550,000 MXN","Mestizos #2112, Col. Villas de Cortés, Culiacán, Sinaloa, México, C.P. 80140, ID: 29458290",3 Recámaras | 2 Baños | 140 m 2,https://propiedades.comhttps://propiedades.com/inmuebles/casa-en-venta-mestizos-2112-villas-de-cortes-sinaloa-29458290
Sinaloa,49,2026-04-06 03:16,"$2,100,000 MXN","Venta casa en , Col. Lucio Valverde, Mazatlán, Sinaloa, México, C.P. 82134, ID: 27289061",4 Recámaras | 3 Baños | 180 m 2,https://propiedades.comhttps://propiedades.com/inmuebles/casa-en-venta-lucio-valverde-sinaloa-27289061
Sinaloa,49,2026-04-06 03:16,"$7,300,000 MXN",", Col. Las Quintas, Culiacán, Sinaloa, México, C.P. 80060, ID: 28516587",4 Recámaras | 4 Baños | 328 m 2,https://propiedades.comhttps://propiedades.com/inmuebles/casa-en-venta-las-quintas-sinaloa-28516587
Sinaloa,49,2026-04-06 03:16,"$5,200,000 MXN","Se vende casa en Pirul, Col. Montebello, Culiacán, Sinaloa, México, C.P. 80227, ID: 28733345",3 Recámaras | 3 Baños | 172 m 2,https://propiedades.comhttps://propiedades.com/inmuebles/casa-en-venta-pirul-montebello-sinaloa-28733345
Sinaloa,49,2026-04-06 03:16,"$3,000,000 MXN","Casa disponible en venta en Gral Pedro Cota Cota, Col. Morelos, Ahome, Sinaloa, México, C.P. 81290, ID: 30527670",3 Recámaras | 140 m 2,https://propiedades.comhttps://propiedades.com/inmuebles/casa-en-venta-gral-pedro-cota-cota-morelos-sinaloa-30527670
Sinaloa,49,2026-04-06 03:16,"$5,400,000 MXN","Casa disponible en venta en Priv. Diamante, Col. Bonanza, Culiacán, Sinaloa, México, C.P. 80020, ID: 30690201",3 Recámaras | 2 Baños | 209 m 2,https://propiedades.comhttps://propiedades.com/inmuebles/casa-en-venta-priv-diamante-bonanza-sinaloa-30690201
Sinaloa,49,2026-04-06 03:16,"$4,335,000 MXN","Casa en venta disponible en real del valle #1, Col. Real del Valle, Mazatlán, Sinaloa, México, C.P. 82124, ID: 26221043",3 Recámaras | 4 Baños | 120 m 2,https://propiedades.comhttps://propiedades.com/inmuebles/casa-en-venta-real-del-valle-1-real-del-valle-sinaloa-26221043
Sinaloa,49,2026-04-06 03:16,"$2,950,000 MXN","Venta de casa Meteoro #3267, Col. Portanova, Culiacán, Sinaloa, México, C.P. 80028, ID: 29119181",3 Recámaras | 2 Baños | 135 m 2,https://propiedades.comhttps://propiedades.com/inmuebles/casa-en-venta-meteoro-3267-portanova-sinaloa-29119181
Sinaloa,49,2026-04-06 03:16,"$1,600,000 MXN","Carretera vieja a Navolato, Col. La Colonia, Navolato, Sinaloa, México, C.P. 80330, ID: 28717067",1 m 2,https://propiedades.comhttps://propiedades.com/inmuebles/casa-en-venta-carretera-vieja-a-navolato-la-colonia-sinaloa-28717067
Sinaloa,49,2026-04-06 03:16,"$1,950,000 MXN","Casa disponible en venta en Calle Mariano Escobedo Pte #342, Col. Centro, Culiacán, Sinaloa, México, C.P. 80000, ID: 15200856",3 Recámaras | 3 Baños | 180 m 2,https://propiedades.comhttps://propiedades.com/inmuebles/casa-en-venta-calle-mariano-escobedo-pte-342-centro-sinaloa-15200856
Sinaloa,49,2026-04-06 03:16,"$1,100,000 MXN","Casa en venta disponible en , Col. Prados Del Sur, Culiacán, Sinaloa, México, C.P. 80296, ID: 28816922",2 Recámaras | 98 m 2,https://propiedades.comhttps://propiedades.com/inmuebles/casa-en-venta-prados-del-sur-sinaloa-28816922
Sinaloa,49,2026-04-06 03:16,"$2,495,000 MXN","Venta de casa Av. de lo Lagartos #499, Col. Lomas del Bosque, Mazatlán, Sinaloa, México, C.P. 82154, ID: 30497588",2 Recámaras | 1 Baño | 65 m 2,https://propiedades.comhttps://propiedades.com/inmuebles/casa-en-venta-av-de-lo-lagartos-499-lomas-del-bosque-sinaloa-30497588
Sinaloa,49,2026-04-06 03:16,"$6,800,000 MXN","Venta de casa en , Col. Sábalo Country Club, Mazatlán, Sinaloa, México, C.P. 82100, ID: 29940817",4 Recámaras | 3 Baños | 295 m 2,https://propiedades.comhttps://propiedades.com/inmuebles/casa-en-venta-sabalo-country-club-sinaloa-29940817
Sinaloa,49,2026-04-06 03:16,"$5,700,000 MXN",", Col. Montebello, Culiacán, Sinaloa, México, C.P. 80227, ID: 30102193",3 Recámaras | 3 Baños | 247 m 2,https://propiedades.comhttps://propiedades.com/inmuebles/casa-en-venta-montebello-sinaloa-30102193
Sinaloa,49,2026-04-06 03:16,"$3,250,000 MXN","CASAS EN PREVENTA EN CIBELES, MAZATLÁN MODELO TIERRA, Col. Real del Valle, Mazatlán, Sinaloa, México, C.P. 82124, ID: 23097617",3 Recámaras | 2 Baños | 119 m 2,https://propiedades.comhttps://propiedades.com/inmuebles/casa-en-venta-casas-en-preventa-en-cibeles-mazatlan-modelo-tierra-real-del-valle-sinaloa-23097617
Sinaloa,49,2026-04-06 03:16,"$12,500,000 MXN","Se vende casa , Col. Marina Real, Mazatlán, Sinaloa, México, C.P. 82103, ID: 28568900",4 Recámaras | 4 Baños | 368 m 2,https://propiedades.comhttps://propiedades.com/inmuebles/casa-en-venta-marina-real-sinaloa-28568900
Sinaloa,49,2026-04-06 03:16,"$1,395,000 MXN","Casa disponible en venta en Hernan Cortez #16306, Col. Villa Residencial del Rey, Mazatlán, Sinaloa, México, C.P. 82164, ID: 30701361",2 Recámaras | 2 Baños | 52 m 2,https://propiedades.comhttps://propiedades.com/inmuebles/casa-en-venta-hernan-cortez-16306-villa-residencial-del-rey-sinaloa-30701361
Sinaloa,49,2026-04-06 03:16,"$8,300,000 MXN","Casa en venta, San Alberto #400, Col. La Primavera, Culiacán, Sinaloa, México, C.P. 80199, ID: 29037304",2 Recámaras | 2 Baños | 165 m 2,https://propiedades.comhttps://propiedades.com/inmuebles/casa-en-venta-san-alberto-400-la-primavera-sinaloa-29037304
Sinaloa,49,2026-04-06 03:16,"$8,500,000 MXN","Venta casa en Rio Valuarte #2022, Col. Colinas de San Miguel, Culiacán, Sinaloa, México, C.P. 80228, ID: 28235350",4 Recámaras | 4 Baños | 380 m 2,https://propiedades.comhttps://propiedades.com/inmuebles/casa-en-venta-rio-valuarte-2022-colinas-de-san-miguel-sinaloa-28235350
Sinaloa,49,2026-04-06 03:16,"$10,500,000 MXN","AV. SABALO CERRITOS, Col. Cerritos Resort, Mazatlán, Sinaloa, México, C.P. 82112, ID: 30525673",3 Recámaras | 264 m 2,https://propiedades.comhttps://propiedades.com/inmuebles/casa-en-venta-av-sabalo-cerritos-cerritos-resort-sinaloa-30525673
Sinaloa,49,2026-04-06 03:16,"$16,000,000 MXN","Casa en venta, Avenida el Pirul #547, Col. Balcones de San Miguel, Culiacán, Sinaloa, México, C.P. 80176, ID: 26786822",6 Recámaras | 6 Baños | 860 m 2,https://propiedades.comhttps://propiedades.com/inmuebles/casa-en-venta-avenida-el-pirul-547-balcones-de-san-miguel-sinaloa-26786822
Sinaloa,49,2026-04-06 03:16,"$1,840,000 MXN","Venta casa en Avenida Lago Blanco, Zona Dorada, Col. Los Angeles, Culiacán, Sinaloa, México, C.P. 80014, ID: 29223753",3 Recámaras | 1 Baño | 86 m 2,https://propiedades.comhttps://propiedades.com/inmuebles/casa-en-venta-avenida-lago-blanco-zona-dorada-los-angeles-sinaloa-29223753
Sinaloa,49,2026-04-06 03:16,"$4,501,000 MXN","Casa en venta, MUNDO ZAFARI, Col. Floresta Tres Ríos, Culiacán, Sinaloa, México, C.P. 80104, ID: 24020631",3 Recámaras | 3 Baños | 189 m 2,https://propiedades.comhttps://propiedades.com/inmuebles/casa-en-venta-mundo-zafari-floresta-tres-rios-sinaloa-24020631
Sinaloa,49,2026-04-06 03:16,"$100,000 MXN","Se vende casa en El Bolsón, Col. Los Pochotes, Navolato, Sinaloa, México, C.P. 80332, ID: 28718520",1 m 2,https://propiedades.comhttps://propiedades.com/inmuebles/casa-en-venta-el-bolson-los-pochotes-sinaloa-28718520
Sinaloa,49,2026-04-06 03:16,"$5,700,000 MXN","Venta de casa en Col. Montebello, Culiacán, Sinaloa, México, C.P. 80227, ID: 30574566",3 Recámaras | 3 Baños | 312 m 2,https://propiedades.comhttps://propiedades.com/inmuebles/casa-en-venta-montebello-sinaloa-30574566
Sinaloa,49,2026-04-06 03:16,"$4,400,000 MXN","Casa disponible en venta en , Col. Real del Valle, Mazatlán, Sinaloa, México, C.P. 82124, ID: 29263866",3 Recámaras | 2 Baños | 200 m 2,https://propiedades.comhttps://propiedades.com/inmuebles/casa-en-venta-real-del-valle-sinaloa-29263866
Sinaloa,49,2026-04-06 03:16,"$2,150,000 MXN","Venta de casa en mar #3920, Col. Terranova, Mazatlán, Sinaloa, México, C.P. 82124, ID: 29522495",3 Recámaras | 2 Baños | 103 m 2,https://propiedades.comhttps://propiedades.com/inmuebles/casa-en-venta-mar-3920-terranova-sinaloa-29522495
Sinaloa,49,2026-04-06 03:16,"$4,500,000 MXN","Casa en venta, , Col. Cerritos Resort, Mazatlán, Sinaloa, México, C.P. 82112, ID: 29251507",3 Recámaras | 2 Baños | 119 m 2,https://propiedades.comhttps://propiedades.com/inmuebles/casa-en-venta-cerritos-resort-sinaloa-29251507
Sinaloa,49,2026-04-06 03:16,"$2,100,000 MXN","Venta casa en , Col. Valle Alto, Culiacán, Sinaloa, México, C.P. 80050, ID: 28647692",3 Recámaras | 2 Baños | 114 m 2,https://propiedades.comhttps://propiedades.com/inmuebles/casa-en-venta-valle-alto-sinaloa-28647692
Sinaloa,49,2026-04-06 03:16,"$4,800,000 MXN","Se vende casa en Cerro de San Calletano #876, Col. Centro, Culiacán, Sinaloa, México, C.P. 80000, ID: 28729115",3 Recámaras | 3 Baños | 233 m 2,https://propiedades.comhttps://propiedades.com/inmuebles/casa-en-venta-cerro-de-san-calletano-876-centro-sinaloa-28729115
Sinaloa,49,2026-04-06 03:16,"$1,800,000 MXN","Casa en venta disponible en Toronjo #907, Col. Valle de Encino, Culiacán, Sinaloa, México, C.P. 80197, ID: 29985409",3 Recámaras | 2 Baños | 165 m 2,https://propiedades.comhttps://propiedades.com/inmuebles/casa-en-venta-toronjo-907-valle-de-encino-sinaloa-29985409
Sinaloa,49,2026-04-06 03:16,"$1,690,000 MXN","Venta casa en , Col. Ampliación Valle del Ejido, Mazatlán, Sinaloa, México, C.P. 82134, ID: 30093122",2 Recámaras | 2 Baños | 87 m 2,https://propiedades.comhttps://propiedades.com/inmuebles/casa-en-venta-ampliacion-valle-del-ejido-sinaloa-30093122
Sinaloa,49,2026-04-06 03:16,"$1,790,000 MXN","Venta de casa en ANGEL FLORES , Col. Centro, Culiacán, Sinaloa, México, C.P. 80000, ID: 29733113",2 Recámaras | 1 Baño | 113 m 2,https://propiedades.comhttps://propiedades.com/inmuebles/casa-en-venta-angel-flores--centro-sinaloa-29733113
Sinaloa,49,2026-04-06 03:16,"$5,280,000 MXN","Se vende casa en , Col. Marina Mazatlán, Mazatlán, Sinaloa, México, C.P. 82103, ID: 28867287",4 Recámaras | 4 Baños | 220 m 2,https://propiedades.comhttps://propiedades.com/inmuebles/casa-en-venta-marina-mazatlan-sinaloa-28867287
Sinaloa,49,2026-04-06 03:16,"$6,490,000 MXN",", Col. Altabrisa Residencial, Mazatlán, Sinaloa, México, C.P. 82112, ID: 28902836",4 Recámaras | 3 Baños | 244 m 2,https://propiedades.comhttps://propiedades.com/inmuebles/casa-en-venta-altabrisa-residencial-sinaloa-28902836
Sinaloa,49,2026-04-06 03:16,"$1,300,000 MXN","Calle Lago Dove #4230Int. A, Col. Zona Dorada, Culiacán, Sinaloa, México, C.P. 80014, ID: 30262723",2 Recámaras | 1 Baño | 57 m 2,https://propiedades.comhttps://propiedades.com/inmuebles/casa-en-venta-calle-lago-dove-4230-zona-dorada-sinaloa-30262723
Sinaloa,49,2026-04-06 03:16,"$19,999,999 MXN","Se vende casa EL CIELO PARQUE RESIDENCIAL, Col. Cerritos Resort, Mazatlán, Sinaloa, México, C.P. 82112, ID: 30531114",5 Recámaras | 514 m 2,https://propiedades.comhttps://propiedades.com/inmuebles/casa-en-venta-el-cielo-parque-residencial-cerritos-resort-sinaloa-30531114
Sinaloa,49,2026-04-06 03:16,"$4,600,000 MXN","Venta casa en Agricultores #330, Col. Chapultepec, Culiacán, Sinaloa, México, C.P. 80040, ID: 28427886",5 Recámaras | 3 Baños | 265 m 2,https://propiedades.comhttps://propiedades.com/inmuebles/casa-en-venta-agricultores-330-chapultepec-sinaloa-28427886
Sinaloa,49,2026-04-06 03:16,"$5,850,000 MXN","Venta casa en Col. Altabrisa Residencial, Mazatlán, Sinaloa, México, C.P. 82112, ID: 30521580",4 Recámaras | 3 Baños | 227 m 2,https://propiedades.comhttps://propiedades.com/inmuebles/casa-en-venta-altabrisa-residencial-sinaloa-30521580
Sinaloa,50,2026-04-06 03:16,"$2,150,000 MXN","Venta casa en Col. El Chamizal, Ahome, Sinaloa, México, C.P. 81234, ID: 30894182",3 Recámaras | 1 Baño | 83 m 2,https://propiedades.comhttps://propiedades.com/inmuebles/casa-en-venta-el-chamizal-sinaloa-30894182
Sinaloa,50,2026-04-06 03:16,"$1,350,000 MXN","Venta casa en av valle del ejido #null, Col. Sábalo Country Club, Mazatlán, Sinaloa, México, C.P. 82100, ID: 28624898",2 Recámaras | 1 Baño | 58 m 2,https://propiedades.comhttps://propiedades.com/inmuebles/casa-en-venta-av-valle-del-ejido-null-sabalo-country-club-sinaloa-28624898
Sinaloa,50,2026-04-06 03:16,"$3,200,000 MXN","Casa disponible en venta en , Col. Camino Real, Culiacán, Sinaloa, México, C.P. 80247, ID: 30088364",3 Recámaras | 2 Baños | 183 m 2,https://propiedades.comhttps://propiedades.com/inmuebles/casa-en-venta-camino-real-sinaloa-30088364
Sinaloa,50,2026-04-06 03:16,"$2,698,000 MXN","Se vende casa en , Col. Sonterra Residencial II, Mazatlán, Sinaloa, México, C.P. 82124, ID: 26578311",3 Recámaras | 2 Baños | 136 m 2,https://propiedades.comhttps://propiedades.com/inmuebles/casa-en-venta-sonterra-residencial-ii-sinaloa-26578311
Sinaloa,50,2026-04-06 03:16,"$2,250,000 MXN","Casa disponible en venta en , Col. La Conquista, Culiacán, Sinaloa, México, C.P. 80058, ID: 30107349",3 Recámaras | 2 Baños,https://propiedades.comhttps://propiedades.com/inmuebles/casa-en-venta-la-conquista-sinaloa-30107349
Sinaloa,50,2026-04-06 03:16,"$17,500,000 MXN","Venta de casa LAZARO CARDENAS DEL RIO, Col. El Cid, Mazatlán, Sinaloa, México, C.P. 82110, ID: 30530959",6 Recámaras | 527 m 2,https://propiedades.comhttps://propiedades.com/inmuebles/casa-en-venta-lazaro-cardenas-del-rio-el-cid-sinaloa-30530959
Sinaloa,50,2026-04-06 03:16,"$6,500,000 MXN","Se vende casa en Avenida Castellón #3208, Col. Villa Andalucía, Culiacán, Sinaloa, México, C.P. 80130, ID: 30807755",4 Recámaras | 4 Baños | 195 m 2,https://propiedades.comhttps://propiedades.com/inmuebles/casa-en-venta-avenida-castellon-3208-villa-andalucia-sinaloa-30807755
Sinaloa,50,2026-04-06 03:16,"$6,400,000 MXN","Venta de casa , Col. Marina Mazatlán, Mazatlán, Sinaloa, México, C.P. 82103, ID: 28851398",3 Recámaras | 2 Baños | 230 m 2,https://propiedades.comhttps://propiedades.com/inmuebles/casa-en-venta-marina-mazatlan-sinaloa-28851398
Sinaloa,50,2026-04-06 03:16,"$3,700,000 MXN","Blvrd Las Minas #835, Col. Nuevo México, Culiacán, Sinaloa, México, C.P. 80297, ID: 28254175",3 Recámaras | 5 Baños | 425 m 2,https://propiedades.comhttps://propiedades.com/inmuebles/casa-en-venta-blvrd-las-minas-835-nuevo-mexico-sinaloa-28254175
Sinaloa,50,2026-04-06 03:16,"$4,900,000 MXN","Sin nombre de calle, Col. Real del Valle, Mazatlán, Sinaloa, México, C.P. 82124, ID: 29123372",3 Recámaras | 3 Baños | 200 m 2,https://propiedades.comhttps://propiedades.com/inmuebles/casa-en-venta-sin-nombre-de-calle-real-del-valle-sinaloa-29123372
Sinaloa,50,2026-04-06 03:16,"$4,139,520 MXN","Se vende casa en , Col. Valle Alto, Culiacán, Sinaloa, México, C.P. 80050, ID: 31000094",3 Recámaras | 3 Baños | 187 m 2,https://propiedades.comhttps://propiedades.com/inmuebles/casa-en-venta-valle-alto-sinaloa-31000094
Sinaloa,50,2026-04-06 03:16,"$2,850,000 MXN","Venta de casa en LOS SERBALES #486, Col. Los Mangos II, Mazatlán, Sinaloa, México, C.P. 82128, ID: 30908520",3 Recámaras | 2 Baños | 107 m 2,https://propiedades.comhttps://propiedades.com/inmuebles/casa-en-venta-los-serbales-486-los-mangos-ii-sinaloa-30908520
Sinaloa,50,2026-04-06 03:16,"$4,700,000 MXN",", Col. Mediterráneo Club Residencial, Mazatlán, Sinaloa, México, C.P. 82113, ID: 27246058",3 Recámaras | 3 Baños | 150 m 2,https://propiedades.comhttps://propiedades.com/inmuebles/casa-en-venta-mediterraneo-club-residencial-sinaloa-27246058
Sinaloa,50,2026-04-06 03:16,"$2,555,000 MXN","Casa en venta, General Francisco Serrano #1312, Col. Centro, Mazatlán, Sinaloa, México, C.P. 82000, ID: 28864990",2 Recámaras | 2 Baños | 75 m 2,https://propiedades.comhttps://propiedades.com/inmuebles/casa-en-venta-general-francisco-serrano-1312-centro-sinaloa-28864990
Sinaloa,50,2026-04-06 03:16,"$5,990,000 MXN",", Col. Colinas de San Miguel, Culiacán, Sinaloa, México, C.P. 80228, ID: 30449930",3 Recámaras | 3 Baños | 226 m 2,https://propiedades.comhttps://propiedades.com/inmuebles/casa-en-venta-colinas-de-san-miguel-sinaloa-30449930
Sinaloa,50,2026-04-06 03:16,"$2,290,000 MXN","Casa en venta, , Col. Privada La Estancia V, Culiacán, Sinaloa, México, C.P. 80143, ID: 27889571",3 Recámaras | 1 Baño | 128 m 2,https://propiedades.comhttps://propiedades.com/inmuebles/casa-en-venta-privada-la-estancia-v-sinaloa-27889571
Sinaloa,50,2026-04-06 03:16,"$3,250,000 MXN","Venta de casa Peche rice #467, Col. Real del Valle, Mazatlán, Sinaloa, México, C.P. 82124, ID: 29123167",3 Recámaras | 3 Baños | 124 m 2,https://propiedades.comhttps://propiedades.com/inmuebles/casa-en-venta-peche-rice-467-real-del-valle-sinaloa-29123167
Sinaloa,50,2026-04-06 03:16,"$11,000,000 MXN","Venta casa en Monte Everest, Col. Montebello, Culiacán, Sinaloa, México, C.P. 80227, ID: 28542703",4 Recámaras | 4 Baños | 367 m 2,https://propiedades.comhttps://propiedades.com/inmuebles/casa-en-venta-monte-everest-montebello-sinaloa-28542703
Sinaloa,50,2026-04-06 03:16,"$5,900,000 MXN","Venta de casa Col. Marina Mazatlán, Mazatlán, Sinaloa, México, C.P. 82103, ID: 30733236",4 Recámaras | 3 Baños | 220 m 2,https://propiedades.comhttps://propiedades.com/inmuebles/casa-en-venta-marina-mazatlan-sinaloa-30733236
Sinaloa,50,2026-04-06 03:16,"$4,200,000 MXN","Venta de casa Av. Real del Valle 4123, Real del Valle, 82124 Mazatlán, Sin. #4123, Col. Real del Valle, Mazatlán, Sinaloa, México, C.P. 82124, ID: 30952165",3 Recámaras | 2 Baños | 235 m 2,https://propiedades.comhttps://propiedades.com/inmuebles/casa-en-venta-av-real-del-valle-4123-real-del-valle-82124-mazatlan-sin-4123-real-del-valle-sinaloa-30952165
Sinaloa,50,2026-04-06 03:16,"$1,450,000 MXN","Casa en venta, Leandro Vañle #1128, Col. Centro, Mazatlán, Sinaloa, México, C.P. 82000, ID: 30565424",2 Recámaras | 2 Baños | 70 m 2,https://propiedades.comhttps://propiedades.com/inmuebles/casa-en-venta-leandro-vanle-1128-centro-sinaloa-30565424
Sinaloa,50,2026-04-06 03:16,"$7,000,000 MXN","Se vende casa Tucuman, Col. Avellaneda, Culiacán, Sinaloa, México, C.P. 80050, ID: 26323946",3 Recámaras | 3 Baños | 332 m 2,https://propiedades.comhttps://propiedades.com/inmuebles/casa-en-venta-tucuman-avellaneda-sinaloa-26323946
Sinaloa,50,2026-04-06 03:16,"$9,500,000 MXN","Casa en venta, Blvd. Cerro de Montelargo #s/n, Col. Colinas de San Miguel, Culiacán, Sinaloa, México, C.P. 80228, ID: 26559781",6 Recámaras | 7 Baños | 510 m 2,https://propiedades.comhttps://propiedades.com/inmuebles/casa-en-venta-blvd-cerro-de-montelargo-sn-colinas-de-san-miguel-sinaloa-26559781
Sinaloa,50,2026-04-06 03:16,"$4,700,000 MXN",", Col. Marina Mazatlán, Mazatlán, Sinaloa, México, C.P. 82103, ID: 28651933",4 Recámaras | 3 Baños | 173 m 2,https://propiedades.comhttps://propiedades.com/inmuebles/casa-en-venta-marina-mazatlan-sinaloa-28651933
Sinaloa,50,2026-04-06 03:16,"$7,500,000 MXN","Venta de casa en LA TIZONA #H2, Col. Marina El Cid, Mazatlán, Sinaloa, México, C.P. 82102, ID: 16315704",2 Recámaras | 2 Baños | 144 m 2,https://propiedades.comhttps://propiedades.com/inmuebles/casa-en-venta-la-tizona-h2-marina-el-cid-sinaloa-16315704
Sinaloa,50,2026-04-06 03:16,"$7,490,000 MXN","Venta de casa en Alteza, Culiacán, Sinaloa, Col. Alteza, Culiacán, Sinaloa, México, C.P. 80177, ID: 27728861",3 Recámaras | 3 Baños,https://propiedades.comhttps://propiedades.com/inmuebles/casa-en-venta-alteza-culiacan-sinaloa-alteza-sinaloa-27728861
Sinaloa,50,2026-04-06 03:16,"$6,600,000 MXN","Venta casa en Montebello, Col. Colinas de San Miguel, Culiacán, Sinaloa, México, C.P. 80228, ID: 29002864",3 Recámaras | 3 Baños,https://propiedades.comhttps://propiedades.com/inmuebles/casa-en-venta-montebello-colinas-de-san-miguel-sinaloa-29002864
Sinaloa,50,2026-04-06 03:16,"$3,800,000 MXN","Casa en venta, RUBI #1006, Col. Guadalupe, Culiacán, Sinaloa, México, C.P. 80220, ID: 27791149",3 Recámaras | 3 Baños | 279 m 2,https://propiedades.comhttps://propiedades.com/inmuebles/casa-en-venta-rubi-1006-guadalupe-sinaloa-27791149
Sinaloa,50,2026-04-06 03:16,"$2,490,000 MXN","Francisco Villa, Mazatlán, Sin., Col. Francisco Villa, Mazatlán, Sinaloa, México, C.P. 82127, ID: 30887976",4 Recámaras | 2 Baños | 160 m 2,https://propiedades.comhttps://propiedades.com/inmuebles/casa-en-venta-francisco-villa-mazatlan-sin-francisco-villa-sinaloa-30887976
Sinaloa,50,2026-04-06 03:16,"$20,500,000 MXN","Casa disponible en venta en JUAN DE DIOS BATIZ #543, Col. Lomas de Guadalupe, Culiacán, Sinaloa, México, C.P. 80250, ID: 26569945",4 Recámaras | 5 Baños | 741 m 2,https://propiedades.comhttps://propiedades.com/inmuebles/casa-en-venta-juan-de-dios-batiz-543-lomas-de-guadalupe-sinaloa-26569945
Sinaloa,50,2026-04-06 03:16,"$7,100,000 MXN","Casa en venta disponible en La gran Plaza, Col. Alameda, Mazatlán, Sinaloa, México, C.P. 82123, ID: 29548847",4 Recámaras | 1 Baño | 194 m 2,https://propiedades.comhttps://propiedades.com/inmuebles/casa-en-venta-la-gran-plaza-alameda-sinaloa-29548847
Sinaloa,50,2026-04-06 03:16,"$4,800,000 MXN","Casa disponible en venta en , Col. Sábalo Country Club, Mazatlán, Sinaloa, México, C.P. 82100, ID: 29251509",4 Recámaras | 4 Baños | 162 m 2,https://propiedades.comhttps://propiedades.com/inmuebles/casa-en-venta-sabalo-country-club-sinaloa-29251509
Sinaloa,50,2026-04-06 03:16,"$2,850,000 MXN","Casa en venta, , Col. Real del Valle, Mazatlán, Sinaloa, México, C.P. 82124, ID: 29061772",3 Recámaras | 3 Baños | 219 m 2,https://propiedades.comhttps://propiedades.com/inmuebles/casa-en-venta-real-del-valle-sinaloa-29061772
Sinaloa,50,2026-04-06 03:16,"$2,250,000 MXN","Venta casa en Villa Union #3676Int. 24, Col. Paseos del Rey, Culiacán, Sinaloa, México, C.P. 80180, ID: 28944335",3 Recámaras | 2 Baños | 170 m 2,https://propiedades.comhttps://propiedades.com/inmuebles/casa-en-venta--villa-union-3676-paseos-del-rey-sinaloa-28944335
Sinaloa,50,2026-04-06 03:16,"$6,250,000 MXN","Se vende casa , Col. Real del Valle, Mazatlán, Sinaloa, México, C.P. 82124, ID: 27837185",3 Recámaras | 3 Baños | 220 m 2,https://propiedades.comhttps://propiedades.com/inmuebles/casa-en-venta-real-del-valle-sinaloa-27837185
Sinaloa,50,2026-04-06 03:16,"$4,200,000 MXN","Venta de casa en JUAN PABLO III #3, Col. Altata, Navolato, Sinaloa, México, C.P. 80363, ID: 26806445",1 Recámara | 2 Baños | 178 m 2,https://propiedades.comhttps://propiedades.com/inmuebles/casa-en-venta-juan-pablo-iii-3-altata-sinaloa-26806445
Sinaloa,50,2026-04-06 03:16,"$10,990,000 MXN","Venta de casa , Col. Cerritos Resort, Mazatlán, Sinaloa, México, C.P. 82112, ID: 29413556",5 Recámaras | 4 Baños | 570 m 2,https://propiedades.comhttps://propiedades.com/inmuebles/casa-en-venta-cerritos-resort-sinaloa-29413556
Sinaloa,50,2026-04-06 03:16,"$3,200,000 MXN",", Col. Marina Mazatlán, Mazatlán, Sinaloa, México, C.P. 82103, ID: 29498406",3 Recámaras | 2 Baños | 95 m 2,https://propiedades.comhttps://propiedades.com/inmuebles/casa-en-venta-marina-mazatlan-sinaloa-29498406
Sinaloa,50,2026-04-06 03:16,"$4,440,000 MXN","Venta de casa Río Pánuco #662, Col. Lomas de Guadalupe, Culiacán, Sinaloa, México, C.P. 80250, ID: 28565572",4 Recámaras | 3 Baños | 280 m 2,https://propiedades.comhttps://propiedades.com/inmuebles/casa-en-venta-rio-panuco-662-lomas-de-guadalupe-sinaloa-28565572
Sinaloa,50,2026-04-06 03:16,"$8,000,000 MXN",", Col. Marina Mazatlán, Mazatlán, Sinaloa, México, C.P. 82103, ID: 29059057",4 Recámaras | 4 Baños | 322 m 2,https://propiedades.comhttps://propiedades.com/inmuebles/casa-en-venta-marina-mazatlan-sinaloa-29059057
Sinaloa,50,2026-04-06 03:16,"$1,030,000 MXN","Venta casa en UNIVERSO, Col. Universo, Mazatlán, Sinaloa, México, C.P. 82195, ID: 29500767",2 Recámaras | 1 Baño | 55 m 2,https://propiedades.comhttps://propiedades.com/inmuebles/casa-en-venta-universo-universo-sinaloa-29500767
Sinaloa,50,2026-04-06 03:16,"$1,699,995 MXN","Se vende casa en san fernando #2691Int. ., Col. Country del Río I, Culiacán, Sinaloa, México, C.P. 80050, ID: 29139638",4 Recámaras | 2 Baños | 128 m 2,https://propiedades.comhttps://propiedades.com/inmuebles/casa-en-venta-san-fernando-2691-country-del-rio-i-sinaloa-29139638
Sinaloa,50,2026-04-06 03:16,"$8,950,000 MXN","Se vende casa en , Col. Marina Mazatlán, Mazatlán, Sinaloa, México, C.P. 82103, ID: 29059055",3 Recámaras | 3 Baños | 298 m 2,https://propiedades.comhttps://propiedades.com/inmuebles/casa-en-venta-marina-mazatlan-sinaloa-29059055
Sinaloa,51,2026-04-06 03:16,"$3,800,000 MXN","Casa en venta disponible en Los Santos, Col. Villa Marina, Mazatlán, Sinaloa, México, C.P. 82112, ID: 30052347",3 Recámaras | 150 m 2,https://propiedades.comhttps://propiedades.com/inmuebles/casa-en-venta-los-santos-villa-marina-sinaloa-30052347
Sinaloa,51,2026-04-06 03:16,"$49,000,000 MXN","Sin nombre de calle, Col. Real del Valle, Mazatlán, Sinaloa, México, C.P. 82124, ID: 29150660",3 Recámaras | 3 Baños | 200 m 2,https://propiedades.comhttps://propiedades.com/inmuebles/casa-en-venta-sin-nombre-de-calle-real-del-valle-sinaloa-29150660
Sinaloa,51,2026-04-06 03:16,"$650,000 MXN","BAJA CALIFORNIA SUR #0, Col. San Francisco, Ahome, Sinaloa, México, C.P. 81235, ID: 30568077",3 Recámaras | 2 Baños | 230 m 2,https://propiedades.comhttps://propiedades.com/inmuebles/casa-en-venta-baja-california-sur-san-francisco-sinaloa-30568077
Sinaloa,51,2026-04-06 03:16,"$1,155,000 MXN","Se vende casa , Col. Los Mezcales, Culiacán, Sinaloa, México, C.P. 80019, ID: 27206223",2 Recámaras | 1 Baño | 54 m 2,https://propiedades.comhttps://propiedades.com/inmuebles/casa-en-venta-los-mezcales-sinaloa-27206223
Sinaloa,51,2026-04-06 03:16,"$899,900 MXN",", Col. Los Angeles, Culiacán, Sinaloa, México, C.P. 80014, ID: 29114868",2 Recámaras | 1 Baño | 41 m 2,https://propiedades.comhttps://propiedades.com/inmuebles/casa-en-venta-los-angeles-sinaloa-29114868
Sinaloa,51,2026-04-06 03:16,"$5,336,705 MXN","Casa en venta disponible en Blvd. Manuel A. Flores, Col. La Conquista, Culiacán, Sinaloa, México, C.P. 80058, ID: 28210997",3 Recámaras | 3 Baños | 226 m 2,https://propiedades.comhttps://propiedades.com/inmuebles/casa-en-venta-blvd-manuel-a-flores-la-conquista-sinaloa-28210997
Sinaloa,51,2026-04-06 03:16,"$3,800,000 MXN","Sin nombre de calle, Col. Azul Marino, Mazatlán, Sinaloa, México, C.P. 82112, ID: 29203828",4 Recámaras | 4 Baños | 118 m 2,https://propiedades.comhttps://propiedades.com/inmuebles/casa-en-venta-sin-nombre-de-calle-azul-marino-sinaloa-29203828
Sinaloa,51,2026-04-06 03:16,"$8,200,000 MXN","Venta de casa San Miguel 24, Col. La Primavera, Culiacán, Sinaloa, México, C.P. 80199, ID: 30787065",3 Recámaras | 2 Baños | 240 m 2,https://propiedades.comhttps://propiedades.com/inmuebles/casa-en-venta-san-miguel-24-la-primavera-sinaloa-30787065
Sinaloa,51,2026-04-06 03:16,"$3,300,000 MXN","Venta de casa en , Col. Villa del Cedro, Culiacán, Sinaloa, México, C.P. 80058, ID: 30092148",3 Recámaras | 2 Baños,https://propiedades.comhttps://propiedades.com/inmuebles/casa-en-venta-villa-del-cedro-sinaloa-30092148
Sinaloa,51,2026-04-06 03:16,"$5,267,000 MXN","Calzada de las Torres, Col. Renato Vega Alvarado, Culiacán, Sinaloa, México, C.P. 80199, ID: 28653363",3 Recámaras | 3 Baños | 210 m 2,https://propiedades.comhttps://propiedades.com/inmuebles/casa-en-venta-calzada-de-las-torres-renato-vega-alvarado-sinaloa-28653363
Sinaloa,51,2026-04-06 03:16,"$6,200,000 MXN",", Col. Altabrisa Residencial, Mazatlán, Sinaloa, México, C.P. 82112, ID: 30622141",3 Recámaras | 2 Baños | 204 m 2,https://propiedades.comhttps://propiedades.com/inmuebles/casa-en-venta-altabrisa-residencial-sinaloa-30622141
Sinaloa,51,2026-04-06 03:16,"$8,500,000 MXN","Se vende casa Ciudad de Puebla, Col. Las Quintas, Culiacán, Sinaloa, México, C.P. 80060, ID: 29130932",4 Recámaras | 3 Baños | 376 m 2,https://propiedades.comhttps://propiedades.com/inmuebles/casa-en-venta-ciudad-de-puebla-las-quintas-sinaloa-29130932
Sinaloa,51,2026-04-06 03:16,"$1,716,444 MXN",", Col. Los Mochis (Los Mochis), Ahome, Sinaloa, México, C.P. 81369, ID: 30247284",2 Recámaras | 1 Baño | 65 m 2,https://propiedades.comhttps://propiedades.com/inmuebles/casa-en-venta-los-mochis-los-mochis-sinaloa-30247284
Sinaloa,51,2026-04-06 03:16,"$2,350,000 MXN","Casa en venta disponible en ISLA CORTÉS, Col. Altata, Navolato, Sinaloa, México, C.P. 80363, ID: 24835598",3 Recámaras | 2 Baños | 168 m 2,https://propiedades.comhttps://propiedades.com/inmuebles/casa-en-venta-isla-cortes-altata-sinaloa-24835598
Sinaloa,51,2026-04-06 03:16,"$2,044,500 MXN","Venta de casa , Col. Altata, Navolato, Sinaloa, México, C.P. 80363, ID: 30961877",2 Recámaras | 1 Baño | 71 m 2,https://propiedades.comhttps://propiedades.com/inmuebles/casa-en-venta-altata-sinaloa-30961877
Sinaloa,51,2026-04-06 03:16,"$1,135,800 MXN","Casa en venta disponible en Vicente Guerrero #177Int. 0, Col. Vicente Guerrero, Guasave, Sinaloa, México, C.P. 81189, ID: 28323163",4 Recámaras | 2 Baños | 390 m 2,https://propiedades.comhttps://propiedades.com/inmuebles/casa-en-venta-vicente-guerrero-177-vicente-guerrero-sinaloa-28323163
Sinaloa,51,2026-04-06 03:16,"$9,500,000 MXN","Venta de casa Dr. Baltazar Izaguirre Rojo #223, Col. Chapultepec, Culiacán, Sinaloa, México, C.P. 80040, ID: 28219567",3 Recámaras | 3 Baños | 222 m 2,https://propiedades.comhttps://propiedades.com/inmuebles/casa-en-venta-dr-baltazar-izaguirre-rojo-223-chapultepec-sinaloa-28219567
Sinaloa,51,2026-04-06 03:16,"$4,350,000 MXN","Venta de casa Residencial Almar #2002, Col. Almar, Mazatlán, Sinaloa, México, C.P. 82112, ID: 27988488",3 Recámaras | 4 Baños | 163 m 2,https://propiedades.comhttps://propiedades.com/inmuebles/casa-en-venta-residencial-almar-2002-almar-sinaloa-27988488
Sinaloa,51,2026-04-06 03:16,"$2,979,000 MXN","Venta de casa LA RIOJA, MOD. LUNA, Col. Badiraguato, Badiraguato, Sinaloa, México, C.P. 80500, ID: 28865027",3 Recámaras | 2 Baños | 136 m 2,https://propiedades.comhttps://propiedades.com/inmuebles/casa-en-venta-la-rioja-mod-luna-badiraguato-sinaloa-28865027
Sinaloa,51,2026-04-06 03:16,"$4,400,000 MXN","Venta de casa , Col. Chapultepec, Culiacán, Sinaloa, México, C.P. 80040, ID: 30073518",4 Recámaras | 4 Baños | 273 m 2,https://propiedades.comhttps://propiedades.com/inmuebles/casa-en-venta-chapultepec-sinaloa-30073518
Sinaloa,51,2026-04-06 03:16,"$7,000,000 MXN","Se vende casa en Ciudad Guadalajara #1122, Col. Las Quintas, Culiacán, Sinaloa, México, C.P. 80060, ID: 28443112",4 Recámaras | 3 Baños | 432 m 2,https://propiedades.comhttps://propiedades.com/inmuebles/casa-en-venta-ciudad-guadalajara-1122-las-quintas-sinaloa-28443112
Sinaloa,51,2026-04-06 03:16,"$5,700,000 MXN","Casa en venta, Blvd Rio fuerte, Col. Las Villas Residencial, Ahome, Sinaloa, México, C.P. 81271, ID: 30527663",3 Recámaras | 230 m 2,https://propiedades.comhttps://propiedades.com/inmuebles/casa-en-venta-blvd-rio-fuerte-las-villas-residencial-sinaloa-30527663
Sinaloa,51,2026-04-06 03:16,"$10,500,000 MXN","Casa en venta disponible en , Col. Club Real, Mazatlán, Sinaloa, México, C.P. 82113, ID: 27106281",3 Recámaras | 5 Baños | 389 m 2,https://propiedades.comhttps://propiedades.com/inmuebles/casa-en-venta-club-real-sinaloa-27106281
Sinaloa,51,2026-04-06 03:16,"$3,760,000 MXN","Venta de casa BENEVENTO, Col. Benevento Residencial, Culiacán, Sinaloa, México, C.P. 80014, ID: 29292858",3 Recámaras | 3 Baños | 157 m 2,https://propiedades.comhttps://propiedades.com/inmuebles/casa-en-venta-benevento-benevento-residencial-sinaloa-29292858
Sinaloa,51,2026-04-06 03:16,"$21,000,000 MXN","Venta casa en , Col. Marina Mazatlán, Mazatlán, Sinaloa, México, C.P. 82103, ID: 28956542",4 Recámaras | 3 Baños | 500 m 2,https://propiedades.comhttps://propiedades.com/inmuebles/casa-en-venta-marina-mazatlan-sinaloa-28956542
Sinaloa,51,2026-04-06 03:16,"$5,126,000 MXN","Principal #100Int. 0, Col. Sonterra Residencial II, Mazatlán, Sinaloa, México, C.P. 82124, ID: 29150656",3 Recámaras | 2 Baños | 210 m 2,https://propiedades.comhttps://propiedades.com/inmuebles/casa-en-venta-principal-100-sonterra-residencial-ii-sinaloa-29150656
Sinaloa,51,2026-04-06 03:16,"$6,390,000 MXN","Venta de casa Privada Número Dos #5, Col. Chapultepec, Culiacán, Sinaloa, México, C.P. 80040, ID: 28128187",4 Recámaras | 4 Baños | 250 m 2,https://propiedades.comhttps://propiedades.com/inmuebles/casa-en-venta-privada-numero-dos-5-chapultepec-sinaloa-28128187
Sinaloa,51,2026-04-06 03:16,"$17,000,000 MXN","Venta casa en , Col. Marina El Cid, Mazatlán, Sinaloa, México, C.P. 82102, ID: 27266107",2 Recámaras | 3 Baños | 450 m 2,https://propiedades.comhttps://propiedades.com/inmuebles/casa-en-venta-marina-el-cid-sinaloa-27266107
Sinaloa,51,2026-04-06 03:16,"$4,750,000 MXN","Venta de casa en Avenida Central #4307, Col. Coto Platino, Mazatlán, Sinaloa, México, C.P. 82124, ID: 27971817",3 Recámaras | 3 Baños | 225 m 2,https://propiedades.comhttps://propiedades.com/inmuebles/casa-en-venta-avenida-central-4307-coto-platino-sinaloa-27971817
Sinaloa,51,2026-04-06 03:16,"$2,200,000 MXN",", Col. Montuosa, Mazatlán, Sinaloa, México, C.P. 82030, ID: 27207067",2 Recámaras | 2 Baños | 120 m 2,https://propiedades.comhttps://propiedades.com/inmuebles/casa-en-venta-montuosa-sinaloa-27207067
Sinaloa,51,2026-04-06 03:16,"$6,950,000 MXN","Alejandro Quijano #211, Col. Centro, Mazatlán, Sinaloa, México, C.P. 82000, ID: 30879105",2 Recámaras | 2 Baños | 274 m 2,https://propiedades.comhttps://propiedades.com/inmuebles/casa-en-venta-alejandro-quijano-211-centro-sinaloa-30879105
Sinaloa,51,2026-04-06 03:16,"$1,570,000 MXN","Se vende casa en s/n, Col. Flores Magón, Mazatlán, Sinaloa, México, C.P. 82190, ID: 30040818",3 Recámaras | 2 Baños | 75 m 2,https://propiedades.comhttps://propiedades.com/inmuebles/casa-en-venta-sn-flores-magon-sinaloa-30040818
Sinaloa,51,2026-04-06 03:16,"$5,500,000 MXN","Palmilla Grand Residencial, Col. Cerritos Resort, Mazatlán, Sinaloa, México, C.P. 82112, ID: 30582663",4 Recámaras | 4 Baños | 164 m 2,https://propiedades.comhttps://propiedades.com/inmuebles/casa-en-venta-palmilla-grand-residencial-cerritos-resort-sinaloa-30582663
Sinaloa,51,2026-04-06 03:16,"$23,500,000 MXN","Casa disponible en venta en DEL FLAMENCO, Col. Marina Mazatlán, Mazatlán, Sinaloa, México, C.P. 82103, ID: 30618615",4 Recámaras | 710 m 2,https://propiedades.comhttps://propiedades.com/inmuebles/casa-en-venta-del-flamenco-marina-mazatlan-sinaloa-30618615
Sinaloa,51,2026-04-06 03:16,"$2,000,000 MXN","Casa en venta, ejido, Col. Valle Del Ejido, Mazatlán, Sinaloa, México, C.P. 82134, ID: 29078909",3 Recámaras | 2 Baños | 105 m 2,https://propiedades.comhttps://propiedades.com/inmuebles/casa-en-venta-ejido-valle-del-ejido-sinaloa-29078909
Sinaloa,51,2026-04-06 03:16,"$5,300,000 MXN","Se vende casa Sin nombre de calle, Col. Real del Valle, Mazatlán, Sinaloa, México, C.P. 82124, ID: 27601987",3 Recámaras | 4 Baños | 206 m 2,https://propiedades.comhttps://propiedades.com/inmuebles/casa-en-venta-sin-nombre-de-calle-real-del-valle-sinaloa-27601987
Sinaloa,51,2026-04-06 03:16,"$6,690,000 MXN","Casa disponible en venta en , Col. Marina Mazatlán, Mazatlán, Sinaloa, México, C.P. 82103, ID: 28851399",4 Recámaras | 4 Baños | 240 m 2,https://propiedades.comhttps://propiedades.com/inmuebles/casa-en-venta-marina-mazatlan-sinaloa-28851399
Sinaloa,51,2026-04-06 03:16,"$1,000,000 MXN","Se vende casa en Enczino #0, Col. Loma Bonita, Mazatlán, Sinaloa, México, C.P. 82198, ID: 28935515",2 Recámaras | 1 Baño | 67 m 2,https://propiedades.comhttps://propiedades.com/inmuebles/casa-en-venta-enczino-loma-bonita-sinaloa-28935515
Sinaloa,51,2026-04-06 03:16,"$2,500,000 MXN","Se vende casa en , Col. Misiones 2000, Mazatlán, Sinaloa, México, C.P. 82133, ID: 28681485",3 Recámaras | 1 Baño | 122 m 2,https://propiedades.comhttps://propiedades.com/inmuebles/casa-en-venta-misiones-2000-sinaloa-28681485
Sinaloa,51,2026-04-06 03:16,"$4,193,900 MXN","Privada de la Estrella, Col. Constitución, Mazatlán, Sinaloa, México, C.P. 82170, ID: 30513350",7 Recámaras | 7 Baños | 326 m 2,https://propiedades.comhttps://propiedades.com/inmuebles/casa-en-venta-privada-de-la-estrella-constitucion-sinaloa-30513350
Sinaloa,51,2026-04-06 03:16,"$4,500,000 MXN",", Col. Real del Valle, Mazatlán, Sinaloa, México, C.P. 82124, ID: 29413554",3 Recámaras | 2 Baños | 192 m 2,https://propiedades.comhttps://propiedades.com/inmuebles/casa-en-venta-real-del-valle-sinaloa-29413554
Sinaloa,51,2026-04-06 03:16,"$4,045,000 MXN","Casa en venta, avenida pacifico #4026, Col. Real del Valle, Mazatlán, Sinaloa, México, C.P. 82124, ID: 27097400",3 Recámaras | 3 Baños | 140 m 2,https://propiedades.comhttps://propiedades.com/inmuebles/casa-en-venta-avenida-pacifico-4026-real-del-valle-sinaloa-27097400
Sinaloa,51,2026-04-06 03:16,"$6,150,000 MXN",", Col. Altabrisa Residencial, Mazatlán, Sinaloa, México, C.P. 82112, ID: 28902835",4 Recámaras | 4 Baños | 228 m 2,https://propiedades.comhttps://propiedades.com/inmuebles/casa-en-venta-altabrisa-residencial-sinaloa-28902835
Sinaloa,51,2026-04-06 03:16,"$2,050,000 MXN","Casa en venta, Río Sonora #840, Col. Industrial Bravo, Culiacán, Sinaloa, México, C.P. 80120, ID: 28970747",3 Recámaras | 2 Baños | 198 m 2,https://propiedades.comhttps://propiedades.com/inmuebles/casa-en-venta-rio-sonora-840-industrial-bravo-sinaloa-28970747
Sinaloa,51,2026-04-06 03:16,"$2,700,000 MXN","Venta de casa en , Col. Lomas del Mar, Mazatlán, Sinaloa, México, C.P. 82010, ID: 27260968",4 Recámaras | 2 Baños | 324 m 2,https://propiedades.comhttps://propiedades.com/inmuebles/casa-en-venta-lomas-del-mar-sinaloa-27260968
Sinaloa,51,2026-04-06 03:16,"$8,000,000 MXN","Venta de casa , Col. Palos Prietos, Mazatlán, Sinaloa, México, C.P. 82010, ID: 28336734",4 Recámaras | 3 Baños | 472 m 2,https://propiedades.comhttps://propiedades.com/inmuebles/casa-en-venta-palos-prietos-sinaloa-28336734
Sinaloa,51,2026-04-06 03:16,"$8,000,000 MXN","Río Sinaloa #308, Col. Guadalupe, Culiacán, Sinaloa, México, C.P. 80220, ID: 26026383",4 Recámaras | 3 Baños | 818 m 2,https://propiedades.comhttps://propiedades.com/inmuebles/casa-en-venta-rio-sinaloa-308-guadalupe-sinaloa-26026383
Sinaloa,52,2026-04-06 03:16,"$6,170,000 MXN","Venta de casa en , Col. Marina Mazatlán, Mazatlán, Sinaloa, México, C.P. 82103, ID: 28931249",3 Recámaras | 3 Baños | 220 m 2,https://propiedades.comhttps://propiedades.com/inmuebles/casa-en-venta-marina-mazatlan-sinaloa-28931249
Sinaloa,52,2026-04-06 03:16,"$12,100,000 MXN","FRIDA KHALO #2Int. 2, Col. Culiacán Tres Ríos, Culiacán, Sinaloa, México, C.P. 80050, ID: 30987408",4 Recámaras | 5 Baños | 380 m 2,https://propiedades.comhttps://propiedades.com/inmuebles/casa-en-venta-frida-khalo-2-culiacan-tres-rios-sinaloa-30987408
Sinaloa,52,2026-04-06 03:16,"$3,923,000 MXN","Casa disponible en venta en , Col. Hacienda del Seminario, Mazatlán, Sinaloa, México, C.P. 82129, ID: 30961879",3 Recámaras | 2 Baños | 167 m 2,https://propiedades.comhttps://propiedades.com/inmuebles/casa-en-venta-hacienda-del-seminario-sinaloa-30961879
Sinaloa,52,2026-04-06 03:16,"$7,995,000 MXN","Venta casa en , Col. Marina Mazatlán, Mazatlán, Sinaloa, México, C.P. 82103, ID: 30594045",3 Recámaras | 2 Baños | 240 m 2,https://propiedades.comhttps://propiedades.com/inmuebles/casa-en-venta-marina-mazatlan-sinaloa-30594045
Sinaloa,52,2026-04-06 03:16,"$4,295,000 MXN","Venta casa en colonia sonterra 2 Residencial Mazatlán, Col. Bluu Habitat Lagoons, Mazatlán, Sinaloa, México, C.P. 82124, ID: 27793154",3 Recámaras | 3 Baños | 165 m 2,https://propiedades.comhttps://propiedades.com/inmuebles/casa-en-venta-colonia-sonterra-2-residencial-mazatlan-bluu-habitat-lagoons-sinaloa-27793154
Sinaloa,52,2026-04-06 03:16,"$5,900,000 MXN","Casa en venta, RANCHO EL RECODO, Col. El Recodo, Mazatlán, Sinaloa, México, C.P. 82233, ID: 24791384",2 Recámaras | 2 Baños | 1 m 2,https://propiedades.comhttps://propiedades.com/inmuebles/casa-en-venta-rancho-el-recodo-el-recodo-sinaloa-24791384
Sinaloa,52,2026-04-06 03:16,"$4,845,000 MXN","Venta casa en , Col. Hacienda Las Cruces, Mazatlán, Sinaloa, México, C.P. 82126, ID: 29940824",3 Recámaras | 3 Baños | 258 m 2,https://propiedades.comhttps://propiedades.com/inmuebles/casa-en-venta-hacienda-las-cruces-sinaloa-29940824
Sinaloa,52,2026-04-06 03:16,"$4,500,000 MXN","Casa en venta, , Col. Chulavista, Mazatlán, Sinaloa, México, C.P. 82124, ID: 25963858",3 Recámaras | 4 Baños | 203 m 2,https://propiedades.comhttps://propiedades.com/inmuebles/casa-en-venta-chulavista-sinaloa-25963858
Sinaloa,52,2026-04-06 03:16,"$5,366,000 MXN","Se vende casa en Principal #100Int. 120, Col. Sonterra Residencial II, Mazatlán, Sinaloa, México, C.P. 82124, ID: 29150657",4 Recámaras | 3 Baños | 220 m 2,https://propiedades.comhttps://propiedades.com/inmuebles/casa-en-venta-principal-100-sonterra-residencial-ii-sinaloa-29150657
Sinaloa,52,2026-04-06 03:16,"$5,350,000 MXN","Casa en venta, Sardinas, Col. Sábalo Country Club, Mazatlán, Sinaloa, México, C.P. 82100, ID: 30646803",3 Recámaras | 3 Baños | 195 m 2,https://propiedades.comhttps://propiedades.com/inmuebles/casa-en-venta-sardinas-sabalo-country-club-sinaloa-30646803
Sinaloa,52,2026-04-06 03:16,"$3,200,000 MXN","Venta casa en , Col. Altata, Navolato, Sinaloa, México, C.P. 80363, ID: 26292382",3 Recámaras | 2 Baños | 154 m 2,https://propiedades.comhttps://propiedades.com/inmuebles/casa-en-venta-altata-sinaloa-26292382
Sinaloa,52,2026-04-06 03:16,"$1,300,000 MXN","Casa en venta, Principal #100Int. 0, Col. Las Mañanitas, Mazatlán, Sinaloa, México, C.P. 82139, ID: 29150659",2 Recámaras | 1 Baño | 75 m 2,https://propiedades.comhttps://propiedades.com/inmuebles/casa-en-venta-principal-100-las-mananitas-sinaloa-29150659
Sinaloa,52,2026-04-06 03:16,"$12,500,000 MXN",", Col. Chapultepec, Culiacán, Sinaloa, México, C.P. 80040, ID: 30070067",5 Recámaras | 5 Baños,https://propiedades.comhttps://propiedades.com/inmuebles/casa-en-venta-chapultepec-sinaloa-30070067
Sinaloa,52,2026-04-06 03:16,"$3,700,000 MXN","Casa disponible en venta en Sin nombre de calle, Col. Real del Valle, Mazatlán, Sinaloa, México, C.P. 82124, ID: 29166585",3 Recámaras | 3 Baños | 172 m 2,https://propiedades.comhttps://propiedades.com/inmuebles/casa-en-venta-sin-nombre-de-calle-real-del-valle-sinaloa-29166585
Sinaloa,52,2026-04-06 03:16,"$3,450,000 MXN","AV REFORMA, Col. Flamingos, Mazatlán, Sinaloa, México, C.P. 82149, ID: 30793136",3 Recámaras | 2 Baños,https://propiedades.comhttps://propiedades.com/inmuebles/casa-en-venta-av-reforma-flamingos-sinaloa-30793136
Sinaloa,52,2026-04-06 03:16,"$2,500,000 MXN","Sin nombre de calle, Col. Hacienda del Seminario, Mazatlán, Sinaloa, México, C.P. 82129, ID: 27580572",3 Recámaras | 2 Baños | 102 m 2,https://propiedades.comhttps://propiedades.com/inmuebles/casa-en-venta-sin-nombre-de-calle-hacienda-del-seminario-sinaloa-27580572
Sinaloa,52,2026-04-06 03:16,"$1,900,000 MXN","Casa en venta, , Col. Pradera Dorada II, Mazatlán, Sinaloa, México, C.P. 82139, ID: 30024403",2 Recámaras | 2 Baños | 81 m 2,https://propiedades.comhttps://propiedades.com/inmuebles/casa-en-venta-pradera-dorada-ii-sinaloa-30024403
Sinaloa,52,2026-04-06 03:16,"$11,400,000 MXN","Se vende casa Benevento #36, Col. Benevento Residencial, Culiacán, Sinaloa, México, C.P. 80014, ID: 28381100",3 Recámaras | 3 Baños | 356 m 2,https://propiedades.comhttps://propiedades.com/inmuebles/casa-en-venta-benevento-36-benevento-residencial-sinaloa-28381100
Sinaloa,52,2026-04-06 03:16,"$6,500,000 MXN","Libramiento culiacan-mazatlan, Col. Miguel de La Madrid, Culiacán, Sinaloa, México, C.P. 80295, ID: 28744565",1 m 2,https://propiedades.comhttps://propiedades.com/inmuebles/casa-en-venta-libramiento-culiacanmazatlan-miguel-de-la-madrid-sinaloa-28744565
Sinaloa,52,2026-04-06 03:16,"$3,700,000 MXN","Antonio #7654, Col. Real del Valle, Mazatlán, Sinaloa, México, C.P. 82124, ID: 29143245",3 Recámaras | 3 Baños | 172 m 2,https://propiedades.comhttps://propiedades.com/inmuebles/casa-en-venta-antonio-7654-real-del-valle-sinaloa-29143245
Sinaloa,52,2026-04-06 03:16,"$2,320,000 MXN","Casa disponible en venta en Boulevard Paseo del Roble, Col. Barcelona Sección Villa Barcelona, Culiacán, Sinaloa, México, C.P. 80059, ID: 29224024",3 Recámaras | 3 Baños | 114 m 2,https://propiedades.comhttps://propiedades.com/inmuebles/casa-en-venta-boulevard-paseo-del-roble-barcelona-seccion-villa-barcelona-sinaloa-29224024
Sinaloa,52,2026-04-06 03:16,"$2,270,000 MXN","valle del ejido, Col. Ampliación Valle del Ejido, Mazatlán, Sinaloa, México, C.P. 82134, ID: 28476994",3 Recámaras | 2 Baños | 135 m 2,https://propiedades.comhttps://propiedades.com/inmuebles/casa-en-venta-valle-del-ejido-ampliacion-valle-del-ejido-sinaloa-28476994
Sinaloa,52,2026-04-06 03:16,"$8,150,000 MXN","Casa disponible en venta en , Col. Las Villas Residencial, Ahome, Sinaloa, México, C.P. 81271, ID: 27041775",4 Recámaras | 4 Baños | 330 m 2,https://propiedades.comhttps://propiedades.com/inmuebles/casa-en-venta-las-villas-residencial-sinaloa-27041775
Sinaloa,52,2026-04-06 03:16,"$2,790,000 MXN","Venta de casa en Circuito Valle del Caspio 2613 #2613, Col. Valle Alto, Culiacán, Sinaloa, México, C.P. 80050, ID: 29502691",3 Recámaras | 2 Baños | 145 m 2,https://propiedades.comhttps://propiedades.com/inmuebles/casa-en-venta-circuito-valle-del-caspio-2613-2613-valle-alto-sinaloa-29502691
Sinaloa,52,2026-04-06 03:16,"$3,589,000 MXN","Se vende casa en Residencial Amapas, Col. Amapas, Culiacán, Sinaloa, México, C.P. 80063, ID: 29736163",3 Recámaras | 3 Baños | 1 m 2,https://propiedades.comhttps://propiedades.com/inmuebles/casa-en-venta-residencial-amapas-amapas-sinaloa-29736163
Sinaloa,52,2026-04-06 03:16,"$1,300,000 MXN","Sin nombre de calle, Col. Las Mañanitas, Mazatlán, Sinaloa, México, C.P. 82139, ID: 29166582",2 Recámaras | 1 Baño | 75 m 2,https://propiedades.comhttps://propiedades.com/inmuebles/casa-en-venta-sin-nombre-de-calle-las-mananitas-sinaloa-29166582
Sinaloa,52,2026-04-06 03:16,"$1,720,000 MXN","Venta de casa en Sin nombre de calle, Col. Puerta del Sol, Mazatlán, Sinaloa, México, C.P. 82134, ID: 27797275",2 Recámaras | 2 Baños | 90 m 2,https://propiedades.comhttps://propiedades.com/inmuebles/casa-en-venta-sin-nombre-de-calle-puerta-del-sol-sinaloa-27797275
Sinaloa,52,2026-04-06 03:16,"$5,200,000 MXN","Venta de casa Palmas del Sol, Mazatlán, Sin., Col. Sábalo Country Club, Mazatlán, Sinaloa, México, C.P. 82100, ID: 30581738",3 Recámaras | 2 Baños,https://propiedades.comhttps://propiedades.com/inmuebles/casa-en-venta-palmas-del-sol-mazatlan-sin-sabalo-country-club-sinaloa-30581738
Sinaloa,52,2026-04-06 03:16,"$4,580,000 MXN","Casa en venta, Turin #2324, Col. Real del Valle, Mazatlán, Sinaloa, México, C.P. 82124, ID: 30753655",4 Recámaras | 3 Baños | 197 m 2,https://propiedades.comhttps://propiedades.com/inmuebles/casa-en-venta-turin-2324-real-del-valle-sinaloa-30753655
Sinaloa,52,2026-04-06 03:16,"$4,350,000 MXN","Venta de casa en , Col. Real del Valle, Mazatlán, Sinaloa, México, C.P. 82124, ID: 27209515",3 Recámaras | 2 Baños | 195 m 2,https://propiedades.comhttps://propiedades.com/inmuebles/casa-en-venta-real-del-valle-sinaloa-27209515
Sinaloa,52,2026-04-06 03:16,"$2,918,000 MXN","Se vende casa en Calzada de las Torres, Col. Prados Del Sol, Culiacán, Sinaloa, México, C.P. 80197, ID: 28246832",3 Recámaras | 2 Baños | 97 m 2,https://propiedades.comhttps://propiedades.com/inmuebles/casa-en-venta-calzada-de-las-torres-prados-del-sol-sinaloa-28246832
Sinaloa,52,2026-04-06 03:16,"$4,950,000 MXN","Venta de casa en Col. Los Mochis (Los Mochis), Ahome, Sinaloa, México, C.P. 81369, ID: 30428934",3 Recámaras | 2 Baños | 155 m 2,https://propiedades.comhttps://propiedades.com/inmuebles/casa-en-venta-los-mochis-los-mochis-sinaloa-30428934
Sinaloa,52,2026-04-06 03:16,"$12,000,000 MXN","Se vende casa en Boulevard Alfonso Zaragoza Maytorena, Col. Humaya, Culiacán, Sinaloa, México, C.P. 80020, ID: 28704427",4 Recámaras | 4 Baños | 432 m 2,https://propiedades.comhttps://propiedades.com/inmuebles/casa-en-venta-boulevard-alfonso-zaragoza-maytorena-humaya-sinaloa-28704427
Sinaloa,52,2026-04-06 03:16,"$2,300,000 MXN","Se vende casa Col del evora, Col. Chutamonas, Salvador Alvarado, Sinaloa, México, C.P. 81460, ID: 28481806",3 Recámaras | 1 Baño | 191 m 2,https://propiedades.comhttps://propiedades.com/inmuebles/casa-en-venta-col-del-evora-chutamonas-sinaloa-28481806
Sinaloa,52,2026-04-06 03:16,"$3,500,000 MXN","Se vende casa , Col. Rincón de Las Plazas, Mazatlán, Sinaloa, México, C.P. 82125, ID: 27234233",3 Recámaras | 2 Baños | 179 m 2,https://propiedades.comhttps://propiedades.com/inmuebles/casa-en-venta-rincon-de-las-plazas-sinaloa-27234233
Sinaloa,52,2026-04-06 03:16,"$1,950,000 MXN","Casa disponible en venta en Eulogio parra #3333, Col. 21 de Marzo, Culiacán, Sinaloa, México, C.P. 80280, ID: 28717058",202 m 2,https://propiedades.comhttps://propiedades.com/inmuebles/casa-en-venta-eulogio-parra--3333-21-de-marzo-sinaloa-28717058
Sinaloa,52,2026-04-06 03:16,"$4,350,000 MXN",", Col. Miguel Alemán, Culiacán, Sinaloa, México, C.P. 80200, ID: 26310752",3 Recámaras | 3 Baños | 184 m 2,https://propiedades.comhttps://propiedades.com/inmuebles/casa-en-venta-miguel-aleman-sinaloa-26310752
Sinaloa,52,2026-04-06 03:16,"$2,700,000 MXN","Arrecife Azul, Col. Altata, Navolato, Sinaloa, México, C.P. 80363, ID: 26217801",4 Recámaras | 4 Baños | 201 m 2,https://propiedades.comhttps://propiedades.com/inmuebles/casa-en-venta-arrecife-azul-altata-sinaloa-26217801
Sinaloa,52,2026-04-06 03:16,"$2,350,000 MXN","Casa en venta, Villa Vizcaya #2379, Col. Villas Del Rio Elite, Culiacán, Sinaloa, México, C.P. 80050, ID: 29835061",3 Recámaras | 2 Baños | 160 m 2,https://propiedades.comhttps://propiedades.com/inmuebles/casa-en-venta-villa-vizcaya-2379-villas-del-rio-elite-sinaloa-29835061
Sinaloa,52,2026-04-06 03:16,"$11,000,000 MXN","Venta casa en , Col. Portal de Hierro, Ahome, Sinaloa, México, C.P. 81271, ID: 27289054",4 Recámaras | 4 Baños | 386 m 2,https://propiedades.comhttps://propiedades.com/inmuebles/casa-en-venta-portal-de-hierro-sinaloa-27289054
Sinaloa,52,2026-04-06 03:16,"$6,300,000 MXN",", Col. Sinaloa, Mazatlán, Sinaloa, México, C.P. 82134, ID: 28839639",4 Recámaras | 3 Baños | 247 m 2,https://propiedades.comhttps://propiedades.com/inmuebles/casa-en-venta-sinaloa-sinaloa-28839639
Sinaloa,52,2026-04-06 03:16,"$1,850,000 MXN","Drezzo, Col. Stanza Toscana, Culiacán, Sinaloa, México, C.P. 80050, ID: 28774154",3 Recámaras | 1 Baño | 80 m 2,https://propiedades.comhttps://propiedades.com/inmuebles/casa-en-venta-drezzo-stanza-toscana-sinaloa-28774154
Sinaloa,52,2026-04-06 03:16,"$5,300,000 MXN","Se vende casa , Col. Sábalo Country Club, Mazatlán, Sinaloa, México, C.P. 82100, ID: 28943247",3 Recámaras | 2 Baños | 192 m 2,https://propiedades.comhttps://propiedades.com/inmuebles/casa-en-venta-sabalo-country-club-sinaloa-28943247
Sinaloa,52,2026-04-06 03:16,"$1,350,000 MXN","Venta de casa en Sin nombre de calle, Col. Independencia, Mazatlán, Sinaloa, México, C.P. 82010, ID: 27570081",2 Recámaras | 2 Baños | 84 m 2,https://propiedades.comhttps://propiedades.com/inmuebles/casa-en-venta-sin-nombre-de-calle-independencia-sinaloa-27570081
Sinaloa,52,2026-04-06 03:16,"$4,200,000 MXN","Casa disponible en venta en Real del Valle, 82124 Mazatlán, Sin., Col. Real del Valle, Mazatlán, Sinaloa, México, C.P. 82124, ID: 30854091",3 Recámaras | 2 Baños | 235 m 2,https://propiedades.comhttps://propiedades.com/inmuebles/casa-en-venta-real-del-valle-82124-mazatlan-sin-real-del-valle-sinaloa-30854091
Sinaloa,52,2026-04-06 03:16,"$4,600,000 MXN","Venta de casa , Col. Real del Valle, Mazatlán, Sinaloa, México, C.P. 82124, ID: 30285807",3 Recámaras | 2 Baños | 223 m 2,https://propiedades.comhttps://propiedades.com/inmuebles/casa-en-venta-real-del-valle-sinaloa-30285807
Sinaloa,53,2026-04-06 03:16,"$3,000,000 MXN","Venta casa en , Col. La Conquista, Culiacán, Sinaloa, México, C.P. 80058, ID: 30064277",3 Recámaras | 3 Baños | 171 m 2,https://propiedades.comhttps://propiedades.com/inmuebles/casa-en-venta-la-conquista-sinaloa-30064277
Sinaloa,53,2026-04-06 03:16,"$6,132,500 MXN","Venta de casa Marina Mazatlán, Mazatlán, Sinaloa, Col. Marina Mazatlán, Mazatlán, Sinaloa, México, C.P. 82103, ID: 27402894",4 Recámaras | 3 Baños | 223 m 2,https://propiedades.comhttps://propiedades.com/inmuebles/casa-en-venta-marina-mazatlan-mazatlan-sinaloa-marina-mazatlan-sinaloa-27402894
Sinaloa,53,2026-04-06 03:16,"$5,700,000 MXN","Venta casa en , Col. Puerta Dorada, Mazatlán, Sinaloa, México, C.P. 82110, ID: 18361451",320 m 2,https://propiedades.comhttps://propiedades.com/inmuebles/casa-en-venta-puerta-dorada-sinaloa-18361451
Sinaloa,53,2026-04-06 03:16,"$2,500,000 MXN","Venta de casa en del muelle #1, Col. Constitución, Mazatlán, Sinaloa, México, C.P. 82170, ID: 26436974",3 Recámaras | 2 Baños | 163 m 2,https://propiedades.comhttps://propiedades.com/inmuebles/casa-en-venta-del-muelle-1-constitucion-sinaloa-26436974
Sinaloa,53,2026-04-06 03:16,"$4,000,000 MXN","Casa disponible en venta en La pedrera #13, Col. Real del Valle, Mazatlán, Sinaloa, México, C.P. 82124, ID: 28829203",3 Recámaras | 3 Baños | 130 m 2,https://propiedades.comhttps://propiedades.com/inmuebles/casa-en-venta-la-pedrera-13-real-del-valle-sinaloa-28829203
Sinaloa,53,2026-04-06 03:16,"$2,900,000 MXN","Venta casa en VIA OSTRA #485, Col. Punta Esmeralda, Navolato, Sinaloa, México, C.P. 80363, ID: 30185781",3 Recámaras | 2 Baños | 155 m 2,https://propiedades.comhttps://propiedades.com/inmuebles/casa-en-venta-via-ostra-485-punta-esmeralda-sinaloa-30185781
Sinaloa,53,2026-04-06 03:16,"$14,000,000 MXN","Se vende casa en Avenida General J. Ma. Morelos #972, Col. Centro, Culiacán, Sinaloa, México, C.P. 80000, ID: 28298673",4 Recámaras | 5 Baños | 550 m 2,https://propiedades.comhttps://propiedades.com/inmuebles/casa-en-venta-avenida-general-j-ma-morelos-972-centro-sinaloa-28298673
Sinaloa,53,2026-04-06 03:16,"$9,600,000 MXN","Venta de casa en XXXXX #11111, Col. Ceuta, Elota, Sinaloa, México, C.P. 82787, ID: 28726790",7 Recámaras | 569 m 2,https://propiedades.comhttps://propiedades.com/inmuebles/casa-en-venta-xxxxx-11111-ceuta-sinaloa-28726790
Sinaloa,53,2026-04-06 03:16,"$6,550,000 MXN","Venta casa en Sin nombre de calle, Col. Altabrisa Residencial, Mazatlán, Sinaloa, México, C.P. 82112, ID: 26266799",4 Recámaras | 4 Baños | 282 m 2,https://propiedades.comhttps://propiedades.com/inmuebles/casa-en-venta-sin-nombre-de-calle-altabrisa-residencial-sinaloa-26266799
Sinaloa,53,2026-04-06 03:16,"$1,199,000 MXN","Se vende casa Stanza #s/n, Col. Stanza Magnolia, Mazatlán, Sinaloa, México, C.P. 82264, ID: 30532916",2 Recámaras | 2 Baños,https://propiedades.comhttps://propiedades.com/inmuebles/casa-en-venta-stanza-sn-stanza-magnolia-sinaloa-30532916
Sinaloa,53,2026-04-06 03:16,"$7,600,000 MXN","Casa en venta, Privada Tercera, Col. Chapultepec, Culiacán, Sinaloa, México, C.P. 80040, ID: 27749365",4 Recámaras | 3 Baños | 310 m 2,https://propiedades.comhttps://propiedades.com/inmuebles/casa-en-venta-privada-tercera-chapultepec-sinaloa-27749365
Sinaloa,53,2026-04-06 03:16,"$2,200,000 MXN","Casa en venta, celestino, Col. Celestino Gazca Villaseñor, Elota, Sinaloa, México, C.P. 82780, ID: 27880529",2 Recámaras | 2 Baños | 110 m 2,https://propiedades.comhttps://propiedades.com/inmuebles/casa-en-venta-celestino-celestino-gazca-villasenor-sinaloa-27880529
Sinaloa,53,2026-04-06 03:16,"$3,750,000 MXN","Casa en venta disponible en Cerro de las cumbres, Col. Colina del Rey, Culiacán, Sinaloa, México, C.P. 80177, ID: 27947066",3 Recámaras | 2 Baños | 140 m 2,https://propiedades.comhttps://propiedades.com/inmuebles/casa-en-venta-cerro-de-las-cumbres-colina-del-rey-sinaloa-27947066
Sinaloa,53,2026-04-06 03:16,"$1,800,000 MXN",", Col. Ramon F Iturbide, Mazatlán, Sinaloa, México, C.P. 82170, ID: 27919447",3 Recámaras | 2 Baños | 225 m 2,https://propiedades.comhttps://propiedades.com/inmuebles/casa-en-venta-ramon-f-iturbide-sinaloa-27919447
Sinaloa,53,2026-04-06 03:16,"$1,895,000 MXN","Venta casa en Sin nombre de calle, Col. Flores Magón, Mazatlán, Sinaloa, México, C.P. 82190, ID: 27599275",3 Recámaras | 4 Baños | 104 m 2,https://propiedades.comhttps://propiedades.com/inmuebles/casa-en-venta-sin-nombre-de-calle-flores-magon-sinaloa-27599275
Sinaloa,53,2026-04-06 03:16,"$6,200,000 MXN","CERRO DE MONTELARGO #200Int. 15, Col. Colinas de San Miguel, Culiacán, Sinaloa, México, C.P. 80228, ID: 19161244",3 Recámaras | 4 Baños | 350 m 2,https://propiedades.comhttps://propiedades.com/inmuebles/casa-en-venta-cerro-de-montelargo--200-colinas-de-san-miguel-sinaloa-19161244
Sinaloa,53,2026-04-06 03:16,"$1,300,000 MXN","Venta de casa en PRINCIPAL #000Int. 000, Col. Las Mañanitas, Mazatlán, Sinaloa, México, C.P. 82139, ID: 28145580",2 Recámaras | 1 Baño | 75 m 2,https://propiedades.comhttps://propiedades.com/inmuebles/casa-en-venta-principal-000-las-mananitas-sinaloa-28145580
Sinaloa,53,2026-04-06 03:16,"$2,290,000 MXN","Se vende casa en valle del ejido, Col. Ampliación Valle del Ejido, Mazatlán, Sinaloa, México, C.P. 82134, ID: 28476978",4 Recámaras | 3 Baños | 223 m 2,https://propiedades.comhttps://propiedades.com/inmuebles/casa-en-venta-valle-del-ejido-ampliacion-valle-del-ejido-sinaloa-28476978
Sinaloa,53,2026-04-06 03:16,"$3,200,000 MXN","Casa en venta disponible en Bahía del Carmen #3108, Col. Ejido Rincón de Urías, Mazatlán, Sinaloa, México, C.P. 82070, ID: 28158343",5 Recámaras | 3 Baños | 359 m 2,https://propiedades.comhttps://propiedades.com/inmuebles/casa-en-venta-bahia-del-carmen-3108-ejido-rincon-de-urias-sinaloa-28158343
Sinaloa,53,2026-04-06 03:16,"$1,200,000 MXN","Primero de Juli0 #249, Col. 10 de Mayo, Salvador Alvarado, Sinaloa, México, C.P. 81429, ID: 30158383",2 Recámaras | 1 Baño | 106 m 2,https://propiedades.comhttps://propiedades.com/inmuebles/casa-en-venta-primero-de-juli0-249-10-de-mayo-sinaloa-30158383
Sinaloa,53,2026-04-06 03:16,"$7,800,000 MXN","Se vende casa en Blvd Alfonso Zaragoza #55, Col. Alegranza, Culiacán, Sinaloa, México, C.P. 80025, ID: 28272378",5 Recámaras | 4 Baños | 264 m 2,https://propiedades.comhttps://propiedades.com/inmuebles/casa-en-venta-blvd-alfonso-zaragoza-55-alegranza-sinaloa-28272378
Sinaloa,53,2026-04-06 03:16,"$4,600,000 MXN","Se vende casa Versalle, Col. Real del Valle, Mazatlán, Sinaloa, México, C.P. 82124, ID: 27402897",4 Recámaras | 3 Baños | 201 m 2,https://propiedades.comhttps://propiedades.com/inmuebles/casa-en-venta-versalle-real-del-valle-sinaloa-27402897
Sinaloa,53,2026-04-06 03:16,"$3,277,000 MXN","Casa en venta disponible en , Col. Monte Verde de Villa, Culiacán, Sinaloa, México, C.P. 80441, ID: 30961878",3 Recámaras | 4 Baños | 111 m 2,https://propiedades.comhttps://propiedades.com/inmuebles/casa-en-venta-monte-verde-de-villa-sinaloa-30961878
Sinaloa,53,2026-04-06 03:16,"$4,614,582 MXN","Venta casa en , Col. Valle Alto, Culiacán, Sinaloa, México, C.P. 80050, ID: 26346562",3 Recámaras | 3 Baños | 201 m 2,https://propiedades.comhttps://propiedades.com/inmuebles/casa-en-venta-valle-alto-sinaloa-26346562
Sinaloa,53,2026-04-06 03:16,"$1,299,000 MXN","Venta de casa Magnolia #11511, Col. Stanza Magnolia, Mazatlán, Sinaloa, México, C.P. 82264, ID: 30581365",2 Recámaras | 1 Baño | 53 m 2,https://propiedades.comhttps://propiedades.com/inmuebles/casa-en-venta-magnolia-11511-stanza-magnolia-sinaloa-30581365
Sinaloa,53,2026-04-06 03:16,"$15,550,000 MXN","Casa en venta disponible en Rio San Lorenzo, Col. Guadalupe, Culiacán, Sinaloa, México, C.P. 80220, ID: 23171406",9 Recámaras | 9 Baños | 968 m 2,https://propiedades.comhttps://propiedades.com/inmuebles/casa-en-venta-rio-san-lorenzo-guadalupe-sinaloa-23171406
Sinaloa,53,2026-04-06 03:16,"$3,136,000 MXN","Se vende casa en , Col. Monte Verde de Villa, Culiacán, Sinaloa, México, C.P. 80441, ID: 30951536",3 Recámaras | 2 Baños | 110 m 2,https://propiedades.comhttps://propiedades.com/inmuebles/casa-en-venta-monte-verde-de-villa-sinaloa-30951536
Sinaloa,53,2026-04-06 03:16,"$1,950,000 MXN","CALLE CTYTE. HILARIO MEDINA #2231, Col. Gustavo Díaz Ordaz, Culiacán, Sinaloa, México, C.P. 80180, ID: 30971989",3 Recámaras | 2 Baños | 130 m 2,https://propiedades.comhttps://propiedades.com/inmuebles/casa-en-venta-calle-ctyte-hilario-medina-2231-gustavo-diaz-ordaz-sinaloa-30971989
Sinaloa,53,2026-04-06 03:16,"$7,500,000 MXN","Venta de casa en Parque Guell #3832, Col. San Florencio, Culiacán, Sinaloa, México, C.P. 80058, ID: 27779963",3 Recámaras | 4 Baños | 556 m 2,https://propiedades.comhttps://propiedades.com/inmuebles/casa-en-venta-parque-guell-3832-san-florencio-sinaloa-27779963
Sinaloa,53,2026-04-06 03:16,"$2,070,000 MXN",", Col. Ampliación Valle del Ejido, Mazatlán, Sinaloa, México, C.P. 82134, ID: 27904088",3 Recámaras | 2 Baños | 223 m 2,https://propiedades.comhttps://propiedades.com/inmuebles/casa-en-venta-ampliacion-valle-del-ejido-sinaloa-27904088
Sinaloa,53,2026-04-06 03:16,"$3,800,000 MXN","Casa en venta, Circ.Marsella #8295, Col. Real del Valle, Mazatlán, Sinaloa, México, C.P. 82124, ID: 30824676",3 Recámaras | 2 Baños | 156 m 2,https://propiedades.comhttps://propiedades.com/inmuebles/casa-en-venta-circmarsella-8295-real-del-valle-sinaloa-30824676
Sinaloa,53,2026-04-06 03:16,"$4,400,000 MXN","Casa en venta disponible en San Esther, Col. Real del Valle, Mazatlán, Sinaloa, México, C.P. 82124, ID: 30537010",3 Recámaras | 157 m 2,https://propiedades.comhttps://propiedades.com/inmuebles/casa-en-venta-san-esther-real-del-valle-sinaloa-30537010
Sinaloa,53,2026-04-06 03:16,"$450,000 MXN","Se vende casa Emile Barline #3139, Col. Villa Fontana, Culiacán, Sinaloa, México, C.P. 80028, ID: 30638909",3 Recámaras | 2 Baños | 113 m 2,https://propiedades.comhttps://propiedades.com/inmuebles/casa-en-venta-emile-barline-3139-villa-fontana-sinaloa-30638909
Sinaloa,53,2026-04-06 03:16,"$2,490,000 MXN","Se vende casa , Col. Villas Del Sol, Mazatlán, Sinaloa, México, C.P. 82198, ID: 30205059",5 Recámaras | 4 Baños | 195 m 2,https://propiedades.comhttps://propiedades.com/inmuebles/casa-en-venta-villas-del-sol-sinaloa-30205059
Sinaloa,53,2026-04-06 03:16,"$3,850,000 MXN","Casa en venta disponible en , Col. Hacienda del Seminario, Mazatlán, Sinaloa, México, C.P. 82129, ID: 27914776",133 m 2,https://propiedades.comhttps://propiedades.com/inmuebles/casa-en-venta-hacienda-del-seminario-sinaloa-27914776
Sinaloa,53,2026-04-06 03:16,"$5,460,000 MXN","Venta casa en , Col. Marina Mazatlán, Mazatlán, Sinaloa, México, C.P. 82103, ID: 28960501",3 Recámaras | 3 Baños | 163 m 2,https://propiedades.comhttps://propiedades.com/inmuebles/casa-en-venta-marina-mazatlan-sinaloa-28960501
Sinaloa,53,2026-04-06 03:16,"$2,100,000 MXN","Se vende casa Calle Bahía de Agiabampo, Col. Nuevo Culiacán, Culiacán, Sinaloa, México, C.P. 80170, ID: 30540962",3 Recámaras | 1 Baño | 126 m 2,https://propiedades.comhttps://propiedades.com/inmuebles/casa-en-venta-calle-bahia-de-agiabampo-nuevo-culiacan-sinaloa-30540962
Sinaloa,53,2026-04-06 03:16,"$4,200,000 MXN","coto platino, Col. Coto Platino, Mazatlán, Sinaloa, México, C.P. 82124, ID: 30902286",3 Recámaras | 2 Baños | 180 m 2,https://propiedades.comhttps://propiedades.com/inmuebles/casa-en-venta-coto-platino-coto-platino-sinaloa-30902286
Sinaloa,53,2026-04-06 03:16,"$9,500,000 MXN","Casa en venta disponible en Rio san Lorenzo #006, Col. Guadalupe, Culiacán, Sinaloa, México, C.P. 80220, ID: 23897268",5 Recámaras | 4 Baños | 418 m 2,https://propiedades.comhttps://propiedades.com/inmuebles/casa-en-venta-rio-san-lorenzo--006-guadalupe-sinaloa-23897268
Sinaloa,53,2026-04-06 03:16,"$2,950,000 MXN","Venta de casa en Donato Bravo Izquierdo #2471, Col. Aquiles Serdán, Culiacán, Sinaloa, México, C.P. 80190, ID: 25468628",3 Recámaras | 3 Baños | 199 m 2,https://propiedades.comhttps://propiedades.com/inmuebles/casa-en-venta-donato-bravo-izquierdo--2471-aquiles-serdan-sinaloa-25468628
Sinaloa,53,2026-04-06 03:16,"$14,500,000 MXN","Paseo Verona #1577Int. 17, Col. Floresta, Culiacán, Sinaloa, México, C.P. 80014, ID: 24752109",4 Recámaras | 4 Baños | 450 m 2,https://propiedades.comhttps://propiedades.com/inmuebles/casa-en-venta-paseo-verona-1577-floresta-sinaloa-24752109
Sinaloa,53,2026-04-06 03:16,"$1,268,400 MXN","Venta casa en Av. Sauces, Col. Convención de Aguascalientes, Navolato, Sinaloa, México, C.P. 80372, ID: 28714546",1 m 2,https://propiedades.comhttps://propiedades.com/inmuebles/casa-en-venta-av-sauces-convencion-de-aguascalientes-sinaloa-28714546
Sinaloa,53,2026-04-06 03:16,"$19,500,000 MXN","Venta casa en , Col. Marina Mazatlán, Mazatlán, Sinaloa, México, C.P. 82103, ID: 28943242",5 Recámaras | 6 Baños | 750 m 2,https://propiedades.comhttps://propiedades.com/inmuebles/casa-en-venta-marina-mazatlan-sinaloa-28943242
Sinaloa,53,2026-04-06 03:16,"$5,675,900 MXN","Casa en venta disponible en , Col. Sinaloa, Mazatlán, Sinaloa, México, C.P. 82134, ID: 28242984",3 Recámaras | 3 Baños | 222 m 2,https://propiedades.comhttps://propiedades.com/inmuebles/casa-en-venta-sinaloa-sinaloa-28242984
Sinaloa,53,2026-04-06 03:16,"$4,980,000 MXN","Sin nombre de calle, Col. Cerritos al Mar, Mazatlán, Sinaloa, México, C.P. 82112, ID: 27839777",3 Recámaras | 2 Baños | 136 m 2,https://propiedades.comhttps://propiedades.com/inmuebles/casa-en-venta-sin-nombre-de-calle-cerritos-al-mar-sinaloa-27839777
Sinaloa,53,2026-04-06 03:16,"$4,920,000 MXN","Venta de casa en Sin nombre de calle, Col. Cerritos al Mar, Mazatlán, Sinaloa, México, C.P. 82112, ID: 27774585",3 Recámaras | 3 Baños | 176 m 2,https://propiedades.comhttps://propiedades.com/inmuebles/casa-en-venta-sin-nombre-de-calle-cerritos-al-mar-sinaloa-27774585
Sinaloa,54,2026-04-06 03:16,"$24,700,000 MXN","Sin nombre de calle, Col. Marina Mazatlán, Mazatlán, Sinaloa, México, C.P. 82103, ID: 29166590",4 Recámaras | 5 Baños | 650 m 2,https://propiedades.comhttps://propiedades.com/inmuebles/casa-en-venta-sin-nombre-de-calle-marina-mazatlan-sinaloa-29166590
Sinaloa,54,2026-04-06 03:16,"$3,700,000 MXN","Casa disponible en venta en Río del Carmen, Col. Los Pinos, Culiacán, Sinaloa, México, C.P. 80063, ID: 27617412",4 Recámaras | 3 Baños | 250 m 2,https://propiedades.comhttps://propiedades.com/inmuebles/casa-en-venta-rio-del-carmen-los-pinos-sinaloa-27617412
Sinaloa,54,2026-04-06 03:16,"$2,500,000 MXN","Se vende casa en Huatabampo, Col. El Vallado, Culiacán, Sinaloa, México, C.P. 80110, ID: 28487731",3 Recámaras | 3 Baños | 100 m 2,https://propiedades.comhttps://propiedades.com/inmuebles/casa-en-venta-huatabampo-el-vallado-sinaloa-28487731
Sinaloa,54,2026-04-06 03:16,"$2,300,000 MXN","Venta casa en Blvd Flor de Liz #6282, Col. Bugambilias, Culiacán, Sinaloa, México, C.P. 80145, ID: 27516791",5 Recámaras | 3 Baños | 197 m 2,https://propiedades.comhttps://propiedades.com/inmuebles/casa-en-venta-blvd-flor-de-liz-6282-bugambilias-sinaloa-27516791
Sinaloa,54,2026-04-06 03:16,"$3,800,000 MXN","Avenida Santa Rosa, Col. Santa Rosa, Mazatlán, Sinaloa, México, C.P. 82134, ID: 29548844",,https://propiedades.comhttps://propiedades.com/inmuebles/casa-en-venta-avenida-santa-rosa-santa-rosa-sinaloa-29548844
Sinaloa,54,2026-04-06 03:16,"$2,600,000 MXN","Casa en venta disponible en Col. Marina Mazatlán, Mazatlán, Sinaloa, México, C.P. 82103, ID: 30804249",3 Recámaras | 3 Baños | 219 m 2,https://propiedades.comhttps://propiedades.com/inmuebles/casa-en-venta-marina-mazatlan-sinaloa-30804249
Sinaloa,54,2026-04-06 03:16,"$1,250,000 MXN","Casa en venta, , Col. Alturas del Sur, Culiacán, Sinaloa, México, C.P. 80295, ID: 30856832",2 Recámaras | 1 Baño | 42 m 2,https://propiedades.comhttps://propiedades.com/inmuebles/casa-en-venta-alturas-del-sur-sinaloa-30856832
Sinaloa,54,2026-04-06 03:16,"$4,500,000 MXN","Casa en venta, Los Mochis, Ahome, Sinaloa, Col. Los Mochis (Los Mochis), Ahome, Sinaloa, México, C.P. 81369, ID: 27723320",3 Recámaras | 2 Baños | 148 m 2,https://propiedades.comhttps://propiedades.com/inmuebles/casa-en-venta-los-mochis-ahome-sinaloa-los-mochis-los-mochis-sinaloa-27723320
Sinaloa,54,2026-04-06 03:16,"$1,900,000 MXN","Venta de casa en Cobalto, Col. Las Américas, Culiacán, Sinaloa, México, C.P. 80016, ID: 27506032",4 Recámaras | 2 Baños | 215 m 2,https://propiedades.comhttps://propiedades.com/inmuebles/casa-en-venta-cobalto-las-americas-sinaloa-27506032
Sinaloa,54,2026-04-06 03:16,"$8,300,000 MXN","Se vende casa Sin nombre de calle, Col. Cerritos Resort, Mazatlán, Sinaloa, México, C.P. 82112, ID: 27598454",4 Recámaras | 4 Baños | 273 m 2,https://propiedades.comhttps://propiedades.com/inmuebles/casa-en-venta-sin-nombre-de-calle-cerritos-resort-sinaloa-27598454
Sinaloa,54,2026-04-06 03:16,"$2,200,000 MXN","Casa disponible en venta en Boulevard Ciudades Hermanas #629, Col. Guadalupe, Culiacán, Sinaloa, México, C.P. 80220, ID: 30518944",3 Baños | 250 m 2,https://propiedades.comhttps://propiedades.com/inmuebles/casa-en-venta-boulevard-ciudades-hermanas-629-guadalupe-sinaloa-30518944
Sinaloa,54,2026-04-06 03:16,"$3,900,000 MXN","Pegaso #1420, Col. Almarena Residencial, Mazatlán, Sinaloa, México, C.P. 82112, ID: 29513023",3 Recámaras | 2 Baños | 195 m 2,https://propiedades.comhttps://propiedades.com/inmuebles/casa-en-venta-pegaso-1420-almarena-residencial-sinaloa-29513023
Sinaloa,54,2026-04-06 03:16,"$11,000,000 MXN",", Col. Sinaloa, Mazatlán, Sinaloa, México, C.P. 82134, ID: 28945017",4 Recámaras | 4 Baños,https://propiedades.comhttps://propiedades.com/inmuebles/casa-en-venta-sinaloa-sinaloa-28945017
Sinaloa,54,2026-04-06 03:16,"$2,500,000 MXN","Venta de casa en Verdum, Col. Centro Sinaloa, Culiacán, Sinaloa, México, C.P. 80000, ID: 29985444",3 Recámaras | 2 Baños | 83 m 2,https://propiedades.comhttps://propiedades.com/inmuebles/casa-en-venta-verdum-centro-sinaloa-sinaloa-29985444
Sinaloa,54,2026-04-06 03:16,"$5,500,000 MXN","Venta de casa Col. Sonterra Residencial II, Mazatlán, Sinaloa, México, C.P. 82124, ID: 29510736",3 Recámaras | 4 Baños | 240 m 2,https://propiedades.comhttps://propiedades.com/inmuebles/casa-en-venta-sonterra-residencial-ii-sinaloa-29510736
Sinaloa,54,2026-04-06 03:16,"$4,000,000 MXN","Se vende casa en Miguel Hidalgo, Col. Miguel Hidalgo, Culiacán, Sinaloa, México, C.P. 80090, ID: 27581358",4 Recámaras | 3 Baños | 305 m 2,https://propiedades.comhttps://propiedades.com/inmuebles/casa-en-venta-miguel-hidalgo-miguel-hidalgo-sinaloa-27581358
Sinaloa,54,2026-04-06 03:16,"$5,600,000 MXN","avenida del pacifico #1234, Col. Real del Valle, Mazatlán, Sinaloa, México, C.P. 82124, ID: 27415472",4 Recámaras | 3 Baños | 240 m 2,https://propiedades.comhttps://propiedades.com/inmuebles/casa-en-venta-avenida-del-pacifico-1234-real-del-valle-sinaloa-27415472
Sinaloa,54,2026-04-06 03:16,"$9,150,000 MXN","Se vende casa , Col. Sábalo Country Club, Mazatlán, Sinaloa, México, C.P. 82100, ID: 30491914",3 Recámaras | 2 Baños | 315 m 2,https://propiedades.comhttps://propiedades.com/inmuebles/casa-en-venta-sabalo-country-club-sinaloa-30491914
Sinaloa,54,2026-04-06 03:16,"$5,000,000 MXN","Venta casa en , Col. Centro, Mazatlán, Sinaloa, México, C.P. 82000, ID: 28442731",3 Recámaras | 2 Baños,https://propiedades.comhttps://propiedades.com/inmuebles/casa-en-venta-centro-sinaloa-28442731
Sinaloa,54,2026-04-06 03:16,"$3,000,000 MXN","Principal #100Int. 100, Col. Hacienda del Seminario, Mazatlán, Sinaloa, México, C.P. 82129, ID: 29150666",3 Recámaras | 3 Baños | 114 m 2,https://propiedades.comhttps://propiedades.com/inmuebles/casa-en-venta-principal-100-hacienda-del-seminario-sinaloa-29150666
Sinaloa,54,2026-04-06 03:16,"$4,650,000 MXN","Casa en venta disponible en , Col. Marina Mazatlán, Mazatlán, Sinaloa, México, C.P. 82103, ID: 28834709",4 Recámaras | 4 Baños,https://propiedades.comhttps://propiedades.com/inmuebles/casa-en-venta-marina-mazatlan-sinaloa-28834709
Sinaloa,54,2026-04-06 03:16,"$4,000,000 MXN","Se vende casa en Col. Marina Mazatlán, Mazatlán, Sinaloa, México, C.P. 82103, ID: 30648058",3 Recámaras | 2 Baños | 170 m 2,https://propiedades.comhttps://propiedades.com/inmuebles/casa-en-venta-marina-mazatlan-sinaloa-30648058
Sinaloa,54,2026-04-06 03:16,"$4,350,000 MXN","Casa en venta, AVENIDA DEL ATLANTICO #8907, Col. Coto Platino, Mazatlán, Sinaloa, México, C.P. 82124, ID: 29127342",4 Recámaras | 3 Baños | 140 m 2,https://propiedades.comhttps://propiedades.com/inmuebles/casa-en-venta-avenida-del-atlantico-8907-coto-platino-sinaloa-29127342
Sinaloa,54,2026-04-06 03:16,"$3,795,000 MXN",", Col. El Venadillo, Mazatlán, Sinaloa, México, C.P. 82129, ID: 29724511",3 Recámaras | 2 Baños | 141 m 2,https://propiedades.comhttps://propiedades.com/inmuebles/casa-en-venta-el-venadillo-sinaloa-29724511
Sinaloa,54,2026-04-06 03:16,"$2,290,000 MXN","Venta de casa en EL VENADILLO, Col. El Venadillo, Mazatlán, Sinaloa, México, C.P. 82129, ID: 30301986",3 Recámaras | 2 Baños,https://propiedades.comhttps://propiedades.com/inmuebles/casa-en-venta-el-venadillo-el-venadillo-sinaloa-30301986
Sinaloa,54,2026-04-06 03:16,"$500,000 MXN","Casa en venta disponible en altata, Col. Altata, Navolato, Sinaloa, México, C.P. 80363, ID: 28865023",1 m 2,https://propiedades.comhttps://propiedades.com/inmuebles/casa-en-venta-altata-altata-sinaloa-28865023
Sinaloa,54,2026-04-06 03:16,"$6,000,000 MXN","Venta de casa en Col. Alcázar del Country, Ahome, Sinaloa, México, C.P. 81278, ID: 30457466",3 Recámaras | 3 Baños | 180 m 2,https://propiedades.comhttps://propiedades.com/inmuebles/casa-en-venta-alcazar-del-country-sinaloa-30457466
Sinaloa,54,2026-04-06 03:16,"$1,500,000 MXN","Se vende casa en Circuito Interior 1, Col. Privada La Estancia II, Culiacán, Sinaloa, México, C.P. 80143, ID: 29686485",4 Recámaras | 3 Baños | 234 m 2,https://propiedades.comhttps://propiedades.com/inmuebles/casa-en-venta-circuito-interior-1-privada-la-estancia-ii-sinaloa-29686485
Sinaloa,54,2026-04-06 03:16,"$20,000,000 MXN","Venta de casa Col. Marina Mazatlán, Mazatlán, Sinaloa, México, C.P. 82103, ID: 30803391",4 Recámaras | 5 Baños | 420 m 2,https://propiedades.comhttps://propiedades.com/inmuebles/casa-en-venta-marina-mazatlan-sinaloa-30803391
Sinaloa,54,2026-04-06 03:16,"$3,995,000 MXN","Venta casa en , Col. Real del Valle, Mazatlán, Sinaloa, México, C.P. 82124, ID: 29844940",4 Recámaras | 3 Baños | 160 m 2,https://propiedades.comhttps://propiedades.com/inmuebles/casa-en-venta-real-del-valle-sinaloa-29844940
Sinaloa,54,2026-04-06 03:16,"$3,400,000 MXN","ENRIQUE DE LA BORGOÑA #4677Int. 1, Col. Portalegre, Culiacán, Sinaloa, México, C.P. 80058, ID: 29707200",4 Recámaras | 3 Baños | 204 m 2,https://propiedades.comhttps://propiedades.com/inmuebles/casa-en-venta-enrique-de-la-borgona-4677-portalegre-sinaloa-29707200
Sinaloa,54,2026-04-06 03:16,"$2,550,000 MXN","HACIENDA EL SEMINARIO, Col. El Venadillo, Mazatlán, Sinaloa, México, C.P. 82129, ID: 29867183",3 Recámaras | 2 Baños,https://propiedades.comhttps://propiedades.com/inmuebles/casa-en-venta-hacienda-el-seminario-el-venadillo-sinaloa-29867183
Sinaloa,54,2026-04-06 03:16,"$3,000,000 MXN","Venta de casa en Miguel Hidalgo, Col. Centro, Culiacán, Sinaloa, México, C.P. 80000, ID: 29686484",2 Baños | 350 m 2,https://propiedades.comhttps://propiedades.com/inmuebles/casa-en-venta-miguel-hidalgo-centro-sinaloa-29686484
Sinaloa,54,2026-04-06 03:16,"$9,500,000 MXN","Casa en venta disponible en , Col. Marina Mazatlán, Mazatlán, Sinaloa, México, C.P. 82103, ID: 29067672",4 Recámaras | 4 Baños | 310 m 2,https://propiedades.comhttps://propiedades.com/inmuebles/casa-en-venta-marina-mazatlan-sinaloa-29067672
Sinaloa,54,2026-04-06 03:16,"$4,880,000 MXN","Venta de casa en , Col. Marina Mazatlán, Mazatlán, Sinaloa, México, C.P. 82103, ID: 30648059",4 Recámaras | 4 Baños | 220 m 2,https://propiedades.comhttps://propiedades.com/inmuebles/casa-en-venta-marina-mazatlan-sinaloa-30648059
Sinaloa,54,2026-04-06 03:16,"$3,300,000 MXN","Venta casa en Sin nombre de calle, Col. Sábalo Country Club, Mazatlán, Sinaloa, México, C.P. 82100, ID: 29127376",2 Recámaras | 2 Baños | 90 m 2,https://propiedades.comhttps://propiedades.com/inmuebles/casa-en-venta-sin-nombre-de-calle-sabalo-country-club-sinaloa-29127376
Sinaloa,54,2026-04-06 03:16,"$2,850,000 MXN","Casa disponible en venta en , Col. Francisco Villa, Mazatlán, Sinaloa, México, C.P. 82127, ID: 29369158",4 Recámaras | 2 Baños | 140 m 2,https://propiedades.comhttps://propiedades.com/inmuebles/casa-en-venta-francisco-villa-sinaloa-29369158
Sinaloa,54,2026-04-06 03:16,"$6,700,000 MXN","Se vende casa en , Col. Las Villas Residencial, Ahome, Sinaloa, México, C.P. 81271, ID: 27289055",4 Recámaras | 4 Baños | 280 m 2,https://propiedades.comhttps://propiedades.com/inmuebles/casa-en-venta-las-villas-residencial-sinaloa-27289055
Sinaloa,54,2026-04-06 03:16,"$1,590,000 MXN","Venta de casa en Valle Turquesa #6353, Col. Valle Alto, Culiacán, Sinaloa, México, C.P. 80050, ID: 30702052",3 Recámaras | 1 Baño | 71 m 2,https://propiedades.comhttps://propiedades.com/inmuebles/casa-en-venta-valle-turquesa-6353-valle-alto-sinaloa-30702052
Sinaloa,54,2026-04-06 03:16,"$10,500,000 MXN","Se vende casa San Juan, Col. La Primavera, Culiacán, Sinaloa, México, C.P. 80434, ID: 30223596",4 Recámaras | 4 Baños | 334 m 2,https://propiedades.comhttps://propiedades.com/inmuebles/casa-en-venta-san-juan-la-primavera-sinaloa-30223596
Sinaloa,54,2026-04-06 03:16,"$8,200,000 MXN","circuito adriatico #1618Int. 1618, Col. Cerritos al Mar, Mazatlán, Sinaloa, México, C.P. 82112, ID: 29127365",3 Recámaras | 3 Baños | 330 m 2,https://propiedades.comhttps://propiedades.com/inmuebles/casa-en-venta-circuito-adriatico-1618-cerritos-al-mar-sinaloa-29127365
Sinaloa,54,2026-04-06 03:16,"$11,500,000 MXN","Venta casa en , Col. Marina Mazatlán, Mazatlán, Sinaloa, México, C.P. 82103, ID: 27724546",4 Recámaras | 4 Baños | 308 m 2,https://propiedades.comhttps://propiedades.com/inmuebles/casa-en-venta-marina-mazatlan-sinaloa-27724546
Sinaloa,54,2026-04-06 03:16,"$4,000,000 MXN","Venta de casa en , Col. Almarena Residencial, Mazatlán, Sinaloa, México, C.P. 82112, ID: 27338866",3 Recámaras | 2 Baños | 106 m 2,https://propiedades.comhttps://propiedades.com/inmuebles/casa-en-venta-almarena-residencial-sinaloa-27338866
Sinaloa,54,2026-04-06 03:16,"$2,900,000 MXN","Venta casa en Loma linda, Col. Loma Linda, Culiacán, Sinaloa, México, C.P. 80177, ID: 27752758",3 Recámaras | 2 Baños | 212 m 2,https://propiedades.comhttps://propiedades.com/inmuebles/casa-en-venta-loma-linda-loma-linda-sinaloa-27752758
Sinaloa,54,2026-04-06 03:16,"$6,890,000 MXN","Se vende casa en Laguna del Carmen #1351, Col. Las Quintas, Culiacán, Sinaloa, México, C.P. 80060, ID: 24852313",4 Recámaras | 3 Baños | 341 m 2,https://propiedades.comhttps://propiedades.com/inmuebles/casa-en-venta-laguna-del-carmen-1351-las-quintas-sinaloa-24852313
Sinaloa,55,2026-04-06 03:17,"$8,000,000 MXN","Venta de casa en Sin nombre de calle, Col. Palos Prietos, Mazatlán, Sinaloa, México, C.P. 82010, ID: 25558537",4 Recámaras | 4 Baños | 472 m 2,https://propiedades.comhttps://propiedades.com/inmuebles/casa-en-venta-sin-nombre-de-calle-palos-prietos-sinaloa-25558537
Sinaloa,55,2026-04-06 03:17,"$38,000,000 MXN","Se vende casa ernesto copel, Col. Azul Pacific, Mazatlán, Sinaloa, México, C.P. 82112, ID: 30831635",3 Recámaras | 3 Baños | 625 m 2,https://propiedades.comhttps://propiedades.com/inmuebles/casa-en-venta-ernesto-copel-azul-pacific-sinaloa-30831635
Sinaloa,55,2026-04-06 03:17,"$8,400,000 MXN","Venta casa en San francisco #113, Col. Lomas de Mazatlán, Mazatlán, Sinaloa, México, C.P. 82110, ID: 29485179",3 Recámaras | 4 Baños | 220 m 2,https://propiedades.comhttps://propiedades.com/inmuebles/casa-en-venta-san-francisco-113-lomas-de-mazatlan-sinaloa-29485179
Sinaloa,55,2026-04-06 03:17,"$3,200,000 MXN","Se vende casa en , Col. Cedros, Ahome, Sinaloa, México, C.P. 81278, ID: 28619237",8 Recámaras | 4 Baños | 264 m 2,https://propiedades.comhttps://propiedades.com/inmuebles/casa-en-venta-cedros-sinaloa-28619237
Sinaloa,55,2026-04-06 03:17,"$1,900,000 MXN","Se vende casa en Mandarino #2520, Col. Barcelona Sección Villa Barcelona, Culiacán, Sinaloa, México, C.P. 80059, ID: 29068561",3 Recámaras | 1 Baño | 101 m 2,https://propiedades.comhttps://propiedades.com/inmuebles/casa-en-venta-mandarino-2520-barcelona-seccion-villa-barcelona-sinaloa-29068561
Sinaloa,55,2026-04-06 03:17,"$2,350,000 MXN","AV. VALLE DE CHIHUAHUA #2160, Col. Valle Alto, Culiacán, Sinaloa, México, C.P. 80050, ID: 28548918",3 Recámaras | 3 Baños | 96 m 2,https://propiedades.comhttps://propiedades.com/inmuebles/casa-en-venta-av-valle-de-chihuahua-2160-valle-alto-sinaloa-28548918
Sinaloa,55,2026-04-06 03:17,"$4,500,000 MXN","Venta casa en Av. Marina Nacional y Plan de Guadalupe #1650, Col. Emiliano Zapata, Culiacán, Sinaloa, México, C.P. 80260, ID: 28744357",1 m 2,https://propiedades.comhttps://propiedades.com/inmuebles/casa-en-venta-av-marina-nacional-y-plan-de-guadalupe-1650-emiliano-zapata-sinaloa-28744357
Sinaloa,55,2026-04-06 03:17,"$2,600,000 MXN","Casa en venta disponible en , Col. Libertad de Expresión, Mazatlán, Sinaloa, México, C.P. 82127, ID: 30171802",3 Recámaras | 3 Baños | 219 m 2,https://propiedades.comhttps://propiedades.com/inmuebles/casa-en-venta-libertad-de-expresion-sinaloa-30171802
Sinaloa,55,2026-04-06 03:17,"$8,950,000 MXN","Venta de casa en , Col. El Cid, Mazatlán, Sinaloa, México, C.P. 82110, ID: 27266106",4 Recámaras | 4 Baños | 321 m 2,https://propiedades.comhttps://propiedades.com/inmuebles/casa-en-venta-el-cid-sinaloa-27266106
Sinaloa,55,2026-04-06 03:17,"$3,000,000 MXN","Venta de casa en SAN LUCIO #00Int. 00, Col. Hacienda del Seminario, Mazatlán, Sinaloa, México, C.P. 82129, ID: 28146382",3 Recámaras | 3 Baños | 114 m 2,https://propiedades.comhttps://propiedades.com/inmuebles/casa-en-venta-san-lucio-00-hacienda-del-seminario-sinaloa-28146382
Sinaloa,55,2026-04-06 03:17,"$1,902,094 MXN","Venta de casa , Col. Andalucía, Ahome, Sinaloa, México, C.P. 81294, ID: 30457454",3 Recámaras | 1 Baño | 76 m 2,https://propiedades.comhttps://propiedades.com/inmuebles/casa-en-venta-andalucia-sinaloa-30457454
Sinaloa,55,2026-04-06 03:17,"$3,815,000 MXN","Se vende casa , Col. Cerritos Resort, Mazatlán, Sinaloa, México, C.P. 82112, ID: 29814411",3 Recámaras | 2 Baños | 101 m 2,https://propiedades.comhttps://propiedades.com/inmuebles/casa-en-venta-cerritos-resort-sinaloa-29814411
Sinaloa,55,2026-04-06 03:17,"$3,678,000 MXN","Se vende casa en , Col. Hacienda del Seminario, Mazatlán, Sinaloa, México, C.P. 82129, ID: 30951534",3 Recámaras | 3 Baños | 146 m 2,https://propiedades.comhttps://propiedades.com/inmuebles/casa-en-venta-hacienda-del-seminario-sinaloa-30951534
Sinaloa,55,2026-04-06 03:17,"$6,495,000 MXN","Se vende casa Av. Mario Arturo Huerta Sanchez, Col. Azul Pacific, Mazatlán, Sinaloa, México, C.P. 82112, ID: 30526865",3 Recámaras | 290 m 2,https://propiedades.comhttps://propiedades.com/inmuebles/casa-en-venta-av-mario-arturo-huerta-sanchez-azul-pacific-sinaloa-30526865
Sinaloa,55,2026-04-06 03:17,"$16,300,000 MXN","rio, Col. Guadalupe, Culiacán, Sinaloa, México, C.P. 80220, ID: 27430310",4 Recámaras | 5 Baños | 574 m 2,https://propiedades.comhttps://propiedades.com/inmuebles/casa-en-venta-rio-guadalupe-sinaloa-27430310
Sinaloa,55,2026-04-06 03:17,"$15,500,000 MXN","Casa disponible en venta en Montebello, Col. Montebello, Culiacán, Sinaloa, México, C.P. 80227, ID: 30135748",4 Recámaras | 4 Baños | 568 m 2,https://propiedades.comhttps://propiedades.com/inmuebles/casa-en-venta-montebello-montebello-sinaloa-30135748
Sinaloa,55,2026-04-06 03:17,"$975,000 MXN","Casa en venta disponible en , Col. Puerta de San Marcos, Mazatlán, Sinaloa, México, C.P. 82313, ID: 30514544",2 Recámaras | 1 Baño | 102 m 2,https://propiedades.comhttps://propiedades.com/inmuebles/casa-en-venta-puerta-de-san-marcos-sinaloa-30514544
Sinaloa,55,2026-04-06 03:17,"$6,000,000 MXN","Se vende casa Rio San Lotenzo #455Int. 2, Col. Guadalupe, Culiacán, Sinaloa, México, C.P. 80220, ID: 30784458",5 Recámaras | 6 Baños | 400 m 2,https://propiedades.comhttps://propiedades.com/inmuebles/casa-en-venta-rio-san-lotenzo-455-guadalupe-sinaloa-30784458
Sinaloa,55,2026-04-06 03:17,"$4,000,000 MXN","Casa en venta, Monte Cáucaso #881, Col. Montebello, Culiacán, Sinaloa, México, C.P. 80227, ID: 30518979",5 Recámaras | 2 Baños | 185 m 2,https://propiedades.comhttps://propiedades.com/inmuebles/casa-en-venta-monte-caucaso-881-montebello-sinaloa-30518979
Sinaloa,55,2026-04-06 03:17,"$4,000,000 MXN","Casa en venta, Torre de Londres #7029, Col. Torres Aeropuerto, Culiacán, Sinaloa, México, C.P. 80144, ID: 30518923",3 Recámaras | 3 Baños | 235 m 2,https://propiedades.comhttps://propiedades.com/inmuebles/casa-en-venta-torre-de-londres-7029-torres-aeropuerto-sinaloa-30518923
Sinaloa,55,2026-04-06 03:17,"$5,300,000 MXN","Casa disponible en venta en , Col. Lomas de Guadalupe, Culiacán, Sinaloa, México, C.P. 80250, ID: 28576657",3 Recámaras | 2 Baños | 267 m 2,https://propiedades.comhttps://propiedades.com/inmuebles/casa-en-venta-lomas-de-guadalupe-sinaloa-28576657
Sinaloa,55,2026-04-06 03:17,"$2,400,000 MXN","Casa en venta disponible en Nueva Galicia, Col. Nueva Galicia, Culiacán, Sinaloa, México, C.P. 80295, ID: 28704592",4 Recámaras | 3 Baños | 265 m 2,https://propiedades.comhttps://propiedades.com/inmuebles/casa-en-venta-nueva-galicia-nueva-galicia-sinaloa-28704592
Sinaloa,55,2026-04-06 03:17,"$3,157,740 MXN","Se vende casa en LA RIOJA, Col. Valle Alto, Culiacán, Sinaloa, México, C.P. 80050, ID: 27204321",3 Recámaras | 2 Baños | 136 m 2,https://propiedades.comhttps://propiedades.com/inmuebles/casa-en-venta-la-rioja-valle-alto-sinaloa-27204321
Sinaloa,55,2026-04-06 03:17,"$8,250,000 MXN","Estero, Mazatlán, Sinaloa, Col. Estero, Mazatlán, Sinaloa, México, C.P. 82010, ID: 27698555",3 Recámaras | 2 Baños | 330 m 2,https://propiedades.comhttps://propiedades.com/inmuebles/casa-en-venta-estero-mazatlan-sinaloa-estero-sinaloa-27698555
Sinaloa,55,2026-04-06 03:17,"$5,950,000 MXN","Venta de casa en , Col. Real del Valle, Mazatlán, Sinaloa, México, C.P. 82124, ID: 27820848",3 Recámaras | 3 Baños | 173 m 2,https://propiedades.comhttps://propiedades.com/inmuebles/casa-en-venta-real-del-valle-sinaloa-27820848
Sinaloa,55,2026-04-06 03:17,"$3,900,000 MXN","Casa disponible en venta en , Col. Chulavista, Mazatlán, Sinaloa, México, C.P. 82124, ID: 26980254",3 Recámaras | 3 Baños | 195 m 2,https://propiedades.comhttps://propiedades.com/inmuebles/casa-en-venta-chulavista-sinaloa-26980254
Sinaloa,55,2026-04-06 03:17,"$9,800,000 MXN","Paraíso Mazatlán, Col. Marina Mazatlán, Mazatlán, Sinaloa, México, C.P. 82103, ID: 28517182",4 Recámaras | 4 Baños | 310 m 2,https://propiedades.comhttps://propiedades.com/inmuebles/casa-en-venta-paraiso-mazatlan-marina-mazatlan-sinaloa-28517182
Sinaloa,55,2026-04-06 03:17,"$3,300,000 MXN",", Col. Flores Magón, Mazatlán, Sinaloa, México, C.P. 82190, ID: 30308110",3 Recámaras | 4 Baños | 251 m 2,https://propiedades.comhttps://propiedades.com/inmuebles/casa-en-venta-flores-magon-sinaloa-30308110
Sinaloa,55,2026-04-06 03:17,"$1,650,000 MXN","Venta casa en , Col. Ampliación Valle del Ejido, Mazatlán, Sinaloa, México, C.P. 82134, ID: 27919393",3 Recámaras | 2 Baños | 105 m 2,https://propiedades.comhttps://propiedades.com/inmuebles/casa-en-venta-ampliacion-valle-del-ejido-sinaloa-27919393
Sinaloa,55,2026-04-06 03:17,"$23,000,000 MXN","Venta de casa las fuentes #2501Int. 1, Col. Los Álamos, Culiacán, Sinaloa, México, C.P. 80100, ID: 30564211",4 Recámaras | 5 Baños | 627 m 2,https://propiedades.comhttps://propiedades.com/inmuebles/casa-en-venta-las-fuentes-2501-los-alamos-sinaloa-30564211
Sinaloa,55,2026-04-06 03:17,"$1,580,000 MXN","Casa disponible en venta en CERRO NUBE #1038, Col. Lomas de San Isidro, Culiacán, Sinaloa, México, C.P. 80197, ID: 29368844",2 Recámaras | 1 Baño | 108 m 2,https://propiedades.comhttps://propiedades.com/inmuebles/casa-en-venta-cerro-nube-1038-lomas-de-san-isidro-sinaloa-29368844
Sinaloa,55,2026-04-06 03:17,"$1,850,000 MXN","Melchor Ocampo, Col. Centro, Mazatlán, Sinaloa, México, C.P. 82000, ID: 28595350",2 Recámaras | 2 Baños | 220 m 2,https://propiedades.comhttps://propiedades.com/inmuebles/casa-en-venta-melchor-ocampo-centro-sinaloa-28595350
Sinaloa,55,2026-04-06 03:17,"$4,048,880 MXN","Casa disponible en venta en , Col. Hacienda del Seminario, Mazatlán, Sinaloa, México, C.P. 82129, ID: 30951533",3 Recámaras | 3 Baños | 179 m 2,https://propiedades.comhttps://propiedades.com/inmuebles/casa-en-venta-hacienda-del-seminario-sinaloa-30951533
Sinaloa,55,2026-04-06 03:17,"$4,000,000 MXN","Casa en venta disponible en Río Pánuco #786, Col. Lomas de Guadalupe, Culiacán, Sinaloa, México, C.P. 80250, ID: 28381091",4 Recámaras | 1 Baño | 28 m 2,https://propiedades.comhttps://propiedades.com/inmuebles/casa-en-venta-rio-panuco-786-lomas-de-guadalupe-sinaloa-28381091
Sinaloa,55,2026-04-06 03:17,"$2,490,000 MXN","Casa en venta disponible en Francisco Villa, Mazatlán, Sin., Col. Francisco Villa, Mazatlán, Sinaloa, México, C.P. 82127, ID: 30975799",4 Recámaras | 2 Baños,https://propiedades.comhttps://propiedades.com/inmuebles/casa-en-venta-francisco-villa-mazatlan-sin-francisco-villa-sinaloa-30975799
Sinaloa,55,2026-04-06 03:17,"$15,900,000 MXN","Venta de casa en Cerro de la Campana #3132, Col. Lomas de Mazatlán, Mazatlán, Sinaloa, México, C.P. 82110, ID: 29198401",5 Recámaras | 5 Baños | 400 m 2,https://propiedades.comhttps://propiedades.com/inmuebles/casa-en-venta-cerro-de-la-campana-3132-lomas-de-mazatlan-sinaloa-29198401
Sinaloa,55,2026-04-06 03:17,"$450,000 MXN","Casa disponible en venta en , Col. El Mirador, Culiacán, Sinaloa, México, C.P. 80017, ID: 29528415",3 Recámaras | 1 Baño,https://propiedades.comhttps://propiedades.com/inmuebles/casa-en-venta-el-mirador-sinaloa-29528415
Sinaloa,55,2026-04-06 03:17,"$3,800,000 MXN","CENTRO, Col. La Cruz Centro, Elota, Sinaloa, México, C.P. 82700, ID: 28864994",4 Recámaras | 3 Baños | 183 m 2,https://propiedades.comhttps://propiedades.com/inmuebles/casa-en-venta-centro-la-cruz-centro-sinaloa-28864994
Sinaloa,55,2026-04-06 03:17,"$8,600,000 MXN","Paseo Real #S/n, Col. Club Real, Mazatlán, Sinaloa, México, C.P. 82113, ID: 30675139",4 Recámaras | 3 Baños | 285 m 2,https://propiedades.comhttps://propiedades.com/inmuebles/casa-en-venta-paseo-real-sn-club-real-sinaloa-30675139
Sinaloa,55,2026-04-06 03:17,"$20,000,000 MXN","Se vende casa en Av. Del Mar, Col. Altata, Navolato, Sinaloa, México, C.P. 80363, ID: 26103558",7 Recámaras | 7 Baños | 410 m 2,https://propiedades.comhttps://propiedades.com/inmuebles/casa-en-venta-av-del-mar-altata-sinaloa-26103558
Sinaloa,55,2026-04-06 03:17,"$2,100,000 MXN","Casa disponible en venta en Nuevo Horizontes, Col. 4 de Marzo, Culiacán, Sinaloa, México, C.P. 80054, ID: 28033047",4 Recámaras | 2 Baños | 1 m 2,https://propiedades.comhttps://propiedades.com/inmuebles/casa-en-venta-nuevo-horizontes-4-de-marzo-sinaloa-28033047
Sinaloa,55,2026-04-06 03:17,"$2,850,000 MXN","Venta de casa Blvd Elbert #s/n, Col. Espacios Barcelona, Culiacán, Sinaloa, México, C.P. 80059, ID: 29700175",3 Recámaras | 4 Baños | 143 m 2,https://propiedades.comhttps://propiedades.com/inmuebles/casa-en-venta-blvd-elbert-sn-espacios-barcelona-sinaloa-29700175
Sinaloa,55,2026-04-06 03:17,"$7,860,000 MXN","Venta de casa en Col. Las Villas Residencial, Ahome, Sinaloa, México, C.P. 81271, ID: 30307034",3 Recámaras | 3 Baños | 258 m 2,https://propiedades.comhttps://propiedades.com/inmuebles/casa-en-venta-las-villas-residencial-sinaloa-30307034
Sinaloa,55,2026-04-06 03:17,"$2,090,000 MXN","Venta casa en , Col. Privada la Estancia, Culiacán, Sinaloa, México, C.P. 80143, ID: 30254256",3 Recámaras | 1 Baño | 90 m 2,https://propiedades.comhttps://propiedades.com/inmuebles/casa-en-venta-privada-la-estancia-sinaloa-30254256
Sinaloa,55,2026-04-06 03:17,"$8,450,000 MXN",", Col. El Cid, Mazatlán, Sinaloa, México, C.P. 82110, ID: 28956541",3 Recámaras | 2 Baños | 327 m 2,https://propiedades.comhttps://propiedades.com/inmuebles/casa-en-venta-el-cid-sinaloa-28956541
Sinaloa,56,2026-04-06 03:17,"$3,790,000 MXN","Se vende casa en Montebello, Col. Montebello, Culiacán, Sinaloa, México, C.P. 80227, ID: 28704611",2 Recámaras | 2 Baños | 1 m 2,https://propiedades.comhttps://propiedades.com/inmuebles/casa-en-venta-montebello-montebello-sinaloa-28704611
Sinaloa,56,2026-04-06 03:17,"$2,225,000 MXN","Venta de casa en Valle Alto, Col. Valle Alto, Culiacán, Sinaloa, México, C.P. 80050, ID: 30987757",3 Recámaras | 2 Baños | 1 m 2,https://propiedades.comhttps://propiedades.com/inmuebles/casa-en-venta-valle-alto-valle-alto-sinaloa-30987757
Sinaloa,56,2026-04-06 03:17,"$5,450,000 MXN","Venta de casa Privada San Javier, Col. Colinas de San Miguel, Culiacán, Sinaloa, México, C.P. 80228, ID: 28763299",4 Recámaras | 2 Baños | 280 m 2,https://propiedades.comhttps://propiedades.com/inmuebles/casa-en-venta-privada-san-javier-colinas-de-san-miguel-sinaloa-28763299
Sinaloa,56,2026-04-06 03:17,"$5,930,375 MXN","Se vende casa en Lote 31 #1Int. 100, Col. Marina Mazatlán, Mazatlán, Sinaloa, México, C.P. 82103, ID: 29150662",4 Recámaras | 2 Baños | 227 m 2,https://propiedades.comhttps://propiedades.com/inmuebles/casa-en-venta-lote-31-1-marina-mazatlan-sinaloa-29150662
Sinaloa,56,2026-04-06 03:17,"$16,800,000 MXN","Se vende casa en Gregorio Vazquez #15, Col. Gregorio Vázquez Moreno (San Joachín), Rosario, Sinaloa, México, C.P. 82823, ID: 30279347",4 Recámaras | 3 Baños | 575 m 2,https://propiedades.comhttps://propiedades.com/inmuebles/casa-en-venta-gregorio-vazquez-15-gregorio-vazquez-moreno-san-joachin-sinaloa-30279347
Sinaloa,56,2026-04-06 03:17,"$6,500,000 MXN","Guadalupe, Col. Guadalupe, Culiacán, Sinaloa, México, C.P. 80220, ID: 28704601",4 Recámaras | 4 Baños | 306 m 2,https://propiedades.comhttps://propiedades.com/inmuebles/casa-en-venta-guadalupe-guadalupe-sinaloa-28704601
Sinaloa,56,2026-04-06 03:17,"$7,290,000 MXN",", Col. Marina Mazatlán, Mazatlán, Sinaloa, México, C.P. 82103, ID: 29051618",3 Recámaras | 3 Baños | 327 m 2,https://propiedades.comhttps://propiedades.com/inmuebles/casa-en-venta-marina-mazatlan-sinaloa-29051618
Sinaloa,56,2026-04-06 03:17,"$5,500,000 MXN",", Col. Las Gaviotas, Mazatlán, Sinaloa, México, C.P. 82110, ID: 27222601",3 Recámaras | 2 Baños | 110 m 2,https://propiedades.comhttps://propiedades.com/inmuebles/casa-en-venta-las-gaviotas-sinaloa-27222601
Sinaloa,56,2026-04-06 03:17,"$4,900,000 MXN","principal #2000, Col. Real del Valle, Mazatlán, Sinaloa, México, C.P. 82124, ID: 28145426",3 Recámaras | 3 Baños | 200 m 2,https://propiedades.comhttps://propiedades.com/inmuebles/casa-en-venta-principal-2000-real-del-valle-sinaloa-28145426
Sinaloa,56,2026-04-06 03:17,"$3,950,000 MXN","Venta de casa Vitalia, Col. Conquista del Rey, Culiacán, Sinaloa, México, C.P. 80058, ID: 27752756",3 Recámaras | 3 Baños | 160 m 2,https://propiedades.comhttps://propiedades.com/inmuebles/casa-en-venta-vitalia-conquista-del-rey-sinaloa-27752756
Sinaloa,56,2026-04-06 03:17,"$5,800,000 MXN","Casa en venta disponible en LAS AGUILAS, Col. Altata, Navolato, Sinaloa, México, C.P. 80363, ID: 28453970",5 Recámaras | 3 Baños | 1 m 2,https://propiedades.comhttps://propiedades.com/inmuebles/casa-en-venta-las-aguilas-altata-sinaloa-28453970
Sinaloa,56,2026-04-06 03:17,"$1,600,000 MXN","Se vende casa en VILLA #1345Int. 3, Col. Villa Bonita, Culiacán, Sinaloa, México, C.P. 80199, ID: 30725286",2 Recámaras | 2 Baños | 145 m 2,https://propiedades.comhttps://propiedades.com/inmuebles/casa-en-venta-villa-1345-villa-bonita-sinaloa-30725286
Sinaloa,56,2026-04-06 03:17,"$10,800,000 MXN","Venta de casa COTO PARAISO MARINA #1, Col. Marina Mazatlán, Mazatlán, Sinaloa, México, C.P. 82103, ID: 27908883",4 Recámaras | 5 Baños | 368 m 2,https://propiedades.comhttps://propiedades.com/inmuebles/casa-en-venta-coto-paraiso-marina-1-marina-mazatlan-sinaloa-27908883
Sinaloa,56,2026-04-06 03:17,"$4,200,000 MXN","Venta de casa , Col. Real del Valle, Mazatlán, Sinaloa, México, C.P. 82124, ID: 29854821",3 Recámaras | 2 Baños | 185 m 2,https://propiedades.comhttps://propiedades.com/inmuebles/casa-en-venta-real-del-valle-sinaloa-29854821
Sinaloa,56,2026-04-06 03:17,"$3,490,000 MXN","Venta de casa , Col. Sábalo Country Club, Mazatlán, Sinaloa, México, C.P. 82100, ID: 30552160",3 Recámaras | 2 Baños | 90 m 2,https://propiedades.comhttps://propiedades.com/inmuebles/casa-en-venta-sabalo-country-club-sinaloa-30552160
Sinaloa,56,2026-04-06 03:17,"$2,640,000 MXN","Venta de casa mar mediterraneo, Col. Huerta Grande, Mazatlán, Sinaloa, México, C.P. 82129, ID: 30167869",3 Recámaras | 2 Baños | 80 m 2,https://propiedades.comhttps://propiedades.com/inmuebles/casa-en-venta-mar-mediterraneo-huerta-grande-sinaloa-30167869
Sinaloa,56,2026-04-06 03:17,"$4,200,000 MXN","Venta de casa en Las Abas Residencial, Arrayan, Col. Real Pacífico, Mazatlán, Sinaloa, México, C.P. 82124, ID: 26968127",3 Recámaras | 180 m 2,https://propiedades.comhttps://propiedades.com/inmuebles/casa-en-venta-las-abas-residencial-arrayan-real-pacifico-sinaloa-26968127
Sinaloa,56,2026-04-06 03:17,"$12,500,000 MXN","Venta de casa Ultima #1, Col. Puerta al Mar, Mazatlán, Sinaloa, México, C.P. 82103, ID: 29401531",4 Recámaras | 5 Baños | 350 m 2,https://propiedades.comhttps://propiedades.com/inmuebles/casa-en-venta-ultima-1-puerta-al-mar-sinaloa-29401531
Sinaloa,56,2026-04-06 03:17,"$1,884,537 MXN","Se vende casa en , Col. Andalucía, Ahome, Sinaloa, México, C.P. 81294, ID: 30457463",2 Recámaras | 1 Baño | 76 m 2,https://propiedades.comhttps://propiedades.com/inmuebles/casa-en-venta-andalucia-sinaloa-30457463
Sinaloa,56,2026-04-06 03:17,"$6,350,000 MXN","Venta de casa en , Col. Real del Valle, Mazatlán, Sinaloa, México, C.P. 82124, ID: 27812548",3 Recámaras | 3 Baños | 250 m 2,https://propiedades.comhttps://propiedades.com/inmuebles/casa-en-venta-real-del-valle-sinaloa-27812548
Sinaloa,56,2026-04-06 03:17,"$6,000,000 MXN","SONTERRA, Col. Sonterra Residencial II, Mazatlán, Sinaloa, México, C.P. 82124, ID: 29867186",1 Recámara | 286 m 2,https://propiedades.comhttps://propiedades.com/inmuebles/casa-en-venta-sonterra-sonterra-residencial-ii-sinaloa-29867186
Sinaloa,56,2026-04-06 03:17,"$11,317,000 MXN","Casa disponible en venta en , Col. El Cid, Mazatlán, Sinaloa, México, C.P. 82110, ID: 30310655",4 Recámaras | 4 Baños | 344 m 2,https://propiedades.comhttps://propiedades.com/inmuebles/casa-en-venta-el-cid-sinaloa-30310655
Sinaloa,56,2026-04-06 03:17,"$10,500,000 MXN","Venta casa en MARINA, Col. Altabrisa Residencial, Mazatlán, Sinaloa, México, C.P. 82112, ID: 28594450",4 Recámaras | 4 Baños | 340 m 2,https://propiedades.comhttps://propiedades.com/inmuebles/casa-en-venta-marina-altabrisa-residencial-sinaloa-28594450
Sinaloa,56,2026-04-06 03:17,"$17,000,000 MXN","Venta de casa Sin nombre de calle, Col. El Cid, Mazatlán, Sinaloa, México, C.P. 82110, ID: 29166580",4 Recámaras | 5 Baños | 363 m 2,https://propiedades.comhttps://propiedades.com/inmuebles/casa-en-venta-sin-nombre-de-calle-el-cid-sinaloa-29166580
Sinaloa,56,2026-04-06 03:17,"$5,600,000 MXN","Casa disponible en venta en Cristobal Colón #499, Col. Centro, Culiacán, Sinaloa, México, C.P. 80000, ID: 28729179",6 Recámaras | 4 Baños | 524 m 2,https://propiedades.comhttps://propiedades.com/inmuebles/casa-en-venta-cristobal-colon-499-centro-sinaloa-28729179
Sinaloa,56,2026-04-06 03:17,"$6,200,000 MXN","Venta casa en Sin nombre de calle, Col. Cerritos Resort, Mazatlán, Sinaloa, México, C.P. 82112, ID: 27766491",4 Recámaras | 8 Baños | 225 m 2,https://propiedades.comhttps://propiedades.com/inmuebles/casa-en-venta-sin-nombre-de-calle-cerritos-resort-sinaloa-27766491
Sinaloa,56,2026-04-06 03:17,"$8,500,000 MXN","Casa disponible en venta en Paseo Paraíso, Col. Marina Mazatlán, Mazatlán, Sinaloa, México, C.P. 82103, ID: 29459874",3 Recámaras | 2 Baños | 240 m 2,https://propiedades.comhttps://propiedades.com/inmuebles/casa-en-venta-paseo-paraiso-marina-mazatlan-sinaloa-29459874
Sinaloa,56,2026-04-06 03:17,"$13,950,000 MXN","Casa en venta disponible en VENUS / EL CIELO PARQUE RESIDENCIAL, Col. Quintas del Mar, Mazatlán, Sinaloa, México, C.P. 82112, ID: 30530900",3 Recámaras | 307 m 2,https://propiedades.comhttps://propiedades.com/inmuebles/casa-en-venta-venus-el-cielo-parque-residencial-quintas-del-mar-sinaloa-30530900
Sinaloa,56,2026-04-06 03:17,"$6,170,000 MXN","Casa disponible en venta en Col. Marina Mazatlán, Mazatlán, Sinaloa, México, C.P. 82103, ID: 29536504",4 Recámaras | 3 Baños,https://propiedades.comhttps://propiedades.com/inmuebles/casa-en-venta-marina-mazatlan-sinaloa-29536504
Sinaloa,56,2026-04-06 03:17,"$1,295,000 MXN","Venta de casa en CONOCIDO, Col. Altata, Navolato, Sinaloa, México, C.P. 80363, ID: 24343423",2 Recámaras | 1 Baño | 90 m 2,https://propiedades.comhttps://propiedades.com/inmuebles/casa-en-venta-conocido-altata-sinaloa-24343423
Sinaloa,56,2026-04-06 03:17,"$5,500,000 MXN","Venta de casa utah #2378, Col. Sonterra Residencial II, Mazatlán, Sinaloa, México, C.P. 82124, ID: 28538616",4 Recámaras | 3 Baños | 230 m 2,https://propiedades.comhttps://propiedades.com/inmuebles/casa-en-venta-utah-2378-sonterra-residencial-ii-sinaloa-28538616
Sinaloa,56,2026-04-06 03:17,"$7,300,000 MXN","Casa en venta, Paseo del Palmar, Col. Marina Mazatlán, Mazatlán, Sinaloa, México, C.P. 82103, ID: 28517181",1 Recámara | 1 Baño | 1 m 2,https://propiedades.comhttps://propiedades.com/inmuebles/casa-en-venta-paseo-del-palmar-marina-mazatlan-sinaloa-28517181
Sinaloa,56,2026-04-06 03:17,"$14,000,000 MXN","Venta casa en Juan Escutia, Col. Chapultepec, Culiacán, Sinaloa, México, C.P. 80040, ID: 28487722",4 Recámaras | 5 Baños | 446 m 2,https://propiedades.comhttps://propiedades.com/inmuebles/casa-en-venta-juan-escutia-chapultepec-sinaloa-28487722
Sinaloa,56,2026-04-06 03:17,"$4,300,000 MXN","Casa disponible en venta en Boulevard Diamante #3153, Col. Villa Fontana, Culiacán, Sinaloa, México, C.P. 80028, ID: 28381095",3 Recámaras | 3 Baños | 28 m 2,https://propiedades.comhttps://propiedades.com/inmuebles/casa-en-venta-boulevard-diamante-3153-villa-fontana-sinaloa-28381095
Sinaloa,56,2026-04-06 03:17,"$4,368,000 MXN","Venta de casa en , Col. Real del Valle, Mazatlán, Sinaloa, México, C.P. 82124, ID: 27006691",5 Recámaras | 3 Baños | 246 m 2,https://propiedades.comhttps://propiedades.com/inmuebles/casa-en-venta-real-del-valle-sinaloa-27006691
Sinaloa,56,2026-04-06 03:17,"$1,200,000 MXN","Casa en venta disponible en Santa Teresa, Col. Santa Teresa, Mazatlán, Sinaloa, México, C.P. 82277, ID: 29548855",3 Recámaras | 1 Baño | 147 m 2,https://propiedades.comhttps://propiedades.com/inmuebles/casa-en-venta-santa-teresa-santa-teresa-sinaloa-29548855
Sinaloa,56,2026-04-06 03:17,"$1,460,800 MXN",", Col. Los Huertos, Culiacán, Sinaloa, México, C.P. 80019, ID: 30985503",2 Recámaras | 2 Baños | 68 m 2,https://propiedades.comhttps://propiedades.com/inmuebles/casa-en-venta-los-huertos-sinaloa-30985503
Sinaloa,56,2026-04-06 03:17,"$1,185,000 MXN","Venta de casa en Sin nombre de calle, Col. Alameda, Mazatlán, Sinaloa, México, C.P. 82123, ID: 29140631",3 Recámaras | 2 Baños | 135 m 2,https://propiedades.comhttps://propiedades.com/inmuebles/casa-en-venta-sin-nombre-de-calle-alameda-sinaloa-29140631
Sinaloa,56,2026-04-06 03:17,"$1,700,000 MXN","Venta casa en Libramiento II, Col. Ampliación Valle del Ejido, Mazatlán, Sinaloa, México, C.P. 82134, ID: 29548861",2 Recámaras | 1 Baño | 119 m 2,https://propiedades.comhttps://propiedades.com/inmuebles/casa-en-venta-libramiento-ii-ampliacion-valle-del-ejido-sinaloa-29548861
Sinaloa,56,2026-04-06 03:17,"$4,750,000 MXN","Venta de casa , Col. Real del Valle, Mazatlán, Sinaloa, México, C.P. 82124, ID: 29854819",4 Recámaras | 3 Baños | 198 m 2,https://propiedades.comhttps://propiedades.com/inmuebles/casa-en-venta-real-del-valle-sinaloa-29854819
Sinaloa,56,2026-04-06 03:17,"$1,950,000 MXN","Casa en venta disponible en mar #3911, Col. Terranova, Mazatlán, Sinaloa, México, C.P. 82124, ID: 29522493",3 Recámaras | 2 Baños,https://propiedades.comhttps://propiedades.com/inmuebles/casa-en-venta-mar-3911-terranova-sinaloa-29522493
Sinaloa,56,2026-04-06 03:17,"$3,000,000 MXN","Priv. Mediterráneo #5210, Col. Valle Alto, Culiacán, Sinaloa, México, C.P. 80050, ID: 30702054",3 Recámaras | 2 Baños | 177 m 2,https://propiedades.comhttps://propiedades.com/inmuebles/casa-en-venta-priv-mediterraneo-5210-valle-alto-sinaloa-30702054
Sinaloa,56,2026-04-06 03:17,"$7,500,000 MXN","Se vende casa CIRCUITO ATLANTICO, Col. Altabrisa Residencial, Mazatlán, Sinaloa, México, C.P. 82112, ID: 28996221",4 Recámaras | 4 Baños | 294 m 2,https://propiedades.comhttps://propiedades.com/inmuebles/casa-en-venta-circuito-atlantico-altabrisa-residencial-sinaloa-28996221
Sinaloa,56,2026-04-06 03:17,"$2,190,000 MXN","Casa en venta disponible en Veredas del mar #S/n, Col. Rincón de Las Plazas, Mazatlán, Sinaloa, México, C.P. 82125, ID: 29389530",3 Recámaras | 2 Baños | 70 m 2,https://propiedades.comhttps://propiedades.com/inmuebles/casa-en-venta-veredas-del-mar-sn-rincon-de-las-plazas-sinaloa-29389530
Sinaloa,57,2026-04-06 03:17,"$5,400,000 MXN","Casa en venta disponible en DIAMANTE, Col. Bonanza, Culiacán, Sinaloa, México, C.P. 80020, ID: 30450543",3 Recámaras | 2 Baños | 191 m 2,https://propiedades.comhttps://propiedades.com/inmuebles/casa-en-venta-diamante-bonanza-sinaloa-30450543
Sinaloa,57,2026-04-06 03:17,"$8,900,000 MXN","Las gaviotas #s/n, Col. Las Gaviotas, Mazatlán, Sinaloa, México, C.P. 82110, ID: 29945322",4 Recámaras | 4 Baños | 311 m 2,https://propiedades.comhttps://propiedades.com/inmuebles/casa-en-venta-las-gaviotas-sn-las-gaviotas-sinaloa-29945322
Sinaloa,57,2026-04-06 03:17,"$5,500,000 MXN","Casa disponible en venta en , Col. Marina Mazatlán, Mazatlán, Sinaloa, México, C.P. 82103, ID: 28160437",3 Recámaras | 2 Baños | 249 m 2,https://propiedades.comhttps://propiedades.com/inmuebles/casa-en-venta-marina-mazatlan-sinaloa-28160437
Sinaloa,57,2026-04-06 03:17,"$3,450,000 MXN","Se vende casa en , Col. Hacienda Molino de Flores, Culiacán, Sinaloa, México, C.P. 80155, ID: 30390595",2 Baños | 218 m 2,https://propiedades.comhttps://propiedades.com/inmuebles/casa-en-venta-hacienda-molino-de-flores-sinaloa-30390595
Sinaloa,57,2026-04-06 03:17,"$10,750,000 MXN","Casa disponible en venta en Sin nombre de calle, Col. Marina Mazatlán, Mazatlán, Sinaloa, México, C.P. 82103, ID: 27812572",4 Recámaras | 5 Baños | 330 m 2,https://propiedades.comhttps://propiedades.com/inmuebles/casa-en-venta-sin-nombre-de-calle-marina-mazatlan-sinaloa-27812572
Sinaloa,57,2026-04-06 03:17,"$1,650,000 MXN","SANTA ROSA, Col. Santa Rosa, Mazatlán, Sinaloa, México, C.P. 82134, ID: 29867185",3 Recámaras | 2 Baños,https://propiedades.comhttps://propiedades.com/inmuebles/casa-en-venta-santa-rosa-santa-rosa-sinaloa-29867185
Sinaloa,57,2026-04-06 03:17,"$4,200,000 MXN","Venta casa en Av. Real del Valle 4123, Real del Valle, 82124 Mazatlán, Sin. #4123, Col. Real del Valle, Mazatlán, Sinaloa, México, C.P. 82124, ID: 30913707",3 Recámaras | 2 Baños | 235 m 2,https://propiedades.comhttps://propiedades.com/inmuebles/casa-en-venta-av-real-del-valle-4123-real-del-valle-82124-mazatlan-sin-4123-real-del-valle-sinaloa-30913707
Sinaloa,57,2026-04-06 03:17,"$4,300,000 MXN","Casa en venta disponible en , Col. Marina Mazatlán, Mazatlán, Sinaloa, México, C.P. 82103, ID: 28967989",4 Recámaras | 3 Baños | 175 m 2,https://propiedades.comhttps://propiedades.com/inmuebles/casa-en-venta-marina-mazatlan-sinaloa-28967989
Sinaloa,57,2026-04-06 03:17,"$1,600,000 MXN","Se vende casa , Col. Villa Huites, Ahome, Sinaloa, México, C.P. 81256, ID: 26544379",4 Recámaras | 3 Baños | 216 m 2,https://propiedades.comhttps://propiedades.com/inmuebles/casa-en-venta-villa-huites-sinaloa-26544379
Sinaloa,57,2026-04-06 03:17,"$993,919 MXN","Col. Los Mochis (Los Mochis), Ahome, Sinaloa, México, C.P. 81369, ID: 30856095",2 Recámaras | 1 Baño | 42 m 2,https://propiedades.comhttps://propiedades.com/inmuebles/casa-en-venta-los-mochis-los-mochis-sinaloa-30856095
Sinaloa,57,2026-04-06 03:17,"$1,355,000 MXN","Avenida Álvaro Obregón #1111, Col. Centro, Culiacán, Sinaloa, México, C.P. 80000, ID: 28744646",2 Recámaras | 58 m 2,https://propiedades.comhttps://propiedades.com/inmuebles/casa-en-venta-avenida-alvaro-obregon-1111-centro-sinaloa-28744646
Sinaloa,57,2026-04-06 03:17,"$2,850,000 MXN","Venta casa en AV. Santa Rosa, Col. Santa Rosa, Mazatlán, Sinaloa, México, C.P. 82134, ID: 29548853",3 Recámaras | 2 Baños | 200 m 2,https://propiedades.comhttps://propiedades.com/inmuebles/casa-en-venta-av-santa-rosa-santa-rosa-sinaloa-29548853
Sinaloa,57,2026-04-06 03:17,"$4,900,000 MXN","Venta de casa en Avenida Virtud #1451, Col. Bosques del Rey, Culiacán, Sinaloa, México, C.P. 80058, ID: 28743511",3 Recámaras | 3 Baños | 210 m 2,https://propiedades.comhttps://propiedades.com/inmuebles/casa-en-venta-avenida-virtud-1451-bosques-del-rey-sinaloa-28743511
Sinaloa,57,2026-04-06 03:17,"$2,210,560 MXN",", Col. Santa Elena, Culiacán, Sinaloa, México, C.P. 80028, ID: 30970093",3 Recámaras | 2 Baños | 118 m 2,https://propiedades.comhttps://propiedades.com/inmuebles/casa-en-venta-santa-elena-sinaloa-30970093
Sinaloa,57,2026-04-06 03:17,"$2,400,000 MXN","Venta de casa en Stanza Córcega Costerita, Col. Stanza Toscana, Culiacán, Sinaloa, México, C.P. 80050, ID: 29736154",3 Recámaras | 2 Baños | 113 m 2,https://propiedades.comhttps://propiedades.com/inmuebles/casa-en-venta-stanza-corcega-costerita-stanza-toscana-sinaloa-29736154
Sinaloa,57,2026-04-06 03:17,"$3,200,000 MXN","Venta de casa en Calamar #2, Col. Real Pacífico, Mazatlán, Sinaloa, México, C.P. 82124, ID: 28414117",3 Recámaras | 3 Baños | 196 m 2,https://propiedades.comhttps://propiedades.com/inmuebles/casa-en-venta-calamar-2-real-pacifico-sinaloa-28414117
Sinaloa,57,2026-04-06 03:17,"$6,131,800 MXN",", Col. Marina Mazatlán, Mazatlán, Sinaloa, México, C.P. 82103, ID: 23169916",3 Recámaras | 3 Baños | 200 m 2,https://propiedades.comhttps://propiedades.com/inmuebles/casa-en-venta-marina-mazatlan-sinaloa-23169916
Sinaloa,57,2026-04-06 03:17,"$1,650,000 MXN","Venta de casa en Los Venados, 82154 Mazatlán, Sin., Col. Los Venados, Mazatlán, Sinaloa, México, C.P. 82154, ID: 30528310",2 Recámaras | 1 Baño | 64 m 2,https://propiedades.comhttps://propiedades.com/inmuebles/casa-en-venta-los-venados-82154-mazatlan-sin-los-venados-sinaloa-30528310
Sinaloa,57,2026-04-06 03:17,"$2,900,000 MXN","Casa en venta, Bahia de Altata, Col. Nuevo Culiacán, Culiacán, Sinaloa, México, C.P. 80170, ID: 27326911",5 Recámaras | 4 Baños | 285 m 2,https://propiedades.comhttps://propiedades.com/inmuebles/casa-en-venta-bahia-de-altata-nuevo-culiacan-sinaloa-27326911
Sinaloa,57,2026-04-06 03:17,"$6,490,000 MXN","Venta casa en , Col. Cerritos Resort, Mazatlán, Sinaloa, México, C.P. 82112, ID: 25865645",3 Recámaras | 3 Baños | 160 m 2,https://propiedades.comhttps://propiedades.com/inmuebles/casa-en-venta-cerritos-resort-sinaloa-25865645
Sinaloa,57,2026-04-06 03:17,"$4,000,000 MXN","Se vende casa en LAS ISLAS, Col. Los Mochis (Los Mochis), Ahome, Sinaloa, México, C.P. 81369, ID: 30797171",3 Recámaras | 3 Baños | 240 m 2,https://propiedades.comhttps://propiedades.com/inmuebles/casa-en-venta-las-islas-los-mochis-los-mochis-sinaloa-30797171
Sinaloa,57,2026-04-06 03:17,"$7,000,000 MXN","Venta de casa , Col. Gastelum, Ahome, Sinaloa, México, C.P. 81245, ID: 28913211",4 Recámaras | 6 Baños | 495 m 2,https://propiedades.comhttps://propiedades.com/inmuebles/casa-en-venta-gastelum-sinaloa-28913211
Sinaloa,57,2026-04-06 03:17,"$1,550,000 MXN","Casa en venta disponible en Pradera Dorada 7, Col. Pradera Dorada II, Mazatlán, Sinaloa, México, C.P. 82139, ID: 29702274",4 Recámaras | 3 Baños,https://propiedades.comhttps://propiedades.com/inmuebles/casa-en-venta-pradera-dorada-7-pradera-dorada-ii-sinaloa-29702274
Sinaloa,57,2026-04-06 03:17,"$1,750,000 MXN","Casa en venta disponible en Fraccionamiento del bosque, Col. Del Bosque, Mazatlán, Sinaloa, México, C.P. 82187, ID: 29699102",2 Recámaras | 1 Baño,https://propiedades.comhttps://propiedades.com/inmuebles/casa-en-venta-fraccionamiento-del-bosque-del-bosque-sinaloa-29699102
Sinaloa,57,2026-04-06 03:17,"$4,750,000 MXN","Real del Valle, Mazatlán, Sinaloa, Col. Real del Valle, Mazatlán, Sinaloa, México, C.P. 82124, ID: 26823324",4 Recámaras | 3 Baños | 210 m 2,https://propiedades.comhttps://propiedades.com/inmuebles/casa-en-venta-real-del-valle-mazatlan-sinaloa-real-del-valle-sinaloa-26823324
Sinaloa,57,2026-04-06 03:17,"$4,650,000 MXN","Venta casa en Coto Toscana, Col. Benevento Residencial, Culiacán, Sinaloa, México, C.P. 80014, ID: 26199378",3 Recámaras | 4 Baños | 208 m 2,https://propiedades.comhttps://propiedades.com/inmuebles/casa-en-venta-coto-toscana-benevento-residencial-sinaloa-26199378
Sinaloa,57,2026-04-06 03:17,"$12,000,000 MXN","Casa disponible en venta en , Col. Centro, Mazatlán, Sinaloa, México, C.P. 82000, ID: 26980251",5 Recámaras | 5 Baños | 647 m 2,https://propiedades.comhttps://propiedades.com/inmuebles/casa-en-venta-centro-sinaloa-26980251
Sinaloa,57,2026-04-06 03:17,"$1,780,000 MXN","Casa en venta disponible en , Col. Las Terrazas, Culiacán, Sinaloa, México, C.P. 80140, ID: 30964813",2 Recámaras | 1 Baño | 74 m 2,https://propiedades.comhttps://propiedades.com/inmuebles/casa-en-venta-las-terrazas-sinaloa-30964813
Sinaloa,57,2026-04-06 03:17,"$6,450,000 MXN","Casa en venta disponible en , Col. Marina Mazatlán, Mazatlán, Sinaloa, México, C.P. 82103, ID: 28943245",4 Recámaras | 4 Baños | 236 m 2,https://propiedades.comhttps://propiedades.com/inmuebles/casa-en-venta-marina-mazatlan-sinaloa-28943245
Sinaloa,57,2026-04-06 03:17,"$5,300,000 MXN","Sin nombre de calle, Col. Cerritos Resort, Mazatlán, Sinaloa, México, C.P. 82112, ID: 27598453",3 Recámaras | 3 Baños | 122 m 2,https://propiedades.comhttps://propiedades.com/inmuebles/casa-en-venta-sin-nombre-de-calle-cerritos-resort-sinaloa-27598453
Sinaloa,57,2026-04-06 03:17,"$12,500,000 MXN","Se vende casa en SAN JUAN, Col. La Primavera, Culiacán, Sinaloa, México, C.P. 80434, ID: 30306766",3 Recámaras | 3 Baños | 345 m 2,https://propiedades.comhttps://propiedades.com/inmuebles/casa-en-venta-san-juan-la-primavera-sinaloa-30306766
Sinaloa,57,2026-04-06 03:17,"$2,850,000 MXN","Venta casa en Republica Mexicana #WHI296614, Col. República Mexicana, Culiacán, Sinaloa, México, C.P. 80279, ID: 26436497",4 Recámaras | 3 Baños | 300 m 2,https://propiedades.comhttps://propiedades.com/inmuebles/casa-en-venta-republica-mexicana-whi296614-republica-mexicana-sinaloa-26436497
Sinaloa,57,2026-04-06 03:17,"$5,040,000 MXN","Casa en venta, bulevar sonterra #6371, Col. Real del Valle, Mazatlán, Sinaloa, México, C.P. 82124, ID: 27097407",4 Recámaras | 4 Baños | 210 m 2,https://propiedades.comhttps://propiedades.com/inmuebles/casa-en-venta-bulevar-sonterra-6371-real-del-valle-sinaloa-27097407
Sinaloa,57,2026-04-06 03:17,"$4,550,000 MXN","Se vende casa en , Col. Sábalo Country Club, Mazatlán, Sinaloa, México, C.P. 82100, ID: 29940818",3 Recámaras | 3 Baños | 141 m 2,https://propiedades.comhttps://propiedades.com/inmuebles/casa-en-venta-sabalo-country-club-sinaloa-29940818
Sinaloa,57,2026-04-06 03:17,"$1,700,000 MXN","Casa en venta, Arboledas, Col. Arboledas I, Mazatlán, Sinaloa, México, C.P. 82132, ID: 28681488",2 Recámaras | 1 Baño | 99 m 2,https://propiedades.comhttps://propiedades.com/inmuebles/casa-en-venta-arboledas-arboledas-i-sinaloa-28681488
Sinaloa,57,2026-04-06 03:17,"$4,000,000 MXN","Casa disponible en venta en MONTE ARARAT #942, Col. Montebello, Culiacán, Sinaloa, México, C.P. 80227, ID: 28865003",4 Recámaras | 4 Baños | 232 m 2,https://propiedades.comhttps://propiedades.com/inmuebles/casa-en-venta-monte-ararat-942-montebello-sinaloa-28865003
Sinaloa,57,2026-04-06 03:17,"$5,500,000 MXN","SONTERRA RESIDENCIAL, Col. Sonterra Residencial II, Mazatlán, Sinaloa, México, C.P. 82124, ID: 30306715",3 Recámaras | 2 Baños,https://propiedades.comhttps://propiedades.com/inmuebles/casa-en-venta-sonterra-residencial-sonterra-residencial-ii-sinaloa-30306715
Sinaloa,57,2026-04-06 03:17,"$6,800,000 MXN","Casa disponible en venta en Rio Culiacán #409, Col. Guadalupe, Culiacán, Sinaloa, México, C.P. 80220, ID: 28158730",5 Recámaras | 4 Baños | 306 m 2,https://propiedades.comhttps://propiedades.com/inmuebles/casa-en-venta-rio-culiacan-409-guadalupe-sinaloa-28158730
Sinaloa,57,2026-04-06 03:17,"$3,450,000 MXN","Casa disponible en venta en , Col. Los Mochis (Los Mochis), Ahome, Sinaloa, México, C.P. 81369, ID: 30442120",4 Recámaras | 3 Baños | 160 m 2,https://propiedades.comhttps://propiedades.com/inmuebles/casa-en-venta-los-mochis-los-mochis-sinaloa-30442120
Sinaloa,57,2026-04-06 03:17,"$17,500,000 MXN","Puerto Cádiz #s/n, Col. El Cid, Mazatlán, Sinaloa, México, C.P. 82110, ID: 28323787",4 Recámaras | 5 Baños | 345 m 2,https://propiedades.comhttps://propiedades.com/inmuebles/casa-en-venta-puerto-cadiz-sn-el-cid-sinaloa-28323787
Sinaloa,57,2026-04-06 03:17,"$4,650,000 MXN","Se vende casa Milan #37, Col. Real del Valle, Mazatlán, Sinaloa, México, C.P. 82124, ID: 29163312",4 Recámaras | 4 Baños | 210 m 2,https://propiedades.comhttps://propiedades.com/inmuebles/casa-en-venta-milan-37-real-del-valle-sinaloa-29163312
Sinaloa,57,2026-04-06 03:17,"$3,950,000 MXN","Casa en venta, platino sur, Col. Coto Platino, Mazatlán, Sinaloa, México, C.P. 82124, ID: 30687065",3 Recámaras | 2 Baños | 145 m 2,https://propiedades.comhttps://propiedades.com/inmuebles/casa-en-venta-platino-sur-coto-platino-sinaloa-30687065
Sinaloa,57,2026-04-06 03:17,"$6,500,000 MXN","Venta de casa en , Col. Real del Valle, Mazatlán, Sinaloa, México, C.P. 82124, ID: 25010556",3 Recámaras | 2 Baños,https://propiedades.comhttps://propiedades.com/inmuebles/casa-en-venta-real-del-valle-sinaloa-25010556
Sinaloa,57,2026-04-06 03:17,"$2,950,000 MXN","Casa disponible en venta en Tahues #5372, Col. Portalegre, Culiacán, Sinaloa, México, C.P. 80058, ID: 28141935",3 Recámaras | 2 Baños | 167 m 2,https://propiedades.comhttps://propiedades.com/inmuebles/casa-en-venta-tahues-5372-portalegre-sinaloa-28141935
Sinaloa,58,2026-04-06 03:17,"$350,000 MXN","Se vende casa Av. San Dimas #5535, Col. Santa Fe, Mazatlán, Sinaloa, México, C.P. 82334, ID: 30635097",2 Recámaras | 2 Baños | 100 m 2,https://propiedades.comhttps://propiedades.com/inmuebles/casa-en-venta-av-san-dimas-5535-santa-fe-sinaloa-30635097
Sinaloa,58,2026-04-06 03:17,"$5,990,000 MXN","Se vende casa en avenida ernesto coppel campan ccuartel 0edif 4 31 lt b3a mz 001, Col. El Pozole, Mazatlán, Sinaloa, México, C.P. 82275, ID: 30147905",2 Recámaras | 2 Baños | 80 m 2,https://propiedades.comhttps://propiedades.com/inmuebles/casa-en-venta-avenida-ernesto-coppel-campan-ccuartel-0edif-4-31-lt-b3a-mz-001-el-pozole-sinaloa-30147905
Sinaloa,58,2026-04-06 03:17,"$2,300,000 MXN","Casa en venta disponible en Stanza Castilla Privada Ávila #5340, Col. Stanza Castilla, Culiacán, Sinaloa, México, C.P. 80058, ID: 30702053",3 Recámaras | 1 Baño | 86 m 2,https://propiedades.comhttps://propiedades.com/inmuebles/casa-en-venta-stanza-castilla-privada-avila-5340-stanza-castilla-sinaloa-30702053
Sinaloa,58,2026-04-06 03:17,"$3,980,000 MXN","Casa disponible en venta en , Col. Real del Valle, Mazatlán, Sinaloa, México, C.P. 82124, ID: 27276218",3 Recámaras | 2 Baños | 177 m 2,https://propiedades.comhttps://propiedades.com/inmuebles/casa-en-venta-real-del-valle-sinaloa-27276218
Sinaloa,58,2026-04-06 03:17,"$4,980,000 MXN","Venta de casa en Barcelona Prime, Col. Espacios Barcelona, Culiacán, Sinaloa, México, C.P. 80059, ID: 28394531",3 Recámaras | 3 Baños | 1 m 2,https://propiedades.comhttps://propiedades.com/inmuebles/casa-en-venta-barcelona-prime-espacios-barcelona-sinaloa-28394531
Sinaloa,58,2026-04-06 03:17,"$4,850,000 MXN","Venta casa en Sin nombre de calle, Col. Real del Valle, Mazatlán, Sinaloa, México, C.P. 82124, ID: 29166587",3 Recámaras | 3 Baños | 186 m 2,https://propiedades.comhttps://propiedades.com/inmuebles/casa-en-venta-sin-nombre-de-calle-real-del-valle-sinaloa-29166587
Sinaloa,58,2026-04-06 03:17,"$11,500,000 MXN","Se vende casa en , Col. Paraíso, Mazatlán, Sinaloa, México, C.P. 82125, ID: 27856529",4 Recámaras | 3 Baños | 308 m 2,https://propiedades.comhttps://propiedades.com/inmuebles/casa-en-venta-paraiso-sinaloa-27856529
Sinaloa,58,2026-04-06 03:17,"$5,850,000 MXN","Casa en venta disponible en , Col. Real del Valle, Mazatlán, Sinaloa, México, C.P. 82124, ID: 30274243",3 Recámaras | 3 Baños | 243 m 2,https://propiedades.comhttps://propiedades.com/inmuebles/casa-en-venta-real-del-valle-sinaloa-30274243
Sinaloa,58,2026-04-06 03:17,"$16,000,000 MXN","Venta de casa en , Col. Interlomas, Culiacán, Sinaloa, México, C.P. 80016, ID: 28893043",5 Recámaras | 6 Baños | 491 m 2,https://propiedades.comhttps://propiedades.com/inmuebles/casa-en-venta-interlomas-sinaloa-28893043
Sinaloa,58,2026-04-06 03:17,"$13,900,000 MXN","Prolongación Obregón Sur, Col. La Ventana, Culiacán, Sinaloa, México, C.P. 80179, ID: 28405782",3 Recámaras | 3 Baños | 552 m 2,https://propiedades.comhttps://propiedades.com/inmuebles/casa-en-venta-prolongacion-obregon-sur-la-ventana-sinaloa-28405782
Sinaloa,58,2026-04-06 03:17,"$1,400,000 MXN","Venta de casa Agustin Lara #285, Col. Centro, Culiacán, Sinaloa, México, C.P. 80000, ID: 30887106",5 Recámaras | 2 Baños | 80 m 2,https://propiedades.comhttps://propiedades.com/inmuebles/casa-en-venta-agustin-lara-285-centro-sinaloa-30887106
Sinaloa,58,2026-04-06 03:17,"$4,500,000 MXN","Casa disponible en venta en Estado de Veracruz, Col. Las Quintas, Culiacán, Sinaloa, México, C.P. 80060, ID: 20247558",4 Recámaras | 3 Baños | 318 m 2,https://propiedades.comhttps://propiedades.com/inmuebles/casa-en-venta-estado-de-veracruz-las-quintas-sinaloa-20247558
Sinaloa,58,2026-04-06 03:17,"$5,600,000 MXN","Se vende casa en , Col. Real del Valle, Mazatlán, Sinaloa, México, C.P. 82124, ID: 27479320",4 Recámaras | 3 Baños | 153 m 2,https://propiedades.comhttps://propiedades.com/inmuebles/casa-en-venta-real-del-valle-sinaloa-27479320
Sinaloa,58,2026-04-06 03:17,"$3,700,000 MXN","Casa en venta disponible en a un costado de polimédica, Col. Hacienda Las Cruces, Mazatlán, Sinaloa, México, C.P. 82126, ID: 30935541",3 Recámaras | 2 Baños | 125 m 2,https://propiedades.comhttps://propiedades.com/inmuebles/casa-en-venta-a-un-costado-de-polimedica-hacienda-las-cruces-sinaloa-30935541
Sinaloa,58,2026-04-06 03:17,"$5,700,000 MXN",", Col. Marina Mazatlán, Mazatlán, Sinaloa, México, C.P. 82103, ID: 28885609",5 Recámaras | 3 Baños | 272 m 2,https://propiedades.comhttps://propiedades.com/inmuebles/casa-en-venta-marina-mazatlan-sinaloa-28885609
Sinaloa,58,2026-04-06 03:17,"$2,900,000 MXN","Ejido Mesilla #12230, Col. Valle Del Ejido, Mazatlán, Sinaloa, México, C.P. 82134, ID: 27976693",4 Recámaras | 4 Baños | 257 m 2,https://propiedades.comhttps://propiedades.com/inmuebles/casa-en-venta-ejido-mesilla-12230-valle-del-ejido-sinaloa-27976693
Sinaloa,58,2026-04-06 03:17,"$6,980,000 MXN","Casa en venta, , Col. Marina Mazatlán, Mazatlán, Sinaloa, México, C.P. 82103, ID: 27724548",4 Recámaras | 4 Baños | 200 m 2,https://propiedades.comhttps://propiedades.com/inmuebles/casa-en-venta-marina-mazatlan-sinaloa-27724548
Sinaloa,58,2026-04-06 03:17,"$12,000,000 MXN","Monte Everest, Col. Montebello, Culiacán, Sinaloa, México, C.P. 80227, ID: 27176295",4 Recámaras | 5 Baños | 680 m 2,https://propiedades.comhttps://propiedades.com/inmuebles/casa-en-venta-monte-everest-montebello-sinaloa-27176295
Sinaloa,58,2026-04-06 03:17,"$3,990,000 MXN","Venta de casa en , Col. Las Quintas, Culiacán, Sinaloa, México, C.P. 80060, ID: 30425965",3 Recámaras | 2 Baños | 206 m 2,https://propiedades.comhttps://propiedades.com/inmuebles/casa-en-venta-las-quintas-sinaloa-30425965
Sinaloa,58,2026-04-06 03:17,"$1,900,000 MXN","Casa en venta, Valles del Ejido, Col. Ampliación Valle del Ejido, Mazatlán, Sinaloa, México, C.P. 82134, ID: 29699110",1 Recámara | 1 Baño | 109 m 2,https://propiedades.comhttps://propiedades.com/inmuebles/casa-en-venta-valles-del-ejido-ampliacion-valle-del-ejido-sinaloa-29699110
Sinaloa,58,2026-04-06 03:17,"$6,200,000 MXN","Se vende casa Sin nombre de calle, Col. Cerritos al Mar, Mazatlán, Sinaloa, México, C.P. 82112, ID: 27768157",4 Recámaras | 4 Baños | 225 m 2,https://propiedades.comhttps://propiedades.com/inmuebles/casa-en-venta-sin-nombre-de-calle-cerritos-al-mar-sinaloa-27768157
Sinaloa,58,2026-04-06 03:17,"$4,600,000 MXN","Venta de casa en Camichin #2, Col. Estadio, Mazatlán, Sinaloa, México, C.P. 82140, ID: 26328197",7 Recámaras | 6 Baños | 350 m 2,https://propiedades.comhttps://propiedades.com/inmuebles/casa-en-venta-camichin-2-estadio-sinaloa-26328197
Sinaloa,58,2026-04-06 03:17,"$1,400,000 MXN","Valle Bonito, Col. Valle Bonito, Mazatlán, Sinaloa, México, C.P. 82136, ID: 29762372",3 Recámaras | 1 Baño | 65 m 2,https://propiedades.comhttps://propiedades.com/inmuebles/casa-en-venta-valle-bonito-valle-bonito-sinaloa-29762372
Sinaloa,58,2026-04-06 03:17,"$1,560,000 MXN","Venta casa en Sin nombre de calle, Col. Valle Del Ejido, Mazatlán, Sinaloa, México, C.P. 82134, ID: 27601837",2 Recámaras | 2 Baños | 87 m 2,https://propiedades.comhttps://propiedades.com/inmuebles/casa-en-venta-sin-nombre-de-calle-valle-del-ejido-sinaloa-27601837
Sinaloa,58,2026-04-06 03:17,"$11,500,000 MXN","Se vende casa AV, SABÁLO CERRITOS #3303, Col. Sábalo Country Club, Mazatlán, Sinaloa, México, C.P. 82100, ID: 27857191",4 Recámaras | 3 Baños | 362 m 2,https://propiedades.comhttps://propiedades.com/inmuebles/casa-en-venta-av-sabalo-cerritos-3303-sabalo-country-club-sinaloa-27857191
Sinaloa,58,2026-04-06 03:17,"$5,500,000 MXN","Venta casa en GENERAL ANTONIO ROSALES #526, Col. Antonio Rosales, Culiacán, Sinaloa, México, C.P. 80230, ID: 29223790",6 Recámaras | 4 Baños | 450 m 2,https://propiedades.comhttps://propiedades.com/inmuebles/casa-en-venta-general-antonio-rosales-526-antonio-rosales-sinaloa-29223790
Sinaloa,58,2026-04-06 03:17,"$23,450,000 MXN","Casa en venta disponible en Sin nombre de calle, Col. Marina Mazatlán, Mazatlán, Sinaloa, México, C.P. 82103, ID: 29166589",4 Recámaras | 6 Baños | 670 m 2,https://propiedades.comhttps://propiedades.com/inmuebles/casa-en-venta-sin-nombre-de-calle-marina-mazatlan-sinaloa-29166589
Sinaloa,58,2026-04-06 03:17,"$1,490,000 MXN",", Col. Centro, Guasave, Sinaloa, México, C.P. 81000, ID: 28840286",2 Recámaras | 2 Baños | 108 m 2,https://propiedades.comhttps://propiedades.com/inmuebles/casa-en-venta-centro-sinaloa-28840286
Sinaloa,58,2026-04-06 03:17,"$2,950,000 MXN","Venta de casa Cerrada #1013, Col. Chutamonas, Salvador Alvarado, Sinaloa, México, C.P. 81460, ID: 27779962",4 Recámaras | 2 Baños | 211 m 2,https://propiedades.comhttps://propiedades.com/inmuebles/casa-en-venta-cerrada-1013-chutamonas-sinaloa-27779962
Sinaloa,58,2026-04-06 03:17,"$3,300,000 MXN","Casa disponible en venta en Los mangos, Col. Ejidal Francisco Villa, Mazatlán, Sinaloa, México, C.P. 82127, ID: 29510735",4 Recámaras | 3 Baños | 235 m 2,https://propiedades.comhttps://propiedades.com/inmuebles/casa-en-venta-los-mangos-ejidal-francisco-villa-sinaloa-29510735
Sinaloa,58,2026-04-06 03:17,"$10,800,000 MXN","Se vende casa av. maralto #01, Col. Almarena Residencial, Mazatlán, Sinaloa, México, C.P. 82112, ID: 29326622",4 Recámaras | 5 Baños | 339 m 2,https://propiedades.comhttps://propiedades.com/inmuebles/casa-en-venta-av-maralto-01-almarena-residencial-sinaloa-29326622
Sinaloa,58,2026-04-06 03:17,"$3,900,000 MXN","Casa disponible en venta en , Col. Real Pacífico, Mazatlán, Sinaloa, México, C.P. 82124, ID: 27222602",3 Recámaras | 3 Baños | 180 m 2,https://propiedades.comhttps://propiedades.com/inmuebles/casa-en-venta-real-pacifico-sinaloa-27222602
Sinaloa,58,2026-04-06 03:17,"$6,270,000 MXN","Se vende casa en Marina Mazatlán, Mazatlán, Sinaloa, Col. Marina Mazatlán, Mazatlán, Sinaloa, México, C.P. 82103, ID: 27402895",3 Recámaras | 2 Baños | 228 m 2,https://propiedades.comhttps://propiedades.com/inmuebles/casa-en-venta-marina-mazatlan-mazatlan-sinaloa-marina-mazatlan-sinaloa-27402895
Sinaloa,58,2026-04-06 03:17,"$3,700,000 MXN","Venta de casa , Col. Real del Valle, Mazatlán, Sinaloa, México, C.P. 82124, ID: 28981663",3 Recámaras | 2 Baños | 168 m 2,https://propiedades.comhttps://propiedades.com/inmuebles/casa-en-venta-real-del-valle-sinaloa-28981663
Sinaloa,58,2026-04-06 03:17,"$3,150,000 MXN","Se vende casa CALLE DE PANAMA #2284, Col. Portabelo, Culiacán, Sinaloa, México, C.P. 80014, ID: 27193852",3 Recámaras | 3 Baños | 178 m 2,https://propiedades.comhttps://propiedades.com/inmuebles/casa-en-venta-calle-de-panama-2284-portabelo-sinaloa-27193852
Sinaloa,58,2026-04-06 03:17,"$3,850,000 MXN","Venta casa en Sin nombre de calle, Col. Real del Valle, Mazatlán, Sinaloa, México, C.P. 82124, ID: 27097405",3 Recámaras | 3 Baños | 125 m 2,https://propiedades.comhttps://propiedades.com/inmuebles/casa-en-venta-sin-nombre-de-calle-real-del-valle-sinaloa-27097405
Sinaloa,58,2026-04-06 03:17,"$1,980,000 MXN","Venta de casa en , Col. Lomas del Sol, Culiacán, Sinaloa, México, C.P. 80016, ID: 29742018",3 Recámaras | 1 Baño | 116 m 2,https://propiedades.comhttps://propiedades.com/inmuebles/casa-en-venta-lomas-del-sol-sinaloa-29742018
Sinaloa,58,2026-04-06 03:17,"$2,800,000 MXN","Casa en venta disponible en FRACCIONAMIENTO SONTERRA, Col. Sonterra Residencial II, Mazatlán, Sinaloa, México, C.P. 82124, ID: 30306712",,https://propiedades.comhttps://propiedades.com/inmuebles/casa-en-venta-fraccionamiento-sonterra-sonterra-residencial-ii-sinaloa-30306712
Sinaloa,58,2026-04-06 03:17,"$700,000 MXN","Se vende casa , Col. Villa Fontana, Culiacán, Sinaloa, México, C.P. 80028, ID: 29188906",3 Recámaras | 1 Baño | 140 m 2,https://propiedades.comhttps://propiedades.com/inmuebles/casa-en-venta-villa-fontana-sinaloa-29188906
Sinaloa,58,2026-04-06 03:17,"$4,600,000 MXN","Venta casa en , Col. Valle Alto, Culiacán, Sinaloa, México, C.P. 80050, ID: 29707699",5 Recámaras | 3 Baños | 144 m 2,https://propiedades.comhttps://propiedades.com/inmuebles/casa-en-venta-valle-alto-sinaloa-29707699
Sinaloa,58,2026-04-06 03:17,"$6,187,000 MXN","Casa en venta, Rafael Buelna #329, Col. Centro, Culiacán, Sinaloa, México, C.P. 80000, ID: 29733123",4 Recámaras | 4 Baños | 320 m 2,https://propiedades.comhttps://propiedades.com/inmuebles/casa-en-venta-rafael-buelna-329-centro-sinaloa-29733123
Sinaloa,58,2026-04-06 03:17,"$2,900,000 MXN","Venta de casa , Col. Nuevo Culiacán, Culiacán, Sinaloa, México, C.P. 80170, ID: 30064276",4 Recámaras | 2 Baños | 337 m 2,https://propiedades.comhttps://propiedades.com/inmuebles/casa-en-venta-nuevo-culiacan-sinaloa-30064276
Sinaloa,58,2026-04-06 03:17,"$2,476,437 MXN","Av. Juan Pablo II, Col. Jaripillo, Mazatlán, Sinaloa, México, C.P. 82136, ID: 30828700",3 Recámaras | 2 Baños | 86 m 2,https://propiedades.comhttps://propiedades.com/inmuebles/casa-en-venta-av-juan-pablo-ii-jaripillo-sinaloa-30828700
Sinaloa,58,2026-04-06 03:17,"$5,890,000 MXN","Venta de casa RIO PIAXTLA #338, Col. Guadalupe, Culiacán, Sinaloa, México, C.P. 80220, ID: 23591142",3 Recámaras | 4 Baños | 443 m 2,https://propiedades.comhttps://propiedades.com/inmuebles/casa-en-venta-rio-piaxtla-338-guadalupe-sinaloa-23591142
Sinaloa,58,2026-04-06 03:17,"$8,500,000 MXN","Venta casa en SAN ALBERTO, Col. Campo Patricia, Culiacán, Sinaloa, México, C.P. 80300, ID: 29754291",3 Recámaras | 3 Baños | 290 m 2,https://propiedades.comhttps://propiedades.com/inmuebles/casa-en-venta-san-alberto-campo-patricia-sinaloa-29754291
Sinaloa,58,2026-04-06 03:17,"$3,500,000 MXN","Casa en venta disponible en Sin nombre de calle, Col. Real del Valle, Mazatlán, Sinaloa, México, C.P. 82124, ID: 27869087",2 Recámaras | 3 Baños | 89 m 2,https://propiedades.comhttps://propiedades.com/inmuebles/casa-en-venta-sin-nombre-de-calle-real-del-valle-sinaloa-27869087
Sinaloa,59,2026-04-06 03:17,"$8,500,000 MXN","Casa en venta disponible en San Alberto 17, Col. La Primavera, Culiacán, Sinaloa, México, C.P. 80434, ID: 28892539",3 Recámaras | 3 Baños | 274 m 2,https://propiedades.comhttps://propiedades.com/inmuebles/casa-en-venta-san-alberto-17-la-primavera-sinaloa-28892539
Sinaloa,59,2026-04-06 03:17,"$1,160,361 MXN","Venta casa en , Col. Los Mochis (Los Mochis), Ahome, Sinaloa, México, C.P. 81369, ID: 30457462",2 Recámaras | 1 Baño | 45 m 2,https://propiedades.comhttps://propiedades.com/inmuebles/casa-en-venta-los-mochis-los-mochis-sinaloa-30457462
Sinaloa,59,2026-04-06 03:17,"$7,140,000 MXN","Venta de casa en Col. Cerritos Resort, Mazatlán, Sinaloa, México, C.P. 82112, ID: 30785111",3 Recámaras | 3 Baños | 355 m 2,https://propiedades.comhttps://propiedades.com/inmuebles/casa-en-venta-cerritos-resort-sinaloa-30785111
Sinaloa,59,2026-04-06 03:17,"$4,500,000 MXN","Se vende casa Avenida Central #4135, Col. Coto Platino, Mazatlán, Sinaloa, México, C.P. 82124, ID: 29166583",3 Recámaras | 3 Baños | 180 m 2,https://propiedades.comhttps://propiedades.com/inmuebles/casa-en-venta-avenida-central-4135-coto-platino-sinaloa-29166583
Sinaloa,59,2026-04-06 03:17,"$9,500,000 MXN","Casa en venta disponible en -, Col. Tres Ríos, Culiacán, Sinaloa, México, C.P. 80020, ID: 27221132",3 Recámaras | 3 Baños | 261 m 2,https://propiedades.comhttps://propiedades.com/inmuebles/casa-en-venta-tres-rios-sinaloa-27221132
Sinaloa,59,2026-04-06 03:17,"$4,748,145 MXN","Se vende casa en , Col. Andalucía, Ahome, Sinaloa, México, C.P. 81294, ID: 30457456",3 Recámaras | 2 Baños | 160 m 2,https://propiedades.comhttps://propiedades.com/inmuebles/casa-en-venta-andalucia-sinaloa-30457456
Sinaloa,59,2026-04-06 03:17,"$3,250,000 MXN","Casa disponible en venta en Av. Gutierrez Najera, Col. Centro, Mazatlán, Sinaloa, México, C.P. 82000, ID: 28004779",163 m 2,https://propiedades.comhttps://propiedades.com/inmuebles/casa-en-venta-av-gutierrez-najera-centro-sinaloa-28004779
Sinaloa,59,2026-04-06 03:17,"$3,150,000 MXN","Casa en venta, Fraccionamiento los Portales, Col. Los Portales, Mazatlán, Sinaloa, México, C.P. 82154, ID: 29548849",2 Recámaras | 1 Baño | 104 m 2,https://propiedades.comhttps://propiedades.com/inmuebles/casa-en-venta-fraccionamiento-los-portales-los-portales-sinaloa-29548849
Sinaloa,59,2026-04-06 03:17,"$2,251,342 MXN",", Col. Los Mochis (Los Mochis), Ahome, Sinaloa, México, C.P. 81369, ID: 30247286",3 Recámaras | 2 Baños | 88 m 2,https://propiedades.comhttps://propiedades.com/inmuebles/casa-en-venta-los-mochis-los-mochis-sinaloa-30247286
Sinaloa,59,2026-04-06 03:17,"$7,690,000 MXN","Casa en venta, Mar #1379, Col. Marina Mazatlán, Mazatlán, Sinaloa, México, C.P. 82103, ID: 29976907",3 Recámaras | 3 Baños | 308 m 2,https://propiedades.comhttps://propiedades.com/inmuebles/casa-en-venta-mar-1379-marina-mazatlan-sinaloa-29976907
Sinaloa,59,2026-04-06 03:17,"$5,366,000 MXN","Casa en venta, Sin nombre de calle, Col. Sonterra Residencial II, Mazatlán, Sinaloa, México, C.P. 82124, ID: 29123369",4 Recámaras | 3 Baños | 220 m 2,https://propiedades.comhttps://propiedades.com/inmuebles/casa-en-venta-sin-nombre-de-calle-sonterra-residencial-ii-sinaloa-29123369
Sinaloa,59,2026-04-06 03:17,"$2,700,000 MXN","CERRITOS, Col. Cerritos Resort, Mazatlán, Sinaloa, México, C.P. 82112, ID: 28138371",3 Recámaras | 3 Baños | 120 m 2,https://propiedades.comhttps://propiedades.com/inmuebles/casa-en-venta-cerritos-cerritos-resort-sinaloa-28138371
Sinaloa,59,2026-04-06 03:17,"$4,200,000 MXN","Casa disponible en venta en Reims, Col. Montecarlo Residencial, Culiacán, Sinaloa, México, C.P. 80054, ID: 26569349",3 Recámaras | 2 Baños | 236 m 2,https://propiedades.comhttps://propiedades.com/inmuebles/casa-en-venta-reims-montecarlo-residencial-sinaloa-26569349
Sinaloa,59,2026-04-06 03:17,"$3,200,000 MXN","Casa en venta disponible en BAHIA DE ACAPULCO, Col. Nuevo Culiacán, Culiacán, Sinaloa, México, C.P. 80170, ID: 29887376",3 Recámaras | 3 Baños | 204 m 2,https://propiedades.comhttps://propiedades.com/inmuebles/casa-en-venta-bahia-de-acapulco-nuevo-culiacan-sinaloa-29887376
Sinaloa,59,2026-04-06 03:17,"$4,750,000 MXN","Venta de casa en Prados de la Conquista, Col. La Conquista, Culiacán, Sinaloa, México, C.P. 80058, ID: 27880655",3 Recámaras | 2 Baños | 1 m 2,https://propiedades.comhttps://propiedades.com/inmuebles/casa-en-venta-prados-de-la-conquista-la-conquista-sinaloa-27880655
Sinaloa,59,2026-04-06 03:17,"$2,190,000 MXN","Casa en venta, Carretera Federal 15 #15, Col. Hacienda del Seminario, Mazatlán, Sinaloa, México, C.P. 82129, ID: 30528102",3 Recámaras | 1 Baño | 70 m 2,https://propiedades.comhttps://propiedades.com/inmuebles/casa-en-venta-carretera-federal-15-15-hacienda-del-seminario-sinaloa-30528102
Sinaloa,59,2026-04-06 03:17,"$3,500,000 MXN","Casa en venta disponible en Sin nombre de calle, Col. Sábalo Country Club, Mazatlán, Sinaloa, México, C.P. 82100, ID: 27808416",2 Recámaras | 1 Baño | 120 m 2,https://propiedades.comhttps://propiedades.com/inmuebles/casa-en-venta-sin-nombre-de-calle-sabalo-country-club-sinaloa-27808416
Sinaloa,59,2026-04-06 03:17,"$2,650,000 MXN","calle las palomas col. villas del estero , Col. Villas del Estero, Mazatlán, Sinaloa, México, C.P. 82156, ID: 29435566",3 Recámaras | 2 Baños | 166 m 2,https://propiedades.comhttps://propiedades.com/inmuebles/casa-en-venta-calle-las-palomas-col-villas-del-estero-villas-del-estero-sinaloa-29435566
Sinaloa,59,2026-04-06 03:17,"$4,580,000 MXN","Venta de casa Turin 1723 #7346, Col. Real del Valle, Mazatlán, Sinaloa, México, C.P. 82124, ID: 28517145",4 Recámaras | 3 Baños | 198 m 2,https://propiedades.comhttps://propiedades.com/inmuebles/casa-en-venta-turin-1723-7346-real-del-valle-sinaloa-28517145
Sinaloa,59,2026-04-06 03:17,"$14,500,000 MXN","Venta casa en , Col. Sábalo Country Club, Mazatlán, Sinaloa, México, C.P. 82100, ID: 29380898",3 Recámaras | 3 Baños | 285 m 2,https://propiedades.comhttps://propiedades.com/inmuebles/casa-en-venta-sabalo-country-club-sinaloa-29380898
Sinaloa,59,2026-04-06 03:17,"$3,550,000 MXN","Venta casa en Nuevo Altata Punta Esmeralda Grand, Col. Navolato Centro, Navolato, Sinaloa, México, C.P. 80320, ID: 29736157",3 Recámaras | 4 Baños | 101 m 2,https://propiedades.comhttps://propiedades.com/inmuebles/casa-en-venta-nuevo-altata-punta-esmeralda-grand-navolato-centro-sinaloa-29736157
Sinaloa,59,2026-04-06 03:17,"$5,500,000 MXN","Se vende casa Centro #WHI294346, Col. Centro, Guasave, Sinaloa, México, C.P. 81000, ID: 26159260",4 Recámaras | 3 Baños | 288 m 2,https://propiedades.comhttps://propiedades.com/inmuebles/casa-en-venta-centro-whi294346-centro-sinaloa-26159260
Sinaloa,59,2026-04-06 03:17,"$4,040,000 MXN","Casa en venta, , Col. Real del Valle, Mazatlán, Sinaloa, México, C.P. 82124, ID: 27820849",3 Recámaras | 2 Baños,https://propiedades.comhttps://propiedades.com/inmuebles/casa-en-venta-real-del-valle-sinaloa-27820849
Sinaloa,59,2026-04-06 03:17,"$3,200,000 MXN","The Point, Nuevo Altata, Col. Altata, Navolato, Sinaloa, México, C.P. 80363, ID: 28296482",3 Recámaras | 3 Baños | 113 m 2,https://propiedades.comhttps://propiedades.com/inmuebles/casa-en-venta-the-point-nuevo-altata-altata-sinaloa-28296482
Sinaloa,59,2026-04-06 03:17,"$4,650,000 MXN","Venta de casa Anthea, Col. Los Mochis (Los Mochis), Ahome, Sinaloa, México, C.P. 81369, ID: 30514694",3 Recámaras | 2 Baños | 156 m 2,https://propiedades.comhttps://propiedades.com/inmuebles/casa-en-venta-anthea-los-mochis-los-mochis-sinaloa-30514694
Sinaloa,59,2026-04-06 03:17,"$5,400,000 MXN","Casa en venta, , Col. Marina Mazatlán, Mazatlán, Sinaloa, México, C.P. 82103, ID: 29009098",3 Recámaras | 3 Baños,https://propiedades.comhttps://propiedades.com/inmuebles/casa-en-venta-marina-mazatlan-sinaloa-29009098
Sinaloa,59,2026-04-06 03:17,"$2,392,865 MXN",", Col. Andalucía, Ahome, Sinaloa, México, C.P. 81294, ID: 30457461",3 Recámaras | 1 Baño | 96 m 2,https://propiedades.comhttps://propiedades.com/inmuebles/casa-en-venta-andalucia-sinaloa-30457461
Sinaloa,59,2026-04-06 03:17,"$7,300,000 MXN","Se vende casa en Salvador A y Francisco Villa, Col. Limita de Hitaje, Culiacán, Sinaloa, México, C.P. 80064, ID: 28714122",517 m 2,https://propiedades.comhttps://propiedades.com/inmuebles/casa-en-venta-salvador-a-y-francisco-villa-limita-de-hitaje-sinaloa-28714122
Sinaloa,59,2026-04-06 03:17,"$3,592,160 MXN","Venta casa en , Col. Villa del Cedro, Culiacán, Sinaloa, México, C.P. 80058, ID: 30985506",3 Recámaras | 3 Baños | 180 m 2,https://propiedades.comhttps://propiedades.com/inmuebles/casa-en-venta-villa-del-cedro-sinaloa-30985506
Sinaloa,59,2026-04-06 03:17,"$4,350,000 MXN","Casa en venta disponible en Sin nombre de calle, Col. Real del Valle, Mazatlán, Sinaloa, México, C.P. 82124, ID: 29123371",3 Recámaras | 3 Baños | 205 m 2,https://propiedades.comhttps://propiedades.com/inmuebles/casa-en-venta-sin-nombre-de-calle-real-del-valle-sinaloa-29123371
Sinaloa,59,2026-04-06 03:17,"$1,800,000 MXN","Casa disponible en venta en Paseo Arboledas, Col. Ampliación Francisco Alarcón (Venadillo II), Mazatlán, Sinaloa, México, C.P. 82132, ID: 30161927",4 Recámaras | 4 Baños | 171 m 2,https://propiedades.comhttps://propiedades.com/inmuebles/casa-en-venta-paseo-arboledas-ampliacion-francisco-alarcon-venadillo-ii-sinaloa-30161927
Sinaloa,59,2026-04-06 03:17,"$5,200,000 MXN","Venta de casa avenida altabrisa #2345, Col. Cerritos Resort, Mazatlán, Sinaloa, México, C.P. 82112, ID: 29127375",4 Recámaras | 4 Baños | 220 m 2,https://propiedades.comhttps://propiedades.com/inmuebles/casa-en-venta-avenida-altabrisa-2345-cerritos-resort-sinaloa-29127375
Sinaloa,59,2026-04-06 03:17,"$4,350,000 MXN","Casa disponible en venta en La pedrera #123, Col. Real del Valle, Mazatlán, Sinaloa, México, C.P. 82124, ID: 26903068",3 Recámaras | 4 Baños | 173 m 2,https://propiedades.comhttps://propiedades.com/inmuebles/casa-en-venta-la-pedrera-123-real-del-valle-sinaloa-26903068
Sinaloa,59,2026-04-06 03:17,"$2,290,000 MXN","VENADILLO, Col. El Venadillo, Mazatlán, Sinaloa, México, C.P. 82129, ID: 30474461",3 Recámaras | 2 Baños,https://propiedades.comhttps://propiedades.com/inmuebles/casa-en-venta-venadillo-el-venadillo-sinaloa-30474461
Sinaloa,59,2026-04-06 03:17,"$6,700,000 MXN","Casa en venta, Sin nombre de calle, Col. Real del Valle, Mazatlán, Sinaloa, México, C.P. 82124, ID: 27773286",4 Recámaras | 5 Baños | 278 m 2,https://propiedades.comhttps://propiedades.com/inmuebles/casa-en-venta-sin-nombre-de-calle-real-del-valle-sinaloa-27773286
Sinaloa,59,2026-04-06 03:17,"$3,250,000 MXN","Casa en venta, Circuito Gran Vía, Col. El Venadillo, Mazatlán, Sinaloa, México, C.P. 82129, ID: 24792328",3 Recámaras | 2 Baños | 220 m 2,https://propiedades.comhttps://propiedades.com/inmuebles/casa-en-venta-circuito-gran-via-el-venadillo-sinaloa-24792328
Sinaloa,59,2026-04-06 03:17,"$2,529,000 MXN","Casa disponible en venta en , Col. Real del Valle, Mazatlán, Sinaloa, México, C.P. 82124, ID: 25993265",3 Recámaras | 2 Baños | 128 m 2,https://propiedades.comhttps://propiedades.com/inmuebles/casa-en-venta-real-del-valle-sinaloa-25993265
Sinaloa,59,2026-04-06 03:17,"$1,650,000 MXN","Venta de casa en Melchor porto carrero #4652, Col. La Conquista, Culiacán, Sinaloa, México, C.P. 80058, ID: 29119180",2 Recámaras | 1 Baño | 85 m 2,https://propiedades.comhttps://propiedades.com/inmuebles/casa-en-venta-melchor-porto-carrero-4652-la-conquista-sinaloa-29119180
Sinaloa,59,2026-04-06 03:17,"$5,300,000 MXN","Se vende casa Pacifico Hills, Col. Real Pacífico, Mazatlán, Sinaloa, México, C.P. 82124, ID: 29510734",3 Recámaras | 2 Baños | 196 m 2,https://propiedades.comhttps://propiedades.com/inmuebles/casa-en-venta-pacifico-hills-real-pacifico-sinaloa-29510734
Sinaloa,59,2026-04-06 03:17,"$1,990,000 MXN","Venta casa en CALLE SEPTIMA #2888, Col. Bonaterra, Culiacán, Sinaloa, México, C.P. 80058, ID: 28513766",3 Recámaras | 3 Baños | 177 m 2,https://propiedades.comhttps://propiedades.com/inmuebles/casa-en-venta-calle-septima-2888-bonaterra-sinaloa-28513766
Sinaloa,59,2026-04-06 03:17,"$4,800,000 MXN","Se vende casa Sin nombre de calle, Col. Real del Valle, Mazatlán, Sinaloa, México, C.P. 82124, ID: 29166588",3 Recámaras | 3 Baños | 180 m 2,https://propiedades.comhttps://propiedades.com/inmuebles/casa-en-venta-sin-nombre-de-calle-real-del-valle-sinaloa-29166588
Sinaloa,59,2026-04-06 03:17,"$3,820,000 MXN",", Col. Marina Mazatlán, Mazatlán, Sinaloa, México, C.P. 82103, ID: 30171797",3 Recámaras | 2 Baños | 136 m 2,https://propiedades.comhttps://propiedades.com/inmuebles/casa-en-venta-marina-mazatlan-sinaloa-30171797
Sinaloa,59,2026-04-06 03:17,"$984,000 MXN","Se vende casa Del Pino, Lomas del Valle, Guamúchil, Sin., Col. Ampliación Lomas del Valle, Salvador Alvarado, Sinaloa, México, C.P. 81410, ID: 30367554",4 Recámaras | 3 Baños | 220 m 2,https://propiedades.comhttps://propiedades.com/inmuebles/casa-en-venta-del-pino-lomas-del-valle-guamuchil-sin-ampliacion-lomas-del-valle-sinaloa-30367554
Sinaloa,59,2026-04-06 03:17,"$2,391,840 MXN","Casa en venta disponible en , Col. Belcantto, Culiacán, Sinaloa, México, C.P. 80184, ID: 30985502",3 Recámaras | 3 Baños | 110 m 2,https://propiedades.comhttps://propiedades.com/inmuebles/casa-en-venta-belcantto-sinaloa-30985502
Sinaloa,59,2026-04-06 03:17,"$3,900,000 MXN","Se vende casa en , Col. Sábalo Country Club, Mazatlán, Sinaloa, México, C.P. 82100, ID: 29244010",3 Recámaras | 2 Baños | 108 m 2,https://propiedades.comhttps://propiedades.com/inmuebles/casa-en-venta-sabalo-country-club-sinaloa-29244010
Sinaloa,60,2026-04-06 03:17,"$1,195,000 MXN","Casa disponible en venta en , Col. Ruben Jaramillo, Culiacán, Sinaloa, México, C.P. 80015, ID: 30964812",3 Recámaras | 2 Baños | 110 m 2,https://propiedades.comhttps://propiedades.com/inmuebles/casa-en-venta-ruben-jaramillo-sinaloa-30964812
Sinaloa,60,2026-04-06 03:17,"$4,000,000 MXN","Se vende casa Costerita Punto Sur Belcanto, Col. Centro Sinaloa, Culiacán, Sinaloa, México, C.P. 80000, ID: 28271800",4 Recámaras | 4 Baños | 230 m 2,https://propiedades.comhttps://propiedades.com/inmuebles/casa-en-venta-costerita-punto-sur-belcanto-centro-sinaloa-sinaloa-28271800
Sinaloa,60,2026-04-06 03:17,"$5,700,000 MXN","Venta de casa Blvd Rotarismo, Col. Desarrollo Urbano 3 Ríos, Culiacán, Sinaloa, México, C.P. 80020, ID: 28270033",3 Recámaras | 3 Baños | 1 m 2,https://propiedades.comhttps://propiedades.com/inmuebles/casa-en-venta-blvd-rotarismo-desarrollo-urbano-3-rios-sinaloa-28270033
Sinaloa,60,2026-04-06 03:17,"$10,750,000 MXN","Venta de casa en PAAISO MARINA, Col. Paraíso, Mazatlán, Sinaloa, México, C.P. 82125, ID: 29692203",4 Recámaras | 4 Baños,https://propiedades.comhttps://propiedades.com/inmuebles/casa-en-venta-paaiso-marina-paraiso-sinaloa-29692203
Sinaloa,60,2026-04-06 03:17,"$4,251,700 MXN","Venta casa en CONQUISTADORES, Col. La Conquista, Culiacán, Sinaloa, México, C.P. 80058, ID: 26998554",3 Recámaras | 3 Baños | 189 m 2,https://propiedades.comhttps://propiedades.com/inmuebles/casa-en-venta-conquistadores-la-conquista-sinaloa-26998554
Sinaloa,60,2026-04-06 03:17,"$3,280,000 MXN",", Col. Marina Mazatlán, Mazatlán, Sinaloa, México, C.P. 82103, ID: 30486610",3 Recámaras | 2 Baños | 136 m 2,https://propiedades.comhttps://propiedades.com/inmuebles/casa-en-venta-marina-mazatlan-sinaloa-30486610
Sinaloa,60,2026-04-06 03:17,"$4,950,000 MXN","Se vende casa , Col. Miguel Alemán, Culiacán, Sinaloa, México, C.P. 80200, ID: 26310753",3 Recámaras | 3 Baños | 245 m 2,https://propiedades.comhttps://propiedades.com/inmuebles/casa-en-venta-miguel-aleman-sinaloa-26310753
Sinaloa,60,2026-04-06 03:17,"$1,490,000 MXN","Casa disponible en venta en costa rosolina #439, Col. Córcega, Culiacán, Sinaloa, México, C.P. 80294, ID: 28730610",2 Recámaras | 2 Baños | 72 m 2,https://propiedades.comhttps://propiedades.com/inmuebles/casa-en-venta-costa-rosolina-439-corcega-sinaloa-28730610
Sinaloa,60,2026-04-06 03:17,"$3,300,000 MXN","Se vende casa Fraccionamiento Hacienda del seminario, coto privado, Col. Huerta Grande, Mazatlán, Sinaloa, México, C.P. 82129, ID: 29435046",2 Baños | 167 m 2,https://propiedades.comhttps://propiedades.com/inmuebles/casa-en-venta-fraccionamiento-hacienda-del-seminario-coto-privado-huerta-grande-sinaloa-29435046
Sinaloa,60,2026-04-06 03:17,"$3,900,000 MXN","Se vende casa en , Col. 12 de Octubre, Ahome, Sinaloa, México, C.P. 81271, ID: 30632231",2 Recámaras | 2 Baños | 155 m 2,https://propiedades.comhttps://propiedades.com/inmuebles/casa-en-venta-12-de-octubre-sinaloa-30632231
Sinaloa,60,2026-04-06 03:17,"$2,963,423 MXN","Venta de casa en , Col. Andalucía, Ahome, Sinaloa, México, C.P. 81294, ID: 30457467",3 Recámaras | 2 Baños | 119 m 2,https://propiedades.comhttps://propiedades.com/inmuebles/casa-en-venta-andalucia-sinaloa-30457467
Sinaloa,60,2026-04-06 03:17,"$3,100,000 MXN","Venta de casa en Avenida real Del Valle #15, Col. Real del Valle, Mazatlán, Sinaloa, México, C.P. 82124, ID: 25821064",3 Recámaras | 3 Baños | 124 m 2,https://propiedades.comhttps://propiedades.com/inmuebles/casa-en-venta-avenida-real-del-valle--15-real-del-valle-sinaloa-25821064
Sinaloa,60,2026-04-06 03:17,"$1,450,000 MXN","Casa en venta disponible en Lomas del Sol #s/n, Col. 16 de Septiembre, Culiacán, Sinaloa, México, C.P. 80016, ID: 29865093",3 Recámaras | 3 Baños | 120 m 2,https://propiedades.comhttps://propiedades.com/inmuebles/casa-en-venta-lomas-del-sol-sn-16-de-septiembre-sinaloa-29865093
Sinaloa,60,2026-04-06 03:17,"$2,100,000 MXN","Se vende casa en TERRONES, Col. Buenos Aires, Culiacán, Sinaloa, México, C.P. 80199, ID: 27598965",2 Recámaras | 2 Baños | 70 m 2,https://propiedades.comhttps://propiedades.com/inmuebles/casa-en-venta-terrones-buenos-aires-sinaloa-27598965
Sinaloa,60,2026-04-06 03:17,"$2,300,000 MXN","Casa en venta, FRACCIONAMIENTO LOS VENADOS, Col. Los Venados, Mazatlán, Sinaloa, México, C.P. 82154, ID: 29867182",2 Recámaras | 1 Baño,https://propiedades.comhttps://propiedades.com/inmuebles/casa-en-venta-fraccionamiento-los-venados-los-venados-sinaloa-29867182
Sinaloa,60,2026-04-06 03:17,"$6,350,000 MXN","Casa en venta, cobre #6423, Col. Marina Mazatlán, Mazatlán, Sinaloa, México, C.P. 82103, ID: 27108670",4 Recámaras | 3 Baños | 228 m 2,https://propiedades.comhttps://propiedades.com/inmuebles/casa-en-venta-cobre-6423-marina-mazatlan-sinaloa-27108670
Sinaloa,60,2026-04-06 03:17,"$3,500,000 MXN","Se vende casa , Col. Marina Mazatlán, Mazatlán, Sinaloa, México, C.P. 82103, ID: 28945023",3 Recámaras | 3 Baños | 108 m 2,https://propiedades.comhttps://propiedades.com/inmuebles/casa-en-venta-marina-mazatlan-sinaloa-28945023
Sinaloa,60,2026-04-06 03:17,"$4,000,000 MXN","Se vende casa en Costerita Punto Sur, Col. San Rafael, Culiacán, Sinaloa, México, C.P. 80316, ID: 28270032",4 Recámaras | 4 Baños | 230 m 2,https://propiedades.comhttps://propiedades.com/inmuebles/casa-en-venta-costerita-punto-sur-san-rafael-sinaloa-28270032
Sinaloa,60,2026-04-06 03:17,"$4,400,000 MXN","Casa disponible en venta en Col. Sábalo Country Club, Mazatlán, Sinaloa, México, C.P. 82100, ID: 30648061",3 Recámaras | 2 Baños | 63 m 2,https://propiedades.comhttps://propiedades.com/inmuebles/casa-en-venta-sabalo-country-club-sinaloa-30648061
Sinaloa,60,2026-04-06 03:17,"$1,720,000 MXN","Venta casa en avenida santa rosa #1234, Col. Valle Del Ejido, Mazatlán, Sinaloa, México, C.P. 82134, ID: 29127339",3 Recámaras | 2 Baños | 115 m 2,https://propiedades.comhttps://propiedades.com/inmuebles/casa-en-venta-avenida-santa-rosa-1234-valle-del-ejido-sinaloa-29127339
Sinaloa,60,2026-04-06 03:17,"$650,000 MXN","Casa disponible en venta en , Col. Hacienda Del Valle, Culiacán, Sinaloa, México, C.P. 80197, ID: 29114870",2 Recámaras | 1 Baño | 46 m 2,https://propiedades.comhttps://propiedades.com/inmuebles/casa-en-venta-hacienda-del-valle-sinaloa-29114870
Sinaloa,60,2026-04-06 03:17,"$4,800,000 MXN","Se vende casa en Angel Flores #474, Col. Centro, Culiacán, Sinaloa, México, C.P. 80000, ID: 27739898",4 Recámaras | 2 Baños | 224 m 2,https://propiedades.comhttps://propiedades.com/inmuebles/casa-en-venta-angel-flores-474-centro-sinaloa-27739898
Sinaloa,60,2026-04-06 03:17,"$3,950,000 MXN","VALLE CARPATOS #2917, Col. Valle Alto, Culiacán, Sinaloa, México, C.P. 80050, ID: 25241576",3 Recámaras | 3 Baños | 230 m 2,https://propiedades.comhttps://propiedades.com/inmuebles/casa-en-venta-valle-carpatos-2917-valle-alto-sinaloa-25241576
Sinaloa,60,2026-04-06 03:17,"$1,906,600 MXN","Venta de casa , Col. Centro, Mazatlán, Sinaloa, México, C.P. 82000, ID: 28023308",3 Recámaras | 2 Baños,https://propiedades.comhttps://propiedades.com/inmuebles/casa-en-venta-centro-sinaloa-28023308
Sinaloa,60,2026-04-06 03:17,"$1,550,000 MXN","Se vende casa en REAL PACÍFICO, Col. Real Pacífico, Mazatlán, Sinaloa, México, C.P. 82124, ID: 29736066",2 Recámaras | 1 Baño,https://propiedades.comhttps://propiedades.com/inmuebles/casa-en-venta-real-pacifico-real-pacifico-sinaloa-29736066
Sinaloa,60,2026-04-06 03:17,"$5,600,000 MXN","Casa en venta disponible en COLINAS DE SAN MIGUEL, Col. Colinas de San Miguel, Culiacán, Sinaloa, México, C.P. 80228, ID: 28865029",1 m 2,https://propiedades.comhttps://propiedades.com/inmuebles/casa-en-venta-colinas-de-san-miguel-colinas-de-san-miguel-sinaloa-28865029
Sinaloa,60,2026-04-06 03:17,"$8,200,000 MXN","Venta casa en Las Palmas, Mazatlán, Sinaloa, Col. Las Palmas, Mazatlán, Sinaloa, México, C.P. 82112, ID: 25340695",3 Recámaras | 330 m 2,https://propiedades.comhttps://propiedades.com/inmuebles/casa-en-venta-las-palmas-mazatlan-sinaloa-las-palmas-sinaloa-25340695
Sinaloa,60,2026-04-06 03:17,"$1,650,000 MXN","Se vende casa Ac. central, Col. Badiraguato, Badiraguato, Sinaloa, México, C.P. 80500, ID: 30111059",2 Recámaras | 2 Baños | 20 m 2,https://propiedades.comhttps://propiedades.com/inmuebles/casa-en-venta-ac-central-badiraguato-sinaloa-30111059
Sinaloa,60,2026-04-06 03:17,"$13,600,000 MXN","Casa disponible en venta en Mariana izquierdo #208, Col. Tres Ríos, Culiacán, Sinaloa, México, C.P. 80020, ID: 27912590",6 Recámaras | 5 Baños | 510 m 2,https://propiedades.comhttps://propiedades.com/inmuebles/casa-en-venta-mariana-izquierdo-208-tres-rios-sinaloa-27912590
Sinaloa,60,2026-04-06 03:17,"$1,820,000 MXN","Venta de casa en , Col. Valle Alto, Culiacán, Sinaloa, México, C.P. 80050, ID: 29129084",4 Recámaras | 3 Baños | 165 m 2,https://propiedades.comhttps://propiedades.com/inmuebles/casa-en-venta-valle-alto-sinaloa-29129084
Sinaloa,60,2026-04-06 03:17,"$2,500,000 MXN","Se vende casa Constituyente Heriberto Jara #2578, Col. Industrial El Palmito, Culiacán, Sinaloa, México, C.P. 80160, ID: 28726153",300 m 2,https://propiedades.comhttps://propiedades.com/inmuebles/casa-en-venta-constituyente-heriberto-jara-2578-industrial-el-palmito-sinaloa-28726153
Sinaloa,60,2026-04-06 03:17,"$4,100,000 MXN","Casa en venta, Principal #579, Col. Real del Valle, Mazatlán, Sinaloa, México, C.P. 82124, ID: 30749614",3 Recámaras | 3 Baños | 172 m 2,https://propiedades.comhttps://propiedades.com/inmuebles/casa-en-venta-principal--579-real-del-valle-sinaloa-30749614
Sinaloa,60,2026-04-06 03:17,"$1,450,000 MXN","Venta casa en VILLAS DEL SOL, Col. Villas Del Sol, Mazatlán, Sinaloa, México, C.P. 82198, ID: 29867181",2 Recámaras | 2 Baños | 110 m 2,https://propiedades.comhttps://propiedades.com/inmuebles/casa-en-venta-villas-del-sol-villas-del-sol-sinaloa-29867181
Sinaloa,60,2026-04-06 03:17,"$2,999,000 MXN","Venta de casa ABELARDO L. RODRIGUIEZ #16, Col. Lázaro Cárdenas, Culiacán, Sinaloa, México, C.P. 80290, ID: 27203905",3 Recámaras | 3 Baños | 249 m 2,https://propiedades.comhttps://propiedades.com/inmuebles/casa-en-venta-abelardo-l-rodriguiez-16-lazaro-cardenas-sinaloa-27203905
Sinaloa,60,2026-04-06 03:17,"$2,690,000 MXN","Los Almendros #WHI295587, Col. Los Almendros, Culiacán, Sinaloa, México, C.P. 80027, ID: 26286810",4 Recámaras | 3 Baños | 200 m 2,https://propiedades.comhttps://propiedades.com/inmuebles/casa-en-venta-los-almendros-whi295587-los-almendros-sinaloa-26286810
Sinaloa,60,2026-04-06 03:17,"$1,900,000 MXN","Casa disponible en venta en Residencial habitania , Col. Centenario, Culiacán, Sinaloa, México, C.P. 80184, ID: 29319317",3 Recámaras | 2 Baños | 92 m 2,https://propiedades.comhttps://propiedades.com/inmuebles/casa-en-venta-residencial-habitania--centenario-sinaloa-29319317
Sinaloa,60,2026-04-06 03:17,"$2,611,740 MXN","Venta de casa , Col. Altata, Navolato, Sinaloa, México, C.P. 80363, ID: 30961875",3 Recámaras | 3 Baños | 106 m 2,https://propiedades.comhttps://propiedades.com/inmuebles/casa-en-venta-altata-sinaloa-30961875
Sinaloa,60,2026-04-06 03:17,"$6,400,000 MXN","Venta de casa av. paseo del pacifico, Col. Sonterra Residencial II, Mazatlán, Sinaloa, México, C.P. 82124, ID: 29443224",4 Recámaras | 3 Baños | 270 m 2,https://propiedades.comhttps://propiedades.com/inmuebles/casa-en-venta-av-paseo-del-pacifico-sonterra-residencial-ii-sinaloa-29443224
Sinaloa,60,2026-04-06 03:17,"$2,850,000 MXN","Casa disponible en venta en Los Serbales, Col. Los Mangos II, Mazatlán, Sinaloa, México, C.P. 82128, ID: 30910801",3 Recámaras | 107 m 2,https://propiedades.comhttps://propiedades.com/inmuebles/casa-en-venta-los-serbales-los-mangos-ii-sinaloa-30910801
Sinaloa,60,2026-04-06 03:17,"$1,150,000 MXN","ventura #3417, Col. Ampliación el Castillo, Mazatlán, Sinaloa, México, C.P. 82267, ID: 28743513",2 Recámaras | 1 Baño | 96 m 2,https://propiedades.comhttps://propiedades.com/inmuebles/casa-en-venta-ventura-3417-ampliacion-el-castillo-sinaloa-28743513
Sinaloa,60,2026-04-06 03:17,"$3,182,080 MXN",", Col. Culiacán (Culiacán), Culiacán, Sinaloa, México, C.P. 80139, ID: 30970089",3 Recámaras | 3 Baños | 150 m 2,https://propiedades.comhttps://propiedades.com/inmuebles/casa-en-venta-culiacan-culiacan-sinaloa-30970089
Sinaloa,60,2026-04-06 03:17,"$5,700,000 MXN","Venta de casa Blvd Rotarismo, Col. Tres Ríos, Culiacán, Sinaloa, México, C.P. 80020, ID: 28271801",3 Recámaras | 3 Baños | 100 m 2,https://propiedades.comhttps://propiedades.com/inmuebles/casa-en-venta-blvd-rotarismo-tres-rios-sinaloa-28271801
Sinaloa,60,2026-04-06 03:17,"$3,650,000 MXN","Casa en venta disponible en Pano #468, Col. Brisas del Mar, Mazatlán, Sinaloa, México, C.P. 82016, ID: 29123186",3 Recámaras | 2 Baños | 240 m 2,https://propiedades.comhttps://propiedades.com/inmuebles/casa-en-venta-pano-468-brisas-del-mar-sinaloa-29123186
Sinaloa,60,2026-04-06 03:17,"$1,949,000 MXN","Se vende casa Colinas de La Rivera #WHI296611, Col. Colinas de La Rivera, Culiacán, Sinaloa, México, C.P. 80025, ID: 26436496",4 Recámaras | 4 Baños | 210 m 2,https://propiedades.comhttps://propiedades.com/inmuebles/casa-en-venta-colinas-de-la-rivera-whi296611-colinas-de-la-rivera-sinaloa-26436496
Sinaloa,60,2026-04-06 03:17,"$4,900,000 MXN",", Col. Almarena Residencial, Mazatlán, Sinaloa, México, C.P. 82112, ID: 30514551",3 Recámaras | 2 Baños | 129 m 2,https://propiedades.comhttps://propiedades.com/inmuebles/casa-en-venta-almarena-residencial-sinaloa-30514551
Sinaloa,60,2026-04-06 03:17,"$3,760,000 MXN","Se vende casa en , Col. Miguel Alemán, Culiacán, Sinaloa, México, C.P. 80200, ID: 26310754",3 Recámaras | 3 Baños | 157 m 2,https://propiedades.comhttps://propiedades.com/inmuebles/casa-en-venta-miguel-aleman-sinaloa-26310754
Sinaloa,60,2026-04-06 03:17,"$4,390,000 MXN","Venta de casa , Col. Nuevo Culiacán, Culiacán, Sinaloa, México, C.P. 80170, ID: 28569195",3 Recámaras | 2 Baños | 359 m 2,https://propiedades.comhttps://propiedades.com/inmuebles/casa-en-venta-nuevo-culiacan-sinaloa-28569195
Sinaloa,61,2026-04-06 03:17,"$2,521,260 MXN","Se vende casa , Col. Chulavista, Culiacán, Sinaloa, México, C.P. 80194, ID: 30970096",3 Recámaras | 3 Baños | 208 m 2,https://propiedades.comhttps://propiedades.com/inmuebles/casa-en-venta-chulavista-sinaloa-30970096
Sinaloa,61,2026-04-06 03:17,"$2,650,000 MXN","Se vende casa , Col. Marina Mazatlán, Mazatlán, Sinaloa, México, C.P. 82103, ID: 29061769",4 Recámaras | 3 Baños | 198 m 2,https://propiedades.comhttps://propiedades.com/inmuebles/casa-en-venta-marina-mazatlan-sinaloa-29061769
Sinaloa,61,2026-04-06 03:17,"$7,500,000 MXN","Venta de casa en Vicente Suarez #636, Col. Chapultepec, Culiacán, Sinaloa, México, C.P. 80040, ID: 30324614",4 Recámaras | 4 Baños | 355 m 2,https://propiedades.comhttps://propiedades.com/inmuebles/casa-en-venta-vicente-suarez-636-chapultepec-sinaloa-30324614
Sinaloa,61,2026-04-06 03:17,"$1,549,999 MXN","Casa disponible en venta en , Col. Santa Elena, Culiacán, Sinaloa, México, C.P. 80028, ID: 29114890",3 Recámaras | 2 Baños,https://propiedades.comhttps://propiedades.com/inmuebles/casa-en-venta-santa-elena-sinaloa-29114890
Sinaloa,61,2026-04-06 03:17,"$900,000 USD","Venta de casa 3 #10, Col. 11 Ríos, Mazatlán, Sinaloa, México, C.P. 82216, ID: 30739781",3 Recámaras | 3 Baños | 493 m 2,https://propiedades.comhttps://propiedades.com/inmuebles/casa-en-venta-3-10-11-rios-sinaloa-30739781
Sinaloa,61,2026-04-06 03:17,"$4,800,000 MXN","PLAZA CATALAÑA #4743, Col. Portalegre, Culiacán, Sinaloa, México, C.P. 80058, ID: 27375199",3 Recámaras | 4 Baños | 203 m 2,https://propiedades.comhttps://propiedades.com/inmuebles/casa-en-venta-plaza-catalana-4743-portalegre-sinaloa-27375199
Sinaloa,61,2026-04-06 03:17,"$6,300,000 MXN","Casa en venta, alta #1, Col. Altabrisa Residencial, Mazatlán, Sinaloa, México, C.P. 82112, ID: 26728274",4 Recámaras | 3 Baños | 275 m 2,https://propiedades.comhttps://propiedades.com/inmuebles/casa-en-venta-alta-1-altabrisa-residencial-sinaloa-26728274
Sinaloa,61,2026-04-06 03:17,"$19,500,000 MXN","Casa en venta disponible en , Col. El Cid, Mazatlán, Sinaloa, México, C.P. 82110, ID: 28089931",4 Recámaras | 4 Baños | 482 m 2,https://propiedades.comhttps://propiedades.com/inmuebles/casa-en-venta-el-cid-sinaloa-28089931
Sinaloa,61,2026-04-06 03:17,"$1,659,000 MXN","VALLE DE LAS FLORES, Col. Valle Dorado, Mazatlán, Sinaloa, México, C.P. 82132, ID: 29896569",2 Recámaras | 1 Baño,https://propiedades.comhttps://propiedades.com/inmuebles/casa-en-venta-valle-de-las-flores-valle-dorado-sinaloa-29896569
Sinaloa,61,2026-04-06 03:17,"$2,150,000 MXN","Venta casa en JACARANDAS, Col. Jacarandas, Mazatlán, Sinaloa, México, C.P. 82157, ID: 29857216",,https://propiedades.comhttps://propiedades.com/inmuebles/casa-en-venta-jacarandas-jacarandas-sinaloa-29857216
Sinaloa,61,2026-04-06 03:17,"$13,650,000 MXN","Venta de casa en Vía Paloma 1804, El Cielo Parque Residencial, 82112 Mazatlán, Sin. #1804, Col. Almar, Mazatlán, Sinaloa, México, C.P. 82112, ID: 30927542",3 Recámaras | 3 Baños | 253 m 2,https://propiedades.comhttps://propiedades.com/inmuebles/casa-en-venta-via-paloma-1804-el-cielo-parque-residencial-82112-mazatlan-sin-1804-almar-sinaloa-30927542
Sinaloa,61,2026-04-06 03:17,"$4,100,000 MXN","Principal #45, Col. Real del Valle, Mazatlán, Sinaloa, México, C.P. 82124, ID: 29123164",4 Recámaras | 3 Baños | 194 m 2,https://propiedades.comhttps://propiedades.com/inmuebles/casa-en-venta-principal--45-real-del-valle-sinaloa-29123164
Sinaloa,61,2026-04-06 03:17,"$4,770,000 MXN","Casa en venta disponible en Sin nombre de calle #1, Col. Palos Prietos, Mazatlán, Sinaloa, México, C.P. 82010, ID: 30358125",5 Recámaras | 3 Baños | 296 m 2,https://propiedades.comhttps://propiedades.com/inmuebles/casa-en-venta-sin-nombre-de-calle-1-palos-prietos-sinaloa-30358125
Sinaloa,61,2026-04-06 03:17,"$1,939,520 MXN","Casa en venta, , Col. Culiacán (Culiacán), Culiacán, Sinaloa, México, C.P. 80139, ID: 30970090",3 Recámaras | 1 Baño | 83 m 2,https://propiedades.comhttps://propiedades.com/inmuebles/casa-en-venta-culiacan-culiacan-sinaloa-30970090
Sinaloa,61,2026-04-06 03:17,"$2,700,000 MXN","Venta de casa en , Col. Culiacán (Culiacán), Culiacán, Sinaloa, México, C.P. 80139, ID: 29129068",4 Recámaras | 3 Baños | 292 m 2,https://propiedades.comhttps://propiedades.com/inmuebles/casa-en-venta-culiacan-culiacan-sinaloa-29129068
Sinaloa,61,2026-04-06 03:17,"$3,950,000 MXN","ceiba, Col. Los Olivos, Ahome, Sinaloa, México, C.P. 81248, ID: 27363799",6 Recámaras | 3 Baños | 343 m 2,https://propiedades.comhttps://propiedades.com/inmuebles/casa-en-venta-ceiba-los-olivos-sinaloa-27363799
Sinaloa,61,2026-04-06 03:17,"$12,000,000 MXN","Venta casa en Río San Lorenzo #1112, Col. Jorge Almada, Culiacán, Sinaloa, México, C.P. 80200, ID: 12076195",4 Recámaras | 5 Baños | 730 m 2,https://propiedades.comhttps://propiedades.com/inmuebles/casa-en-venta-rio-san-lorenzo-1112-jorge-almada-sinaloa-12076195
Sinaloa,61,2026-04-06 03:17,"$1,600,000 MXN","Venta casa en Sin nombre de calle, Col. Valle Bonito, Mazatlán, Sinaloa, México, C.P. 82136, ID: 29166594",2 Recámaras | 6 Baños | 95 m 2,https://propiedades.comhttps://propiedades.com/inmuebles/casa-en-venta-sin-nombre-de-calle-valle-bonito-sinaloa-29166594
Sinaloa,61,2026-04-06 03:17,"$4,500,000 MXN","Casa en venta disponible en SONTERRA, Col. Sonterra Residencial II, Mazatlán, Sinaloa, México, C.P. 82124, ID: 29867180",3 Recámaras | 3 Baños | 177 m 2,https://propiedades.comhttps://propiedades.com/inmuebles/casa-en-venta-sonterra-sonterra-residencial-ii-sinaloa-29867180
Sinaloa,61,2026-04-06 03:17,"$3,700,000 MXN","Venta casa en , Col. Hacienda del Seminario, Mazatlán, Sinaloa, México, C.P. 82129, ID: 28271510",133 m 2,https://propiedades.comhttps://propiedades.com/inmuebles/casa-en-venta-hacienda-del-seminario-sinaloa-28271510
Sinaloa,61,2026-04-06 03:17,"$13,500,000 MXN","Calle Fernando Montes de Oca #197, Col. Chapultepec, Culiacán, Sinaloa, México, C.P. 80040, ID: 28112151",4 Recámaras | 4 Baños | 608 m 2,https://propiedades.comhttps://propiedades.com/inmuebles/casa-en-venta-calle-fernando-montes-de-oca-197-chapultepec-sinaloa-28112151
Sinaloa,61,2026-04-06 03:17,"$6,980,000 MXN","Casa disponible en venta en Sin nombre de calle, Col. Marina Mazatlán, Mazatlán, Sinaloa, México, C.P. 82103, ID: 26661181",4 Recámaras | 5 Baños | 207 m 2,https://propiedades.comhttps://propiedades.com/inmuebles/casa-en-venta-sin-nombre-de-calle-marina-mazatlan-sinaloa-26661181
Sinaloa,61,2026-04-06 03:17,"$4,700,000 MXN","Se vende casa en ANTONIO GAUDI #3863, Col. Espacios Barcelona, Culiacán, Sinaloa, México, C.P. 80059, ID: 27637523",3 Recámaras | 3 Baños | 221 m 2,https://propiedades.comhttps://propiedades.com/inmuebles/casa-en-venta-antonio-gaudi-3863-espacios-barcelona-sinaloa-27637523
Sinaloa,61,2026-04-06 03:17,"$6,500,000 MXN","Se vende casa en , Col. Marina Mazatlán, Mazatlán, Sinaloa, México, C.P. 82103, ID: 27604254",4 Recámaras | 4 Baños | 279 m 2,https://propiedades.comhttps://propiedades.com/inmuebles/casa-en-venta-marina-mazatlan-sinaloa-27604254
Sinaloa,61,2026-04-06 03:17,"$5,900,000 MXN","Casa en venta disponible en Altabrisa Residencial, Mazatlán, Sinaloa, Col. Altabrisa Residencial, Mazatlán, Sinaloa, México, C.P. 82112, ID: 27376748",4 Recámaras | 3 Baños | 274 m 2,https://propiedades.comhttps://propiedades.com/inmuebles/casa-en-venta-altabrisa-residencial-mazatlan-sinaloa-altabrisa-residencial-sinaloa-27376748
Sinaloa,61,2026-04-06 03:17,"$2,700,000 MXN","Venta casa en La Joya, Col. La Joya, Mazatlán, Sinaloa, México, C.P. 82124, ID: 29548862",,https://propiedades.comhttps://propiedades.com/inmuebles/casa-en-venta-la-joya-la-joya-sinaloa-29548862
Sinaloa,61,2026-04-06 03:17,"$3,450,000 MXN","Casa en venta disponible en Calle granados, Col. Centro, Culiacán, Sinaloa, México, C.P. 80000, ID: 24820676",2 Recámaras | 1 Baño | 106 m 2,https://propiedades.comhttps://propiedades.com/inmuebles/casa-en-venta-calle-granados-centro-sinaloa-24820676
Sinaloa,61,2026-04-06 03:17,"$1,430,000 MXN","Venta casa en Estación de Triana, Col. Alturas del Sur, Culiacán, Sinaloa, México, C.P. 80295, ID: 30173141",2 Recámaras | 1 Baño | 53 m 2,https://propiedades.comhttps://propiedades.com/inmuebles/casa-en-venta-estacion-de-triana-alturas-del-sur-sinaloa-30173141
Sinaloa,61,2026-04-06 03:17,"$3,300,000 MXN","Casa en venta, , Col. Centro, Mazatlán, Sinaloa, México, C.P. 82000, ID: 27779140",4 Recámaras | 4 Baños | 210 m 2,https://propiedades.comhttps://propiedades.com/inmuebles/casa-en-venta-centro-sinaloa-27779140
Sinaloa,61,2026-04-06 03:17,"$11,450,000 MXN","Venta de casa en , Col. Las Quintas, Culiacán, Sinaloa, México, C.P. 80060, ID: 29693298",3 Recámaras | 3 Baños | 311 m 2,https://propiedades.comhttps://propiedades.com/inmuebles/casa-en-venta-las-quintas-sinaloa-29693298
Sinaloa,61,2026-04-06 03:17,"$2,900,000 MXN","Casa en venta disponible en , Col. Francisco I. Madero, Culiacán, Sinaloa, México, C.P. 80199, ID: 30249268",3 Recámaras | 327 m 2,https://propiedades.comhttps://propiedades.com/inmuebles/casa-en-venta-francisco-i-madero-sinaloa-30249268
Sinaloa,61,2026-04-06 03:17,"$9,600,000 MXN","Casa disponible en venta en , Col. Marina Mazatlán, Mazatlán, Sinaloa, México, C.P. 82103, ID: 27568966",4 Recámaras | 4 Baños | 310 m 2,https://propiedades.comhttps://propiedades.com/inmuebles/casa-en-venta-marina-mazatlan-sinaloa-27568966
Sinaloa,61,2026-04-06 03:17,"$35,000,000 MXN","Se vende casa Pirul, Col. Montebello, Culiacán, Sinaloa, México, C.P. 80227, ID: 27769323",3 Recámaras | 5 Baños | 1000 m 2,https://propiedades.comhttps://propiedades.com/inmuebles/casa-en-venta-pirul-montebello-sinaloa-27769323
Sinaloa,61,2026-04-06 03:17,"$8,950,000 MXN","Venta casa en San Alberto 17, Col. La Primavera, Culiacán, Sinaloa, México, C.P. 80434, ID: 28593830",3 Recámaras | 3 Baños | 295 m 2,https://propiedades.comhttps://propiedades.com/inmuebles/casa-en-venta-san-alberto-17-la-primavera-sinaloa-28593830
Sinaloa,61,2026-04-06 03:17,"$2,989,000 MXN","Venta de casa en ., Col. Valle Alto, Culiacán, Sinaloa, México, C.P. 80050, ID: 23042828",3 Recámaras | 2 Baños | 137 m 2,https://propiedades.comhttps://propiedades.com/inmuebles/casa-en-venta-valle-alto-sinaloa-23042828
Sinaloa,61,2026-04-06 03:17,"$2,050,000 MXN","Casa disponible en venta en BLVD. Leyva Solano #11111, Col. Centro, Culiacán, Sinaloa, México, C.P. 80000, ID: 23439002",7 Recámaras | 5 Baños | 179 m 2,https://propiedades.comhttps://propiedades.com/inmuebles/casa-en-venta-blvd-leyva-solano-11111-centro-sinaloa-23439002
Sinaloa,61,2026-04-06 03:17,"$4,500,000 MXN","Casa en venta, , Col. Emiliano Zapata, Culiacán, Sinaloa, México, C.P. 80260, ID: 29253804",474 m 2,https://propiedades.comhttps://propiedades.com/inmuebles/casa-en-venta-emiliano-zapata-sinaloa-29253804
Sinaloa,61,2026-04-06 03:17,"$2,750,000 MXN","Venta casa en , Col. Libertad, Culiacán, Sinaloa, México, C.P. 80180, ID: 28700538",4 Recámaras | 4 Baños | 220 m 2,https://propiedades.comhttps://propiedades.com/inmuebles/casa-en-venta-libertad-sinaloa-28700538
Sinaloa,61,2026-04-06 03:17,"$3,150,000 MXN","Casa disponible en venta en Paseo los Mangos, Col. Los Mangos I, Mazatlán, Sinaloa, México, C.P. 82128, ID: 29375091",3 Recámaras | 121 m 2,https://propiedades.comhttps://propiedades.com/inmuebles/casa-en-venta-paseo-los-mangos-los-mangos-i-sinaloa-29375091
Sinaloa,61,2026-04-06 03:17,"$2,250,000 MXN","Se vende casa Col. Acueducto, Culiacán, Sinaloa, México, C.P. 80058, ID: 30232742",3 Recámaras | 2 Baños,https://propiedades.comhttps://propiedades.com/inmuebles/casa-en-venta-acueducto-sinaloa-30232742
Sinaloa,61,2026-04-06 03:17,"$5,490,000 MXN","Se vende casa Puerta de hierro #2573, Col. Puerta de Hierro, Culiacán, Sinaloa, México, C.P. 80100, ID: 28769847",3 Recámaras | 3 Baños | 204 m 2,https://propiedades.comhttps://propiedades.com/inmuebles/casa-en-venta-puerta-de-hierro-2573-puerta-de-hierro-sinaloa-28769847
Sinaloa,61,2026-04-06 03:17,"$3,375,000 MXN","Venta de casa en , Col. Sábalo Country Club, Mazatlán, Sinaloa, México, C.P. 82100, ID: 24953098",2 Recámaras | 2 Baños | 85 m 2,https://propiedades.comhttps://propiedades.com/inmuebles/casa-en-venta-sabalo-country-club-sinaloa-24953098
Sinaloa,61,2026-04-06 03:17,"$2,190,000 MXN","Casa en venta, Sin nombre de calle, Col. Real del Valle, Mazatlán, Sinaloa, México, C.P. 82124, ID: 27580770",2 Recámaras | 1 Baño | 47 m 2,https://propiedades.comhttps://propiedades.com/inmuebles/casa-en-venta-sin-nombre-de-calle-real-del-valle-sinaloa-27580770
Sinaloa,61,2026-04-06 03:17,"$4,500,000 MXN","Casa en venta disponible en Real del Valle, Mazatlán, Sinaloa, Col. Real del Valle, Mazatlán, Sinaloa, México, C.P. 82124, ID: 27376745",4 Recámaras | 3 Baños | 210 m 2,https://propiedades.comhttps://propiedades.com/inmuebles/casa-en-venta-real-del-valle-mazatlan-sinaloa-real-del-valle-sinaloa-27376745
Sinaloa,62,2026-04-06 03:18,"$5,500,000 MXN","Casa disponible en venta en AVENIDA DEL PACIFICO #1256, Col. Real del Valle, Mazatlán, Sinaloa, México, C.P. 82124, ID: 29127348",3 Recámaras | 4 Baños | 206 m 2,https://propiedades.comhttps://propiedades.com/inmuebles/casa-en-venta-avenida-del-pacifico-1256-real-del-valle-sinaloa-29127348
Sinaloa,62,2026-04-06 03:18,"$5,343,360 MXN","Se vende casa en , Col. Camino Real, Culiacán, Sinaloa, México, C.P. 80247, ID: 30614722",4 Recámaras | 4 Baños | 300 m 2,https://propiedades.comhttps://propiedades.com/inmuebles/casa-en-venta-camino-real-sinaloa-30614722
Sinaloa,62,2026-04-06 03:18,"$9,300,000 MXN","Venta de casa , Col. La Primavera, Culiacán, Sinaloa, México, C.P. 80434, ID: 29413647",3 Recámaras | 4 Baños | 307 m 2,https://propiedades.comhttps://propiedades.com/inmuebles/casa-en-venta-la-primavera-sinaloa-29413647
Sinaloa,62,2026-04-06 03:18,"$4,800,000 MXN","circuito adriatico #3456, Col. Cerritos al Mar, Mazatlán, Sinaloa, México, C.P. 82112, ID: 29127366",3 Recámaras | 4 Baños | 176 m 2,https://propiedades.comhttps://propiedades.com/inmuebles/casa-en-venta-circuito-adriatico-3456-cerritos-al-mar-sinaloa-29127366
Sinaloa,62,2026-04-06 03:18,"$16,800,000 MXN","Gregorio Vazquez Moreno, Col. Gregorio Vázquez Moreno, Rosario, Sinaloa, México, C.P. 82823, ID: 30276869",4 Recámaras | 575 m 2,https://propiedades.comhttps://propiedades.com/inmuebles/casa-en-venta-gregorio-vazquez-moreno-gregorio-vazquez-moreno-sinaloa-30276869
Sinaloa,62,2026-04-06 03:18,"$1,100,000 MXN","Venta de casa Clavel, Col. San Román, Culiacán, Sinaloa, México, C.P. 80396, ID: 30312991",3 Recámaras | 2 Baños | 140 m 2,https://propiedades.comhttps://propiedades.com/inmuebles/casa-en-venta-clavel-san-roman-sinaloa-30312991
Sinaloa,62,2026-04-06 03:18,"$3,000,000 MXN",", Col. Real Pacífico, Mazatlán, Sinaloa, México, C.P. 82124, ID: 27914798",2 Recámaras | 2 Baños | 107 m 2,https://propiedades.comhttps://propiedades.com/inmuebles/casa-en-venta-real-pacifico-sinaloa-27914798
Sinaloa,62,2026-04-06 03:18,"$5,400,000 MXN","Venta de casa en , Col. Chapultepec, Culiacán, Sinaloa, México, C.P. 80040, ID: 31007684",3 Recámaras | 3 Baños | 347 m 2,https://propiedades.comhttps://propiedades.com/inmuebles/casa-en-venta-chapultepec-sinaloa-31007684
Sinaloa,62,2026-04-06 03:18,"$3,349,140 MXN","Casa en venta disponible en , Col. Miguel Alemán, Culiacán, Sinaloa, México, C.P. 80200, ID: 26342751",3 Recámaras | 3 Baños | 186 m 2,https://propiedades.comhttps://propiedades.com/inmuebles/casa-en-venta-miguel-aleman-sinaloa-26342751
Sinaloa,62,2026-04-06 03:18,"$3,630,000 MXN",", Col. Culiacán (Culiacán), Culiacán, Sinaloa, México, C.P. 80139, ID: 29129074",2 Recámaras | 2 Baños | 247 m 2,https://propiedades.comhttps://propiedades.com/inmuebles/casa-en-venta-culiacan-culiacan-sinaloa-29129074
Sinaloa,62,2026-04-06 03:18,"$23,500,000 MXN","Casa en venta disponible en P.º del Palmar s/n, Marina Mazatlán, 82103 Mazatlán, Sin. #s/n, Col. Marina Mazatlán, Mazatlán, Sinaloa, México, C.P. 82103, ID: 30905584",4 Recámaras | 6 Baños | 700 m 2,https://propiedades.comhttps://propiedades.com/inmuebles/casa-en-venta-p-del-palmar-sn-marina-mazatlan-82103-mazatlan-sin-sn-marina-mazatlan-sinaloa-30905584
Sinaloa,62,2026-04-06 03:18,"$11,500,000 MXN","Frida Khalo, Col. Culiacán Tres Ríos, Culiacán, Sinaloa, México, C.P. 80050, ID: 22201544",3 Recámaras | 4 Baños | 562 m 2,https://propiedades.comhttps://propiedades.com/inmuebles/casa-en-venta-frida-khalo-culiacan-tres-rios-sinaloa-22201544
Sinaloa,62,2026-04-06 03:18,"$4,000,000 MXN","Boulevard Doctor Mora, Col. Las Quintas, Culiacán, Sinaloa, México, C.P. 80060, ID: 28298913",3 Recámaras | 3 Baños | 300 m 2,https://propiedades.comhttps://propiedades.com/inmuebles/casa-en-venta-boulevard-doctor-mora-las-quintas-sinaloa-28298913
Sinaloa,62,2026-04-06 03:18,"$3,850,000 MXN","Casa disponible en venta en Judas #589, Col. Hacienda del Seminario, Mazatlán, Sinaloa, México, C.P. 82129, ID: 29123192",3 Recámaras | 3 Baños | 180 m 2,https://propiedades.comhttps://propiedades.com/inmuebles/casa-en-venta-judas-589-hacienda-del-seminario-sinaloa-29123192
Sinaloa,62,2026-04-06 03:18,"$6,920,000 MXN","Venta de casa en Blv Sabalo Cerritos #3110Int. 905-906, Col. Cerritos al Mar, Mazatlán, Sinaloa, México, C.P. 82112, ID: 28652737",2 Recámaras | 2 Baños | 117 m 2,https://propiedades.comhttps://propiedades.com/inmuebles/casa-en-venta-blv-sabalo-cerritos-3110-cerritos-al-mar-sinaloa-28652737
Sinaloa,62,2026-04-06 03:18,"$9,000,000 MXN","Cd de Guadalajara #1286, Col. Las Quintas, Culiacán, Sinaloa, México, C.P. 80060, ID: 27043804",4 Recámaras | 4 Baños | 340 m 2,https://propiedades.comhttps://propiedades.com/inmuebles/casa-en-venta-cd-de-guadalajara-1286-las-quintas-sinaloa-27043804
Sinaloa,62,2026-04-06 03:18,"$3,950,000 MXN","Casa en venta, , Col. Hacienda del Seminario, Mazatlán, Sinaloa, México, C.P. 82129, ID: 27411091",3 Recámaras | 3 Baños | 166 m 2,https://propiedades.comhttps://propiedades.com/inmuebles/casa-en-venta-hacienda-del-seminario-sinaloa-27411091
Sinaloa,62,2026-04-06 03:18,"$4,200,000 MXN","Venta de casa en Montecarlo, Col. Montecarlo Residencial, Culiacán, Sinaloa, México, C.P. 80054, ID: 26258143",3 Recámaras | 2 Baños | 253 m 2,https://propiedades.comhttps://propiedades.com/inmuebles/casa-en-venta-montecarlo-montecarlo-residencial-sinaloa-26258143
Sinaloa,62,2026-04-06 03:18,"$2,903,446 MXN","Venta de casa LA RIOJA, Col. Valle Alto, Culiacán, Sinaloa, México, C.P. 80050, ID: 27204319",3 Recámaras | 2 Baños | 118 m 2,https://propiedades.comhttps://propiedades.com/inmuebles/casa-en-venta-la-rioja-valle-alto-sinaloa-27204319
Sinaloa,62,2026-04-06 03:18,"$3,500,000 MXN","Venta de casa Bretaña, Col. Montecarlo Residencial, Culiacán, Sinaloa, México, C.P. 80054, ID: 24841170",3 Recámaras | 2 Baños | 188 m 2,https://propiedades.comhttps://propiedades.com/inmuebles/casa-en-venta-bretana-montecarlo-residencial-sinaloa-24841170
Sinaloa,62,2026-04-06 03:18,"$5,600,000 MXN","Se vende casa ALDEA ANATA, Col. Mazatlan I, Mazatlán, Sinaloa, México, C.P. 82190, ID: 27857192",2 Recámaras | 2 Baños | 105 m 2,https://propiedades.comhttps://propiedades.com/inmuebles/casa-en-venta-aldea-anata-mazatlan-i-sinaloa-27857192
Sinaloa,62,2026-04-06 03:18,"$1,700,000 MXN","Venta de casa Col. Lomas del Sol, Culiacán, Sinaloa, México, C.P. 80016, ID: 30525421",1 Baño,https://propiedades.comhttps://propiedades.com/inmuebles/casa-en-venta-lomas-del-sol-sinaloa-30525421
Sinaloa,62,2026-04-06 03:18,"$2,700,000 MXN","Venta de casa , Col. Puesta del Sol, Mazatlán, Sinaloa, México, C.P. 82124, ID: 30171801",4 Recámaras | 2 Baños | 120 m 2,https://propiedades.comhttps://propiedades.com/inmuebles/casa-en-venta-puesta-del-sol-sinaloa-30171801
Sinaloa,62,2026-04-06 03:18,"$2,632,000 MXN","Casa en venta, , Col. Real del Valle, Mazatlán, Sinaloa, México, C.P. 82124, ID: 26007991",3 Recámaras | 2 Baños | 119 m 2,https://propiedades.comhttps://propiedades.com/inmuebles/casa-en-venta-real-del-valle-sinaloa-26007991
Sinaloa,62,2026-04-06 03:18,"$3,600,000 MXN","Venta casa en hacienda del carmen #5314, Col. Hacienda del Seminario, Mazatlán, Sinaloa, México, C.P. 82129, ID: 29128666",3 Recámaras | 4 Baños | 187 m 2,https://propiedades.comhttps://propiedades.com/inmuebles/casa-en-venta-hacienda-del-carmen-5314-hacienda-del-seminario-sinaloa-29128666
Sinaloa,62,2026-04-06 03:18,"$3,950,000 MXN","Casa en venta disponible en , Col. Montecarlo Residencial, Culiacán, Sinaloa, México, C.P. 80054, ID: 29543531",3 Recámaras | 2 Baños | 137 m 2,https://propiedades.comhttps://propiedades.com/inmuebles/casa-en-venta-montecarlo-residencial-sinaloa-29543531
Sinaloa,62,2026-04-06 03:18,"$5,980,250 MXN","Casa en venta, Principal #100Int. 120, Col. Marina Mazatlán, Mazatlán, Sinaloa, México, C.P. 82103, ID: 29150663",4 Recámaras | 4 Baños | 226 m 2,https://propiedades.comhttps://propiedades.com/inmuebles/casa-en-venta-principal-100-marina-mazatlan-sinaloa-29150663
Sinaloa,62,2026-04-06 03:18,"$710,000 MXN","Casa disponible en venta en CERRO DE SAN ANDRES #1939, Col. San Miguel de San Joaquín (San Miguel), Sinaloa, Sinaloa, México, C.P. 81996, ID: 28726028",4 Recámaras | 3 Baños | 600 m 2,https://propiedades.comhttps://propiedades.com/inmuebles/casa-en-venta-cerro-de-san-andres-1939-san-miguel-de-san-joaquin-san-miguel-sinaloa-28726028
Sinaloa,62,2026-04-06 03:18,"$3,250,000 MXN","Se vende casa CIBELES #1, Col. Real del Valle, Mazatlán, Sinaloa, México, C.P. 82124, ID: 26757938",3 Recámaras | 3 Baños | 131 m 2,https://propiedades.comhttps://propiedades.com/inmuebles/casa-en-venta-cibeles-1-real-del-valle-sinaloa-26757938
Sinaloa,62,2026-04-06 03:18,"$9,380,000 MXN","Casa en venta, PORTAL DE HIERRO EL ENCANTO, Col. Los Mochis (Los Mochis), Ahome, Sinaloa, México, C.P. 81369, ID: 30446676",3 Recámaras | 3 Baños | 335 m 2,https://propiedades.comhttps://propiedades.com/inmuebles/casa-en-venta-portal-de-hierro-el-encanto-los-mochis-los-mochis-sinaloa-30446676
Sinaloa,62,2026-04-06 03:18,"$2,350,000 MXN","Venta de casa Rafael López Andivar, Col. Bachigualato, Culiacán, Sinaloa, México, C.P. 80140, ID: 28447175",3 Recámaras | 2 Baños | 202 m 2,https://propiedades.comhttps://propiedades.com/inmuebles/casa-en-venta-rafael-lopez-andivar-bachigualato-sinaloa-28447175
Sinaloa,62,2026-04-06 03:18,"$2,420,000 MXN","Venta casa en Paseo del Roble, Col. Barcelona Sección Villa Barcelona, Culiacán, Sinaloa, México, C.P. 80059, ID: 28487714",3 Recámaras | 3 Baños | 114 m 2,https://propiedades.comhttps://propiedades.com/inmuebles/casa-en-venta-paseo-del-roble-barcelona-seccion-villa-barcelona-sinaloa-28487714
Sinaloa,62,2026-04-06 03:18,"$4,995,000 MXN","Venta de casa en Luna #788, Col. Almarena Residencial, Mazatlán, Sinaloa, México, C.P. 82112, ID: 29123188",3 Recámaras | 2 Baños | 145 m 2,https://propiedades.comhttps://propiedades.com/inmuebles/casa-en-venta-luna-788-almarena-residencial-sinaloa-29123188
Sinaloa,62,2026-04-06 03:18,"$3,650,000 MXN","Se vende casa en , Col. Bosques del Rey, Culiacán, Sinaloa, México, C.P. 80058, ID: 30308133",3 Recámaras | 3 Baños | 150 m 2,https://propiedades.comhttps://propiedades.com/inmuebles/casa-en-venta-bosques-del-rey-sinaloa-30308133
Sinaloa,62,2026-04-06 03:18,"$1,400,000 MXN","Av principal #100Int. 0, Col. Valle Bonito, Mazatlán, Sinaloa, México, C.P. 82136, ID: 29150664",2 Recámaras | 2 Baños | 95 m 2,https://propiedades.comhttps://propiedades.com/inmuebles/casa-en-venta-av-principal-100-valle-bonito-sinaloa-29150664
Sinaloa,62,2026-04-06 03:18,"$1,200,000 MXN","Casa disponible en venta en , Col. Valle Del Ejido, Mazatlán, Sinaloa, México, C.P. 82134, ID: 28271559",2 Recámaras | 2 Baños,https://propiedades.comhttps://propiedades.com/inmuebles/casa-en-venta-valle-del-ejido-sinaloa-28271559
Sinaloa,62,2026-04-06 03:18,"$2,700,000 MXN","Se vende casa en , Col. Valle Alto, Culiacán, Sinaloa, México, C.P. 80050, ID: 30553516",3 Recámaras | 3 Baños | 139 m 2,https://propiedades.comhttps://propiedades.com/inmuebles/casa-en-venta-valle-alto-sinaloa-30553516
Sinaloa,62,2026-04-06 03:18,"$3,923,000 MXN",", Col. El Venadillo, Mazatlán, Sinaloa, México, C.P. 82129, ID: 30607638",3 Recámaras | 2 Baños | 167 m 2,https://propiedades.comhttps://propiedades.com/inmuebles/casa-en-venta-el-venadillo-sinaloa-30607638
Sinaloa,62,2026-04-06 03:18,"$4,250,000 MXN","Venta de casa en Cerrada Mar de pino, Col. Azul Marino, Mazatlán, Sinaloa, México, C.P. 82112, ID: 29789540",4 Recámaras | 3 Baños | 129 m 2,https://propiedades.comhttps://propiedades.com/inmuebles/casa-en-venta-cerrada-mar-de-pino-azul-marino-sinaloa-29789540
Sinaloa,62,2026-04-06 03:18,"$6,500,000 MXN","Casa en venta, Lumeria Residencial, Col. Colinas de San Miguel, Culiacán, Sinaloa, México, C.P. 80228, ID: 28477423",3 Recámaras | 3 Baños | 169 m 2,https://propiedades.comhttps://propiedades.com/inmuebles/casa-en-venta-lumeria-residencial-colinas-de-san-miguel-sinaloa-28477423
Sinaloa,62,2026-04-06 03:18,"$2,550,000 MXN","Venta de casa LOMA BONITA #1835Int. 1, Col. INFONAVIT Barrancos, Culiacán, Sinaloa, México, C.P. 80189, ID: 29910414",4 Recámaras | 3 Baños | 194 m 2,https://propiedades.comhttps://propiedades.com/inmuebles/casa-en-venta-loma-bonita-1835-infonavit-barrancos-sinaloa-29910414
Sinaloa,62,2026-04-06 03:18,"$5,700,000 MXN","Venta de casa Marina Mazatlán, Mazatlán, Sinaloa, Col. Marina Mazatlán, Mazatlán, Sinaloa, México, C.P. 82103, ID: 27376744",3 Recámaras | 2 Baños | 247 m 2,https://propiedades.comhttps://propiedades.com/inmuebles/casa-en-venta-marina-mazatlan-mazatlan-sinaloa-marina-mazatlan-sinaloa-27376744
Sinaloa,62,2026-04-06 03:18,"$3,600,000 MXN","Casa disponible en venta en Oscar Pérez Escobosa #6341Int. 308, Col. Huerta Grande, Mazatlán, Sinaloa, México, C.P. 82129, ID: 28718658",2 Recámaras | 2 Baños | 82 m 2,https://propiedades.comhttps://propiedades.com/inmuebles/casa-en-venta-oscar-perez-escobosa-6341-huerta-grande-sinaloa-28718658
Sinaloa,62,2026-04-06 03:18,"$2,950,000 MXN","Se vende casa Laguna de Tamiahua #627, Col. Periodista, Culiacán, Sinaloa, México, C.P. 80060, ID: 30230134",3 Recámaras | 2 Baños | 196 m 2,https://propiedades.comhttps://propiedades.com/inmuebles/casa-en-venta-laguna-de-tamiahua-627-periodista-sinaloa-30230134
Sinaloa,62,2026-04-06 03:18,"$1,560,000 MXN","Venta de casa Toltecas #3731, Col. Stanza Solare, Culiacán, Sinaloa, México, C.P. 80145, ID: 28839279",3 Recámaras | 1 Baño | 130 m 2,https://propiedades.comhttps://propiedades.com/inmuebles/casa-en-venta-toltecas-3731-stanza-solare-sinaloa-28839279
Sinaloa,63,2026-04-06 03:18,"$2,050,000 MXN","Se vende casa , Col. Sinaloa, Mazatlán, Sinaloa, México, C.P. 82134, ID: 28253965",,https://propiedades.comhttps://propiedades.com/inmuebles/casa-en-venta-sinaloa-sinaloa-28253965
Sinaloa,63,2026-04-06 03:18,"$2,450,000 MXN","Casa en venta disponible en , Col. Revolución, Culiacán, Sinaloa, México, C.P. 80248, ID: 28058816",3 Recámaras | 2 Baños | 249 m 2,https://propiedades.comhttps://propiedades.com/inmuebles/casa-en-venta-revolucion-sinaloa-28058816
Sinaloa,63,2026-04-06 03:18,"$1,300,000 MXN","Casa en venta, , Col. El Castillo, Mazatlán, Sinaloa, México, C.P. 82150, ID: 29028134",2 Recámaras | 2 Baños | 52 m 2,https://propiedades.comhttps://propiedades.com/inmuebles/casa-en-venta-el-castillo-sinaloa-29028134
Sinaloa,63,2026-04-06 03:18,"$9,500,000 MXN","Casa disponible en venta en Calle de Puebla, Col. Las Quintas, Culiacán, Sinaloa, México, C.P. 80060, ID: 27749203",4 Recámaras | 3 Baños | 200 m 2,https://propiedades.comhttps://propiedades.com/inmuebles/casa-en-venta-calle-de-puebla-las-quintas-sinaloa-27749203
Sinaloa,63,2026-04-06 03:18,"$6,700,000 MXN","Venta casa en Calle aguacate #1111, Col. La Campiña, Culiacán, Sinaloa, México, C.P. 80060, ID: 28274202",3 Recámaras | 3 Baños | 450 m 2,https://propiedades.comhttps://propiedades.com/inmuebles/casa-en-venta-calle-aguacate-1111-la-campina-sinaloa-28274202
Sinaloa,63,2026-04-06 03:18,"$1,550,000 MXN","Pablo Macias Valenzuela #4774, Col. Adolfo Lopez Mateos, Culiacán, Sinaloa, México, C.P. 80303, ID: 29390923",2 Recámaras | 1 Baño | 70 m 2,https://propiedades.comhttps://propiedades.com/inmuebles/casa-en-venta-pablo-macias-valenzuela-4774-adolfo-lopez-mateos-sinaloa-29390923
Sinaloa,63,2026-04-06 03:18,"$4,990,000 MXN","Casa en venta disponible en avenida sonterra #678, Col. Sonterra Residencial II, Mazatlán, Sinaloa, México, C.P. 82124, ID: 29127333",3 Recámaras | 3 Baños | 220 m 2,https://propiedades.comhttps://propiedades.com/inmuebles/casa-en-venta-avenida-sonterra-678-sonterra-residencial-ii-sinaloa-29127333
Sinaloa,63,2026-04-06 03:18,"$1,500,000 MXN","MINAS #1819, Col. CNOP, Culiacán, Sinaloa, México, C.P. 80297, ID: 18850384",4 Recámaras | 2 Baños | 201 m 2,https://propiedades.comhttps://propiedades.com/inmuebles/casa-en-venta-minas-1819-cnop-sinaloa-18850384
Sinaloa,63,2026-04-06 03:18,"$4,500,000 MXN","Venta de casa Estado de Veracruz, Col. Las Quintas, Culiacán, Sinaloa, México, C.P. 80060, ID: 30690202",4 Recámaras | 3 Baños | 318 m 2,https://propiedades.comhttps://propiedades.com/inmuebles/casa-en-venta-estado-de-veracruz-las-quintas-sinaloa-30690202
Sinaloa,63,2026-04-06 03:18,"$3,300,000 MXN","Se vende casa coto santa raquel #0, Col. Hacienda del Seminario, Mazatlán, Sinaloa, México, C.P. 82129, ID: 29257918",3 Recámaras | 4 Baños | 130 m 2,https://propiedades.comhttps://propiedades.com/inmuebles/casa-en-venta-coto-santa-raquel-hacienda-del-seminario-sinaloa-29257918
Sinaloa,63,2026-04-06 03:18,"$2,100,000 MXN","Casa en venta disponible en ALTATA, Col. Altata, Navolato, Sinaloa, México, C.P. 80363, ID: 27511611",2 Recámaras | 2 Baños | 80 m 2,https://propiedades.comhttps://propiedades.com/inmuebles/casa-en-venta-altata-altata-sinaloa-27511611
Sinaloa,63,2026-04-06 03:18,"$3,500,000 MXN","Casa en venta disponible en Tutela, Col. Valencia, Culiacán, Sinaloa, México, C.P. 80058, ID: 28704469",3 Recámaras | 3 Baños | 190 m 2,https://propiedades.comhttps://propiedades.com/inmuebles/casa-en-venta-tutela-valencia-sinaloa-28704469
Sinaloa,63,2026-04-06 03:18,"$4,800,000 MXN","Se vende casa , Col. Colinas de San Miguel, Culiacán, Sinaloa, México, C.P. 80228, ID: 29129078",3 Recámaras | 4 Baños | 301 m 2,https://propiedades.comhttps://propiedades.com/inmuebles/casa-en-venta-colinas-de-san-miguel-sinaloa-29129078
Sinaloa,63,2026-04-06 03:18,"$4,650,000 MXN","Se vende casa Quinta real #1344Int. 8, Col. Las Quintas, Culiacán, Sinaloa, México, C.P. 80060, ID: 28716699",3 Recámaras | 2 Baños | 216 m 2,https://propiedades.comhttps://propiedades.com/inmuebles/casa-en-venta-quinta-real--1344-las-quintas-sinaloa-28716699
Sinaloa,63,2026-04-06 03:18,"$23,000,000 MXN","Dr. Jesús Rodolfo Acedo, Col. Chapultepec Del Rio, Culiacán, Sinaloa, México, C.P. 80040, ID: 25749393",4 Recámaras | 4 Baños | 1000 m 2,https://propiedades.comhttps://propiedades.com/inmuebles/casa-en-venta-dr-jesus-rodolfo-acedo-chapultepec-del-rio-sinaloa-25749393
Sinaloa,63,2026-04-06 03:18,"$3,800,000 MXN","Venta casa en Av. D paseos del pacífico #S/n, Col. Sonterra Residencial II, Mazatlán, Sinaloa, México, C.P. 82124, ID: 29389529",3 Recámaras | 2 Baños | 110 m 2,https://propiedades.comhttps://propiedades.com/inmuebles/casa-en-venta-av-d-paseos-del-pacifico-sn-sonterra-residencial-ii-sinaloa-29389529
Sinaloa,63,2026-04-06 03:18,"$8,700,000 MXN","Venta de casa en Ciudad de Guadalajara #1111, Col. Las Quintas, Culiacán, Sinaloa, México, C.P. 80060, ID: 28274203",3 Recámaras | 3 Baños | 500 m 2,https://propiedades.comhttps://propiedades.com/inmuebles/casa-en-venta-ciudad-de-guadalajara-1111-las-quintas-sinaloa-28274203
Sinaloa,63,2026-04-06 03:18,"$3,640,000 MXN","Venta de casa en Oscar Pérez escobosa, Mazatlán, Sinaloa, Col. Real del Valle, Mazatlán, Sinaloa, México, C.P. 82124, ID: 29223686",3 Recámaras | 2 Baños | 123 m 2,https://propiedades.comhttps://propiedades.com/inmuebles/casa-en-venta-oscar-perez-escobosa-mazatlan-sinaloa-real-del-valle-sinaloa-29223686
Sinaloa,63,2026-04-06 03:18,"$2,300,000 MXN",", Col. Constitución, Mazatlán, Sinaloa, México, C.P. 82170, ID: 26441856",117 m 2,https://propiedades.comhttps://propiedades.com/inmuebles/casa-en-venta-constitucion-sinaloa-26441856
Sinaloa,63,2026-04-06 03:18,"$2,700,000 MXN","Casa en venta disponible en Punta esmeralda, Col. Punta Esmeralda, Navolato, Sinaloa, México, C.P. 80363, ID: 27035632",2 Recámaras | 1 Baño | 87 m 2,https://propiedades.comhttps://propiedades.com/inmuebles/casa-en-venta-punta-esmeralda-punta-esmeralda-sinaloa-27035632
Sinaloa,63,2026-04-06 03:18,"$16,990,000 MXN",", Col. El Cid, Mazatlán, Sinaloa, México, C.P. 82110, ID: 25449063",4 Recámaras | 4 Baños,https://propiedades.comhttps://propiedades.com/inmuebles/casa-en-venta-el-cid-sinaloa-25449063
Sinaloa,63,2026-04-06 03:18,"$9,800,000 MXN","Casa disponible en venta en , Col. Marina Mazatlán, Mazatlán, Sinaloa, México, C.P. 82103, ID: 28089930",4 Recámaras | 4 Baños | 336 m 2,https://propiedades.comhttps://propiedades.com/inmuebles/casa-en-venta-marina-mazatlan-sinaloa-28089930
Sinaloa,63,2026-04-06 03:18,"$2,380,000 MXN","Venta de casa francisco Gonzales bocanegra #4213, Col. Arboledas III, Mazatlán, Sinaloa, México, C.P. 82134, ID: 29128662",3 Recámaras | 2 Baños | 96 m 2,https://propiedades.comhttps://propiedades.com/inmuebles/casa-en-venta-francisco-gonzales-bocanegra-4213-arboledas-iii-sinaloa-29128662
Sinaloa,63,2026-04-06 03:18,"$1,280,000 MXN","Casa en venta disponible en Cocotera, Col. Hacienda de La Mora, Culiacán, Sinaloa, México, C.P. 80145, ID: 30008208",3 Recámaras | 1 Baño | 55 m 2,https://propiedades.comhttps://propiedades.com/inmuebles/casa-en-venta-cocotera-hacienda-de-la-mora-sinaloa-30008208
Sinaloa,63,2026-04-06 03:18,"$12,000,000 MXN","Casa disponible en venta en Lomas del Bosque, Col. Lomas del Bosque, Culiacán, Sinaloa, México, C.P. 80179, ID: 28704599",4 Recámaras | 3 Baños | 1 m 2,https://propiedades.comhttps://propiedades.com/inmuebles/casa-en-venta-lomas-del-bosque-lomas-del-bosque-sinaloa-28704599
Sinaloa,63,2026-04-06 03:18,"$4,900,000 MXN","Casa disponible en venta en PRINCIPAL #S/N Int. S/N, Col. Real del Valle, Mazatlán, Sinaloa, México, C.P. 82124, ID: 29202906",3 Recámaras | 3 Baños | 188 m 2,https://propiedades.comhttps://propiedades.com/inmuebles/casa-en-venta-principal-sn-real-del-valle-sinaloa-29202906
Sinaloa,63,2026-04-06 03:18,"$11,500,000 MXN","De la Ostra, Col. Sábalo Country Club, Mazatlán, Sinaloa, México, C.P. 82100, ID: 30526888",3 Recámaras | 298 m 2,https://propiedades.comhttps://propiedades.com/inmuebles/casa-en-venta-de-la-ostra-sabalo-country-club-sinaloa-30526888
Sinaloa,63,2026-04-06 03:18,"$1,600,000 MXN","Casa en venta, VILLA FLORIDA, Col. Villa Florida, Mazatlán, Sinaloa, México, C.P. 82139, ID: 29857217",3 Recámaras | 2 Baños,https://propiedades.comhttps://propiedades.com/inmuebles/casa-en-venta-villa-florida-villa-florida-sinaloa-29857217
Sinaloa,63,2026-04-06 03:18,"$3,900,000 MXN","Casa en venta disponible en Pegaso, Col. Cerritos al Mar, Mazatlán, Sinaloa, México, C.P. 82112, ID: 29511647",3 Recámaras | 195 m 2,https://propiedades.comhttps://propiedades.com/inmuebles/casa-en-venta-pegaso-cerritos-al-mar-sinaloa-29511647
Sinaloa,63,2026-04-06 03:18,"$3,980,000 MXN","Venta de casa en , Col. Marina Mazatlán, Mazatlán, Sinaloa, México, C.P. 82103, ID: 27600826",3 Recámaras | 3 Baños | 180 m 2,https://propiedades.comhttps://propiedades.com/inmuebles/casa-en-venta-marina-mazatlan-sinaloa-27600826
Sinaloa,63,2026-04-06 03:18,"$4,300,000 MXN","Venta casa en , Col. Real del Valle, Mazatlán, Sinaloa, México, C.P. 82124, ID: 27569125",3 Recámaras | 3 Baños | 205 m 2,https://propiedades.comhttps://propiedades.com/inmuebles/casa-en-venta-real-del-valle-sinaloa-27569125
Sinaloa,63,2026-04-06 03:18,"$4,250,000 MXN","Venta de casa en paseo del rio, Col. Paseo Del Rio, Culiacán, Sinaloa, México, C.P. 80040, ID: 28033364",1 Recámara | 3 Baños | 1 m 2,https://propiedades.comhttps://propiedades.com/inmuebles/casa-en-venta-paseo-del-rio-paseo-del-rio-sinaloa-28033364
Sinaloa,63,2026-04-06 03:18,"$4,500,000 MXN","Venta de casa en , Col. Centro, Mazatlán, Sinaloa, México, C.P. 82000, ID: 29940819",3 Recámaras | 2 Baños | 129 m 2,https://propiedades.comhttps://propiedades.com/inmuebles/casa-en-venta-centro-sinaloa-29940819
Sinaloa,63,2026-04-06 03:18,"$8,900,000 MXN","Venta de casa en , Col. La Primavera, Culiacán, Sinaloa, México, C.P. 80434, ID: 29129077",5 Recámaras | 6 Baños | 393 m 2,https://propiedades.comhttps://propiedades.com/inmuebles/casa-en-venta-la-primavera-sinaloa-29129077
Sinaloa,63,2026-04-06 03:18,"$6,000,000 MXN","Venta de casa en Cerro San Andres #2063, Col. Colinas de San Miguel, Culiacán, Sinaloa, México, C.P. 80228, ID: 27576282",3 Recámaras | 3 Baños | 290 m 2,https://propiedades.comhttps://propiedades.com/inmuebles/casa-en-venta-cerro-san-andres-2063-colinas-de-san-miguel-sinaloa-27576282
Sinaloa,63,2026-04-06 03:18,"$3,700,000 MXN",", Col. La Campiña, Culiacán, Sinaloa, México, C.P. 80060, ID: 28431785",6 Recámaras | 3 Baños | 360 m 2,https://propiedades.comhttps://propiedades.com/inmuebles/casa-en-venta-la-campina-sinaloa-28431785
Sinaloa,63,2026-04-06 03:18,"$15,599,000 MXN","Casa en venta, Segunda #680, Col. Marina Mazatlán, Mazatlán, Sinaloa, México, C.P. 82103, ID: 29123174",4 Recámaras | 4 Baños | 490 m 2,https://propiedades.comhttps://propiedades.com/inmuebles/casa-en-venta-segunda-680-marina-mazatlan-sinaloa-29123174
Sinaloa,63,2026-04-06 03:18,"$4,400,000 MXN","Venta casa en genova #4906, Col. Real del Valle, Mazatlán, Sinaloa, México, C.P. 82124, ID: 27097411",4 Recámaras | 3 Baños | 194 m 2,https://propiedades.comhttps://propiedades.com/inmuebles/casa-en-venta-genova-4906-real-del-valle-sinaloa-27097411
Sinaloa,63,2026-04-06 03:18,"$2,565,000 MXN",", Col. Ferrocarrilera, Culiacán, Sinaloa, México, C.P. 80194, ID: 29839315",3 Recámaras | 3 Baños | 171 m 2,https://propiedades.comhttps://propiedades.com/inmuebles/casa-en-venta-ferrocarrilera-sinaloa-29839315
Sinaloa,63,2026-04-06 03:18,"$3,450,000 MXN","Casa disponible en venta en , Col. Las Villas Residencial, Ahome, Sinaloa, México, C.P. 81271, ID: 30538022",3 Recámaras | 2 Baños | 165 m 2,https://propiedades.comhttps://propiedades.com/inmuebles/casa-en-venta-las-villas-residencial-sinaloa-30538022
Sinaloa,63,2026-04-06 03:18,"$3,950,000 MXN","Venta de casa en Av. Libertad pte., Col. Quinta Real, Mazatlán, Sinaloa, México, C.P. 82125, ID: 29922225",3 Recámaras | 2 Baños | 150 m 2,https://propiedades.comhttps://propiedades.com/inmuebles/casa-en-venta-av-libertad-pte-quinta-real-sinaloa-29922225
Sinaloa,63,2026-04-06 03:18,"$1,590,000 MXN","Casa en venta, MINA DE TOPIA #2191, Col. Antonio Toledo Corro, Culiacán, Sinaloa, México, C.P. 80296, ID: 27891134",3 Recámaras | 2 Baños | 134 m 2,https://propiedades.comhttps://propiedades.com/inmuebles/casa-en-venta-mina-de-topia-2191-antonio-toledo-corro-sinaloa-27891134
Sinaloa,63,2026-04-06 03:18,"$1,700,000 MXN","Casa disponible en venta en Alborada Residencial, Col. Los Mochis (Los Mochis), Ahome, Sinaloa, México, C.P. 81369, ID: 30441144",2 Recámaras | 2 Baños | 68 m 2,https://propiedades.comhttps://propiedades.com/inmuebles/casa-en-venta-alborada-residencial-los-mochis-los-mochis-sinaloa-30441144
Sinaloa,63,2026-04-06 03:18,"$3,900,000 MXN","Venta de casa , Col. Perisur, Culiacán, Sinaloa, México, C.P. 80197, ID: 29543530",3 Recámaras | 3 Baños | 151 m 2,https://propiedades.comhttps://propiedades.com/inmuebles/casa-en-venta-perisur-sinaloa-29543530
Sinaloa,63,2026-04-06 03:18,"$4,500,000 MXN","Venta casa en avenida del pacifico #13456, Col. Real del Valle, Mazatlán, Sinaloa, México, C.P. 82124, ID: 29127351",4 Recámaras | 3 Baños | 186 m 2,https://propiedades.comhttps://propiedades.com/inmuebles/casa-en-venta-avenida-del-pacifico-13456-real-del-valle-sinaloa-29127351
Sinaloa,63,2026-04-06 03:18,"$5,490,000 MXN","c. circuito utha #6318, Col. Sonterra Residencial II, Mazatlán, Sinaloa, México, C.P. 82124, ID: 29167751",2 Recámaras | 3 Baños | 193 m 2,https://propiedades.comhttps://propiedades.com/inmuebles/casa-en-venta-c-circuito-utha-6318-sonterra-residencial-ii-sinaloa-29167751
Sinaloa,64,2026-04-06 03:18,"$6,700,000 MXN","Casa disponible en venta en circuito nuevo mexico #4567, Col. Sonterra Residencial II, Mazatlán, Sinaloa, México, C.P. 82124, ID: 29127334",4 Recámaras | 4 Baños | 279 m 2,https://propiedades.comhttps://propiedades.com/inmuebles/casa-en-venta-circuito-nuevo-mexico-4567-sonterra-residencial-ii-sinaloa-29127334
Sinaloa,64,2026-04-06 03:18,"$20,560,000 MXN","Casa en venta disponible en Calle vía cirrus, Col. Cerritos Resort, Mazatlán, Sinaloa, México, C.P. 82112, ID: 30526948",5 Recámaras | 514 m 2,https://propiedades.comhttps://propiedades.com/inmuebles/casa-en-venta-calle-via-cirrus-cerritos-resort-sinaloa-30526948
Sinaloa,64,2026-04-06 03:18,"$4,250,000 MXN","Casa en venta disponible en , Col. Loma Linda, Culiacán, Sinaloa, México, C.P. 80177, ID: 28898409",3 Recámaras | 3 Baños | 289 m 2,https://propiedades.comhttps://propiedades.com/inmuebles/casa-en-venta-loma-linda-sinaloa-28898409
Sinaloa,64,2026-04-06 03:18,"$4,300,000 MXN","Casa disponible en venta en calle genova #4908, Col. Real del Valle, Mazatlán, Sinaloa, México, C.P. 82124, ID: 28652765",4 Recámaras | 3 Baños | 194 m 2,https://propiedades.comhttps://propiedades.com/inmuebles/casa-en-venta-calle-genova-4908-real-del-valle-sinaloa-28652765
Sinaloa,64,2026-04-06 03:18,"$3,400,000 MXN","Casa en venta disponible en Sin nombre de calle, Col. Benito Juárez, Mazatlán, Sinaloa, México, C.P. 82180, ID: 27465738",5 Recámaras | 4 Baños | 347 m 2,https://propiedades.comhttps://propiedades.com/inmuebles/casa-en-venta-sin-nombre-de-calle-benito-juarez-sinaloa-27465738
Sinaloa,64,2026-04-06 03:18,"$4,500,000 MXN","Casa disponible en venta en coto #00002, Col. Real del Valle, Mazatlán, Sinaloa, México, C.P. 82124, ID: 25166725",3 Recámaras | 3 Baños | 203 m 2,https://propiedades.comhttps://propiedades.com/inmuebles/casa-en-venta-coto-00002-real-del-valle-sinaloa-25166725
Sinaloa,64,2026-04-06 03:18,"$2,270,000 MXN","Casa en venta disponible en , Col. Altata, Navolato, Sinaloa, México, C.P. 80363, ID: 26292383",2 Recámaras | 2 Baños | 74 m 2,https://propiedades.comhttps://propiedades.com/inmuebles/casa-en-venta-altata-sinaloa-26292383
Sinaloa,64,2026-04-06 03:18,"$3,950,000 MXN","platino sur, Col. Coto Platino, Mazatlán, Sinaloa, México, C.P. 82124, ID: 30687062",4 Recámaras | 3 Baños | 146 m 2,https://propiedades.comhttps://propiedades.com/inmuebles/casa-en-venta-platino-sur-coto-platino-sinaloa-30687062
Sinaloa,64,2026-04-06 03:18,"$977,000 MXN","Se vende casa en Av. Itzel #3931, Col. Rosario Uzarraga, Culiacán, Sinaloa, México, C.P. 80014, ID: 24594235",2 Recámaras | 1 Baño | 99 m 2,https://propiedades.comhttps://propiedades.com/inmuebles/casa-en-venta-av-itzel--3931-rosario-uzarraga-sinaloa-24594235
Sinaloa,64,2026-04-06 03:18,"$3,650,000 MXN","Rio Evora, Col. Lomas de Guadalupe, Culiacán, Sinaloa, México, C.P. 80250, ID: 29918648",3 Recámaras | 2 Baños | 273 m 2,https://propiedades.comhttps://propiedades.com/inmuebles/casa-en-venta-rio-evora-lomas-de-guadalupe-sinaloa-29918648
Sinaloa,64,2026-04-06 03:18,"$3,990,000 MXN","Venta de casa en de los Nogales, Col. Country Álamos, Culiacán, Sinaloa, México, C.P. 80100, ID: 28534084",3 Recámaras | 3 Baños | 1 m 2,https://propiedades.comhttps://propiedades.com/inmuebles/casa-en-venta-de-los-nogales-country-alamos-sinaloa-28534084
Sinaloa,64,2026-04-06 03:18,"$4,400,000 MXN","Real del Valle, Mazatlán, Sinaloa, Col. Real del Valle, Mazatlán, Sinaloa, México, C.P. 82124, ID: 27376746",4 Recámaras | 3 Baños | 204 m 2,https://propiedades.comhttps://propiedades.com/inmuebles/casa-en-venta-real-del-valle-mazatlan-sinaloa-real-del-valle-sinaloa-27376746
Sinaloa,64,2026-04-06 03:18,"$2,000,000 MXN","Venta de casa en , Col. Valle Del Ejido, Mazatlán, Sinaloa, México, C.P. 82134, ID: 29067688",1 Recámara | 1 Baño | 93 m 2,https://propiedades.comhttps://propiedades.com/inmuebles/casa-en-venta-valle-del-ejido-sinaloa-29067688
Sinaloa,64,2026-04-06 03:18,"$3,768,000 MXN","Casa en venta disponible en C. Jorge Julián Chávez Castro, Col. Privanzas, Culiacán, Sinaloa, México, C.P. 80100, ID: 28704524",2 Recámaras | 2 Baños | 94 m 2,https://propiedades.comhttps://propiedades.com/inmuebles/casa-en-venta-c-jorge-julian-chavez-castro-privanzas-sinaloa-28704524
Sinaloa,64,2026-04-06 03:18,"$3,265,000 MXN","Venta casa en Valle Alto verde, Col. Valle Alto, Culiacán, Sinaloa, México, C.P. 80050, ID: 27398163",4 Recámaras | 4 Baños | 181 m 2,https://propiedades.comhttps://propiedades.com/inmuebles/casa-en-venta-valle-alto-verde-valle-alto-sinaloa-27398163
Sinaloa,64,2026-04-06 03:18,"$5,980,250 MXN","Se vende casa fulana #3456Int. 6543, Col. Marina Mazatlán, Mazatlán, Sinaloa, México, C.P. 82103, ID: 29143246",4 Recámaras | 4 Baños | 226 m 2,https://propiedades.comhttps://propiedades.com/inmuebles/casa-en-venta-fulana--3456-marina-mazatlan-sinaloa-29143246
Sinaloa,64,2026-04-06 03:18,"$1,700,000 MXN","20 DE NOVIEMBRE, Col. 20 de Noviembre, Mazatlán, Sinaloa, México, C.P. 82150, ID: 29867184",2 Recámaras | 2 Baños,https://propiedades.comhttps://propiedades.com/inmuebles/casa-en-venta-20-de-noviembre-20-de-noviembre-sinaloa-29867184
Sinaloa,64,2026-04-06 03:18,"$1,100,000 MXN","Venta de casa , Col. Morelos, Salvador Alvarado, Sinaloa, México, C.P. 81460, ID: 27165427",2 Recámaras | 1 Baño | 109 m 2,https://propiedades.comhttps://propiedades.com/inmuebles/casa-en-venta-morelos-sinaloa-27165427
Sinaloa,64,2026-04-06 03:18,"$13,900,000 MXN","Casa en venta disponible en Sin nombre de calle, Col. El Cid, Mazatlán, Sinaloa, México, C.P. 82110, ID: 27466026",3 Recámaras | 5 Baños | 304 m 2,https://propiedades.comhttps://propiedades.com/inmuebles/casa-en-venta-sin-nombre-de-calle-el-cid-sinaloa-27466026
Sinaloa,64,2026-04-06 03:18,"$1,950,000 MXN","agustín melgar #5678, Col. Morelos, Mazatlán, Sinaloa, México, C.P. 82170, ID: 29127336",2 Recámaras | 3 Baños | 107 m 2,https://propiedades.comhttps://propiedades.com/inmuebles/casa-en-venta-agustin-melgar-5678-morelos-sinaloa-29127336
Sinaloa,64,2026-04-06 03:18,"$3,814,000 MXN","Se vende casa en hacienda seminario, Col. Hacienda del Seminario, Mazatlán, Sinaloa, México, C.P. 82129, ID: 27882442",3 Recámaras | 158 m 2,https://propiedades.comhttps://propiedades.com/inmuebles/casa-en-venta-hacienda-seminario-hacienda-del-seminario-sinaloa-27882442
Sinaloa,64,2026-04-06 03:18,"$3,980,000 MXN",", Col. Real del Valle, Mazatlán, Sinaloa, México, C.P. 82124, ID: 27724545",3 Recámaras | 3 Baños | 143 m 2,https://propiedades.comhttps://propiedades.com/inmuebles/casa-en-venta-real-del-valle-sinaloa-27724545
Sinaloa,64,2026-04-06 03:18,"$5,600,000 MXN","ARIZON, ""SONTERRA RESIDENCIAL"", Col. El Venadillo, Mazatlán, Sinaloa, México, C.P. 82129, ID: 28348477",3 Recámaras | 221 m 2,https://propiedades.comhttps://propiedades.com/inmuebles/casa-en-venta-arizon-sonterra-residencial-el-venadillo-sinaloa-28348477
Sinaloa,64,2026-04-06 03:18,"$3,990,000 MXN","GENERAL PEDRO ANAYA #3392, Col. Ignacio Allende, Culiacán, Sinaloa, México, C.P. 80010, ID: 26889856",3 Recámaras | 4 Baños | 75 m 2,https://propiedades.comhttps://propiedades.com/inmuebles/casa-en-venta-general-pedro-anaya-3392-ignacio-allende-sinaloa-26889856
Sinaloa,64,2026-04-06 03:18,"$3,250,000 MXN",", Col. Centro, Mazatlán, Sinaloa, México, C.P. 82000, ID: 28855877",4 Recámaras | 2 Baños | 209 m 2,https://propiedades.comhttps://propiedades.com/inmuebles/casa-en-venta-centro-sinaloa-28855877
Sinaloa,64,2026-04-06 03:18,"$3,030,000 MXN",", Col. Real del Valle, Mazatlán, Sinaloa, México, C.P. 82124, ID: 26007992",3 Recámaras | 2 Baños | 119 m 2,https://propiedades.comhttps://propiedades.com/inmuebles/casa-en-venta-real-del-valle-sinaloa-26007992
Sinaloa,64,2026-04-06 03:18,"$4,400,000 MXN","Venta de casa en , Col. Ferrocarrilera, Mazatlán, Sinaloa, México, C.P. 82013, ID: 27209520",6 Recámaras | 4 Baños | 200 m 2,https://propiedades.comhttps://propiedades.com/inmuebles/casa-en-venta-ferrocarrilera-sinaloa-27209520
Sinaloa,64,2026-04-06 03:18,"$6,800,000 MXN","Río Culiacan #409, Col. Guadalupe, Culiacán, Sinaloa, México, C.P. 80220, ID: 28203478",5 Recámaras | 4 Baños | 314 m 2,https://propiedades.comhttps://propiedades.com/inmuebles/casa-en-venta-rio-culiacan-409-guadalupe-sinaloa-28203478
Sinaloa,64,2026-04-06 03:18,"$2,300,000 MXN","Venta de casa villa vizcaya, Col. Country del Río IV, Culiacán, Sinaloa, México, C.P. 80050, ID: 27398164",3 Recámaras | 2 Baños | 200 m 2,https://propiedades.comhttps://propiedades.com/inmuebles/casa-en-venta-villa-vizcaya-country-del-rio-iv-sinaloa-27398164
Sinaloa,64,2026-04-06 03:18,"$3,364,670 MXN",", Col. Belcantto, Culiacán, Sinaloa, México, C.P. 80184, ID: 30392504",3 Recámaras | 2 Baños | 110 m 2,https://propiedades.comhttps://propiedades.com/inmuebles/casa-en-venta-belcantto-sinaloa-30392504
Sinaloa,64,2026-04-06 03:18,"$2,400,000 MXN","Venta de casa en jardines #1, Col. Jardines de la Riviera, Mazatlán, Sinaloa, México, C.P. 82134, ID: 26787668",3 Recámaras | 3 Baños | 186 m 2,https://propiedades.comhttps://propiedades.com/inmuebles/casa-en-venta-jardines-1-jardines-de-la-riviera-sinaloa-26787668
Sinaloa,64,2026-04-06 03:18,"$8,000,000 MXN","Casa en venta, cerro de la silla #900 Y 907 SUR, Col. Colinas de San Miguel, Culiacán, Sinaloa, México, C.P. 80228, ID: 26319430",4 Recámaras | 3 Baños | 322 m 2,https://propiedades.comhttps://propiedades.com/inmuebles/casa-en-venta-cerro-de-la-silla-900-y-907-sur-colinas-de-san-miguel-sinaloa-26319430
Sinaloa,64,2026-04-06 03:18,"$2,850,000 MXN","Los sauces #AY, Col. La Campiña, Culiacán, Sinaloa, México, C.P. 80060, ID: 27920601",3 Recámaras | 2 Baños | 170 m 2,https://propiedades.comhttps://propiedades.com/inmuebles/casa-en-venta-los-sauces-ay-la-campina-sinaloa-27920601
Sinaloa,64,2026-04-06 03:18,"$1,750,000 MXN","morelos #s/n, Col. Morelos, Mazatlán, Sinaloa, México, C.P. 82170, ID: 27415426",2 Recámaras | 3 Baños | 107 m 2,https://propiedades.comhttps://propiedades.com/inmuebles/casa-en-venta-morelos-sn-morelos-sinaloa-27415426
Sinaloa,64,2026-04-06 03:18,"$5,500,000 MXN","Casa disponible en venta en almarena residencial, Col. Cerritos Resort, Mazatlán, Sinaloa, México, C.P. 82112, ID: 30526963",3 Recámaras | 157 m 2,https://propiedades.comhttps://propiedades.com/inmuebles/casa-en-venta-almarena-residencial-cerritos-resort-sinaloa-30526963
Sinaloa,64,2026-04-06 03:18,"$1,500,000 MXN","Se vende casa , Col. Real del Valle, Mazatlán, Sinaloa, México, C.P. 82124, ID: 26319065",2 Recámaras | 1 Baño | 50 m 2,https://propiedades.comhttps://propiedades.com/inmuebles/casa-en-venta-real-del-valle-sinaloa-26319065
Sinaloa,64,2026-04-06 03:18,"$4,500,000 MXN","Casa disponible en venta en Circuito Mármol, Col. San Juan, Mazatlán, Sinaloa, México, C.P. 82275, ID: 30526889",4 Recámaras | 220 m 2,https://propiedades.comhttps://propiedades.com/inmuebles/casa-en-venta-circuito-marmol-san-juan-sinaloa-30526889
Sinaloa,64,2026-04-06 03:18,"$3,600,000 MXN","Venta de casa en QUINTA #100, Col. Bosques del Rey, Culiacán, Sinaloa, México, C.P. 80058, ID: 28146674",3 Recámaras | 3 Baños | 149 m 2,https://propiedades.comhttps://propiedades.com/inmuebles/casa-en-venta-quinta-100-bosques-del-rey-sinaloa-28146674
Sinaloa,64,2026-04-06 03:18,"$1,300,000 MXN","Venta de casa en amaploa, Col. Flores Magón, Mazatlán, Sinaloa, México, C.P. 82190, ID: 28625890",2 Recámaras | 1 Baño | 200 m 2,https://propiedades.comhttps://propiedades.com/inmuebles/casa-en-venta-amaploa-flores-magon-sinaloa-28625890
Sinaloa,64,2026-04-06 03:18,"$17,900,000 MXN","Venta de casa AV PUREPECHA, Col. Miguel de La Madrid, Culiacán, Sinaloa, México, C.P. 80295, ID: 28715449",2 Recámaras | 1623 m 2,https://propiedades.comhttps://propiedades.com/inmuebles/casa-en-venta-av-purepecha-miguel-de-la-madrid-sinaloa-28715449
Sinaloa,64,2026-04-06 03:18,"$6,550,000 MXN","Circuito Adriático, Col. Mazatlan I, Mazatlán, Sinaloa, México, C.P. 82190, ID: 29922223",4 Recámaras | 3 Baños | 282 m 2,https://propiedades.comhttps://propiedades.com/inmuebles/casa-en-venta-circuito-adriatico-mazatlan-i-sinaloa-29922223
Sinaloa,64,2026-04-06 03:18,"$2,000,000 MXN","Se vende casa en , Col. El Vallado, Culiacán, Sinaloa, México, C.P. 80110, ID: 26544402",4 Recámaras | 2 Baños | 314 m 2,https://propiedades.comhttps://propiedades.com/inmuebles/casa-en-venta-el-vallado-sinaloa-26544402
Sinaloa,64,2026-04-06 03:18,"$8,200,000 MXN","Venta casa en Maralto Residencial, Col. Marina Kelly, Mazatlán, Sinaloa, México, C.P. 82112, ID: 26839815",3 Recámaras | 3 Baños | 330 m 2,https://propiedades.comhttps://propiedades.com/inmuebles/casa-en-venta-maralto-residencial-marina-kelly-sinaloa-26839815
Sinaloa,64,2026-04-06 03:18,"$5,300,000 MXN","Se vende casa en Bahia de altamira, Col. Nuevo Culiacán, Culiacán, Sinaloa, México, C.P. 80170, ID: 23504539",3 Recámaras | 3 Baños | 330 m 2,https://propiedades.comhttps://propiedades.com/inmuebles/casa-en-venta-bahia-de-altamira-nuevo-culiacan-sinaloa-23504539
Sinaloa,64,2026-04-06 03:18,"$2,100,000 MXN","Venta de casa ocho #11256, Col. FOVISSSTE Playa Azul, Mazatlán, Sinaloa, México, C.P. 82138, ID: 29127354",3 Recámaras | 2 Baños | 141 m 2,https://propiedades.comhttps://propiedades.com/inmuebles/casa-en-venta-ocho-11256-fovissste-playa-azul-sinaloa-29127354
Sinaloa,64,2026-04-06 03:18,"$6,600,000 MXN",", Col. Navolato Centro, Navolato, Sinaloa, México, C.P. 80320, ID: 27640687",4 Recámaras | 4 Baños | 443 m 2,https://propiedades.comhttps://propiedades.com/inmuebles/casa-en-venta-navolato-centro-sinaloa-27640687
Sinaloa,65,2026-04-06 03:18,"$3,700,000 MXN","Casa disponible en venta en , Col. Portalegre, Culiacán, Sinaloa, México, C.P. 80058, ID: 28431788",3 Recámaras | 2 Baños | 163 m 2,https://propiedades.comhttps://propiedades.com/inmuebles/casa-en-venta-portalegre-sinaloa-28431788
Sinaloa,65,2026-04-06 03:18,"$5,350,000 MXN","Venta casa en , Col. Real del Valle, Mazatlán, Sinaloa, México, C.P. 82124, ID: 27568936",4 Recámaras | 3 Baños | 167 m 2,https://propiedades.comhttps://propiedades.com/inmuebles/casa-en-venta-real-del-valle-sinaloa-27568936
Sinaloa,65,2026-04-06 03:18,"$2,400,000 MXN","Casa disponible en venta en , Col. Jaripillo, Mazatlán, Sinaloa, México, C.P. 82136, ID: 26026074",3 Recámaras | 3 Baños,https://propiedades.comhttps://propiedades.com/inmuebles/casa-en-venta-jaripillo-sinaloa-26026074
Sinaloa,65,2026-04-06 03:18,"$5,750,000 MXN","Se vende casa Cd de Reynosa, Col. Las Quintas, Culiacán, Sinaloa, México, C.P. 80060, ID: 27739904",3 Recámaras | 4 Baños | 270 m 2,https://propiedades.comhttps://propiedades.com/inmuebles/casa-en-venta-cd-de-reynosa-las-quintas-sinaloa-27739904
Sinaloa,65,2026-04-06 03:18,"$4,180,000 MXN","Casa disponible en venta en Av. El Dorado, Col. Las Quintas, Culiacán, Sinaloa, México, C.P. 80060, ID: 28728718",4 Recámaras | 3 Baños | 170 m 2,https://propiedades.comhttps://propiedades.com/inmuebles/casa-en-venta-av-el-dorado-las-quintas-sinaloa-28728718
Sinaloa,65,2026-04-06 03:18,"$3,900,000 MXN","Casa disponible en venta en Avenida del Atlantico, Col. Real del Valle, Mazatlán, Sinaloa, México, C.P. 82124, ID: 26846792",3 Recámaras | 3 Baños | 180 m 2,https://propiedades.comhttps://propiedades.com/inmuebles/casa-en-venta-avenida-del-atlantico-real-del-valle-sinaloa-26846792
Sinaloa,65,2026-04-06 03:18,"$6,900,000 MXN","Casa en venta disponible en Cerro de la memoria, Col. Colinas de San Miguel, Culiacán, Sinaloa, México, C.P. 80228, ID: 27920600",4 Recámaras | 4 Baños | 379 m 2,https://propiedades.comhttps://propiedades.com/inmuebles/casa-en-venta-cerro-de-la-memoria-colinas-de-san-miguel-sinaloa-27920600
Sinaloa,65,2026-04-06 03:18,"$2,290,000 MXN",", Col. Paseo Del Rio, Culiacán, Sinaloa, México, C.P. 80040, ID: 29935918",3 Recámaras | 2 Baños | 182 m 2,https://propiedades.comhttps://propiedades.com/inmuebles/casa-en-venta-paseo-del-rio-sinaloa-29935918
Sinaloa,65,2026-04-06 03:18,"$2,474,000 MXN",", Col. Real del Valle, Mazatlán, Sinaloa, México, C.P. 82124, ID: 26698013",3 Recámaras,https://propiedades.comhttps://propiedades.com/inmuebles/casa-en-venta-real-del-valle-sinaloa-26698013
Sinaloa,65,2026-04-06 03:18,"$4,350,000 MXN","Venta casa en Calixto #689, Col. Estadio, Mazatlán, Sinaloa, México, C.P. 82140, ID: 29123172",6 Recámaras | 4 Baños | 490 m 2,https://propiedades.comhttps://propiedades.com/inmuebles/casa-en-venta-calixto-689-estadio-sinaloa-29123172
Sinaloa,65,2026-04-06 03:18,"$5,231,500 MXN","Se vende casa en , Col. Mazatlán (Gral. Rafael Buelna), Mazatlán, Sinaloa, México, C.P. 82269, ID: 28273989",3 Recámaras | 3 Baños | 144 m 2,https://propiedades.comhttps://propiedades.com/inmuebles/casa-en-venta-mazatlan-gral-rafael-buelna-sinaloa-28273989
Sinaloa,65,2026-04-06 03:18,"$4,700,000 MXN","Casa en venta, Av Paseo del Atlántico, Col. Club Real, Mazatlán, Sinaloa, México, C.P. 82113, ID: 29922222",2 Recámaras | 2 Baños | 186 m 2,https://propiedades.comhttps://propiedades.com/inmuebles/casa-en-venta-av-paseo-del-atlantico-club-real-sinaloa-29922222
Sinaloa,65,2026-04-06 03:18,"$3,600,000 MXN","Venta de casa en Monte Urales #852, Col. Montebello, Culiacán, Sinaloa, México, C.P. 80227, ID: 28228131",4 Recámaras | 4 Baños | 237 m 2,https://propiedades.comhttps://propiedades.com/inmuebles/casa-en-venta-monte-urales-852-montebello-sinaloa-28228131
Sinaloa,65,2026-04-06 03:18,"$2,170,000 MXN","Se vende casa VALLES DEL EJIDO, Col. Ampliación Valle del Ejido, Mazatlán, Sinaloa, México, C.P. 82134, ID: 30474462",3 Recámaras | 2 Baños,https://propiedades.comhttps://propiedades.com/inmuebles/casa-en-venta-valles-del-ejido-ampliacion-valle-del-ejido-sinaloa-30474462
Sinaloa,65,2026-04-06 03:18,"$4,577,000 MXN",", Col. Rosales, Culiacán, Sinaloa, México, C.P. 80300, ID: 30614730",3 Recámaras | 3 Baños | 207 m 2,https://propiedades.comhttps://propiedades.com/inmuebles/casa-en-venta-rosales-sinaloa-30614730
Sinaloa,65,2026-04-06 03:18,"$2,500,000 MXN","Se vende casa , Col. Hacienda del Seminario, Mazatlán, Sinaloa, México, C.P. 82129, ID: 27537643",3 Recámaras | 2 Baños | 99 m 2,https://propiedades.comhttps://propiedades.com/inmuebles/casa-en-venta-hacienda-del-seminario-sinaloa-27537643
Sinaloa,65,2026-04-06 03:18,"$2,200,000 MXN","Venta de casa en , Col. Villa Bonita, Culiacán, Sinaloa, México, C.P. 80199, ID: 29388991",3 Recámaras | 2 Baños | 146 m 2,https://propiedades.comhttps://propiedades.com/inmuebles/casa-en-venta-villa-bonita-sinaloa-29388991
Sinaloa,65,2026-04-06 03:18,"$3,750,000 MXN",", Col. Real del Valle, Mazatlán, Sinaloa, México, C.P. 82124, ID: 26301905",3 Recámaras | 3 Baños | 172 m 2,https://propiedades.comhttps://propiedades.com/inmuebles/casa-en-venta-real-del-valle-sinaloa-26301905
Sinaloa,65,2026-04-06 03:18,"$2,100,000 MXN","Venta de casa Canizalez #579, Col. Centro, Mazatlán, Sinaloa, México, C.P. 82000, ID: 29123185",3 Recámaras | 2 Baños | 169 m 2,https://propiedades.comhttps://propiedades.com/inmuebles/casa-en-venta-canizalez-579-centro-sinaloa-29123185
Sinaloa,65,2026-04-06 03:18,"$2,570,000 MXN","Casa disponible en venta en Malaga, Col. Centro, Culiacán, Sinaloa, México, C.P. 80000, ID: 28830090",3 Recámaras | 3 Baños | 118 m 2,https://propiedades.comhttps://propiedades.com/inmuebles/casa-en-venta-malaga-centro-sinaloa-28830090
Sinaloa,65,2026-04-06 03:18,"$13,900,000 MXN","Se vende casa en Julio Berdegué Aznar, Col. El Cid, Mazatlán, Sinaloa, México, C.P. 82110, ID: 30526955",5 Recámaras | 1044 m 2,https://propiedades.comhttps://propiedades.com/inmuebles/casa-en-venta-julio-berdegue-aznar-el-cid-sinaloa-30526955
Sinaloa,65,2026-04-06 03:18,"$7,000,000 MXN","Casa en venta, DR. MORA #1906, Col. La Campiña, Culiacán, Sinaloa, México, C.P. 80060, ID: 27381987",3 Recámaras | 2 Baños | 300 m 2,https://propiedades.comhttps://propiedades.com/inmuebles/casa-en-venta-dr-mora-1906-la-campina-sinaloa-27381987
Sinaloa,65,2026-04-06 03:18,"$1,680,000 MXN","Se vende casa Avenida Valles del ejido #9986, Col. Valle Del Ejido, Mazatlán, Sinaloa, México, C.P. 82134, ID: 27802506",2 Recámaras | 2 Baños | 90 m 2,https://propiedades.comhttps://propiedades.com/inmuebles/casa-en-venta-avenida-valles-del-ejido-9986-valle-del-ejido-sinaloa-27802506
Sinaloa,65,2026-04-06 03:18,"$1,430,000 MXN",", Col. Cañadas, Culiacán, Sinaloa, México, C.P. 80178, ID: 29210229",2 Recámaras | 2 Baños | 210 m 2,https://propiedades.comhttps://propiedades.com/inmuebles/casa-en-venta-canadas-sinaloa-29210229
Sinaloa,65,2026-04-06 03:18,"$5,100,000 MXN","Casa disponible en venta en DIAMANTE ALCAZAR, Col. Los Mochis (Los Mochis), Ahome, Sinaloa, México, C.P. 81369, ID: 30413335",3 Recámaras | 2 Baños | 205 m 2,https://propiedades.comhttps://propiedades.com/inmuebles/casa-en-venta-diamante-alcazar-los-mochis-los-mochis-sinaloa-30413335
Sinaloa,65,2026-04-06 03:18,"$18,000,000 MXN","Rio Elota y Paliza, Col. Guadalupe, Culiacán, Sinaloa, México, C.P. 80220, ID: 31002503",3 Recámaras | 1 Baño | 923 m 2,https://propiedades.comhttps://propiedades.com/inmuebles/casa-en-venta-rio-elota-y-paliza-guadalupe-sinaloa-31002503
Sinaloa,65,2026-04-06 03:18,"$4,700,000 MXN","Casa en venta, Quinta real #1344, Col. Las Quintas, Culiacán, Sinaloa, México, C.P. 80060, ID: 28728843",3 Recámaras | 2 Baños | 216 m 2,https://propiedades.comhttps://propiedades.com/inmuebles/casa-en-venta-quinta-real-1344-las-quintas-sinaloa-28728843
Sinaloa,65,2026-04-06 03:18,"$1,550,000 MXN","Casa disponible en venta en avenida valle del ejido #456, Col. Valle Del Ejido, Mazatlán, Sinaloa, México, C.P. 82134, ID: 27579952",3 Recámaras | 2 Baños | 89 m 2,https://propiedades.comhttps://propiedades.com/inmuebles/casa-en-venta-avenida-valle-del-ejido-456-valle-del-ejido-sinaloa-27579952
Sinaloa,65,2026-04-06 03:18,"$850,000 MXN","Se vende casa en S/N, Col. Ejido Rincón de Urías, Mazatlán, Sinaloa, México, C.P. 82070, ID: 30040817",2 Recámaras | 2 Baños | 90 m 2,https://propiedades.comhttps://propiedades.com/inmuebles/casa-en-venta-sn-ejido-rincon-de-urias-sinaloa-30040817
Sinaloa,65,2026-04-06 03:18,"$2,474,000 MXN","Se vende casa , Col. Ejército de Salvación, Mazatlán, Sinaloa, México, C.P. 82275, ID: 26726810",3 Recámaras | 3 Baños | 118 m 2,https://propiedades.comhttps://propiedades.com/inmuebles/casa-en-venta-ejercito-de-salvacion-sinaloa-26726810
Sinaloa,65,2026-04-06 03:18,"$2,200,000 MXN","Casa en venta, , Col. Culiacán (Culiacán), Culiacán, Sinaloa, México, C.P. 80139, ID: 29129070",3 Recámaras | 2 Baños,https://propiedades.comhttps://propiedades.com/inmuebles/casa-en-venta-culiacan-culiacan-sinaloa-29129070
Sinaloa,65,2026-04-06 03:18,"$3,550,000 MXN","Coros Ceballos #1770, Col. Libertad, Culiacán, Sinaloa, México, C.P. 80180, ID: 27562625",4 Recámaras | 4 Baños | 148 m 2,https://propiedades.comhttps://propiedades.com/inmuebles/casa-en-venta-coros-ceballos-1770-libertad-sinaloa-27562625
Sinaloa,65,2026-04-06 03:18,"$10,750,000 MXN","avenida camarón sábalo #567, Col. Cerritos Resort, Mazatlán, Sinaloa, México, C.P. 82112, ID: 29127374",4 Recámaras | 5 Baños | 330 m 2,https://propiedades.comhttps://propiedades.com/inmuebles/casa-en-venta-avenida-camaron-sabalo-567-cerritos-resort-sinaloa-29127374
Sinaloa,65,2026-04-06 03:18,"$10,700,000 MXN","Venta casa en blv cerro de monte largo #202, Col. Colinas de San Miguel, Culiacán, Sinaloa, México, C.P. 80228, ID: 15168461",3 Recámaras | 2 Baños | 502 m 2,https://propiedades.comhttps://propiedades.com/inmuebles/casa-en-venta-blv-cerro-de-monte-largo-202-colinas-de-san-miguel-sinaloa-15168461
Sinaloa,65,2026-04-06 03:18,"$3,500,000 MXN","Casa disponible en venta en Col. Real del Valle, Mazatlán, Sinaloa, México, C.P. 82124, ID: 24806636",4 Recámaras | 3 Baños | 200 m 2,https://propiedades.comhttps://propiedades.com/inmuebles/casa-en-venta-real-del-valle-sinaloa-24806636
Sinaloa,65,2026-04-06 03:18,"$4,950,000 MXN","Casa en venta, Colinas de san Miguel, Col. Colinas de San Miguel, Culiacán, Sinaloa, México, C.P. 80228, ID: 28733479",3 Recámaras | 3 Baños | 313 m 2,https://propiedades.comhttps://propiedades.com/inmuebles/casa-en-venta-colinas-de-san-miguel-colinas-de-san-miguel-sinaloa-28733479
Sinaloa,65,2026-04-06 03:18,"$14,000,000 MXN","Venta de casa ROSALES #303, Col. Centro, Culiacán, Sinaloa, México, C.P. 80450, ID: 29156964",12 Recámaras | 4 Baños | 1100 m 2,https://propiedades.comhttps://propiedades.com/inmuebles/casa-en-venta-rosales-303-centro-sinaloa-29156964
Sinaloa,65,2026-04-06 03:18,"$9,500,000 MXN","Chapultepec, Col. Chapultepec, Culiacán, Sinaloa, México, C.P. 80040, ID: 25813438",3 Recámaras | 3 Baños | 210 m 2,https://propiedades.comhttps://propiedades.com/inmuebles/casa-en-venta-chapultepec-chapultepec-sinaloa-25813438
Sinaloa,65,2026-04-06 03:18,"$3,100,000 MXN",", Col. Culiacán (Culiacán), Culiacán, Sinaloa, México, C.P. 80139, ID: 29129075",3 Recámaras | 3 Baños | 230 m 2,https://propiedades.comhttps://propiedades.com/inmuebles/casa-en-venta-culiacan-culiacan-sinaloa-29129075
Sinaloa,65,2026-04-06 03:18,"$8,350,000 MXN","Casa disponible en venta en Mariano Escobedo #346, Col. Los Pinos, Culiacán, Sinaloa, México, C.P. 80128, ID: 28565457",3 Recámaras | 2 Baños | 456 m 2,https://propiedades.comhttps://propiedades.com/inmuebles/casa-en-venta-mariano-escobedo-346-los-pinos-sinaloa-28565457
Sinaloa,65,2026-04-06 03:18,"$3,900,000 MXN","AVENIDA DEL ATLANTICO #3456, Col. Real del Valle, Mazatlán, Sinaloa, México, C.P. 82124, ID: 29127353",3 Recámaras | 3 Baños | 182 m 2,https://propiedades.comhttps://propiedades.com/inmuebles/casa-en-venta-avenida-del-atlantico-3456-real-del-valle-sinaloa-29127353
Sinaloa,65,2026-04-06 03:18,"$6,490,000 MXN","CERRO DE MONTELARGO, Col. Colinas de San Miguel, Culiacán, Sinaloa, México, C.P. 80228, ID: 22956365",4 Recámaras | 5 Baños | 505 m 2,https://propiedades.comhttps://propiedades.com/inmuebles/casa-en-venta-cerro-de-montelargo-colinas-de-san-miguel-sinaloa-22956365
Sinaloa,65,2026-04-06 03:18,"$2,850,000 MXN","Venta de casa San Lucio #5952, Col. Hacienda del Seminario, Mazatlán, Sinaloa, México, C.P. 82129, ID: 30377168",3 Recámaras | 3 Baños | 110 m 2,https://propiedades.comhttps://propiedades.com/inmuebles/casa-en-venta-san-lucio-5952-hacienda-del-seminario-sinaloa-30377168
Sinaloa,65,2026-04-06 03:18,"$1,950,000 MXN",", Col. Renato Vega, Mazatlán, Sinaloa, México, C.P. 82134, ID: 27914775",3 Recámaras | 3 Baños | 140 m 2,https://propiedades.comhttps://propiedades.com/inmuebles/casa-en-venta-renato-vega-sinaloa-27914775
Sinaloa,66,2026-04-06 03:18,"$1,800,000 MXN","Casa disponible en venta en Aquiles Serdán, Col. Centro, Culiacán, Sinaloa, México, C.P. 80000, ID: 28215004",3 Recámaras | 1 Baño | 1 m 2,https://propiedades.comhttps://propiedades.com/inmuebles/casa-en-venta-aquiles-serdan-centro-sinaloa-28215004
Sinaloa,66,2026-04-06 03:18,"$10,500,000 MXN","Casa en venta, Sin nombre de calle #SN, Col. Cerritos al Mar, Mazatlán, Sinaloa, México, C.P. 82112, ID: 30588636",3 Recámaras | 4 Baños | 275 m 2,https://propiedades.comhttps://propiedades.com/inmuebles/casa-en-venta-sin-nombre-de-calle-sn-cerritos-al-mar-sinaloa-30588636
Sinaloa,66,2026-04-06 03:18,"$4,500,000 MXN","Venta casa en escobedo #338, Col. Centro, Culiacán, Sinaloa, México, C.P. 80000, ID: 28565448",3 Recámaras | 2 Baños | 428 m 2,https://propiedades.comhttps://propiedades.com/inmuebles/casa-en-venta-escobedo-338-centro-sinaloa-28565448
Sinaloa,66,2026-04-06 03:18,"$2,690,000 MXN","Venta de casa Col. Culiacán (Culiacán), Culiacán, Sinaloa, México, C.P. 80139, ID: 30928682",3 Recámaras | 100 m 2,https://propiedades.comhttps://propiedades.com/inmuebles/casa-en-venta-culiacan-culiacan-sinaloa-30928682
Sinaloa,66,2026-04-06 03:18,"$4,200,000 MXN","Casa en venta disponible en Platon, Col. Villa Universidad, Culiacán, Sinaloa, México, C.P. 80010, ID: 28029401",3 Recámaras | 2 Baños | 203 m 2,https://propiedades.comhttps://propiedades.com/inmuebles/casa-en-venta-platon-villa-universidad-sinaloa-28029401
Sinaloa,66,2026-04-06 03:18,"$2,850,000 MXN","Casa en venta disponible en Col. Los Mochis (Los Mochis), Ahome, Sinaloa, México, C.P. 81369, ID: 30457455",3 Recámaras | 3 Baños | 160 m 2,https://propiedades.comhttps://propiedades.com/inmuebles/casa-en-venta-los-mochis-los-mochis-sinaloa-30457455
Sinaloa,66,2026-04-06 03:18,"$8,200,000 MXN","Joaquin Redo #235, Col. Chapultepec, Culiacán, Sinaloa, México, C.P. 80040, ID: 27756293",4 Recámaras | 3 Baños | 310 m 2,https://propiedades.comhttps://propiedades.com/inmuebles/casa-en-venta-joaquin-redo-235-chapultepec-sinaloa-27756293
Sinaloa,66,2026-04-06 03:18,"$2,766,457 MXN","Venta de casa , Col. Ejército de Salvación, Mazatlán, Sinaloa, México, C.P. 82275, ID: 25370543",3 Recámaras | 2 Baños | 128 m 2,https://propiedades.comhttps://propiedades.com/inmuebles/casa-en-venta-ejercito-de-salvacion-sinaloa-25370543
Sinaloa,66,2026-04-06 03:18,"$4,500,000 MXN",", Col. Real del Valle, Mazatlán, Sinaloa, México, C.P. 82124, ID: 25084623",3 Recámaras | 3 Baños | 198 m 2,https://propiedades.comhttps://propiedades.com/inmuebles/casa-en-venta-real-del-valle-sinaloa-25084623
Sinaloa,66,2026-04-06 03:18,"$5,690,000 MXN","Se vende casa , Col. Portalegre, Culiacán, Sinaloa, México, C.P. 80058, ID: 30610090",3 Recámaras | 4 Baños | 250 m 2,https://propiedades.comhttps://propiedades.com/inmuebles/casa-en-venta-portalegre-sinaloa-30610090
Sinaloa,66,2026-04-06 03:18,"$4,700,000 MXN","Casa en venta disponible en , Col. Real del Valle, Mazatlán, Sinaloa, México, C.P. 82124, ID: 26566384",4 Recámaras | 3 Baños | 200 m 2,https://propiedades.comhttps://propiedades.com/inmuebles/casa-en-venta-real-del-valle-sinaloa-26566384
Sinaloa,66,2026-04-06 03:18,"$6,740,000 MXN","Venta de casa Boulevar Alta Brisa, Col. Marina Kelly, Mazatlán, Sinaloa, México, C.P. 82112, ID: 30526966",3 Recámaras | 245 m 2,https://propiedades.comhttps://propiedades.com/inmuebles/casa-en-venta-boulevar-alta-brisa-marina-kelly-sinaloa-30526966
Sinaloa,66,2026-04-06 03:18,"$5,500,000 MXN","Casa disponible en venta en , Col. Sonterra Residencial II, Mazatlán, Sinaloa, México, C.P. 82124, ID: 28754537",3 Recámaras | 3 Baños | 230 m 2,https://propiedades.comhttps://propiedades.com/inmuebles/casa-en-venta-sonterra-residencial-ii-sinaloa-28754537
Sinaloa,66,2026-04-06 03:18,"$9,800,000 MXN","Casa disponible en venta en Barrio San Alberto, Col. Unión Antorchista, Culiacán, Sinaloa, México, C.P. 80294, ID: 28840238",3 Recámaras | 4 Baños,https://propiedades.comhttps://propiedades.com/inmuebles/casa-en-venta-barrio-san-alberto-union-antorchista-sinaloa-28840238
Sinaloa,66,2026-04-06 03:18,"$3,000,000 MXN","Venta de casa en Santa Anabel, Col. Real del Valle, Mazatlán, Sinaloa, México, C.P. 82124, ID: 20755208",3 Recámaras | 2 Baños | 184 m 2,https://propiedades.comhttps://propiedades.com/inmuebles/casa-en-venta-santa-anabel-real-del-valle-sinaloa-20755208
Sinaloa,66,2026-04-06 03:18,"$7,500,000 MXN","Casa en venta disponible en Villa Romana, Col. Los Mochis (Los Mochis), Ahome, Sinaloa, México, C.P. 81369, ID: 30428298",3 Recámaras | 3 Baños | 280 m 2,https://propiedades.comhttps://propiedades.com/inmuebles/casa-en-venta-villa-romana-los-mochis-los-mochis-sinaloa-30428298
Sinaloa,66,2026-04-06 03:18,"$1,800,000 MXN","Casa en venta, Jabalíes, Mazatlán, Sin., Col. Jabalíes, Mazatlán, Sinaloa, México, C.P. 82165, ID: 27920786",2 Recámaras | 2 Baños | 99 m 2,https://propiedades.comhttps://propiedades.com/inmuebles/casa-en-venta-jabalies-mazatlan-sin-jabalies-sinaloa-27920786
Sinaloa,66,2026-04-06 03:18,"$1,700,000 MXN","Venta de casa , Col. Morelos, Culiacán, Sinaloa, México, C.P. 80170, ID: 30878886",4 Recámaras | 3 Baños | 233 m 2,https://propiedades.comhttps://propiedades.com/inmuebles/casa-en-venta-morelos-sinaloa-30878886
Sinaloa,66,2026-04-06 03:18,"$7,200,000 MXN","Casa disponible en venta en doctor ramón Ponce de león #110, Col. Chapultepec, Culiacán, Sinaloa, México, C.P. 80040, ID: 26761466",3 Recámaras | 3 Baños | 210 m 2,https://propiedades.comhttps://propiedades.com/inmuebles/casa-en-venta-doctor-ramon-ponce-de-leon-110-chapultepec-sinaloa-26761466
Sinaloa,66,2026-04-06 03:18,"$5,930,375 MXN","Se vende casa Sin nombre de calle, Col. Delfines, Mazatlán, Sinaloa, México, C.P. 82132, ID: 29166593",4 Recámaras | 4 Baños | 227 m 2,https://propiedades.comhttps://propiedades.com/inmuebles/casa-en-venta-sin-nombre-de-calle-delfines-sinaloa-29166593
Sinaloa,66,2026-04-06 03:18,"$21,500,000 MXN",", Col. Marina El Cid, Mazatlán, Sinaloa, México, C.P. 82102, ID: 26174130",4 Recámaras | 4 Baños | 500 m 2,https://propiedades.comhttps://propiedades.com/inmuebles/casa-en-venta-marina-el-cid-sinaloa-26174130
Sinaloa,66,2026-04-06 03:18,"$6,650,000 MXN","Venta de casa en , Col. Sábalo Country Club, Mazatlán, Sinaloa, México, C.P. 82100, ID: 26075422",4 Recámaras | 4 Baños | 537 m 2,https://propiedades.comhttps://propiedades.com/inmuebles/casa-en-venta-sabalo-country-club-sinaloa-26075422
Sinaloa,66,2026-04-06 03:18,"$1,750,000 MXN","Venta casa en BAHIA DE OHUIRA #1924, Col. El Vallado, Culiacán, Sinaloa, México, C.P. 80110, ID: 29119177",2 Recámaras | 1 Baño | 212 m 2,https://propiedades.comhttps://propiedades.com/inmuebles/casa-en-venta-bahia-de-ohuira-1924-el-vallado-sinaloa-29119177
Sinaloa,66,2026-04-06 03:18,"$3,000,000 MXN","Casa en venta disponible en , Col. Chulavista, Mazatlán, Sinaloa, México, C.P. 82124, ID: 28146330",3 Recámaras | 3 Baños | 121 m 2,https://propiedades.comhttps://propiedades.com/inmuebles/casa-en-venta-chulavista-sinaloa-28146330
Sinaloa,66,2026-04-06 03:18,"$1,700,000 MXN","Se vende casa Aztlán, Col. Los Portales, Culiacán, Sinaloa, México, C.P. 80180, ID: 22201524",3 Recámaras | 2 Baños | 287 m 2,https://propiedades.comhttps://propiedades.com/inmuebles/casa-en-venta-aztlan-los-portales-sinaloa-22201524
Sinaloa,66,2026-04-06 03:18,"$2,500,000 MXN","Venta de casa Privada La Rioja, Col. Valle Alto, Culiacán, Sinaloa, México, C.P. 80050, ID: 27581488",3 Recámaras | 2 Baños | 200 m 2,https://propiedades.comhttps://propiedades.com/inmuebles/casa-en-venta-privada-la-rioja-valle-alto-sinaloa-27581488
Sinaloa,66,2026-04-06 03:18,"$3,800,000 MXN","Venta de casa Real del Valle, Mazatlán, Sinaloa, Col. Real del Valle, Mazatlán, Sinaloa, México, C.P. 82124, ID: 21557864",3 Recámaras | 3 Baños | 180 m 2,https://propiedades.comhttps://propiedades.com/inmuebles/casa-en-venta-real-del-valle-mazatlan-sinaloa-real-del-valle-sinaloa-21557864
Sinaloa,66,2026-04-06 03:18,"$6,032,500 MXN","Casa disponible en venta en Sin nombre de calle, Col. Delfines, Mazatlán, Sinaloa, México, C.P. 82132, ID: 29166592",4 Recámaras | 4 Baños | 228 m 2,https://propiedades.comhttps://propiedades.com/inmuebles/casa-en-venta-sin-nombre-de-calle-delfines-sinaloa-29166592
Sinaloa,66,2026-04-06 03:18,"$3,800,000 MXN","Casa disponible en venta en Real del Valle, Mazatlán, Sinaloa, Col. Real del Valle, Mazatlán, Sinaloa, México, C.P. 82124, ID: 25879768",3 Recámaras | 3 Baños | 182 m 2,https://propiedades.comhttps://propiedades.com/inmuebles/casa-en-venta-real-del-valle-mazatlan-sinaloa-real-del-valle-sinaloa-25879768
Sinaloa,66,2026-04-06 03:18,"$1,485,000 MXN","Casa en venta, , Col. Colinas del Bosque, Culiacán, Sinaloa, México, C.P. 80197, ID: 29630358",3 Recámaras | 1 Baño | 90 m 2,https://propiedades.comhttps://propiedades.com/inmuebles/casa-en-venta-colinas-del-bosque-sinaloa-29630358
Sinaloa,66,2026-04-06 03:18,"$4,700,000 MXN","Casa disponible en venta en , Col. Real del Valle, Mazatlán, Sinaloa, México, C.P. 82124, ID: 28754536",4 Recámaras | 5 Baños | 221 m 2,https://propiedades.comhttps://propiedades.com/inmuebles/casa-en-venta-real-del-valle-sinaloa-28754536
Sinaloa,66,2026-04-06 03:18,"$1,485,000 MXN",", Col. Colinas del Bosque, Culiacán, Sinaloa, México, C.P. 80197, ID: 28580913",3 Recámaras | 1 Baño | 90 m 2,https://propiedades.comhttps://propiedades.com/inmuebles/casa-en-venta-colinas-del-bosque-sinaloa-28580913
Sinaloa,66,2026-04-06 03:18,"$3,480,000 MXN","Venta casa en Real del Valle, Mazatlán, Sinaloa, Col. Real del Valle, Mazatlán, Sinaloa, México, C.P. 82124, ID: 21557872",4 Recámaras | 3 Baños | 234 m 2,https://propiedades.comhttps://propiedades.com/inmuebles/casa-en-venta-real-del-valle-mazatlan-sinaloa-real-del-valle-sinaloa-21557872
Sinaloa,66,2026-04-06 03:18,"$2,875,000 MXN",", Col. El Venadillo, Mazatlán, Sinaloa, México, C.P. 82129, ID: 25719247",3 Recámaras | 3 Baños | 124 m 2,https://propiedades.comhttps://propiedades.com/inmuebles/casa-en-venta-el-venadillo-sinaloa-25719247
Sinaloa,66,2026-04-06 03:18,"$5,800,000 MXN","Casa disponible en venta en , Col. Real del Valle, Mazatlán, Sinaloa, México, C.P. 82124, ID: 27483367",4 Recámaras | 3 Baños | 153 m 2,https://propiedades.comhttps://propiedades.com/inmuebles/casa-en-venta-real-del-valle-sinaloa-27483367
Sinaloa,66,2026-04-06 03:18,"$1,866,000 MXN","Venta de casa , Col. Perisur, Culiacán, Sinaloa, México, C.P. 80197, ID: 26287440",2 Recámaras | 1 Baño | 66 m 2,https://propiedades.comhttps://propiedades.com/inmuebles/casa-en-venta-perisur-sinaloa-26287440
Sinaloa,66,2026-04-06 03:18,"$6,150,000 MXN","Se vende casa Cándido Aguilar, Col. Aquiles Serdán, Culiacán, Sinaloa, México, C.P. 80190, ID: 22633997",4 Recámaras | 4 Baños | 766 m 2,https://propiedades.comhttps://propiedades.com/inmuebles/casa-en-venta-candido-aguilar-aquiles-serdan-sinaloa-22633997
Sinaloa,66,2026-04-06 03:18,"$4,200,000 MXN","Casa disponible en venta en Blvd. Amorada #2971, Col. Sfera Residencial, Culiacán, Sinaloa, México, C.P. 80014, ID: 30996193",3 Recámaras | 3 Baños | 181 m 2,https://propiedades.comhttps://propiedades.com/inmuebles/casa-en-venta-blvd-amorada-2971-sfera-residencial-sinaloa-30996193
Sinaloa,66,2026-04-06 03:18,"$25,590,000 MXN","Venta casa en Estado de Chihuahua #1111, Col. Las Quintas, Culiacán, Sinaloa, México, C.P. 80060, ID: 30997617",5 Recámaras | 6 Baños | 817 m 2,https://propiedades.comhttps://propiedades.com/inmuebles/casa-en-venta-estado-de-chihuahua-1111-las-quintas-sinaloa-30997617
Sinaloa,66,2026-04-06 03:18,"$4,600,000 MXN","Calle de la Concordia #2896, Col. Parque Industrial CANACINTRA, Culiacán, Sinaloa, México, C.P. 80054, ID: 30997672",6 Recámaras | 4 Baños | 231 m 2,https://propiedades.comhttps://propiedades.com/inmuebles/casa-en-venta-calle-de-la-concordia-2896-parque-industrial-canacintra-sinaloa-30997672
Sinaloa,66,2026-04-06 03:18,"$14,900,000 MXN","Las Quintas, Col. Las Quintas, Culiacán, Sinaloa, México, C.P. 80060, ID: 30997674",4 Recámaras | 4 Baños | 541 m 2,https://propiedades.comhttps://propiedades.com/inmuebles/casa-en-venta-las-quintas-las-quintas-sinaloa-30997674
Sinaloa,66,2026-04-06 03:18,"$5,267,000 MXN","Venta de casa Blvd Perisur, Col. Progreso, Culiacán, Sinaloa, México, C.P. 80197, ID: 30997676",3 Recámaras | 3 Baños | 210 m 2,https://propiedades.comhttps://propiedades.com/inmuebles/casa-en-venta-blvd-perisur-progreso-sinaloa-30997676
Sinaloa,66,2026-04-06 03:18,"$5,500,000 MXN","Venta de casa Manuel Felgueres, Col. Parque Alameda, Culiacán, Sinaloa, México, C.P. 80030, ID: 31001152",3 Recámaras | 3 Baños | 224 m 2,https://propiedades.comhttps://propiedades.com/inmuebles/casa-en-venta-manuel-felgueres-parque-alameda-sinaloa-31001152
Sinaloa,66,2026-04-06 03:18,"$2,600,000 MXN","Piñoncito, Col. Cuauhtémoc, Culiacán, Sinaloa, México, C.P. 80027, ID: 31001155",5 Recámaras | 3 Baños | 237 m 2,https://propiedades.comhttps://propiedades.com/inmuebles/casa-en-venta-pinoncito-cuauhtemoc-sinaloa-31001155
Sinaloa,66,2026-04-06 03:18,"$1,750,000 MXN","Casa disponible en venta en Miguel de la Madrid hurtado #2976, Col. Miguel de La Madrid, Culiacán, Sinaloa, México, C.P. 80295, ID: 31009150",3 Recámaras | 1 Baño | 160 m 2,https://propiedades.comhttps://propiedades.com/inmuebles/casa-en-venta-miguel-de-la-madrid-hurtado-2976-miguel-de-la-madrid-sinaloa-31009150
Sinaloa,67,2026-04-06 03:18,"$5,490,000 MXN","GENOVA #S/N, Col. Real del Valle, Mazatlán, Sinaloa, México, C.P. 82124, ID: 31014617",3 Recámaras | 3 Baños | 212 m 2,https://propiedades.comhttps://propiedades.com/inmuebles/casa-en-venta-genova-sn-real-del-valle-sinaloa-31014617
Sinaloa,67,2026-04-06 03:18,"$4,900,000 MXN","Se vende casa en QUIMERA #1314, Col. Almarena Residencial, Mazatlán, Sinaloa, México, C.P. 82112, ID: 31017208",3 Recámaras | 3 Baños | 157 m 2,https://propiedades.comhttps://propiedades.com/inmuebles/casa-en-venta-quimera-1314-almarena-residencial-sinaloa-31017208
Sinaloa,67,2026-04-06 03:18,"$3,500,000 MXN","Privanzas Roma #367, Col. Las Misiones, Ahome, Sinaloa, México, C.P. 81293, ID: 31020664",3 Recámaras | 3 Baños | 185 m 2,https://propiedades.comhttps://propiedades.com/inmuebles/casa-en-venta-privanzas-roma-367-las-misiones-sinaloa-31020664
Sinaloa,67,2026-04-06 03:18,"$4,950,000 MXN","Casa disponible en venta en GRAN VIA #5119, Col. Coto Platino, Mazatlán, Sinaloa, México, C.P. 82124, ID: 31020799",3 Recámaras | 3 Baños | 190 m 2,https://propiedades.comhttps://propiedades.com/inmuebles/casa-en-venta-gran-via-5119-coto-platino-sinaloa-31020799
Sinaloa,67,2026-04-06 03:18,"$7,000,000 MXN","Venta casa en La Cantera Residencial Privado, Col. Condesa, Culiacán, Sinaloa, México, C.P. 80100, ID: 31024238",4 Recámaras | 3 Baños | 280 m 2,https://propiedades.comhttps://propiedades.com/inmuebles/casa-en-venta-la-cantera-residencial-privado-condesa-sinaloa-31024238
Sinaloa,67,2026-04-06 03:18,"$3,500,000 MXN","Venta casa en Yucalpa #3683, Col. Los Angeles, Culiacán, Sinaloa, México, C.P. 80014, ID: 31027425",3 Recámaras | 2 Baños | 201 m 2,https://propiedades.comhttps://propiedades.com/inmuebles/casa-en-venta-yucalpa-3683-los-angeles-sinaloa-31027425
Sinaloa,67,2026-04-06 03:18,"$2,918,000 MXN","Se vende casa en , Col. Perisur, Culiacán, Sinaloa, México, C.P. 80197, ID: 28580918",3 Recámaras | 2 Baños | 97 m 2,https://propiedades.comhttps://propiedades.com/inmuebles/casa-en-venta-perisur-sinaloa-28580918
Sinaloa,67,2026-04-06 03:18,"$9,300,000 MXN","Venta de casa , Col. Alcázar del Country, Ahome, Sinaloa, México, C.P. 81278, ID: 26544380",4 Recámaras | 4 Baños | 341 m 2,https://propiedades.comhttps://propiedades.com/inmuebles/casa-en-venta-alcazar-del-country-sinaloa-26544380
Sinaloa,67,2026-04-06 03:18,"$1,700,000 MXN","Jabalíes, Mazatlán, Sin., Col. Jabalíes, Mazatlán, Sinaloa, México, C.P. 82165, ID: 27920785",2 Recámaras | 3 Baños | 99 m 2,https://propiedades.comhttps://propiedades.com/inmuebles/casa-en-venta-jabalies-mazatlan-sin-jabalies-sinaloa-27920785
Sinaloa,67,2026-04-06 03:18,"$2,390,000 MXN","Casa disponible en venta en , Col. 10 de Mayo, Culiacán, Sinaloa, México, C.P. 80270, ID: 28818748",5 Recámaras | 3 Baños,https://propiedades.comhttps://propiedades.com/inmuebles/casa-en-venta-10-de-mayo-sinaloa-28818748
Sinaloa,67,2026-04-06 03:18,"$700,000 MXN","Venta de casa en , Col. Culiacán (Culiacán), Culiacán, Sinaloa, México, C.P. 80139, ID: 29129072",2 Recámaras | 1 Baño | 58 m 2,https://propiedades.comhttps://propiedades.com/inmuebles/casa-en-venta-culiacan-culiacan-sinaloa-29129072
Sinaloa,67,2026-04-06 03:18,"$7,840,000 MXN","Se vende casa en , Col. La Primavera, Culiacán, Sinaloa, México, C.P. 80434, ID: 30960238",3 Recámaras | 3 Baños | 255 m 2,https://propiedades.comhttps://propiedades.com/inmuebles/casa-en-venta-la-primavera-sinaloa-30960238
Sinaloa,67,2026-04-06 03:18,"$5,500,000 MXN","Casa en venta, , Col. Hacienda Las Cruces, Mazatlán, Sinaloa, México, C.P. 82126, ID: 28093803",3 Recámaras | 2 Baños,https://propiedades.comhttps://propiedades.com/inmuebles/casa-en-venta-hacienda-las-cruces-sinaloa-28093803
Sinaloa,67,2026-04-06 03:18,"$1,270,000 MXN","Venta casa en Guasave #132, Col. Centro, Guasave, Sinaloa, México, C.P. 81000, ID: 30739241",2 Recámaras | 1 Baño | 150 m 2,https://propiedades.comhttps://propiedades.com/inmuebles/casa-en-venta-guasave-132-centro-sinaloa-30739241
Sinaloa,67,2026-04-06 03:18,"$1,750,000 MXN","Casa en venta disponible en VILLA CADIZ #2925, Col. Villas Del Rio, Culiacán, Sinaloa, México, C.P. 80050, ID: 29119173",2 Recámaras | 1 Baño | 71 m 2,https://propiedades.comhttps://propiedades.com/inmuebles/casa-en-venta-villa-cadiz-2925-villas-del-rio-sinaloa-29119173
Sinaloa,67,2026-04-06 03:18,"$1,550,000 MXN",", Col. Ampliación Valle del Ejido, Mazatlán, Sinaloa, México, C.P. 82134, ID: 27742682",3 Recámaras | 2 Baños | 100 m 2,https://propiedades.comhttps://propiedades.com/inmuebles/casa-en-venta-ampliacion-valle-del-ejido-sinaloa-27742682
Sinaloa,67,2026-04-06 03:18,"$1,450,000 MXN","Se vende casa en RENATO VEGA, Col. Renato Vega, Mazatlán, Sinaloa, México, C.P. 82215, ID: 30028876",2 Recámaras | 1 Baño | 75 m 2,https://propiedades.comhttps://propiedades.com/inmuebles/casa-en-venta-renato-vega-renato-vega-sinaloa-30028876
Sinaloa,67,2026-04-06 03:18,"$1,250,000 MXN","Venta de casa , Col. Las Mañanitas, Culiacán, Sinaloa, México, C.P. 80140, ID: 30356672",2 Recámaras | 1 Baño | 69 m 2,https://propiedades.comhttps://propiedades.com/inmuebles/casa-en-venta-las-mananitas-sinaloa-30356672
Sinaloa,67,2026-04-06 03:18,"$5,980,000 MXN","Se vende casa en , Col. Mazatlán (Gral. Rafael Buelna), Mazatlán, Sinaloa, México, C.P. 82269, ID: 27411090",5 Recámaras | 5 Baños | 166 m 2,https://propiedades.comhttps://propiedades.com/inmuebles/casa-en-venta-mazatlan-gral-rafael-buelna-sinaloa-27411090
Sinaloa,67,2026-04-06 03:18,"$1,998,000 MXN",", Col. Perisur, Culiacán, Sinaloa, México, C.P. 80197, ID: 29630363",2 Recámaras | 1 Baño | 66 m 2,https://propiedades.comhttps://propiedades.com/inmuebles/casa-en-venta-perisur-sinaloa-29630363
Sinaloa,67,2026-04-06 03:18,"$2,100,000 MXN","Venta de casa en manzana cuartel segundo, Col. Centro, Mazatlán, Sinaloa, México, C.P. 82000, ID: 30526938",1 Recámara,https://propiedades.comhttps://propiedades.com/inmuebles/casa-en-venta-manzana-cuartel-segundo-centro-sinaloa-30526938
Sinaloa,67,2026-04-06 03:18,"$635,000 MXN","Casa en venta disponible en C. Tabachín 332, Alameda, 82123 Mazatlán, Sin. #332, Col. Jardines de la Alameda, Mazatlán, Sinaloa, México, C.P. 82123, ID: 30917783",5 Recámaras | 4 Baños | 380 m 2,https://propiedades.comhttps://propiedades.com/inmuebles/casa-en-venta-c-tabachin-332-alameda-82123-mazatlan-sin-332-jardines-de-la-alameda-sinaloa-30917783
Sinaloa,67,2026-04-06 03:18,"$1,750,000 MXN","Casa en venta disponible en PASEO CENTENARIO, Col. Los Mochis (Los Mochis), Ahome, Sinaloa, México, C.P. 81369, ID: 30495834",2 Recámaras | 1 Baño,https://propiedades.comhttps://propiedades.com/inmuebles/casa-en-venta-paseo-centenario-los-mochis-los-mochis-sinaloa-30495834
Sinaloa,67,2026-04-06 03:18,"$2,120,000 MXN","Casa en venta, santa rosa, Col. Jaripillo, Mazatlán, Sinaloa, México, C.P. 82136, ID: 29987558",3 Recámaras | 3 Baños | 105 m 2,https://propiedades.comhttps://propiedades.com/inmuebles/casa-en-venta-santa-rosa-jaripillo-sinaloa-29987558
Sinaloa,67,2026-04-06 03:18,"$5,950,000 MXN","Se vende casa en VILLA ANTIGUA, Col. Los Mochis (Los Mochis), Ahome, Sinaloa, México, C.P. 81369, ID: 30514692",3 Recámaras | 3 Baños | 199 m 2,https://propiedades.comhttps://propiedades.com/inmuebles/casa-en-venta-villa-antigua-los-mochis-los-mochis-sinaloa-30514692
Sinaloa,67,2026-04-06 03:18,"$1,600,000 MXN","Casa disponible en venta en Del creston, Col. Benito Juárez, Mazatlán, Sinaloa, México, C.P. 82180, ID: 27402896",3 Recámaras | 2 Baños | 120 m 2,https://propiedades.comhttps://propiedades.com/inmuebles/casa-en-venta-del-creston-benito-juarez-sinaloa-27402896
Sinaloa,67,2026-04-06 03:18,"$11,800,000 MXN","Verona #4Int. 890, Col. Cerritos al Mar, Mazatlán, Sinaloa, México, C.P. 82112, ID: 29123181",4 Recámaras | 5 Baños | 318 m 2,https://propiedades.comhttps://propiedades.com/inmuebles/casa-en-venta-verona-4-cerritos-al-mar-sinaloa-29123181
Sinaloa,67,2026-04-06 03:18,"$4,600,000 MXN","Venta casa en , Col. Estadio, Mazatlán, Sinaloa, México, C.P. 82140, ID: 26319064",7 Recámaras | 4 Baños | 240 m 2,https://propiedades.comhttps://propiedades.com/inmuebles/casa-en-venta-estadio-sinaloa-26319064
Sinaloa,67,2026-04-06 03:18,"$1,400,000 MXN","Venta de casa Fernando Valadéz, Jabalíes, 82165 Mazatlán, Sin. #s/n, Col. Jabalíes, Mazatlán, Sinaloa, México, C.P. 82165, ID: 31005391",3 Recámaras | 1 Baño | 68 m 2,https://propiedades.comhttps://propiedades.com/inmuebles/casa-en-venta-fernando-valadez-jabalies-82165-mazatlan-sin-sn-jabalies-sinaloa-31005391
Sinaloa,67,2026-04-06 03:18,"$4,400,000 MXN","Venta casa en 5 de Febrero 387, Ermita, 81030 Guasave, Sin. #387, Col. Sector La Ermita, Guasave, Sinaloa, México, C.P. 81030, ID: 30996542",16 Recámaras | 8 Baños | 656 m 2,https://propiedades.comhttps://propiedades.com/inmuebles/casa-en-venta-5-de-febrero-387-ermita-81030-guasave-sin-387-sector-la-ermita-sinaloa-30996542
Sinaloa,67,2026-04-06 03:18,"$4,550,000 MXN","Se vende casa Colorado, Col. Real del Valle, Mazatlán, Sinaloa, México, C.P. 82124, ID: 27376747",4 Recámaras | 3 Baños | 220 m 2,https://propiedades.comhttps://propiedades.com/inmuebles/casa-en-venta-colorado-real-del-valle-sinaloa-27376747
Sinaloa,67,2026-04-06 03:18,"$4,250,000 MXN","Se vende casa , Col. Escamillas, Mazatlán, Sinaloa, México, C.P. 82247, ID: 30489021",3 Recámaras | 2 Baños | 136 m 2,https://propiedades.comhttps://propiedades.com/inmuebles/casa-en-venta-escamillas-sinaloa-30489021
Sinaloa,67,2026-04-06 03:18,"$4,850,000 MXN","Lateral #778, Col. Sonterra Residencial II, Mazatlán, Sinaloa, México, C.P. 82124, ID: 29123158",4 Recámaras | 3 Baños | 146 m 2,https://propiedades.comhttps://propiedades.com/inmuebles/casa-en-venta-lateral-778-sonterra-residencial-ii-sinaloa-29123158
Sinaloa,67,2026-04-06 03:18,"$2,250,000 MXN","Venta de casa NAVOLATO, Col. Altata, Navolato, Sinaloa, México, C.P. 80363, ID: 26979695",2 Recámaras | 2 Baños | 86 m 2,https://propiedades.comhttps://propiedades.com/inmuebles/casa-en-venta-navolato-altata-sinaloa-26979695
Sinaloa,67,2026-04-06 03:18,"$5,500,000 MXN","Se vende casa en Marina Mazatlán, Col. Marina Mazatlán, Mazatlán, Sinaloa, México, C.P. 82103, ID: 12003746",3 Recámaras | 2 Baños | 253 m 2,https://propiedades.comhttps://propiedades.com/inmuebles/casa-en-venta-marina-mazatlan-marina-mazatlan-sinaloa-12003746
Sinaloa,67,2026-04-06 03:18,"$3,000,000 MXN","Casa disponible en venta en NAVOLATO, Col. Altata, Navolato, Sinaloa, México, C.P. 80363, ID: 26979696",3 Recámaras | 2 Baños | 154 m 2,https://propiedades.comhttps://propiedades.com/inmuebles/casa-en-venta-navolato-altata-sinaloa-26979696
Sinaloa,67,2026-04-06 03:18,"$4,920,000 MXN","Se vende casa en , Col. Real Pacífico, Mazatlán, Sinaloa, México, C.P. 82124, ID: 27220558",3 Recámaras | 2 Baños | 125 m 2,https://propiedades.comhttps://propiedades.com/inmuebles/casa-en-venta-real-pacifico-sinaloa-27220558
Sinaloa,67,2026-04-06 03:18,"$2,100,000 MXN",", Col. Chulavista, Mazatlán, Sinaloa, México, C.P. 82124, ID: 27191908",3 Recámaras | 1 Baño | 103 m 2,https://propiedades.comhttps://propiedades.com/inmuebles/casa-en-venta-chulavista-sinaloa-27191908
Sinaloa,67,2026-04-06 03:18,"$1,790,000 MXN","Se vende casa Calle Comarca del Valle #2703, Col. Valle Alto, Culiacán, Sinaloa, México, C.P. 80050, ID: 31001160",3 Recámaras | 2 Baños | 103 m 2,https://propiedades.comhttps://propiedades.com/inmuebles/casa-en-venta-calle-comarca-del-valle-2703-valle-alto-sinaloa-31001160
Sinaloa,67,2026-04-06 03:18,"$7,200,000 MXN","Casa en venta, Calle Doctor Ramón Ponce de León #126, Col. Chapultepec, Culiacán, Sinaloa, México, C.P. 80040, ID: 31023608",3 Recámaras | 3 Baños | 217 m 2,https://propiedades.comhttps://propiedades.com/inmuebles/casa-en-venta-calle-doctor-ramon-ponce-de-leon-126-chapultepec-sinaloa-31023608
Sinaloa,67,2026-04-06 03:18,"$17,000,000 MXN","Se vende casa , Col. El Cid, Mazatlán, Sinaloa, México, C.P. 82110, ID: 26190285",4 Recámaras | 4 Baños | 633 m 2,https://propiedades.comhttps://propiedades.com/inmuebles/casa-en-venta-el-cid-sinaloa-26190285
Sinaloa,67,2026-04-06 03:18,"$1,480,000 MXN","Venta de casa en Sin nombre de calle, Col. Villa Del Real, Culiacán, Sinaloa, México, C.P. 80247, ID: 30973593",2 Recámaras | 1 Baño | 98 m 2,https://propiedades.comhttps://propiedades.com/inmuebles/casa-en-venta-sin-nombre-de-calle-villa-del-real-sinaloa-30973593
Sinaloa,67,2026-04-06 03:18,"$2,650,000 MXN","Coniferas, Col. Prados del Sol, Mazatlán, Sinaloa, México, C.P. 82124, ID: 30903234",3 Recámaras | 2 Baños | 148 m 2,https://propiedades.comhttps://propiedades.com/inmuebles/casa-en-venta-coniferas-prados-del-sol-sinaloa-30903234
Sinaloa,67,2026-04-06 03:18,"$6,200,000 MXN","Venta de casa en Residencial de Soles, Col. Quintas del Mar, Mazatlán, Sinaloa, México, C.P. 82112, ID: 26839814",3 Recámaras | 4 Baños | 228 m 2,https://propiedades.comhttps://propiedades.com/inmuebles/casa-en-venta-residencial-de-soles-quintas-del-mar-sinaloa-26839814
Sinaloa,67,2026-04-06 03:18,"$1,550,000 MXN","Casa en venta, Camino del rio #5168, Col. INFONAVIT Barrancos, Culiacán, Sinaloa, México, C.P. 80189, ID: 30836774",2 Recámaras | 2 Baños | 110 m 2,https://propiedades.comhttps://propiedades.com/inmuebles/casa-en-venta-camino-del-rio-5168-infonavit-barrancos-sinaloa-30836774
Sinaloa,67,2026-04-06 03:18,"$1,900,000 MXN","Casa disponible en venta en Col. Jardines de Villa, Ahome, Sinaloa, México, C.P. 81293, ID: 30894187",2 Recámaras | 2 Baños | 109 m 2,https://propiedades.comhttps://propiedades.com/inmuebles/casa-en-venta-jardines-de-villa-sinaloa-30894187
Sinaloa,68,2026-04-06 03:19,"$4,800,000 MXN","Casa en venta, Río Ason #3355, Col. Santa Elena, Culiacán, Sinaloa, México, C.P. 80028, ID: 30701430",4 Recámaras | 3 Baños | 228 m 2,https://propiedades.comhttps://propiedades.com/inmuebles/casa-en-venta-rio-ason-3355-santa-elena-sinaloa-30701430
Sinaloa,68,2026-04-06 03:19,"$4,800,000 MXN","Casa en venta, , Col. Las Quintas, Culiacán, Sinaloa, México, C.P. 80060, ID: 29114894",5 Recámaras | 5 Baños | 350 m 2,https://propiedades.comhttps://propiedades.com/inmuebles/casa-en-venta-las-quintas-sinaloa-29114894
Sinaloa,68,2026-04-06 03:19,"$2,436,137 MXN","Venta de casa en , Col. Andalucía, Ahome, Sinaloa, México, C.P. 81294, ID: 30457465",3 Recámaras | 2 Baños | 94 m 2,https://propiedades.comhttps://propiedades.com/inmuebles/casa-en-venta-andalucia-sinaloa-30457465
Sinaloa,68,2026-04-06 03:19,"$2,690,000 MXN","Se vende casa , Col. Margarita, Culiacán, Sinaloa, México, C.P. 80270, ID: 29816519",2 Recámaras | 2 Baños | 151 m 2,https://propiedades.comhttps://propiedades.com/inmuebles/casa-en-venta-margarita-sinaloa-29816519
Sinaloa,68,2026-04-06 03:19,"$875,000 MXN","Venta casa en P.º de Los Olivos 7582, 80019 Culiacán Rosales, Sin. #7582, Col. Paseo Alameda, Culiacán, Sinaloa, México, C.P. 80019, ID: 30948668",2 Recámaras | 1 Baño,https://propiedades.comhttps://propiedades.com/inmuebles/casa-en-venta-p-de-los-olivos-7582-80019-culiacan-rosales-sin-7582-paseo-alameda-sinaloa-30948668
Sinaloa,68,2026-04-06 03:19,"$4,195,000 MXN","Venta casa en San Pablo, Col. Real del Valle, Mazatlán, Sinaloa, México, C.P. 82124, ID: 30856438",2 Recámaras | 2 Baños | 192 m 2,https://propiedades.comhttps://propiedades.com/inmuebles/casa-en-venta-san-pablo-real-del-valle-sinaloa-30856438
Sinaloa,68,2026-04-06 03:19,"$3,450,000 MXN","Se vende casa blvd Conquistadores #2808Int. 4684, Col. Portalegre, Culiacán, Sinaloa, México, C.P. 80058, ID: 30908792",3 Recámaras | 3 Baños | 130 m 2,https://propiedades.comhttps://propiedades.com/inmuebles/casa-en-venta-blvd-conquistadores-2808-portalegre-sinaloa-30908792
Sinaloa,68,2026-04-06 03:19,"$590,000 MXN","angostura #2446, Col. Menonitas, Ahome, Sinaloa, México, C.P. 81249, ID: 29263940",3 Recámaras | 3 Baños | 340 m 2,https://propiedades.comhttps://propiedades.com/inmuebles/casa-en-venta-angostura-2446-menonitas-sinaloa-29263940
Sinaloa,68,2026-04-06 03:19,"$16,950,000 MXN","Venta de casa en , Col. El Cid, Mazatlán, Sinaloa, México, C.P. 82110, ID: 26168232",3 Recámaras | 4 Baños | 700 m 2,https://propiedades.comhttps://propiedades.com/inmuebles/casa-en-venta-el-cid-sinaloa-26168232
Sinaloa,68,2026-04-06 03:19,"$2,600,000 MXN","Sin nombre de calle, Col. 75 (Heriberto Valdez Romero), Ahome, Sinaloa, México, C.P. 81234, ID: 30982796",4 Recámaras | 2 Baños | 170 m 2,https://propiedades.comhttps://propiedades.com/inmuebles/casa-en-venta-sin-nombre-de-calle-75-heriberto-valdez-romero-sinaloa-30982796
Sinaloa,68,2026-04-06 03:19,"$4,870,000 MXN","Se vende casa Col. Los Mochis (Los Mochis), Ahome, Sinaloa, México, C.P. 81369, ID: 30902908",3 Recámaras | 3 Baños | 238 m 2,https://propiedades.comhttps://propiedades.com/inmuebles/casa-en-venta-los-mochis-los-mochis-sinaloa-30902908
Sinaloa,68,2026-04-06 03:19,"$6,232,500 MXN","Se vende casa en mn #MANGOS, Col. Villa Marina, Mazatlán, Sinaloa, México, C.P. 82112, ID: 29143242",4 Recámaras | 4 Baños | 228 m 2,https://propiedades.comhttps://propiedades.com/inmuebles/casa-en-venta-mn-mangos-villa-marina-sinaloa-29143242
Sinaloa,68,2026-04-06 03:19,"$1,300,000 MXN","Casa disponible en venta en Canario #s/n, Col. Ampliación Francisco Alarcón (Venadillo II), Mazatlán, Sinaloa, México, C.P. 82132, ID: 31005388",2 Recámaras | 1 Baño | 60 m 2,https://propiedades.comhttps://propiedades.com/inmuebles/casa-en-venta-canario-sn-ampliacion-francisco-alarcon-venadillo-ii-sinaloa-31005388
Sinaloa,68,2026-04-06 03:19,"$7,500,000 MXN","Se vende casa en Av. Sábalo Cerritos, Col. Altabrisa Residencial, Mazatlán, Sinaloa, México, C.P. 82112, ID: 30886205",3 Recámaras | 4 Baños | 225 m 2,https://propiedades.comhttps://propiedades.com/inmuebles/casa-en-venta-av-sabalo-cerritos-altabrisa-residencial-sinaloa-30886205
Sinaloa,68,2026-04-06 03:19,"$3,200,000 MXN","Venta de casa en , Col. Cerritos Resort, Mazatlán, Sinaloa, México, C.P. 82112, ID: 20133365",3 Recámaras | 3 Baños | 160 m 2,https://propiedades.comhttps://propiedades.com/inmuebles/casa-en-venta-cerritos-resort-sinaloa-20133365
Sinaloa,68,2026-04-06 03:19,"$1,950,000 MXN","Casa disponible en venta en Valle bonito, Col. Valle Bonito, Ahome, Sinaloa, México, C.P. 81234, ID: 30894184",3 Recámaras | 2 Baños | 176 m 2,https://propiedades.comhttps://propiedades.com/inmuebles/casa-en-venta-valle-bonito-valle-bonito-sinaloa-30894184
Sinaloa,68,2026-04-06 03:19,"$3,400,000 MXN","Casa en venta disponible en , Col. Perisur, Culiacán, Sinaloa, México, C.P. 80197, ID: 30102194",3 Recámaras | 3 Baños | 139 m 2,https://propiedades.comhttps://propiedades.com/inmuebles/casa-en-venta-perisur-sinaloa-30102194
Sinaloa,68,2026-04-06 03:19,"$6,990,000 MXN","Se vende casa en Las Quintas, Col. Las Quintas, Culiacán, Sinaloa, México, C.P. 80060, ID: 30893946",3 Recámaras | 3 Baños | 296 m 2,https://propiedades.comhttps://propiedades.com/inmuebles/casa-en-venta-las-quintas-las-quintas-sinaloa-30893946
Sinaloa,68,2026-04-06 03:19,"$2,550,000 MXN","Casa disponible en venta en BLVD JORGE JULIAN CHAVEZ CASTRO, Col. Altata, Navolato, Sinaloa, México, C.P. 80363, ID: 26979694",3 Recámaras | 4 Baños | 115 m 2,https://propiedades.comhttps://propiedades.com/inmuebles/casa-en-venta-blvd-jorge-julian-chavez-castro-altata-sinaloa-26979694
Sinaloa,68,2026-04-06 03:19,"$1,295,000 MXN","Casa en venta disponible en Lago Erie 4315-b Fracc Zona Dorada, Culiacán Sinaloa #4315Int. B, Col. Zona Dorada, Culiacán, Sinaloa, México, C.P. 80014, ID: 30363134",2 Recámaras | 1 Baño | 57 m 2,https://propiedades.comhttps://propiedades.com/inmuebles/casa-en-venta-lago-erie-4315b-fracc-zona-dorada-culiacan-sinaloa-4315-zona-dorada-sinaloa-30363134
Sinaloa,68,2026-04-06 03:19,"$1,311,737 MXN","Venta de casa , Col. Andalucía, Ahome, Sinaloa, México, C.P. 81294, ID: 30261920",2 Recámaras | 1 Baño | 52 m 2,https://propiedades.comhttps://propiedades.com/inmuebles/casa-en-venta-andalucia-sinaloa-30261920
Sinaloa,68,2026-04-06 03:19,"$4,490,000 MXN","Platon, Col. Villa Universidad, Culiacán, Sinaloa, México, C.P. 80010, ID: 30762351",3 Recámaras | 3 Baños | 303 m 2,https://propiedades.comhttps://propiedades.com/inmuebles/casa-en-venta-platon-villa-universidad-sinaloa-30762351
Sinaloa,68,2026-04-06 03:19,"$3,800,000 MXN","Casa en venta disponible en FRACCIONAMIENTO SONTERRA, Col. Sonterra Residencial II, Mazatlán, Sinaloa, México, C.P. 82124, ID: 30306713",1 Recámara | 2 Baños,https://propiedades.comhttps://propiedades.com/inmuebles/casa-en-venta-fraccionamiento-sonterra-sonterra-residencial-ii-sinaloa-30306713
Sinaloa,68,2026-04-06 03:19,"$4,080,000 MXN","Casa en venta disponible en NOVUM #.Int. ., Col. Valle Alto, Culiacán, Sinaloa, México, C.P. 80050, ID: 29733129",3 Recámaras | 4 Baños | 170 m 2,https://propiedades.comhttps://propiedades.com/inmuebles/casa-en-venta-novum-valle-alto-sinaloa-29733129
Sinaloa,68,2026-04-06 03:19,"$3,450,000 MXN","Venta de casa PRIVANZAS, Col. Privanzas, Ahome, Sinaloa, México, C.P. 81293, ID: 30442121",4 Recámaras | 3 Baños | 133 m 2,https://propiedades.comhttps://propiedades.com/inmuebles/casa-en-venta-privanzas-privanzas-sinaloa-30442121
Sinaloa,68,2026-04-06 03:19,"$14,000,000 MXN","Casa en venta, Frida Khalo #2338, Col. Desarrollo Urbano 3 Ríos, Culiacán, Sinaloa, México, C.P. 80020, ID: 30997737",4 Recámaras | 4 Baños | 446 m 2,https://propiedades.comhttps://propiedades.com/inmuebles/casa-en-venta-frida-khalo-2338-desarrollo-urbano-3-rios-sinaloa-30997737
Sinaloa,68,2026-04-06 03:19,"$750,000 MXN","Se vende casa Virrey Miguel José Anzanza #2860, Col. Urbi Villa del Rey, Ahome, Sinaloa, México, C.P. 81278, ID: 31020668",2 Recámaras | 1 Baño | 40 m 2,https://propiedades.comhttps://propiedades.com/inmuebles/casa-en-venta-virrey-miguel-jose-anzanza-2860-urbi-villa-del-rey-sinaloa-31020668
Sinaloa,68,2026-04-06 03:19,"$6,400,000 MXN","Venta de casa en Federalismo, Col. Magnolias Residencial, Culiacán, Sinaloa, México, C.P. 80100, ID: 28854613",4 Recámaras | 3 Baños | 1 m 2,https://propiedades.comhttps://propiedades.com/inmuebles/casa-en-venta-federalismo-magnolias-residencial-sinaloa-28854613
Sinaloa,68,2026-04-06 03:19,"$1,650,000 MXN","Se vende casa , Col. Villas Del Rio Elite, Culiacán, Sinaloa, México, C.P. 80050, ID: 30334779",3 Recámaras | 1 Baño | 65 m 2,https://propiedades.comhttps://propiedades.com/inmuebles/casa-en-venta-villas-del-rio-elite-sinaloa-30334779
Sinaloa,68,2026-04-06 03:19,"$5,500,000 MXN","Venta casa en Privada Gema, Col. Bonanza, Culiacán, Sinaloa, México, C.P. 80020, ID: 28038805",3 Recámaras | 3 Baños | 237 m 2,https://propiedades.comhttps://propiedades.com/inmuebles/casa-en-venta-privada-gema-bonanza-sinaloa-28038805
Sinaloa,68,2026-04-06 03:19,"$2,250,000 MXN","Venta de casa Av. Prados del Sol #7234, Col. Real Pacífico, Mazatlán, Sinaloa, México, C.P. 82124, ID: 30701033",2 Recámaras | 2 Baños | 67 m 2,https://propiedades.comhttps://propiedades.com/inmuebles/casa-en-venta-av-prados-del-sol-7234-real-pacifico-sinaloa-30701033
Sinaloa,68,2026-04-06 03:19,"$5,100,000 MXN","Casa en venta, Col. Los Mochis (Los Mochis), Ahome, Sinaloa, México, C.P. 81369, ID: 30617372",3 Recámaras | 2 Baños | 180 m 2,https://propiedades.comhttps://propiedades.com/inmuebles/casa-en-venta-los-mochis-los-mochis-sinaloa-30617372
Sinaloa,68,2026-04-06 03:19,"$7,900,000 MXN",", Col. Altabrisa Residencial, Mazatlán, Sinaloa, México, C.P. 82112, ID: 30514556",3 Recámaras | 4 Baños | 236 m 2,https://propiedades.comhttps://propiedades.com/inmuebles/casa-en-venta-altabrisa-residencial-sinaloa-30514556
Sinaloa,68,2026-04-06 03:19,"$2,100,000 MXN","Venta de casa en NAVOLATO, Col. Altata, Navolato, Sinaloa, México, C.P. 80363, ID: 26979693",2 Recámaras | 2 Baños | 74 m 2,https://propiedades.comhttps://propiedades.com/inmuebles/casa-en-venta-navolato-altata-sinaloa-26979693
Sinaloa,68,2026-04-06 03:19,"$2,600,000 MXN","Casa en venta, Sin nombre de calle, Col. Jardines del Bosque, Mazatlán, Sinaloa, México, C.P. 82132, ID: 28131558",3 Recámaras | 2 Baños | 117 m 2,https://propiedades.comhttps://propiedades.com/inmuebles/casa-en-venta-sin-nombre-de-calle-jardines-del-bosque-sinaloa-28131558
Sinaloa,68,2026-04-06 03:19,"$1,304,000 MXN","Casa en venta disponible en , Col. Lomas Del Ébano, Mazatlán, Sinaloa, México, C.P. 82198, ID: 30903506",2 Recámaras | 1 Baño | 52 m 2,https://propiedades.comhttps://propiedades.com/inmuebles/casa-en-venta-lomas-del-ebano-sinaloa-30903506
Sinaloa,68,2026-04-06 03:19,"$790,000 MXN","Venta de casa privada del faro #113A, Col. Benito Juárez, Mazatlán, Sinaloa, México, C.P. 82180, ID: 29909448",1 Recámara | 1 Baño | 50 m 2,https://propiedades.comhttps://propiedades.com/inmuebles/casa-en-venta-privada-del-faro-113a-benito-juarez-sinaloa-29909448
Sinaloa,68,2026-04-06 03:19,"$2,450,000 MXN","Doctor Martin Carvajal, Col. Centro, Mazatlán, Sinaloa, México, C.P. 82000, ID: 30469293",1 Recámara | 1 Baño | 63 m 2,https://propiedades.comhttps://propiedades.com/inmuebles/casa-en-venta-doctor-martin-carvajal-centro-sinaloa-30469293
Sinaloa,68,2026-04-06 03:19,"$750,000 MXN","Casa en venta disponible en C. Flor de Mayo #2881, Col. Valle Bonito, Ahome, Sinaloa, México, C.P. 81234, ID: 30635095",3 Recámaras | 2 Baños | 138 m 2,https://propiedades.comhttps://propiedades.com/inmuebles/casa-en-venta-c-flor-de-mayo-2881-valle-bonito-sinaloa-30635095
Sinaloa,68,2026-04-06 03:19,"$3,900,000 MXN","Se vende casa C. Cd. De Morelia #1245, Col. Las Quintas, Culiacán, Sinaloa, México, C.P. 80060, ID: 19880692",3 Recámaras | 3 Baños | 270 m 2,https://propiedades.comhttps://propiedades.com/inmuebles/casa-en-venta-c-cd-de-morelia-1245-las-quintas-sinaloa-19880692
Sinaloa,68,2026-04-06 03:19,"$850,000 MXN","Calle Quelite, Col. San Rafael de Costa Rica, Culiacán, Sinaloa, México, C.P. 80398, ID: 28912317",2 Recámaras | 1 Baño | 61 m 2,https://propiedades.comhttps://propiedades.com/inmuebles/casa-en-venta-calle-quelite-san-rafael-de-costa-rica-sinaloa-28912317
Sinaloa,68,2026-04-06 03:19,"$9,150,000 MXN","Venta casa en Alejandro Gonzalez Lie #4900, Col. Raíces, Mazatlán, Sinaloa, México, C.P. 82103, ID: 30459328",3 Recámaras | 3 Baños | 315 m 2,https://propiedades.comhttps://propiedades.com/inmuebles/casa-en-venta-alejandro-gonzalez-lie-4900-raices-sinaloa-30459328
Sinaloa,68,2026-04-06 03:19,"$6,800,000 MXN","Casa en venta disponible en av paseo del pacifico, Col. Sonterra Residencial II, Mazatlán, Sinaloa, México, C.P. 82124, ID: 29452863",4 Recámaras | 3 Baños | 280 m 2,https://propiedades.comhttps://propiedades.com/inmuebles/casa-en-venta-av-paseo-del-pacifico-sonterra-residencial-ii-sinaloa-29452863
Sinaloa,68,2026-04-06 03:19,"$2,800,000 MXN","Venta casa en Circuito Montreal 1, Col. Terranova, Mazatlán, Sinaloa, México, C.P. 82124, ID: 30136687",4 Recámaras | 4 Baños | 253 m 2,https://propiedades.comhttps://propiedades.com/inmuebles/casa-en-venta-circuito-montreal-1-terranova-sinaloa-30136687
Sinaloa,68,2026-04-06 03:19,"$4,000,000 MXN","Casa en venta, Mariano escobedo #667, Col. Centro, Culiacán, Sinaloa, México, C.P. 80000, ID: 28044305",5 Recámaras | 2 Baños | 252 m 2,https://propiedades.comhttps://propiedades.com/inmuebles/casa-en-venta-mariano-escobedo-667-centro-sinaloa-28044305
Sinaloa,69,2026-04-06 03:19,"$2,270,000 MXN","Venta de casa , Col. Ampliación Valle del Ejido, Mazatlán, Sinaloa, México, C.P. 82134, ID: 23170105",,https://propiedades.comhttps://propiedades.com/inmuebles/casa-en-venta-ampliacion-valle-del-ejido-sinaloa-23170105
Sinaloa,69,2026-04-06 03:19,"$2,249,000 MXN","Se vende casa Max Sherb, Col. Valle Cañaveral, Ahome, Sinaloa, México, C.P. 81233, ID: 30670362",3 Recámaras | 128 m 2,https://propiedades.comhttps://propiedades.com/inmuebles/casa-en-venta-max-sherb-valle-canaveral-sinaloa-30670362
Sinaloa,69,2026-04-06 03:19,"$1,525,000 MXN","Venta de casa , Col. Olímpica, Mazatlán, Sinaloa, México, C.P. 82150, ID: 30514543",2 Recámaras | 1 Baño | 143 m 2,https://propiedades.comhttps://propiedades.com/inmuebles/casa-en-venta-olimpica-sinaloa-30514543
Sinaloa,69,2026-04-06 03:19,"$4,580,000 MXN","Se vende casa Millan #6290, Col. Real del Valle, Mazatlán, Sinaloa, México, C.P. 82124, ID: 30751023",4 Recámaras | 3 Baños | 198 m 2,https://propiedades.comhttps://propiedades.com/inmuebles/casa-en-venta-millan-6290-real-del-valle-sinaloa-30751023
Sinaloa,69,2026-04-06 03:19,"$5,701,100 MXN","Se vende casa en Río Lete, Col. La Primavera, Culiacán, Sinaloa, México, C.P. 80199, ID: 28842844",3 Recámaras | 3 Baños | 202 m 2,https://propiedades.comhttps://propiedades.com/inmuebles/casa-en-venta-rio-lete-la-primavera-sinaloa-28842844
Sinaloa,69,2026-04-06 03:19,"$3,900,000 MXN","Casa disponible en venta en Calle reno #4008, Col. Sonterra Residencial II, Mazatlán, Sinaloa, México, C.P. 82124, ID: 30702200",3 Recámaras | 2 Baños | 160 m 2,https://propiedades.comhttps://propiedades.com/inmuebles/casa-en-venta-calle-reno-4008-sonterra-residencial-ii-sinaloa-30702200
Sinaloa,69,2026-04-06 03:19,"$3,480,000 MXN","Casa disponible en venta en San Pedro 3911, Col. Real del Valle, Mazatlán, Sinaloa, México, C.P. 82124, ID: 30231798",3 Recámaras | 2 Baños | 132 m 2,https://propiedades.comhttps://propiedades.com/inmuebles/casa-en-venta-san-pedro-3911-real-del-valle-sinaloa-30231798
Sinaloa,69,2026-04-06 03:19,"$3,900,000 MXN","Se vende casa en Valle de la cordillera #1Int. 2893, Col. Centro, Culiacán, Sinaloa, México, C.P. 80000, ID: 28272388",4 Recámaras | 3 Baños | 144 m 2,https://propiedades.comhttps://propiedades.com/inmuebles/casa-en-venta-valle-de-la-cordillera--1-centro-sinaloa-28272388
Sinaloa,69,2026-04-06 03:19,"$4,500,000 MXN","fuente de venus #205, Col. Las Fuentes, Ahome, Sinaloa, México, C.P. 81223, ID: 30519894",3 Recámaras | 3 Baños | 293 m 2,https://propiedades.comhttps://propiedades.com/inmuebles/casa-en-venta-fuente-de-venus-205-las-fuentes-sinaloa-30519894
Sinaloa,69,2026-04-06 03:19,"$750,000 MXN","Venta de casa en Calle del Mar #4025, Real Pacifico, Mazatlan, Sinaloa, Col. Real del Valle, Mazatlán, Sinaloa, México, C.P. 82124, ID: 8872165",2 Recámaras | 1 Baño | 56 m 2,https://propiedades.comhttps://propiedades.com/inmuebles/casa-en-venta-real-del-valle-sinaloa-8872165
Sinaloa,69,2026-04-06 03:19,"$9,500,000 MXN","Venta de casa Cerro de la silla #212, Col. Lomas de Mazatlán, Mazatlán, Sinaloa, México, C.P. 82110, ID: 30702199",6 Recámaras | 5 Baños | 385 m 2,https://propiedades.comhttps://propiedades.com/inmuebles/casa-en-venta-cerro-de-la-silla-212-lomas-de-mazatlan-sinaloa-30702199
Sinaloa,69,2026-04-06 03:19,"$880,000 USD","Se vende casa en Constitucion, Col. Centro, Mazatlán, Sinaloa, México, C.P. 82000, ID: 30413309",11 Recámaras | 1 Baño | 583 m 2,https://propiedades.comhttps://propiedades.com/inmuebles/casa-en-venta-constitucion-centro-sinaloa-30413309
Sinaloa,69,2026-04-06 03:19,"$2,200,000 MXN","Casa disponible en venta en PRIVADA BAZA #SN, Col. La Candelaria, Culiacán, Sinaloa, México, C.P. 80408, ID: 30344185",3 Recámaras | 2 Baños | 96 m 2,https://propiedades.comhttps://propiedades.com/inmuebles/casa-en-venta-privada-baza-sn-la-candelaria-sinaloa-30344185
Sinaloa,69,2026-04-06 03:19,"$750,000 MXN","Venta casa en SALVADOR MORENO LUNA #0, Col. Villa Del Sol, Culiacán, Sinaloa, México, C.P. 80015, ID: 29143725",3 Recámaras | 1 Baño | 84 m 2,https://propiedades.comhttps://propiedades.com/inmuebles/casa-en-venta-salvador-moreno-luna-villa-del-sol-sinaloa-29143725
Sinaloa,69,2026-04-06 03:19,"$1,920,000 MXN","Casa en venta, hacienda de los pinos #6234, Col. Hacienda del Seminario, Mazatlán, Sinaloa, México, C.P. 82129, ID: 28780428",2 Recámaras | 2 Baños | 85 m 2,https://propiedades.comhttps://propiedades.com/inmuebles/casa-en-venta-hacienda-de-los-pinos-6234-hacienda-del-seminario-sinaloa-28780428
Sinaloa,69,2026-04-06 03:19,"$345,000 USD","Casa en venta disponible en Boulevard del Marlin, Col. Sábalo Country Club, Mazatlán, Sinaloa, México, C.P. 82100, ID: 30461478",4 Recámaras | 3 Baños | 260 m 2,https://propiedades.comhttps://propiedades.com/inmuebles/casa-en-venta-boulevard-del-marlin-sabalo-country-club-sinaloa-30461478
Sinaloa,69,2026-04-06 03:19,"$4,150,000 MXN","Venta de casa Calle Nuevo México 6370, Col. Sonterra Residencial II, Mazatlán, Sinaloa, México, C.P. 82124, ID: 30064863",3 Recámaras | 3 Baños | 130 m 2,https://propiedades.comhttps://propiedades.com/inmuebles/casa-en-venta-calle-nuevo-mexico-6370-sonterra-residencial-ii-sinaloa-30064863
Sinaloa,69,2026-04-06 03:19,"$4,100,000 MXN","Venta de casa en av real del valle, Col. Real del Valle, Mazatlán, Sinaloa, México, C.P. 82124, ID: 28183295",3 Recámaras | 2 Baños | 172 m 2,https://propiedades.comhttps://propiedades.com/inmuebles/casa-en-venta-av-real-del-valle-real-del-valle-sinaloa-28183295
Sinaloa,69,2026-04-06 03:19,"$1,350,000 MXN","Casa en venta, Cristóbal Colón 925, Las Vegas, 80090 Culiacán Rosales, Sinaloa #925, Col. Las Vegas, Culiacán, Sinaloa, México, C.P. 80090, ID: 29148134",4 Recámaras | 3 Baños | 240 m 2,https://propiedades.comhttps://propiedades.com/inmuebles/casa-en-venta-cristobal-colon-925-las-vegas-80090-culiacan-rosales-sinaloa-925-las-vegas-sinaloa-29148134
Sinaloa,69,2026-04-06 03:19,"$4,500,000 MXN","real del valle #coto 10, Col. Real del Valle, Mazatlán, Sinaloa, México, C.P. 82124, ID: 29328515",3 Recámaras | 3 Baños | 115 m 2,https://propiedades.comhttps://propiedades.com/inmuebles/casa-en-venta-real-del-valle-coto-10-real-del-valle-sinaloa-29328515
Sinaloa,69,2026-04-06 03:19,"$2,150,000 MXN","TIERRA, Col. INFONAVIT Humaya, Culiacán, Sinaloa, México, C.P. 80020, ID: 29695581",3 Recámaras | 2 Baños | 191 m 2,https://propiedades.comhttps://propiedades.com/inmuebles/casa-en-venta-tierra-infonavit-humaya-sinaloa-29695581
Sinaloa,69,2026-04-06 03:19,"$4,200,000 MXN","Se vende casa , Col. Altata, Navolato, Sinaloa, México, C.P. 80363, ID: 30070070",3 Recámaras | 3 Baños,https://propiedades.comhttps://propiedades.com/inmuebles/casa-en-venta-altata-sinaloa-30070070
Sinaloa,69,2026-04-06 03:19,"$7,900,000 MXN","Casa en venta, Interlomas, Col. Interlomas, Culiacán, Sinaloa, México, C.P. 80016, ID: 28470873",4 Recámaras | 4 Baños | 1 m 2,https://propiedades.comhttps://propiedades.com/inmuebles/casa-en-venta-interlomas-interlomas-sinaloa-28470873
Sinaloa,69,2026-04-06 03:19,"$2,500,000 MXN","Casa en venta disponible en Sin calle #S/N, Col. Viñedos Residencial, Ahome, Sinaloa, México, C.P. 81228, ID: 31020612",3 Recámaras | 3 Baños | 119 m 2,https://propiedades.comhttps://propiedades.com/inmuebles/casa-en-venta-sin-calle-sn-vinedos-residencial-sinaloa-31020612
Sinaloa,69,2026-04-06 03:19,"$2,200,000 MXN","Se vende casa Topolobampo #S/N, Col. Topolobampo Centro, Ahome, Sinaloa, México, C.P. 81370, ID: 31020653",1 Recámara | 1 Baño | 288 m 2,https://propiedades.comhttps://propiedades.com/inmuebles/casa-en-venta-topolobampo-sn-topolobampo-centro-sinaloa-31020653
Sinaloa,69,2026-04-06 03:19,"$4,500,000 MXN","Se vende casa en Manuel Gutierrez Najera #S/N, Col. Las Torres, Ahome, Sinaloa, México, C.P. 81240, ID: 31020666",4 Recámaras | 5 Baños | 286 m 2,https://propiedades.comhttps://propiedades.com/inmuebles/casa-en-venta-manuel-gutierrez-najera-sn-las-torres-sinaloa-31020666
Sinaloa,69,2026-04-06 03:19,"$8,000,000 MXN","Casa disponible en venta en Sin nombre de calle, Col. Scally, Ahome, Sinaloa, México, C.P. 81240, ID: 31020667",3 Recámaras | 4 Baños | 500 m 2,https://propiedades.comhttps://propiedades.com/inmuebles/casa-en-venta-sin-nombre-de-calle-scally-sinaloa-31020667
Sinaloa,69,2026-04-06 03:19,"$2,275,000 MXN","Sin nombre de calle, Col. Bosques del Pedregal, Ahome, Sinaloa, México, C.P. 81234, ID: 31020671",3 Recámaras | 2 Baños | 1 m 2,https://propiedades.comhttps://propiedades.com/inmuebles/casa-en-venta-sin-nombre-de-calle-bosques-del-pedregal-sinaloa-31020671
Sinaloa,69,2026-04-06 03:19,"$1,600,000 MXN","Venta de casa baltazar de abregon #3939, Col. Guadalupe Victoria, Culiacán, Sinaloa, México, C.P. 80240, ID: 28709182",2 Recámaras | 1 Baño | 99 m 2,https://propiedades.comhttps://propiedades.com/inmuebles/casa-en-venta-baltazar-de-abregon-3939-guadalupe-victoria-sinaloa-28709182
Sinaloa,69,2026-04-06 03:19,"$1,800,000 MXN",", Col. Arboledas III, Mazatlán, Sinaloa, México, C.P. 82134, ID: 30016996",2 Recámaras | 1 Baño | 90 m 2,https://propiedades.comhttps://propiedades.com/inmuebles/casa-en-venta-arboledas-iii-sinaloa-30016996
Sinaloa,69,2026-04-06 03:19,"$8,900,000 MXN","Circuito Adriatico, Col. Altabrisa Residencial, Mazatlán, Sinaloa, México, C.P. 82112, ID: 23623932",4 Recámaras | 3 Baños | 272 m 2,https://propiedades.comhttps://propiedades.com/inmuebles/casa-en-venta-circuito-adriatico-altabrisa-residencial-sinaloa-23623932
Sinaloa,69,2026-04-06 03:19,"$10,290,000 MXN","Casa en venta disponible en Mar caribe, Col. Puerta al Mar, Mazatlán, Sinaloa, México, C.P. 82103, ID: 29509751",4 Recámaras | 3 Baños | 290 m 2,https://propiedades.comhttps://propiedades.com/inmuebles/casa-en-venta-mar-caribe-puerta-al-mar-sinaloa-29509751
Sinaloa,69,2026-04-06 03:19,"$1,850,000 MXN","Se vende casa FLOR DE LIZ #7280, Col. Terranova, Culiacán, Sinaloa, México, C.P. 80143, ID: 30455476",5 Recámaras | 2 Baños,https://propiedades.comhttps://propiedades.com/inmuebles/casa-en-venta-flor-de-liz-7280-terranova-sinaloa-30455476
Sinaloa,69,2026-04-06 03:19,"$3,000,000 MXN","AVENIDA DEL CARDENAL #4827, Col. La Conquista, Culiacán, Sinaloa, México, C.P. 80058, ID: 30011828",3 Recámaras | 3 Baños | 171 m 2,https://propiedades.comhttps://propiedades.com/inmuebles/casa-en-venta-avenida-del-cardenal-4827-la-conquista-sinaloa-30011828
Sinaloa,69,2026-04-06 03:19,"$1,950,000 MXN","circuito villas del mar #0Int. 0, Col. Punta Esmeralda, Navolato, Sinaloa, México, C.P. 80363, ID: 28726455",2 Recámaras | 2 Baños | 1 m 2,https://propiedades.comhttps://propiedades.com/inmuebles/casa-en-venta-circuito-villas-del-mar-punta-esmeralda-sinaloa-28726455
Sinaloa,69,2026-04-06 03:19,"$8,550,000 MXN","Se vende casa en San Alberto , Col. La Primavera, Culiacán, Sinaloa, México, C.P. 80199, ID: 28065469",3 Recámaras | 3 Baños | 283 m 2,https://propiedades.comhttps://propiedades.com/inmuebles/casa-en-venta-san-alberto--la-primavera-sinaloa-28065469
Sinaloa,69,2026-04-06 03:19,"$750,000 MXN","Se vende casa en Hernán Cortes #16232, Col. Villas Del Sol, Mazatlán, Sinaloa, México, C.P. 82198, ID: 30722802",3 Recámaras | 2 Baños | 186 m 2,https://propiedades.comhttps://propiedades.com/inmuebles/casa-en-venta-hernan-cortes-16232-villas-del-sol-sinaloa-30722802
Sinaloa,69,2026-04-06 03:19,"$5,250,000 MXN","Casa en venta, , Col. Maralago, Culiacán, Sinaloa, México, C.P. 80014, ID: 30097333",4 Recámaras | 4 Baños | 246 m 2,https://propiedades.comhttps://propiedades.com/inmuebles/casa-en-venta-maralago-sinaloa-30097333
Sinaloa,69,2026-04-06 03:19,"$5,250,000 MXN","Juan escutia #1420, Col. Chapultepec, Culiacán, Sinaloa, México, C.P. 80040, ID: 30317580",4 Recámaras | 2 Baños | 231 m 2,https://propiedades.comhttps://propiedades.com/inmuebles/casa-en-venta-juan-escutia-1420-chapultepec-sinaloa-30317580
Sinaloa,69,2026-04-06 03:19,"$4,069,545 MXN","VIÑAS NORTE, Col. Viñedos Residencial, Ahome, Sinaloa, México, C.P. 81228, ID: 29448617",3 Recámaras | 2 Baños | 159 m 2,https://propiedades.comhttps://propiedades.com/inmuebles/casa-en-venta-vinas-norte-vinedos-residencial-sinaloa-29448617
Sinaloa,69,2026-04-06 03:19,"$4,995,000 MXN","Venta de casa en PLAYA SUR #77, Col. Centro, Mazatlán, Sinaloa, México, C.P. 82000, ID: 30272407",3 Recámaras | 3 Baños | 236 m 2,https://propiedades.comhttps://propiedades.com/inmuebles/casa-en-venta-playa-sur-77-centro-sinaloa-30272407
Sinaloa,69,2026-04-06 03:19,"$6,950,000 MXN","Casa en venta, Sierra de venados #138, Col. Lomas de Mazatlán, Mazatlán, Sinaloa, México, C.P. 82110, ID: 29197261",3 Recámaras | 6 Baños | 402 m 2,https://propiedades.comhttps://propiedades.com/inmuebles/casa-en-venta-sierra-de-venados-138-lomas-de-mazatlan-sinaloa-29197261
Sinaloa,69,2026-04-06 03:19,"$518,000 MXN","BRECHAS #0000, Col. Prados Del Sol, Culiacán, Sinaloa, México, C.P. 80197, ID: 29173551",2 Recámaras | 1 Baño | 70 m 2,https://propiedades.comhttps://propiedades.com/inmuebles/casa-en-venta-brechas-0000-prados-del-sol-sinaloa-29173551
Sinaloa,69,2026-04-06 03:19,"$4,600,000 MXN","Primera #688, Col. Real del Valle, Mazatlán, Sinaloa, México, C.P. 82124, ID: 29123171",4 Recámaras | 3 Baños | 195 m 2,https://propiedades.comhttps://propiedades.com/inmuebles/casa-en-venta-primera-688-real-del-valle-sinaloa-29123171
Sinaloa,69,2026-04-06 03:19,"$4,500,000 MXN","Venta de casa en , Col. Girasoles, Mazatlán, Sinaloa, México, C.P. 82144, ID: 29778517",5 Recámaras | 2 Baños | 220 m 2,https://propiedades.comhttps://propiedades.com/inmuebles/casa-en-venta-girasoles-sinaloa-29778517
Sinaloa,69,2026-04-06 03:19,"$2,100,000 MXN","Casa disponible en venta en Calle, Col. Real Pacífico, Mazatlán, Sinaloa, México, C.P. 82124, ID: 29519912",3 Recámaras | 1 Baño | 92 m 2,https://propiedades.comhttps://propiedades.com/inmuebles/casa-en-venta-real-pacifico-sinaloa-29519912
Sinaloa,69,2026-04-06 03:19,"$990,000 MXN",", Col. Puerta del Sol, Mazatlán, Sinaloa, México, C.P. 82134, ID: 27207057",2 Recámaras | 1 Baño | 47 m 2,https://propiedades.comhttps://propiedades.com/inmuebles/casa-en-venta-puerta-del-sol-sinaloa-27207057
Sinaloa,70,2026-04-06 03:19,"$3,400,000 MXN","Se vende casa Jardines del Country, Col. Los Mochis (Los Mochis), Ahome, Sinaloa, México, C.P. 81369, ID: 30852142",2 Recámaras | 3 Baños | 159 m 2,https://propiedades.comhttps://propiedades.com/inmuebles/casa-en-venta-jardines-del-country-los-mochis-los-mochis-sinaloa-30852142
Sinaloa,70,2026-04-06 03:19,"$500,000 MXN","Se vende casa en mision san mulege #52, Col. Las Misiones, Mazatlán, Sinaloa, México, C.P. 82133, ID: 29083253",3 Recámaras | 2 Baños | 100 m 2,https://propiedades.comhttps://propiedades.com/inmuebles/casa-en-venta-mision-san-mulege-52-las-misiones-sinaloa-29083253
Sinaloa,70,2026-04-06 03:19,"$6,300,000 MXN","Venta casa en Mariana Matamoros, Col. Zona Centro, Salvador Alvarado, Sinaloa, México, C.P. 81400, ID: 27391838",5 Recámaras | 5 Baños | 413 m 2,https://propiedades.comhttps://propiedades.com/inmuebles/casa-en-venta-mariana-matamoros-zona-centro-sinaloa-27391838
Sinaloa,70,2026-04-06 03:19,"$1,380,000 MXN","Venta de casa en Reina victoria #161, Col. Villa Del Real, Culiacán, Sinaloa, México, C.P. 80247, ID: 30692665",2 Recámaras | 1 Baño | 100 m 2,https://propiedades.comhttps://propiedades.com/inmuebles/casa-en-venta-reina-victoria-161-villa-del-real-sinaloa-30692665
Sinaloa,70,2026-04-06 03:19,"$2,700,000 MXN","segunda #232, Col. Tierra Blanca, Culiacán, Sinaloa, México, C.P. 80030, ID: 28708501",4 Recámaras | 3 Baños | 150 m 2,https://propiedades.comhttps://propiedades.com/inmuebles/casa-en-venta-segunda-232-tierra-blanca-sinaloa-28708501
Sinaloa,70,2026-04-06 03:19,"$900,000 MXN","FRESNO #1844, Col. 20 de Noviembre Viejo, Ahome, Sinaloa, México, C.P. 81363, ID: 29173772",3 Recámaras | 2 Baños | 240 m 2,https://propiedades.comhttps://propiedades.com/inmuebles/casa-en-venta-fresno--1844-20-de-noviembre-viejo-sinaloa-29173772
Sinaloa,70,2026-04-06 03:19,"$7,000,000 MXN","Venta de casa Castilla de León #1116, Col. El Cid, Mazatlán, Sinaloa, México, C.P. 82110, ID: 28066751",3 Recámaras | 3 Baños | 234 m 2,https://propiedades.comhttps://propiedades.com/inmuebles/casa-en-venta-castilla-de-leon-1116-el-cid-sinaloa-28066751
Sinaloa,70,2026-04-06 03:19,"$1,250,000 MXN","Venta de casa en mar de tasmania #5447, Col. Prados Del Sur, Culiacán, Sinaloa, México, C.P. 80296, ID: 28704971",3 Recámaras | 2 Baños | 159 m 2,https://propiedades.comhttps://propiedades.com/inmuebles/casa-en-venta-mar-de-tasmania-5447-prados-del-sur-sinaloa-28704971
Sinaloa,70,2026-04-06 03:19,"$750,000 MXN","Nueva Galicia #7461, Col. Villas de Cortés, Culiacán, Sinaloa, México, C.P. 80140, ID: 30722800",3 Recámaras | 1 Baño | 164 m 2,https://propiedades.comhttps://propiedades.com/inmuebles/casa-en-venta-nueva-galicia-7461-villas-de-cortes-sinaloa-30722800
Sinaloa,70,2026-04-06 03:19,"$889,000 MXN","Casa en venta disponible en Fuente de las musas #123, Col. Las Fuentes, Ahome, Sinaloa, México, C.P. 81223, ID: 28140699",3 Recámaras | 3 Baños | 220 m 2,https://propiedades.comhttps://propiedades.com/inmuebles/casa-en-venta-fuente-de-las-musas-123-las-fuentes-sinaloa-28140699
Sinaloa,70,2026-04-06 03:19,"$5,500,000 MXN","Venta de casa en Viñedos, Col. Los Mochis (Los Mochis), Ahome, Sinaloa, México, C.P. 81369, ID: 30736756",3 Recámaras | 4 Baños | 239 m 2,https://propiedades.comhttps://propiedades.com/inmuebles/casa-en-venta-vinedos-los-mochis-los-mochis-sinaloa-30736756
Sinaloa,70,2026-04-06 03:19,"$7,990,000 MXN","Cerrada del Erizo #285, Col. Club Real, Mazatlán, Sinaloa, México, C.P. 82113, ID: 27173585",3 Recámaras | 4 Baños | 230 m 2,https://propiedades.comhttps://propiedades.com/inmuebles/casa-en-venta-cerrada-del-erizo-285-club-real-sinaloa-27173585
Sinaloa,70,2026-04-06 03:19,"$456,000 MXN","Emile Barline #00, Col. Villa Fontana, Culiacán, Sinaloa, México, C.P. 80028, ID: 30622559",3 Recámaras | 2 Baños | 121 m 2,https://propiedades.comhttps://propiedades.com/inmuebles/casa-en-venta-emile-barline-00-villa-fontana-sinaloa-30622559
Sinaloa,70,2026-04-06 03:19,"$10,000,000 MXN","Casa en venta, D. Julio Berdegue A., Col. El Cid, Mazatlán, Sinaloa, México, C.P. 82110, ID: 27549557",3 Recámaras | 3 Baños | 180 m 2,https://propiedades.comhttps://propiedades.com/inmuebles/casa-en-venta-d-julio-berdegue-a-el-cid-sinaloa-27549557
Sinaloa,70,2026-04-06 03:19,"$13,500,000 MXN","Casa disponible en venta en Nimbus #1919, Col. El Cielo Parque Residencial, Mazatlán, Sinaloa, México, C.P. 82112, ID: 27968198",3 Recámaras | 4 Baños | 270 m 2,https://propiedades.comhttps://propiedades.com/inmuebles/casa-en-venta-nimbus-1919-el-cielo-parque-residencial-sinaloa-27968198
Sinaloa,70,2026-04-06 03:19,"$1,999,000 MXN",", Col. El Mirador, Culiacán, Sinaloa, México, C.P. 80017, ID: 30097326",3 Recámaras | 3 Baños | 138 m 2,https://propiedades.comhttps://propiedades.com/inmuebles/casa-en-venta-el-mirador-sinaloa-30097326
Sinaloa,70,2026-04-06 03:19,"$1,300,000 MXN","Venta de casa AV FUENTE DE LAS MUSAS #000, Col. Las Fuentes, Ahome, Sinaloa, México, C.P. 81223, ID: 27992904",4 Recámaras | 3 Baños | 266 m 2,https://propiedades.comhttps://propiedades.com/inmuebles/casa-en-venta-av-fuente-de-las-musas-000-las-fuentes-sinaloa-27992904
Sinaloa,70,2026-04-06 03:19,"$1,250,000 MXN","Casa en venta disponible en Sin nombre de calle, Col. Horizontes, Culiacán, Sinaloa, México, C.P. 80054, ID: 31005850",2 Recámaras | 1 Baño | 83 m 2,https://propiedades.comhttps://propiedades.com/inmuebles/casa-en-venta-sin-nombre-de-calle-horizontes-sinaloa-31005850
Sinaloa,70,2026-04-06 03:19,"$1,400,000 MXN","Venta de casa en , Col. Real Pacífico, Mazatlán, Sinaloa, México, C.P. 82124, ID: 27207069",2 Recámaras | 2 Baños | 66 m 2,https://propiedades.comhttps://propiedades.com/inmuebles/casa-en-venta-real-pacifico-sinaloa-27207069
Sinaloa,70,2026-04-06 03:19,"$696,000 MXN","MEZQUITE #5020, Col. Villa del Cedro, Culiacán, Sinaloa, México, C.P. 80058, ID: 29127169",2 Recámaras | 2 Baños | 76 m 2,https://propiedades.comhttps://propiedades.com/inmuebles/casa-en-venta-mezquite--5020-villa-del-cedro-sinaloa-29127169
Sinaloa,70,2026-04-06 03:19,"$3,500,000 MXN","Casa disponible en venta en Centro #WHI309746, Col. Centro, Guasave, Sinaloa, México, C.P. 81000, ID: 28376717",4 Recámaras | 32 Baños | 348 m 2,https://propiedades.comhttps://propiedades.com/inmuebles/casa-en-venta-centro-whi309746-centro-sinaloa-28376717
Sinaloa,70,2026-04-06 03:19,"$5,500,000 MXN","Venta de casa en NATIVIDAD #1494, Col. Músala Isla Bonita, Culiacán, Sinaloa, México, C.P. 80065, ID: 30235494",3 Recámaras | 2 Baños | 177 m 2,https://propiedades.comhttps://propiedades.com/inmuebles/casa-en-venta-natividad-1494-musala-isla-bonita-sinaloa-30235494
Sinaloa,70,2026-04-06 03:19,"$3,400,000 MXN","Venta de casa , Col. La Conquista, Culiacán, Sinaloa, México, C.P. 80058, ID: 30070064",3 Recámaras | 2 Baños | 157 m 2,https://propiedades.comhttps://propiedades.com/inmuebles/casa-en-venta-la-conquista-sinaloa-30070064
Sinaloa,70,2026-04-06 03:19,"$4,200,000 MXN","Se vende casa estado de Yucatan #1450, Col. Las Quintas, Culiacán, Sinaloa, México, C.P. 80060, ID: 28708933",3 Recámaras | 3 Baños | 243 m 2,https://propiedades.comhttps://propiedades.com/inmuebles/casa-en-venta-estado-de-yucatan-1450-las-quintas-sinaloa-28708933
Sinaloa,70,2026-04-06 03:19,"$3,500,000 MXN","Se vende casa Ciudad Mérida #1354, Col. Las Quintas, Culiacán, Sinaloa, México, C.P. 80060, ID: 30362105",2 Recámaras | 2 Baños | 172 m 2,https://propiedades.comhttps://propiedades.com/inmuebles/casa-en-venta-ciudad-merida-1354-las-quintas-sinaloa-30362105
Sinaloa,70,2026-04-06 03:19,"$3,450,000 MXN","Venta de casa Villa Siena, Col. Los Mochis (Los Mochis), Ahome, Sinaloa, México, C.P. 81369, ID: 30495835",3 Recámaras | 2 Baños | 165 m 2,https://propiedades.comhttps://propiedades.com/inmuebles/casa-en-venta-villa-siena-los-mochis-los-mochis-sinaloa-30495835
Sinaloa,70,2026-04-06 03:19,"$2,650,000 MXN","Venta de casa Sin nombre de calle, Col. Hacienda del Seminario, Mazatlán, Sinaloa, México, C.P. 82129, ID: 29166596",3 Recámaras | 2 Baños | 120 m 2,https://propiedades.comhttps://propiedades.com/inmuebles/casa-en-venta-sin-nombre-de-calle-hacienda-del-seminario-sinaloa-29166596
Sinaloa,70,2026-04-06 03:19,"$610,000 MXN","Venta de casa julian carillo #1430, Col. Las Huertas, Culiacán, Sinaloa, México, C.P. 80290, ID: 30058679",3 Recámaras | 2 Baños | 70 m 2,https://propiedades.comhttps://propiedades.com/inmuebles/casa-en-venta-julian-carillo--1430-las-huertas-sinaloa-30058679
Sinaloa,70,2026-04-06 03:19,"$2,558,829 MXN","Casa en venta, , Col. Los Mochis (Los Mochis), Ahome, Sinaloa, México, C.P. 81369, ID: 30247283",3 Recámaras | 2 Baños | 104 m 2,https://propiedades.comhttps://propiedades.com/inmuebles/casa-en-venta-los-mochis-los-mochis-sinaloa-30247283
Sinaloa,70,2026-04-06 03:19,"$8,200,000 MXN","Casa en venta disponible en , Col. El Cid, Mazatlán, Sinaloa, México, C.P. 82110, ID: 27269832",3 Recámaras | 3 Baños | 210 m 2,https://propiedades.comhttps://propiedades.com/inmuebles/casa-en-venta-el-cid-sinaloa-27269832
Sinaloa,70,2026-04-06 03:19,"$672,000 MXN","Casa en venta disponible en TENOCHTITLAN #000, Col. Villas Del Manantial, Culiacán, Sinaloa, México, C.P. 80140, ID: 29173452",2 Recámaras | 1 Baño | 70 m 2,https://propiedades.comhttps://propiedades.com/inmuebles/casa-en-venta-tenochtitlan-000-villas-del-manantial-sinaloa-29173452
Sinaloa,70,2026-04-06 03:19,"$2,500,000 MXN","Casa en venta, Las Glorias #WHI304217, Col. Las Glorias, Guasave, Sinaloa, México, C.P. 81197, ID: 27530892",4 Recámaras | 2 Baños | 200 m 2,https://propiedades.comhttps://propiedades.com/inmuebles/casa-en-venta-las-glorias-whi304217-las-glorias-sinaloa-27530892
Sinaloa,70,2026-04-06 03:19,"$7,500,000 MXN","Venta casa en , Col. Altabrisa Residencial, Mazatlán, Sinaloa, México, C.P. 82112, ID: 28590278",3 Recámaras | 4 Baños | 244 m 2,https://propiedades.comhttps://propiedades.com/inmuebles/casa-en-venta-altabrisa-residencial-sinaloa-28590278
Sinaloa,70,2026-04-06 03:19,"$2,500,000 MXN","Venta casa en Scally, Col. Los Mochis (Los Mochis), Ahome, Sinaloa, México, C.P. 81369, ID: 30852145",2 Recámaras | 2 Baños | 145 m 2,https://propiedades.comhttps://propiedades.com/inmuebles/casa-en-venta-scally-los-mochis-los-mochis-sinaloa-30852145
Sinaloa,70,2026-04-06 03:19,"$3,600,000 MXN","Casa disponible en venta en Juan de Dios Batiz #sn, Col. Lomas de Guadalupe, Culiacán, Sinaloa, México, C.P. 80250, ID: 26238415",4 Recámaras | 3 Baños | 238 m 2,https://propiedades.comhttps://propiedades.com/inmuebles/casa-en-venta-juan-de-dios-batiz-sn-lomas-de-guadalupe-sinaloa-26238415
Sinaloa,70,2026-04-06 03:19,"$1,550,000 MXN",", Col. Jaripillo, Mazatlán, Sinaloa, México, C.P. 82136, ID: 27207065",3 Recámaras | 3 Baños | 113 m 2,https://propiedades.comhttps://propiedades.com/inmuebles/casa-en-venta-jaripillo-sinaloa-27207065
Sinaloa,70,2026-04-06 03:19,"$1,300,000 MXN","Venta de casa en Estero Bamocha, Col. Pradera Dorada, Culiacán, Sinaloa, México, C.P. 80058, ID: 8875745",4 Recámaras | 2 Baños | 156 m 2,https://propiedades.comhttps://propiedades.com/inmuebles/casa-en-venta-pradera-dorada-sinaloa-8875745
Sinaloa,70,2026-04-06 03:19,"$2,650,000 MXN","Casa en venta, Centro #WHI308045, Col. Centro, Guasave, Sinaloa, México, C.P. 81000, ID: 28139675",2 Recámaras | 2 Baños | 210 m 2,https://propiedades.comhttps://propiedades.com/inmuebles/casa-en-venta-centro-whi308045-centro-sinaloa-28139675
Sinaloa,70,2026-04-06 03:19,"$2,520,000 MXN","Venta casa en , Col. La Conquista, Culiacán, Sinaloa, México, C.P. 80058, ID: 30107348",3 Recámaras | 2 Baños | 105 m 2,https://propiedades.comhttps://propiedades.com/inmuebles/casa-en-venta-la-conquista-sinaloa-30107348
Sinaloa,70,2026-04-06 03:19,"$3,250,000 MXN","Hacienda del Bosque #6206, Col. Hacienda del Seminario, Mazatlán, Sinaloa, México, C.P. 82129, ID: 28780429",3 Recámaras | 3 Baños | 89 m 2,https://propiedades.comhttps://propiedades.com/inmuebles/casa-en-venta-hacienda-del-bosque-6206-hacienda-del-seminario-sinaloa-28780429
Sinaloa,70,2026-04-06 03:19,"$2,495,000 MXN","Venta de casa Col. Villa Galaxia, Mazatlán, Sinaloa, México, C.P. 82150, ID: 30521584",3 Recámaras | 2 Baños | 125 m 2,https://propiedades.comhttps://propiedades.com/inmuebles/casa-en-venta-villa-galaxia-sinaloa-30521584
Sinaloa,70,2026-04-06 03:19,"$10,500,000 MXN","Venta de casa Calle Pirul #357, Col. Colinas de San Miguel, Culiacán, Sinaloa, México, C.P. 80228, ID: 30757019",3 Recámaras | 4 Baños | 454 m 2,https://propiedades.comhttps://propiedades.com/inmuebles/casa-en-venta-calle-pirul-357-colinas-de-san-miguel-sinaloa-30757019
Sinaloa,70,2026-04-06 03:19,"$2,195,000 MXN","Venta de casa en Valle Alto #WHI302274, Col. Valle Alto, Culiacán, Sinaloa, México, C.P. 80050, ID: 27214280",3 Recámaras | 2 Baños | 178 m 2,https://propiedades.comhttps://propiedades.com/inmuebles/casa-en-venta-valle-alto-whi302274-valle-alto-sinaloa-27214280
Sinaloa,70,2026-04-06 03:19,"$525,000 USD","Venta de casa en Izaguirre Rojo, Col. Centro, Mazatlán, Sinaloa, México, C.P. 82000, ID: 28445134",3 Recámaras | 3 Baños,https://propiedades.comhttps://propiedades.com/inmuebles/casa-en-venta-izaguirre-rojo-centro-sinaloa-28445134
Sinaloa,70,2026-04-06 03:19,"$5,385,000 MXN","Se vende casa en Turquesa, Col. Alcázar del Country, Ahome, Sinaloa, México, C.P. 81278, ID: 30527658",3 Recámaras | 210 m 2,https://propiedades.comhttps://propiedades.com/inmuebles/casa-en-venta-turquesa-alcazar-del-country-sinaloa-30527658
Sinaloa,70,2026-04-06 03:19,"$2,250,000 MXN","Casa en venta, , Col. Dorados de Villa, Mazatlán, Sinaloa, México, C.P. 82127, ID: 27207056",2 Recámaras | 2 Baños | 120 m 2,https://propiedades.comhttps://propiedades.com/inmuebles/casa-en-venta-dorados-de-villa-sinaloa-27207056
Sinaloa,70,2026-04-06 03:19,"$800,000 MXN","Casa en venta, CONSTITUYENTE FCO J MUJICA #2176, Col. Libertad, Culiacán, Sinaloa, México, C.P. 80180, ID: 29127186",4 Recámaras | 4 Baños | 220 m 2,https://propiedades.comhttps://propiedades.com/inmuebles/casa-en-venta-constituyente-fco-j-mujica-2176-libertad-sinaloa-29127186
Sinaloa,71,2026-04-06 03:19,"$1,096,000 MXN","Se vende casa en Republica de Guatemala #2311, Col. Nueva Vizcaya, Culiacán, Sinaloa, México, C.P. 80025, ID: 29127123",3 Recámaras | 2 Baños | 200 m 2,https://propiedades.comhttps://propiedades.com/inmuebles/casa-en-venta-republica-de-guatemala-2311-nueva-vizcaya-sinaloa-29127123
Sinaloa,71,2026-04-06 03:19,"$1,400,000 MXN","Casa en venta, Valle Cañaveral, Col. Valle Cañaveral, Ahome, Sinaloa, México, C.P. 81233, ID: 30527652",2 Recámaras | 110 m 2,https://propiedades.comhttps://propiedades.com/inmuebles/casa-en-venta-valle-canaveral-valle-canaveral-sinaloa-30527652
Sinaloa,71,2026-04-06 03:19,"$900,000 MXN","Se vende casa , Col. Playas del Sur, Mazatlán, Sinaloa, México, C.P. 82040, ID: 28190252",2 Recámaras | 1 Baño | 60 m 2,https://propiedades.comhttps://propiedades.com/inmuebles/casa-en-venta-playas-del-sur-sinaloa-28190252
Sinaloa,71,2026-04-06 03:19,"$7,300,000 MXN","Venta casa en DR ROMERO, Col. Chapultepec, Culiacán, Sinaloa, México, C.P. 80040, ID: 30089414",4 Recámaras | 3 Baños | 392 m 2,https://propiedades.comhttps://propiedades.com/inmuebles/casa-en-venta-dr-romero-chapultepec-sinaloa-30089414
Sinaloa,71,2026-04-06 03:19,"$649,000 MXN","Venta de casa en , Col. José de Nazaret, Mazatlán, Sinaloa, México, C.P. 82043, ID: 28014833",3 Recámaras | 2 Baños | 50 m 2,https://propiedades.comhttps://propiedades.com/inmuebles/casa-en-venta-jose-de-nazaret-sinaloa-28014833
Sinaloa,71,2026-04-06 03:19,"$3,800,000 MXN","Venta casa en , Col. Músala Isla Bonita, Culiacán, Sinaloa, México, C.P. 80065, ID: 29129079",4 Recámaras | 3 Baños | 154 m 2,https://propiedades.comhttps://propiedades.com/inmuebles/casa-en-venta-musala-isla-bonita-sinaloa-29129079
Sinaloa,71,2026-04-06 03:19,"$5,950,000 MXN","Se vende casa Privada Norte de Alcazar, Col. Alcázar del Country, Ahome, Sinaloa, México, C.P. 81278, ID: 30527661",3 Recámaras | 230 m 2,https://propiedades.comhttps://propiedades.com/inmuebles/casa-en-venta-privada-norte-de-alcazar-alcazar-del-country-sinaloa-30527661
Sinaloa,71,2026-04-06 03:19,"$1,199,000 MXN","Venta de casa ORQUIDEAS #2876Int. 2A, Col. Valle Alto, Culiacán, Sinaloa, México, C.P. 80050, ID: 28652769",2 Recámaras | 1 Baño | 58 m 2,https://propiedades.comhttps://propiedades.com/inmuebles/casa-en-venta-orquideas-2876-valle-alto-sinaloa-28652769
Sinaloa,71,2026-04-06 03:19,"$3,100,000 MXN","Se vende casa , Col. Marina Mazatlán, Mazatlán, Sinaloa, México, C.P. 82103, ID: 29061763",3 Recámaras | 3 Baños | 173 m 2,https://propiedades.comhttps://propiedades.com/inmuebles/casa-en-venta-marina-mazatlan-sinaloa-29061763
Sinaloa,71,2026-04-06 03:19,"$8,500,000 MXN","Venta de casa en La Tizona, Col. El Cid, Mazatlán, Sinaloa, México, C.P. 82110, ID: 27683274",3 Recámaras | 2 Baños | 199 m 2,https://propiedades.comhttps://propiedades.com/inmuebles/casa-en-venta-la-tizona-el-cid-sinaloa-27683274
Sinaloa,71,2026-04-06 03:19,"$550,000 MXN","Casa en venta disponible en MESTIZOS #2112, Col. 20 de Noviembre Viejo, Ahome, Sinaloa, México, C.P. 81363, ID: 29128590",3 Recámaras | 2 Baños | 140 m 2,https://propiedades.comhttps://propiedades.com/inmuebles/casa-en-venta-mestizos-2112-20-de-noviembre-viejo-sinaloa-29128590
Sinaloa,71,2026-04-06 03:19,"$650,000 MXN","Venta de casa Presidente Manuel de la Peña #2060Int. 1457, Col. CNOP, Culiacán, Sinaloa, México, C.P. 80297, ID: 28457699",2 Recámaras | 1 Baño | 74 m 2,https://propiedades.comhttps://propiedades.com/inmuebles/casa-en-venta-presidente-manuel-de-la-pena-2060-cnop-sinaloa-28457699
Sinaloa,71,2026-04-06 03:19,"$835,000 MXN","Sin nombre de calle, Col. Valle Dorado II, Mazatlán, Sinaloa, México, C.P. 82133, ID: 29173382",4 Recámaras | 3 Baños | 247 m 2,https://propiedades.comhttps://propiedades.com/inmuebles/casa-en-venta-sin-nombre-de-calle-valle-dorado-ii-sinaloa-29173382
Sinaloa,71,2026-04-06 03:19,"$11,350,000 MXN","Venta casa en Portal de HierroPrivada Los Reyes, Col. Los Mochis (Los Mochis), Ahome, Sinaloa, México, C.P. 81369, ID: 30818677",4 Recámaras | 4 Baños | 423 m 2,https://propiedades.comhttps://propiedades.com/inmuebles/casa-en-venta-portal-de-hierroprivada-los-reyes-los-mochis-los-mochis-sinaloa-30818677
Sinaloa,71,2026-04-06 03:19,"$5,100,000 MXN","Venta de casa en , Col. El Secreto, Mazatlán, Sinaloa, México, C.P. 82103, ID: 27246062",3 Recámaras | 4 Baños | 168 m 2,https://propiedades.comhttps://propiedades.com/inmuebles/casa-en-venta-el-secreto-sinaloa-27246062
Sinaloa,71,2026-04-06 03:19,"$215,000 USD","Se vende casa en Avenida Playa Gaviotas #225Int. 4, Col. Zona Dorada, Mazatlán, Sinaloa, México, C.P. 82110, ID: 29310157",2 Recámaras | 2 Baños | 169 m 2,https://propiedades.comhttps://propiedades.com/inmuebles/casa-en-venta-avenida-playa-gaviotas-225-zona-dorada-sinaloa-29310157
Sinaloa,71,2026-04-06 03:19,"$2,650,000 MXN","Casa en venta disponible en Princupal #100Int. 10, Col. Hacienda del Seminario, Mazatlán, Sinaloa, México, C.P. 82129, ID: 29150667",3 Recámaras | 2 Baños | 90 m 2,https://propiedades.comhttps://propiedades.com/inmuebles/casa-en-venta-princupal-100-hacienda-del-seminario-sinaloa-29150667
Sinaloa,71,2026-04-06 03:19,"$7,500,000 MXN","La Tizona, Col. El Cid, Mazatlán, Sinaloa, México, C.P. 82110, ID: 20389829",2 Recámaras | 2 Baños | 144 m 2,https://propiedades.comhttps://propiedades.com/inmuebles/casa-en-venta-la-tizona-el-cid-sinaloa-20389829
Sinaloa,71,2026-04-06 03:19,"$1,611,774 MXN","Se vende casa , Col. Andalucía, Ahome, Sinaloa, México, C.P. 81294, ID: 30457458",2 Recámaras | 1 Baño | 65 m 2,https://propiedades.comhttps://propiedades.com/inmuebles/casa-en-venta-andalucia-sinaloa-30457458
Sinaloa,71,2026-04-06 03:19,"$7,650,000 MXN","Venta casa en Circuito mediterraneo #1923, Col. Altabrisa Residencial, Mazatlán, Sinaloa, México, C.P. 82112, ID: 27143607",4 Recámaras | 5 Baños | 300 m 2,https://propiedades.comhttps://propiedades.com/inmuebles/casa-en-venta-circuito-mediterraneo-1923-altabrisa-residencial-sinaloa-27143607
Sinaloa,71,2026-04-06 03:19,"$2,450,000 MXN","Casa en venta, Paseo de Las Torres, Mazatlán, Sinaloa, 82124, Col. Paseo de Las Torres, Mazatlán, Sinaloa, México, C.P. 82124, ID: 26922855",3 Recámaras | 2 Baños | 162 m 2,https://propiedades.comhttps://propiedades.com/inmuebles/casa-en-venta-paseo-de-las-torres-mazatlan-sinaloa-82124-paseo-de-las-torres-sinaloa-26922855
Sinaloa,71,2026-04-06 03:19,"$2,500,000 MXN","Casa en venta, San Ignacio, Col. Nuevo Culiacán, Culiacán, Sinaloa, México, C.P. 80170, ID: 28702340",3 Recámaras | 2 Baños,https://propiedades.comhttps://propiedades.com/inmuebles/casa-en-venta-san-ignacio-nuevo-culiacan-sinaloa-28702340
Sinaloa,71,2026-04-06 03:19,"$3,200,000 MXN","Casa disponible en venta en avenida del atlantico #1789, Col. Real del Valle, Mazatlán, Sinaloa, México, C.P. 82124, ID: 29127347",3 Recámaras | 3 Baños | 90 m 2,https://propiedades.comhttps://propiedades.com/inmuebles/casa-en-venta-avenida-del-atlantico-1789-real-del-valle-sinaloa-29127347
Sinaloa,71,2026-04-06 03:19,"$1,133,157 MXN","Casa disponible en venta en , Col. Los Mochis (Los Mochis), Ahome, Sinaloa, México, C.P. 81369, ID: 30457464",2 Recámaras | 1 Baño | 48 m 2,https://propiedades.comhttps://propiedades.com/inmuebles/casa-en-venta-los-mochis-los-mochis-sinaloa-30457464
Sinaloa,71,2026-04-06 03:19,"$5,250,000 MXN","Se vende casa en Papagayo #57, Col. Ferrocarrilera, Mazatlán, Sinaloa, México, C.P. 82013, ID: 29123156",2 Recámaras | 2 Baños | 168 m 2,https://propiedades.comhttps://propiedades.com/inmuebles/casa-en-venta-papagayo-57-ferrocarrilera-sinaloa-29123156
Sinaloa,71,2026-04-06 03:19,"$1,630,000 MXN","Hidalgo #578, Col. INFONAVIT Playas, Mazatlán, Sinaloa, México, C.P. 82128, ID: 29123180",2 Recámaras | 1 Baño | 82 m 2,https://propiedades.comhttps://propiedades.com/inmuebles/casa-en-venta-hidalgo-578-infonavit-playas-sinaloa-29123180
Sinaloa,71,2026-04-06 03:19,"$2,390,000 MXN","Casa en venta disponible en FRANCISCO VILLA, Col. Centro, Mazatlán, Sinaloa, México, C.P. 82000, ID: 30567642",2 Recámaras | 75 m 2,https://propiedades.comhttps://propiedades.com/inmuebles/casa-en-venta-francisco-villa-centro-sinaloa-30567642
Sinaloa,71,2026-04-06 03:19,"$2,500,000 MXN","Se vende casa en , Col. Villa Universidad, Culiacán, Sinaloa, México, C.P. 80010, ID: 29129085",4 Recámaras | 3 Baños | 195 m 2,https://propiedades.comhttps://propiedades.com/inmuebles/casa-en-venta-villa-universidad-sinaloa-29129085
Sinaloa,71,2026-04-06 03:19,"$3,600,000 MXN","Se vende casa avenida sábalo cerritos #1567, Col. Villa Marina, Mazatlán, Sinaloa, México, C.P. 82112, ID: 29127338",3 Recámaras | 3 Baños | 99 m 2,https://propiedades.comhttps://propiedades.com/inmuebles/casa-en-venta-avenida-sabalo-cerritos-1567-villa-marina-sinaloa-29127338
Sinaloa,71,2026-04-06 03:19,"$12,700,000 MXN","Venta casa en Boulevard Río Fuerte, Col. Los Mochis (Los Mochis), Ahome, Sinaloa, México, C.P. 81369, ID: 30398551",4 Recámaras | 4 Baños | 530 m 2,https://propiedades.comhttps://propiedades.com/inmuebles/casa-en-venta-boulevard-rio-fuerte-los-mochis-los-mochis-sinaloa-30398551
Sinaloa,71,2026-04-06 03:19,"$1,190,000 MXN","La Conquista #WHI295588, Col. La Conquista, Culiacán, Sinaloa, México, C.P. 80058, ID: 26291587",2 Recámaras | 1 Baño | 63 m 2,https://propiedades.comhttps://propiedades.com/inmuebles/casa-en-venta-la-conquista-whi295588-la-conquista-sinaloa-26291587
Sinaloa,71,2026-04-06 03:19,"$990,000 MXN","Se vende casa La Conquista #WHI295589, Col. La Conquista, Culiacán, Sinaloa, México, C.P. 80058, ID: 26291588",2 Recámaras | 1 Baño | 55 m 2,https://propiedades.comhttps://propiedades.com/inmuebles/casa-en-venta-la-conquista-whi295589-la-conquista-sinaloa-26291588
Sinaloa,71,2026-04-06 03:19,"$2,300,000 MXN","Venta de casa en , Col. Mar de Cortes, Mazatlán, Sinaloa, México, C.P. 82130, ID: 26933802",2 Recámaras | 1 Baño | 133 m 2,https://propiedades.comhttps://propiedades.com/inmuebles/casa-en-venta-mar-de-cortes-sinaloa-26933802
Sinaloa,71,2026-04-06 03:19,"$1,643,897 MXN","Casa disponible en venta en Col. Los Mochis (Los Mochis), Ahome, Sinaloa, México, C.P. 81369, ID: 30462377",2 Recámaras | 1 Baño | 76 m 2,https://propiedades.comhttps://propiedades.com/inmuebles/casa-en-venta-los-mochis-los-mochis-sinaloa-30462377
Sinaloa,71,2026-04-06 03:19,"$1,121,343 MXN","Venta casa en Col. Los Mochis (Los Mochis), Ahome, Sinaloa, México, C.P. 81369, ID: 30462378",2 Recámaras | 1 Baño | 48 m 2,https://propiedades.comhttps://propiedades.com/inmuebles/casa-en-venta-los-mochis-los-mochis-sinaloa-30462378
Sinaloa,71,2026-04-06 03:19,"$1,750,000 MXN","Se vende casa General Rafael Buelna Tenorio #393, Col. Centro, Culiacán, Sinaloa, México, C.P. 80000, ID: 16482935",4 Recámaras | 3 Baños | 218 m 2,https://propiedades.comhttps://propiedades.com/inmuebles/casa-en-venta-general-rafael-buelna-tenorio-393-centro-sinaloa-16482935
Sinaloa,71,2026-04-06 03:19,"$3,645,000 MXN","Venta de casa Sin nombre de calle, Col. Real del Valle, Mazatlán, Sinaloa, México, C.P. 82124, ID: 27097412",3 Recámaras | 2 Baños | 110 m 2,https://propiedades.comhttps://propiedades.com/inmuebles/casa-en-venta-sin-nombre-de-calle-real-del-valle-sinaloa-27097412
Sinaloa,71,2026-04-06 03:19,"$3,200,000 MXN","Venta de casa en Bahía de Acapulco, Col. Nuevo Culiacán, Culiacán, Sinaloa, México, C.P. 80170, ID: 29875816",3 Recámaras | 2 Baños | 204 m 2,https://propiedades.comhttps://propiedades.com/inmuebles/casa-en-venta-bahia-de-acapulco-nuevo-culiacan-sinaloa-29875816
Sinaloa,71,2026-04-06 03:19,"$4,800,000 MXN","Casa en venta, AV PASEO DEL PACIFICO, Col. Real Pacífico, Mazatlán, Sinaloa, México, C.P. 82124, ID: 29443221",4 Recámaras | 3 Baños | 189 m 2,https://propiedades.comhttps://propiedades.com/inmuebles/casa-en-venta-av-paseo-del-pacifico-real-pacifico-sinaloa-29443221
Sinaloa,71,2026-04-06 03:19,"$4,652,100 MXN","Se vende casa Blvd. Pedro Infante, Col. Country Courts, Culiacán, Sinaloa, México, C.P. 80107, ID: 28704534",3 Recámaras | 3 Baños | 226 m 2,https://propiedades.comhttps://propiedades.com/inmuebles/casa-en-venta-blvd-pedro-infante-country-courts-sinaloa-28704534
Sinaloa,71,2026-04-06 03:19,"$8,250,000 MXN","Se vende casa en 5 de Mayo #S/N, Col. Centro, Mazatlán, Sinaloa, México, C.P. 82000, ID: 28124342",3 Recámaras | 3 Baños | 671 m 2,https://propiedades.comhttps://propiedades.com/inmuebles/casa-en-venta-5-de-mayo-sn-centro-sinaloa-28124342
Sinaloa,71,2026-04-06 03:19,"$1,153,718 MXN","Venta casa en CHICHONAL #0000, Col. Rincón Del Humaya, Culiacán, Sinaloa, México, C.P. 80058, ID: 27440725",2 Recámaras | 1 Baño | 100 m 2,https://propiedades.comhttps://propiedades.com/inmuebles/casa-en-venta-chichonal-0000-rincon-del-humaya-sinaloa-27440725
Sinaloa,71,2026-04-06 03:19,"$700,000 MXN","Valle Mezquital, Col. Valle Dorado, Mazatlán, Sinaloa, México, C.P. 82132, ID: 20755204",2 Recámaras | 1 Baño | 48 m 2,https://propiedades.comhttps://propiedades.com/inmuebles/casa-en-venta-valle-mezquital-valle-dorado-sinaloa-20755204
Sinaloa,71,2026-04-06 03:19,"$800,000 MXN","Venta de casa Río Humaya #SnInt. Sn, Col. San Angel, Mazatlán, Sinaloa, México, C.P. 82014, ID: 29156111",3 Recámaras | 1 Baño | 105 m 2,https://propiedades.comhttps://propiedades.com/inmuebles/casa-en-venta-rio-humaya-sn-san-angel-sinaloa-29156111
Sinaloa,71,2026-04-06 03:19,"$1,795,000 MXN","Casa disponible en venta en Villas del Humaya #WHI297935, Col. Villas del Humaya, Culiacán, Sinaloa, México, C.P. 80025, ID: 26641763",3 Recámaras | 3 Baños | 130 m 2,https://propiedades.comhttps://propiedades.com/inmuebles/casa-en-venta-villas-del-humaya-whi297935-villas-del-humaya-sinaloa-26641763
Sinaloa,71,2026-04-06 03:19,"$1,237,151 MXN",", Col. Los Mochis (Los Mochis), Ahome, Sinaloa, México, C.P. 81369, ID: 30457460",2 Recámaras | 1 Baño | 48 m 2,https://propiedades.comhttps://propiedades.com/inmuebles/casa-en-venta-los-mochis-los-mochis-sinaloa-30457460
Sinaloa,71,2026-04-06 03:19,"$1,757,418 MXN","Venta casa en , Col. Jaripillo, Mazatlán, Sinaloa, México, C.P. 82136, ID: 25956109",3 Recámaras | 2 Baños | 94 m 2,https://propiedades.comhttps://propiedades.com/inmuebles/casa-en-venta-jaripillo-sinaloa-25956109
Sinaloa,72,2026-04-06 03:19,"$1,390,983 MXN","Casa disponible en venta en , Col. Los Mochis (Los Mochis), Ahome, Sinaloa, México, C.P. 81369, ID: 30457457",2 Recámaras | 1 Baño | 55 m 2,https://propiedades.comhttps://propiedades.com/inmuebles/casa-en-venta-los-mochis-los-mochis-sinaloa-30457457
Sinaloa,72,2026-04-06 03:19,"$1,450,000 MXN","Casa en venta, , Col. Jardines del Bosque, Ahome, Sinaloa, México, C.P. 81248, ID: 28041196",2 Recámaras | 1 Baño,https://propiedades.comhttps://propiedades.com/inmuebles/casa-en-venta-jardines-del-bosque-sinaloa-28041196
Sinaloa,72,2026-04-06 03:19,"$1,700,000 MXN","Casa en venta, ocho #12012, Col. FOVISSSTE Playa Azul, Mazatlán, Sinaloa, México, C.P. 82138, ID: 29127355",3 Recámaras | 1 Baño | 90 m 2,https://propiedades.comhttps://propiedades.com/inmuebles/casa-en-venta-ocho-12012-fovissste-playa-azul-sinaloa-29127355
Sinaloa,72,2026-04-06 03:19,"$1,100,000 MXN","Col. Jardines del Bosque, Ahome, Sinaloa, México, C.P. 81248, ID: 30957618",3 Recámaras | 3 Baños | 80 m 2,https://propiedades.comhttps://propiedades.com/inmuebles/casa-en-venta-jardines-del-bosque-sinaloa-30957618
Sinaloa,72,2026-04-06 03:19,"$2,350,000 MXN","Se vende casa en Av. Constituyente Alberto Terrones #36, Col. Buenos Aires, Culiacán, Sinaloa, México, C.P. 80199, ID: 29187801",3 Recámaras | 2 Baños | 382 m 2,https://propiedades.comhttps://propiedades.com/inmuebles/casa-en-venta-av-constituyente-alberto-terrones--36-buenos-aires-sinaloa-29187801
Sinaloa,72,2026-04-06 03:19,"$1,600,000 MXN","Venta casa en , Col. Hacienda del Seminario, Mazatlán, Sinaloa, México, C.P. 82129, ID: 27207061",2 Recámaras | 1 Baño | 46 m 2,https://propiedades.comhttps://propiedades.com/inmuebles/casa-en-venta-hacienda-del-seminario-sinaloa-27207061
Sinaloa,72,2026-04-06 03:19,"$1,350,000 MXN",", Col. INFONAVIT Playas, Mazatlán, Sinaloa, México, C.P. 82128, ID: 27220600",2 Recámaras | 1 Baño,https://propiedades.comhttps://propiedades.com/inmuebles/casa-en-venta-infonavit-playas-sinaloa-27220600
Sinaloa,72,2026-04-06 03:19,"$1,300,000 MXN","Casa en venta, AV. Munichis #1234Int. 4321, Col. Las Mañanitas, Mazatlán, Sinaloa, México, C.P. 82139, ID: 29143243",2 Recámaras | 1 Baño | 75 m 2,https://propiedades.comhttps://propiedades.com/inmuebles/casa-en-venta-av-munichis--1234-las-mananitas-sinaloa-29143243
Sinaloa,72,2026-04-06 03:19,"$4,450,000 MXN","Venta de casa en , Col. Las Quintas, Culiacán, Sinaloa, México, C.P. 80060, ID: 29129086",3 Recámaras | 3 Baños | 236 m 2,https://propiedades.comhttps://propiedades.com/inmuebles/casa-en-venta-las-quintas-sinaloa-29129086
Sinaloa,72,2026-04-06 03:19,"$3,000,000 MXN",", Col. Culiacán (Culiacán), Culiacán, Sinaloa, México, C.P. 80139, ID: 29129071",5 Recámaras | 4 Baños | 222 m 2,https://propiedades.comhttps://propiedades.com/inmuebles/casa-en-venta-culiacan-culiacan-sinaloa-29129071
Sinaloa,72,2026-04-06 03:19,"$841,510 MXN",", Col. Los Mochis (Los Mochis), Ahome, Sinaloa, México, C.P. 81369, ID: 30459113",2 Recámaras | 1 Baño | 43 m 2,https://propiedades.comhttps://propiedades.com/inmuebles/casa-en-venta-los-mochis-los-mochis-sinaloa-30459113
Sinaloa,72,2026-04-06 03:19,"$1,685,000 MXN","Casa disponible en venta en , Col. Ampliación Valle del Ejido, Mazatlán, Sinaloa, México, C.P. 82134, ID: 28184320",3 Recámaras | 2 Baños,https://propiedades.comhttps://propiedades.com/inmuebles/casa-en-venta-ampliacion-valle-del-ejido-sinaloa-28184320
Sinaloa,72,2026-04-06 03:19,"$1,250,000 MXN","Casa disponible en venta en Jabalines Infonavit, Mazatlán, Sinaloa, Col. Jabalines Infonavit, Mazatlán, Sinaloa, México, C.P. 82153, ID: 25391571",2 Recámaras | 2 Baños | 71 m 2,https://propiedades.comhttps://propiedades.com/inmuebles/casa-en-venta-jabalines-infonavit-mazatlan-sinaloa-jabalines-infonavit-sinaloa-25391571
Sinaloa,72,2026-04-06 03:19,"$1,480,000 MXN","Venta de casa , Col. Vista del Mar, Mazatlán, Sinaloa, México, C.P. 82139, ID: 28059264",2 Recámaras | 1 Baño | 133 m 2,https://propiedades.comhttps://propiedades.com/inmuebles/casa-en-venta-vista-del-mar-sinaloa-28059264
Sinaloa,72,2026-04-06 03:19,"$2,892,581 MXN","Casa en venta, , Col. Los Mochis (Los Mochis), Ahome, Sinaloa, México, C.P. 81369, ID: 30247285",3 Recámaras | 2 Baños | 116 m 2,https://propiedades.comhttps://propiedades.com/inmuebles/casa-en-venta-los-mochis-los-mochis-sinaloa-30247285
Sinaloa,72,2026-04-06 03:19,"$1,700,000 MXN","Se vende casa en , Col. Paseo Alameda, Mazatlán, Sinaloa, México, C.P. 82124, ID: 28215369",2 Recámaras | 1 Baño | 132 m 2,https://propiedades.comhttps://propiedades.com/inmuebles/casa-en-venta-paseo-alameda-sinaloa-28215369
Sinaloa,72,2026-04-06 03:19,"$4,995,000 MXN","Adora #589, Col. Lomas de Mazatlán, Mazatlán, Sinaloa, México, C.P. 82110, ID: 29123187",3 Recámaras | 3 Baños | 324 m 2,https://propiedades.comhttps://propiedades.com/inmuebles/casa-en-venta-adora-589-lomas-de-mazatlan-sinaloa-29123187
Sinaloa,72,2026-04-06 03:19,"$1,850,000 MXN","Casa disponible en venta en , Col. Santa Rosa, Mazatlán, Sinaloa, México, C.P. 82134, ID: 26330638",2 Recámaras | 1 Baño | 80 m 2,https://propiedades.comhttps://propiedades.com/inmuebles/casa-en-venta-santa-rosa-sinaloa-26330638
Sinaloa,72,2026-04-06 03:19,"$3,500,000 MXN","La Primavera, Col. La Primavera, Culiacán, Sinaloa, México, C.P. 80199, ID: 6213513",3 Recámaras | 4 Baños | 230 m 2,https://propiedades.comhttps://propiedades.com/inmuebles/casa-en-venta-la-primavera-la-primavera-sinaloa-6213513
Sinaloa,72,2026-04-06 03:19,"$1,720,000 MXN","Casa disponible en venta en , Col. Ampliación Valle del Ejido, Mazatlán, Sinaloa, México, C.P. 82134, ID: 27742663",3 Recámaras | 2 Baños | 140 m 2,https://propiedades.comhttps://propiedades.com/inmuebles/casa-en-venta-ampliacion-valle-del-ejido-sinaloa-27742663
Sinaloa,72,2026-04-06 03:19,"$2,000,000 MXN","Las Quintas, Col. Las Quintas, Culiacán, Sinaloa, México, C.P. 80060, ID: 6483817",3 Recámaras | 2 Baños | 1 m 2,https://propiedades.comhttps://propiedades.com/inmuebles/casa-en-venta-las-quintas-las-quintas-sinaloa-6483817
