Estado,Pagina_Extraida,Precio,Ubicacion,Caracteristicas,URL_Propiedad
Ciudad De Mexico,1,"$4,799,000
MXN",", Col. Héroe de Nacozari, Gustavo A. Madero, DF / CDMX, México, C.P. 07780, ID: 30712437",6 Recámaras | 3 Baños | 202 m 2,https://propiedades.com/inmuebles/casa-en-venta-heroe-de-nacozari-df-30712437#tipos=casas-venta&area=ciudad-de-mexico&pos=1
Ciudad De Mexico,1,"$42,000,000
MXN","Venta de casa Aristóteles 240 #240, Col. Polanco IV Sección, Miguel Hidalgo, DF / CDMX, México, C.P. 11550, ID: 29249823",3 Recámaras | 2 Baños | 532 m 2,https://propiedades.com/inmuebles/casa-en-venta-aristoteles-240-240-polanco-iv-seccion-df-29249823#tipos=casas-venta&area=ciudad-de-mexico&pos=2
Ciudad De Mexico,1,"$1,920,000
MXN","Venta de casa en Oriente 255 447 #447, Col. Agrícola Oriental, Iztacalco, DF / CDMX, México, C.P. 08500, ID: 28842729",5 Recámaras | 3 Baños | 212 m 2,https://propiedades.com/inmuebles/casa-en-venta-oriente-255-447-447-agricola-oriental-df-28842729#tipos=casas-venta&area=ciudad-de-mexico&pos=3
Ciudad De Mexico,1,"$7,800,000
MXN","Casa en venta disponible en Rancho Zinampa, Coapa, Hacienda de Coyoacán, Ciudad de México, CDMX, Col. Haciendas de Coyoacán, Coyoacán, DF / CDMX, México, C.P. 04970, ID: 31013842",3 Recámaras | 2 Baños | 350 m 2,https://propiedades.com/inmuebles/casa-en-venta-rancho-zinampa-coapa-hacienda-de-coyoacan-ciudad-de-mexico-cdmx-haciendas-de-coyoacan-df-31013842#tipos=casas-venta&area=ciudad-de-mexico&pos=4
Ciudad De Mexico,1,"$4,049,000
MXN","Casa en venta disponible en Sierra Madre Oriental 105, Pradera I Secc, Gustavo A. Madero, 07500 Ciudad de México, CDMX #105, Col. La Pradera, Gustavo A. Madero, DF / CDMX, México, C.P. 07500, ID: 30972594",3 Recámaras | 2 Baños | 167 m 2,https://propiedades.com/inmuebles/casa-en-venta-sierra-madre-oriental-105-pradera-i-secc-gustavo-a-madero-07500-ciudad-de-mexico-cdmx-105-la-pradera-df-30972594#tipos=casas-venta&area=ciudad-de-mexico&pos=5
Ciudad De Mexico,1,"$13,000,000
MXN","Venta casa en Rousseau 74, Anzures, Miguel Hidalgo, 11590 Ciudad de México, CDMX #74, Col. Anzures, Miguel Hidalgo, DF / CDMX, México, C.P. 11590, ID: 30912197",5 Recámaras | 3 Baños | 247 m 2,https://propiedades.com/inmuebles/casa-en-venta-rousseau-74-anzures-miguel-hidalgo-11590-ciudad-de-mexico-cdmx-74-anzures-df-30912197#tipos=casas-venta&area=ciudad-de-mexico&pos=6
Ciudad De Mexico,1,"$4,200,000
MXN","Venta de casa Jazmín 18, Santa Cruz Xochitepec, Xochimilco, 16100 Ciudad de México, CDMX #18, Col. Santa Cruz Xochitepec, Xochimilco, DF / CDMX, México, C.P. 16100, ID: 30918084",4 Recámaras | 4 Baños | 220 m 2,https://propiedades.com/inmuebles/casa-en-venta-jazmin-18-santa-cruz-xochitepec-xochimilco-16100-ciudad-de-mexico-cdmx-18-santa-cruz-xochitepec-df-30918084#tipos=casas-venta&area=ciudad-de-mexico&pos=7
Ciudad De Mexico,1,"$27,000,000
MXN","Se vende casa en Avenida San Francisco, Col. Pueblo Nuevo Bajo, La Magdalena Contreras, DF / CDMX, México, C.P. 10640, ID: 30920051",4 Recámaras | 4 Baños | 670 m 2,https://propiedades.com/inmuebles/casa-en-venta-avenida-san-francisco-pueblo-nuevo-bajo-df-30920051#tipos=casas-venta&area=ciudad-de-mexico&pos=8
Ciudad De Mexico,1,"$5,250,000
MXN","Venta de casa Teja 105, Jardines del Sur, Xochimilco, 16050 Ciudad de México, CDMX #105, Col. Jardines del Sur, Xochimilco, DF / CDMX, México, C.P. 16050, ID: 30938809",3 Recámaras | 3 Baños | 260 m 2,https://propiedades.com/inmuebles/casa-en-venta-teja-105-jardines-del-sur-xochimilco-16050-ciudad-de-mexico-cdmx-105-jardines-del-sur-df-30938809#tipos=casas-venta&area=ciudad-de-mexico&pos=9
Ciudad De Mexico,1,"$20,000,000
MXN","Venta casa en Cda. Montes Apeninos, Col. Lomas de Chapultepec II Sección, Miguel Hidalgo, DF / CDMX, México, C.P. 11000, ID: 30911558",3 Recámaras | 3 Baños | 173 m 2,https://propiedades.com/inmuebles/casa-en-venta-cda-montes-apeninos-lomas-de-chapultepec-ii-seccion-df-30911558#tipos=casas-venta&area=ciudad-de-mexico&pos=10
Ciudad De Mexico,1,"$8,200,000
MXN","Casa en venta, , Col. Del Valle Centro, Benito Juárez, DF / CDMX, México, C.P. 03100, ID: 30949104",3 Recámaras | 2 Baños | 180 m 2,https://propiedades.com/inmuebles/casa-en-venta-del-valle-centro-df-30949104#tipos=casas-venta&area=ciudad-de-mexico&pos=11
Ciudad De Mexico,1,"$8,600,000
MXN","Venta de casa en _ , Col. Campestre Coyoacán, Coyoacán, DF / CDMX, México, C.P. 04938, ID: 30915148",3 Recámaras | 3 Baños | 175 m 2,https://propiedades.com/inmuebles/casa-en-venta-campestre-coyoacan-df-30915148#tipos=casas-venta&area=ciudad-de-mexico&pos=12
Ciudad De Mexico,1,"$23,000,000
MXN","Casa en venta, Montes de Oca, Col. San Miguel Chapultepec I Sección, Miguel Hidalgo, DF / CDMX, México, C.P. 11850, ID: 30911560",3 Recámaras | 3 Baños | 194 m 2,https://propiedades.com/inmuebles/casa-en-venta-montes-de-oca-san-miguel-chapultepec-i-seccion-df-30911560#tipos=casas-venta&area=ciudad-de-mexico&pos=13
Ciudad De Mexico,1,"$5,850,000
MXN","Casa en venta disponible en Cuauhtémoc, Col. Santa Cruz Meyehualco, Iztapalapa, DF / CDMX, México, C.P. 09700, ID: 27321830",2 Recámaras | 1 Baño | 458 m 2,https://propiedades.com/inmuebles/casa-en-venta-cuauhtemoc-santa-cruz-meyehualco-df-27321830#tipos=casas-venta&area=ciudad-de-mexico&pos=14
Ciudad De Mexico,1,"$47,000,000
MXN","Casa disponible en venta en _ , Col. Rancho San Francisco Pueblo San Bartolo Ameyalco, Álvaro Obregón, DF / CDMX, México, C.P. 01807, ID: 26447533",4 Recámaras | 6 Baños | 1000 m 2,https://propiedades.com/inmuebles/casa-en-venta--rancho-san-francisco-pueblo-san-bartolo-ameyalco-df-26447533#tipos=casas-venta&area=ciudad-de-mexico&pos=15
Ciudad De Mexico,1,"$36,000,000
MXN","_ , Col. Lomas de Chapultepec I Sección, Miguel Hidalgo, DF / CDMX, México, C.P. 11000, ID: 30223323",4 Recámaras | 2 Baños | 550 m 2,https://propiedades.com/inmuebles/casa-en-venta-lomas-de-chapultepec-i-seccion-df-30223323#tipos=casas-venta&area=ciudad-de-mexico&pos=16
Ciudad De Mexico,1,"$6,265,000
MXN","Se vende casa Fuente de Diana #29, Col. Los Cedros, Coyoacán, DF / CDMX, México, C.P. 04800, ID: 31005616",4 Recámaras | 2 Baños | 176 m 2,https://propiedades.com/inmuebles/casa-en-venta-fuente-de-diana-29-los-cedros-df-31005616#tipos=casas-venta&area=ciudad-de-mexico&pos=17
Ciudad De Mexico,1,"$6,750,000
MXN","hacienda de la condesa, Col. Ex-Hacienda El Rosario, Azcapotzalco, DF / CDMX, México, C.P. 02420, ID: 30856186",3 Recámaras | 3 Baños | 195 m 2,https://propiedades.com/inmuebles/casa-en-venta-hacienda-de-la-condesa-exhacienda-el-rosario-df-30856186#tipos=casas-venta&area=ciudad-de-mexico&pos=18
Ciudad De Mexico,1,"$5,300,000
MXN","Venta de casa pileta, Col. Villa Coapa, Tlalpan, DF / CDMX, México, C.P. 14390, ID: 30856187",3 Recámaras | 2 Baños | 178 m 2,https://propiedades.com/inmuebles/casa-en-venta-pileta-villa-coapa-df-30856187#tipos=casas-venta&area=ciudad-de-mexico&pos=19
Ciudad De Mexico,1,"$5,900,000
MXN","Casa en venta disponible en campo palizada, Col. San Antonio, Azcapotzalco, DF / CDMX, México, C.P. 02720, ID: 30759436",3 Recámaras | 2 Baños | 150 m 2,https://propiedades.com/inmuebles/casa-en-venta-campo-palizada-san-antonio-df-30759436#tipos=casas-venta&area=ciudad-de-mexico&pos=20
Ciudad De Mexico,1,"$10,500,000
MXN","Venta casa en Cam. Real a Tetelpan 164, Camino Real de Tetelpan, Álvaro Obregón, 01700 Ciudad de México, CDMX #164, Col. San Agustín del Pueblo Tetelpan, Álvaro Obregón, DF / CDMX, México, C.P. 01700, ID: 30801075",4 Recámaras | 3 Baños | 200 m 2,https://propiedades.com/inmuebles/casa-en-venta-cam-real-a-tetelpan-164-camino-real-de-tetelpan-alvaro-obregon-01700-ciudad-de-mexico-cdmx-164-san-agustin-del-pueblo-tetelpan-df-30801075#tipos=casas-venta&area=ciudad-de-mexico&pos=21
Ciudad De Mexico,1,"$41,000,000
MXN","Av Loma de la Palma, Col. Lomas de Vista Hermosa, Cuajimalpa de Morelos, DF / CDMX, México, C.P. 05100, ID: 29398555",4 Recámaras | 4 Baños | 466 m 2,https://propiedades.com/inmuebles/casa-en-venta-av-loma-de-la-palma-lomas-de-vista-hermosa-df-29398555#tipos=casas-venta&area=ciudad-de-mexico&pos=22
Ciudad De Mexico,1,"$6,821,656
MXN","Casa en venta disponible en Calle San Borja 1158, Narvarte Poniente, Benito Juárez, 03020 Ciudad de México, CDMX #1158, Col. Narvarte Poniente, Benito Juárez, DF / CDMX, México, C.P. 03020, ID: 30839543",4 Recámaras | 4 Baños | 158 m 2,https://propiedades.com/inmuebles/casa-en-venta-calle-san-borja-1158-narvarte-poniente-benito-juarez-03020-ciudad-de-mexico-cdmx-1158-narvarte-poniente-df-30839543#tipos=casas-venta&area=ciudad-de-mexico&pos=23
Ciudad De Mexico,1,"$5,900,000
MXN","Casa disponible en venta en Mar Mediterráneo, Tacuba, Miguel Hidalgo, 11410 Ciudad de México, CDMX #18, Col. Tacuba, Miguel Hidalgo, DF / CDMX, México, C.P. 11410, ID: 30486217",11 Recámaras | 11 Baños | 650 m 2,https://propiedades.com/inmuebles/casa-en-venta-mar-mediterraneo-tacuba-miguel-hidalgo-11410-ciudad-de-mexico-cdmx-18-tacuba-df-30486217#tipos=casas-venta&area=ciudad-de-mexico&pos=24
Ciudad De Mexico,1,"$8,900,000
MXN","Venta de casa en MIGUEL N LIRA #332, Col. Villa de Cortes, Benito Juárez, DF / CDMX, México, C.P. 03530, ID: 30581660",5 Recámaras | 6 Baños | 340 m 2,https://propiedades.com/inmuebles/casa-en-venta-miguel-n-lira-332-villa-de-cortes-df-30581660#tipos=casas-venta&area=ciudad-de-mexico&pos=25
Ciudad De Mexico,1,"$7,350,000
MXN","Se vende casa Cerro Gordo 346, Campestre Churubusco, Coyoacán, 04200 Ciudad de México, CDMX #346, Col. Campestre Churubusco, Coyoacán, DF / CDMX, México, C.P. 04200, ID: 30952726",3 Recámaras | 2 Baños | 210 m 2,https://propiedades.com/inmuebles/casa-en-venta-cerro-gordo-346-campestre-churubusco-coyoacan-04200-ciudad-de-mexico-cdmx-346-campestre-churubusco-df-30952726#tipos=casas-venta&area=ciudad-de-mexico&pos=26
Ciudad De Mexico,1,"$12,000,000
MXN","Casa en venta disponible en Nunkiní 122, Jardines del Ajusco, Tlalpan, 14200 Ciudad de México, CDMX #122, Col. Jardines del Ajusco, Tlalpan, DF / CDMX, México, C.P. 14200, ID: 30651269",3 Recámaras | 2 Baños | 275 m 2,https://propiedades.com/inmuebles/casa-en-venta-nunkini-122-jardines-del-ajusco-tlalpan-14200-ciudad-de-mexico-cdmx-122-jardines-del-ajusco-df-30651269#tipos=casas-venta&area=ciudad-de-mexico&pos=27
Ciudad De Mexico,1,"$8,490,000
MXN","Casa en venta, Cerro del Sombrero 118, Campestre Churubusco, Coyoacán, 04200 Ciudad de México, CDMX #118, Col. Campestre Churubusco, Coyoacán, DF / CDMX, México, C.P. 04200, ID: 30844019",4 Recámaras | 2 Baños | 320 m 2,https://propiedades.com/inmuebles/casa-en-venta-cerro-del-sombrero-118-campestre-churubusco-coyoacan-04200-ciudad-de-mexico-cdmx-118-campestre-churubusco-df-30844019#tipos=casas-venta&area=ciudad-de-mexico&pos=28
Ciudad De Mexico,1,"$19,900,000
MXN","Miraflores, Col. Insurgentes San Borja, Benito Juárez, DF / CDMX, México, C.P. 03100, ID: 30769419",4 Recámaras | 3 Baños | 501 m 2,https://propiedades.com/inmuebles/casa-en-venta-miraflores-insurgentes-san-borja-df-30769419#tipos=casas-venta&area=ciudad-de-mexico&pos=29
Ciudad De Mexico,1,"$11,500,000
MXN","Cda. de Balcon 3, Tetelpan, Álvaro Obregón, 01700 Ciudad de México, CDMX #3, Col. Tecalcapa del Pueblo Tetelpan, Álvaro Obregón, DF / CDMX, México, C.P. 01700, ID: 30537294",3 Recámaras | 3 Baños | 327 m 2,https://propiedades.com/inmuebles/casa-en-venta-cda-de-balcon-3-tetelpan-alvaro-obregon-01700-ciudad-de-mexico-cdmx-3-tecalcapa-del-pueblo-tetelpan-df-30537294#tipos=casas-venta&area=ciudad-de-mexico&pos=30
Ciudad De Mexico,1,"$3,550,000
MXN","Hacienda La Amazcala 32, Coapa, Floresta Coyoacán, Tlalpan, 14310 Ciudad de México, CDMX #32, Col. Floresta Coyoacán, Tlalpan, DF / CDMX, México, C.P. 14310, ID: 30870430",3 Recámaras | 2 Baños | 180 m 2,https://propiedades.com/inmuebles/casa-en-venta-hacienda-la-amazcala-32-coapa-floresta-coyoacan-tlalpan-14310-ciudad-de-mexico-cdmx-32-floresta-coyoacan-df-30870430#tipos=casas-venta&area=ciudad-de-mexico&pos=31
Ciudad De Mexico,1,"$25,000,000
MXN","Venta de casa en Iztaccihuatl, Florida, 01030 Ciudad de México, CDMX #106, Col. Florida, Álvaro Obregón, DF / CDMX, México, C.P. 01030, ID: 30616072",5 Recámaras | 4 Baños | 431 m 2,https://propiedades.com/inmuebles/casa-en-venta-iztaccihuatl-florida-01030-ciudad-de-mexico-cdmx-106-florida-df-30616072#tipos=casas-venta&area=ciudad-de-mexico&pos=32
Ciudad De Mexico,1,"$8,150,000
MXN","Venta casa en Cto de los Parques 213, Coapa, Parque Coyoacán, Coyoacán, 04899 Ciudad de México, CDMX #213, Col. El Parque de Coyoacán, Coyoacán, DF / CDMX, México, C.P. 04899, ID: 30870379",4 Recámaras | 2 Baños | 185 m 2,https://propiedades.com/inmuebles/casa-en-venta-cto-de-los-parques-213-coapa-parque-coyoacan-coyoacan-04899-ciudad-de-mexico-cdmx-213-el-parque-de-coyoacan-df-30870379#tipos=casas-venta&area=ciudad-de-mexico&pos=33
Ciudad De Mexico,1,"$6,821,656
MXN","La casa 5 del inmueble sujeto al régimen de propiedad en condominio marcado con el número oficial mi, Col. Narvarte Poniente, Benito Juárez, DF / CDMX, México, C.P. 03020, ID: 30795256",4 Recámaras | 4 Baños | 158 m 2,https://propiedades.com/inmuebles/casa-en-venta-la-casa-5-del-inmueble-sujeto-al-regimen-de-propiedad-en-condominio-marcado-con-el-numero-oficial-mi-narvarte-poniente-df-30795256#tipos=casas-venta&area=ciudad-de-mexico&pos=34
Ciudad De Mexico,1,"$2,662,200
MXN","Venta casa en Río Fuerte, Col. Real del Moral, Iztapalapa, DF / CDMX, México, C.P. 09010, ID: 30759687",3 Recámaras | 1 Baño | 76 m 2,https://propiedades.com/inmuebles/casa-en-venta-rio-fuerte-real-del-moral-df-30759687#tipos=casas-venta&area=ciudad-de-mexico&pos=35
Ciudad De Mexico,1,"$30,000,000
MXN","Casa disponible en venta en Hortensia 173, Florida, Álvaro Obregón, 01030 Ciudad de México, CDMX #173, Col. Florida, Álvaro Obregón, DF / CDMX, México, C.P. 01030, ID: 30508451",3 Recámaras | 3 Baños | 400 m 2,https://propiedades.com/inmuebles/casa-en-venta-hortensia-173-florida-alvaro-obregon-01030-ciudad-de-mexico-cdmx-173-florida-df-30508451#tipos=casas-venta&area=ciudad-de-mexico&pos=36
Ciudad De Mexico,1,"$8,650,000
MXN","Venta de casa en Mirlo, Col. Rosedal, Coyoacán, DF / CDMX, México, C.P. 04330, ID: 29753133",4 Recámaras | 3 Baños | 168 m 2,https://propiedades.com/inmuebles/casa-en-venta-mirlo-rosedal-df-29753133#tipos=casas-venta&area=ciudad-de-mexico&pos=37
Ciudad De Mexico,1,"$7,300,000
MXN","Venta casa en Ramon Rivera Fedz. 109, Coapa, Presidentes Ejidales 1ra Secc, Coyoacán, 04470 Ciudad de México, CDMX #109, Col. Presidentes Ejidales 2a Sección, Coyoacán, DF / CDMX, México, C.P. 04470, ID: 30854155",3 Recámaras | 3 Baños | 141 m 2,https://propiedades.com/inmuebles/casa-en-venta-ramon-rivera-fedz-109-coapa-presidentes-ejidales-1ra-secc-coyoacan-04470-ciudad-de-mexico-cdmx-109-presidentes-ejidales-2a-seccion-df-30854155#tipos=casas-venta&area=ciudad-de-mexico&pos=38
Ciudad De Mexico,1,"$11,000,000
MXN","DEL Valle , Col. Del Valle Centro, Benito Juárez, DF / CDMX, México, C.P. 03100, ID: 28823874",3 Recámaras | 3 Baños | 229 m 2,https://propiedades.com/inmuebles/casa-en-venta-del-valle-del-valle-centro-df-28823874#tipos=casas-venta&area=ciudad-de-mexico&pos=39
Ciudad De Mexico,1,"$23,500,000
MXN","Josefa Ortíz de Domingo, Col. Del Carmen, Coyoacán, DF / CDMX, México, C.P. 04100, ID: 27189593",4 Recámaras | 2 Baños | 350 m 2,https://propiedades.com/inmuebles/casa-en-venta-josefa-ortiz-de-domingo-del-carmen-df-27189593#tipos=casas-venta&area=ciudad-de-mexico&pos=40
Ciudad De Mexico,1,"$6,000,000
MXN","Se vende casa Barrio 18 #NO, Col. 18, Xochimilco, DF / CDMX, México, C.P. 16034, ID: 28087423",5 Recámaras | 4 Baños | 400 m 2,https://propiedades.com/inmuebles/casa-en-venta-barrio-18-no-18-df-28087423#tipos=casas-venta&area=ciudad-de-mexico&pos=41
Ciudad De Mexico,1,"$135,000,000
MXN","Venta de casa Roqueta, Col. Lomas de Bezares, Miguel Hidalgo, DF / CDMX, México, C.P. 11910, ID: 29737172",4 Recámaras | 500 m 2,https://propiedades.com/inmuebles/casa-en-venta-roqueta-lomas-de-bezares-df-29737172#tipos=casas-venta&area=ciudad-de-mexico&pos=42
Ciudad De Mexico,1,"$18,645,000
MXN","Casa disponible en venta en , Col. Roma Norte, Cuauhtémoc, DF / CDMX, México, C.P. 06700, ID: 30975093",3 Recámaras | 2 Baños | 258 m 2,https://propiedades.com/inmuebles/casa-en-venta-roma-norte-df-30975093#tipos=casas-venta&area=ciudad-de-mexico&pos=43
Ciudad De Mexico,1,"$9,300,000
MXN","Casa en venta, Callejón de Soledad, Col. San Nicolás Totolapan, La Magdalena Contreras, DF / CDMX, México, C.P. 10900, ID: 28876854",3 Recámaras | 3 Baños | 264 m 2,https://propiedades.com/inmuebles/casa-en-venta-callejon-de-soledad-san-nicolas-totolapan-df-28876854#tipos=casas-venta&area=ciudad-de-mexico&pos=44
Ciudad De Mexico,1,"$38,483,000
MXN","Venta de casa Cerrada de Colorines, Col. Jardines del Pedregal, Álvaro Obregón, DF / CDMX, México, C.P. 01900, ID: 29429264",4 Recámaras | 3 Baños | 350 m 2,https://propiedades.com/inmuebles/casa-en-venta-cerrada-de-colorines-jardines-del-pedregal-df-29429264#tipos=casas-venta&area=ciudad-de-mexico&pos=45
Ciudad De Mexico,1,"$8,140,000
MXN","Venta casa en Prolongación 5 de mayo, Col. San Pedro Mártir, Tlalpan, DF / CDMX, México, C.P. 14650, ID: 30113813",4 Recámaras | 5 Baños | 310 m 2,https://propiedades.com/inmuebles/casa-en-venta-prolongacion-5-de-mayo-san-pedro-martir-df-30113813#tipos=casas-venta&area=ciudad-de-mexico&pos=46
Ciudad De Mexico,1,"$8,140,000
MXN","Venta de casa en Prolongación 5 de mayo, Col. San Andrés Totoltepec, Tlalpan, DF / CDMX, México, C.P. 14400, ID: 29838913",4 Recámaras | 5 Baños | 310 m 2,https://propiedades.com/inmuebles/casa-en-venta-prolongacion-5-de-mayo-san-andres-totoltepec-df-29838913#tipos=casas-venta&area=ciudad-de-mexico&pos=47
Ciudad De Mexico,2,"$9,150,000
MXN","Venta casa en Riff, Gral Anaya, Ciudad de México, CDMX, Col. General Pedro Maria Anaya, Benito Juárez, DF / CDMX, México, C.P. 03340, ID: 30830662",3 Recámaras | 3 Baños | 130 m 2,https://propiedades.com/inmuebles/casa-en-venta-riff-gral-anaya-ciudad-de-mexico-cdmx-general-pedro-maria-anaya-df-30830662#pagina=2&tipos=casas-venta&area=ciudad-de-mexico&pos=1
Ciudad De Mexico,2,"$15,000,000
MXN","Se vende casa en Bosque de Encinos, Bosque de las Lomas, 11700 Ciudad de México, CDMX, Col. Bosque de las Lomas, Miguel Hidalgo, DF / CDMX, México, C.P. 11700, ID: 30477108",4 Recámaras | 3 Baños | 385 m 2,https://propiedades.com/inmuebles/casa-en-venta-bosque-de-encinos-bosque-de-las-lomas-11700-ciudad-de-mexico-cdmx-bosque-de-las-lomas-df-30477108#pagina=2&tipos=casas-venta&area=ciudad-de-mexico&pos=2
Ciudad De Mexico,2,"$18,042,285
MXN","Venta de casa en CASA EN CONDOMINIO CON JARDIN Y AMENIDADES EN CONDESA, Col. Condesa, Cuauhtémoc, DF / CDMX, México, C.P. 06140, ID: 28558471",2 Recámaras | 2 Baños | 244 m 2,https://propiedades.com/inmuebles/casa-en-venta-casa-en-condominio-con-jardin-y-amenidades-en-condesa-condesa-df-28558471#pagina=2&tipos=casas-venta&area=ciudad-de-mexico&pos=3
Ciudad De Mexico,2,"$18,850,000
MXN","Venta casa en Cumbres de Acultzingo, Lomas Altas, Ciudad de México, CDMX, Col. Lomas Altas, Miguel Hidalgo, DF / CDMX, México, C.P. 11950, ID: 30464444",3 Recámaras | 3 Baños | 329 m 2,https://propiedades.com/inmuebles/casa-en-venta-cumbres-de-acultzingo-lomas-altas-ciudad-de-mexico-cdmx-lomas-altas-df-30464444#pagina=2&tipos=casas-venta&area=ciudad-de-mexico&pos=4
Ciudad De Mexico,2,"$3,000,000
MXN","Casa en venta disponible en Los Cipreses, 16810 Ciudad de México, CDMX, Col. Santa Inés, Xochimilco, DF / CDMX, México, C.P. 16810, ID: 30796456",3 Recámaras | 2 Baños | 150 m 2,https://propiedades.com/inmuebles/casa-en-venta-los-cipreses-16810-ciudad-de-mexico-cdmx-santa-ines-df-30796456#pagina=2&tipos=casas-venta&area=ciudad-de-mexico&pos=5
Ciudad De Mexico,2,"$10,399,000
MXN","Casa disponible en venta en Jovellanos, Torres Lindavista, 07708 Ciudad de México, CDMX #17, Col. Torres Lindavista, Gustavo A. Madero, DF / CDMX, México, C.P. 07708, ID: 30723839",3 Recámaras | 2 Baños | 345 m 2,https://propiedades.com/inmuebles/casa-en-venta-jovellanos-torres-lindavista-07708-ciudad-de-mexico-cdmx-17-torres-lindavista-df-30723839#pagina=2&tipos=casas-venta&area=ciudad-de-mexico&pos=6
Ciudad De Mexico,2,"$21,950,000
MXN","Se vende casa en Vito Alessio Robles, Hacienda de Guadalupe Chimalistac, Chimalistac, Ciudad de México, CDMX, Col. Chimalistac, Álvaro Obregón, DF / CDMX, México, C.P. 01070, ID: 30577621",3 Recámaras | 4 Baños | 526 m 2,https://propiedades.com/inmuebles/casa-en-venta-vito-alessio-robles-hacienda-de-guadalupe-chimalistac-chimalistac-ciudad-de-mexico-cdmx-chimalistac-df-30577621#pagina=2&tipos=casas-venta&area=ciudad-de-mexico&pos=7
Ciudad De Mexico,2,"$12,900,000
MXN","Venta casa en Calle Belisario Domínguez, Miguel Hidalgo 1ra Secc, Ciudad de México, CDMX, Col. De Caramagüey, Tlalpan, DF / CDMX, México, C.P. 14267, ID: 30966692",5 Recámaras | 6 Baños | 500 m 2,https://propiedades.com/inmuebles/casa-en-venta-calle-belisario-dominguez-miguel-hidalgo-1ra-secc-ciudad-de-mexico-cdmx-de-caramaguey-df-30966692#pagina=2&tipos=casas-venta&area=ciudad-de-mexico&pos=8
Ciudad De Mexico,2,"$12,000,000
MXN","Se vende casa Av. Canal Nacional, Col. Valle del Sur, Iztapalapa, DF / CDMX, México, C.P. 09819, ID: 26724565",7 Recámaras | 4 Baños | 827 m 2,https://propiedades.com/inmuebles/casa-en-venta-av-canal-nacional-valle-del-sur-df-26724565#pagina=2&tipos=casas-venta&area=ciudad-de-mexico&pos=9
Ciudad De Mexico,2,"$3,500,000
MXN","Se vende casa Nte 80-A, San Pedro el Chico, Ciudad de México, CDMX #s/n, Col. San Pedro El Chico, Gustavo A. Madero, DF / CDMX, México, C.P. 07480, ID: 30962568",3 Recámaras | 2 Baños | 266 m 2,https://propiedades.com/inmuebles/casa-en-venta-nte-80a-san-pedro-el-chico-ciudad-de-mexico-cdmx-sn-san-pedro-el-chico-df-30962568#pagina=2&tipos=casas-venta&area=ciudad-de-mexico&pos=10
Ciudad De Mexico,2,"$14,000,000
MXN","Ocotepec, San Jerónimo Lídice, Ciudad de México, CDMX #s/n, Col. San Jerónimo Lídice, La Magdalena Contreras, DF / CDMX, México, C.P. 10200, ID: 30840196",5 Recámaras | 4 Baños | 480 m 2,https://propiedades.com/inmuebles/casa-en-venta-ocotepec-san-jeronimo-lidice-ciudad-de-mexico-cdmx-sn-san-jeronimo-lidice-df-30840196#pagina=2&tipos=casas-venta&area=ciudad-de-mexico&pos=11
Ciudad De Mexico,2,"$6,800,000
MXN","Casa en venta disponible en Rincón Leones, Bosque del Sur, 16010 Ciudad de México, CDMX, Col. San Bartolo El Chico, Xochimilco, DF / CDMX, México, C.P. 16010, ID: 30638682",3 Recámaras | 4 Baños | 359 m 2,https://propiedades.com/inmuebles/casa-en-venta-rincon-leones-bosque-del-sur-16010-ciudad-de-mexico-cdmx-san-bartolo-el-chico-df-30638682#pagina=2&tipos=casas-venta&area=ciudad-de-mexico&pos=12
Ciudad De Mexico,2,"$8,500,000
MXN","Venta casa en Cuajimalpa, Ciudad de México, CDMX, Col. Cuajimalpa, Cuajimalpa de Morelos, DF / CDMX, México, C.P. 05000, ID: 30651307",3 Recámaras | 2 Baños | 280 m 2,https://propiedades.com/inmuebles/casa-en-venta-cuajimalpa-ciudad-de-mexico-cdmx-cuajimalpa-df-30651307#pagina=2&tipos=casas-venta&area=ciudad-de-mexico&pos=13
Ciudad De Mexico,2,"$24,000,000
MXN","Venta de casa Jardín #s/n, Col. Tlacopac, Álvaro Obregón, DF / CDMX, México, C.P. 01049, ID: 30775282",4 Recámaras | 5 Baños | 538 m 2,https://propiedades.com/inmuebles/casa-en-venta-jardin-sn-tlacopac-df-30775282#pagina=2&tipos=casas-venta&area=ciudad-de-mexico&pos=14
Ciudad De Mexico,2,"$5,100,000
MXN","Venta de casa en Sur 129 #2517, Col. Gabriel Ramos Millán, Iztacalco, DF / CDMX, México, C.P. 08730, ID: 30775163",1 Recámara | 4 Baños | 389 m 2,https://propiedades.com/inmuebles/casa-en-venta-sur-129-2517-gabriel-ramos-millan-df-30775163#pagina=2&tipos=casas-venta&area=ciudad-de-mexico&pos=15
Ciudad De Mexico,2,"$19,000,000
MXN","Venta de casa Amores #s/n, Col. Del Valle Sur, Benito Juárez, DF / CDMX, México, C.P. 03104, ID: 30775267",5 Recámaras | 5 Baños | 338 m 2,https://propiedades.com/inmuebles/casa-en-venta-amores-sn-del-valle-sur-df-30775267#pagina=2&tipos=casas-venta&area=ciudad-de-mexico&pos=16
Ciudad De Mexico,2,"$13,200,000
MXN","Venta casa en Av San Buenaventura #140, Col. Club de Golf México, Tlalpan, DF / CDMX, México, C.P. 14620, ID: 29830890",4 Recámaras | 3 Baños | 371 m 2,https://propiedades.com/inmuebles/casa-en-venta-av-san-buenaventura-140-club-de-golf-mexico-df-29830890#pagina=2&tipos=casas-venta&area=ciudad-de-mexico&pos=17
Ciudad De Mexico,2,"$7,700,000
MXN","Venta de casa Country Club 156, Country Club Churubusco, Coyoacán, 04210 Ciudad de México, CDMX #156, Col. Churubusco Country Club, Coyoacán, DF / CDMX, México, C.P. 04210, ID: 30696703",3 Recámaras | 3 Baños | 200 m 2,https://propiedades.com/inmuebles/casa-en-venta-country-club-156-country-club-churubusco-coyoacan-04210-ciudad-de-mexico-cdmx-156-churubusco-country-club-df-30696703#pagina=2&tipos=casas-venta&area=ciudad-de-mexico&pos=18
Ciudad De Mexico,2,"$24,900,000
MXN","Casa disponible en venta en Pino, Col. Florida, Álvaro Obregón, DF / CDMX, México, C.P. 01030, ID: 27926439",3 Recámaras | 3 Baños | 326 m 2,https://propiedades.com/inmuebles/casa-en-venta-pino-florida-df-27926439#pagina=2&tipos=casas-venta&area=ciudad-de-mexico&pos=19
Ciudad De Mexico,2,"$4,100,000
MXN","Venta de casa Kantunil, Col. Pedregal de San Nicolás 2A Sección, Tlalpan, DF / CDMX, México, C.P. 14100, ID: 30775323",4 Recámaras | 1 Baño | 145 m 2,https://propiedades.com/inmuebles/casa-en-venta-kantunil-pedregal-de-san-nicolas-2a-seccion-df-30775323#pagina=2&tipos=casas-venta&area=ciudad-de-mexico&pos=20
Ciudad De Mexico,2,"$79,000,000
MXN","Av. de los Poetas 100 Delegaciones, San Mateo Tlaltenango, Cuajimalpa de Morelos, 05348 Ciudad de Mé, Col. Santa Fe Cuajimalpa, Cuajimalpa de Morelos, DF / CDMX, México, C.P. 05348, ID: 30448442",5 Recámaras | 5 Baños | 1000 m 2,https://propiedades.com/inmuebles/casa-en-venta-av-de-los-poetas-100-delegaciones-san-mateo-tlaltenango-cuajimalpa-de-morelos-05348-ciudad-de-me-santa-fe-cuajimalpa-df-30448442#pagina=2&tipos=casas-venta&area=ciudad-de-mexico&pos=21
Ciudad De Mexico,2,"$4,380,000
MXN","Camino del Éxito 44 #44, Col. Campestre Aragón, Gustavo A. Madero, DF / CDMX, México, C.P. 07530, ID: 29484684",4 Recámaras | 2 Baños | 167 m 2,https://propiedades.com/inmuebles/casa-en-venta-camino-del-exito-44-44-campestre-aragon-df-29484684#pagina=2&tipos=casas-venta&area=ciudad-de-mexico&pos=22
Ciudad De Mexico,2,"$3,500,000
MXN","Belvedere, 14720 Ciudad de México, CDMX, Col. Belvedere Ajusco, Tlalpan, DF / CDMX, México, C.P. 14720, ID: 30445178",3 Recámaras | 2 Baños | 213 m 2,https://propiedades.com/inmuebles/casa-en-venta-belvedere-14720-ciudad-de-mexico-cdmx-belvedere-ajusco-df-30445178#pagina=2&tipos=casas-venta&area=ciudad-de-mexico&pos=23
Ciudad De Mexico,2,"$9,450,000
MXN","Venta de casa en José de Teresa #47Int. 1, Col. San Angel, Álvaro Obregón, DF / CDMX, México, C.P. 01000, ID: 28808380",3 Recámaras | 3 Baños | 177 m 2,https://propiedades.com/inmuebles/casa-en-venta-jose-de-teresa-47-san-angel-df-28808380#pagina=2&tipos=casas-venta&area=ciudad-de-mexico&pos=24
Ciudad De Mexico,2,"$8,200,000
MXN","Venta de casa Calzada de las Águilas , Col. Villa Verdún, Álvaro Obregón, DF / CDMX, México, C.P. 01810, ID: 28666085",3 Recámaras | 2 Baños | 297 m 2,https://propiedades.com/inmuebles/casa-en-venta-calzada-de-las-aguilas-villa-verdun-df-28666085#pagina=2&tipos=casas-venta&area=ciudad-de-mexico&pos=25
Ciudad De Mexico,2,"$8,250,000
MXN","Casa en venta disponible en C. Palenque 556, Letran Valle, Benito Juárez, 03650 Ciudad de México, CDMX #556, Col. Letrán Valle, Benito Juárez, DF / CDMX, México, C.P. 03650, ID: 30600673",4 Recámaras | 3 Baños | 183 m 2,https://propiedades.com/inmuebles/casa-en-venta-c-palenque-556-letran-valle-benito-juarez-03650-ciudad-de-mexico-cdmx-556-letran-valle-df-30600673#pagina=2&tipos=casas-venta&area=ciudad-de-mexico&pos=26
Ciudad De Mexico,2,"$19,990,000
MXN","Casa disponible en venta en Medano 12 #12, Col. Insurgentes Cuicuilco, Coyoacán, DF / CDMX, México, C.P. 04530, ID: 28666052",3 Recámaras | 5 Baños | 589 m 2,https://propiedades.com/inmuebles/casa-en-venta-medano-12-12-insurgentes-cuicuilco-df-28666052#pagina=2&tipos=casas-venta&area=ciudad-de-mexico&pos=27
Ciudad De Mexico,2,"$2,160,000
MXN","Se vende casa en Sierra Madre Oriental 140, Pradera I Secc, Gustavo A. Madero, 07500 Ciudad de México, CDMX #140, Col. La Pradera, Gustavo A. Madero, DF / CDMX, México, C.P. 07500, ID: 30473322",3 Recámaras | 2 Baños | 146 m 2,https://propiedades.com/inmuebles/casa-en-venta-sierra-madre-oriental-140-pradera-i-secc-gustavo-a-madero-07500-ciudad-de-mexico-cdmx-140-la-pradera-df-30473322#pagina=2&tipos=casas-venta&area=ciudad-de-mexico&pos=28
Ciudad De Mexico,2,"$2,850,000
MXN","3 casimiro del valle, Col. Unidad Vicente Guerrero, Iztapalapa, DF / CDMX, México, C.P. 09200, ID: 30585203",4 Recámaras | 3 Baños | 207 m 2,https://propiedades.com/inmuebles/casa-en-venta-3-casimiro-del-valle-unidad-vicente-guerrero-df-30585203#pagina=2&tipos=casas-venta&area=ciudad-de-mexico&pos=29
Ciudad De Mexico,2,"$21,200,000
MXN","Casa disponible en venta en Blvd. Cataratas, Jardines del Pedregal de San Ángel, Ciudad de México, CDMX, Col. Jardines del Pedregal, Álvaro Obregón, DF / CDMX, México, C.P. 01900, ID: 30724449",3 Recámaras | 5 Baños | 522 m 2,https://propiedades.com/inmuebles/casa-en-venta-blvd-cataratas-jardines-del-pedregal-de-san-angel-ciudad-de-mexico-cdmx-jardines-del-pedregal-df-30724449#pagina=2&tipos=casas-venta&area=ciudad-de-mexico&pos=30
Ciudad De Mexico,2,"$11,400,000
MXN","José María Castorena, El Molino, Ciudad de México, CDMX #579Int. 11, Col. El Molino, Cuajimalpa de Morelos, DF / CDMX, México, C.P. 05240, ID: 30581006",3 Recámaras | 3 Baños | 282 m 2,https://propiedades.com/inmuebles/casa-en-venta-jose-maria-castorena-el-molino-ciudad-de-mexico-cdmx-579-el-molino-df-30581006#pagina=2&tipos=casas-venta&area=ciudad-de-mexico&pos=31
Ciudad De Mexico,2,"$6,650,000
MXN","Venta de casa en Ing Manuel Marroquín y Rivera , Col. Guadalupe Insurgentes, Gustavo A. Madero, DF / CDMX, México, C.P. 07870, ID: 27428408",2 Recámaras | 1 Baño | 160 m 2,https://propiedades.com/inmuebles/casa-en-venta-ing-manuel-marroquin-y-rivera-guadalupe-insurgentes-df-27428408#pagina=2&tipos=casas-venta&area=ciudad-de-mexico&pos=32
Ciudad De Mexico,2,"$7,000,000
MXN","Casa en venta, Hacienda San Diego Los Padres Coapa, Villa Quietud, Coyoacán, 04960 Ciudad de México, CDMX #s/n, Col. Villa Quietud, Coyoacán, DF / CDMX, México, C.P. 04960, ID: 30545310",4 Recámaras | 3 Baños | 217 m 2,https://propiedades.com/inmuebles/casa-en-venta-hacienda-san-diego-los-padres-coapa-villa-quietud-coyoacan-04960-ciudad-de-mexico-cdmx-sn-villa-quietud-df-30545310#pagina=2&tipos=casas-venta&area=ciudad-de-mexico&pos=33
Ciudad De Mexico,2,"$33,500,000
MXN","Casa disponible en venta en Emerson, Col. Polanco V Sección, Miguel Hidalgo, DF / CDMX, México, C.P. 11560, ID: 28912052",3 Recámaras | 3 Baños | 397 m 2,https://propiedades.com/inmuebles/casa-en-venta-emerson-polanco-v-seccion-df-28912052#pagina=2&tipos=casas-venta&area=ciudad-de-mexico&pos=34
Ciudad De Mexico,2,"$28,000,000
MXN","Bosque de Zapotes 226, Bosque de las Lomas, Miguel Hidalgo, 11700 Ciudad de México, CDMX #226, Col. Bosque de las Lomas, Miguel Hidalgo, DF / CDMX, México, C.P. 11700, ID: 30389944",5 Recámaras | 6 Baños | 910 m 2,https://propiedades.com/inmuebles/casa-en-venta-bosque-de-zapotes-226-bosque-de-las-lomas-miguel-hidalgo-11700-ciudad-de-mexico-cdmx-226-bosque-de-las-lomas-df-30389944#pagina=2&tipos=casas-venta&area=ciudad-de-mexico&pos=35
Ciudad De Mexico,2,"$18,500,000
MXN","Pinares 43, Coapa, Granjas Coapa, Tlalpan, 14330 Ciudad de México, CDMX #43, Col. Granjas Coapa, Tlalpan, DF / CDMX, México, C.P. 14330, ID: 30563893",7 Recámaras | 5 Baños | 617 m 2,https://propiedades.com/inmuebles/casa-en-venta-pinares-43-coapa-granjas-coapa-tlalpan-14330-ciudad-de-mexico-cdmx-43-granjas-coapa-df-30563893#pagina=2&tipos=casas-venta&area=ciudad-de-mexico&pos=36
Ciudad De Mexico,2,"$8,000,000
MXN","Venta de casa C. Tierra Blanca 64, Tierra Nueva, Azcapotzalco, 02130 Ciudad de México, CDMX #64, Col. Tierra Nueva, Azcapotzalco, DF / CDMX, México, C.P. 02130, ID: 30554828",3 Recámaras | 2 Baños | 174 m 2,https://propiedades.com/inmuebles/casa-en-venta-c-tierra-blanca-64-tierra-nueva-azcapotzalco-02130-ciudad-de-mexico-cdmx-64-tierra-nueva-df-30554828#pagina=2&tipos=casas-venta&area=ciudad-de-mexico&pos=37
Ciudad De Mexico,2,"$3,000,000
MXN","Casa en venta disponible en Río Balsas, Col. Valle de San Lorenzo, Iztapalapa, DF / CDMX, México, C.P. 09970, ID: 29508222",9 Recámaras | 2 Baños | 362 m 2,https://propiedades.com/inmuebles/casa-en-venta-rio-balsas-valle-de-san-lorenzo-df-29508222#pagina=2&tipos=casas-venta&area=ciudad-de-mexico&pos=38
Ciudad De Mexico,2,"$2,750,000
MXN","Venta de casa en Villa Florida 19 #19, Col. Desarrollo Urbano Quetzalcoatl, Iztapalapa, DF / CDMX, México, C.P. 09700, ID: 29753057",5 Recámaras | 2 Baños | 200 m 2,https://propiedades.com/inmuebles/casa-en-venta-villa-florida-19-19-desarrollo-urbano-quetzalcoatl-df-29753057#pagina=2&tipos=casas-venta&area=ciudad-de-mexico&pos=39
Ciudad De Mexico,2,"$26,000,000
MXN","Casa en venta disponible en Creston 376A, Jardines del Pedregal, Álvaro Obregón, 01900 Ciudad de México, CDMX #376A, Col. Jardines del Pedregal, Álvaro Obregón, DF / CDMX, México, C.P. 01900, ID: 30464210",7 Recámaras | 6 Baños | 1000 m 2,https://propiedades.com/inmuebles/casa-en-venta-creston-376a-jardines-del-pedregal-alvaro-obregon-01900-ciudad-de-mexico-cdmx-376a-jardines-del-pedregal-df-30464210#pagina=2&tipos=casas-venta&area=ciudad-de-mexico&pos=40
Ciudad De Mexico,2,"$6,799,000
MXN","Venta de casa Oriente 28 #3755, Col. Merced Balbuena, Venustiano Carranza, DF / CDMX, México, C.P. 15810, ID: 30676685",7 Recámaras | 3 Baños | 320 m 2,https://propiedades.com/inmuebles/casa-en-venta-oriente-28-3755-merced-balbuena-df-30676685#pagina=2&tipos=casas-venta&area=ciudad-de-mexico&pos=41
Ciudad De Mexico,2,"$29,000,000
MXN","Venta de casa en Etna #42, Col. Los Alpes, Álvaro Obregón, DF / CDMX, México, C.P. 01010, ID: 26479248",4 Recámaras | 2 Baños | 684 m 2,https://propiedades.com/inmuebles/casa-en-venta-etna-42-los-alpes-df-26479248#pagina=2&tipos=casas-venta&area=ciudad-de-mexico&pos=42
Ciudad De Mexico,2,"$11,850,000
MXN","Casa en venta disponible en Agricultura #18, Col. Federal, Venustiano Carranza, DF / CDMX, México, C.P. 15700, ID: 30396726",3 Recámaras | 1 Baño | 259 m 2,https://propiedades.com/inmuebles/casa-en-venta-agricultura-18-federal-df-30396726#pagina=2&tipos=casas-venta&area=ciudad-de-mexico&pos=43
Ciudad De Mexico,2,"$7,600,000
MXN","Venta casa en Emperadores Aztecas 76, San Pedro Iztacalco, Iztacalco, 08220 Ciudad de México, CDMX #s/n, Col. San Pedro, Iztacalco, DF / CDMX, México, C.P. 08220, ID: 30411727",5 Recámaras | 3 Baños | 280 m 2,https://propiedades.com/inmuebles/casa-en-venta-emperadores-aztecas-76-san-pedro-iztacalco-iztacalco-08220-ciudad-de-mexico-cdmx-sn-san-pedro-df-30411727#pagina=2&tipos=casas-venta&area=ciudad-de-mexico&pos=44
Ciudad De Mexico,2,"$12,500,000
MXN","Casa en venta, De La Neblina 40, Acueducto de Guadalupe, Gustavo A. Madero, 07790 Ciudad de México, CDMX #40, Col. Acueducto de Guadalupe, Gustavo A. Madero, DF / CDMX, México, C.P. 07279, ID: 30373236",4 Recámaras | 4 Baños | 340 m 2,https://propiedades.com/inmuebles/casa-en-venta-de-la-neblina-40-acueducto-de-guadalupe-gustavo-a-madero-07790-ciudad-de-mexico-cdmx-40-acueducto-de-guadalupe-df-30373236#pagina=2&tipos=casas-venta&area=ciudad-de-mexico&pos=45
Ciudad De Mexico,2,"$9,500,000
MXN","Se vende casa Ezequiel A. Chávez 15 #15, Col. Copilco El Alto, Coyoacán, DF / CDMX, México, C.P. 04360, ID: 28982742",5 Recámaras | 5 Baños | 329 m 2,https://propiedades.com/inmuebles/casa-en-venta-ezequiel-a-chavez-15-15-copilco-el-alto-df-28982742#pagina=2&tipos=casas-venta&area=ciudad-de-mexico&pos=46
Ciudad De Mexico,2,"$9,990,000
MXN","Casa disponible en venta en Mariano Matamoros #s/n, Col. Tlalpan Centro, Tlalpan, DF / CDMX, México, C.P. 14000, ID: 29312455",3 Recámaras | 5 Baños | 320 m 2,https://propiedades.com/inmuebles/casa-en-venta-mariano-matamoros-sn-tlalpan-centro-df-29312455#pagina=2&tipos=casas-venta&area=ciudad-de-mexico&pos=47
Ciudad De Mexico,3,"$10,990,000
MXN","Casa en venta disponible en Barranquilla, Lindavista Nte., 07300 Ciudad de México, CDMX, Col. Lindavista Norte, Gustavo A. Madero, DF / CDMX, México, C.P. 07300, ID: 30594765",4 Recámaras | 3 Baños | 280 m 2,https://propiedades.com/inmuebles/casa-en-venta-barranquilla-lindavista-nte-07300-ciudad-de-mexico-cdmx-lindavista-norte-df-30594765#pagina=3&tipos=casas-venta&area=ciudad-de-mexico&pos=1
Ciudad De Mexico,3,"$7,000,000
MXN","Casa en venta disponible en Avenida Tesmic, Col. Texmic, Xochimilco, DF / CDMX, México, C.P. 16340, ID: 29760052",3 Recámaras | 3 Baños | 243 m 2,https://propiedades.com/inmuebles/casa-en-venta-avenida-tesmic-texmic-df-29760052#pagina=3&tipos=casas-venta&area=ciudad-de-mexico&pos=2
Ciudad De Mexico,3,"$5,600,000
MXN","Venta casa en Rancho Calichal 6, Coapa, Nueva Oriental Coapa, Tlalpan, 14300 Ciudad de México, CDMX #6, Col. Nueva Oriental Coapa, Tlalpan, DF / CDMX, México, C.P. 14300, ID: 30810154",3 Recámaras | 2 Baños | 195 m 2,https://propiedades.com/inmuebles/casa-en-venta-rancho-calichal-6-coapa-nueva-oriental-coapa-tlalpan-14300-ciudad-de-mexico-cdmx-6-nueva-oriental-coapa-df-30810154#pagina=3&tipos=casas-venta&area=ciudad-de-mexico&pos=3
Ciudad De Mexico,3,"$40,000,000
MXN","Casa en venta, Bosque de Bugambilias 412, Bosques de las Lomas, Cuajimalpa de Morelos, 05120 Ciudad de México, CDMX #412, Col. Bosques de las Lomas, Cuajimalpa de Morelos, DF / CDMX, México, C.P. 05120, ID: 30555536",4 Recámaras | 4 Baños | 980 m 2,https://propiedades.com/inmuebles/casa-en-venta-bosque-de-bugambilias-412-bosques-de-las-lomas-cuajimalpa-de-morelos-05120-ciudad-de-mexico-cdmx-412-bosques-de-las-lomas-df-30555536#pagina=3&tipos=casas-venta&area=ciudad-de-mexico&pos=4
Ciudad De Mexico,3,"$3,000,000
MXN","Venta de casa Del Rosal #7, Col. Lomas de La Era, Álvaro Obregón, DF / CDMX, México, C.P. 01860, ID: 29779373",7 Recámaras | 4 Baños | 250 m 2,https://propiedades.com/inmuebles/casa-en-venta-del-rosal-7-lomas-de-la-era-df-29779373#pagina=3&tipos=casas-venta&area=ciudad-de-mexico&pos=5
Ciudad De Mexico,3,"$7,000,000
MXN","1a. Cda. Corceles, Colina del Sur, 01430 Ciudad de México, CDMX, Col. Colina del Sur, Álvaro Obregón, DF / CDMX, México, C.P. 01430, ID: 30517302",6 Recámaras | 5 Baños | 228 m 2,https://propiedades.com/inmuebles/casa-en-venta-1a-cda-corceles-colina-del-sur-01430-ciudad-de-mexico-cdmx-colina-del-sur-df-30517302#pagina=3&tipos=casas-venta&area=ciudad-de-mexico&pos=6
Ciudad De Mexico,3,"$11,500,000
MXN","Venta de casa Guantánamo, Torres Lindavista, 07708 Ciudad de México, CDMX, Col. Torres Lindavista, Gustavo A. Madero, DF / CDMX, México, C.P. 07708, ID: 30367331",3 Recámaras | 2 Baños | 200 m 2,https://propiedades.com/inmuebles/casa-en-venta-guantanamo-torres-lindavista-07708-ciudad-de-mexico-cdmx-torres-lindavista-df-30367331#pagina=3&tipos=casas-venta&area=ciudad-de-mexico&pos=7
Ciudad De Mexico,3,"$4,600,000
MXN","Venta de casa Francisco Landino 67 #67, Col. Santa Ana Centro, Tláhuac, DF / CDMX, México, C.P. 13300, ID: 30053141",3 Recámaras | 2 Baños | 130 m 2,https://propiedades.com/inmuebles/casa-en-venta-francisco-landino-67-67-santa-ana-centro-df-30053141#pagina=3&tipos=casas-venta&area=ciudad-de-mexico&pos=8
Ciudad De Mexico,3,"$8,500,000
MXN","Venta de casa en Rubi 4, Valle Escondido, Tlalpan, 14600 Ciudad de México, CDMX #4, Col. Valle Escondido, Tlalpan, DF / CDMX, México, C.P. 14600, ID: 30367300",4 Recámaras | 3 Baños | 380 m 2,https://propiedades.com/inmuebles/casa-en-venta-rubi-4-valle-escondido-tlalpan-14600-ciudad-de-mexico-cdmx-4-valle-escondido-df-30367300#pagina=3&tipos=casas-venta&area=ciudad-de-mexico&pos=9
Ciudad De Mexico,3,"$9,100,000
MXN","Se vende casa en José Revueltas 290, Villa de Cortés, Benito Juárez, 03530 De Cortés, CDMX #290, Col. Villa de Cortes, Benito Juárez, DF / CDMX, México, C.P. 03530, ID: 30229645",4 Recámaras | 2 Baños | 340 m 2,https://propiedades.com/inmuebles/casa-en-venta-jose-revueltas-290-villa-de-cortes-benito-juarez-03530-de-cortes-cdmx-290-villa-de-cortes-df-30229645#pagina=3&tipos=casas-venta&area=ciudad-de-mexico&pos=10
Ciudad De Mexico,3,"$7,150,000
MXN","Reno 16 #16, Col. Granjas Cabrera, Tláhuac, DF / CDMX, México, C.P. 13230, ID: 30072214",2 Recámaras | 2 Baños | 350 m 2,https://propiedades.com/inmuebles/casa-en-venta-reno-16-16-granjas-cabrera-df-30072214#pagina=3&tipos=casas-venta&area=ciudad-de-mexico&pos=11
Ciudad De Mexico,3,"$13,500,000
MXN","Casa disponible en venta en Cto. Fuentes del Pedregal, Fuentes del Pedregal, 14140 Ciudad de México, CDMX, Col. Fuentes del Pedregal, Tlalpan, DF / CDMX, México, C.P. 14140, ID: 30533963",4 Recámaras | 3 Baños | 329 m 2,https://propiedades.com/inmuebles/casa-en-venta-cto-fuentes-del-pedregal-fuentes-del-pedregal-14140-ciudad-de-mexico-cdmx-fuentes-del-pedregal-df-30533963#pagina=3&tipos=casas-venta&area=ciudad-de-mexico&pos=12
Ciudad De Mexico,3,"$3,999,000
MXN","Casa en venta disponible en Salvador allende #50, Col. Torres de Potrero, Álvaro Obregón, DF / CDMX, México, C.P. 01840, ID: 29422064",3 Recámaras | 2 Baños | 115 m 2,https://propiedades.com/inmuebles/casa-en-venta-salvador-allende-50-torres-de-potrero-df-29422064#pagina=3&tipos=casas-venta&area=ciudad-de-mexico&pos=13
Ciudad De Mexico,3,"$29,000,000
MXN","Fernández Leal 71, La Concepción, Coyoacán, 04020 Ciudad de México, CDMX #71, Col. Barrio La Concepción, Coyoacán, DF / CDMX, México, C.P. 04020, ID: 30570143",4 Recámaras | 4 Baños | 475 m 2,https://propiedades.com/inmuebles/casa-en-venta-fernandez-leal-71-la-concepcion-coyoacan-04020-ciudad-de-mexico-cdmx-71-barrio-la-concepcion-df-30570143#pagina=3&tipos=casas-venta&area=ciudad-de-mexico&pos=14
Ciudad De Mexico,3,"$41,000,000
MXN","Av Loma de la Palma #163, Col. Lomas de Vista Hermosa, Cuajimalpa de Morelos, DF / CDMX, México, C.P. 05100, ID: 29396328",4 Recámaras | 4 Baños | 466 m 2,https://propiedades.com/inmuebles/casa-en-venta-av-loma-de-la-palma-163-lomas-de-vista-hermosa-df-29396328#pagina=3&tipos=casas-venta&area=ciudad-de-mexico&pos=15
Ciudad De Mexico,3,"$8,990,000
MXN","Venta de casa Calle 13 #39, Col. Club de Golf México, Tlalpan, DF / CDMX, México, C.P. 14620, ID: 29981502",3 Recámaras | 3 Baños | 291 m 2,https://propiedades.com/inmuebles/casa-en-venta-calle-13-39-club-de-golf-mexico-df-29981502#pagina=3&tipos=casas-venta&area=ciudad-de-mexico&pos=16
Ciudad De Mexico,3,"$42,000,000
MXN","Casa en venta, Av. Francisco Sosa 58, Santa Catarina, Coyoacán, 04100 Ciudad de México, CDMX #58, Col. Santa Catarina, Coyoacán, DF / CDMX, México, C.P. 04010, ID: 30611776",5 Recámaras | 5 Baños | 673 m 2,https://propiedades.com/inmuebles/casa-en-venta-av-francisco-sosa-58-santa-catarina-coyoacan-04100-ciudad-de-mexico-cdmx-58-santa-catarina-df-30611776#pagina=3&tipos=casas-venta&area=ciudad-de-mexico&pos=17
Ciudad De Mexico,3,"$6,100,000
MXN","Venta de casa Aspiros #16, Col. Sindicato Mexicano de Electricistas, Azcapotzalco, DF / CDMX, México, C.P. 02060, ID: 30619443",4 Recámaras | 2 Baños | 175 m 2,https://propiedades.com/inmuebles/casa-en-venta-aspiros-16-sindicato-mexicano-de-electricistas-df-30619443#pagina=3&tipos=casas-venta&area=ciudad-de-mexico&pos=18
Ciudad De Mexico,3,"$2,222,222
MXN","Casa en venta disponible en México #32Int. 22, Col. 19 de Mayo, Álvaro Obregón, DF / CDMX, México, C.P. 01504, ID: 30615687",3 Recámaras | 3 Baños | 50 m 2,https://propiedades.com/inmuebles/casa-en-venta-mexico-32-19-de-mayo-df-30615687#pagina=3&tipos=casas-venta&area=ciudad-de-mexico&pos=19
Ciudad De Mexico,3,"$7,750,000
MXN","Sur 65-A, Col. Viaducto Piedad, Iztacalco, DF / CDMX, México, C.P. 08200, ID: 29498504",4 Recámaras | 3 Baños | 305 m 2,https://propiedades.com/inmuebles/casa-en-venta-sur-65a-viaducto-piedad-df-29498504#pagina=3&tipos=casas-venta&area=ciudad-de-mexico&pos=20
Ciudad De Mexico,3,"$9,300,000
MXN","Infantería de Marina 8, Lomas del Chamizal, Cuajimalpa de Morelos, 05129 Ciudad de México, CDMX #8, Col. Lomas del Chamizal, Cuajimalpa de Morelos, DF / CDMX, México, C.P. 05129, ID: 30220074",3 Recámaras | 3 Baños | 300 m 2,https://propiedades.com/inmuebles/casa-en-venta-infanteria-de-marina-8-lomas-del-chamizal-cuajimalpa-de-morelos-05129-ciudad-de-mexico-cdmx-8-lomas-del-chamizal-df-30220074#pagina=3&tipos=casas-venta&area=ciudad-de-mexico&pos=21
Ciudad De Mexico,3,"$770,343
MXN","Venta casa en Calle Ing. José J. Reynoso 69, Constitución de 1917, Iztapalapa, 09260 Ciudad de México, CDMX #69, Col. Constitución de 1917, Iztapalapa, DF / CDMX, México, C.P. 09260, ID: 30466885",3 Recámaras | 2 Baños | 153 m 2,https://propiedades.com/inmuebles/casa-en-venta-calle-ing-jose-j-reynoso-69-constitucion-de-1917-iztapalapa-09260-ciudad-de-mexico-cdmx-69-constitucion-de-1917-df-30466885#pagina=3&tipos=casas-venta&area=ciudad-de-mexico&pos=22
Ciudad De Mexico,3,"$2,000,000
USD","Bosque de las Lomas, Col. Bosque de las Lomas, Miguel Hidalgo, DF / CDMX, México, C.P. 11700, ID: 30153137",1 Recámara | 1 Baño | 800 m 2,https://propiedades.com/inmuebles/casa-en-venta-bosque-de-las-lomas-bosque-de-las-lomas-df-30153137#pagina=3&tipos=casas-venta&area=ciudad-de-mexico&pos=23
Ciudad De Mexico,3,"$869,321
MXN","Casa en venta, Gregorio Sosa 47, Consejo Agrarista Mexicano, Iztapalapa, 09760 Ciudad de México, CDMX #47, Col. Consejo Agrarista Mexicano, Iztapalapa, DF / CDMX, México, C.P. 09760, ID: 30466881",3 Recámaras | 2 Baños | 144 m 2,https://propiedades.com/inmuebles/casa-en-venta-gregorio-sosa-47-consejo-agrarista-mexicano-iztapalapa-09760-ciudad-de-mexico-cdmx-47-consejo-agrarista-mexicano-df-30466881#pagina=3&tipos=casas-venta&area=ciudad-de-mexico&pos=24
Ciudad De Mexico,3,"$4,150,000
MXN","Venta casa en CANARIO #8, Col. Artes Graficas, Venustiano Carranza, DF / CDMX, México, C.P. 15830, ID: 28684725",1 Recámara | 1 Baño | 203 m 2,https://propiedades.com/inmuebles/casa-en-venta-canario-8-artes-graficas-df-28684725#pagina=3&tipos=casas-venta&area=ciudad-de-mexico&pos=25
Ciudad De Mexico,3,"$5,500,000
MXN","Casa en venta, Cam. de la Unión ""A"", Providencia, Ciudad de México, CDMX, Col. Providencia, Gustavo A. Madero, DF / CDMX, México, C.P. 07550, ID: 30980768",3 Recámaras | 2 Baños | 233 m 2,https://propiedades.com/inmuebles/casa-en-venta-cam-de-la-union-a-providencia-ciudad-de-mexico-cdmx-providencia-df-30980768#pagina=3&tipos=casas-venta&area=ciudad-de-mexico&pos=26
Ciudad De Mexico,3,"$8,950,000
MXN","Venta de casa en CERRO DE LA CARBONERA #s/n, Col. Campestre Churubusco, Coyoacán, DF / CDMX, México, C.P. 04200, ID: 30513310",4 Recámaras | 5 Baños | 313 m 2,https://propiedades.com/inmuebles/casa-en-venta-cerro-de-la-carbonera-sn-campestre-churubusco-df-30513310#pagina=3&tipos=casas-venta&area=ciudad-de-mexico&pos=27
Ciudad De Mexico,3,"$12,500,000
MXN","Venta de casa en Mayapan, Jardines del Ajusco, 14200 Ciudad de México, CDMX #215Int. XX, Col. Jardines del Ajusco, Tlalpan, DF / CDMX, México, C.P. 14200, ID: 31000637",4 Recámaras | 4 Baños | 449 m 2,https://propiedades.com/inmuebles/casa-en-venta-mayapan-jardines-del-ajusco-14200-ciudad-de-mexico-cdmx-215-jardines-del-ajusco-df-31000637#pagina=3&tipos=casas-venta&area=ciudad-de-mexico&pos=28
Ciudad De Mexico,3,"$15,500,000
MXN","Petén 53, Narvarte Oriente, Benito Juárez, 03023 Ciudad de México, CDMX #53, Col. Unidad Narvarte IMSS, Benito Juárez, DF / CDMX, México, C.P. 03023, ID: 31014536",5 Recámaras | 3 Baños | 270 m 2,https://propiedades.com/inmuebles/casa-en-venta-peten-53-narvarte-oriente-benito-juarez-03023-ciudad-de-mexico-cdmx-53-unidad-narvarte-imss-df-31014536#pagina=3&tipos=casas-venta&area=ciudad-de-mexico&pos=29
Ciudad De Mexico,3,"$74,082,000
MXN","Se vende casa Juan O'donojú 171 #171, Col. Lomas de Chapultepec V Sección, Miguel Hidalgo, DF / CDMX, México, C.P. 11000, ID: 30031012",9 Recámaras | 5 Baños | 736 m 2,
Ciudad De Mexico,3,"$11,800,000
MXN","Casa en venta, Manuel López Cotilla, Col del Valle Centro, Ciudad de México, CDMX, Col. Del Valle Centro, Benito Juárez, DF / CDMX, México, C.P. 03100, ID: 30600820",3 Recámaras | 4 Baños | 238 m 2,https://propiedades.com/inmuebles/casa-en-venta-manuel-lopez-cotilla-col-del-valle-centro-ciudad-de-mexico-cdmx-del-valle-centro-df-30600820#pagina=3&tipos=casas-venta&area=ciudad-de-mexico&pos=31
Ciudad De Mexico,3,"$5,500,000
MXN","Se vende casa en Eje 4 Ote 10, San José Aculco, Iztapalapa, 09410 Ciudad de México, CDMX #10, Col. San José Aculco, Iztapalapa, DF / CDMX, México, C.P. 09410, ID: 31004846",5 Recámaras | 3 Baños | 302 m 2,https://propiedades.com/inmuebles/casa-en-venta-eje-4-ote-10-san-jose-aculco-iztapalapa-09410-ciudad-de-mexico-cdmx-10-san-jose-aculco-df-31004846#pagina=3&tipos=casas-venta&area=ciudad-de-mexico&pos=32
Ciudad De Mexico,3,"$15,000,000
MXN","Venta de casa en Camino Sta. Teresa, Jardines del Pedregal, Ciudad de México, CDMX, Col. Jardines del Pedregal de San Ángel, Coyoacán, DF / CDMX, México, C.P. 04500, ID: 30864028",4 Recámaras | 3 Baños | 370 m 2,https://propiedades.com/inmuebles/casa-en-venta-camino-sta-teresa-jardines-del-pedregal-ciudad-de-mexico-cdmx-jardines-del-pedregal-de-san-angel-df-30864028#pagina=3&tipos=casas-venta&area=ciudad-de-mexico&pos=33
Ciudad De Mexico,3,"$10,950,000
MXN","Casa en venta disponible en Cruz Verde, Col. San Nicolás Totolapan, La Magdalena Contreras, DF / CDMX, México, C.P. 10900, ID: 28899773",3 Recámaras | 3 Baños | 329 m 2,https://propiedades.com/inmuebles/casa-en-venta-cruz-verde-san-nicolas-totolapan-df-28899773#pagina=3&tipos=casas-venta&area=ciudad-de-mexico&pos=34
Ciudad De Mexico,3,"$8,800,000
MXN","Casa en venta disponible en Tajín #s/n, Col. Unidad Narvarte IMSS, Benito Juárez, DF / CDMX, México, C.P. 03023, ID: 29790675",10 Recámaras | 3 Baños | 360 m 2,https://propiedades.com/inmuebles/casa-en-venta-tajin-sn-unidad-narvarte-imss-df-29790675#pagina=3&tipos=casas-venta&area=ciudad-de-mexico&pos=35
Ciudad De Mexico,3,"$590,000
MXN","Campo Guiro 42 #42, Col. San Antonio, Azcapotzalco, DF / CDMX, México, C.P. 02720, ID: 29069251",3 Recámaras | 2 Baños | 150 m 2,https://propiedades.com/inmuebles/casa-en-venta-campo-guiro-42-42-san-antonio-df-29069251#pagina=3&tipos=casas-venta&area=ciudad-de-mexico&pos=36
Ciudad De Mexico,3,"$12,900,000
MXN","Venta de casa en Callao, 07300 Ciudad de México, CDMX, Col. Lindavista Norte, Gustavo A. Madero, DF / CDMX, México, C.P. 07300, ID: 30844495",3 Recámaras | 3 Baños | 260 m 2,https://propiedades.com/inmuebles/casa-en-venta-callao-07300-ciudad-de-mexico-cdmx-lindavista-norte-df-30844495#pagina=3&tipos=casas-venta&area=ciudad-de-mexico&pos=37
Ciudad De Mexico,3,"$500,000
MXN","Venta casa en Don Refugio 16, Coapa, Coapa 2da Secc, Tlalpan, 14326 Ciudad de México, CDMX #16, Col. Tenorios INFONAVIT, Tlalpan, DF / CDMX, México, C.P. 14326, ID: 30312782",4 Recámaras | 2 Baños | 220 m 2,https://propiedades.com/inmuebles/casa-en-venta-don-refugio-16-coapa-coapa-2da-secc-tlalpan-14326-ciudad-de-mexico-cdmx-16-tenorios-infonavit-df-30312782#pagina=3&tipos=casas-venta&area=ciudad-de-mexico&pos=38
Ciudad De Mexico,3,"$7,700,000
MXN","Av. 3, Educación, Ciudad de México, CDMX, Col. Educación, Coyoacán, DF / CDMX, México, C.P. 04400, ID: 30948757",5 Recámaras | 3 Baños | 270 m 2,https://propiedades.com/inmuebles/casa-en-venta-av-3-educacion-ciudad-de-mexico-cdmx-educacion-df-30948757#pagina=3&tipos=casas-venta&area=ciudad-de-mexico&pos=39
Ciudad De Mexico,3,"$23,300,000
MXN","Casa en venta disponible en Remanso #s/n, Col. Jardines del Pedregal de San Ángel, Coyoacán, DF / CDMX, México, C.P. 04500, ID: 30911161",4 Recámaras | 5 Baños | 624 m 2,https://propiedades.com/inmuebles/casa-en-venta-remanso-sn-jardines-del-pedregal-de-san-angel-df-30911161#pagina=3&tipos=casas-venta&area=ciudad-de-mexico&pos=40
Ciudad De Mexico,3,"$1,700,000
MXN","Se vende casa Estrella #s/n, Col. La Asunción, Iztapalapa, DF / CDMX, México, C.P. 09000, ID: 30862975",2 Recámaras | 1 Baño | 100 m 2,https://propiedades.com/inmuebles/casa-en-venta-estrella-sn-la-asuncion-df-30862975#pagina=3&tipos=casas-venta&area=ciudad-de-mexico&pos=41
Ciudad De Mexico,3,"$640,000
MXN","Venta casa en Oasis, Claveria, 02080 Ciudad de México, CDMX, Col. Clavería, Azcapotzalco, DF / CDMX, México, C.P. 02080, ID: 30352692",3 Recámaras | 2 Baños | 149 m 2,https://propiedades.com/inmuebles/casa-en-venta-oasis-claveria-02080-ciudad-de-mexico-cdmx-claveria-df-30352692#pagina=3&tipos=casas-venta&area=ciudad-de-mexico&pos=42
Ciudad De Mexico,3,"$2,350,000
MXN","AV.499 #133, Col. San Juan de Aragón VI Sección, Gustavo A. Madero, DF / CDMX, México, C.P. 07918, ID: 28595599",4 Recámaras | 2 Baños | 200 m 2,https://propiedades.com/inmuebles/casa-en-venta-av499-133-san-juan-de-aragon-vi-seccion-df-28595599#pagina=3&tipos=casas-venta&area=ciudad-de-mexico&pos=43
Ciudad De Mexico,3,"$1,092,540
MXN","Se vende casa calzada de Guadalupe #0, Col. Guadalupe Tepeyac, Gustavo A. Madero, DF / CDMX, México, C.P. 07840, ID: 29122127",2 Recámaras | 1 Baño | 65 m 2,https://propiedades.com/inmuebles/casa-en-venta-calzada-de-guadalupe-guadalupe-tepeyac-df-29122127#pagina=3&tipos=casas-venta&area=ciudad-de-mexico&pos=44
Ciudad De Mexico,3,"$727,700
MXN","Casa en venta disponible en Cocoteros, Col. Nueva Santa Maria, Azcapotzalco, DF / CDMX, México, C.P. 02800, ID: 30091212",3 Recámaras | 2 Baños | 175 m 2,https://propiedades.com/inmuebles/casa-en-venta-cocoteros-nueva-santa-maria-df-30091212#pagina=3&tipos=casas-venta&area=ciudad-de-mexico&pos=45
Ciudad De Mexico,3,"$5,150,000
MXN","Venta de casa Av. - 4 Mz. 18 Lt.24, Renovación, Iztapalapa, 09209 Ciudad de México, CDMX #Mz. 18 Lt.24, Col. Renovación, Iztapalapa, DF / CDMX, México, C.P. 09209, ID: 30957468",9 Recámaras | 6 Baños | 371 m 2,https://propiedades.com/inmuebles/casa-en-venta-av-4-mz-18-lt24-renovacion-iztapalapa-09209-ciudad-de-mexico-cdmx-mz-18-lt24-renovacion-df-30957468#pagina=3&tipos=casas-venta&area=ciudad-de-mexico&pos=46
Ciudad De Mexico,3,"$26,000,000
MXN","Venta de casa Av. Picacho, Col. Jardines del Pedregal, Álvaro Obregón, DF / CDMX, México, C.P. 01900, ID: 30983828",4 Recámaras | 3 Baños | 609 m 2,https://propiedades.com/inmuebles/casa-en-venta-av-picacho-jardines-del-pedregal-df-30983828#pagina=3&tipos=casas-venta&area=ciudad-de-mexico&pos=47
Ciudad De Mexico,4,"$6,495,000
MXN","Casa en venta disponible en Calle Yácatas #90, Col. Narvarte Poniente, Benito Juárez, DF / CDMX, México, C.P. 03020, ID: 30881022",3 Recámaras | 2 Baños | 122 m 2,https://propiedades.com/inmuebles/casa-en-venta-calle-yacatas-90-narvarte-poniente-df-30881022#pagina=4&tipos=casas-venta&area=ciudad-de-mexico&pos=1
Ciudad De Mexico,4,"$18,000,000
MXN","Casa en venta, , Col. Del Carmen, Coyoacán, DF / CDMX, México, C.P. 04100, ID: 24776834",4 Recámaras | 2 Baños | 354 m 2,https://propiedades.com/inmuebles/casa-en-venta-del-carmen-df-24776834#pagina=4&tipos=casas-venta&area=ciudad-de-mexico&pos=2
Ciudad De Mexico,4,"$4,600,000
MXN","Casa en venta disponible en TORRENTE, Col. Ampliación Alpes, Álvaro Obregón, DF / CDMX, México, C.P. 01710, ID: 30974774",3 Recámaras | 2 Baños | 117 m 2,https://propiedades.com/inmuebles/casa-en-venta-torrente-ampliacion-alpes-df-30974774#pagina=4&tipos=casas-venta&area=ciudad-de-mexico&pos=3
Ciudad De Mexico,4,"$21,980,000
MXN","Venta casa en Priv de la Providencia, Col. San Jerónimo Lídice, La Magdalena Contreras, DF / CDMX, México, C.P. 10200, ID: 30987031",4 Recámaras | 4 Baños | 649 m 2,https://propiedades.com/inmuebles/casa-en-venta-priv-de-la-providencia-san-jeronimo-lidice-df-30987031#pagina=4&tipos=casas-venta&area=ciudad-de-mexico&pos=4
Ciudad De Mexico,4,"$7,500,000
MXN","Cda. J.A. Almaraz Espinoza, Col. Abdias Garcia Soto, Cuajimalpa de Morelos, DF / CDMX, México, C.P. 05530, ID: 28686817",4 Recámaras | 3 Baños | 220 m 2,https://propiedades.com/inmuebles/casa-en-venta-cda-ja-almaraz-espinoza-abdias-garcia-soto-df-28686817#pagina=4&tipos=casas-venta&area=ciudad-de-mexico&pos=5
Ciudad De Mexico,4,"$11,000,000
MXN","Casa disponible en venta en Porvenir, Col. Axotla, Álvaro Obregón, DF / CDMX, México, C.P. 01030, ID: 30923171",3 Recámaras | 3 Baños | 230 m 2,https://propiedades.com/inmuebles/casa-en-venta-porvenir-axotla-df-30923171#pagina=4&tipos=casas-venta&area=ciudad-de-mexico&pos=6
Ciudad De Mexico,4,"$4,750,000
MXN","Se vende casa Plan de Ayala, Col. San Lorenzo La Cebada, Xochimilco, DF / CDMX, México, C.P. 16035, ID: 30976988",6 Recámaras | 2 Baños | 220 m 2,https://propiedades.com/inmuebles/casa-en-venta-plan-de-ayala-san-lorenzo-la-cebada-df-30976988#pagina=4&tipos=casas-venta&area=ciudad-de-mexico&pos=7
Ciudad De Mexico,4,"$13,500,000
MXN","Venta casa en , Col. San Jerónimo Aculco, La Magdalena Contreras, DF / CDMX, México, C.P. 10400, ID: 30925991",2 Recámaras | 2 Baños | 440 m 2,https://propiedades.com/inmuebles/casa-en-venta-san-jeronimo-aculco-df-30925991#pagina=4&tipos=casas-venta&area=ciudad-de-mexico&pos=8
Ciudad De Mexico,4,"$7,800,000
MXN","Venta de casa en Piña, Col. Nueva Santa Maria, Azcapotzalco, DF / CDMX, México, C.P. 02800, ID: 30968279",5 Recámaras | 3 Baños | 224 m 2,https://propiedades.com/inmuebles/casa-en-venta-pina-nueva-santa-maria-df-30968279#pagina=4&tipos=casas-venta&area=ciudad-de-mexico&pos=9
Ciudad De Mexico,4,"$13,090,000
MXN","Venta de casa en Calzada Desierto de los Leones, Col. Tetelpan, Álvaro Obregón, DF / CDMX, México, C.P. 01700, ID: 30882845",4 Recámaras | 4 Baños | 358 m 2,https://propiedades.com/inmuebles/casa-en-venta-calzada-desierto-de-los-leones-tetelpan-df-30882845#pagina=4&tipos=casas-venta&area=ciudad-de-mexico&pos=10
Ciudad De Mexico,4,"$4,970,000
MXN","Se vende casa , Col. Cuajimalpa, Cuajimalpa de Morelos, DF / CDMX, México, C.P. 05000, ID: 30797428",2 Recámaras | 2 Baños | 177 m 2,https://propiedades.com/inmuebles/casa-en-venta-cuajimalpa-df-30797428#pagina=4&tipos=casas-venta&area=ciudad-de-mexico&pos=11
Ciudad De Mexico,4,"$7,500,000
MXN","Se vende casa Loma Azul, Col. Lomas de Tarango, Álvaro Obregón, DF / CDMX, México, C.P. 01620, ID: 30543544",4 Recámaras | 2 Baños | 504 m 2,https://propiedades.com/inmuebles/casa-en-venta-loma-azul-lomas-de-tarango-df-30543544#pagina=4&tipos=casas-venta&area=ciudad-de-mexico&pos=12
Ciudad De Mexico,4,"$9,800,000
MXN","Venta casa en San José Insurgentes, 03900 Ciudad de México, CDMX, Col. San José Insurgentes, Benito Juárez, DF / CDMX, México, C.P. 03900, ID: 30874875",1 Recámara | 2 Baños | 100 m 2,https://propiedades.com/inmuebles/casa-en-venta-san-jose-insurgentes-03900-ciudad-de-mexico-cdmx-san-jose-insurgentes-df-30874875#pagina=4&tipos=casas-venta&area=ciudad-de-mexico&pos=13
Ciudad De Mexico,4,"$20,071,000
MXN","Casa disponible en venta en Blvd. Cataratas, Jardines del Pedregal, Álvaro Obregón #s/n, Col. Jardines del Pedregal, Álvaro Obregón, DF / CDMX, México, C.P. 01900, ID: 30895806",3 Recámaras | 5 Baños | 522 m 2,https://propiedades.com/inmuebles/casa-en-venta-blvd-cataratas-jardines-del-pedregal-alvaro-obregon-sn-jardines-del-pedregal-df-30895806#pagina=4&tipos=casas-venta&area=ciudad-de-mexico&pos=14
Ciudad De Mexico,4,"$10,000,000
MXN","Se vende casa en Av Plan de San Luis #s/n, Col. Ampliación Cosmopolita, Azcapotzalco, DF / CDMX, México, C.P. 02920, ID: 30910979",4 Recámaras | 3 Baños | 180 m 2,https://propiedades.com/inmuebles/casa-en-venta-av-plan-de-san-luis-sn-ampliacion-cosmopolita-df-30910979#pagina=4&tipos=casas-venta&area=ciudad-de-mexico&pos=15
Ciudad De Mexico,4,"$40,000,000
MXN","Venta de casa en , Col. Bosques de las Lomas, Cuajimalpa de Morelos, DF / CDMX, México, C.P. 05120, ID: 30949206",4 Recámaras | 4 Baños | 680 m 2,https://propiedades.com/inmuebles/casa-en-venta-bosques-de-las-lomas-df-30949206#pagina=4&tipos=casas-venta&area=ciudad-de-mexico&pos=16
Ciudad De Mexico,4,"$8,900,000
MXN","Casa disponible en venta en Río San Carlos 10, Paseos de Churubusco, Iztapalapa, 09030 Ciudad de México, CDMX #10, Col. Paseos de Churubusco, Iztapalapa, DF / CDMX, México, C.P. 09030, ID: 30908538",6 Recámaras | 6 Baños | 373 m 2,https://propiedades.com/inmuebles/casa-en-venta-rio-san-carlos-10-paseos-de-churubusco-iztapalapa-09030-ciudad-de-mexico-cdmx-10-paseos-de-churubusco-df-30908538#pagina=4&tipos=casas-venta&area=ciudad-de-mexico&pos=17
Ciudad De Mexico,4,"$2,700,000
MXN","Casa en venta disponible en , Col. Cerrillos Segunda Sección, Xochimilco, DF / CDMX, México, C.P. 16780, ID: 30949143",3 Recámaras | 2 Baños | 185 m 2,https://propiedades.com/inmuebles/casa-en-venta-cerrillos-segunda-seccion-df-30949143#pagina=4&tipos=casas-venta&area=ciudad-de-mexico&pos=18
Ciudad De Mexico,4,"$10,900,000
MXN","Casa disponible en venta en Aljibe, Col. Pedregal de Santa Úrsula Xitla, Tlalpan, DF / CDMX, México, C.P. 14438, ID: 30735042",3 Recámaras | 4 Baños | 346 m 2,https://propiedades.com/inmuebles/casa-en-venta-aljibe-pedregal-de-santa-ursula-xitla-df-30735042#pagina=4&tipos=casas-venta&area=ciudad-de-mexico&pos=19
Ciudad De Mexico,4,"$10,500,000
MXN","Venta de casa en Malaquita, Col. Valle Escondido, Tlalpan, DF / CDMX, México, C.P. 14600, ID: 30983580",4 Recámaras | 4 Baños | 325 m 2,https://propiedades.com/inmuebles/casa-en-venta-malaquita-valle-escondido-df-30983580#pagina=4&tipos=casas-venta&area=ciudad-de-mexico&pos=20
Ciudad De Mexico,4,"$6,500,000
MXN","Se vende casa en Unión #94, Col. Industrial, Gustavo A. Madero, DF / CDMX, México, C.P. 07800, ID: 30994673",3 Recámaras | 3 Baños | 386 m 2,https://propiedades.com/inmuebles/casa-en-venta-union-94-industrial-df-30994673#pagina=4&tipos=casas-venta&area=ciudad-de-mexico&pos=21
Ciudad De Mexico,4,"$6,200,000
MXN","Venta de casa , Col. El Parque de Coyoacán, Coyoacán, DF / CDMX, México, C.P. 04899, ID: 30949205",3 Recámaras | 4 Baños | 165 m 2,https://propiedades.com/inmuebles/casa-en-venta-el-parque-de-coyoacan-df-30949205#pagina=4&tipos=casas-venta&area=ciudad-de-mexico&pos=22
Ciudad De Mexico,4,"$5,500,000
MXN",", Col. Miguel Hidalgo 4A Sección, Tlalpan, DF / CDMX, México, C.P. 14250, ID: 30949095",3 Recámaras | 4 Baños | 370 m 2,https://propiedades.com/inmuebles/casa-en-venta-miguel-hidalgo-4a-seccion-df-30949095#pagina=4&tipos=casas-venta&area=ciudad-de-mexico&pos=23
Ciudad De Mexico,4,"$17,500,000
MXN","Se vende casa , Col. Romero de Terreros, Coyoacán, DF / CDMX, México, C.P. 04310, ID: 30949220",3 Recámaras | 4 Baños | 380 m 2,https://propiedades.com/inmuebles/casa-en-venta-romero-de-terreros-df-30949220#pagina=4&tipos=casas-venta&area=ciudad-de-mexico&pos=24
Ciudad De Mexico,4,"$8,400,000
MXN","Casa en venta, , Col. Hueytlale, Álvaro Obregón, DF / CDMX, México, C.P. 01566, ID: 30949138",3 Recámaras | 3 Baños | 280 m 2,https://propiedades.com/inmuebles/casa-en-venta-hueytlale-df-30949138#pagina=4&tipos=casas-venta&area=ciudad-de-mexico&pos=25
Ciudad De Mexico,4,"$8,490,000
MXN","Se vende casa Cda de los Corceles, Col. Colina del Sur, Álvaro Obregón, DF / CDMX, México, C.P. 01430, ID: 26248019",4 Recámaras | 3 Baños | 290 m 2,https://propiedades.com/inmuebles/casa-en-venta-cda-de-los-corceles-colina-del-sur-df-26248019#pagina=4&tipos=casas-venta&area=ciudad-de-mexico&pos=26
Ciudad De Mexico,4,"$13,000,000
MXN","Se vende casa , Col. Copilco Universidad, Coyoacán, DF / CDMX, México, C.P. 04360, ID: 30949081",4 Recámaras | 3 Baños | 357 m 2,https://propiedades.com/inmuebles/casa-en-venta-copilco-universidad-df-30949081#pagina=4&tipos=casas-venta&area=ciudad-de-mexico&pos=27
Ciudad De Mexico,4,"$5,979,452
MXN","Se vende casa , Col. Hueytlale, Álvaro Obregón, DF / CDMX, México, C.P. 01566, ID: 30949137",3 Recámaras | 2 Baños | 168 m 2,https://propiedades.com/inmuebles/casa-en-venta-hueytlale-df-30949137#pagina=4&tipos=casas-venta&area=ciudad-de-mexico&pos=28
Ciudad De Mexico,4,"$8,200,000
MXN","Venta casa en San Ángel, 01000 Ciudad de México, CDMX, México #s/n, Col. San Angel, Álvaro Obregón, DF / CDMX, México, C.P. 01000, ID: 30888383",4 Recámaras | 3 Baños | 177 m 2,https://propiedades.com/inmuebles/casa-en-venta-san-angel-01000-ciudad-de-mexico-cdmx-mexico-sn-san-angel-df-30888383#pagina=4&tipos=casas-venta&area=ciudad-de-mexico&pos=29
Ciudad De Mexico,4,"$13,500,000
MXN","Cuauhtémoc, Col. San Jerónimo Lídice, La Magdalena Contreras, DF / CDMX, México, C.P. 10200, ID: 30601492",3 Recámaras | 3 Baños | 324 m 2,https://propiedades.com/inmuebles/casa-en-venta-cuauhtemoc-san-jeronimo-lidice-df-30601492#pagina=4&tipos=casas-venta&area=ciudad-de-mexico&pos=30
Ciudad De Mexico,4,"$41,500,000
MXN","Venta casa en Av. de Las Fuentes, Col. Jardines del Pedregal, Álvaro Obregón, DF / CDMX, México, C.P. 01900, ID: 30886365",4 Recámaras | 4 Baños | 648 m 2,https://propiedades.com/inmuebles/casa-en-venta-av-de-las-fuentes-jardines-del-pedregal-df-30886365#pagina=4&tipos=casas-venta&area=ciudad-de-mexico&pos=31
Ciudad De Mexico,4,"$8,000,000
MXN","Calle Tierra Fría #S/N, Col. Tierra Nueva, Azcapotzalco, DF / CDMX, México, C.P. 02130, ID: 30588863",6 Recámaras | 3 Baños | 297 m 2,https://propiedades.com/inmuebles/casa-en-venta-calle-tierra-fria-sn-tierra-nueva-df-30588863#pagina=4&tipos=casas-venta&area=ciudad-de-mexico&pos=32
Ciudad De Mexico,4,"$3,224,000
MXN","Casa disponible en venta en , Col. Presidente Madero, Azcapotzalco, DF / CDMX, México, C.P. 02430, ID: 30985643",3 Recámaras | 2 Baños | 117 m 2,https://propiedades.com/inmuebles/casa-en-venta-presidente-madero-df-30985643#pagina=4&tipos=casas-venta&area=ciudad-de-mexico&pos=33
Ciudad De Mexico,4,"$7,800,000
MXN","Casa en venta disponible en Av. Circunvalación 46, Cuchilla Pantitlán, Venustiano Carranza, 15610 Ciudad de México, CDMX #s/n, Col. Cuchilla Pantitlan, Venustiano Carranza, DF / CDMX, México, C.P. 15610, ID: 30911007",3 Recámaras | 1 Baño | 328 m 2,https://propiedades.com/inmuebles/casa-en-venta-av-circunvalacion-46-cuchilla-pantitlan-venustiano-carranza-15610-ciudad-de-mexico-cdmx-sn-cuchilla-pantitlan-df-30911007#pagina=4&tipos=casas-venta&area=ciudad-de-mexico&pos=34
Ciudad De Mexico,4,"$107,500,000
MXN","Casa disponible en venta en Av. Homero, Polanco, Polanco V Secc, Ciudad de México, CDMX, Col. Bosque de Chapultepec I Sección, Miguel Hidalgo, DF / CDMX, México, C.P. 11580, ID: 30519479",1 Recámara | 1 Baño | 991 m 2,https://propiedades.com/inmuebles/casa-en-venta-av-homero-polanco-polanco-v-secc-ciudad-de-mexico-cdmx-bosque-de-chapultepec-i-seccion-df-30519479#pagina=4&tipos=casas-venta&area=ciudad-de-mexico&pos=35
Ciudad De Mexico,4,"$11,883,000
MXN","Venta de casa en Granero, Col. San Angel Inn, Álvaro Obregón, DF / CDMX, México, C.P. 01060, ID: 30797716",4 Recámaras | 3 Baños | 274 m 2,https://propiedades.com/inmuebles/casa-en-venta-granero-san-angel-inn-df-30797716#pagina=4&tipos=casas-venta&area=ciudad-de-mexico&pos=36
Ciudad De Mexico,4,"$14,350,000
MXN","Casa en venta disponible en 3ra Cerrada de Hidalgo, Col. San Bartolo Ameyalco, Álvaro Obregón, DF / CDMX, México, C.P. 01800, ID: 30802778",3 Recámaras | 2 Baños | 453 m 2,https://propiedades.com/inmuebles/casa-en-venta-3ra-cerrada-de-hidalgo-san-bartolo-ameyalco-df-30802778#pagina=4&tipos=casas-venta&area=ciudad-de-mexico&pos=37
Ciudad De Mexico,4,"$2,950,000
MXN","Venta casa en , Col. La Martinica, Álvaro Obregón, DF / CDMX, México, C.P. 01619, ID: 30965929",3 Recámaras | 2 Baños | 122 m 2,https://propiedades.com/inmuebles/casa-en-venta-la-martinica-df-30965929#pagina=4&tipos=casas-venta&area=ciudad-de-mexico&pos=38
Ciudad De Mexico,4,"$17,900,000
MXN","Casa en venta, Callejon de la Cruz, Col. Lomas de Memetla, Cuajimalpa de Morelos, DF / CDMX, México, C.P. 05330, ID: 30871965",3 Recámaras | 3 Baños | 320 m 2,https://propiedades.com/inmuebles/casa-en-venta-callejon-de-la-cruz-lomas-de-memetla-df-30871965#pagina=4&tipos=casas-venta&area=ciudad-de-mexico&pos=39
Ciudad De Mexico,4,"$9,600,000
MXN","Casa en venta disponible en Coacoatzintla, Col. Barrio San Francisco, La Magdalena Contreras, DF / CDMX, México, C.P. 10500, ID: 30881899",3 Recámaras | 2 Baños | 503 m 2,https://propiedades.com/inmuebles/casa-en-venta-coacoatzintla-barrio-san-francisco-df-30881899#pagina=4&tipos=casas-venta&area=ciudad-de-mexico&pos=40
Ciudad De Mexico,4,"$9,480,000
MXN","Casa en venta, , Col. Las Águilas, Álvaro Obregón, DF / CDMX, México, C.P. 01048, ID: 30951098",3 Recámaras | 3 Baños | 182 m 2,https://propiedades.com/inmuebles/casa-en-venta-las-aguilas-df-30951098#pagina=4&tipos=casas-venta&area=ciudad-de-mexico&pos=41
Ciudad De Mexico,4,"$2,662,200
MXN",", Col. Real del Moral, Iztapalapa, DF / CDMX, México, C.P. 09010, ID: 30949112",3 Recámaras | 1 Baño | 76 m 2,https://propiedades.com/inmuebles/casa-en-venta-real-del-moral-df-30949112#pagina=4&tipos=casas-venta&area=ciudad-de-mexico&pos=42
Ciudad De Mexico,4,"$670,000
MXN","Casa en venta, SANTA LUCIA 1 DEPTO 103D, Col. Morelos, Cuauhtémoc, DF / CDMX, México, C.P. 06200, ID: 28490811",3 Recámaras | 1 Baño | 70 m 2,https://propiedades.com/inmuebles/casa-en-venta-santa-lucia-1-depto-103d-morelos-df-28490811#pagina=4&tipos=casas-venta&area=ciudad-de-mexico&pos=43
Ciudad De Mexico,4,"$10,590,000
MXN","Desierto de los Leones, Col. Tetelpan, Álvaro Obregón, DF / CDMX, México, C.P. 01700, ID: 30881900",3 Recámaras | 3 Baños | 291 m 2,https://propiedades.com/inmuebles/casa-en-venta-desierto-de-los-leones-tetelpan-df-30881900#pagina=4&tipos=casas-venta&area=ciudad-de-mexico&pos=44
Ciudad De Mexico,4,"$17,161,000
MXN","Casa en venta disponible en Rosseau, Col. Anzures, Miguel Hidalgo, DF / CDMX, México, C.P. 11590, ID: 30888965",5 Recámaras | 5 Baños | 247 m 2,https://propiedades.com/inmuebles/casa-en-venta-rosseau-anzures-df-30888965#pagina=4&tipos=casas-venta&area=ciudad-de-mexico&pos=45
Ciudad De Mexico,4,"$8,700,000
MXN","Casa en venta disponible en Sebastián Lerdo de Tejada, Col. Barranca Seca, La Magdalena Contreras, DF / CDMX, México, C.P. 10580, ID: 30925798",3 Recámaras | 2 Baños | 249 m 2,https://propiedades.com/inmuebles/casa-en-venta-sebastian-lerdo-de-tejada-barranca-seca-df-30925798#pagina=4&tipos=casas-venta&area=ciudad-de-mexico&pos=46
Ciudad De Mexico,4,"$45,000,000
MXN","Venta casa en , Col. Jardines del Pedregal, Álvaro Obregón, DF / CDMX, México, C.P. 01900, ID: 30740157",4 Recámaras | 4 Baños | 954 m 2,https://propiedades.com/inmuebles/casa-en-venta-jardines-del-pedregal-df-30740157#pagina=4&tipos=casas-venta&area=ciudad-de-mexico&pos=47
Ciudad De Mexico,5,"$47,000,000
MXN","Bosque de tabachines, Col. Bosques de las Lomas, Cuajimalpa de Morelos, DF / CDMX, México, C.P. 05120, ID: 30762178",4 Recámaras | 4 Baños | 1000 m 2,https://propiedades.com/inmuebles/casa-en-venta-bosque-de-tabachines-bosques-de-las-lomas-df-30762178#pagina=5&tipos=casas-venta&area=ciudad-de-mexico&pos=1
Ciudad De Mexico,5,"$13,800,000
MXN","Venta de casa en , Col. Narvarte Poniente, Benito Juárez, DF / CDMX, México, C.P. 03020, ID: 28460704",10 Recámaras | 6 Baños | 482 m 2,https://propiedades.com/inmuebles/casa-en-venta-narvarte-poniente-df-28460704#pagina=5&tipos=casas-venta&area=ciudad-de-mexico&pos=2
Ciudad De Mexico,5,"$17,900,000
MXN","Prolongación 16 de Septiembre, Col. Contadero, Cuajimalpa de Morelos, DF / CDMX, México, C.P. 05500, ID: 30398488",3 Recámaras | 3 Baños | 507 m 2,https://propiedades.com/inmuebles/casa-en-venta-prolongacion-16-de-septiembre-contadero-df-30398488#pagina=5&tipos=casas-venta&area=ciudad-de-mexico&pos=3
Ciudad De Mexico,5,"$11,500,000
MXN","Casa en venta disponible en Calzada de las Aguilas, Col. Las Águilas, Álvaro Obregón, DF / CDMX, México, C.P. 01048, ID: 29269014",3 Recámaras | 3 Baños | 316 m 2,https://propiedades.com/inmuebles/casa-en-venta-calzada-de-las-aguilas-las-aguilas-df-29269014#pagina=5&tipos=casas-venta&area=ciudad-de-mexico&pos=4
Ciudad De Mexico,5,"$2,000,000
USD","Paseo de los Ahuehuetes, Col. Lomas de Bezares, Miguel Hidalgo, DF / CDMX, México, C.P. 11910, ID: 24970060",3 Recámaras | 3 Baños | 693 m 2,https://propiedades.com/inmuebles/casa-en-venta-paseo-de-los-ahuehuetes-lomas-de-bezares-df-24970060#pagina=5&tipos=casas-venta&area=ciudad-de-mexico&pos=5
Ciudad De Mexico,5,"$18,495,000
MXN","Se vende casa Naranjos #35, Col. Florida, Álvaro Obregón, DF / CDMX, México, C.P. 01030, ID: 30210744",3 Recámaras | 3 Baños | 350 m 2,https://propiedades.com/inmuebles/casa-en-venta-naranjos-35-florida-df-30210744#pagina=5&tipos=casas-venta&area=ciudad-de-mexico&pos=6
Ciudad De Mexico,5,"$3,794,400
MXN",", Col. Lomas de Padierna, Tlalpan, DF / CDMX, México, C.P. 14240, ID: 30949173",4 Recámaras | 3 Baños | 124 m 2,https://propiedades.com/inmuebles/casa-en-venta-lomas-de-padierna-df-30949173#pagina=5&tipos=casas-venta&area=ciudad-de-mexico&pos=7
Ciudad De Mexico,5,"$6,500,000
MXN","Se vende casa Sur 65 A, Col. Asturias, Cuauhtémoc, DF / CDMX, México, C.P. 06850, ID: 30882272",3 Recámaras | 1 Baño | 207 m 2,https://propiedades.com/inmuebles/casa-en-venta-sur-65-a-asturias-df-30882272#pagina=5&tipos=casas-venta&area=ciudad-de-mexico&pos=8
Ciudad De Mexico,5,"$6,490,000
MXN","Casa en venta disponible en Huayamilpas, Col. La Candelaria, Coyoacán, DF / CDMX, México, C.P. 04380, ID: 30855976",5 Recámaras | 1 Baño | 224 m 2,https://propiedades.com/inmuebles/casa-en-venta-huayamilpas-la-candelaria-df-30855976#pagina=5&tipos=casas-venta&area=ciudad-de-mexico&pos=9
Ciudad De Mexico,5,"$4,743,000
MXN",", Col. San Pedro, Cuajimalpa de Morelos, DF / CDMX, México, C.P. 05030, ID: 30949099",3 Recámaras | 3 Baños | 182 m 2,https://propiedades.com/inmuebles/casa-en-venta-san-pedro-df-30949099#pagina=5&tipos=casas-venta&area=ciudad-de-mexico&pos=10
Ciudad De Mexico,5,"$25,500,000
MXN","tehuantepec, Col. Roma Sur, Cuauhtémoc, DF / CDMX, México, C.P. 06760, ID: 30689627",10 Recámaras | 5 Baños | 492 m 2,https://propiedades.com/inmuebles/casa-en-venta-tehuantepec-roma-sur-df-30689627#pagina=5&tipos=casas-venta&area=ciudad-de-mexico&pos=11
Ciudad De Mexico,5,"$5,800,000
MXN","Venta de casa Cuemanco sur, Col. 18, Xochimilco, DF / CDMX, México, C.P. 16034, ID: 30846348",3 Recámaras | 2 Baños | 210 m 2,https://propiedades.com/inmuebles/casa-en-venta-cuemanco-sur-18-df-30846348#pagina=5&tipos=casas-venta&area=ciudad-de-mexico&pos=12
Ciudad De Mexico,5,"$49,000,000
MXN","Casa disponible en venta en Bosque de sauces, Col. Bosque de las Lomas, Miguel Hidalgo, DF / CDMX, México, C.P. 11700, ID: 30785902",3 Recámaras | 4 Baños | 610 m 2,https://propiedades.com/inmuebles/casa-en-venta-bosque-de-sauces-bosque-de-las-lomas-df-30785902#pagina=5&tipos=casas-venta&area=ciudad-de-mexico&pos=13
Ciudad De Mexico,5,"$7,700,000
MXN","Venta de casa en 22 de Febrero, Col. Santa Maria Malinalco, Azcapotzalco, DF / CDMX, México, C.P. 02050, ID: 30098321",4 Recámaras | 2 Baños | 255 m 2,https://propiedades.com/inmuebles/casa-en-venta-22-de-febrero-santa-maria-malinalco-df-30098321#pagina=5&tipos=casas-venta&area=ciudad-de-mexico&pos=14
Ciudad De Mexico,5,"$9,915,000
MXN","Casa disponible en venta en Camino Real a Tetelpan, Col. Tetelpan, Álvaro Obregón, DF / CDMX, México, C.P. 01700, ID: 30881901",3 Recámaras | 3 Baños | 316 m 2,https://propiedades.com/inmuebles/casa-en-venta-camino-real-a-tetelpan-tetelpan-df-30881901#pagina=5&tipos=casas-venta&area=ciudad-de-mexico&pos=15
Ciudad De Mexico,5,"$16,750,000
MXN","Casa en venta, Calle del Potosí, Col. Colinas del Bosque, Tlalpan, DF / CDMX, México, C.P. 14608, ID: 30963186",3 Recámaras | 4 Baños | 523 m 2,https://propiedades.com/inmuebles/casa-en-venta-calle-del-potosi-colinas-del-bosque-df-30963186#pagina=5&tipos=casas-venta&area=ciudad-de-mexico&pos=16
Ciudad De Mexico,5,"$59,500,000
MXN","Casa disponible en venta en _ , Col. Jardines del Pedregal, Álvaro Obregón, DF / CDMX, México, C.P. 01900, ID: 30731877",3 Recámaras | 3 Baños | 980 m 2,https://propiedades.com/inmuebles/casa-en-venta-jardines-del-pedregal-df-30731877#pagina=5&tipos=casas-venta&area=ciudad-de-mexico&pos=17
Ciudad De Mexico,5,"$42,000,000
MXN","Casa disponible en venta en _ , Col. Bosque de las Lomas, Miguel Hidalgo, DF / CDMX, México, C.P. 11700, ID: 30734971",4 Recámaras | 4 Baños | 1023 m 2,https://propiedades.com/inmuebles/casa-en-venta-bosque-de-las-lomas-df-30734971#pagina=5&tipos=casas-venta&area=ciudad-de-mexico&pos=18
Ciudad De Mexico,5,"$14,200,000
MXN",", Col. Colinas del Bosque, Tlalpan, DF / CDMX, México, C.P. 14608, ID: 30678368",4 Recámaras | 4 Baños | 520 m 2,https://propiedades.com/inmuebles/casa-en-venta-colinas-del-bosque-df-30678368#pagina=5&tipos=casas-venta&area=ciudad-de-mexico&pos=19
Ciudad De Mexico,5,"$23,900,000
MXN","Casa disponible en venta en Sin nombre de calle, Col. Jardines del Pedregal, Álvaro Obregón, DF / CDMX, México, C.P. 01900, ID: 30765780",3 Recámaras | 5 Baños | 673 m 2,https://propiedades.com/inmuebles/casa-en-venta-sin-nombre-de-calle-jardines-del-pedregal-df-30765780#pagina=5&tipos=casas-venta&area=ciudad-de-mexico&pos=20
Ciudad De Mexico,5,"$6,390,000
MXN","Se vende casa , Col. Miguel Hidalgo 1A Sección, Tlalpan, DF / CDMX, México, C.P. 14260, ID: 30765037",3 Recámaras | 2 Baños | 180 m 2,https://propiedades.com/inmuebles/casa-en-venta-miguel-hidalgo-1a-seccion-df-30765037#pagina=5&tipos=casas-venta&area=ciudad-de-mexico&pos=21
Ciudad De Mexico,5,"$9,000,000
MXN","Venta de casa Avenida 17, Col. San Simón Ticumac, Benito Juárez, DF / CDMX, México, C.P. 03660, ID: 30437591",2 Recámaras | 4 Baños | 291 m 2,https://propiedades.com/inmuebles/casa-en-venta-avenida-17-san-simon-ticumac-df-30437591#pagina=5&tipos=casas-venta&area=ciudad-de-mexico&pos=22
Ciudad De Mexico,5,"$12,800,000
MXN","Venta de casa Concepción Beistegui, Col. Narvarte Poniente, Benito Juárez, DF / CDMX, México, C.P. 03020, ID: 30913163",5 Recámaras | 4 Baños | 550 m 2,https://propiedades.com/inmuebles/casa-en-venta-concepcion-beistegui-narvarte-poniente-df-30913163#pagina=5&tipos=casas-venta&area=ciudad-de-mexico&pos=23
Ciudad De Mexico,5,"$4,052,500
MXN",", Col. La Pradera, Gustavo A. Madero, DF / CDMX, México, C.P. 07500, ID: 30985645",3 Recámaras | 2 Baños | 167 m 2,https://propiedades.com/inmuebles/casa-en-venta-la-pradera-df-30985645#pagina=5&tipos=casas-venta&area=ciudad-de-mexico&pos=24
Ciudad De Mexico,5,"$59,000,000
MXN","Casa disponible en venta en Bosque de Hayas, Col. Bosque de las Lomas, Miguel Hidalgo, DF / CDMX, México, C.P. 11700, ID: 30050120",4 Recámaras | 6 Baños | 958 m 2,https://propiedades.com/inmuebles/casa-en-venta-bosque-de-hayas-bosque-de-las-lomas-df-30050120#pagina=5&tipos=casas-venta&area=ciudad-de-mexico&pos=25
Ciudad De Mexico,5,"$27,500,000
MXN","Venta casa en Saturnino Herrán, Col. San José Insurgentes, Benito Juárez, DF / CDMX, México, C.P. 03900, ID: 30510376",4 Recámaras | 3 Baños | 750 m 2,https://propiedades.com/inmuebles/casa-en-venta-saturnino-herran-san-jose-insurgentes-df-30510376#pagina=5&tipos=casas-venta&area=ciudad-de-mexico&pos=26
Ciudad De Mexico,5,"$11,700,000
MXN","Se vende casa La Quemada 205, Narvarte Oriente, Benito Juárez, 03023 Ciudad de México, CDMX #205, Col. Unidad Narvarte IMSS, Benito Juárez, DF / CDMX, México, C.P. 03023, ID: 30930407",4 Recámaras | 4 Baños | 300 m 2,https://propiedades.com/inmuebles/casa-en-venta-la-quemada-205-narvarte-oriente-benito-juarez-03023-ciudad-de-mexico-cdmx-205-unidad-narvarte-imss-df-30930407#pagina=5&tipos=casas-venta&area=ciudad-de-mexico&pos=27
Ciudad De Mexico,5,"$20,071,000
MXN","Casa en venta, Blvd. Cataratas, Jardines del Pedregal de San Ángel, Ciudad de México, CDMX, Col. Jardines del Pedregal de San Ángel, Coyoacán, DF / CDMX, México, C.P. 04500, ID: 31008743",3 Recámaras | 5 Baños | 522 m 2,https://propiedades.com/inmuebles/casa-en-venta-blvd-cataratas-jardines-del-pedregal-de-san-angel-ciudad-de-mexico-cdmx-jardines-del-pedregal-de-san-angel-df-31008743#pagina=5&tipos=casas-venta&area=ciudad-de-mexico&pos=28
Ciudad De Mexico,5,"$6,500,000
MXN","Casa en venta, ODESA, Col. Portales Norte, Benito Juárez, DF / CDMX, México, C.P. 03303, ID: 30888763",4 Recámaras | 2 Baños | 103 m 2,https://propiedades.com/inmuebles/casa-en-venta-odesa-portales-norte-df-30888763#pagina=5&tipos=casas-venta&area=ciudad-de-mexico&pos=29
Ciudad De Mexico,5,"$3,690,000
MXN","saturno #s/n, Col. Reacomodo El Cuernito, Álvaro Obregón, DF / CDMX, México, C.P. 01289, ID: 30844280",5 Recámaras | 2 Baños | 143 m 2,https://propiedades.com/inmuebles/casa-en-venta-saturno-sn-reacomodo-el-cuernito-df-30844280#pagina=5&tipos=casas-venta&area=ciudad-de-mexico&pos=30
Ciudad De Mexico,5,"$13,000,000
MXN","Se vende casa Parque San Andrés, Col. Parque San Andrés, Coyoacán, DF / CDMX, México, C.P. 04040, ID: 30514976",3 Recámaras | 3 Baños | 214 m 2,https://propiedades.com/inmuebles/casa-en-venta-parque-san-andres-parque-san-andres-df-30514976#pagina=5&tipos=casas-venta&area=ciudad-de-mexico&pos=31
Ciudad De Mexico,5,"$8,000,000
MXN","Se vende casa Joaquin Fernandez de Lizardi, Col. Periodista, Miguel Hidalgo, DF / CDMX, México, C.P. 11220, ID: 30601493",4 Recámaras | 2 Baños | 311 m 2,https://propiedades.com/inmuebles/casa-en-venta-joaquin-fernandez-de-lizardi-periodista-df-30601493#pagina=5&tipos=casas-venta&area=ciudad-de-mexico&pos=32
Ciudad De Mexico,5,"$20,000,000
MXN","Venta casa en , Col. Juárez, Cuauhtémoc, DF / CDMX, México, C.P. 06600, ID: 30171249",7 Recámaras | 6 Baños | 260 m 2,https://propiedades.com/inmuebles/casa-en-venta-juarez-df-30171249#pagina=5&tipos=casas-venta&area=ciudad-de-mexico&pos=33
Ciudad De Mexico,5,"$4,500,000
MXN","Venta casa en Atizapán de Zaragoza, Col. San Felipe de Jesús, Gustavo A. Madero, DF / CDMX, México, C.P. 07510, ID: 30495712",3 Recámaras | 3 Baños | 440 m 2,https://propiedades.com/inmuebles/casa-en-venta-atizapan-de-zaragoza-san-felipe-de-jesus-df-30495712#pagina=5&tipos=casas-venta&area=ciudad-de-mexico&pos=34
Ciudad De Mexico,5,"$10,549,500
MXN","Se vende casa en , Col. Escandón I Sección, Miguel Hidalgo, DF / CDMX, México, C.P. 11800, ID: 30222495",3 Recámaras | 2 Baños | 217 m 2,https://propiedades.com/inmuebles/casa-en-venta-escandon-i-seccion-df-30222495#pagina=5&tipos=casas-venta&area=ciudad-de-mexico&pos=35
Ciudad De Mexico,5,"$76,500,000
MXN","Se vende casa , Col. Jardines del Pedregal, Álvaro Obregón, DF / CDMX, México, C.P. 01900, ID: 30388402",5 Recámaras | 5 Baños | 1050 m 2,https://propiedades.com/inmuebles/casa-en-venta-jardines-del-pedregal-df-30388402#pagina=5&tipos=casas-venta&area=ciudad-de-mexico&pos=36
Ciudad De Mexico,5,"$8,814,245
MXN","Se vende casa en Carrasco, Col. Toriello Guerra, Tlalpan, DF / CDMX, México, C.P. 14050, ID: 29004542",3 Recámaras | 3 Baños | 208 m 2,https://propiedades.com/inmuebles/casa-en-venta-carrasco-toriello-guerra-df-29004542#pagina=5&tipos=casas-venta&area=ciudad-de-mexico&pos=37
Ciudad De Mexico,5,"$9,900,000
MXN","Venta de casa en HIDALGO, Col. San Jerónimo Lídice, La Magdalena Contreras, DF / CDMX, México, C.P. 10200, ID: 30158135",3 Recámaras | 2 Baños | 380 m 2,https://propiedades.com/inmuebles/casa-en-venta-hidalgo-san-jeronimo-lidice-df-30158135#pagina=5&tipos=casas-venta&area=ciudad-de-mexico&pos=38
Ciudad De Mexico,5,"$28,500,000
MXN","LONDRES, Col. Juárez, Cuauhtémoc, DF / CDMX, México, C.P. 06600, ID: 30516434",7 Recámaras | 4 Baños | 300 m 2,https://propiedades.com/inmuebles/casa-en-venta-londres-juarez-df-30516434#pagina=5&tipos=casas-venta&area=ciudad-de-mexico&pos=39
Ciudad De Mexico,5,"$22,000,000
MXN","Se vende casa Vasco de Quiroga #1602, Col. Pueblo Nuevo, Álvaro Obregón, DF / CDMX, México, C.P. 01240, ID: 28925984",3 Recámaras | 1 Baño | 261 m 2,https://propiedades.com/inmuebles/casa-en-venta-vasco-de-quiroga-1602-pueblo-nuevo-df-28925984#pagina=5&tipos=casas-venta&area=ciudad-de-mexico&pos=40
Ciudad De Mexico,5,"$6,300,000
MXN","Casa en venta disponible en , Col. Tlalpan Centro, Tlalpan, DF / CDMX, México, C.P. 14000, ID: 30171406",3 Recámaras | 2 Baños | 181 m 2,https://propiedades.com/inmuebles/casa-en-venta-tlalpan-centro-df-30171406#pagina=5&tipos=casas-venta&area=ciudad-de-mexico&pos=41
Ciudad De Mexico,5,"$7,340,000
MXN","Casa en venta, Tres Cruces, Col. San Andrés Totoltepec, Tlalpan, DF / CDMX, México, C.P. 14400, ID: 29240144",3 Recámaras | 3 Baños | 312 m 2,https://propiedades.com/inmuebles/casa-en-venta-tres-cruces-san-andres-totoltepec-df-29240144#pagina=5&tipos=casas-venta&area=ciudad-de-mexico&pos=42
Ciudad De Mexico,5,"$52,500,000
MXN","Casa en venta, , Col. Lomas de Chapultepec I Sección, Miguel Hidalgo, DF / CDMX, México, C.P. 11000, ID: 27817618",4 Recámaras | 4 Baños | 600 m 2,https://propiedades.com/inmuebles/casa-en-venta-lomas-de-chapultepec-i-seccion-df-27817618#pagina=5&tipos=casas-venta&area=ciudad-de-mexico&pos=43
Ciudad De Mexico,5,"$2,900,000
MXN","Se vende casa en Nicolás Bravo 101 #101, Col. San Juan Tepepan, Xochimilco, DF / CDMX, México, C.P. 16020, ID: 29914595",3 Recámaras | 2 Baños | 173 m 2,https://propiedades.com/inmuebles/casa-en-venta-nicolas-bravo-101-101-san-juan-tepepan-df-29914595#pagina=5&tipos=casas-venta&area=ciudad-de-mexico&pos=44
Ciudad De Mexico,5,"$7,800,000
MXN","Se vende casa Cda. del Pozo, Col. Tetelpan, Álvaro Obregón, DF / CDMX, México, C.P. 01700, ID: 30041707",4 Recámaras | 3 Baños | 207 m 2,https://propiedades.com/inmuebles/casa-en-venta-cda-del-pozo-tetelpan-df-30041707#pagina=5&tipos=casas-venta&area=ciudad-de-mexico&pos=45
Ciudad De Mexico,5,"$15,600,000
MXN","Casa disponible en venta en XOCHICALCO, Col. Letrán Valle, Benito Juárez, DF / CDMX, México, C.P. 03650, ID: 29762879",5 Recámaras | 3 Baños | 400 m 2,https://propiedades.com/inmuebles/casa-en-venta-xochicalco-letran-valle-df-29762879#pagina=5&tipos=casas-venta&area=ciudad-de-mexico&pos=46
Ciudad De Mexico,5,"$11,280,000
MXN",", Col. Mixcoac, Benito Juárez, DF / CDMX, México, C.P. 03910, ID: 30465572",6 Recámaras | 5 Baños | 371 m 2,https://propiedades.com/inmuebles/casa-en-venta-mixcoac-df-30465572#pagina=5&tipos=casas-venta&area=ciudad-de-mexico&pos=47
Ciudad De Mexico,6,"$4,795,000
MXN","Casa disponible en venta en Cerrada de Sacramento, Col. Corpus Christy, Álvaro Obregón, DF / CDMX, México, C.P. 01530, ID: 30017780",4 Recámaras | 2 Baños | 230 m 2,https://propiedades.com/inmuebles/casa-en-venta-cerrada-de-sacramento-corpus-christy-df-30017780#pagina=6&tipos=casas-venta&area=ciudad-de-mexico&pos=1
Ciudad De Mexico,6,"$36,000,000
MXN","Casa en venta disponible en Bosque de Caobas, Col. Bosque de las Lomas, Miguel Hidalgo, DF / CDMX, México, C.P. 11700, ID: 28914561",3 Recámaras | 3 Baños | 632 m 2,https://propiedades.com/inmuebles/casa-en-venta-bosque-de-caobas-bosque-de-las-lomas-df-28914561#pagina=6&tipos=casas-venta&area=ciudad-de-mexico&pos=2
Ciudad De Mexico,6,"$4,380,000
MXN","Venta de casa en Cerrada de la Mora, Col. Chimalcoyoc, Tlalpan, DF / CDMX, México, C.P. 14630, ID: 29771154",3 Recámaras | 3 Baños | 164 m 2,https://propiedades.com/inmuebles/casa-en-venta-cerrada-de-la-mora-chimalcoyoc-df-29771154#pagina=6&tipos=casas-venta&area=ciudad-de-mexico&pos=3
Ciudad De Mexico,6,"$18,900,000
MXN","Lomas Quebradas, Col. San Jerónimo Lídice, La Magdalena Contreras, DF / CDMX, México, C.P. 10200, ID: 28553808",3 Recámaras | 3 Baños | 1200 m 2,https://propiedades.com/inmuebles/casa-en-venta-lomas-quebradas-san-jeronimo-lidice-df-28553808#pagina=6&tipos=casas-venta&area=ciudad-de-mexico&pos=4
Ciudad De Mexico,6,"$18,900,000
MXN","Se vende casa Calzada de las Aguilas, Col. Villa Verdún, Álvaro Obregón, DF / CDMX, México, C.P. 01810, ID: 29763889",3 Recámaras | 3 Baños | 340 m 2,https://propiedades.com/inmuebles/casa-en-venta-calzada-de-las-aguilas-villa-verdun-df-29763889#pagina=6&tipos=casas-venta&area=ciudad-de-mexico&pos=5
Ciudad De Mexico,6,"$3,600,000
USD","Se vende casa , Col. Lomas de Chapultepec VII Sección, Miguel Hidalgo, DF / CDMX, México, C.P. 11000, ID: 26171479",4 Recámaras | 3 Baños | 860 m 2,https://propiedades.com/inmuebles/casa-en-venta-lomas-de-chapultepec-vii-seccion-df-26171479#pagina=6&tipos=casas-venta&area=ciudad-de-mexico&pos=6
Ciudad De Mexico,6,"$14,700,000
MXN","Casa disponible en venta en Cerro del Hombre, Romero de Terreros, Coyoacán, Col. Romero de Terreros, Coyoacán, DF / CDMX, México, C.P. 04310, ID: 30908072",4 Recámaras | 507 m 2,https://propiedades.com/inmuebles/casa-en-venta-cerro-del-hombre-romero-de-terreros-coyoacan-romero-de-terreros-df-30908072#pagina=6&tipos=casas-venta&area=ciudad-de-mexico&pos=7
Ciudad De Mexico,6,"$12,400,000
MXN","Casa en venta disponible en , Col. Barrio La Concepción, Coyoacán, DF / CDMX, México, C.P. 04020, ID: 28619249",3 Recámaras | 3 Baños | 363 m 2,https://propiedades.com/inmuebles/casa-en-venta-barrio-la-concepcion-df-28619249#pagina=6&tipos=casas-venta&area=ciudad-de-mexico&pos=8
Ciudad De Mexico,6,"$30,000,000
MXN","NUBES NORTE, Col. Jardines del Pedregal, Álvaro Obregón, DF / CDMX, México, C.P. 01900, ID: 29388151",4 Recámaras | 3 Baños | 900 m 2,https://propiedades.com/inmuebles/casa-en-venta-nubes-norte-jardines-del-pedregal-df-29388151#pagina=6&tipos=casas-venta&area=ciudad-de-mexico&pos=9
Ciudad De Mexico,6,"$49,500,000
MXN","Casa disponible en venta en , Col. Jardines del Pedregal, Álvaro Obregón, DF / CDMX, México, C.P. 01900, ID: 30440359",3 Recámaras | 4 Baños | 1026 m 2,https://propiedades.com/inmuebles/casa-en-venta-jardines-del-pedregal-df-30440359#pagina=6&tipos=casas-venta&area=ciudad-de-mexico&pos=10
Ciudad De Mexico,6,"$15,500,000
MXN","Se vende casa en Celestún, Col. Jardines del Ajusco, Tlalpan, DF / CDMX, México, C.P. 14200, ID: 30388403",4 Recámaras | 3 Baños | 533 m 2,https://propiedades.com/inmuebles/casa-en-venta-celestun-jardines-del-ajusco-df-30388403#pagina=6&tipos=casas-venta&area=ciudad-de-mexico&pos=11
Ciudad De Mexico,6,"$25,000,000
MXN","Casa en venta disponible en San Sebastian, Col. Chimalistac, Álvaro Obregón, DF / CDMX, México, C.P. 01070, ID: 30601491",5 Recámaras | 3 Baños | 677 m 2,https://propiedades.com/inmuebles/casa-en-venta-san-sebastian-chimalistac-df-30601491#pagina=6&tipos=casas-venta&area=ciudad-de-mexico&pos=12
Ciudad De Mexico,6,"$12,800,000
MXN","Venta casa en JULIAN ADAME, Col. El Molino, Cuajimalpa de Morelos, DF / CDMX, México, C.P. 05240, ID: 30271730",3 Recámaras | 3 Baños | 432 m 2,https://propiedades.com/inmuebles/casa-en-venta-julian-adame-el-molino-df-30271730#pagina=6&tipos=casas-venta&area=ciudad-de-mexico&pos=13
Ciudad De Mexico,6,"$14,450,000
MXN","Casa disponible en venta en Jimenez y Muro, Col. Periodista, Miguel Hidalgo, DF / CDMX, México, C.P. 11220, ID: 30064633",4 Recámaras | 4 Baños | 470 m 2,https://propiedades.com/inmuebles/casa-en-venta-jimenez-y-muro-periodista-df-30064633#pagina=6&tipos=casas-venta&area=ciudad-de-mexico&pos=14
Ciudad De Mexico,6,"$9,749,000
MXN","Se vende casa , Col. Guadalupe Insurgentes, Gustavo A. Madero, DF / CDMX, México, C.P. 07870, ID: 29530647",4 Recámaras | 2 Baños | 295 m 2,https://propiedades.com/inmuebles/casa-en-venta-guadalupe-insurgentes-df-29530647#pagina=6&tipos=casas-venta&area=ciudad-de-mexico&pos=15
Ciudad De Mexico,6,"$2,943,720
MXN","Venta casa en , Col. San Pedro Xalpa, Azcapotzalco, DF / CDMX, México, C.P. 02710, ID: 30949208",2 Recámaras | 2 Baños | 70 m 2,https://propiedades.com/inmuebles/casa-en-venta-san-pedro-xalpa-df-30949208#pagina=6&tipos=casas-venta&area=ciudad-de-mexico&pos=16
Ciudad De Mexico,6,"$6,300,000
MXN","Casa en venta, Comisión Nacional Agraria, Col. Federal, Venustiano Carranza, DF / CDMX, México, C.P. 15700, ID: 30419090",3 Recámaras | 2 Baños | 245 m 2,https://propiedades.com/inmuebles/casa-en-venta-comision-nacional-agraria-federal-df-30419090#pagina=6&tipos=casas-venta&area=ciudad-de-mexico&pos=17
Ciudad De Mexico,6,"$21,000,000
MXN","Se vende casa C. Sebastián Lerdo de Tejada, Col. Barrio San Francisco, La Magdalena Contreras, DF / CDMX, México, C.P. 10500, ID: 29431472",4 Recámaras | 5 Baños | 791 m 2,https://propiedades.com/inmuebles/casa-en-venta-c-sebastian-lerdo-de-tejada-barrio-san-francisco-df-29431472#pagina=6&tipos=casas-venta&area=ciudad-de-mexico&pos=18
Ciudad De Mexico,6,"$8,140,000
MXN","Se vende casa _ , Col. San Andrés Totoltepec, Tlalpan, DF / CDMX, México, C.P. 14400, ID: 30074391",3 Recámaras | 5 Baños | 318 m 2,https://propiedades.com/inmuebles/casa-en-venta-san-andres-totoltepec-df-30074391#pagina=6&tipos=casas-venta&area=ciudad-de-mexico&pos=19
Ciudad De Mexico,6,"$7,490,000
MXN","Av 535, Col. San Juan de Aragón II Sección, Gustavo A. Madero, DF / CDMX, México, C.P. 07969, ID: 30706922",4 Recámaras | 3 Baños | 355 m 2,https://propiedades.com/inmuebles/casa-en-venta-av-535-san-juan-de-aragon-ii-seccion-df-30706922#pagina=6&tipos=casas-venta&area=ciudad-de-mexico&pos=20
Ciudad De Mexico,6,"$6,350,000
MXN","Casa disponible en venta en División del Norte, Col. Lomas de Memetla, Cuajimalpa de Morelos, DF / CDMX, México, C.P. 05330, ID: 20957293",4 Recámaras | 5 Baños | 342 m 2,https://propiedades.com/inmuebles/casa-en-venta-division-del-norte-lomas-de-memetla-df-20957293#pagina=6&tipos=casas-venta&area=ciudad-de-mexico&pos=21
Ciudad De Mexico,6,"$9,985,000
MXN","Venta de casa , Col. Del Recreo, Azcapotzalco, DF / CDMX, México, C.P. 02070, ID: 30622985",3 Recámaras | 2 Baños | 200 m 2,https://propiedades.com/inmuebles/casa-en-venta-del-recreo-df-30622985#pagina=6&tipos=casas-venta&area=ciudad-de-mexico&pos=22
Ciudad De Mexico,6,"$22,900,000
MXN","Se vende casa en , Col. Jardines del Pedregal, Álvaro Obregón, DF / CDMX, México, C.P. 01900, ID: 27408293",5 Recámaras | 5 Baños | 878 m 2,https://propiedades.com/inmuebles/casa-en-venta-jardines-del-pedregal-df-27408293#pagina=6&tipos=casas-venta&area=ciudad-de-mexico&pos=23
Ciudad De Mexico,6,"$88,800,000
MXN","Se vende casa , Col. Jardines del Pedregal, Álvaro Obregón, DF / CDMX, México, C.P. 01900, ID: 30212384",4 Recámaras | 4 Baños | 1200 m 2,https://propiedades.com/inmuebles/casa-en-venta-jardines-del-pedregal-df-30212384#pagina=6&tipos=casas-venta&area=ciudad-de-mexico&pos=24
Ciudad De Mexico,6,"$15,000,000
MXN","Casa en venta disponible en Suderman, Col. Chapultepec Morales, Miguel Hidalgo, DF / CDMX, México, C.P. 11570, ID: 29486543",3 Recámaras | 2 Baños | 173 m 2,https://propiedades.com/inmuebles/casa-en-venta-suderman-chapultepec-morales-df-29486543#pagina=6&tipos=casas-venta&area=ciudad-de-mexico&pos=25
Ciudad De Mexico,6,"$2,356,200
MXN","Venta casa en , Col. Tenorios, Iztapalapa, DF / CDMX, México, C.P. 09680, ID: 31000161",3 Recámaras | 1 Baño | 105 m 2,https://propiedades.com/inmuebles/casa-en-venta-tenorios-df-31000161#pagina=6&tipos=casas-venta&area=ciudad-de-mexico&pos=26
Ciudad De Mexico,6,"$25,000,000
MXN","Se vende casa en SIERRA PARACAIMA, LOMAS DE CHAPULTEPEC, Col. Lomas de Chapultepec VII Sección, Miguel Hidalgo, DF / CDMX, México, C.P. 11000, ID: 27649479",3 Recámaras | 508 m 2,https://propiedades.com/inmuebles/casa-en-venta-sierra-paracaima-lomas-de-chapultepec-lomas-de-chapultepec-vii-seccion-df-27649479#pagina=6&tipos=casas-venta&area=ciudad-de-mexico&pos=27
Ciudad De Mexico,6,"$84,000,000
MXN","Venta de casa , Col. Peña Pobre, Tlalpan, DF / CDMX, México, C.P. 14060, ID: 30199433",5 Recámaras | 4 Baños | 1100 m 2,https://propiedades.com/inmuebles/casa-en-venta-pena-pobre-df-30199433#pagina=6&tipos=casas-venta&area=ciudad-de-mexico&pos=28
Ciudad De Mexico,6,"$23,000,000
MXN","Casa disponible en venta en bosque de Ombúes, Col. Bosque de las Lomas, Miguel Hidalgo, DF / CDMX, México, C.P. 11700, ID: 28873469",4 Recámaras | 3 Baños | 530 m 2,https://propiedades.com/inmuebles/casa-en-venta-bosque-de-ombues-bosque-de-las-lomas-df-28873469#pagina=6&tipos=casas-venta&area=ciudad-de-mexico&pos=29
Ciudad De Mexico,6,"$8,591,450
MXN","Venta de casa Camino a Fuentes Brotantes, Col. Pedregal de Santa Úrsula Xitla, Tlalpan, DF / CDMX, México, C.P. 14438, ID: 18681861",2 Recámaras | 2 Baños | 188 m 2,https://propiedades.com/inmuebles/casa-en-venta-camino-a-fuentes-brotantes-pedregal-de-santa-ursula-xitla-df-18681861#pagina=6&tipos=casas-venta&area=ciudad-de-mexico&pos=30
Ciudad De Mexico,6,"$8,000,000
MXN","Venta de casa en , Col. Campestre Coyoacán, Coyoacán, DF / CDMX, México, C.P. 04938, ID: 30690352",5 Recámaras | 2 Baños | 268 m 2,https://propiedades.com/inmuebles/casa-en-venta-campestre-coyoacan-df-30690352#pagina=6&tipos=casas-venta&area=ciudad-de-mexico&pos=31
Ciudad De Mexico,6,"$6,590,000
MXN","Se vende casa en DUNAS, Col. Residencial Acueducto de Guadalupe, Gustavo A. Madero, DF / CDMX, México, C.P. 07270, ID: 30171394",4 Recámaras | 4 Baños | 336 m 2,https://propiedades.com/inmuebles/casa-en-venta-dunas-residencial-acueducto-de-guadalupe-df-30171394#pagina=6&tipos=casas-venta&area=ciudad-de-mexico&pos=32
Ciudad De Mexico,6,"$70,000,000
MXN","Sierra Paracaima, Col. Lomas de Chapultepec VIII Sección, Miguel Hidalgo, DF / CDMX, México, C.P. 11000, ID: 30350377",4 Recámaras | 4 Baños | 900 m 2,https://propiedades.com/inmuebles/casa-en-venta-sierra-paracaima-lomas-de-chapultepec-viii-seccion-df-30350377#pagina=6&tipos=casas-venta&area=ciudad-de-mexico&pos=33
Ciudad De Mexico,6,"$3,400,000
USD","Venta de casa en Paseo de la Reforma, LOMAS DE CHAPULTEPEC, Col. Lomas de Chapultepec VII Sección, Miguel Hidalgo, DF / CDMX, México, C.P. 11000, ID: 25909046",3 Recámaras | 1350 m 2,https://propiedades.com/inmuebles/casa-en-venta-paseo-de-la-reforma-lomas-de-chapultepec-lomas-de-chapultepec-vii-seccion-df-25909046#pagina=6&tipos=casas-venta&area=ciudad-de-mexico&pos=34
Ciudad De Mexico,6,"$10,000,000
MXN","Casa disponible en venta en , Col. Tetelpan, Álvaro Obregón, DF / CDMX, México, C.P. 01700, ID: 27450172",3 Recámaras | 3 Baños | 375 m 2,https://propiedades.com/inmuebles/casa-en-venta-tetelpan-df-27450172#pagina=6&tipos=casas-venta&area=ciudad-de-mexico&pos=35
Ciudad De Mexico,6,"$9,990,000
MXN","Venta casa en Privada Nabor Carrillo #22, Col. Olivar de los Padres, Álvaro Obregón, DF / CDMX, México, C.P. 01780, ID: 30029887",4 Recámaras | 3 Baños | 300 m 2,https://propiedades.com/inmuebles/casa-en-venta-privada-nabor-carrillo-22-olivar-de-los-padres-df-30029887#pagina=6&tipos=casas-venta&area=ciudad-de-mexico&pos=36
Ciudad De Mexico,6,"$6,990,000
MXN","Venta casa en Calle Esterlinas #115, Col. Aquiles Serdán, Venustiano Carranza, DF / CDMX, México, C.P. 15430, ID: 30132854",4 Recámaras | 3 Baños | 394 m 2,https://propiedades.com/inmuebles/casa-en-venta-calle-esterlinas-115-aquiles-serdan-df-30132854#pagina=6&tipos=casas-venta&area=ciudad-de-mexico&pos=37
Ciudad De Mexico,6,"$12,000,000
MXN","Casa disponible en venta en , Col. Santa Cecilia, Coyoacán, DF / CDMX, México, C.P. 04930, ID: 30462848",3 Recámaras | 3 Baños | 360 m 2,https://propiedades.com/inmuebles/casa-en-venta-santa-cecilia-df-30462848#pagina=6&tipos=casas-venta&area=ciudad-de-mexico&pos=38
Ciudad De Mexico,6,"$14,500,000
MXN","Se vende casa , Col. Anzures, Miguel Hidalgo, DF / CDMX, México, C.P. 11590, ID: 29364373",3 Recámaras | 3 Baños | 170 m 2,https://propiedades.com/inmuebles/casa-en-venta-anzures-df-29364373#pagina=6&tipos=casas-venta&area=ciudad-de-mexico&pos=39
Ciudad De Mexico,6,"$4,990,000
MXN","Casa disponible en venta en Eduardo Molina #2110, Col. Juan González Romero, Gustavo A. Madero, DF / CDMX, México, C.P. 07410, ID: 29093972",3 Recámaras | 4 Baños | 450 m 2,https://propiedades.com/inmuebles/casa-en-venta-eduardo-molina-2110-juan-gonzalez-romero-df-29093972#pagina=6&tipos=casas-venta&area=ciudad-de-mexico&pos=40
Ciudad De Mexico,6,"$10,200,000
MXN","Venta de casa en , Col. Vertiz Narvarte, Benito Juárez, DF / CDMX, México, C.P. 03600, ID: 27483573",4 Recámaras | 3 Baños | 340 m 2,https://propiedades.com/inmuebles/casa-en-venta-vertiz-narvarte-df-27483573#pagina=6&tipos=casas-venta&area=ciudad-de-mexico&pos=41
Ciudad De Mexico,6,"$8,800,000
MXN","Venta casa en , Col. Florida, Álvaro Obregón, DF / CDMX, México, C.P. 01030, ID: 30638941",7 Recámaras | 4 Baños | 225 m 2,https://propiedades.com/inmuebles/casa-en-venta-florida-df-30638941#pagina=6&tipos=casas-venta&area=ciudad-de-mexico&pos=42
Ciudad De Mexico,6,"$2,025,108
MXN","Casa disponible en venta en , Col. San Mateo, Tláhuac, DF / CDMX, México, C.P. 13040, ID: 30458587",4 Recámaras | 2 Baños | 250 m 2,https://propiedades.com/inmuebles/casa-en-venta-san-mateo-df-30458587#pagina=6&tipos=casas-venta&area=ciudad-de-mexico&pos=43
Ciudad De Mexico,6,"$15,850,000
MXN","Casa disponible en venta en SALVATIERRA, Col. San Miguel Chapultepec II Sección, Miguel Hidalgo, DF / CDMX, México, C.P. 11850, ID: 30243302",4 Recámaras | 2 Baños | 233 m 2,https://propiedades.com/inmuebles/casa-en-venta-salvatierra-san-miguel-chapultepec-ii-seccion-df-30243302#pagina=6&tipos=casas-venta&area=ciudad-de-mexico&pos=44
Ciudad De Mexico,6,"$6,500,000
MXN","Casa en venta disponible en , Col. Educación, Coyoacán, DF / CDMX, México, C.P. 04400, ID: 30650617",3 Recámaras | 3 Baños | 152 m 2,https://propiedades.com/inmuebles/casa-en-venta-educacion-df-30650617#pagina=6&tipos=casas-venta&area=ciudad-de-mexico&pos=45
Ciudad De Mexico,6,"$14,800,000
MXN","Venta de casa , Col. Barrio San Lucas, Coyoacán, DF / CDMX, México, C.P. 04030, ID: 27477190",4 Recámaras | 4 Baños | 720 m 2,https://propiedades.com/inmuebles/casa-en-venta-barrio-san-lucas-df-27477190#pagina=6&tipos=casas-venta&area=ciudad-de-mexico&pos=46
Ciudad De Mexico,6,"$29,900,000
MXN","Venta casa en Altavista, Paseo de las Lomas, Col. Paseo de las Lomas, Álvaro Obregón, DF / CDMX, México, C.P. 01330, ID: 29210652",4 Recámaras | 750 m 2,https://propiedades.com/inmuebles/casa-en-venta-altavista-paseo-de-las-lomas-paseo-de-las-lomas-df-29210652#pagina=6&tipos=casas-venta&area=ciudad-de-mexico&pos=47
Ciudad De Mexico,7,"$8,300,000
MXN","Casa en venta, Paseo del Pregonero, Colinas del Sur, Col. Colina del Sur, Álvaro Obregón, DF / CDMX, México, C.P. 01430, ID: 30650529",4 Recámaras | 227 m 2,https://propiedades.com/inmuebles/casa-en-venta-paseo-del-pregonero-colinas-del-sur-colina-del-sur-df-30650529#pagina=7&tipos=casas-venta&area=ciudad-de-mexico&pos=1
Ciudad De Mexico,7,"$13,600,000
MXN","Venta casa en , Col. San José Insurgentes, Benito Juárez, DF / CDMX, México, C.P. 03900, ID: 27479236",3 Recámaras | 3 Baños | 220 m 2,https://propiedades.com/inmuebles/casa-en-venta-san-jose-insurgentes-df-27479236#pagina=7&tipos=casas-venta&area=ciudad-de-mexico&pos=2
Ciudad De Mexico,7,"$17,000,000
MXN","Venta casa en , Col. Campestre, Álvaro Obregón, DF / CDMX, México, C.P. 01040, ID: 24102920",9 Recámaras | 8 Baños | 340 m 2,https://propiedades.com/inmuebles/casa-en-venta-campestre-df-24102920#pagina=7&tipos=casas-venta&area=ciudad-de-mexico&pos=3
Ciudad De Mexico,7,"$4,000,000
MXN","Casa disponible en venta en Calle Cedro 8 #8, Col. Santa Maria La Ribera, Cuauhtémoc, DF / CDMX, México, C.P. 06400, ID: 29925960",3 Recámaras | 1 Baño | 123 m 2,https://propiedades.com/inmuebles/casa-en-venta-calle-cedro-8-8-santa-maria-la-ribera-df-29925960#pagina=7&tipos=casas-venta&area=ciudad-de-mexico&pos=4
Ciudad De Mexico,7,"$18,450,000
MXN","Se vende casa en Naranjo, Col. Florida, Álvaro Obregón, DF / CDMX, México, C.P. 01030, ID: 26643278",3 Recámaras | 3 Baños | 350 m 2,https://propiedades.com/inmuebles/casa-en-venta-naranjo-florida-df-26643278#pagina=7&tipos=casas-venta&area=ciudad-de-mexico&pos=5
Ciudad De Mexico,7,"$5,700,000
MXN","Venta de casa JACARANDAS, Col. Victoria de las Democracias, Azcapotzalco, Col. Victoria de las Democracias, Azcapotzalco, DF / CDMX, México, C.P. 02810, ID: 23227400",1 Recámara | 195 m 2,https://propiedades.com/inmuebles/casa-en-venta-jacarandas-col-victoria-de-las-democracias-azcapotzalco-victoria-de-las-democracias-df-23227400#pagina=7&tipos=casas-venta&area=ciudad-de-mexico&pos=6
Ciudad De Mexico,7,"$4,100,000
MXN","Casa disponible en venta en , Col. San Pedro Mártir, Tlalpan, DF / CDMX, México, C.P. 14650, ID: 27114078",4 Recámaras | 2 Baños | 278 m 2,https://propiedades.com/inmuebles/casa-en-venta-san-pedro-martir-df-27114078#pagina=7&tipos=casas-venta&area=ciudad-de-mexico&pos=7
Ciudad De Mexico,7,"$12,000,000
MXN",", Col. Del Carmen, Coyoacán, DF / CDMX, México, C.P. 04100, ID: 27473231",3 Recámaras | 3 Baños | 160 m 2,https://propiedades.com/inmuebles/casa-en-venta-del-carmen-df-27473231#pagina=7&tipos=casas-venta&area=ciudad-de-mexico&pos=8
Ciudad De Mexico,7,"$5,000,000
MXN","Se vende casa Managua, 07300 Ciudad de México, CDMXInt. 724, Col. Lindavista Norte, Gustavo A. Madero, DF / CDMX, México, C.P. 07300, ID: 30734533",4 Recámaras | 2 Baños | 200 m 2,https://propiedades.com/inmuebles/casa-en-venta-managua-07300-ciudad-de-mexico-cdmx-lindavista-norte-df-30734533#pagina=7&tipos=casas-venta&area=ciudad-de-mexico&pos=9
Ciudad De Mexico,7,"$9,000,000
MXN","Se vende casa HERRADURA, Col. Villa Tlalpan, Tlalpan, DF / CDMX, México, C.P. 14630, ID: 30113869",3 Recámaras | 3 Baños | 290 m 2,https://propiedades.com/inmuebles/casa-en-venta-herradura-villa-tlalpan-df-30113869#pagina=7&tipos=casas-venta&area=ciudad-de-mexico&pos=10
Ciudad De Mexico,7,"$2,980,000
MXN","Venta casa en Guanajuato, Col. San Felipe de Jesús, Gustavo A. Madero, DF / CDMX, México, C.P. 07510, ID: 30699170",2 Recámaras | 1 Baño | 120 m 2,https://propiedades.com/inmuebles/casa-en-venta-guanajuato-san-felipe-de-jesus-df-30699170#pagina=7&tipos=casas-venta&area=ciudad-de-mexico&pos=11
Ciudad De Mexico,7,"$6,800,000
MXN","Celestun 429, Col. Héroes de Padierna, La Magdalena Contreras, DF / CDMX, México, C.P. 10700, ID: 30538629",6 Recámaras | 6 Baños | 502 m 2,https://propiedades.com/inmuebles/casa-en-venta-celestun-429-heroes-de-padierna-df-30538629#pagina=7&tipos=casas-venta&area=ciudad-de-mexico&pos=12
Ciudad De Mexico,7,"$3,200,000
MXN","Venta casa en Mata Obscura, Santa Fe, Jalalpa Tepito 2da Amp, Ciudad de México, CDMX #00Int. 00, Col. Jalalpa El Grande, Álvaro Obregón, DF / CDMX, México, C.P. 01377, ID: 30774815",5 Recámaras | 2 Baños | 280 m 2,https://propiedades.com/inmuebles/casa-en-venta-mata-obscura-santa-fe-jalalpa-tepito-2da-amp-ciudad-de-mexico-cdmx-00-jalalpa-el-grande-df-30774815#pagina=7&tipos=casas-venta&area=ciudad-de-mexico&pos=13
Ciudad De Mexico,7,"$6,821,656
MXN","Venta de casa en Calle San Borja 1158, Narvarte Poniente, Benito Juárez, 03020 Ciudad de México, CDMX #1158, Col. Narvarte Poniente, Benito Juárez, DF / CDMX, México, C.P. 03020, ID: 30839490",4 Recámaras | 4 Baños | 158 m 2,https://propiedades.com/inmuebles/casa-en-venta-calle-san-borja-1158-narvarte-poniente-benito-juarez-03020-ciudad-de-mexico-cdmx-1158-narvarte-poniente-df-30839490#pagina=7&tipos=casas-venta&area=ciudad-de-mexico&pos=14
Ciudad De Mexico,7,"$4,613,000
MXN","Se vende casa Av. Los Angeles, San Sebastián Tecoloxtitla, Iztapalapa, 09520 Ciudad de México, CDMX, Col. El Edén, Iztapalapa, DF / CDMX, México, C.P. 09520, ID: 30697023",5 Recámaras | 3 Baños | 296 m 2,https://propiedades.com/inmuebles/casa-en-venta-av-los-angeles-san-sebastian-tecoloxtitla-iztapalapa-09520-ciudad-de-mexico-cdmx-el-eden-df-30697023#pagina=7&tipos=casas-venta&area=ciudad-de-mexico&pos=15
Ciudad De Mexico,7,"$7,350,000
MXN","Se vende casa Cjon. de Soledad 29, San Nicolás Totolapan, La Magdalena Contreras, 10900 Ciudad de México, CDMX #29, Col. San Nicolás Totolapan, La Magdalena Contreras, DF / CDMX, México, C.P. 10900, ID: 30784905",3 Recámaras | 2 Baños | 182 m 2,https://propiedades.com/inmuebles/casa-en-venta-cjon-de-soledad-29-san-nicolas-totolapan-la-magdalena-contreras-10900-ciudad-de-mexico-cdmx-29-san-nicolas-totolapan-df-30784905#pagina=7&tipos=casas-venta&area=ciudad-de-mexico&pos=16
Ciudad De Mexico,7,"$5,300,000
MXN","Venta de casa en , Col. Portales Sur, Benito Juárez, DF / CDMX, México, C.P. 03300, ID: 28702620",2 Recámaras | 2 Baños | 114 m 2,https://propiedades.com/inmuebles/casa-en-venta-portales-sur-df-28702620#pagina=7&tipos=casas-venta&area=ciudad-de-mexico&pos=17
Ciudad De Mexico,7,"$25,500,000
MXN","Casa disponible en venta en Donatello #1, Col. Insurgentes Mixcoac, Benito Juárez, DF / CDMX, México, C.P. 03920, ID: 27477469",4 Recámaras | 3 Baños | 486 m 2,https://propiedades.com/inmuebles/casa-en-venta-donatello-1-insurgentes-mixcoac-df-27477469#pagina=7&tipos=casas-venta&area=ciudad-de-mexico&pos=18
Ciudad De Mexico,7,"$11,000,000
MXN","Se vende casa en Centro Urbano Pdte. Juárez, Roma Sur, 06760 Ciudad de México, CDMX #15, Col. Roma Sur, Cuauhtémoc, DF / CDMX, México, C.P. 06760, ID: 30838240",4 Recámaras | 3 Baños | 147 m 2,https://propiedades.com/inmuebles/casa-en-venta-centro-urbano-pdte-juarez-roma-sur-06760-ciudad-de-mexico-cdmx-15-roma-sur-df-30838240#pagina=7&tipos=casas-venta&area=ciudad-de-mexico&pos=19
Ciudad De Mexico,7,"$8,580,000
MXN","Casa en venta disponible en C. Tanger 33, Romero Rubio, Venustiano Carranza, 15400 Ciudad de México, CDMX #33, Col. Romero Rubio, Venustiano Carranza, DF / CDMX, México, C.P. 15400, ID: 30815157",7 Recámaras | 2 Baños | 381 m 2,https://propiedades.com/inmuebles/casa-en-venta-c-tanger-33-romero-rubio-venustiano-carranza-15400-ciudad-de-mexico-cdmx-33-romero-rubio-df-30815157#pagina=7&tipos=casas-venta&area=ciudad-de-mexico&pos=20
Ciudad De Mexico,7,"$11,000,000
MXN","Casa disponible en venta en Roma Sur, Cuauhtémoc, 06760 Ciudad de México, CDMX, Col. Roma Sur, Cuauhtémoc, DF / CDMX, México, C.P. 06760, ID: 30765891",4 Recámaras | 4 Baños | 147 m 2,https://propiedades.com/inmuebles/casa-en-venta-roma-sur-cuauhtemoc-06760-ciudad-de-mexico-cdmx-roma-sur-df-30765891#pagina=7&tipos=casas-venta&area=ciudad-de-mexico&pos=21
Ciudad De Mexico,7,"$11,700,000
MXN","Venta casa en , Col. Tetelpan, Álvaro Obregón, DF / CDMX, México, C.P. 01700, ID: 27450173",5 Recámaras | 5 Baños | 380 m 2,https://propiedades.com/inmuebles/casa-en-venta-tetelpan-df-27450173#pagina=7&tipos=casas-venta&area=ciudad-de-mexico&pos=22
Ciudad De Mexico,7,"$12,500,000
MXN","Venta de casa en Desierto de los Leones 5228, Tetelpan, Álvaro Obregón, 01700 Ciudad de México, CDMX #5228, Col. La Joyita del Pueblo Tetelpan, Álvaro Obregón, DF / CDMX, México, C.P. 01700, ID: 30796464",3 Recámaras | 3 Baños | 360 m 2,https://propiedades.com/inmuebles/casa-en-venta-desierto-de-los-leones-5228-tetelpan-alvaro-obregon-01700-ciudad-de-mexico-cdmx-5228-la-joyita-del-pueblo-tetelpan-df-30796464#pagina=7&tipos=casas-venta&area=ciudad-de-mexico&pos=23
Ciudad De Mexico,7,"$4,900,000
USD","Venta de casa Lomas altas, Col. Lomas Altas, Miguel Hidalgo, DF / CDMX, México, C.P. 11950, ID: 30022421",3 Recámaras | 3 Baños | 650 m 2,https://propiedades.com/inmuebles/casa-en-venta-lomas-altas-lomas-altas-df-30022421#pagina=7&tipos=casas-venta&area=ciudad-de-mexico&pos=24
Ciudad De Mexico,7,"$80,000,000
MXN","Casa en venta, Jardines del Pedregal, 01900 Ciudad de México, CDMX, Col. Jardines del Pedregal, Álvaro Obregón, DF / CDMX, México, C.P. 01900, ID: 30435780",5 Recámaras | 5 Baños | 1904 m 2,https://propiedades.com/inmuebles/casa-en-venta-jardines-del-pedregal-01900-ciudad-de-mexico-cdmx-jardines-del-pedregal-df-30435780#pagina=7&tipos=casas-venta&area=ciudad-de-mexico&pos=25
Ciudad De Mexico,7,"$10,900,000
MXN","Se vende casa Rómulo o farril, Col. Las Águilas, Álvaro Obregón, DF / CDMX, México, C.P. 01048, ID: 27342418",3 Recámaras | 4 Baños | 324 m 2,https://propiedades.com/inmuebles/casa-en-venta-romulo-o-farril-las-aguilas-df-27342418#pagina=7&tipos=casas-venta&area=ciudad-de-mexico&pos=26
Ciudad De Mexico,7,"$12,000,000
MXN","Venta casa en Del Río 42, Toriello Guerra, Tlalpan, 14050 Ciudad de México, CDMX #42, Col. Toriello Guerra, Tlalpan, DF / CDMX, México, C.P. 14050, ID: 30972512",4 Recámaras | 3 Baños,https://propiedades.com/inmuebles/casa-en-venta-del-rio-42-toriello-guerra-tlalpan-14050-ciudad-de-mexico-cdmx-42-toriello-guerra-df-30972512#pagina=7&tipos=casas-venta&area=ciudad-de-mexico&pos=27
Ciudad De Mexico,7,"$13,500,000
MXN","Casa en venta, , Col. Santa Fe Cuajimalpa, Cuajimalpa de Morelos, DF / CDMX, México, C.P. 05348, ID: 28728617",3 Recámaras | 2 Baños | 251 m 2,https://propiedades.com/inmuebles/casa-en-venta-santa-fe-cuajimalpa-df-28728617#pagina=7&tipos=casas-venta&area=ciudad-de-mexico&pos=28
Ciudad De Mexico,7,"$6,490,000
MXN","Venta casa en Primera Cerrada de Camino al Mirador, Col. San Lucas Xochimanca, Xochimilco, DF / CDMX, México, C.P. 16300, ID: 24345390",3 Recámaras | 2 Baños | 490 m 2,https://propiedades.com/inmuebles/casa-en-venta-primera-cerrada-de-camino-al-mirador-san-lucas-xochimanca-df-24345390#pagina=7&tipos=casas-venta&area=ciudad-de-mexico&pos=29
Ciudad De Mexico,7,"$1,499,000
MXN","Casa disponible en venta en Tetrazzini, Col. Peralvillo, Cuauhtémoc, DF / CDMX, México, C.P. 06220, ID: 29978780",1 Recámara | 1 Baño | 65 m 2,https://propiedades.com/inmuebles/casa-en-venta-tetrazzini-peralvillo-df-29978780#pagina=7&tipos=casas-venta&area=ciudad-de-mexico&pos=30
Ciudad De Mexico,7,"$65,000,000
MXN","Casa en venta disponible en , Col. Real de las Lomas, Miguel Hidalgo, DF / CDMX, México, C.P. 11920, ID: 30515752",4 Recámaras | 4 Baños | 1169 m 2,https://propiedades.com/inmuebles/casa-en-venta-real-de-las-lomas-df-30515752#pagina=7&tipos=casas-venta&area=ciudad-de-mexico&pos=31
Ciudad De Mexico,7,"$19,800,000
MXN","Venta casa en Las Flores #s/n, Col. Tlacopac, Álvaro Obregón, DF / CDMX, México, C.P. 01049, ID: 30372898",8 Recámaras | 8 Baños | 620 m 2,https://propiedades.com/inmuebles/casa-en-venta-las-flores-sn-tlacopac-df-30372898#pagina=7&tipos=casas-venta&area=ciudad-de-mexico&pos=32
Ciudad De Mexico,7,"$5,200,000
MXN","Se vende casa en Pl. Baratillo, Dr Alfonso Ortiz Tirado, 09020 Ciudad de México, CDMX, Col. Dr. Alfonso Ortiz Tirado, Iztapalapa, DF / CDMX, México, C.P. 09020, ID: 30728860",3 Recámaras | 2 Baños | 331 m 2,https://propiedades.com/inmuebles/casa-en-venta-pl-baratillo-dr-alfonso-ortiz-tirado-09020-ciudad-de-mexico-cdmx-dr-alfonso-ortiz-tirado-df-30728860#pagina=7&tipos=casas-venta&area=ciudad-de-mexico&pos=33
Ciudad De Mexico,7,"$97,900,000
MXN","Se vende casa Avenida Poetas 100 A Bosque Escondido, Col. Santa Fe Cuajimalpa, Cuajimalpa de Morelos, DF / CDMX, México, C.P. 05348, ID: 30392965",5 Recámaras | 5 Baños | 1065 m 2,https://propiedades.com/inmuebles/casa-en-venta-avenida-poetas-100-a-bosque-escondido-santa-fe-cuajimalpa-df-30392965#pagina=7&tipos=casas-venta&area=ciudad-de-mexico&pos=34
Ciudad De Mexico,7,"$12,000,000
MXN","Calz de los desiertos de los leones #4694, Col. Lomas de los Angeles del Pueblo Tetelpan, Álvaro Obregón, DF / CDMX, México, C.P. 01790, ID: 29507421",3 Recámaras | 4 Baños | 256 m 2,https://propiedades.com/inmuebles/casa-en-venta-calz-de-los-desiertos-de-los-leones-4694-lomas-de-los-angeles-del-pueblo-tetelpan-df-29507421#pagina=7&tipos=casas-venta&area=ciudad-de-mexico&pos=35
Ciudad De Mexico,7,"$11,800,000
MXN","Miguel Lerdo de tejada #40, Col. San Jerónimo Lídice, La Magdalena Contreras, DF / CDMX, México, C.P. 10200, ID: 30682195",4 Recámaras | 3 Baños | 270 m 2,https://propiedades.com/inmuebles/casa-en-venta-miguel-lerdo-de-tejada-40-san-jeronimo-lidice-df-30682195#pagina=7&tipos=casas-venta&area=ciudad-de-mexico&pos=36
Ciudad De Mexico,7,"$27,000,000
MXN","Se vende casa Privada de Rosaleda 51, Col. Lomas Altas, Miguel Hidalgo, DF / CDMX, México, C.P. 11950, ID: 30488220",3 Recámaras | 3 Baños | 433 m 2,https://propiedades.com/inmuebles/casa-en-venta-privada-de-rosaleda-51-lomas-altas-df-30488220#pagina=7&tipos=casas-venta&area=ciudad-de-mexico&pos=37
Ciudad De Mexico,7,"$41,500,000
MXN","Venta de casa , Col. Lomas de Chapultepec I Sección, Miguel Hidalgo, DF / CDMX, México, C.P. 11000, ID: 30595815",3 Recámaras | 3 Baños | 650 m 2,https://propiedades.com/inmuebles/casa-en-venta-lomas-de-chapultepec-i-seccion-df-30595815#pagina=7&tipos=casas-venta&area=ciudad-de-mexico&pos=38
Ciudad De Mexico,7,"$9,900,000
MXN","Casa disponible en venta en Cda Albatroces #22, Col. Lomas de las Águilas, Álvaro Obregón, DF / CDMX, México, C.P. 01730, ID: 30426701",3 Recámaras | 3 Baños | 444 m 2,https://propiedades.com/inmuebles/casa-en-venta-cda-albatroces-22-lomas-de-las-aguilas-df-30426701#pagina=7&tipos=casas-venta&area=ciudad-de-mexico&pos=39
Ciudad De Mexico,7,"$18,500,000
MXN","Dr. Nabor Carrillo #62, Col. Olivar de los Padres, Álvaro Obregón, DF / CDMX, México, C.P. 01780, ID: 29507414",3 Recámaras | 3 Baños | 518 m 2,https://propiedades.com/inmuebles/casa-en-venta-dr-nabor-carrillo-62-olivar-de-los-padres-df-29507414#pagina=7&tipos=casas-venta&area=ciudad-de-mexico&pos=40
Ciudad De Mexico,7,"$19,800,000
MXN","Venta de casa en Las Flores #s/n, Col. Campestre, Álvaro Obregón, DF / CDMX, México, C.P. 01040, ID: 30372895",8 Recámaras | 8 Baños | 620 m 2,https://propiedades.com/inmuebles/casa-en-venta-las-flores-sn-campestre-df-30372895#pagina=7&tipos=casas-venta&area=ciudad-de-mexico&pos=41
Ciudad De Mexico,7,"$38,000,000
MXN","Casa en venta disponible en Sierra Fría, 11000 Ciudad de México, CDMX, Col. Lomas de Chapultepec V Sección, Miguel Hidalgo, DF / CDMX, México, C.P. 11000, ID: 30808831",4 Recámaras | 4 Baños | 514 m 2,https://propiedades.com/inmuebles/casa-en-venta-sierra-fria-11000-ciudad-de-mexico-cdmx-lomas-de-chapultepec-v-seccion-df-30808831#pagina=7&tipos=casas-venta&area=ciudad-de-mexico&pos=42
Ciudad De Mexico,7,"$11,000,000
MXN","Se vende casa en Coatepec, Roma Sur, 06760 Ciudad de México, CDMX #15, Col. Roma Sur, Cuauhtémoc, DF / CDMX, México, C.P. 06760, ID: 30808744",4 Recámaras | 3 Baños | 312 m 2,https://propiedades.com/inmuebles/casa-en-venta-coatepec-roma-sur-06760-ciudad-de-mexico-cdmx-15-roma-sur-df-30808744#pagina=7&tipos=casas-venta&area=ciudad-de-mexico&pos=43
Ciudad De Mexico,7,"$14,750,000
MXN","Venta casa en Vicente Guerrero #41, Col. Culhuacán, Iztapalapa, DF / CDMX, México, C.P. 09800, ID: 30559437",5 Recámaras | 1 Baño | 752 m 2,https://propiedades.com/inmuebles/casa-en-venta-vicente-guerrero-41-culhuacan-df-30559437#pagina=7&tipos=casas-venta&area=ciudad-de-mexico&pos=44
Ciudad De Mexico,7,"$75,000,000
MXN","Casa en venta, Picacho #242, Col. Jardines del Pedregal, Álvaro Obregón, DF / CDMX, México, C.P. 01900, ID: 30567814",5 Recámaras | 5 Baños | 1200 m 2,https://propiedades.com/inmuebles/casa-en-venta-picacho-242-jardines-del-pedregal-df-30567814#pagina=7&tipos=casas-venta&area=ciudad-de-mexico&pos=45
Ciudad De Mexico,7,"$17,000,000
MXN","Se vende casa Pitágoras, Col. Narvarte Poniente, Benito Juárez, DF / CDMX, México, C.P. 03020, ID: 14111587",4 Recámaras | 2 Baños | 253 m 2,
Ciudad De Mexico,7,"$12,000,000
MXN","Venta de casa Beta 53, Romero de Terreros, Coyoacán, 04310 Ciudad de México, CDMX #53, Col. Monte de Piedad, Coyoacán, DF / CDMX, México, C.P. 04310, ID: 30389927",3 Recámaras | 3 Baños | 374 m 2,https://propiedades.com/inmuebles/casa-en-venta-beta-53-romero-de-terreros-coyoacan-04310-ciudad-de-mexico-cdmx-53-monte-de-piedad-df-30389927#pagina=7&tipos=casas-venta&area=ciudad-de-mexico&pos=47
Ciudad De Mexico,8,"$6,645,000
MXN","Se vende casa Xocongo #242, Col. Transito, Cuauhtémoc, DF / CDMX, México, C.P. 06820, ID: 30180514",4 Recámaras | 4 Baños | 380 m 2,https://propiedades.com/inmuebles/casa-en-venta-xocongo-242-transito-df-30180514#pagina=8&tipos=casas-venta&area=ciudad-de-mexico&pos=1
Ciudad De Mexico,8,"$19,222,000
MXN","camelia #36, Col. Florida, Álvaro Obregón, DF / CDMX, México, C.P. 01030, ID: 30433835",3 Recámaras | 2 Baños | 306 m 2,https://propiedades.com/inmuebles/casa-en-venta-camelia-36-florida-df-30433835#pagina=8&tipos=casas-venta&area=ciudad-de-mexico&pos=2
Ciudad De Mexico,8,"$17,161,000
MXN","Rousseau, Anzures, 11590 Ciudad de México, CDMX, Col. Anzures, Miguel Hidalgo, DF / CDMX, México, C.P. 11590, ID: 30563310",5 Recámaras | 4 Baños | 247 m 2,https://propiedades.com/inmuebles/casa-en-venta-rousseau-anzures-11590-ciudad-de-mexico-cdmx-anzures-df-30563310#pagina=8&tipos=casas-venta&area=ciudad-de-mexico&pos=3
Ciudad De Mexico,8,"$13,300,000
MXN","Avenida, Col. Alcantarilla, Álvaro Obregón, DF / CDMX, México, C.P. 01729, ID: 26570519",3 Recámaras | 3 Baños | 700 m 2,https://propiedades.com/inmuebles/casa-en-venta-avenida-alcantarilla-df-26570519#pagina=8&tipos=casas-venta&area=ciudad-de-mexico&pos=4
Ciudad De Mexico,8,"$19,800,000
MXN",", Col. San Jerónimo Lídice, La Magdalena Contreras, DF / CDMX, México, C.P. 10200, ID: 30328747",3 Recámaras | 3 Baños | 343 m 2,https://propiedades.com/inmuebles/casa-en-venta-san-jeronimo-lidice-df-30328747#pagina=8&tipos=casas-venta&area=ciudad-de-mexico&pos=5
Ciudad De Mexico,8,"$69,498,990
MXN","_ , Col. Jardines del Pedregal, Álvaro Obregón, DF / CDMX, México, C.P. 01900, ID: 28875382",3 Recámaras | 3 Baños | 703 m 2,https://propiedades.com/inmuebles/casa-en-venta-jardines-del-pedregal-df-28875382#pagina=8&tipos=casas-venta&area=ciudad-de-mexico&pos=6
Ciudad De Mexico,8,"$28,000,000
MXN","Casa en venta, Sierra Amatepec, Col. Lomas de Chapultepec I Sección, Miguel Hidalgo, DF / CDMX, México, C.P. 11000, ID: 26928679",4 Recámaras | 3 Baños | 710 m 2,https://propiedades.com/inmuebles/casa-en-venta-sierra-amatepec-lomas-de-chapultepec-i-seccion-df-26928679#pagina=8&tipos=casas-venta&area=ciudad-de-mexico&pos=7
Ciudad De Mexico,8,"$11,500,000
MXN","Se vende casa Lomas de Anáhuac, Col. Lomas de Tarango, Álvaro Obregón, DF / CDMX, México, C.P. 01620, ID: 30488223",4 Recámaras | 3 Baños | 344 m 2,https://propiedades.com/inmuebles/casa-en-venta-lomas-de-anahuac-lomas-de-tarango-df-30488223#pagina=8&tipos=casas-venta&area=ciudad-de-mexico&pos=8
Ciudad De Mexico,8,"$15,500,000
MXN","Venta de casa en Cerrada Loma Nevada, Col. Lomas Altas, Miguel Hidalgo, DF / CDMX, México, C.P. 11950, ID: 30401933",3 Recámaras | 3 Baños | 510 m 2,https://propiedades.com/inmuebles/casa-en-venta-cerrada-loma-nevada-lomas-altas-df-30401933#pagina=8&tipos=casas-venta&area=ciudad-de-mexico&pos=9
Ciudad De Mexico,8,"$15,728,000
MXN","Col. Adolfo López Mateos, Cuajimalpa de Morelos, DF / CDMX, México, C.P. 05280, ID: 29394171",5 Recámaras | 4 Baños | 520 m 2,
Ciudad De Mexico,8,"$7,341,145
MXN","Casa en venta, El greco, Col. Mixcoac, Benito Juárez, DF / CDMX, México, C.P. 03910, ID: 25917947",2 Recámaras | 2 Baños | 130 m 2,https://propiedades.com/inmuebles/casa-en-venta-el-greco-mixcoac-df-25917947#pagina=8&tipos=casas-venta&area=ciudad-de-mexico&pos=11
Ciudad De Mexico,8,"$3,250,000
USD",", Col. Lomas de Chapultepec I Sección, Miguel Hidalgo, DF / CDMX, México, C.P. 11000, ID: 27275208",4 Recámaras | 4 Baños | 650 m 2,https://propiedades.com/inmuebles/casa-en-venta-lomas-de-chapultepec-i-seccion-df-27275208#pagina=8&tipos=casas-venta&area=ciudad-de-mexico&pos=12
Ciudad De Mexico,8,"$24,000,000
MXN","Se vende casa en , Col. Bosque de las Lomas, Miguel Hidalgo, DF / CDMX, México, C.P. 11700, ID: 28496609",4 Recámaras | 3 Baños | 561 m 2,https://propiedades.com/inmuebles/casa-en-venta-bosque-de-las-lomas-df-28496609#pagina=8&tipos=casas-venta&area=ciudad-de-mexico&pos=13
Ciudad De Mexico,8,"$12,200,000
MXN","Se vende casa Independencia #7, Col. Tizapan, Álvaro Obregón, DF / CDMX, México, C.P. 01090, ID: 29507417",3 Recámaras | 4 Baños | 281 m 2,https://propiedades.com/inmuebles/casa-en-venta-independencia-7-tizapan-df-29507417#pagina=8&tipos=casas-venta&area=ciudad-de-mexico&pos=14
Ciudad De Mexico,8,"$55,000,000
MXN","Venta de casa Lomas de Chapultepec, Col. Lomas de Chapultepec IV Sección, Miguel Hidalgo, DF / CDMX, México, C.P. 11000, ID: 30617516",4 Recámaras | 4 Baños | 600 m 2,https://propiedades.com/inmuebles/casa-en-venta-lomas-de-chapultepec-lomas-de-chapultepec-iv-seccion-df-30617516#pagina=8&tipos=casas-venta&area=ciudad-de-mexico&pos=15
Ciudad De Mexico,8,"$15,300,000
MXN","Casa en venta disponible en Bochil, Col. Héroes de Padierna, Tlalpan, DF / CDMX, México, C.P. 14200, ID: 30454417",4 Recámaras | 5 Baños | 770 m 2,https://propiedades.com/inmuebles/casa-en-venta-bochil-heroes-de-padierna-df-30454417#pagina=8&tipos=casas-venta&area=ciudad-de-mexico&pos=16
Ciudad De Mexico,8,"$24,900,000
MXN","Altavista, Col. Santa Fe Cuajimalpa, Cuajimalpa de Morelos, DF / CDMX, México, C.P. 05348, ID: 30680909",4 Recámaras | 4 Baños | 550 m 2,https://propiedades.com/inmuebles/casa-en-venta-altavista-santa-fe-cuajimalpa-df-30680909#pagina=8&tipos=casas-venta&area=ciudad-de-mexico&pos=17
Ciudad De Mexico,8,"$12,000,000
MXN","Se vende casa C. Fragonard 45, San Juan, Benito Juárez, 03730 Ciudad de México, CDMX #45, Col. San Juan, Benito Juárez, DF / CDMX, México, C.P. 03730, ID: 30576512",7 Recámaras | 4 Baños | 330 m 2,https://propiedades.com/inmuebles/casa-en-venta-c-fragonard-45-san-juan-benito-juarez-03730-ciudad-de-mexico-cdmx-45-san-juan-df-30576512#pagina=8&tipos=casas-venta&area=ciudad-de-mexico&pos=18
Ciudad De Mexico,8,"$10,600,000
MXN","Casa disponible en venta en Guerrero 25, Tizapán San Ángel, Progreso, Álvaro Obregón, 01080 Ciudad de México, CDMX #25, Col. Progreso Tizapan, Álvaro Obregón, DF / CDMX, México, C.P. 01080, ID: 30703075",3 Recámaras | 3 Baños | 429 m 2,https://propiedades.com/inmuebles/casa-en-venta-guerrero-25-tizapan-san-angel-progreso-alvaro-obregon-01080-ciudad-de-mexico-cdmx-25-progreso-tizapan-df-30703075#pagina=8&tipos=casas-venta&area=ciudad-de-mexico&pos=19
Ciudad De Mexico,8,"$23,000,000
MXN","Avenida Bernardo Quintana 75, Col. Santa Fe La Loma, Álvaro Obregón, DF / CDMX, México, C.P. 01376, ID: 30441092",3 Recámaras | 3 Baños | 346 m 2,https://propiedades.com/inmuebles/casa-en-venta-avenida-bernardo-quintana-75-santa-fe-la-loma-df-30441092#pagina=8&tipos=casas-venta&area=ciudad-de-mexico&pos=20
Ciudad De Mexico,8,"$40,000,000
MXN",", Col. Bosques de las Lomas, Cuajimalpa de Morelos, DF / CDMX, México, C.P. 05120, ID: 30515768",4 Recámaras | 4 Baños | 650 m 2,https://propiedades.com/inmuebles/casa-en-venta-bosques-de-las-lomas-df-30515768#pagina=8&tipos=casas-venta&area=ciudad-de-mexico&pos=21
Ciudad De Mexico,8,"$4,035,200
MXN","Se vende casa en Josefa Ortiz de Dominguez #147B, Col. San Diego, Xochimilco, DF / CDMX, México, C.P. 16080, ID: 30692388",2 Recámaras | 2 Baños | 260 m 2,https://propiedades.com/inmuebles/casa-en-venta-josefa-ortiz-de-dominguez-147b-san-diego-df-30692388#pagina=8&tipos=casas-venta&area=ciudad-de-mexico&pos=22
Ciudad De Mexico,8,"$24,900,000
MXN","Venta de casa , Col. Bosque de las Lomas, Miguel Hidalgo, DF / CDMX, México, C.P. 11700, ID: 28496589",3 Recámaras | 3 Baños | 530 m 2,https://propiedades.com/inmuebles/casa-en-venta-bosque-de-las-lomas-df-28496589#pagina=8&tipos=casas-venta&area=ciudad-de-mexico&pos=23
Ciudad De Mexico,8,"$10,290,000
MXN","Casa en venta disponible en Mariano Matamoros, Col. Tlalpan Centro, Tlalpan, DF / CDMX, México, C.P. 14000, ID: 19009394",3 Recámaras | 3 Baños | 320 m 2,https://propiedades.com/inmuebles/casa-en-venta-mariano-matamoros-tlalpan-centro-df-19009394#pagina=8&tipos=casas-venta&area=ciudad-de-mexico&pos=24
Ciudad De Mexico,8,"$6,900,000
MXN","Venta casa en carretera mexico toluca #5468, Col. El Yaqui, Cuajimalpa de Morelos, DF / CDMX, México, C.P. 05320, ID: 29879705",4 Recámaras | 3 Baños | 237 m 2,https://propiedades.com/inmuebles/casa-en-venta-carretera-mexico-toluca-5468-el-yaqui-df-29879705#pagina=8&tipos=casas-venta&area=ciudad-de-mexico&pos=25
Ciudad De Mexico,8,"$18,000,000
MXN","Venta de casa en Col. Lomas de San Ángel Inn, Álvaro Obregón, DF / CDMX, México, C.P. 01790, ID: 30223470",5 Recámaras | 5 Baños | 360 m 2,https://propiedades.com/inmuebles/casa-en-venta-lomas-de-san-angel-inn-df-30223470#pagina=8&tipos=casas-venta&area=ciudad-de-mexico&pos=26
Ciudad De Mexico,8,"$19,000,000
MXN","Venta casa en Av San Bernabé #s/n, Col. San Jerónimo Lídice, La Magdalena Contreras, DF / CDMX, México, C.P. 10200, ID: 30738332",4 Recámaras | 4 Baños | 527 m 2,
Ciudad De Mexico,8,"$9,365,000
MXN","Casa en venta, , Col. Del Valle Centro, Benito Juárez, DF / CDMX, México, C.P. 03100, ID: 30705666",2 Recámaras | 3 Baños | 191 m 2,https://propiedades.com/inmuebles/casa-en-venta-del-valle-centro-df-30705666#pagina=8&tipos=casas-venta&area=ciudad-de-mexico&pos=28
Ciudad De Mexico,8,"$26,900,000
MXN","Se vende casa Tacámbaro 9, Hipódromo Condesa, Cuauhtémoc, 06170 Ciudad de México, CDMX #9, Col. Hipódromo Condesa, Cuauhtémoc, DF / CDMX, México, C.P. 06170, ID: 30730415",5 Recámaras | 5 Baños | 450 m 2,https://propiedades.com/inmuebles/casa-en-venta-tacambaro-9-hipodromo-condesa-cuauhtemoc-06170-ciudad-de-mexico-cdmx-9-hipodromo-condesa-df-30730415#pagina=8&tipos=casas-venta&area=ciudad-de-mexico&pos=29
Ciudad De Mexico,8,"$6,200,000
USD","Casa en venta disponible en , Col. Bosques de las Lomas, Cuajimalpa de Morelos, DF / CDMX, México, C.P. 05120, ID: 26427707",3 Recámaras | 3 Baños | 900 m 2,
Ciudad De Mexico,8,"$9,400,000
MXN","Rafael Martínez, Col. San Simón Ticumac, Benito Juárez, DF / CDMX, México, C.P. 03660, ID: 21980272",4 Recámaras | 4 Baños | 340 m 2,
Ciudad De Mexico,8,"$40,000,000
MXN","Se vende casa Aristóteles 340, Polanco, Polanco IV Secc, Miguel Hidalgo, 11550 Ciudad de México, CDMX #340, Col. Polanco IV Sección, Miguel Hidalgo, DF / CDMX, México, C.P. 11550, ID: 30435619",4 Recámaras | 3 Baños | 470 m 2,https://propiedades.com/inmuebles/casa-en-venta-aristoteles-340-polanco-polanco-iv-secc-miguel-hidalgo-11550-ciudad-de-mexico-cdmx-340-polanco-iv-seccion-df-30435619#pagina=8&tipos=casas-venta&area=ciudad-de-mexico&pos=32
Ciudad De Mexico,8,"$38,000,000
MXN","Se vende casa en , Col. Bosques de las Lomas, Cuajimalpa de Morelos, DF / CDMX, México, C.P. 05120, ID: 27338705",4 Recámaras | 5 Baños | 560 m 2,
Ciudad De Mexico,8,"$38,000,000
MXN","Casa en venta, Sierra Fría, 11000 Ciudad de México, CDMX, Col. Lomas de Chapultepec V Sección, Miguel Hidalgo, DF / CDMX, México, C.P. 11000, ID: 30653106",4 Recámaras | 4 Baños | 353 m 2,https://propiedades.com/inmuebles/casa-en-venta-sierra-fria-11000-ciudad-de-mexico-cdmx-lomas-de-chapultepec-v-seccion-df-30653106#pagina=8&tipos=casas-venta&area=ciudad-de-mexico&pos=34
Ciudad De Mexico,8,"$1,450,000
USD","Venta casa en , Col. Bosque de las Lomas, Miguel Hidalgo, DF / CDMX, México, C.P. 11700, ID: 27331574",3 Recámaras | 3 Baños | 1047 m 2,https://propiedades.com/inmuebles/casa-en-venta-bosque-de-las-lomas-df-27331574#pagina=8&tipos=casas-venta&area=ciudad-de-mexico&pos=35
Ciudad De Mexico,8,"$16,200,000
MXN","Venta de casa , Col. Bosques de Tetlameya, Coyoacán, DF / CDMX, México, C.P. 04730, ID: 30426739",4 Recámaras | 3 Baños | 351 m 2,https://propiedades.com/inmuebles/casa-en-venta-bosques-de-tetlameya-df-30426739#pagina=8&tipos=casas-venta&area=ciudad-de-mexico&pos=36
Ciudad De Mexico,8,"$13,000,000
MXN","Pitágoras, Col. Narvarte Poniente, Benito Juárez, DF / CDMX, México, C.P. 03020, ID: 29314544",4 Recámaras | 2 Baños | 278 m 2,
Ciudad De Mexico,8,"$11,500,000
MXN","Casa disponible en venta en Buharros, Col. Lomas de las Águilas, Álvaro Obregón, DF / CDMX, México, C.P. 01730, ID: 30348777",4 Recámaras | 3 Baños | 550 m 2,https://propiedades.com/inmuebles/casa-en-venta-buharros-lomas-de-las-aguilas-df-30348777#pagina=8&tipos=casas-venta&area=ciudad-de-mexico&pos=38
Ciudad De Mexico,8,"$3,000,000
MXN","Casa disponible en venta en Mar del Nectar 265 #265, Col. Selene, Tláhuac, DF / CDMX, México, C.P. 13420, ID: 30012198",2 Recámaras | 1 Baño | 150 m 2,https://propiedades.com/inmuebles/casa-en-venta-mar-del-nectar-265-265-selene-df-30012198#pagina=8&tipos=casas-venta&area=ciudad-de-mexico&pos=39
Ciudad De Mexico,8,"$8,800,000
MXN","Río Nazas, Cuauhtémoc, 06500 Ciudad de México, CDMX #137, Col. Cuauhtémoc, Cuauhtémoc, DF / CDMX, México, C.P. 06500, ID: 30416827",1 Recámara | 1 Baño | 467 m 2,https://propiedades.com/inmuebles/casa-en-venta-rio-nazas-cuauhtemoc-06500-ciudad-de-mexico-cdmx-137-cuauhtemoc-df-30416827#pagina=8&tipos=casas-venta&area=ciudad-de-mexico&pos=40
Ciudad De Mexico,8,"$36,000,000
MXN","Venta de casa , Col. Lomas de Chapultepec III Sección, Miguel Hidalgo, DF / CDMX, México, C.P. 11000, ID: 27338666",3 Recámaras | 3 Baños | 540 m 2,https://propiedades.com/inmuebles/casa-en-venta-lomas-de-chapultepec-iii-seccion-df-27338666#pagina=8&tipos=casas-venta&area=ciudad-de-mexico&pos=41
Ciudad De Mexico,8,"$7,438,639
MXN","Se vende casa en El greco, Col. Mixcoac, Benito Juárez, DF / CDMX, México, C.P. 03910, ID: 25917946",2 Recámaras | 2 Baños | 137 m 2,https://propiedades.com/inmuebles/casa-en-venta-el-greco-mixcoac-df-25917946#pagina=8&tipos=casas-venta&area=ciudad-de-mexico&pos=42
Ciudad De Mexico,8,"$14,400,000
MXN","Casa en venta, San Jerónimo, Col. San Jerónimo Aculco, La Magdalena Contreras, DF / CDMX, México, C.P. 10400, ID: 26466525",3 Recámaras | 3 Baños | 584 m 2,https://propiedades.com/inmuebles/casa-en-venta-san-jeronimo-san-jeronimo-aculco-df-26466525#pagina=8&tipos=casas-venta&area=ciudad-de-mexico&pos=43
Ciudad De Mexico,8,"$19,000,000
MXN","Río Nazas 137, Cuauhtémoc, 06500 Ciudad de México, CDMX #137, Col. Cuauhtémoc, Cuauhtémoc, DF / CDMX, México, C.P. 06500, ID: 30421257",3 Recámaras | 4 Baños | 467 m 2,https://propiedades.com/inmuebles/casa-en-venta-rio-nazas-137-cuauhtemoc-06500-ciudad-de-mexico-cdmx-137-cuauhtemoc-df-30421257#pagina=8&tipos=casas-venta&area=ciudad-de-mexico&pos=44
Ciudad De Mexico,8,"$9,500,000
MXN","Se vende casa Managua 907, Lindavista Nte., Gustavo A. Madero, 07300 Ciudad de México, CDMX #907, Col. Lindavista Norte, Gustavo A. Madero, DF / CDMX, México, C.P. 07300, ID: 30789639",4 Recámaras | 3 Baños | 311 m 2,https://propiedades.com/inmuebles/casa-en-venta-managua-907-lindavista-nte-gustavo-a-madero-07300-ciudad-de-mexico-cdmx-907-lindavista-norte-df-30789639#pagina=8&tipos=casas-venta&area=ciudad-de-mexico&pos=45
Ciudad De Mexico,8,"$18,600,000
MXN","Venta de casa en , Col. Lomas Quebradas, La Magdalena Contreras, DF / CDMX, México, C.P. 10000, ID: 30511729",3 Recámaras | 4 Baños | 512 m 2,https://propiedades.com/inmuebles/casa-en-venta-lomas-quebradas-df-30511729#pagina=8&tipos=casas-venta&area=ciudad-de-mexico&pos=46
Ciudad De Mexico,8,"$32,500,000
MXN","Roqueta #3, Col. Lomas de Bezares, Miguel Hidalgo, DF / CDMX, México, C.P. 11910, ID: 29507411",3 Recámaras | 3 Baños | 1072 m 2,https://propiedades.com/inmuebles/casa-en-venta-roqueta-3-lomas-de-bezares-df-29507411#pagina=8&tipos=casas-venta&area=ciudad-de-mexico&pos=47
Ciudad De Mexico,9,"$94,000,000
MXN","Casa disponible en venta en La Punta, Col. Santa Fe, Álvaro Obregón, DF / CDMX, México, C.P. 01376, ID: 28496577",4 Recámaras | 3 Baños | 984 m 2,https://propiedades.com/inmuebles/casa-en-venta-la-punta-santa-fe-df-28496577#pagina=9&tipos=casas-venta&area=ciudad-de-mexico&pos=1
Ciudad De Mexico,9,"$11,885,000
MXN","Granero, Lomas de San Ángel Inn, 01790 Ciudad de México, CDMX, Col. Lomas de San Ángel Inn, Álvaro Obregón, DF / CDMX, México, C.P. 01790, ID: 30585324",4 Recámaras | 3 Baños | 274 m 2,https://propiedades.com/inmuebles/casa-en-venta-granero-lomas-de-san-angel-inn-01790-ciudad-de-mexico-cdmx-lomas-de-san-angel-inn-df-30585324#pagina=9&tipos=casas-venta&area=ciudad-de-mexico&pos=2
Ciudad De Mexico,9,"$31,000,000
MXN","Cerrada de risco, Col. Jardines del Pedregal, Álvaro Obregón, DF / CDMX, México, C.P. 01900, ID: 30626030",4 Recámaras | 4 Baños | 830 m 2,https://propiedades.com/inmuebles/casa-en-venta-cerrada-de-risco-jardines-del-pedregal-df-30626030#pagina=9&tipos=casas-venta&area=ciudad-de-mexico&pos=3
Ciudad De Mexico,9,"$35,300,000
MXN","Se vende casa Cerrada de Fujiyama, Col. Las Águilas, Álvaro Obregón, DF / CDMX, México, C.P. 01048, ID: 30306218",4 Recámaras | 6 Baños | 700 m 2,https://propiedades.com/inmuebles/casa-en-venta-cerrada-de-fujiyama-las-aguilas-df-30306218#pagina=9&tipos=casas-venta&area=ciudad-de-mexico&pos=4
Ciudad De Mexico,9,"$38,000,000
MXN","Se vende casa Sierra FRIA Lomas de Chapultep, Col. Lomas de Chapultepec V Sección, Miguel Hidalgo, DF / CDMX, México, C.P. 11000, ID: 30417828",4 Recámaras | 4 Baños | 514 m 2,https://propiedades.com/inmuebles/casa-en-venta-sierra-fria---lomas-de-chapultep-lomas-de-chapultepec-v-seccion-df-30417828#pagina=9&tipos=casas-venta&area=ciudad-de-mexico&pos=5
Ciudad De Mexico,9,"$20,000,000
MXN","Venta de casa , Col. Del Niño Jesús, Coyoacán, DF / CDMX, México, C.P. 04330, ID: 27042862",4 Recámaras | 3 Baños | 225 m 2,https://propiedades.com/inmuebles/casa-en-venta-del-nino-jesus-df-27042862#pagina=9&tipos=casas-venta&area=ciudad-de-mexico&pos=6
Ciudad De Mexico,9,"$10,000,000
MXN","Abadejos, Col. Lomas de las Águilas, Álvaro Obregón, DF / CDMX, México, C.P. 01730, ID: 30454418",2 Recámaras | 2 Baños | 290 m 2,https://propiedades.com/inmuebles/casa-en-venta-abadejos-lomas-de-las-aguilas-df-30454418#pagina=9&tipos=casas-venta&area=ciudad-de-mexico&pos=7
Ciudad De Mexico,9,"$17,000,000
MXN","Se vende casa en Juan Escutia, Col. Condesa, Cuauhtémoc, DF / CDMX, México, C.P. 06140, ID: 30764357",4 Recámaras | 3 Baños | 329 m 2,https://propiedades.com/inmuebles/casa-en-venta-juan-escutia-condesa-df-30764357#pagina=9&tipos=casas-venta&area=ciudad-de-mexico&pos=8
Ciudad De Mexico,9,"$3,000,000
USD","Se vende casa en , Col. Lomas del Chamizal, Cuajimalpa de Morelos, DF / CDMX, México, C.P. 05129, ID: 27331669",3 Recámaras | 3 Baños | 608 m 2,https://propiedades.com/inmuebles/casa-en-venta-lomas-del-chamizal-df-27331669#pagina=9&tipos=casas-venta&area=ciudad-de-mexico&pos=9
Ciudad De Mexico,9,"$42,000,000
MXN","Sierra Gorda Lomas de Chapultepec, Col. Lomas de Chapultepec V Sección, Miguel Hidalgo, DF / CDMX, México, C.P. 11000, ID: 30560921",10 Recámaras | 9 Baños | 1073 m 2,https://propiedades.com/inmuebles/casa-en-venta-sierra-gorda-lomas-de-chapultepec-lomas-de-chapultepec-v-seccion-df-30560921#pagina=9&tipos=casas-venta&area=ciudad-de-mexico&pos=10
Ciudad De Mexico,9,"$2,750,000
USD","Se vende casa Col. Bosques de las Lomas, Cuajimalpa de Morelos, DF / CDMX, México, C.P. 05120, ID: 30762820",4 Recámaras | 5 Baños | 1455 m 2,https://propiedades.com/inmuebles/casa-en-venta-bosques-de-las-lomas-df-30762820#pagina=9&tipos=casas-venta&area=ciudad-de-mexico&pos=11
Ciudad De Mexico,9,"$1,900,000
USD",", Col. Lomas de Bezares, Miguel Hidalgo, DF / CDMX, México, C.P. 11910, ID: 27338709",3 Recámaras | 4 Baños | 500 m 2,
Ciudad De Mexico,9,"$7,850,068
MXN","Casa en venta disponible en El greco, Col. Mixcoac, Benito Juárez, DF / CDMX, México, C.P. 03910, ID: 25917949",2 Recámaras | 2 Baños | 145 m 2,https://propiedades.com/inmuebles/casa-en-venta-el-greco-mixcoac-df-25917949#pagina=9&tipos=casas-venta&area=ciudad-de-mexico&pos=13
Ciudad De Mexico,9,"$12,050,000
MXN","Nunkini, Col. Héroes de Padierna, Tlalpan, DF / CDMX, México, C.P. 14200, ID: 30077228",3 Recámaras | 3 Baños | 438 m 2,https://propiedades.com/inmuebles/casa-en-venta-nunkini-heroes-de-padierna-df-30077228#pagina=9&tipos=casas-venta&area=ciudad-de-mexico&pos=14
Ciudad De Mexico,9,"$21,900,000
MXN",", Col. Jardines del Pedregal, Álvaro Obregón, DF / CDMX, México, C.P. 01900, ID: 29958811",3 Recámaras | 4 Baños | 550 m 2,https://propiedades.com/inmuebles/casa-en-venta-jardines-del-pedregal-df-29958811#pagina=9&tipos=casas-venta&area=ciudad-de-mexico&pos=15
Ciudad De Mexico,9,"$2,600,000
USD","Monte Líbano, Col. Lomas de Chapultepec I Sección, Miguel Hidalgo, DF / CDMX, México, C.P. 11000, ID: 29763468",4 Recámaras | 4 Baños | 600 m 2,https://propiedades.com/inmuebles/casa-en-venta-monte-libano-lomas-de-chapultepec-i-seccion-df-29763468#pagina=9&tipos=casas-venta&area=ciudad-de-mexico&pos=16
Ciudad De Mexico,9,"$11,900,000
MXN","Casa en venta, Pico de Sorata, Col. Jardines en la Montaña, Tlalpan, DF / CDMX, México, C.P. 14210, ID: 28269563",3 Recámaras | 3 Baños | 224 m 2,https://propiedades.com/inmuebles/casa-en-venta-pico-de-sorata-jardines-en-la-montana-df-28269563#pagina=9&tipos=casas-venta&area=ciudad-de-mexico&pos=17
Ciudad De Mexico,9,"$38,000,000
MXN","Se vende casa en SIERRA FRIA , Col. Lomas de Chapultepec V Sección, Miguel Hidalgo, DF / CDMX, México, C.P. 11000, ID: 30417844",4 Recámaras | 4 Baños | 514 m 2,https://propiedades.com/inmuebles/casa-en-venta-sierra-fria-lomas-de-chapultepec-v-seccion-df-30417844#pagina=9&tipos=casas-venta&area=ciudad-de-mexico&pos=18
Ciudad De Mexico,9,"$26,000,000
MXN",", Col. Bosques de las Lomas, Cuajimalpa de Morelos, DF / CDMX, México, C.P. 05120, ID: 27202126",3 Recámaras | 4 Baños | 900 m 2,https://propiedades.com/inmuebles/casa-en-venta-bosques-de-las-lomas-df-27202126#pagina=9&tipos=casas-venta&area=ciudad-de-mexico&pos=19
Ciudad De Mexico,9,"$15,800,000
MXN","Cerrada de Irlanda, Col. Parque San Andrés, Coyoacán, DF / CDMX, México, C.P. 04040, ID: 30437733",7 Recámaras | 6 Baños | 450 m 2,https://propiedades.com/inmuebles/casa-en-venta-cerrada-de-irlanda-parque-san-andres-df-30437733#pagina=9&tipos=casas-venta&area=ciudad-de-mexico&pos=20
Ciudad De Mexico,9,"$18,500,000
MXN","Venta de casa , Col. Las Águilas, Álvaro Obregón, DF / CDMX, México, C.P. 01048, ID: 28665731",4 Recámaras | 4 Baños | 570 m 2,https://propiedades.com/inmuebles/casa-en-venta-las-aguilas-df-28665731#pagina=9&tipos=casas-venta&area=ciudad-de-mexico&pos=21
Ciudad De Mexico,9,"$8,411,367
MXN","Se vende casa El greco, Col. Mixcoac, Benito Juárez, DF / CDMX, México, C.P. 03910, ID: 25917952",2 Recámaras | 2 Baños | 155 m 2,https://propiedades.com/inmuebles/casa-en-venta-el-greco-mixcoac-df-25917952#pagina=9&tipos=casas-venta&area=ciudad-de-mexico&pos=22
Ciudad De Mexico,9,"$15,499,000
MXN","Se vende casa C. Palenque, Letran Valle, Ciudad de México, CDMX #1000Int. 01, Col. Letrán Valle, Benito Juárez, DF / CDMX, México, C.P. 03650, ID: 30618844",6 Recámaras | 3 Baños | 270 m 2,https://propiedades.com/inmuebles/casa-en-venta-c-palenque-letran-valle-ciudad-de-mexico-cdmx-1000-letran-valle-df-30618844#pagina=9&tipos=casas-venta&area=ciudad-de-mexico&pos=23
Ciudad De Mexico,9,"$45,000,000
MXN","Venta de casa en Col. Condesa, Cuauhtémoc, DF / CDMX, México, C.P. 06140, ID: 30243861",5 Recámaras | 4 Baños | 450 m 2,https://propiedades.com/inmuebles/casa-en-venta-condesa-df-30243861#pagina=9&tipos=casas-venta&area=ciudad-de-mexico&pos=24
Ciudad De Mexico,9,"$6,899,989
USD","Casa en venta, Paseo Tolsá, Col. San Mateo Tlaltenango, Cuajimalpa de Morelos, DF / CDMX, México, C.P. 05600, ID: 28875455",4 Recámaras | 4 Baños | 830 m 2,https://propiedades.com/inmuebles/casa-en-venta-paseo-tolsa-san-mateo-tlaltenango-df-28875455#pagina=9&tipos=casas-venta&area=ciudad-de-mexico&pos=25
Ciudad De Mexico,9,"$2,910,000
MXN","Casa en venta, Santa Cruz Xochitepec, 16100 Ciudad de México, CDMX #00Int. 00, Col. Santa Cruz Xochitepec, Xochimilco, DF / CDMX, México, C.P. 16100, ID: 30494606",3 Recámaras | 2 Baños | 219 m 2,https://propiedades.com/inmuebles/casa-en-venta-santa-cruz-xochitepec-16100-ciudad-de-mexico-cdmx-00-santa-cruz-xochitepec-df-30494606#pagina=9&tipos=casas-venta&area=ciudad-de-mexico&pos=26
Ciudad De Mexico,9,"$24,000,000
MXN","Huracán #s/n, Col. Jardines del Pedregal, Álvaro Obregón, DF / CDMX, México, C.P. 01900, ID: 30800632",4 Recámaras | 4 Baños | 756 m 2,https://propiedades.com/inmuebles/casa-en-venta-huracan-sn-jardines-del-pedregal-df-30800632#pagina=9&tipos=casas-venta&area=ciudad-de-mexico&pos=27
Ciudad De Mexico,9,"$74,082,000
MXN","Venta de casa en Juan O Donojú, Col. Lomas de Chapultepec I Sección, Miguel Hidalgo, DF / CDMX, México, C.P. 11000, ID: 30020891",9 Recámaras | 5 Baños | 736 m 2,https://propiedades.com/inmuebles/casa-en-venta-juan-o-donoju-lomas-de-chapultepec-i-seccion-df-30020891#pagina=9&tipos=casas-venta&area=ciudad-de-mexico&pos=28
Ciudad De Mexico,9,"$41,500,000
MXN","Se vende casa en Avenida Bernardo Quintana, Col. Santa Fe La Loma, Álvaro Obregón, DF / CDMX, México, C.P. 01376, ID: 30392966",3 Recámaras | 3 Baños | 720 m 2,https://propiedades.com/inmuebles/casa-en-venta-avenida-bernardo-quintana-santa-fe-la-loma-df-30392966#pagina=9&tipos=casas-venta&area=ciudad-de-mexico&pos=29
Ciudad De Mexico,9,"$4,900,000
USD","Lomas, Col. Lomas de Chapultepec I Sección, Miguel Hidalgo, DF / CDMX, México, C.P. 11000, ID: 30113421",3 Recámaras | 3 Baños | 650 m 2,https://propiedades.com/inmuebles/casa-en-venta-lomas-lomas-de-chapultepec-i-seccion-df-30113421#pagina=9&tipos=casas-venta&area=ciudad-de-mexico&pos=30
Ciudad De Mexico,9,"$44,000,000
MXN","Venta casa en Alfonso Pruneda, Copilco el Alto, 04360 Ciudad de México, CDMX, Col. Copilco El Alto, Coyoacán, DF / CDMX, México, C.P. 04360, ID: 30769643",6 Recámaras | 5 Baños | 673 m 2,https://propiedades.com/inmuebles/casa-en-venta-alfonso-pruneda-copilco-el-alto-04360-ciudad-de-mexico-cdmx-copilco-el-alto-df-30769643#pagina=9&tipos=casas-venta&area=ciudad-de-mexico&pos=31
Ciudad De Mexico,9,"$6,821,656
MXN","Se vende casa en Calle San Borja #1158Int. 1158, Col. Narvarte Poniente, Benito Juárez, DF / CDMX, México, C.P. 03020, ID: 30805461",4 Recámaras | 3 Baños | 158 m 2,https://propiedades.com/inmuebles/casa-en-venta-calle-san-borja-1158-narvarte-poniente-df-30805461#pagina=9&tipos=casas-venta&area=ciudad-de-mexico&pos=32
Ciudad De Mexico,9,"$2,000,000
USD",", Col. Bosque de las Lomas, Miguel Hidalgo, DF / CDMX, México, C.P. 11700, ID: 30515800",3 Recámaras | 3 Baños | 540 m 2,https://propiedades.com/inmuebles/casa-en-venta-bosque-de-las-lomas-df-30515800#pagina=9&tipos=casas-venta&area=ciudad-de-mexico&pos=33
Ciudad De Mexico,9,"$4,471,000
MXN","Casa en venta disponible en , Col. Miguel Hidalgo, Tlalpan, DF / CDMX, México, C.P. 14250, ID: 30436128",3 Recámaras | 2 Baños | 238 m 2,https://propiedades.com/inmuebles/casa-en-venta-miguel-hidalgo-df-30436128#pagina=9&tipos=casas-venta&area=ciudad-de-mexico&pos=34
Ciudad De Mexico,9,"$8,990,000
MXN","Venta casa en , Col. Valle Escondido, Tlalpan, DF / CDMX, México, C.P. 14600, ID: 20437022",3 Recámaras | 3 Baños | 342 m 2,https://propiedades.com/inmuebles/casa-en-venta-valle-escondido-df-20437022#pagina=9&tipos=casas-venta&area=ciudad-de-mexico&pos=35
Ciudad De Mexico,9,"$13,000,000
MXN","Se vende casa Pernambuco, 07300 Ciudad de México, CDMX #s/n, Col. Lindavista Norte, Gustavo A. Madero, DF / CDMX, México, C.P. 07300, ID: 30784524",5 Recámaras | 5 Baños | 420 m 2,https://propiedades.com/inmuebles/casa-en-venta-pernambuco-07300-ciudad-de-mexico-cdmx-sn-lindavista-norte-df-30784524#pagina=9&tipos=casas-venta&area=ciudad-de-mexico&pos=36
Ciudad De Mexico,9,"$60,000,000
MXN","Casa en venta, monte tauro, Col. Lomas de Chapultepec VI Sección, Miguel Hidalgo, DF / CDMX, México, C.P. 11000, ID: 30669102",4 Recámaras | 4 Baños | 738 m 2,https://propiedades.com/inmuebles/casa-en-venta-monte-tauro-lomas-de-chapultepec-vi-seccion-df-30669102#pagina=9&tipos=casas-venta&area=ciudad-de-mexico&pos=37
Ciudad De Mexico,9,"$18,760,000
MXN","Desierto de los Leones #5936, Col. Lomas de los Cedros, Álvaro Obregón, DF / CDMX, México, C.P. 01870, ID: 30143792",4 Recámaras | 5 Baños | 489 m 2,https://propiedades.com/inmuebles/casa-en-venta-desierto-de-los-leones-5936-lomas-de-los-cedros-df-30143792#pagina=9&tipos=casas-venta&area=ciudad-de-mexico&pos=38
Ciudad De Mexico,9,"$7,171,504
MXN","Se vende casa El greco, Col. Mixcoac, Benito Juárez, DF / CDMX, México, C.P. 03910, ID: 25917951",2 Recámaras | 2 Baños | 127 m 2,https://propiedades.com/inmuebles/casa-en-venta-el-greco-mixcoac-df-25917951#pagina=9&tipos=casas-venta&area=ciudad-de-mexico&pos=39
Ciudad De Mexico,9,"$31,980,000
MXN","Claro Begonias, Col. San Angel Inn, Álvaro Obregón, DF / CDMX, México, C.P. 01060, ID: 24589011",4 Recámaras | 4 Baños | 401 m 2,https://propiedades.com/inmuebles/casa-en-venta-claro-begonias-san-angel-inn-df-24589011#pagina=9&tipos=casas-venta&area=ciudad-de-mexico&pos=40
Ciudad De Mexico,9,"$7,705,920
MXN","Venta de casa en El greco, Col. Mixcoac, Benito Juárez, DF / CDMX, México, C.P. 03910, ID: 25917954",2 Recámaras | 2 Baños | 137 m 2,https://propiedades.com/inmuebles/casa-en-venta-el-greco-mixcoac-df-25917954#pagina=9&tipos=casas-venta&area=ciudad-de-mexico&pos=41
Ciudad De Mexico,9,"$11,800,000
MXN","Se vende casa Paseo Tesmic, Col. San Lucas Xochimanca, Xochimilco, DF / CDMX, México, C.P. 16300, ID: 25646063",4 Recámaras | 4 Baños | 400 m 2,https://propiedades.com/inmuebles/casa-en-venta-paseo-tesmic-san-lucas-xochimanca-df-25646063#pagina=9&tipos=casas-venta&area=ciudad-de-mexico&pos=42
Ciudad De Mexico,9,"$11,700,000
MXN","Venta casa en , Col. Olivar de los Padres, Álvaro Obregón, DF / CDMX, México, C.P. 01780, ID: 30560148",3 Recámaras | 3 Baños | 174 m 2,https://propiedades.com/inmuebles/casa-en-venta-olivar-de-los-padres-df-30560148#pagina=9&tipos=casas-venta&area=ciudad-de-mexico&pos=43
Ciudad De Mexico,9,"$3,203,000
MXN","Casa en venta, Cuauhtémoc 40, Los Padres, La Magdalena Contreras, 10340 Ciudad de México, CDMX #40, Col. Los Padres, La Magdalena Contreras, DF / CDMX, México, C.P. 10340, ID: 30602643",4 Recámaras | 3 Baños | 197 m 2,https://propiedades.com/inmuebles/casa-en-venta-cuauhtemoc-40-los-padres-la-magdalena-contreras-10340-ciudad-de-mexico-cdmx-40-los-padres-df-30602643#pagina=9&tipos=casas-venta&area=ciudad-de-mexico&pos=44
Ciudad De Mexico,9,"$4,999,000
MXN","Se vende casa Ignacio Zaragoza, Pueblo de San Juan de Aragón, Ciudad de México, CDMX #57, Col. San Juan de Aragón, Gustavo A. Madero, DF / CDMX, México, C.P. 07950, ID: 30648841",4 Recámaras | 3 Baños | 323 m 2,https://propiedades.com/inmuebles/casa-en-venta-ignacio-zaragoza-pueblo-de-san-juan-de-aragon-ciudad-de-mexico-cdmx-57-san-juan-de-aragon-df-30648841#pagina=9&tipos=casas-venta&area=ciudad-de-mexico&pos=45
Ciudad De Mexico,9,"$27,900,000
MXN","Venta casa en retorno julieta 19 #19, Col. Lomas de Bezares, Miguel Hidalgo, DF / CDMX, México, C.P. 11910, ID: 30086558",4 Recámaras | 4 Baños | 427 m 2,https://propiedades.com/inmuebles/casa-en-venta-retorno-julieta-19-19-lomas-de-bezares-df-30086558#pagina=9&tipos=casas-venta&area=ciudad-de-mexico&pos=46
Ciudad De Mexico,9,"$11,900,000
MXN","Venta casa en Aragón, Col. Álamos, Benito Juárez, DF / CDMX, México, C.P. 03400, ID: 30358838",4 Recámaras | 3 Baños | 310 m 2,https://propiedades.com/inmuebles/casa-en-venta-aragon-alamos-df-30358838#pagina=9&tipos=casas-venta&area=ciudad-de-mexico&pos=47
Ciudad De Mexico,10,"$31,000,000
MXN","Rayo #19, Col. Jardines del Pedregal, Álvaro Obregón, DF / CDMX, México, C.P. 01900, ID: 30029885",4 Recámaras | 4 Baños | 1011 m 2,https://propiedades.com/inmuebles/casa-en-venta-rayo-19-jardines-del-pedregal-df-30029885#pagina=10&tipos=casas-venta&area=ciudad-de-mexico&pos=1
Ciudad De Mexico,10,"$23,900,000
MXN","Av. de los Poetas 100 Delegaciones, San Mateo Tlaltenango, Cuajimalpa de Morelos, 05348 Ciudad de Mé #100 Delegaciones, Col. Santa Fe Cuajimalpa, Cuajimalpa de Morelos, DF / CDMX, México, C.P. 05348, ID: 30396683",3 Recámaras | 4 Baños | 350 m 2,https://propiedades.com/inmuebles/casa-en-venta-av-de-los-poetas-100-delegaciones-san-mateo-tlaltenango-cuajimalpa-de-morelos-05348-ciudad-de-me-100-delegaciones-santa-fe-cuajimalpa-df-30396683#pagina=10&tipos=casas-venta&area=ciudad-de-mexico&pos=2
Ciudad De Mexico,10,"$17,000,000
MXN","Venta casa en Francia #201, Col. Florida, Álvaro Obregón, DF / CDMX, México, C.P. 01030, ID: 30559439",4 Recámaras | 4 Baños | 392 m 2,https://propiedades.com/inmuebles/casa-en-venta-francia-201-florida-df-30559439#pagina=10&tipos=casas-venta&area=ciudad-de-mexico&pos=3
Ciudad De Mexico,10,"$15,990,000
MXN",", Col. Narvarte Poniente, Benito Juárez, DF / CDMX, México, C.P. 03020, ID: 30322438",3 Recámaras | 2 Baños | 456 m 2,https://propiedades.com/inmuebles/casa-en-venta-narvarte-poniente-df-30322438#pagina=10&tipos=casas-venta&area=ciudad-de-mexico&pos=4
Ciudad De Mexico,10,"$12,300,000
MXN","Cóndor, Col. Los Alpes, Álvaro Obregón, DF / CDMX, México, C.P. 01010, ID: 28664758",3 Recámaras | 3 Baños | 272 m 2,https://propiedades.com/inmuebles/casa-en-venta-condor-los-alpes-df-28664758#pagina=10&tipos=casas-venta&area=ciudad-de-mexico&pos=5
Ciudad De Mexico,10,"$9,000,000
MXN","Venta casa en Sin nombre de calle, Col. El Centinela, Coyoacán, DF / CDMX, México, C.P. 04450, ID: 29154956",5 Recámaras | 6 Baños | 337 m 2,https://propiedades.com/inmuebles/casa-en-venta-sin-nombre-de-calle-el-centinela-df-29154956#pagina=10&tipos=casas-venta&area=ciudad-de-mexico&pos=6
Ciudad De Mexico,10,"$690,000
MXN","VID #00, Col. Nueva Santa Maria, Azcapotzalco, DF / CDMX, México, C.P. 02800, ID: 29195338",3 Recámaras | 3 Baños | 210 m 2,
Ciudad De Mexico,10,"$11,500,000
MXN","Venta casa en Tetelpan, Ciudad de México, CDMX, Col. Tetelpan, Álvaro Obregón, DF / CDMX, México, C.P. 01700, ID: 30427615",4 Recámaras | 4 Baños | 327 m 2,https://propiedades.com/inmuebles/casa-en-venta-tetelpan-ciudad-de-mexico-cdmx-tetelpan-df-30427615#pagina=10&tipos=casas-venta&area=ciudad-de-mexico&pos=8
Ciudad De Mexico,10,"$59,900,000
MXN","Se vende casa Agua #175, Col. Jardines del Pedregal, Álvaro Obregón, DF / CDMX, México, C.P. 01900, ID: 30343756",3 Recámaras | 3 Baños | 1000 m 2,https://propiedades.com/inmuebles/casa-en-venta-agua-175-jardines-del-pedregal-df-30343756#pagina=10&tipos=casas-venta&area=ciudad-de-mexico&pos=9
Ciudad De Mexico,10,"$20,950,000
MXN","Venta de casa en , Col. Tetelpan, Álvaro Obregón, DF / CDMX, México, C.P. 01700, ID: 30560149",3 Recámaras | 3 Baños | 493 m 2,https://propiedades.com/inmuebles/casa-en-venta-tetelpan-df-30560149#pagina=10&tipos=casas-venta&area=ciudad-de-mexico&pos=10
Ciudad De Mexico,10,"$8,500,000
USD","Venta de casa en Lomas de Chapultepec, 11000 Ciudad de México, CDMX, Col. Lomas de Chapultepec V Sección, Miguel Hidalgo, DF / CDMX, México, C.P. 11000, ID: 30396656",6 Recámaras | 7 Baños | 1330 m 2,https://propiedades.com/inmuebles/casa-en-venta-lomas-de-chapultepec-11000-ciudad-de-mexico-cdmx-lomas-de-chapultepec-v-seccion-df-30396656#pagina=10&tipos=casas-venta&area=ciudad-de-mexico&pos=11
Ciudad De Mexico,10,"$13,000,000
MXN","Casa disponible en venta en Cruz Verde, Col. San Nicolás Totolapan, La Magdalena Contreras, DF / CDMX, México, C.P. 10900, ID: 30557222",4 Recámaras | 3 Baños | 465 m 2,https://propiedades.com/inmuebles/casa-en-venta-cruz-verde-san-nicolas-totolapan-df-30557222#pagina=10&tipos=casas-venta&area=ciudad-de-mexico&pos=12
Ciudad De Mexico,10,"$15,400,000
MXN","Venta casa en , Col. Paseo de las Lomas, Álvaro Obregón, DF / CDMX, México, C.P. 01330, ID: 29460763",4 Recámaras | 370 m 2,https://propiedades.com/inmuebles/casa-en-venta-paseo-de-las-lomas-df-29460763#pagina=10&tipos=casas-venta&area=ciudad-de-mexico&pos=13
Ciudad De Mexico,10,"$26,000,000
MXN","Se vende casa , Col. Bosques de las Lomas, Cuajimalpa de Morelos, DF / CDMX, México, C.P. 05120, ID: 30515797",3 Recámaras | 3 Baños | 479 m 2,https://propiedades.com/inmuebles/casa-en-venta-bosques-de-las-lomas-df-30515797#pagina=10&tipos=casas-venta&area=ciudad-de-mexico&pos=14
Ciudad De Mexico,10,"$1,910,000
MXN","Ajusco 38, Portales Nte, Benito Juárez, 03300 Ciudad de México, CDMX #38, Col. Portales Sur, Benito Juárez, DF / CDMX, México, C.P. 03300, ID: 30612132",3 Recámaras | 2 Baños | 100 m 2,https://propiedades.com/inmuebles/casa-en-venta-ajusco-38-portales-nte-benito-juarez-03300-ciudad-de-mexico-cdmx-38-portales-sur-df-30612132#pagina=10&tipos=casas-venta&area=ciudad-de-mexico&pos=15
Ciudad De Mexico,10,"$7,500,000
MXN","Se vende casa en Monrovia #702, Col. Portales Sur, Benito Juárez, DF / CDMX, México, C.P. 03300, ID: 29537413",6 Recámaras | 3 Baños | 167 m 2,https://propiedades.com/inmuebles/casa-en-venta-monrovia-702-portales-sur-df-29537413#pagina=10&tipos=casas-venta&area=ciudad-de-mexico&pos=16
Ciudad De Mexico,10,"$7,125,154
MXN","El greco, Col. Mixcoac, Benito Juárez, DF / CDMX, México, C.P. 03910, ID: 25917950",2 Recámaras | 2 Baños | 126 m 2,https://propiedades.com/inmuebles/casa-en-venta-el-greco-mixcoac-df-25917950#pagina=10&tipos=casas-venta&area=ciudad-de-mexico&pos=17
Ciudad De Mexico,10,"$7,131,411
MXN","El greco, Col. Mixcoac, Benito Juárez, DF / CDMX, México, C.P. 03910, ID: 25917948",2 Recámaras | 2 Baños | 126 m 2,https://propiedades.com/inmuebles/casa-en-venta-el-greco-mixcoac-df-25917948#pagina=10&tipos=casas-venta&area=ciudad-de-mexico&pos=18
Ciudad De Mexico,10,"$3,680,000
MXN","Casa disponible en venta en Sin nombre de calle #xInt. X, Col. Cafetales, Coyoacán, DF / CDMX, México, C.P. 04918, ID: 30743646",5 Recámaras | 4 Baños | 240 m 2,
Ciudad De Mexico,10,"$34,500,000
MXN","Casa en venta, lomas, Col. Lomas de Chapultepec III Sección, Miguel Hidalgo, DF / CDMX, México, C.P. 11000, ID: 30504272",4 Recámaras | 4 Baños | 550 m 2,https://propiedades.com/inmuebles/casa-en-venta-lomas-lomas-de-chapultepec-iii-seccion-df-30504272#pagina=10&tipos=casas-venta&area=ciudad-de-mexico&pos=20
Ciudad De Mexico,10,"$6,950,000
MXN","Se vende casa en Coahuila 68, Col. Cuajimalpa, Cuajimalpa de Morelos, DF / CDMX, México, C.P. 05000, ID: 30454415",3 Recámaras | 2 Baños | 220 m 2,https://propiedades.com/inmuebles/casa-en-venta-coahuila-68-cuajimalpa-df-30454415#pagina=10&tipos=casas-venta&area=ciudad-de-mexico&pos=21
Ciudad De Mexico,10,"$55,000,000
MXN","Venta de casa en Lomas de Chapultepec, Col. Lomas de Chapultepec II Sección, Miguel Hidalgo, DF / CDMX, México, C.P. 11000, ID: 30617517",4 Recámaras | 4 Baños | 600 m 2,https://propiedades.com/inmuebles/casa-en-venta-lomas-de-chapultepec-lomas-de-chapultepec-ii-seccion-df-30617517#pagina=10&tipos=casas-venta&area=ciudad-de-mexico&pos=22
Ciudad De Mexico,10,"$63,200,000
MXN","Xicotencatl #201, Col. Del Carmen, Coyoacán, DF / CDMX, México, C.P. 04100, ID: 30532538",3 Recámaras | 4 Baños | 1519 m 2,https://propiedades.com/inmuebles/casa-en-venta-xicotencatl-201-del-carmen-df-30532538#pagina=10&tipos=casas-venta&area=ciudad-de-mexico&pos=23
Ciudad De Mexico,10,"$11,950,000
MXN","Venta casa en Palenque, Col. Vertiz Narvarte, Benito Juárez, DF / CDMX, México, C.P. 03600, ID: 29707374",3 Recámaras | 3 Baños | 215 m 2,https://propiedades.com/inmuebles/casa-en-venta-palenque-vertiz-narvarte-df-29707374#pagina=10&tipos=casas-venta&area=ciudad-de-mexico&pos=24
Ciudad De Mexico,10,"$1,999,000
USD","Casa en venta, Bosques de las Lomas, Ciudad de México, CDMX #5534645227, Col. Bosques de las Lomas, Cuajimalpa de Morelos, DF / CDMX, México, C.P. 05120, ID: 30396666",5 Recámaras | 4 Baños | 775 m 2,https://propiedades.com/inmuebles/casa-en-venta-bosques-de-las-lomas-ciudad-de-mexico-cdmx-5534645227-bosques-de-las-lomas-df-30396666#pagina=10&tipos=casas-venta&area=ciudad-de-mexico&pos=25
Ciudad De Mexico,10,"$11,500,000
MXN","Casa disponible en venta en Balcon del Diablo, Tetelpan, Ciudad de México, CDMX, Col. Tetelpan, Álvaro Obregón, DF / CDMX, México, C.P. 01700, ID: 30407807",3 Recámaras | 3 Baños | 327 m 2,https://propiedades.com/inmuebles/casa-en-venta-balcon-del-diablo-tetelpan-ciudad-de-mexico-cdmx-tetelpan-df-30407807#pagina=10&tipos=casas-venta&area=ciudad-de-mexico&pos=26
Ciudad De Mexico,10,"$21,900,000
MXN","Casa disponible en venta en Arteaga y Salazar, Col. Contadero, Cuajimalpa de Morelos, DF / CDMX, México, C.P. 05500, ID: 29838171",3 Recámaras | 3 Baños | 550 m 2,
Ciudad De Mexico,10,"$5,600,000
MXN","Pergolas, Col. Jardines del Sur, Xochimilco, DF / CDMX, México, C.P. 16050, ID: 30336004",4 Recámaras | 3 Baños | 338 m 2,https://propiedades.com/inmuebles/casa-en-venta-pergolas-jardines-del-sur-df-30336004#pagina=10&tipos=casas-venta&area=ciudad-de-mexico&pos=28
Ciudad De Mexico,10,"$4,500,000
USD","Se vende casa , Col. Bosques de las Lomas, Cuajimalpa de Morelos, DF / CDMX, México, C.P. 05120, ID: 26455551",3 Recámaras | 4 Baños | 1450 m 2,https://propiedades.com/inmuebles/casa-en-venta-bosques-de-las-lomas-df-26455551#pagina=10&tipos=casas-venta&area=ciudad-de-mexico&pos=29
Ciudad De Mexico,10,"$17,000,000
MXN",", Col. Del Niño Jesús, Coyoacán, DF / CDMX, México, C.P. 04330, ID: 26816811",4 Recámaras | 3 Baños | 297 m 2,https://propiedades.com/inmuebles/casa-en-venta-del-nino-jesus-df-26816811#pagina=10&tipos=casas-venta&area=ciudad-de-mexico&pos=30
Ciudad De Mexico,10,"$30,800,000
MXN","Se vende casa en Lomas de Vista Hermosa, Ciudad de México, CDMX, Col. Lomas de Vista Hermosa, Cuajimalpa de Morelos, DF / CDMX, México, C.P. 05100, ID: 30396626",4 Recámaras | 4 Baños | 650 m 2,https://propiedades.com/inmuebles/casa-en-venta-lomas-de-vista-hermosa-ciudad-de-mexico-cdmx-lomas-de-vista-hermosa-df-30396626#pagina=10&tipos=casas-venta&area=ciudad-de-mexico&pos=31
Ciudad De Mexico,10,"$80,000,000
MXN","Casa en venta, Av. de las Fuentes #169, Col. Jardines del Pedregal, Álvaro Obregón, DF / CDMX, México, C.P. 01900, ID: 30057240",6 Recámaras | 7 Baños | 2114 m 2,https://propiedades.com/inmuebles/casa-en-venta-av-de-las-fuentes-169-jardines-del-pedregal-df-30057240#pagina=10&tipos=casas-venta&area=ciudad-de-mexico&pos=32
Ciudad De Mexico,10,"$23,500,000
MXN","Av. Paseo Bosque de la Reforma, Col. Bosque de las Lomas, Miguel Hidalgo, DF / CDMX, México, C.P. 11700, ID: 30148362",4 Recámaras | 7 Baños | 618 m 2,https://propiedades.com/inmuebles/casa-en-venta-av-paseo-bosque-de-la-reforma-bosque-de-las-lomas-df-30148362#pagina=10&tipos=casas-venta&area=ciudad-de-mexico&pos=33
Ciudad De Mexico,10,"$11,500,000
MXN","Casa disponible en venta en Cda. de Balcon 3, Tetelpan, Álvaro Obregón, 01700 Ciudad de México, CDMX #3, Col. Tecalcapa del Pueblo Tetelpan, Álvaro Obregón, DF / CDMX, México, C.P. 01700, ID: 30537287",3 Recámaras | 3 Baños | 327 m 2,https://propiedades.com/inmuebles/casa-en-venta-cda-de-balcon-3-tetelpan-alvaro-obregon-01700-ciudad-de-mexico-cdmx-3-tecalcapa-del-pueblo-tetelpan-df-30537287#pagina=10&tipos=casas-venta&area=ciudad-de-mexico&pos=34
Ciudad De Mexico,10,"$15,540,000
MXN","Becquer #26, Col. Anzures, Miguel Hidalgo, DF / CDMX, México, C.P. 11590, ID: 30452263",3 Recámaras | 2 Baños | 261 m 2,
Ciudad De Mexico,10,"$24,000,000
MXN","Venta casa en , Col. Bosques de las Lomas, Cuajimalpa de Morelos, DF / CDMX, México, C.P. 05120, ID: 29379068",3 Recámaras | 4 Baños | 640 m 2,https://propiedades.com/inmuebles/casa-en-venta-bosques-de-las-lomas-df-29379068#pagina=10&tipos=casas-venta&area=ciudad-de-mexico&pos=36
Ciudad De Mexico,10,"$22,500,000
MXN","Casa en venta, Lomas de Vista Hermosa, Ciudad de México, CDMX, Col. Lomas de Vista Hermosa, Cuajimalpa de Morelos, DF / CDMX, México, C.P. 05100, ID: 30396643",3 Recámaras | 3 Baños | 345 m 2,https://propiedades.com/inmuebles/casa-en-venta-lomas-de-vista-hermosa-ciudad-de-mexico-cdmx-lomas-de-vista-hermosa-df-30396643#pagina=10&tipos=casas-venta&area=ciudad-de-mexico&pos=37
Ciudad De Mexico,10,"$8,500,000
MXN","Venta de casa en Guanajuato 181, Roma Nte., Cuauhtémoc, 06700 Ciudad de México, CDMX #181, Col. Roma Norte, Cuauhtémoc, DF / CDMX, México, C.P. 06700, ID: 30917825",2 Recámaras | 2 Baños | 100 m 2,https://propiedades.com/inmuebles/casa-en-venta-guanajuato-181-roma-nte-cuauhtemoc-06700-ciudad-de-mexico-cdmx-181-roma-norte-df-30917825#pagina=10&tipos=casas-venta&area=ciudad-de-mexico&pos=38
Ciudad De Mexico,10,"$15,700,000
MXN","Venta de casa en San Francisco, Col. Del Valle Centro, Benito Juárez, DF / CDMX, México, C.P. 03100, ID: 30488222",4 Recámaras | 2 Baños | 306 m 2,https://propiedades.com/inmuebles/casa-en-venta-san-francisco-del-valle-centro-df-30488222#pagina=10&tipos=casas-venta&area=ciudad-de-mexico&pos=39
Ciudad De Mexico,10,"$3,850,000
MXN","Casa en venta disponible en Cda. de Jacobo Watt, Fuego Nuevo, 09800 Ciudad de México, CDMX #000Int. 000, Col. Periodista, Benito Juárez, DF / CDMX, México, C.P. 03620, ID: 30693882",4 Recámaras | 3 Baños | 280 m 2,https://propiedades.com/inmuebles/casa-en-venta-cda-de-jacobo-watt-fuego-nuevo-09800-ciudad-de-mexico-cdmx-000-periodista-df-30693882#pagina=10&tipos=casas-venta&area=ciudad-de-mexico&pos=40
Ciudad De Mexico,10,"$39,500,000
MXN","Casa disponible en venta en , Col. Bosques de las Lomas, Cuajimalpa de Morelos, DF / CDMX, México, C.P. 05120, ID: 30515829",4 Recámaras | 4 Baños | 650 m 2,https://propiedades.com/inmuebles/casa-en-venta-bosques-de-las-lomas-df-30515829#pagina=10&tipos=casas-venta&area=ciudad-de-mexico&pos=41
Ciudad De Mexico,10,"$45,000,000
MXN","Casa disponible en venta en , Col. Bosque de las Lomas, Miguel Hidalgo, DF / CDMX, México, C.P. 11700, ID: 30424970",4 Recámaras | 4 Baños | 722 m 2,https://propiedades.com/inmuebles/casa-en-venta-bosque-de-las-lomas-df-30424970#pagina=10&tipos=casas-venta&area=ciudad-de-mexico&pos=42
Ciudad De Mexico,10,"$16,900,000
MXN","Casa disponible en venta en , Col. Vergel Coapa, Tlalpan, DF / CDMX, México, C.P. 14320, ID: 26377711",4 Recámaras | 4 Baños | 800 m 2,https://propiedades.com/inmuebles/casa-en-venta-vergel-coapa-df-26377711#pagina=10&tipos=casas-venta&area=ciudad-de-mexico&pos=43
Ciudad De Mexico,10,"$80,000,000
MXN","Venta de casa Lomas Altas, 11950 Ciudad de México, CDMX, Col. Lomas Altas, Miguel Hidalgo, DF / CDMX, México, C.P. 11950, ID: 30769791",5 Recámaras | 4 Baños | 1071 m 2,https://propiedades.com/inmuebles/casa-en-venta-lomas-altas-11950-ciudad-de-mexico-cdmx-lomas-altas-df-30769791#pagina=10&tipos=casas-venta&area=ciudad-de-mexico&pos=44
Ciudad De Mexico,10,"$33,000,000
MXN","Bosques de las Lomas, Ciudad de México, CDMX, Col. Bosques de las Lomas, Cuajimalpa de Morelos, DF / CDMX, México, C.P. 05120, ID: 30396632",4 Recámaras | 4 Baños | 500 m 2,https://propiedades.com/inmuebles/casa-en-venta-bosques-de-las-lomas-ciudad-de-mexico-cdmx-bosques-de-las-lomas-df-30396632#pagina=10&tipos=casas-venta&area=ciudad-de-mexico&pos=45
Ciudad De Mexico,10,"$8,450,000
MXN","Se vende casa Sinatel, 09470 Ciudad de México, CDMX #100Int. 01, Col. Sinatel, Iztapalapa, DF / CDMX, México, C.P. 09470, ID: 30570153",4 Recámaras | 1 Baño | 433 m 2,https://propiedades.com/inmuebles/casa-en-venta-sinatel-09470-ciudad-de-mexico-cdmx-100-sinatel-df-30570153#pagina=10&tipos=casas-venta&area=ciudad-de-mexico&pos=46
Ciudad De Mexico,10,"$21,500,000
MXN","Casa en venta, Agua 705, Jardines del Pedregal, Álvaro Obregón, 01900 Ciudad de México, CDMX #705, Col. Jardines del Pedregal, Álvaro Obregón, DF / CDMX, México, C.P. 01900, ID: 30921814",4 Recámaras | 5 Baños | 346 m 2,https://propiedades.com/inmuebles/casa-en-venta-agua-705-jardines-del-pedregal-alvaro-obregon-01900-ciudad-de-mexico-cdmx-705-jardines-del-pedregal-df-30921814#pagina=10&tipos=casas-venta&area=ciudad-de-mexico&pos=47
Ciudad De Mexico,11,"$6,400,000
MXN","Casa en venta, Calle Prol. Hidalgo 280, Adolfo López Mateos, Cuajimalpa de Morelos, 05270 Ciudad de México, CDMX #280, Col. Manzanastitla, Cuajimalpa de Morelos, DF / CDMX, México, C.P. 05270, ID: 30921722",6 Recámaras | 4 Baños | 280 m 2,https://propiedades.com/inmuebles/casa-en-venta-calle-prol-hidalgo-280-adolfo-lopez-mateos-cuajimalpa-de-morelos-05270-ciudad-de-mexico-cdmx-280-manzanastitla-df-30921722#pagina=11&tipos=casas-venta&area=ciudad-de-mexico&pos=1
Ciudad De Mexico,11,"$30,000,000
MXN","Venta casa en Reims, Col. Villa Verdún, Álvaro Obregón, DF / CDMX, México, C.P. 01810, ID: 27338716",3 Recámaras | 5 Baños | 416 m 2,https://propiedades.com/inmuebles/casa-en-venta-reims-villa-verdun-df-27338716#pagina=11&tipos=casas-venta&area=ciudad-de-mexico&pos=2
Ciudad De Mexico,11,"$66,500,000
MXN","Se vende casa Alcazar de Toledo, Col. Real de las Lomas, Miguel Hidalgo, DF / CDMX, México, C.P. 11920, ID: 28174764",3 Recámaras | 589 m 2,https://propiedades.com/inmuebles/casa-en-venta-alcazar-de-toledo-real-de-las-lomas-df-28174764#pagina=11&tipos=casas-venta&area=ciudad-de-mexico&pos=3
Ciudad De Mexico,11,"$8,000,000
MXN","Se vende casa Playa Hornitos 8, Militar Marte, Iztacalco, 08830 Ciudad de México, CDMX #8, Col. Militar Marte, Iztacalco, DF / CDMX, México, C.P. 08830, ID: 30913872",7 Recámaras | 5 Baños | 356 m 2,https://propiedades.com/inmuebles/casa-en-venta-playa-hornitos-8-militar-marte-iztacalco-08830-ciudad-de-mexico-cdmx-8-militar-marte-df-30913872#pagina=11&tipos=casas-venta&area=ciudad-de-mexico&pos=4
Ciudad De Mexico,11,"$14,500,000
MXN","Se vende casa Lomas de los Ángeles Tetelpan, Ciudad de México, CDMX, Col. Lomas de los Angeles del Pueblo Tetelpan, Álvaro Obregón, DF / CDMX, México, C.P. 01790, ID: 30921523",3 Recámaras | 4 Baños | 264 m 2,https://propiedades.com/inmuebles/casa-en-venta-lomas-de-los-angeles-tetelpan-ciudad-de-mexico-cdmx-lomas-de-los-angeles-del-pueblo-tetelpan-df-30921523#pagina=11&tipos=casas-venta&area=ciudad-de-mexico&pos=5
Ciudad De Mexico,11,"$65,000,000
MXN","Venta de casa , Col. Santa Fe Centro Ciudad, Álvaro Obregón, DF / CDMX, México, C.P. 01376, ID: 30646546",4 Recámaras | 3 Baños | 780 m 2,https://propiedades.com/inmuebles/casa-en-venta-santa-fe-centro-ciudad-df-30646546#pagina=11&tipos=casas-venta&area=ciudad-de-mexico&pos=6
Ciudad De Mexico,11,"$27,900,000
MXN","Casa en venta disponible en Jardines del Pedregal, 01900 Ciudad de México, CDMX, Col. Jardines del Pedregal, Álvaro Obregón, DF / CDMX, México, C.P. 01900, ID: 30952298",3 Recámaras | 5 Baños | 904 m 2,https://propiedades.com/inmuebles/casa-en-venta-jardines-del-pedregal-01900-ciudad-de-mexico-cdmx-jardines-del-pedregal-df-30952298#pagina=11&tipos=casas-venta&area=ciudad-de-mexico&pos=7
Ciudad De Mexico,11,"$9,570,000
MXN","Venta de casa en Jorge Washington, Moderna, 03510 Ciudad de México, CDMX #s/n, Col. Moderna, Benito Juárez, DF / CDMX, México, C.P. 03510, ID: 30927721",5 Recámaras | 3 Baños | 263 m 2,https://propiedades.com/inmuebles/casa-en-venta-jorge-washington-moderna-03510-ciudad-de-mexico-cdmx-sn-moderna-df-30927721#pagina=11&tipos=casas-venta&area=ciudad-de-mexico&pos=8
Ciudad De Mexico,11,"$60,000,000
MXN","Se vende casa Rancho San Francisco, San Bartolo Ameyalco, 01800 Ciudad de México, CDMX, Col. San Bartolo Ameyalco, Álvaro Obregón, DF / CDMX, México, C.P. 01800, ID: 30921456",7 Recámaras | 7 Baños | 1370 m 2,https://propiedades.com/inmuebles/casa-en-venta-rancho-san-francisco-san-bartolo-ameyalco-01800-ciudad-de-mexico-cdmx-san-bartolo-ameyalco-df-30921456#pagina=11&tipos=casas-venta&area=ciudad-de-mexico&pos=9
Ciudad De Mexico,11,"$9,200,000
MXN","Venta casa en Saratoga 713, Portales Sur, Benito Juárez, 03300 Ciudad de México, CDMX #713, Col. Portales Sur, Benito Juárez, DF / CDMX, México, C.P. 03300, ID: 30986850",4 Recámaras | 2 Baños | 254 m 2,https://propiedades.com/inmuebles/casa-en-venta-saratoga-713-portales-sur-benito-juarez-03300-ciudad-de-mexico-cdmx-713-portales-sur-df-30986850#pagina=11&tipos=casas-venta&area=ciudad-de-mexico&pos=10
Ciudad De Mexico,11,"$4,750,000
MXN","Casa disponible en venta en Av. De Los Pinos 171, Amp la Providencia, Gustavo A. Madero, 07500 Ciudad de México, CDMX #171, Col. La Pradera, Gustavo A. Madero, DF / CDMX, México, C.P. 07500, ID: 30952300",7 Recámaras | 5 Baños | 291 m 2,https://propiedades.com/inmuebles/casa-en-venta-av-de-los-pinos-171-amp-la-providencia-gustavo-a-madero-07500-ciudad-de-mexico-cdmx-171-la-pradera-df-30952300#pagina=11&tipos=casas-venta&area=ciudad-de-mexico&pos=11
Ciudad De Mexico,11,"$2,550,000
MXN","Casa en venta disponible en Carretera México Cuernavaca km25, Col. San Miguel Xicalco, Tlalpan, DF / CDMX, México, C.P. 14490, ID: 31008588",2 Recámaras | 1 Baño | 140 m 2,https://propiedades.com/inmuebles/casa-en-venta-carretera-mexico-cuernavaca-km25-san-miguel-xicalco-df-31008588#pagina=11&tipos=casas-venta&area=ciudad-de-mexico&pos=12
Ciudad De Mexico,11,"$7,700,000
MXN","Casa en venta, Lomas de Tarango 5, Lomas de Tarango, Álvaro Obregón, 01620 Ciudad de México, CDMX #5, Col. Lomas de Tarango, Álvaro Obregón, DF / CDMX, México, C.P. 01620, ID: 30891070",4 Recámaras | 3 Baños | 444 m 2,https://propiedades.com/inmuebles/casa-en-venta-lomas-de-tarango-5-lomas-de-tarango-alvaro-obregon-01620-ciudad-de-mexico-cdmx-5-lomas-de-tarango-df-30891070#pagina=11&tipos=casas-venta&area=ciudad-de-mexico&pos=13
Ciudad De Mexico,11,"$4,000,000
MXN","Venta casa en Aztahuacan, Pedregal de Santo Domingo, 04369 Ciudad de México, CDMX, Col. Pedregal de Santo Domingo, Coyoacán, DF / CDMX, México, C.P. 04369, ID: 30900900",2 Recámaras | 2 Baños | 277 m 2,https://propiedades.com/inmuebles/casa-en-venta-aztahuacan-pedregal-de-santo-domingo-04369-ciudad-de-mexico-cdmx-pedregal-de-santo-domingo-df-30900900#pagina=11&tipos=casas-venta&area=ciudad-de-mexico&pos=14
Ciudad De Mexico,11,"$21,980,000
MXN","Casa disponible en venta en Priv de la Providencia, Col. San Jerónimo Lídice, La Magdalena Contreras, DF / CDMX, México, C.P. 10200, ID: 30987042",4 Recámaras | 4 Baños | 649 m 2,https://propiedades.com/inmuebles/casa-en-venta-priv-de-la-providencia-san-jeronimo-lidice-df-30987042#pagina=11&tipos=casas-venta&area=ciudad-de-mexico&pos=15
Ciudad De Mexico,11,"$6,000,000
MXN","Venta de casa C. Ote. 178, Moctezuma 2da Secc, 15530 Ciudad de México, CDMX, Col. Moctezuma 2a Sección, Venustiano Carranza, DF / CDMX, México, C.P. 15530, ID: 30896457",3 Recámaras | 1 Baño | 338 m 2,https://propiedades.com/inmuebles/casa-en-venta-c-ote-178-moctezuma-2da-secc-15530-ciudad-de-mexico-cdmx-moctezuma-2a-seccion-df-30896457#pagina=11&tipos=casas-venta&area=ciudad-de-mexico&pos=16
Ciudad De Mexico,11,"$60,000,000
MXN","Venta de casa en Ocotepec, Col. San Jerónimo Lídice, La Magdalena Contreras, DF / CDMX, México, C.P. 10200, ID: 29964501",4 Recámaras | 3 Baños | 1200 m 2,https://propiedades.com/inmuebles/casa-en-venta-ocotepec-san-jeronimo-lidice-df-29964501#pagina=11&tipos=casas-venta&area=ciudad-de-mexico&pos=17
Ciudad De Mexico,11,"$21,950,000
MXN","Casa en venta, Miguel Lerdo de Tejada 146A, Guadalupe Inn, Álvaro Obregón, 01020 Ciudad de México, CDMX #146A, Col. Guadalupe Inn, Álvaro Obregón, DF / CDMX, México, C.P. 01020, ID: 30921772",5 Recámaras | 5 Baños | 580 m 2,https://propiedades.com/inmuebles/casa-en-venta-miguel-lerdo-de-tejada-146a-guadalupe-inn-alvaro-obregon-01020-ciudad-de-mexico-cdmx-146a-guadalupe-inn-df-30921772#pagina=11&tipos=casas-venta&area=ciudad-de-mexico&pos=18
Ciudad De Mexico,11,"$3,980,000
MXN","Se vende casa en Antigua Veracruz MZ36 LT4, San Felipe de Jesús, Gustavo A. Madero, 07510 Ciudad de México, CDMX #MZ36 LT4, Col. San Felipe de Jesús, Gustavo A. Madero, DF / CDMX, México, C.P. 07510, ID: 30880255",1 Recámara | 1 Baño | 355 m 2,https://propiedades.com/inmuebles/casa-en-venta-antigua-veracruz-mz36-lt4-san-felipe-de-jesus-gustavo-a-madero-07510-ciudad-de-mexico-cdmx-mz36-lt4-san-felipe-de-jesus-df-30880255#pagina=11&tipos=casas-venta&area=ciudad-de-mexico&pos=19
Ciudad De Mexico,11,"$11,900,000
MXN","Se vende casa Rancho Irolo 2, Coapa, Prados Coapa 1ra Secc, Tlalpan, 14350 Ciudad de México, CDMX #2, Col. Prado Coapa 1A Sección, Tlalpan, DF / CDMX, México, C.P. 14350, ID: 30901290",3 Recámaras | 5 Baños | 337 m 2,https://propiedades.com/inmuebles/casa-en-venta-rancho-irolo-2-coapa-prados-coapa-1ra-secc-tlalpan-14350-ciudad-de-mexico-cdmx-2-prado-coapa-1a-seccion-df-30901290#pagina=11&tipos=casas-venta&area=ciudad-de-mexico&pos=20
Ciudad De Mexico,11,"$9,600,000
MXN","Casa en venta, 2a Cda. de Guerrero, Lomas Quebradas, 10000 Ciudad de México, CDMX #s/n, Col. Lomas Quebradas, La Magdalena Contreras, DF / CDMX, México, C.P. 10000, ID: 30953043",4 Recámaras | 4 Baños | 256 m 2,https://propiedades.com/inmuebles/casa-en-venta-2a-cda-de-guerrero-lomas-quebradas-10000-ciudad-de-mexico-cdmx-sn-lomas-quebradas-df-30953043#pagina=11&tipos=casas-venta&area=ciudad-de-mexico&pos=21
Ciudad De Mexico,11,"$10,065,000
MXN","Venta de casa en Neiva 936, Lindavista, Gustavo A. Madero, 07300 Ciudad de México, CDMX #936, Col. Lindavista Norte, Gustavo A. Madero, DF / CDMX, México, C.P. 07300, ID: 30873977",7 Recámaras | 5 Baños | 629 m 2,https://propiedades.com/inmuebles/casa-en-venta-neiva-936-lindavista-gustavo-a-madero-07300-ciudad-de-mexico-cdmx-936-lindavista-norte-df-30873977#pagina=11&tipos=casas-venta&area=ciudad-de-mexico&pos=22
Ciudad De Mexico,11,"$8,400,000
MXN","Se vende casa Cecilio Robelo, Jardín Balbuena, Ciudad de México, CDMX, Col. Jardín Balbuena, Venustiano Carranza, DF / CDMX, México, C.P. 15900, ID: 30908572",6 Recámaras | 2 Baños | 310 m 2,https://propiedades.com/inmuebles/casa-en-venta-cecilio-robelo-jardin-balbuena-ciudad-de-mexico-cdmx-jardin-balbuena-df-30908572#pagina=11&tipos=casas-venta&area=ciudad-de-mexico&pos=23
Ciudad De Mexico,11,"$5,200,000
MXN","Venta de casa De La Playa 30, Acueducto de Guadalupe, Gustavo A. Madero, 07790 Ciudad de México, CDMX #30, Col. Guadalupe Victoria, Gustavo A. Madero, DF / CDMX, México, C.P. 07790, ID: 30858686",4 Recámaras | 3 Baños | 268 m 2,https://propiedades.com/inmuebles/casa-en-venta-de-la-playa-30-acueducto-de-guadalupe-gustavo-a-madero-07790-ciudad-de-mexico-cdmx-30-guadalupe-victoria-df-30858686#pagina=11&tipos=casas-venta&area=ciudad-de-mexico&pos=24
Ciudad De Mexico,11,"$3,500,000
MXN","Venta casa en Cjon. Industria 23, Santa Cruz Xochitepec, Xochimilco, 16100 Ciudad de México, CDMX #23, Col. Santa Cruz Xochitepec, Xochimilco, DF / CDMX, México, C.P. 16100, ID: 30863406",3 Recámaras | 2 Baños | 290 m 2,https://propiedades.com/inmuebles/casa-en-venta-cjon-industria-23-santa-cruz-xochitepec-xochimilco-16100-ciudad-de-mexico-cdmx-23-santa-cruz-xochitepec-df-30863406#pagina=11&tipos=casas-venta&area=ciudad-de-mexico&pos=25
Ciudad De Mexico,11,"$25,000,000
MXN","Casa en venta disponible en Sierra Paracaima, Lomas de Chapultepec, 11000 Ciudad de México, CDMX, Col. Lomas de Chapultepec V Sección, Miguel Hidalgo, DF / CDMX, México, C.P. 11000, ID: 30948199",3 Recámaras | 4 Baños | 504 m 2,https://propiedades.com/inmuebles/casa-en-venta-sierra-paracaima-lomas-de-chapultepec-11000-ciudad-de-mexico-cdmx-lomas-de-chapultepec-v-seccion-df-30948199#pagina=11&tipos=casas-venta&area=ciudad-de-mexico&pos=26
Ciudad De Mexico,11,"$990,000
MXN","Av. Clavería, Claveria, 02080 Ciudad de México, CDMX, Col. Clavería, Azcapotzalco, DF / CDMX, México, C.P. 02080, ID: 30937214",4 Recámaras | 2 Baños | 310 m 2,https://propiedades.com/inmuebles/casa-en-venta-av-claveria-claveria-02080-ciudad-de-mexico-cdmx-claveria-df-30937214#pagina=11&tipos=casas-venta&area=ciudad-de-mexico&pos=27
Ciudad De Mexico,11,"$68,900,000
MXN","Av Bernardo Quintana 595, Santa Fe, Zedec Sta Fé, Álvaro Obregón, 01210 Ciudad de México, CDMX #595, Col. Santa Fe, Álvaro Obregón, DF / CDMX, México, C.P. 01210, ID: 30921898",5 Recámaras | 5 Baños | 780 m 2,https://propiedades.com/inmuebles/casa-en-venta-av-bernardo-quintana-595-santa-fe-zedec-sta-fe-alvaro-obregon-01210-ciudad-de-mexico-cdmx-595-santa-fe-df-30921898#pagina=11&tipos=casas-venta&area=ciudad-de-mexico&pos=28
Ciudad De Mexico,11,"$11,200,000
MXN","Venta de casa 2a. Cda. Zampapano 12, Tetelpan, Álvaro Obregón, 01700 Ciudad de México, CDMX #12, Col. Tetelpan, Álvaro Obregón, DF / CDMX, México, C.P. 01700, ID: 30857915",3 Recámaras | 3 Baños | 351 m 2,https://propiedades.com/inmuebles/casa-en-venta-2a-cda-zampapano-12-tetelpan-alvaro-obregon-01700-ciudad-de-mexico-cdmx-12-tetelpan-df-30857915#pagina=11&tipos=casas-venta&area=ciudad-de-mexico&pos=29
Ciudad De Mexico,11,"$19,000,000
MXN","Venta casa en Tajín, Narvarte Oriente, Ciudad de México, CDMX #153, Col. Narvarte Oriente, Benito Juárez, DF / CDMX, México, C.P. 03023, ID: 30959813",8 Recámaras | 5 Baños | 485 m 2,https://propiedades.com/inmuebles/casa-en-venta-tajin-narvarte-oriente-ciudad-de-mexico-cdmx-153-narvarte-oriente-df-30959813#pagina=11&tipos=casas-venta&area=ciudad-de-mexico&pos=30
Ciudad De Mexico,11,"$3,980,000
MXN","Casa en venta disponible en Divisadero, San Andrés Totoltepec, 14406 Ciudad de México, CDMX, Col. Divisadero, Tlalpan, DF / CDMX, México, C.P. 14406, ID: 30917709",2 Recámaras | 3 Baños | 160 m 2,https://propiedades.com/inmuebles/casa-en-venta-divisadero-san-andres-totoltepec-14406-ciudad-de-mexico-cdmx-divisadero-df-30917709#pagina=11&tipos=casas-venta&area=ciudad-de-mexico&pos=31
Ciudad De Mexico,11,"$9,800,000
MXN","Casa en venta disponible en Calzada Las Águilas #1990, Col. Lomas Axomiatla, Álvaro Obregón, DF / CDMX, México, C.P. 01820, ID: 30972379",4 Recámaras | 4 Baños | 340 m 2,https://propiedades.com/inmuebles/casa-en-venta-calzada-las-aguilas-1990-lomas-axomiatla-df-30972379#pagina=11&tipos=casas-venta&area=ciudad-de-mexico&pos=32
Ciudad De Mexico,11,"$2,550,000
MXN","Los Cipreses, 16810 Ciudad de México, CDMX, Col. Santa Inés, Xochimilco, DF / CDMX, México, C.P. 16810, ID: 30958737",2 Recámaras | 1 Baño | 140 m 2,https://propiedades.com/inmuebles/casa-en-venta-los-cipreses-16810-ciudad-de-mexico-cdmx-santa-ines-df-30958737#pagina=11&tipos=casas-venta&area=ciudad-de-mexico&pos=33
Ciudad De Mexico,11,"$12,800,000
MXN","Se vende casa Las Flores #344, Col. Flor de Maria, Álvaro Obregón, DF / CDMX, México, C.P. 01760, ID: 30688526",3 Recámaras | 4 Baños | 282 m 2,https://propiedades.com/inmuebles/casa-en-venta-las-flores-344-flor-de-maria-df-30688526#pagina=11&tipos=casas-venta&area=ciudad-de-mexico&pos=34
Ciudad De Mexico,11,"$22,000,000
MXN","Casa en venta, Fuego, Jardines del Pedregal, 01900 Ciudad de México, CDMX #s/n, Col. Jardines del Pedregal, Álvaro Obregón, DF / CDMX, México, C.P. 01900, ID: 31005364",3 Recámaras | 2 Baños | 529 m 2,https://propiedades.com/inmuebles/casa-en-venta-fuego-jardines-del-pedregal-01900-ciudad-de-mexico-cdmx-sn-jardines-del-pedregal-df-31005364#pagina=11&tipos=casas-venta&area=ciudad-de-mexico&pos=35
Ciudad De Mexico,11,"$5,400,000
MXN","Casa disponible en venta en Eten, Ciudad de México, CDMXInt. 695, Col. Delegación Política Gustavo A Madero, Gustavo A. Madero, DF / CDMX, México, C.P. 07059, ID: 30909101",4 Recámaras | 2 Baños | 192 m 2,https://propiedades.com/inmuebles/casa-en-venta-eten-ciudad-de-mexico-cdmx-delegacion-politica-gustavo-a-madero-df-30909101#pagina=11&tipos=casas-venta&area=ciudad-de-mexico&pos=36
Ciudad De Mexico,11,"$2,112,000
MXN","C. Tonantzin 65, Tlaxpana, Miguel Hidalgo, 11370 Ciudad de México, CDMX #65, Col. Tlaxpana, Miguel Hidalgo, DF / CDMX, México, C.P. 11370, ID: 30881139",3 Recámaras | 1 Baño | 57 m 2,https://propiedades.com/inmuebles/casa-en-venta-c-tonantzin-65-tlaxpana-miguel-hidalgo-11370-ciudad-de-mexico-cdmx-65-tlaxpana-df-30881139#pagina=11&tipos=casas-venta&area=ciudad-de-mexico&pos=37
Ciudad De Mexico,11,"$6,790,000
MXN","Casa disponible en venta en Carr. Picacho-Ajusco, Cruz del Farol, Ciudad de México, CDMX #s/n, Col. Cruz del Farol, Tlalpan, DF / CDMX, México, C.P. 14248, ID: 30857621",4 Recámaras | 4 Baños | 258 m 2,https://propiedades.com/inmuebles/casa-en-venta-carr-picachoajusco-cruz-del-farol-ciudad-de-mexico-cdmx-sn-cruz-del-farol-df-30857621#pagina=11&tipos=casas-venta&area=ciudad-de-mexico&pos=38
Ciudad De Mexico,11,"$8,200,000
MXN","Se vende casa en Los Gipaetos 145, Lomas de las Águilas, Álvaro Obregón, 01730 Ciudad de México, CDMX #145, Col. Lomas de las Águilas, Álvaro Obregón, DF / CDMX, México, C.P. 01730, ID: 30966844",3 Recámaras | 3 Baños | 256 m 2,https://propiedades.com/inmuebles/casa-en-venta-los-gipaetos-145-lomas-de-las-aguilas-alvaro-obregon-01730-ciudad-de-mexico-cdmx-145-lomas-de-las-aguilas-df-30966844#pagina=11&tipos=casas-venta&area=ciudad-de-mexico&pos=39
Ciudad De Mexico,11,"$62,000,000
MXN","Venta de casa en Monte Cáucaso 1161, Lomas de Chapultepec, Miguel Hidalgo, 11000 Ciudad de México, CDMX #1161, Col. Lomas de Chapultepec V Sección, Miguel Hidalgo, DF / CDMX, México, C.P. 11000, ID: 30854213",3 Recámaras | 4 Baños | 600 m 2,https://propiedades.com/inmuebles/casa-en-venta-monte-caucaso-1161-lomas-de-chapultepec-miguel-hidalgo-11000-ciudad-de-mexico-cdmx-1161-lomas-de-chapultepec-v-seccion-df-30854213#pagina=11&tipos=casas-venta&area=ciudad-de-mexico&pos=40
Ciudad De Mexico,11,"$680,000
MXN","Venta de casa C. Egipto 163, Claveria, Azcapotzalco, 02080 Ciudad de México, CDMX #163, Col. Clavería, Azcapotzalco, DF / CDMX, México, C.P. 02080, ID: 30957882",3 Recámaras | 2 Baños | 188 m 2,https://propiedades.com/inmuebles/casa-en-venta-c-egipto-163-claveria-azcapotzalco-02080-ciudad-de-mexico-cdmx-163-claveria-df-30957882#pagina=11&tipos=casas-venta&area=ciudad-de-mexico&pos=41
Ciudad De Mexico,11,"$9,985,000
MXN","Casa en venta, Av. Azcapotzalco #360, Ángel Zimbrón, Azcapotzalco, 02099 Ciudad de México, CDMX ##360, Col. Azcapotzalco, Azcapotzalco, DF / CDMX, México, C.P. 02070, ID: 30921582",1 Recámara | 1 Baño | 280 m 2,https://propiedades.com/inmuebles/casa-en-venta-av-azcapotzalco-360-angel-zimbron-azcapotzalco-02099-ciudad-de-mexico-cdmx-360-azcapotzalco-df-30921582#pagina=11&tipos=casas-venta&area=ciudad-de-mexico&pos=42
Ciudad De Mexico,11,"$660,000
MXN","Oasis 103, Claveria, Azcapotzalco, 02080 Ciudad de México, CDMX, Col. Clavería, Azcapotzalco, DF / CDMX, México, C.P. 02080, ID: 30924545",3 Recámaras | 2 Baños | 178 m 2,https://propiedades.com/inmuebles/casa-en-venta-oasis-103-claveria-azcapotzalco-02080-ciudad-de-mexico-cdmx-claveria-df-30924545#pagina=11&tipos=casas-venta&area=ciudad-de-mexico&pos=43
Ciudad De Mexico,11,"$7,000,000
MXN","Casa disponible en venta en Calle G #1, Col. Educación, Coyoacán, DF / CDMX, México, C.P. 04400, ID: 30148541",3 Recámaras | 2 Baños | 209 m 2,https://propiedades.com/inmuebles/casa-en-venta-calle-g-1-educacion-df-30148541#pagina=11&tipos=casas-venta&area=ciudad-de-mexico&pos=44
Ciudad De Mexico,11,"$20,900,000
MXN","Casa en venta, Montana 45, Nápoles, Benito Juárez, 03810 Ciudad de México, CDMX #45, Col. Napoles, Benito Juárez, DF / CDMX, México, C.P. 03810, ID: 30635749",10 Recámaras | 5 Baños | 416 m 2,
Ciudad De Mexico,11,"$13,500,000
MXN","Se vende casa en 1ra Cerrada Cruz Verde #s/n, Col. San Jerónimo Lídice, La Magdalena Contreras, DF / CDMX, México, C.P. 10200, ID: 30917675",3 Recámaras | 4 Baños | 276 m 2,https://propiedades.com/inmuebles/casa-en-venta-1ra-cerrada-cruz-verde-sn-san-jeronimo-lidice-df-30917675#pagina=11&tipos=casas-venta&area=ciudad-de-mexico&pos=46
Ciudad De Mexico,11,"$4,992,588
MXN","Joaquín Romo 36, Miguel Hidalgo 1ra Secc, Tlalpan, 14268 Ciudad de México, CDMX #36Int. 00, Col. La Lonja, Tlalpan, DF / CDMX, México, C.P. 14268, ID: 31005243",3 Recámaras | 1 Baño | 141 m 2,https://propiedades.com/inmuebles/casa-en-venta-joaquin-romo-36-miguel-hidalgo-1ra-secc-tlalpan-14268-ciudad-de-mexico-cdmx-36-la-lonja-df-31005243#pagina=11&tipos=casas-venta&area=ciudad-de-mexico&pos=47
Ciudad De Mexico,12,"$4,200,000
MXN","Se vende casa en Calle la palma, Col. San Bartolo Ameyalco, Álvaro Obregón, DF / CDMX, México, C.P. 01800, ID: 28545252",3 Recámaras | 3 Baños | 179 m 2,https://propiedades.com/inmuebles/casa-en-venta-calle-la-palma-san-bartolo-ameyalco-df-28545252#pagina=12&tipos=casas-venta&area=ciudad-de-mexico&pos=1
Ciudad De Mexico,12,"$5,350,000
MXN","Venta casa en Sardónica, Col. Estrella, 07810 Ciudad de México, CDMX, Col. Estrella, Gustavo A. Madero, DF / CDMX, México, C.P. 07810, ID: 30948448",3 Recámaras | 1 Baño | 125 m 2,https://propiedades.com/inmuebles/casa-en-venta-sardonica-col-estrella-07810-ciudad-de-mexico-cdmx-estrella-df-30948448#pagina=12&tipos=casas-venta&area=ciudad-de-mexico&pos=2
Ciudad De Mexico,12,"$11,950,000
MXN","Venta de casa en Colonia Condesa, 06140 Ciudad de México, CDMX, Col. Condesa, Cuauhtémoc, DF / CDMX, México, C.P. 06140, ID: 30946046",2 Recámaras | 2 Baños | 182 m 2,
Ciudad De Mexico,12,"$2,506,200
MXN","Casa disponible en venta en Iztapalapa, Ciudad de México, CDMX #s/n, Col. Tenorios, Iztapalapa, DF / CDMX, México, C.P. 09680, ID: 30948560",3 Recámaras | 1 Baño | 105 m 2,https://propiedades.com/inmuebles/casa-en-venta-iztapalapa-ciudad-de-mexico-cdmx-sn-tenorios-df-30948560#pagina=12&tipos=casas-venta&area=ciudad-de-mexico&pos=4
Ciudad De Mexico,12,"$11,250,000
MXN","Casa disponible en venta en Xochicalco, Col. Vertiz Narvarte, Benito Juárez, DF / CDMX, México, C.P. 03600, ID: 30391757",4 Recámaras | 3 Baños | 285 m 2,https://propiedades.com/inmuebles/casa-en-venta-xochicalco-vertiz-narvarte-df-30391757#pagina=12&tipos=casas-venta&area=ciudad-de-mexico&pos=5
Ciudad De Mexico,12,"$12,360,000
MXN","Venta de casa en Rio Tigris, Col. Cuauhtémoc, Cuauhtémoc, DF / CDMX, México, C.P. 06500, ID: 30636230",3 Recámaras | 1 Baño | 201 m 2,https://propiedades.com/inmuebles/casa-en-venta-rio-tigris-cuauhtemoc-df-30636230#pagina=12&tipos=casas-venta&area=ciudad-de-mexico&pos=6
Ciudad De Mexico,12,"$26,500,000
MXN","Venta de casa , Col. Lomas de Bezares, Miguel Hidalgo, DF / CDMX, México, C.P. 11910, ID: 31010154",3 Recámaras | 3 Baños | 572 m 2,https://propiedades.com/inmuebles/casa-en-venta-lomas-de-bezares-df-31010154#pagina=12&tipos=casas-venta&area=ciudad-de-mexico&pos=7
Ciudad De Mexico,12,"$6,700,000
MXN","Venta de casa , Col. Mixcoac, Benito Juárez, DF / CDMX, México, C.P. 03910, ID: 30360447",2 Recámaras | 2 Baños | 186 m 2,https://propiedades.com/inmuebles/casa-en-venta-mixcoac-df-30360447#pagina=12&tipos=casas-venta&area=ciudad-de-mexico&pos=8
Ciudad De Mexico,12,"$4,052,000
MXN","Casa disponible en venta en Gustavo A. Madero, Ciudad de México, CDMX #lote 3, Col. La Pradera 1a Sección, Gustavo A. Madero, DF / CDMX, México, C.P. 07509, ID: 30986567",3 Recámaras | 2 Baños | 167 m 2,https://propiedades.com/inmuebles/casa-en-venta-gustavo-a-madero-ciudad-de-mexico-cdmx-lote-3-la-pradera-1a-seccion-df-30986567#pagina=12&tipos=casas-venta&area=ciudad-de-mexico&pos=9
Ciudad De Mexico,12,"$6,200,000
MXN","Casa en venta, del llano #1, Col. Hacienda San Juan, Tlalpan, DF / CDMX, México, C.P. 14377, ID: 30854215",3 Recámaras | 3 Baños | 210 m 2,https://propiedades.com/inmuebles/casa-en-venta-del-llano-1-hacienda-san-juan-df-30854215#pagina=12&tipos=casas-venta&area=ciudad-de-mexico&pos=10
Ciudad De Mexico,12,"$7,700,000
MXN","Se vende casa en COBAN, Col. Valle del Tepeyac, Gustavo A. Madero, DF / CDMX, México, C.P. 07740, ID: 29467364",3 Recámaras | 2 Baños | 240 m 2,https://propiedades.com/inmuebles/casa-en-venta-coban-valle-del-tepeyac-df-29467364#pagina=12&tipos=casas-venta&area=ciudad-de-mexico&pos=11
Ciudad De Mexico,12,"$12,900,000
MXN","Prolongación Abasolo, Col. Fuentes de Tepepan, Tlalpan, DF / CDMX, México, C.P. 14643, ID: 29405302",6 Recámaras | 6 Baños | 420 m 2,https://propiedades.com/inmuebles/casa-en-venta-prolongacion-abasolo-fuentes-de-tepepan-df-29405302#pagina=12&tipos=casas-venta&area=ciudad-de-mexico&pos=12
Ciudad De Mexico,12,"$8,200,000
MXN","Se vende casa en , Col. Jardines de Coyoacán, Coyoacán, DF / CDMX, México, C.P. 04890, ID: 27113363",2 Recámaras | 3 Baños | 300 m 2,https://propiedades.com/inmuebles/casa-en-venta-jardines-de-coyoacan-df-27113363#pagina=12&tipos=casas-venta&area=ciudad-de-mexico&pos=13
Ciudad De Mexico,12,"$40,000,000
MXN","Venta casa en Bosque de las Lomas, Ciudad de México, CDMX, Col. Bosques de las Lomas, Cuajimalpa de Morelos, DF / CDMX, México, C.P. 05120, ID: 30958224",4 Recámaras | 5 Baños | 660 m 2,https://propiedades.com/inmuebles/casa-en-venta-bosque-de-las-lomas-ciudad-de-mexico-cdmx-bosques-de-las-lomas-df-30958224#pagina=12&tipos=casas-venta&area=ciudad-de-mexico&pos=14
Ciudad De Mexico,12,"$1,367,000
MXN","Casa en venta disponible en Lic. Braulio Maldonado 125, Consejo Agrarista Mexicano, Iztapalapa, 09760 Ciudad de México, CDMX #125, Col. Consejo Agrarista Mexicano, Iztapalapa, DF / CDMX, México, C.P. 09760, ID: 30986862",2 Recámaras | 1 Baño | 57 m 2,https://propiedades.com/inmuebles/casa-en-venta-lic-braulio-maldonado-125-consejo-agrarista-mexicano-iztapalapa-09760-ciudad-de-mexico-cdmx-125-consejo-agrarista-mexicano-df-30986862#pagina=12&tipos=casas-venta&area=ciudad-de-mexico&pos=15
Ciudad De Mexico,12,"$8,898,500
MXN","Se vende casa en , Col. Lomas Axomiatla, Álvaro Obregón, DF / CDMX, México, C.P. 01820, ID: 25521519",3 Recámaras | 5 Baños | 300 m 2,https://propiedades.com/inmuebles/casa-en-venta-lomas-axomiatla-df-25521519#pagina=12&tipos=casas-venta&area=ciudad-de-mexico&pos=16
Ciudad De Mexico,12,"$10,000,000
MXN","Se vende casa Col. Romero de Terreros, Coyoacán, DF / CDMX, México, C.P. 04310, ID: 30786803",3 Recámaras | 3 Baños | 357 m 2,https://propiedades.com/inmuebles/casa-en-venta-romero-de-terreros-df-30786803#pagina=12&tipos=casas-venta&area=ciudad-de-mexico&pos=17
Ciudad De Mexico,12,"$12,000,000
MXN","Se vende casa Rancho Vista Hermosa, Coapa, Santa Cecilia, Ciudad de México, CDMX, Col. Santa Cecilia, Coyoacán, DF / CDMX, México, C.P. 04930, ID: 30259354",3 Recámaras | 3 Baños | 340 m 2,https://propiedades.com/inmuebles/casa-en-venta-rancho-vista-hermosa-coapa-santa-cecilia-ciudad-de-mexico-cdmx-santa-cecilia-df-30259354#pagina=12&tipos=casas-venta&area=ciudad-de-mexico&pos=18
Ciudad De Mexico,12,"$5,500,000
MXN","Casa disponible en venta en Managua 725, Lindavista Sur, Gustavo A. Madero, 07300 Ciudad de México, CDMX #725, Col. Lindavista Norte, Gustavo A. Madero, DF / CDMX, México, C.P. 07300, ID: 30296542",3 Recámaras | 2 Baños | 450 m 2,https://propiedades.com/inmuebles/casa-en-venta-managua-725-lindavista-sur-gustavo-a-madero-07300-ciudad-de-mexico-cdmx-725-lindavista-norte-df-30296542#pagina=12&tipos=casas-venta&area=ciudad-de-mexico&pos=19
Ciudad De Mexico,12,"$8,250,000
MXN","Casa en venta, Playa Pichilingue 150, Reforma Iztaccihuatl Sur, Iztacalco, 08840 Ciudad de México, CDMX #150, Col. Reforma Iztaccihuatl Sur, Iztacalco, DF / CDMX, México, C.P. 08840, ID: 30327896",4 Recámaras | 3 Baños | 260 m 2,https://propiedades.com/inmuebles/casa-en-venta-playa-pichilingue-150-reforma-iztaccihuatl-sur-iztacalco-08840-ciudad-de-mexico-cdmx-150-reforma-iztaccihuatl-sur-df-30327896#pagina=12&tipos=casas-venta&area=ciudad-de-mexico&pos=20
Ciudad De Mexico,12,"$6,000,000
MXN","CANAL ZACAPA #s/n, Col. Xaltocan, Xochimilco, DF / CDMX, México, C.P. 16090, ID: 29936757",5 Recámaras | 3 Baños | 400 m 2,https://propiedades.com/inmuebles/casa-en-venta-canal-zacapa-sn-xaltocan-df-29936757#pagina=12&tipos=casas-venta&area=ciudad-de-mexico&pos=21
Ciudad De Mexico,12,"$15,990,000
MXN","Venta de casa en Insurgentes cuicuilco, Col. Insurgentes Cuicuilco, Coyoacán, DF / CDMX, México, C.P. 04530, ID: 30037821",3 Recámaras | 3 Baños | 551 m 2,
Ciudad De Mexico,12,"$10,000,000
MXN","Venta de casa Álvaro Reséndiz, Coapa, Presidentes Ejidales 1ra Secc, 04470 Ciudad de México, CDMX #na, Col. Presidentes Ejidales 1a Sección, Coyoacán, DF / CDMX, México, C.P. 04470, ID: 30327259",5 Recámaras | 5 Baños | 300 m 2,https://propiedades.com/inmuebles/casa-en-venta-alvaro-resendiz-coapa-presidentes-ejidales-1ra-secc-04470-ciudad-de-mexico-cdmx-na-presidentes-ejidales-1a-seccion-df-30327259#pagina=12&tipos=casas-venta&area=ciudad-de-mexico&pos=23
Ciudad De Mexico,12,"$3,000,000
MXN","Se vende casa Canal de Ohtenco 70, San Francisco Xilcantongo, Iztacalco, 08230 Ciudad de México, CDMX #70, Col. San Francisco Xicaltongo, Iztacalco, DF / CDMX, México, C.P. 08230, ID: 30352600",4 Recámaras | 3 Baños | 220 m 2,https://propiedades.com/inmuebles/casa-en-venta-canal-de-ohtenco-70-san-francisco-xilcantongo-iztacalco-08230-ciudad-de-mexico-cdmx-70-san-francisco-xicaltongo-df-30352600#pagina=12&tipos=casas-venta&area=ciudad-de-mexico&pos=24
Ciudad De Mexico,12,"$9,900,000
MXN","Venta casa en Calle Río Lerma #50, Col. Cuauhtémoc, Cuauhtémoc, DF / CDMX, México, C.P. 06500, ID: 29521381",3 Recámaras | 1 Baño | 116 m 2,
Ciudad De Mexico,12,"$3,400,000
MXN","Río Satevo, Paseos de Churubusco, 09030 Ciudad de México, CDMX #s/n, Col. Paseos de Churubusco, Iztapalapa, DF / CDMX, México, C.P. 09030, ID: 30240998",3 Recámaras | 2 Baños | 70 m 2,https://propiedades.com/inmuebles/casa-en-venta-rio-satevo-paseos-de-churubusco-09030-ciudad-de-mexico-cdmx-sn-paseos-de-churubusco-df-30240998#pagina=12&tipos=casas-venta&area=ciudad-de-mexico&pos=26
Ciudad De Mexico,12,"$23,000,000
MXN","Casa en venta, Narvarte Poniente, 03020 Ciudad de México, CDMX #s/n, Col. Narvarte Poniente, Benito Juárez, DF / CDMX, México, C.P. 03020, ID: 30333764",7 Recámaras | 5 Baños | 462 m 2,https://propiedades.com/inmuebles/casa-en-venta-narvarte-poniente-03020-ciudad-de-mexico-cdmx-sn-narvarte-poniente-df-30333764#pagina=12&tipos=casas-venta&area=ciudad-de-mexico&pos=27
Ciudad De Mexico,12,"$3,900,000
MXN","Av. 16 de Septiembre 85, Tablas de San Lorenzo, San Lorenzo Atemoaya, Xochimilco, 16400 Ciudad de Mé #85, Col. San Lorenzo Atemoaya, Xochimilco, DF / CDMX, México, C.P. 16400, ID: 30309422",3 Recámaras | 3 Baños | 210 m 2,https://propiedades.com/inmuebles/casa-en-venta-av-16-de-septiembre-85-tablas-de-san-lorenzo-san-lorenzo-atemoaya-xochimilco-16400-ciudad-de-me-85-san-lorenzo-atemoaya-df-30309422#pagina=12&tipos=casas-venta&area=ciudad-de-mexico&pos=28
Ciudad De Mexico,12,"$11,400,000
MXN","Casa disponible en venta en Prol. Moctezuma 101, Romero de Terreros, Coyoacán, 04310 Ciudad de México, CDMX #101, Col. Monte de Piedad, Coyoacán, DF / CDMX, México, C.P. 04310, ID: 30313361",6 Recámaras | 3 Baños | 180 m 2,https://propiedades.com/inmuebles/casa-en-venta-prol-moctezuma-101-romero-de-terreros-coyoacan-04310-ciudad-de-mexico-cdmx-101-monte-de-piedad-df-30313361#pagina=12&tipos=casas-venta&area=ciudad-de-mexico&pos=29
Ciudad De Mexico,12,"$4,052,500
MXN","Casa en venta, Sierra Madre Oriental, La Pradera I, Pradera II Secc, Ciudad de México, CDMX #106, Col. La Pradera 1a Sección, Gustavo A. Madero, DF / CDMX, México, C.P. 07509, ID: 30987091",3 Recámaras | 2 Baños | 167 m 2,https://propiedades.com/inmuebles/casa-en-venta-sierra-madre-oriental-la-pradera-i-pradera-ii-secc-ciudad-de-mexico-cdmx-106-la-pradera-1a-seccion-df-30987091#pagina=12&tipos=casas-venta&area=ciudad-de-mexico&pos=30
Ciudad De Mexico,12,"$500,000
MXN","Casa en venta, Elsa #s/n, Col. Guadalupe Tepeyac, Gustavo A. Madero, DF / CDMX, México, C.P. 07840, ID: 29294490",4 Recámaras | 2 Baños | 150 m 2,https://propiedades.com/inmuebles/casa-en-venta-elsa-sn-guadalupe-tepeyac-df-29294490#pagina=12&tipos=casas-venta&area=ciudad-de-mexico&pos=31
Ciudad De Mexico,12,"$4,350,000
MXN","Se vende casa Bahamas, Col. Lomas Estrella, Iztapalapa, DF / CDMX, México, C.P. 09890, ID: 28975711",3 Recámaras | 2 Baños | 200 m 2,https://propiedades.com/inmuebles/casa-en-venta-bahamas-lomas-estrella-df-28975711#pagina=12&tipos=casas-venta&area=ciudad-de-mexico&pos=32
Ciudad De Mexico,12,"$21,500,000
MXN","Venta casa en Pedregal de San Francisco, Ciudad de México, CDMX, Col. Cuadrante de San Francisco, Coyoacán, DF / CDMX, México, C.P. 04320, ID: 30324830",3 Recámaras | 3 Baños | 430 m 2,https://propiedades.com/inmuebles/casa-en-venta-pedregal-de-san-francisco-ciudad-de-mexico-cdmx-cuadrante-de-san-francisco-df-30324830#pagina=12&tipos=casas-venta&area=ciudad-de-mexico&pos=33
Ciudad De Mexico,12,"$9,800,000
MXN","Venta de casa en Calz. de las Águilas 1994, Villa Verdún, Álvaro Obregón, 01820 Ciudad de México, CDMX #1994, Col. Lomas Axomiatla, Álvaro Obregón, DF / CDMX, México, C.P. 01820, ID: 30339380",4 Recámaras | 4 Baños | 340 m 2,https://propiedades.com/inmuebles/casa-en-venta-calz-de-las-aguilas-1994-villa-verdun-alvaro-obregon-01820-ciudad-de-mexico-cdmx-1994-lomas-axomiatla-df-30339380#pagina=12&tipos=casas-venta&area=ciudad-de-mexico&pos=34
Ciudad De Mexico,12,"$2,144,300
MXN","Casa disponible en venta en Jilgueros 11, Los Padres, La Magdalena Contreras, 10340 Ciudad de México, CDMX #11, Col. Los Padres, La Magdalena Contreras, DF / CDMX, México, C.P. 10340, ID: 30267411",2 Recámaras | 1 Baño | 100 m 2,https://propiedades.com/inmuebles/casa-en-venta-jilgueros-11-los-padres-la-magdalena-contreras-10340-ciudad-de-mexico-cdmx-11-los-padres-df-30267411#pagina=12&tipos=casas-venta&area=ciudad-de-mexico&pos=35
Ciudad De Mexico,12,"$6,700,000
MXN",", Col. Mixcoac, Benito Juárez, DF / CDMX, México, C.P. 03910, ID: 28872859",2 Recámaras | 2 Baños | 186 m 2,https://propiedades.com/inmuebles/casa-en-venta-mixcoac-df-28872859#pagina=12&tipos=casas-venta&area=ciudad-de-mexico&pos=36
Ciudad De Mexico,12,"$650,000
MXN","Venta de casa Moguer 94, Cerro de la Estrella, Iztapalapa, 09860 Ciudad de México, CDMX #94, Col. Cerro de La Estrella, Iztapalapa, DF / CDMX, México, C.P. 09860, ID: 30347038",3 Recámaras | 2 Baños | 49 m 2,https://propiedades.com/inmuebles/casa-en-venta-moguer-94-cerro-de-la-estrella-iztapalapa-09860-ciudad-de-mexico-cdmx-94-cerro-de-la-estrella-df-30347038#pagina=12&tipos=casas-venta&area=ciudad-de-mexico&pos=37
Ciudad De Mexico,12,"$5,658,120
MXN","Casa disponible en venta en Camino a Santa Ursula 81, Sta Úrsula Xitla, Tlalpan, 14420 Ciudad de México, CDMX #81, Col. Santa Úrsula Xitla, Tlalpan, DF / CDMX, México, C.P. 14420, ID: 30305073",4 Recámaras | 2 Baños | 154 m 2,https://propiedades.com/inmuebles/casa-en-venta-camino-a-santa-ursula-81-sta-ursula-xitla-tlalpan-14420-ciudad-de-mexico-cdmx-81-santa-ursula-xitla-df-30305073#pagina=12&tipos=casas-venta&area=ciudad-de-mexico&pos=38
Ciudad De Mexico,12,"$3,350,000
MXN","Se vende casa en C. 4, Puerta Grande, Ciudad de México, CDMX #41, Col. Lomas de Puerta Grande, Álvaro Obregón, DF / CDMX, México, C.P. 01630, ID: 30339398",3 Recámaras | 2 Baños | 190 m 2,https://propiedades.com/inmuebles/casa-en-venta-c-4-puerta-grande-ciudad-de-mexico-cdmx-41-lomas-de-puerta-grande-df-30339398#pagina=12&tipos=casas-venta&area=ciudad-de-mexico&pos=39
Ciudad De Mexico,12,"$2,500,000
MXN","Venta casa en Cerro de la Estrella 418, Campestre Churubusco, Coyoacán, 04410 Ciudad de México, CDMX #418, Col. Petrolera Taxqueña, Coyoacán, DF / CDMX, México, C.P. 04410, ID: 30352561",3 Recámaras | 3 Baños | 144 m 2,https://propiedades.com/inmuebles/casa-en-venta-cerro-de-la-estrella-418-campestre-churubusco-coyoacan-04410-ciudad-de-mexico-cdmx-418-petrolera-taxquena-df-30352561#pagina=12&tipos=casas-venta&area=ciudad-de-mexico&pos=40
Ciudad De Mexico,12,"$2,300,000
MXN","Venta de casa And. 1 Joaquin Colombres, Ejército de Oriente Indeco II Issste, 09230 Ciudad de México, CDMX #3a, Col. El Paraíso, Iztapalapa, DF / CDMX, México, C.P. 09230, ID: 30241382",2 Recámaras | 2 Baños | 104 m 2,https://propiedades.com/inmuebles/casa-en-venta-and-1-joaquin-colombres-ejercito-de-oriente-indeco-ii-issste-09230-ciudad-de-mexico-cdmx-3a-el-paraiso-df-30241382#pagina=12&tipos=casas-venta&area=ciudad-de-mexico&pos=41
Ciudad De Mexico,12,"$46,000,000
MXN","Casa disponible en venta en Avenida Paseo de la Reforma 2308 #2308, Col. Lomas Altas, Miguel Hidalgo, DF / CDMX, México, C.P. 11950, ID: 29034959",4 Recámaras | 5 Baños | 566 m 2,
Ciudad De Mexico,12,"$25,000,000
MXN","Lindavista, 07340 Ciudad de México, CDMX, Col. San José Ticomán, Gustavo A. Madero, DF / CDMX, México, C.P. 07340, ID: 30327287",4 Recámaras | 3 Baños | 492 m 2,https://propiedades.com/inmuebles/casa-en-venta-lindavista-07340-ciudad-de-mexico-cdmx-san-jose-ticoman-df-30327287#pagina=12&tipos=casas-venta&area=ciudad-de-mexico&pos=43
Ciudad De Mexico,12,"$12,400,000
MXN","Se vende casa en Tajin #522, Col. Vertiz Narvarte, Benito Juárez, DF / CDMX, México, C.P. 03600, ID: 26758495",3 Recámaras | 3 Baños | 171 m 2,https://propiedades.com/inmuebles/casa-en-venta-tajin-522-vertiz-narvarte-df-26758495#pagina=12&tipos=casas-venta&area=ciudad-de-mexico&pos=44
Ciudad De Mexico,12,"$4,500,000
MXN","Casa en venta, Matamoros 140, El Capulýn, Tlalpan, 14260 Ciudad de México, CDMX #140, Col. El Capulín, Tlalpan, DF / CDMX, México, C.P. 14260, ID: 30313173",3 Recámaras | 2 Baños | 164 m 2,https://propiedades.com/inmuebles/casa-en-venta-matamoros-140-el-capulyn-tlalpan-14260-ciudad-de-mexico-cdmx-140-el-capulin-df-30313173#pagina=12&tipos=casas-venta&area=ciudad-de-mexico&pos=45
Ciudad De Mexico,12,"$2,724,150
MXN","Venta de casa C. Agapando 23-casa 3, San Andrés Totoltepec, Tlalpan, 14640 Ciudad de México, CDMX #23, Col. Ejidos de San Pedro Mártir, Tlalpan, DF / CDMX, México, C.P. 14640, ID: 30273341",3 Recámaras | 11 Baños | 165 m 2,https://propiedades.com/inmuebles/casa-en-venta-c-agapando-23casa-3-san-andres-totoltepec-tlalpan-14640-ciudad-de-mexico-cdmx-23-ejidos-de-san-pedro-martir-df-30273341#pagina=12&tipos=casas-venta&area=ciudad-de-mexico&pos=46
Ciudad De Mexico,12,"$29,900,000
MXN","Se vende casa en PEDREGAL DE SAN FRANCISCO #s/n, Col. Pedregal de San Francisco, Coyoacán, DF / CDMX, México, C.P. 04320, ID: 29249843",4 Recámaras | 3 Baños | 600 m 2,
Ciudad De Mexico,13,"$25,000,000
MXN","Lindavista Gustavo A Madero, Col. Lindavista Norte, Gustavo A. Madero, DF / CDMX, México, C.P. 07300, ID: 28159447",5 Recámaras | 4 Baños | 492 m 2,https://propiedades.com/inmuebles/casa-en-venta-lindavista-gustavo-a-madero-lindavista-norte-df-28159447#pagina=13&tipos=casas-venta&area=ciudad-de-mexico&pos=1
Ciudad De Mexico,13,"$2,826,800
MXN","Casa en venta disponible en Porto Alegre 28B, El Retoño, Iztapalapa, 09440 Ciudad de México, CDMX #28B, Col. El Retoño, Iztapalapa, DF / CDMX, México, C.P. 09440, ID: 30305255",3 Recámaras | 2 Baños | 140 m 2,https://propiedades.com/inmuebles/casa-en-venta-porto-alegre-28b-el-retono-iztapalapa-09440-ciudad-de-mexico-cdmx-28b-el-retono-df-30305255#pagina=13&tipos=casas-venta&area=ciudad-de-mexico&pos=2
Ciudad De Mexico,13,"$7,230,000
MXN","Casa disponible en venta en Rincón del Sur 23, Bosque del Sur, Xochimilco, 16010 Ciudad de México, CDMX #23, Col. Bosque Residencial del Sur, Xochimilco, DF / CDMX, México, C.P. 16010, ID: 30344458",3 Recámaras | 3 Baños | 280 m 2,https://propiedades.com/inmuebles/casa-en-venta-rincon-del-sur-23-bosque-del-sur-xochimilco-16010-ciudad-de-mexico-cdmx-23-bosque-residencial-del-sur-df-30344458#pagina=13&tipos=casas-venta&area=ciudad-de-mexico&pos=3
Ciudad De Mexico,13,"$3,500,000
MXN","Casa en venta, Reforma Minera, Col. Reforma Política, Iztapalapa, DF / CDMX, México, C.P. 09730, ID: 30378779",4 Recámaras | 3 Baños | 210 m 2,https://propiedades.com/inmuebles/casa-en-venta-reforma-minera-reforma-politica-df-30378779#pagina=13&tipos=casas-venta&area=ciudad-de-mexico&pos=4
Ciudad De Mexico,13,"$9,000,000
MXN","Casa disponible en venta en viaducto miguel aleman #231, Col. Roma Sur, Cuauhtémoc, DF / CDMX, México, C.P. 06760, ID: 28398682",10 Recámaras | 5 Baños | 380 m 2,https://propiedades.com/inmuebles/casa-en-venta-viaducto-miguel-aleman-231-roma-sur-df-28398682#pagina=13&tipos=casas-venta&area=ciudad-de-mexico&pos=5
Ciudad De Mexico,13,"$11,000,000
MXN","Casa en venta disponible en Roma Sur, 06760 Ciudad de México, CDMX #0, Col. Roma Sur, Cuauhtémoc, DF / CDMX, México, C.P. 06760, ID: 30362147",4 Recámaras | 3 Baños | 200 m 2,https://propiedades.com/inmuebles/casa-en-venta-roma-sur-06760-ciudad-de-mexico-cdmx-roma-sur-df-30362147#pagina=13&tipos=casas-venta&area=ciudad-de-mexico&pos=6
Ciudad De Mexico,13,"$3,500,000
MXN","Venta de casa Mata Obscura #00Int. 00, Col. Jalalpa El Grande, Álvaro Obregón, DF / CDMX, México, C.P. 01377, ID: 29901328",5 Recámaras | 2 Baños | 240 m 2,https://propiedades.com/inmuebles/casa-en-venta-mata-obscura-00-jalalpa-el-grande-df-29901328#pagina=13&tipos=casas-venta&area=ciudad-de-mexico&pos=7
Ciudad De Mexico,13,"$4,019,100
MXN","Venta de casa Lutecia 29, Lomas Estrella 2da Secc, Iztapalapa, 09640 Ciudad de México, CDMX #29, Col. Xalpa, Iztapalapa, DF / CDMX, México, C.P. 09640, ID: 30305174",4 Recámaras | 3 Baños | 113 m 2,https://propiedades.com/inmuebles/casa-en-venta-lutecia-29-lomas-estrella-2da-secc-iztapalapa-09640-ciudad-de-mexico-cdmx-29-xalpa-df-30305174#pagina=13&tipos=casas-venta&area=ciudad-de-mexico&pos=8
Ciudad De Mexico,13,"$6,950,000
MXN","Venta de casa Campo Vernet, San Antonio, Ciudad de México, CDMX #2, Col. San Antonio, Azcapotzalco, DF / CDMX, México, C.P. 02720, ID: 30333115",4 Recámaras | 3 Baños | 190 m 2,https://propiedades.com/inmuebles/casa-en-venta-campo-vernet-san-antonio-ciudad-de-mexico-cdmx-2-san-antonio-df-30333115#pagina=13&tipos=casas-venta&area=ciudad-de-mexico&pos=9
Ciudad De Mexico,13,"$4,600,000
MXN","Casa disponible en venta en Barrio 18, Ciudad de México, CDMX, Col. 18, Xochimilco, DF / CDMX, México, C.P. 16034, ID: 30352290",2 Recámaras | 2 Baños | 150 m 2,https://propiedades.com/inmuebles/casa-en-venta-barrio-18-ciudad-de-mexico-cdmx-18-df-30352290#pagina=13&tipos=casas-venta&area=ciudad-de-mexico&pos=10
Ciudad De Mexico,13,"$9,500,000
MXN","Venta casa en Torres Lindavista, Ciudad de México, CDMX #s/n, Col. Torres Lindavista, Gustavo A. Madero, DF / CDMX, México, C.P. 07708, ID: 30263138",5 Recámaras | 4 Baños | 360 m 2,https://propiedades.com/inmuebles/casa-en-venta-torres-lindavista-ciudad-de-mexico-cdmx-sn-torres-lindavista-df-30263138#pagina=13&tipos=casas-venta&area=ciudad-de-mexico&pos=11
Ciudad De Mexico,13,"$5,150,000
MXN","Casa en venta disponible en Encinos 124, Miguel Hidalgo 4ta Secc, Tlalpan, 14250 Ciudad de México, CDMX #124, Col. Miguel Hidalgo 4A Sección, Tlalpan, DF / CDMX, México, C.P. 14250, ID: 30296637",4 Recámaras | 4 Baños | 244 m 2,https://propiedades.com/inmuebles/casa-en-venta-encinos-124-miguel-hidalgo-4ta-secc-tlalpan-14250-ciudad-de-mexico-cdmx-124-miguel-hidalgo-4a-seccion-df-30296637#pagina=13&tipos=casas-venta&area=ciudad-de-mexico&pos=12
Ciudad De Mexico,13,"$5,300,000
MXN","Calle Bugambilias 8, Col. El Rosario, Iztapalapa, DF / CDMX, México, C.P. 09930, ID: 28967169",6 Recámaras | 5 Baños | 301 m 2,https://propiedades.com/inmuebles/casa-en-venta-calle-bugambilias-8-el-rosario-df-28967169#pagina=13&tipos=casas-venta&area=ciudad-de-mexico&pos=13
Ciudad De Mexico,13,"$15,500,000
MXN","Se vende casa Moras, Florida, Ciudad de México, CDMX #s/n, Col. Florida, Álvaro Obregón, DF / CDMX, México, C.P. 01030, ID: 30320598",4 Recámaras | 4 Baños | 261 m 2,https://propiedades.com/inmuebles/casa-en-venta-moras-florida-ciudad-de-mexico-cdmx-sn-florida-df-30320598#pagina=13&tipos=casas-venta&area=ciudad-de-mexico&pos=14
Ciudad De Mexico,13,"$9,200,000
MXN","Pujato, Lindavista Nte., 07300 Ciudad de México, CDMX #s/n, Col. Lindavista Norte, Gustavo A. Madero, DF / CDMX, México, C.P. 07300, ID: 30799835",3 Recámaras | 2 Baños | 250 m 2,https://propiedades.com/inmuebles/casa-en-venta-pujato-lindavista-nte-07300-ciudad-de-mexico-cdmx-sn-lindavista-norte-df-30799835#pagina=13&tipos=casas-venta&area=ciudad-de-mexico&pos=15
Ciudad De Mexico,13,"$650,000
MXN","Casa en venta disponible en Casma #s/n, Col. Churubusco Tepeyac, Gustavo A. Madero, DF / CDMX, México, C.P. 07730, ID: 29386111",3 Recámaras | 3 Baños | 210 m 2,https://propiedades.com/inmuebles/casa-en-venta-casma-sn-churubusco-tepeyac-df-29386111#pagina=13&tipos=casas-venta&area=ciudad-de-mexico&pos=16
Ciudad De Mexico,13,"$5,900,000
MXN","Venta de casa en , Col. Cuevitas, Álvaro Obregón, DF / CDMX, México, C.P. 01220, ID: 30135416",8 Recámaras | 3 Baños | 380 m 2,https://propiedades.com/inmuebles/casa-en-venta-cuevitas-df-30135416#pagina=13&tipos=casas-venta&area=ciudad-de-mexico&pos=17
Ciudad De Mexico,13,"$2,300,000
MXN","Se vende casa en Prolongacion de Economistas 5, San Juanico Nextipac, Iztapalapa, 09400 Ciudad de México, CDMX #5, Col. San Juanico Nextipac, Iztapalapa, DF / CDMX, México, C.P. 09400, ID: 30305253",2 Recámaras | 1 Baño | 86 m 2,https://propiedades.com/inmuebles/casa-en-venta-prolongacion-de-economistas-5-san-juanico-nextipac-iztapalapa-09400-ciudad-de-mexico-cdmx-5-san-juanico-nextipac-df-30305253#pagina=13&tipos=casas-venta&area=ciudad-de-mexico&pos=18
Ciudad De Mexico,13,"$35,000,000
MXN","Casa disponible en venta en Bosques de la Reforma, Col. Bosque de las Lomas, Miguel Hidalgo, DF / CDMX, México, C.P. 11700, ID: 29405649",4 Recámaras | 4 Baños | 1020 m 2,https://propiedades.com/inmuebles/casa-en-venta-bosques-de-la-reforma-bosque-de-las-lomas-df-29405649#pagina=13&tipos=casas-venta&area=ciudad-de-mexico&pos=19
Ciudad De Mexico,13,"$6,500,000
MXN","Progresista, Ciudad de México, CDMX, Col. Progresista, Iztapalapa, DF / CDMX, México, C.P. 09240, ID: 30432184",6 Recámaras | 4 Baños | 279 m 2,https://propiedades.com/inmuebles/casa-en-venta-progresista-ciudad-de-mexico-cdmx-progresista-df-30432184#pagina=13&tipos=casas-venta&area=ciudad-de-mexico&pos=20
Ciudad De Mexico,13,"$8,000,000
MXN","Casa en venta, Encino Grande 105, Tetelpan, Álvaro Obregón, 10200 Ciudad de México, CDMX #105Int. 1, Col. San Jerónimo Lídice, La Magdalena Contreras, DF / CDMX, México, C.P. 10200, ID: 30815296",3 Recámaras | 4 Baños | 250 m 2,https://propiedades.com/inmuebles/casa-en-venta-encino-grande-105-tetelpan-alvaro-obregon-10200-ciudad-de-mexico-cdmx-105-san-jeronimo-lidice-df-30815296#pagina=13&tipos=casas-venta&area=ciudad-de-mexico&pos=21
Ciudad De Mexico,13,"$18,800,000
MXN","Casa disponible en venta en PEDREGAL DE SAN FRANCISCO #s/n, Col. Pedregal de San Francisco, Coyoacán, DF / CDMX, México, C.P. 04320, ID: 29036765",3 Recámaras | 3 Baños | 330 m 2,https://propiedades.com/inmuebles/casa-en-venta-pedregal-de-san-francisco-sn-pedregal-de-san-francisco-df-29036765#pagina=13&tipos=casas-venta&area=ciudad-de-mexico&pos=22
Ciudad De Mexico,13,"$21,500,000
MXN","Casa disponible en venta en PEDREGAL DE SAN FRANCISCO, Col. Pedregal de San Francisco, Coyoacán, DF / CDMX, México, C.P. 04320, ID: 17407457",3 Recámaras | 3 Baños | 430 m 2,https://propiedades.com/inmuebles/casa-en-venta-pedregal-de-san-francisco-pedregal-de-san-francisco-df-17407457#pagina=13&tipos=casas-venta&area=ciudad-de-mexico&pos=23
Ciudad De Mexico,13,"$19,900,000
MXN","Se vende casa en PEDREGAL DE SAN FRANCISCO #s/n, Col. Pedregal de San Francisco, Coyoacán, DF / CDMX, México, C.P. 04320, ID: 29242627",3 Recámaras | 3 Baños | 385 m 2,
Ciudad De Mexico,13,"$400,000
MXN","Casa en venta, Don Refugio 16 #16, Col. Tenorios INFONAVIT, Tlalpan, DF / CDMX, México, C.P. 14326, ID: 28780833",4 Recámaras | 2 Baños | 220 m 2,
Ciudad De Mexico,13,"$23,000,000
MXN","Casa disponible en venta en Coapa 193 #193, Col. Toriello Guerra, Tlalpan, DF / CDMX, México, C.P. 14050, ID: 30044277",3 Recámaras | 2 Baños | 383 m 2,https://propiedades.com/inmuebles/casa-en-venta-coapa-193-193-toriello-guerra-df-30044277#pagina=13&tipos=casas-venta&area=ciudad-de-mexico&pos=26
Ciudad De Mexico,13,"$8,000,000
MXN","Venta de casa Segundo Rtno. Pablo de la Llave, Bosques de Tetlameya, 04730 Ciudad de México, CDMX #35, Col. Cantil del Pedregal, Coyoacán, DF / CDMX, México, C.P. 04730, ID: 30250800",2 Recámaras | 2 Baños | 125 m 2,https://propiedades.com/inmuebles/casa-en-venta-segundo-rtno-pablo-de-la-llave-bosques-de-tetlameya-04730-ciudad-de-mexico-cdmx-35-cantil-del-pedregal-df-30250800#pagina=13&tipos=casas-venta&area=ciudad-de-mexico&pos=27
Ciudad De Mexico,13,"$11,900,000
MXN","Casa en venta disponible en , Col. Olivar de los Padres, Álvaro Obregón, DF / CDMX, México, C.P. 01780, ID: 29461727",3 Recámaras | 3 Baños | 326 m 2,https://propiedades.com/inmuebles/casa-en-venta-olivar-de-los-padres-df-29461727#pagina=13&tipos=casas-venta&area=ciudad-de-mexico&pos=28
Ciudad De Mexico,13,"$5,650,000
MXN","Delta, Col. Monte de Piedad, Coyoacán, DF / CDMX, México, C.P. 04310, ID: 28982849",4 Recámaras | 2 Baños | 200 m 2,https://propiedades.com/inmuebles/casa-en-venta-delta-monte-de-piedad-df-28982849#pagina=13&tipos=casas-venta&area=ciudad-de-mexico&pos=29
Ciudad De Mexico,13,"$8,550,000
MXN","Venta casa en Excelsior, Guadalupe Insurgentes, Ciudad de México, CDMX #000Int. 0, Col. Guadalupe Insurgentes, Gustavo A. Madero, DF / CDMX, México, C.P. 07870, ID: 30267469",5 Recámaras | 3 Baños | 277 m 2,https://propiedades.com/inmuebles/casa-en-venta-excelsior-guadalupe-insurgentes-ciudad-de-mexico-cdmx-000-guadalupe-insurgentes-df-30267469#pagina=13&tipos=casas-venta&area=ciudad-de-mexico&pos=30
Ciudad De Mexico,13,"$11,750,000
MXN","Casa disponible en venta en Cto. Fuentes del Pedregal 499, Fuentes del Pedregal, Tlalpan, 14140 Ciudad de México, CDMX #499, Col. Fuentes del Pedregal, Tlalpan, DF / CDMX, México, C.P. 14140, ID: 30296378",4 Recámaras | 3 Baños | 500 m 2,https://propiedades.com/inmuebles/casa-en-venta-cto-fuentes-del-pedregal-499-fuentes-del-pedregal-tlalpan-14140-ciudad-de-mexico-cdmx-499-fuentes-del-pedregal-df-30296378#pagina=13&tipos=casas-venta&area=ciudad-de-mexico&pos=31
Ciudad De Mexico,13,"$6,900,000,000
MXN","La Soledad #13, Col. San Miguel Xicalco, Tlalpan, DF / CDMX, México, C.P. 14490, ID: 30235927",2 Recámaras | 3 Baños | 144 m 2,https://propiedades.com/inmuebles/casa-en-venta-la-soledad-13-san-miguel-xicalco-df-30235927#pagina=13&tipos=casas-venta&area=ciudad-de-mexico&pos=32
Ciudad De Mexico,13,"$8,000,000
MXN","Rancho Seco, Coapa, Santa Cecilia, Ciudad de México, CDMX #00Int. 00, Col. Santa Cecilia, Coyoacán, DF / CDMX, México, C.P. 04930, ID: 30313457",1 Recámara | 3 Baños | 200 m 2,https://propiedades.com/inmuebles/casa-en-venta-rancho-seco-coapa-santa-cecilia-ciudad-de-mexico-cdmx-00-santa-cecilia-df-30313457#pagina=13&tipos=casas-venta&area=ciudad-de-mexico&pos=33
Ciudad De Mexico,13,"$3,908,146
MXN","Mixtepec 27, Cafetales, Cafetales II, Coyoacán, 04918 Ciudad de México, CDMX #27, Col. Cafetales, Coyoacán, DF / CDMX, México, C.P. 04918, ID: 30277982",3 Recámaras | 2 Baños | 280 m 2,https://propiedades.com/inmuebles/casa-en-venta-mixtepec-27-cafetales-cafetales-ii-coyoacan-04918-ciudad-de-mexico-cdmx-27-cafetales-df-30277982#pagina=13&tipos=casas-venta&area=ciudad-de-mexico&pos=34
Ciudad De Mexico,13,"$4,790,000
MXN","Gardenias #s/n, Col. Arenal de Guadalupe, Tlalpan, DF / CDMX, México, C.P. 14389, ID: 30132845",3 Recámaras | 3 Baños | 200 m 2,https://propiedades.com/inmuebles/casa-en-venta-gardenias-sn-arenal-de-guadalupe-df-30132845#pagina=13&tipos=casas-venta&area=ciudad-de-mexico&pos=35
Ciudad De Mexico,13,"$4,000,000
USD","Venta de casa en Paseo Tolsa, Col. Club de Golf Bosques, Cuajimalpa de Morelos, DF / CDMX, México, C.P. 05214, ID: 28853057",5 Recámaras | 6 Baños | 953 m 2,https://propiedades.com/inmuebles/casa-en-venta-paseo-tolsa-club-de-golf-bosques-df-28853057#pagina=13&tipos=casas-venta&area=ciudad-de-mexico&pos=36
Ciudad De Mexico,13,"$600,000
MXN","Casa en venta, Patricio Sanz 2016, Florida, Álvaro Obregón, 01030 Ciudad de México, CDMX #2016, Col. Axotla, Álvaro Obregón, DF / CDMX, México, C.P. 01030, ID: 30347051",4 Recámaras | 2 Baños | 53 m 2,https://propiedades.com/inmuebles/casa-en-venta-patricio-sanz-2016-florida-alvaro-obregon-01030-ciudad-de-mexico-cdmx-2016-axotla-df-30347051#pagina=13&tipos=casas-venta&area=ciudad-de-mexico&pos=37
Ciudad De Mexico,13,"$7,900,000
MXN","Se vende casa en Hacienda Coacalco 22 #22, Col. Prado Coapa 3A Sección, Tlalpan, DF / CDMX, México, C.P. 14357, ID: 30186484",3 Recámaras | 2 Baños | 200 m 2,https://propiedades.com/inmuebles/casa-en-venta-hacienda-coacalco-22-22-prado-coapa-3a-seccion-df-30186484#pagina=13&tipos=casas-venta&area=ciudad-de-mexico&pos=38
Ciudad De Mexico,13,"$3,400,000
MXN","Se vende casa Av. Javier Rojo Gomez, Leyes de Reforma 3ra Secc, Ciudad de México, CDMX #s/n, Col. Leyes de Reforma 3a Sección, Iztapalapa, DF / CDMX, México, C.P. 09310, ID: 30267055",3 Recámaras | 2 Baños | 74 m 2,https://propiedades.com/inmuebles/casa-en-venta-av-javier-rojo-gomez-leyes-de-reforma-3ra-secc-ciudad-de-mexico-cdmx-sn-leyes-de-reforma-3a-seccion-df-30267055#pagina=13&tipos=casas-venta&area=ciudad-de-mexico&pos=39
Ciudad De Mexico,13,"$670,000
MXN","Progreso Nacional 25, Ampliación Progreso Nacional, Gustavo A. Madero, 07650 Ciudad de México, CDMX #25, Col. Ampliación Progreso Nacional, Gustavo A. Madero, DF / CDMX, México, C.P. 07650, ID: 30347067",3 Recámaras | 2 Baños | 53 m 2,https://propiedades.com/inmuebles/casa-en-venta-progreso-nacional-25-ampliacion-progreso-nacional-gustavo-a-madero-07650-ciudad-de-mexico-cdmx-25-ampliacion-progreso-nacional-df-30347067#pagina=13&tipos=casas-venta&area=ciudad-de-mexico&pos=40
Ciudad De Mexico,13,"$3,600,000
MXN","Venta casa en Apicultura, 20 de Noviembre, Ciudad de México, CDMX #s/n, Col. 5o Tramo 20 de Noviembre, Venustiano Carranza, DF / CDMX, México, C.P. 15309, ID: 30262846",6 Recámaras | 3 Baños | 300 m 2,https://propiedades.com/inmuebles/casa-en-venta-apicultura-20-de-noviembre-ciudad-de-mexico-cdmx-sn-5o-tramo-20-de-noviembre-df-30262846#pagina=13&tipos=casas-venta&area=ciudad-de-mexico&pos=41
Ciudad De Mexico,13,"$13,850,000
MXN","Se vende casa en Granero, Lomas de San Ángel Inn, 01790 Ciudad de México, CDMX #0000Int. 0, Col. Lomas de San Ángel Inn, Álvaro Obregón, DF / CDMX, México, C.P. 01790, ID: 30267967",5 Recámaras | 4 Baños | 275 m 2,https://propiedades.com/inmuebles/casa-en-venta-granero-lomas-de-san-angel-inn-01790-ciudad-de-mexico-cdmx-0000-lomas-de-san-angel-inn-df-30267967#pagina=13&tipos=casas-venta&area=ciudad-de-mexico&pos=42
Ciudad De Mexico,13,"$2,500,000
MXN","Venta casa en Carretera Federal A Cuernavaca #s/n, Col. Parres El Guarda, Tlalpan, DF / CDMX, México, C.P. 14900, ID: 29019405",5 Recámaras | 3 Baños | 249 m 2,https://propiedades.com/inmuebles/casa-en-venta-carretera-federal-a-cuernavaca-sn-parres-el-guarda-df-29019405#pagina=13&tipos=casas-venta&area=ciudad-de-mexico&pos=43
Ciudad De Mexico,13,"$31,000,000
MXN","Casa en venta disponible en Margaritas, Col. Florida, Álvaro Obregón, DF / CDMX, México, C.P. 01030, ID: 28590211",5 Recámaras | 3 Baños | 642 m 2,
Ciudad De Mexico,13,"$21,500,000
MXN","Venta casa en PEDREGAL DE SAN FRANCISCO, Col. Pedregal de San Francisco, Coyoacán, DF / CDMX, México, C.P. 04320, ID: 15852944",3 Recámaras | 3 Baños | 430 m 2,https://propiedades.com/inmuebles/casa-en-venta-pedregal-de-san-francisco-pedregal-de-san-francisco-df-15852944#pagina=13&tipos=casas-venta&area=ciudad-de-mexico&pos=45
Ciudad De Mexico,13,"$10,250,000
MXN","Venta casa en Mamey , Col. Pueblo Nuevo Alto, La Magdalena Contreras, DF / CDMX, México, C.P. 10640, ID: 28763876",7 Recámaras | 3 Baños | 624 m 2,https://propiedades.com/inmuebles/casa-en-venta-mamey-pueblo-nuevo-alto-df-28763876#pagina=13&tipos=casas-venta&area=ciudad-de-mexico&pos=46
Ciudad De Mexico,13,"$10,500,000
MXN","Avenida Centenario, Col. Lomas de Tarango, Álvaro Obregón, DF / CDMX, México, C.P. 01620, ID: 28853150",4 Recámaras | 4 Baños | 330 m 2,https://propiedades.com/inmuebles/casa-en-venta-avenida-centenario-lomas-de-tarango-df-28853150#pagina=13&tipos=casas-venta&area=ciudad-de-mexico&pos=47
Ciudad De Mexico,14,"$25,000,000
MXN","Casa en venta, Sierra Paracaima, Col. Lomas de Chapultepec V Sección, Miguel Hidalgo, DF / CDMX, México, C.P. 11000, ID: 28479255",3 Recámaras | 4 Baños | 504 m 2,https://propiedades.com/inmuebles/casa-en-venta-sierra-paracaima-lomas-de-chapultepec-v-seccion-df-28479255#pagina=14&tipos=casas-venta&area=ciudad-de-mexico&pos=1
Ciudad De Mexico,14,"$10,728,476
MXN","Venta de casa en Flor de Agua 5, Florida, Álvaro Obregón, 01030 Ciudad de México, CDMX #5, Col. Florida, Álvaro Obregón, DF / CDMX, México, C.P. 01030, ID: 30237058",4 Recámaras | 2 Baños | 515 m 2,https://propiedades.com/inmuebles/casa-en-venta-flor-de-agua-5-florida-alvaro-obregon-01030-ciudad-de-mexico-cdmx-5-florida-df-30237058#pagina=14&tipos=casas-venta&area=ciudad-de-mexico&pos=2
Ciudad De Mexico,14,"$7,915,000
MXN",", Col. Adolfo López Mateos, Cuajimalpa de Morelos, DF / CDMX, México, C.P. 05280, ID: 29827846",3 Recámaras | 3 Baños | 298 m 2,https://propiedades.com/inmuebles/casa-en-venta-adolfo-lopez-mateos-df-29827846#pagina=14&tipos=casas-venta&area=ciudad-de-mexico&pos=3
Ciudad De Mexico,14,"$2,878,000
MXN","Venta de casa en Puerto Angel 117, Casas Alemán, Gustavo A. Madero, 07580 Ciudad de México, CDMX #117, Col. Ampliación Casas Alemán, Gustavo A. Madero, DF / CDMX, México, C.P. 07580, ID: 30267651",3 Recámaras | 1 Baño | 95 m 2,https://propiedades.com/inmuebles/casa-en-venta-puerto-angel-117-casas-aleman-gustavo-a-madero-07580-ciudad-de-mexico-cdmx-117-ampliacion-casas-aleman-df-30267651#pagina=14&tipos=casas-venta&area=ciudad-de-mexico&pos=4
Ciudad De Mexico,14,"$8,000,000
MXN","Venta de casa en Júpiter 3, Media Luna, Cantil del Pedregal, Coyoacán, 04737 Ciudad de México, CDMX #3, Col. Media Luna, Coyoacán, DF / CDMX, México, C.P. 04737, ID: 30220507",3 Recámaras | 3 Baños | 380 m 2,https://propiedades.com/inmuebles/casa-en-venta-jupiter-3-media-luna-cantil-del-pedregal-coyoacan-04737-ciudad-de-mexico-cdmx-3-media-luna-df-30220507#pagina=14&tipos=casas-venta&area=ciudad-de-mexico&pos=5
Ciudad De Mexico,14,"$10,500,000
MXN","Venta casa en Francisco I. Madero 18, Tlacopac, Álvaro Obregón, 01049 Ciudad de México, CDMX #18Int. 9, Col. Tlacopac, Álvaro Obregón, DF / CDMX, México, C.P. 01049, ID: 30655227",4 Recámaras | 4 Baños | 253 m 2,https://propiedades.com/inmuebles/casa-en-venta-francisco-i-madero-18-tlacopac-alvaro-obregon-01049-ciudad-de-mexico-cdmx-18-tlacopac-df-30655227#pagina=14&tipos=casas-venta&area=ciudad-de-mexico&pos=6
Ciudad De Mexico,14,"$7,000,000
MXN","Se vende casa Francisco I. Madero, San Bartolo Ameyalco, La Magdalena Contreras, 10010 Ciudad de México, CDMX, Col. San Bartolo Ameyalco, La Magdalena Contreras, DF / CDMX, México, C.P. 10010, ID: 30810195",3 Recámaras | 3 Baños | 329 m 2,https://propiedades.com/inmuebles/casa-en-venta-francisco-i-madero-san-bartolo-ameyalco-la-magdalena-contreras-10010-ciudad-de-mexico-cdmx-san-bartolo-ameyalco-df-30810195#pagina=14&tipos=casas-venta&area=ciudad-de-mexico&pos=7
Ciudad De Mexico,14,"$25,000,000
MXN","Colinas del Bosque, 14608 Ciudad de México, CDMXInt. 3, Col. Colinas del Bosque, Tlalpan, DF / CDMX, México, C.P. 14608, ID: 30283420",4 Recámaras | 4 Baños | 601 m 2,
Ciudad De Mexico,14,"$8,250,000
MXN","Casa disponible en venta en Ermita, 03590 Ciudad de México, CDMX #s/n, Col. Ermita, Benito Juárez, DF / CDMX, México, C.P. 03590, ID: 30272840",3 Recámaras | 3 Baños | 259 m 2,https://propiedades.com/inmuebles/casa-en-venta-ermita-03590-ciudad-de-mexico-cdmx-sn-ermita-df-30272840#pagina=14&tipos=casas-venta&area=ciudad-de-mexico&pos=9
Ciudad De Mexico,14,"$34,750,000
MXN","Casa en venta disponible en Av Constituyentes, Daniel Garza al Poniente, Ciudad de México, CDMX #0000Int. 00, Col. Daniel Garza, Miguel Hidalgo, DF / CDMX, México, C.P. 11830, ID: 30267914",5 Recámaras | 4 Baños | 1167 m 2,https://propiedades.com/inmuebles/casa-en-venta-av-constituyentes-daniel-garza-al-poniente-ciudad-de-mexico-cdmx-0000-daniel-garza-df-30267914#pagina=14&tipos=casas-venta&area=ciudad-de-mexico&pos=10
Ciudad De Mexico,14,"$8,800,000
MXN","Casa en venta disponible en Tajín #00Int. 00, Col. Narvarte Poniente, Benito Juárez, DF / CDMX, México, C.P. 03020, ID: 29901542",10 Recámaras | 2 Baños | 300 m 2,https://propiedades.com/inmuebles/casa-en-venta-tajin-00-narvarte-poniente-df-29901542#pagina=14&tipos=casas-venta&area=ciudad-de-mexico&pos=11
Ciudad De Mexico,14,"$11,331,012
MXN","Casa disponible en venta en Palomares, Coapa, Magisterial, Ciudad de México, CDMX, Col. Magisterial, Tlalpan, DF / CDMX, México, C.P. 14360, ID: 30273215",2 Recámaras | 2 Baños | 211 m 2,https://propiedades.com/inmuebles/casa-en-venta-palomares-coapa-magisterial-ciudad-de-mexico-cdmx-magisterial-df-30273215#pagina=14&tipos=casas-venta&area=ciudad-de-mexico&pos=12
Ciudad De Mexico,14,"$10,550,000
MXN","Se vende casa 2a. Cda. de Palomares, Coapa, Magisterial, Ciudad de México, CDMX #000Int. 0, Col. Magisterial Coapa, Tlalpan, DF / CDMX, México, C.P. 14360, ID: 30267525",5 Recámaras | 4 Baños | 206 m 2,https://propiedades.com/inmuebles/casa-en-venta-2a-cda-de-palomares-coapa-magisterial-ciudad-de-mexico-cdmx-000-magisterial-coapa-df-30267525#pagina=14&tipos=casas-venta&area=ciudad-de-mexico&pos=13
Ciudad De Mexico,14,"$4,350,000
MXN","Venta de casa Av. Tenochtitlan 1840, Santa Cruz Acalpixca, Xochimilco, 16514 Ciudad de México, CDMX #1840, Col. La Gallera, Xochimilco, DF / CDMX, México, C.P. 16514, ID: 30246529",3 Recámaras | 2 Baños | 357 m 2,https://propiedades.com/inmuebles/casa-en-venta-av-tenochtitlan-1840-santa-cruz-acalpixca-xochimilco-16514-ciudad-de-mexico-cdmx-1840-la-gallera-df-30246529#pagina=14&tipos=casas-venta&area=ciudad-de-mexico&pos=14
Ciudad De Mexico,14,"$629,000
MXN","Venta de casa en Av Fernando Amilpa 2, El Risco CTM, Gustavo A. Madero, 07090 Ciudad de México, CDMX #2, Col. C.T.M. Atzacoalco, Gustavo A. Madero, DF / CDMX, México, C.P. 07090, ID: 30333602",2 Recámaras | 2 Baños | 163 m 2,https://propiedades.com/inmuebles/casa-en-venta-av-fernando-amilpa-2-el-risco-ctm-gustavo-a-madero-07090-ciudad-de-mexico-cdmx-2-ctm-atzacoalco-df-30333602#pagina=14&tipos=casas-venta&area=ciudad-de-mexico&pos=15
Ciudad De Mexico,14,"$7,900,000
MXN","Se vende casa Ojitlán 33, Cafetales, Cafetales II, Coyoacán, 04918 Ciudad de México, CDMX #33, Col. Cafetales, Coyoacán, DF / CDMX, México, C.P. 04918, ID: 30770001",4 Recámaras | 3 Baños | 279 m 2,https://propiedades.com/inmuebles/casa-en-venta-ojitlan-33-cafetales-cafetales-ii-coyoacan-04918-ciudad-de-mexico-cdmx-33-cafetales-df-30770001#pagina=14&tipos=casas-venta&area=ciudad-de-mexico&pos=16
Ciudad De Mexico,14,"$2,669,100
MXN","Venta de casa Cda. Cuitláhuac 4, San Lorenzo, Iztapalapa, 09900 Ciudad de México, CDMX #4, Col. San Antonio, Iztapalapa, DF / CDMX, México, C.P. 09900, ID: 30262869",3 Recámaras | 2 Baños | 215 m 2,https://propiedades.com/inmuebles/casa-en-venta-cda-cuitlahuac-4-san-lorenzo-iztapalapa-09900-ciudad-de-mexico-cdmx-4-san-antonio-df-30262869#pagina=14&tipos=casas-venta&area=ciudad-de-mexico&pos=17
Ciudad De Mexico,14,"$7,300,000
MXN","Casa en venta disponible en Calzada De Los Corceles, Col. Colina del Sur, Álvaro Obregón, DF / CDMX, México, C.P. 01430, ID: 29950948",4 Recámaras | 4 Baños | 350 m 2,
Ciudad De Mexico,14,"$4,434,655
MXN","Se vende casa en Buen Tono 97 #97, Col. Industrial, Gustavo A. Madero, DF / CDMX, México, C.P. 07800, ID: 30152679",3 Recámaras | 1 Baño | 84 m 2,https://propiedades.com/inmuebles/casa-en-venta-buen-tono-97-97-industrial-df-30152679#pagina=14&tipos=casas-venta&area=ciudad-de-mexico&pos=19
Ciudad De Mexico,14,"$617,000
MXN","C. Artemisa 108, Nueva Santa María, Azcapotzalco, 02800 Ciudad de México, CDMX #108, Col. Nueva Santa Maria, Azcapotzalco, DF / CDMX, México, C.P. 02800, ID: 30230102",2 Recámaras | 1 Baño | 180 m 2,https://propiedades.com/inmuebles/casa-en-venta-c-artemisa-108-nueva-santa-maria-azcapotzalco-02800-ciudad-de-mexico-cdmx-108-nueva-santa-maria-df-30230102#pagina=14&tipos=casas-venta&area=ciudad-de-mexico&pos=20
Ciudad De Mexico,14,"$12,500,000
MXN","Venta de casa ADOLFO PRIETO #s/n, Col. Del Valle Norte, Benito Juárez, DF / CDMX, México, C.P. 03103, ID: 29773053",3 Recámaras | 2 Baños | 175 m 2,
Ciudad De Mexico,14,"$19,500,000
MXN","Se vende casa en Dr. Nabor Carrillo 65, Olivar de los Padres, Álvaro Obregón, 01780 Ciudad de México, CDMX #65, Col. Olivar de los Padres, Álvaro Obregón, DF / CDMX, México, C.P. 01780, ID: 30458800",3 Recámaras | 3 Baños | 631 m 2,https://propiedades.com/inmuebles/casa-en-venta-dr-nabor-carrillo-65-olivar-de-los-padres-alvaro-obregon-01780-ciudad-de-mexico-cdmx-65-olivar-de-los-padres-df-30458800#pagina=14&tipos=casas-venta&area=ciudad-de-mexico&pos=22
Ciudad De Mexico,14,"$4,998,000
MXN","Casa disponible en venta en C. Morelos 18, Cuajimalpa, Cuajimalpa de Morelos, 05010 Ciudad de México, CDMX #18, Col. Zentlapatl, Cuajimalpa de Morelos, DF / CDMX, México, C.P. 05010, ID: 30262625",3 Recámaras | 2 Baños | 183 m 2,https://propiedades.com/inmuebles/casa-en-venta-c-morelos-18-cuajimalpa-cuajimalpa-de-morelos-05010-ciudad-de-mexico-cdmx-18-zentlapatl-df-30262625#pagina=14&tipos=casas-venta&area=ciudad-de-mexico&pos=23
Ciudad De Mexico,14,"$7,900,000
MXN","La Venta #172Int. 1, Col. La Cruz, La Magdalena Contreras, DF / CDMX, México, C.P. 10800, ID: 29039908",3 Recámaras | 4 Baños,https://propiedades.com/inmuebles/casa-en-venta-la-venta-172-la-cruz-df-29039908#pagina=14&tipos=casas-venta&area=ciudad-de-mexico&pos=24
Ciudad De Mexico,14,"$4,250,000
MXN","Casa disponible en venta en C. 14, José López Portillo, 09920 Ciudad de México, CDMX, Col. José López Portillo, Iztapalapa, DF / CDMX, México, C.P. 09920, ID: 30905765",8 Recámaras | 8 Baños | 150 m 2,https://propiedades.com/inmuebles/casa-en-venta-c-14-jose-lopez-portillo-09920-ciudad-de-mexico-cdmx-jose-lopez-portillo-df-30905765#pagina=14&tipos=casas-venta&area=ciudad-de-mexico&pos=25
Ciudad De Mexico,14,"$10,472,177
MXN","Venta de casa en Lomas de San Ángel Inn, 01790 Ciudad de México, CDMX, Col. Lomas de San Ángel Inn, Álvaro Obregón, DF / CDMX, México, C.P. 01790, ID: 30250144",4 Recámaras | 3 Baños | 275 m 2,https://propiedades.com/inmuebles/casa-en-venta-lomas-de-san-angel-inn-01790-ciudad-de-mexico-cdmx-lomas-de-san-angel-inn-df-30250144#pagina=14&tipos=casas-venta&area=ciudad-de-mexico&pos=26
Ciudad De Mexico,14,"$12,900,000
MXN","Casa en venta, ASUNCION #124, Col. San Jerónimo Lídice, La Magdalena Contreras, DF / CDMX, México, C.P. 10200, ID: 25261692",4 Recámaras | 3 Baños | 461 m 2,https://propiedades.com/inmuebles/casa-en-venta-asuncion-124-san-jeronimo-lidice-df-25261692#pagina=14&tipos=casas-venta&area=ciudad-de-mexico&pos=27
Ciudad De Mexico,14,"$2,688,300
MXN","Osa Mayor 10, El Rosario, Azcapotzalco, 02100 Ciudad de México, CDMX #10, Col. El Rosario, Azcapotzalco, DF / CDMX, México, C.P. 02100, ID: 30267620",3 Recámaras | 2 Baños | 156 m 2,https://propiedades.com/inmuebles/casa-en-venta-osa-mayor-10-el-rosario-azcapotzalco-02100-ciudad-de-mexico-cdmx-10-el-rosario-df-30267620#pagina=14&tipos=casas-venta&area=ciudad-de-mexico&pos=28
Ciudad De Mexico,14,"$19,900,000
MXN","PEDREGAL DE SAN FRANCISCO, Col. Pedregal de San Francisco, Coyoacán, DF / CDMX, México, C.P. 04320, ID: 28148804",4 Recámaras | 3 Baños | 418 m 2,https://propiedades.com/inmuebles/casa-en-venta-pedregal-de-san-francisco-pedregal-de-san-francisco-df-28148804#pagina=14&tipos=casas-venta&area=ciudad-de-mexico&pos=29
Ciudad De Mexico,14,"$100,000,000
MXN","Se vende casa Av. del olivo 114, Col. Bosques de las Lomas, Cuajimalpa de Morelos, DF / CDMX, México, C.P. 05120, ID: 27628682",5 Recámaras | 4 Baños | 820 m 2,
Ciudad De Mexico,14,"$22,000,000
MXN","Casa disponible en venta en PEDREGAL DE SAN FRANCISCO #s/n, Col. Pedregal de San Francisco, Coyoacán, DF / CDMX, México, C.P. 04320, ID: 29249679",4 Recámaras | 4 Baños | 595 m 2,
Ciudad De Mexico,14,"$13,500,000
MXN","Casa en venta disponible en Desierto de los Leones 5499 #s/n, Col. Ocotillos del Pueblo Tetelpan, Álvaro Obregón, DF / CDMX, México, C.P. 01700, ID: 27899226",3 Recámaras | 4 Baños | 285 m 2,https://propiedades.com/inmuebles/casa-en-venta-desierto-de-los-leones-5499-sn-ocotillos-del-pueblo-tetelpan-df-27899226#pagina=14&tipos=casas-venta&area=ciudad-de-mexico&pos=32
Ciudad De Mexico,14,"$18,750,000
MXN","Casa en venta disponible en Loma de Jaguey, Col. Lomas de Vista Hermosa, Cuajimalpa de Morelos, DF / CDMX, México, C.P. 05100, ID: 29222784",4 Recámaras | 3 Baños | 498 m 2,https://propiedades.com/inmuebles/casa-en-venta-loma-de-jaguey-lomas-de-vista-hermosa-df-29222784#pagina=14&tipos=casas-venta&area=ciudad-de-mexico&pos=33
Ciudad De Mexico,14,"$4,200,000
MXN","Casa en venta disponible en Emiliano Zapata 1, Santiago Tepalcatlalpan, Xochimilco, 16200 Ciudad de México, CDMX #1, Col. Santiago Tepalcatlalpan, Xochimilco, DF / CDMX, México, C.P. 16200, ID: 30800682",5 Recámaras | 3 Baños | 235 m 2,https://propiedades.com/inmuebles/casa-en-venta-emiliano-zapata-1-santiago-tepalcatlalpan-xochimilco-16200-ciudad-de-mexico-cdmx-1-santiago-tepalcatlalpan-df-30800682#pagina=14&tipos=casas-venta&area=ciudad-de-mexico&pos=34
Ciudad De Mexico,14,"$7,590,000
MXN","Casa en venta, Militar Marte, 08830 Ciudad de México, CDMX, México, Col. Militar Marte, Iztacalco, DF / CDMX, México, C.P. 08830, ID: 30273465",3 Recámaras | 2 Baños | 301 m 2,https://propiedades.com/inmuebles/casa-en-venta-militar-marte-08830-ciudad-de-mexico-cdmx-mexico-militar-marte-df-30273465#pagina=14&tipos=casas-venta&area=ciudad-de-mexico&pos=35
Ciudad De Mexico,14,"$17,000,000
MXN","Se vende casa Tlalpuente, Col. Tlalpuente, Tlalpan, DF / CDMX, México, C.P. 14460, ID: 27320529",3 Recámaras | 4 Baños | 419 m 2,https://propiedades.com/inmuebles/casa-en-venta-tlalpuente-tlalpuente-df-27320529#pagina=14&tipos=casas-venta&area=ciudad-de-mexico&pos=36
Ciudad De Mexico,14,"$19,900,000
MXN","Venta de casa Cali, Col. Lindavista Norte, Gustavo A. Madero, DF / CDMX, México, C.P. 07300, ID: 29474991",5 Recámaras | 3 Baños | 519 m 2,https://propiedades.com/inmuebles/casa-en-venta-cali-lindavista-norte-df-29474991#pagina=14&tipos=casas-venta&area=ciudad-de-mexico&pos=37
Ciudad De Mexico,14,"$16,000,000
MXN","Venta casa en , Col. Lomas de Santa Fe, Álvaro Obregón, DF / CDMX, México, C.P. 01219, ID: 28778142",4 Recámaras | 4 Baños | 496 m 2,https://propiedades.com/inmuebles/casa-en-venta-lomas-de-santa-fe-df-28778142#pagina=14&tipos=casas-venta&area=ciudad-de-mexico&pos=38
Ciudad De Mexico,14,"$3,500,000
USD","Venta de casa en Paseo de las Palmas, Col. Lomas de Chapultepec VII Sección, Miguel Hidalgo, DF / CDMX, México, C.P. 11000, ID: 28195335",6 Recámaras | 4 Baños | 540 m 2,
Ciudad De Mexico,14,"$30,000,000
MXN","Casa disponible en venta en Lindavista, 07340 Ciudad de México, CDMX #s/n, Col. San José Ticomán, Gustavo A. Madero, DF / CDMX, México, C.P. 07340, ID: 30327276",3 Recámaras | 2 Baños | 520 m 2,https://propiedades.com/inmuebles/casa-en-venta-lindavista-07340-ciudad-de-mexico-cdmx-sn-san-jose-ticoman-df-30327276#pagina=14&tipos=casas-venta&area=ciudad-de-mexico&pos=40
Ciudad De Mexico,14,"$69,950,000
MXN","Casa en venta, Av Arteaga y Salazar 192 #192, Col. Contadero, Cuajimalpa de Morelos, DF / CDMX, México, C.P. 05500, ID: 28024779",4 Recámaras | 11 Baños | 2800 m 2,
Ciudad De Mexico,14,"$27,000,000
MXN","Torres Lindavista, Ciudad de México, CDMX #s/n, Col. Torres Lindavista, Gustavo A. Madero, DF / CDMX, México, C.P. 07708, ID: 30799815",3 Recámaras | 3 Baños | 450 m 2,https://propiedades.com/inmuebles/casa-en-venta-torres-lindavista-ciudad-de-mexico-cdmx-sn-torres-lindavista-df-30799815#pagina=14&tipos=casas-venta&area=ciudad-de-mexico&pos=42
Ciudad De Mexico,14,"$7,850,000
MXN","Venta de casa en Calz. de las Carretas, Colina del Sur, 01430 Ciudad de México, CDMX #000Int. 00, Col. Colina del Sur, Álvaro Obregón, DF / CDMX, México, C.P. 01430, ID: 30267459",5 Recámaras | 4 Baños | 488 m 2,https://propiedades.com/inmuebles/casa-en-venta-calz-de-las-carretas-colina-del-sur-01430-ciudad-de-mexico-cdmx-000-colina-del-sur-df-30267459#pagina=14&tipos=casas-venta&area=ciudad-de-mexico&pos=43
Ciudad De Mexico,14,"$3,000,000
MXN","Se vende casa en Jacarandas 79 #79, Col. El Rosario, Azcapotzalco, DF / CDMX, México, C.P. 02100, ID: 30202246",3 Recámaras | 2 Baños | 120 m 2,
Ciudad De Mexico,14,"$6,600,000
MXN","Dominicanos #s/n, Col. Paraíso, Álvaro Obregón, DF / CDMX, México, C.P. 01130, ID: 30685664",3 Recámaras | 3 Baños | 240 m 2,https://propiedades.com/inmuebles/casa-en-venta-dominicanos-sn-paraiso-df-30685664#pagina=14&tipos=casas-venta&area=ciudad-de-mexico&pos=45
Ciudad De Mexico,14,"$16,500,000
MXN","Se vende casa San Ángel, Ciudad de México, CDMX, Col. San Angel, Álvaro Obregón, DF / CDMX, México, C.P. 01000, ID: 30831243",3 Recámaras | 3 Baños | 231 m 2,https://propiedades.com/inmuebles/casa-en-venta-san-angel-ciudad-de-mexico-cdmx-san-angel-df-30831243#pagina=14&tipos=casas-venta&area=ciudad-de-mexico&pos=46
Ciudad De Mexico,14,"$11,331,012
MXN","Coapa, Cuemanco, 14360 Ciudad de México, CDMX, Col. Magisterial, Tlalpan, DF / CDMX, México, C.P. 14360, ID: 30273127",2 Recámaras | 2 Baños | 211 m 2,https://propiedades.com/inmuebles/casa-en-venta-coapa-cuemanco-14360-ciudad-de-mexico-cdmx-magisterial-df-30273127#pagina=14&tipos=casas-venta&area=ciudad-de-mexico&pos=47
Ciudad De Mexico,15,"$13,500,000
MXN","Casa disponible en venta en Callejón de Soledad 200 #200, Col. San Nicolás Totolapan, La Magdalena Contreras, DF / CDMX, México, C.P. 10900, ID: 30186433",3 Recámaras | 3 Baños | 332 m 2,https://propiedades.com/inmuebles/casa-en-venta-callejon-de-soledad-200-200-san-nicolas-totolapan-df-30186433#pagina=15&tipos=casas-venta&area=ciudad-de-mexico&pos=1
Ciudad De Mexico,15,"$11,550,000
MXN","Venta de casa Montpellier, Villa Verdún, Ciudad de México, CDMX #000Int. 0, Col. Villa Verdún, Álvaro Obregón, DF / CDMX, México, C.P. 01810, ID: 30267538",4 Recámaras | 3 Baños | 356 m 2,https://propiedades.com/inmuebles/casa-en-venta-montpellier-villa-verdun-ciudad-de-mexico-cdmx-000-villa-verdun-df-30267538#pagina=15&tipos=casas-venta&area=ciudad-de-mexico&pos=2
Ciudad De Mexico,15,"$9,500,000
MXN","Venta de casa en Playa Tecolutla, Col. Militar Marte, Iztacalco, DF / CDMX, México, C.P. 08830, ID: 30312987",6 Recámaras | 5 Baños | 258 m 2,https://propiedades.com/inmuebles/casa-en-venta-playa-tecolutla-militar-marte-df-30312987#pagina=15&tipos=casas-venta&area=ciudad-de-mexico&pos=3
Ciudad De Mexico,15,"$8,850,000
MXN","Casa disponible en venta en Playa Tecolutla, Reforma Iztaccihuatl Sur, Ciudad de México, CDMX #000Int. 00, Col. Reforma Iztaccihuatl Sur, Iztacalco, DF / CDMX, México, C.P. 08840, ID: 30267514",4 Recámaras | 3 Baños | 258 m 2,https://propiedades.com/inmuebles/casa-en-venta-playa-tecolutla-reforma-iztaccihuatl-sur-ciudad-de-mexico-cdmx-000-reforma-iztaccihuatl-sur-df-30267514#pagina=15&tipos=casas-venta&area=ciudad-de-mexico&pos=4
Ciudad De Mexico,15,"$14,800,000
MXN","Cerro del Tesoro, Col. Romero de Terreros, Coyoacán, DF / CDMX, México, C.P. 04310, ID: 9894143",4 Recámaras | 3 Baños | 462 m 2,https://propiedades.com/inmuebles/casa-en-venta-cerro-del-tesoro-romero-de-terreros-df-9894143#pagina=15&tipos=casas-venta&area=ciudad-de-mexico&pos=5
Ciudad De Mexico,15,"$6,800,000
MXN","Venta de casa MARAVILLAS, Col. Ampliación Michoacana, Venustiano Carranza, DF / CDMX, México, C.P. 15250, ID: 29798790",5 Recámaras | 5 Baños | 283 m 2,https://propiedades.com/inmuebles/casa-en-venta-maravillas-ampliacion-michoacana-df-29798790#pagina=15&tipos=casas-venta&area=ciudad-de-mexico&pos=6
Ciudad De Mexico,15,"$7,350,000
MXN","Se vende casa Argos #65, Col. Prados de Coyoacán, Coyoacán, DF / CDMX, México, C.P. 04810, ID: 27829938",4 Recámaras | 3 Baños | 255 m 2,https://propiedades.com/inmuebles/casa-en-venta-argos-65-prados-de-coyoacan-df-27829938#pagina=15&tipos=casas-venta&area=ciudad-de-mexico&pos=7
Ciudad De Mexico,15,"$16,560,000
MXN","Venta de casa en Bosque de Enebros, Bosques de las Lomas, 05120 Ciudad de México, CDMX #000Int. 00, Col. Bosques de las Lomas, Cuajimalpa de Morelos, DF / CDMX, México, C.P. 05120, ID: 30267135",5 Recámaras | 4 Baños | 380 m 2,https://propiedades.com/inmuebles/casa-en-venta-bosque-de-enebros-bosques-de-las-lomas-05120-ciudad-de-mexico-cdmx-000-bosques-de-las-lomas-df-30267135#pagina=15&tipos=casas-venta&area=ciudad-de-mexico&pos=8
Ciudad De Mexico,15,"$10,500,000
MXN","Se vende casa San Jerónimo Lídice, Ciudad de México, CDMX, Col. San Jerónimo Lídice, La Magdalena Contreras, DF / CDMX, México, C.P. 10200, ID: 30765682",3 Recámaras | 3 Baños | 430 m 2,https://propiedades.com/inmuebles/casa-en-venta-san-jeronimo-lidice-ciudad-de-mexico-cdmx-san-jeronimo-lidice-df-30765682#pagina=15&tipos=casas-venta&area=ciudad-de-mexico&pos=9
Ciudad De Mexico,15,"$4,300,000
MXN","Venta casa en Conrrado Pelayo, Col. Santa Ana Centro, Tláhuac, DF / CDMX, México, C.P. 13300, ID: 29511413",3 Recámaras | 3 Baños | 219 m 2,https://propiedades.com/inmuebles/casa-en-venta-conrrado-pelayo-santa-ana-centro-df-29511413#pagina=15&tipos=casas-venta&area=ciudad-de-mexico&pos=10
Ciudad De Mexico,15,"$6,000,000
MXN","Casa disponible en venta en Cda. Cipreses, 14406 Ciudad de México, CDMX, Col. Divisadero, Tlalpan, DF / CDMX, México, C.P. 14406, ID: 30800358",4 Recámaras | 2 Baños | 239 m 2,https://propiedades.com/inmuebles/casa-en-venta-cda-cipreses-14406-ciudad-de-mexico-cdmx-divisadero-df-30800358#pagina=15&tipos=casas-venta&area=ciudad-de-mexico&pos=11
Ciudad De Mexico,15,"$19,500,000
MXN","Venta de casa en Privada loma de vista hermosa , Col. Lomas de Vista Hermosa, Cuajimalpa de Morelos, DF / CDMX, México, C.P. 05100, ID: 28813815",3 Recámaras | 3 Baños | 500 m 2,https://propiedades.com/inmuebles/casa-en-venta-privada-loma-de-vista-hermosa-lomas-de-vista-hermosa-df-28813815#pagina=15&tipos=casas-venta&area=ciudad-de-mexico&pos=12
Ciudad De Mexico,15,"$13,500,000
MXN","Casa en venta, Ticul #116, Col. Jardines del Ajusco, Tlalpan, DF / CDMX, México, C.P. 14200, ID: 30320934",1 Recámara | 1 Baño | 515 m 2,https://propiedades.com/inmuebles/casa-en-venta-ticul-116-jardines-del-ajusco-df-30320934#pagina=15&tipos=casas-venta&area=ciudad-de-mexico&pos=13
Ciudad De Mexico,15,"$4,138,300
MXN","Venta casa en Tierra Blanca 22, San Miguel Teotongo, Iztapalapa, 09630 Ciudad de México, CDMX #22, Col. San Miguel Teotongo Sección Ranchito, Iztapalapa, DF / CDMX, México, C.P. 09630, ID: 30277284",4 Recámaras | 2 Baños | 60 m 2,https://propiedades.com/inmuebles/casa-en-venta-tierra-blanca-22-san-miguel-teotongo-iztapalapa-09630-ciudad-de-mexico-cdmx-22-san-miguel-teotongo-seccion-ranchito-df-30277284#pagina=15&tipos=casas-venta&area=ciudad-de-mexico&pos=14
Ciudad De Mexico,15,"$7,200,000
MXN","Venta de casa en Santiago , Col. Lomas Quebradas, La Magdalena Contreras, DF / CDMX, México, C.P. 10000, ID: 28763805",6 Recámaras | 3 Baños | 269 m 2,https://propiedades.com/inmuebles/casa-en-venta-santiago-lomas-quebradas-df-28763805#pagina=15&tipos=casas-venta&area=ciudad-de-mexico&pos=15
Ciudad De Mexico,15,"$10,200,000
MXN","Venta de casa en Cerro Tucan, Campestre Churubusco, Ciudad de México, CDMX #153, Col. Santa Martha del Sur Quetzalcoatl, Coyoacán, DF / CDMX, México, C.P. 04270, ID: 30830406",5 Recámaras | 2 Baños | 170 m 2,https://propiedades.com/inmuebles/casa-en-venta-cerro-tucan-campestre-churubusco-ciudad-de-mexico-cdmx-153-santa-martha-del-sur-quetzalcoatl-df-30830406#pagina=15&tipos=casas-venta&area=ciudad-de-mexico&pos=16
Ciudad De Mexico,15,"$4,743,713
MXN","Venta de casa Francia 194, Axotla, Álvaro Obregón, 01030 Ciudad de México, CDMX #194, Col. Axotla, Álvaro Obregón, DF / CDMX, México, C.P. 01030, ID: 30237076",3 Recámaras | 3 Baños | 220 m 2,https://propiedades.com/inmuebles/casa-en-venta-francia-194-axotla-alvaro-obregon-01030-ciudad-de-mexico-cdmx-194-axotla-df-30237076#pagina=15&tipos=casas-venta&area=ciudad-de-mexico&pos=17
Ciudad De Mexico,15,"$6,700,000
MXN","Se vende casa en Campo Las Piedras, San Antonio, 02720 Ciudad de México, CDMX #20Int. S/N, Col. San Bartolo Cahualtongo, Azcapotzalco, DF / CDMX, México, C.P. 02720, ID: 30830366",7 Recámaras | 2 Baños | 180 m 2,https://propiedades.com/inmuebles/casa-en-venta-campo-las-piedras-san-antonio-02720-ciudad-de-mexico-cdmx-20-san-bartolo-cahualtongo-df-30830366#pagina=15&tipos=casas-venta&area=ciudad-de-mexico&pos=18
Ciudad De Mexico,15,"$10,950,000
MXN","Venta casa en CASA EN CONDOMINIO EN LA COLONIA DEL VALLE CENTRO, Col. Del Valle Centro, Benito Juárez, DF / CDMX, México, C.P. 03100, ID: 30198079",3 Recámaras | 3 Baños | 186 m 2,https://propiedades.com/inmuebles/casa-en-venta-casa-en-condominio-en-la-colonia-del-valle-centro-del-valle-centro-df-30198079#pagina=15&tipos=casas-venta&area=ciudad-de-mexico&pos=19
Ciudad De Mexico,15,"$4,978,400
MXN","Se vende casa 01, Col. Roma Norte, Cuauhtémoc, DF / CDMX, México, C.P. 06700, ID: 29388420",,https://propiedades.com/inmuebles/casa-en-venta-01-roma-norte-df-29388420#pagina=15&tipos=casas-venta&area=ciudad-de-mexico&pos=20
Ciudad De Mexico,15,"$30,000,000
MXN","Casa en venta, Riobamba, Ciudad de México, CDMX, Col. Lindavista Norte, Gustavo A. Madero, DF / CDMX, México, C.P. 07300, ID: 30729860",3 Recámaras | 2 Baños | 475 m 2,https://propiedades.com/inmuebles/casa-en-venta-riobamba-ciudad-de-mexico-cdmx-lindavista-norte-df-30729860#pagina=15&tipos=casas-venta&area=ciudad-de-mexico&pos=21
Ciudad De Mexico,15,"$4,680,510
MXN","Se vende casa Hortensia 28, San Andrés Totoltepec, Tlalpan, 14640 Ciudad de México, CDMX #28, Col. Ejidos de San Pedro Mártir, Tlalpan, DF / CDMX, México, C.P. 14640, ID: 30273185",2 Recámaras | 1 Baño | 190 m 2,https://propiedades.com/inmuebles/casa-en-venta-hortensia-28-san-andres-totoltepec-tlalpan-14640-ciudad-de-mexico-cdmx-28-ejidos-de-san-pedro-martir-df-30273185#pagina=15&tipos=casas-venta&area=ciudad-de-mexico&pos=22
Ciudad De Mexico,15,"$7,665,000
MXN","Se vende casa Refinería Minatitlan #2Int. 0, Col. Petrolera Taxqueña, Coyoacán, DF / CDMX, México, C.P. 04410, ID: 30277839",4 Recámaras | 2 Baños | 287 m 2,https://propiedades.com/inmuebles/casa-en-venta-refineria-minatitlan-2-petrolera-taxquena-df-30277839#pagina=15&tipos=casas-venta&area=ciudad-de-mexico&pos=23
Ciudad De Mexico,15,"$24,000,000
MXN","Venta de casa Bosques de las Lomas, Ciudad de México, CDMX #s/n, Col. Bosques de las Lomas, Cuajimalpa de Morelos, DF / CDMX, México, C.P. 05120, ID: 30830950",3 Recámaras | 3 Baños | 389 m 2,https://propiedades.com/inmuebles/casa-en-venta-bosques-de-las-lomas-ciudad-de-mexico-cdmx-sn-bosques-de-las-lomas-df-30830950#pagina=15&tipos=casas-venta&area=ciudad-de-mexico&pos=24
Ciudad De Mexico,15,"$9,000,000
MXN","Casa disponible en venta en Lindavista Nte., 07300 Ciudad de México, CDMX, Col. Lindavista Norte, Gustavo A. Madero, DF / CDMX, México, C.P. 07300, ID: 30724328",3 Recámaras | 2 Baños | 240 m 2,https://propiedades.com/inmuebles/casa-en-venta-lindavista-nte-07300-ciudad-de-mexico-cdmx-lindavista-norte-df-30724328#pagina=15&tipos=casas-venta&area=ciudad-de-mexico&pos=25
Ciudad De Mexico,15,"$16,000,000
MXN","Venta de casa Rómulo OFarrill #523, Col. Ampliación Alpes, Álvaro Obregón, DF / CDMX, México, C.P. 01710, ID: 30095950",3 Recámaras | 2 Baños | 292 m 2,https://propiedades.com/inmuebles/casa-en-venta-romulo-ofarrill-523-ampliacion-alpes-df-30095950#pagina=15&tipos=casas-venta&area=ciudad-de-mexico&pos=26
Ciudad De Mexico,15,"$6,900,000
MXN","Se vende casa Palma , Col. San Andrés Totoltepec, Tlalpan, DF / CDMX, México, C.P. 14400, ID: 29494214",3 Recámaras | 4 Baños | 251 m 2,https://propiedades.com/inmuebles/casa-en-venta-palma-san-andres-totoltepec-df-29494214#pagina=15&tipos=casas-venta&area=ciudad-de-mexico&pos=27
Ciudad De Mexico,15,"$16,500,000
MXN","Gutiérrez Zamora 116, Pilares Águilas, Álvaro Obregón, 01710 Ciudad de México, CDMX #116, Col. Ampliación Alpes, Álvaro Obregón, DF / CDMX, México, C.P. 01710, ID: 30808860",3 Recámaras | 3 Baños | 290 m 2,
Ciudad De Mexico,15,"$5,300,000
MXN","Casa en venta disponible en Hacienda de Chimalpa 43, Hacienda del Rosario, Ex el Rosario, Azcapotzalco, 02420 Ciudad de México, #43, Col. Francisco Villa, Azcapotzalco, DF / CDMX, México, C.P. 02420, ID: 30554123",4 Recámaras | 2 Baños | 200 m 2,https://propiedades.com/inmuebles/casa-en-venta-hacienda-de-chimalpa-43-hacienda-del-rosario-ex-el-rosario-azcapotzalco-02420-ciudad-de-mexico-43-francisco-villa-df-30554123#pagina=15&tipos=casas-venta&area=ciudad-de-mexico&pos=29
Ciudad De Mexico,15,"$6,500,000
MXN","Sta Cruz Meyehualco, 09700 Ciudad de México, CDMX, México, Col. Santa Cruz Meyehualco, Iztapalapa, DF / CDMX, México, C.P. 09700, ID: 30262234",4 Recámaras | 2 Baños | 307 m 2,https://propiedades.com/inmuebles/casa-en-venta-sta-cruz-meyehualco-09700-ciudad-de-mexico-cdmx-mexico-santa-cruz-meyehualco-df-30262234#pagina=15&tipos=casas-venta&area=ciudad-de-mexico&pos=30
Ciudad De Mexico,15,"$11,250,000
MXN","Se vende casa Zampapano #12, Col. Tetelpan, Álvaro Obregón, DF / CDMX, México, C.P. 01700, ID: 30220464",4 Recámaras | 2 Baños | 420 m 2,https://propiedades.com/inmuebles/casa-en-venta-zampapano-12-tetelpan-df-30220464#pagina=15&tipos=casas-venta&area=ciudad-de-mexico&pos=31
Ciudad De Mexico,15,"$740,000
MXN","Venta de casa Epsilon, Romero de Terreros, 04310 Ciudad de México, CDMX, Col. Monte de Piedad, Coyoacán, DF / CDMX, México, C.P. 04310, ID: 30502756",3 Recámaras | 1 Baño | 142 m 2,https://propiedades.com/inmuebles/casa-en-venta-epsilon-romero-de-terreros-04310-ciudad-de-mexico-cdmx-monte-de-piedad-df-30502756#pagina=15&tipos=casas-venta&area=ciudad-de-mexico&pos=32
Ciudad De Mexico,15,"$5,650,000
MXN","Venta de casa Educación, 04400 Ciudad de México, CDMX, Col. Educación, Coyoacán, DF / CDMX, México, C.P. 04400, ID: 30683046",3 Recámaras | 3 Baños | 210 m 2,https://propiedades.com/inmuebles/casa-en-venta-educacion-04400-ciudad-de-mexico-cdmx-educacion-df-30683046#pagina=15&tipos=casas-venta&area=ciudad-de-mexico&pos=33
Ciudad De Mexico,15,"$3,800,000
MXN","Casa en venta, Avenida presidente Benito Juárez #s/n, Col. Liberales de 1857, Álvaro Obregón, DF / CDMX, México, C.P. 01110, ID: 30685592",4 Recámaras | 2 Baños | 220 m 2,https://propiedades.com/inmuebles/casa-en-venta-avenida-presidente-benito-juarez-sn-liberales-de-1857-df-30685592#pagina=15&tipos=casas-venta&area=ciudad-de-mexico&pos=34
Ciudad De Mexico,15,"$6,200,000
MXN","Venta de casa Rtno. 14 Avenida del Taller 22, Jardín Balbuena, Venustiano Carranza, 15900 Ciudad de México, CDMX #22, Col. Jardín Balbuena, Venustiano Carranza, DF / CDMX, México, C.P. 15900, ID: 30692666",4 Recámaras | 1 Baño | 144 m 2,https://propiedades.com/inmuebles/casa-en-venta-rtno-14-avenida-del-taller-22-jardin-balbuena-venustiano-carranza-15900-ciudad-de-mexico-cdmx-22-jardin-balbuena-df-30692666#pagina=15&tipos=casas-venta&area=ciudad-de-mexico&pos=35
Ciudad De Mexico,15,"$1,199,000
MXN","Los Padres, 10340 Ciudad de México, CDMX, México #MZA 176Int. LT 2, Col. Los Padres, La Magdalena Contreras, DF / CDMX, México, C.P. 10340, ID: 30233854",1 Recámara | 1 Baño | 189 m 2,https://propiedades.com/inmuebles/casa-en-venta-los-padres-10340-ciudad-de-mexico-cdmx-mexico-mza-176-los-padres-df-30233854#pagina=15&tipos=casas-venta&area=ciudad-de-mexico&pos=36
Ciudad De Mexico,15,"$915,400
MXN","Avenida Sur de Los 100 Metros #s/n, Col. Nueva Vallejo, Gustavo A. Madero, DF / CDMX, México, C.P. 07750, ID: 29374035",4 Recámaras | 3 Baños | 130 m 2,https://propiedades.com/inmuebles/casa-en-venta-avenida-sur-de-los-100-metros-sn-nueva-vallejo-df-29374035#pagina=15&tipos=casas-venta&area=ciudad-de-mexico&pos=37
Ciudad De Mexico,15,"$590,000
MXN","Se vende casa Campo Guiro 32, San Antonio, Azcapotzalco, 02720 Ciudad de México, CDMX #32, Col. San Antonio, Azcapotzalco, DF / CDMX, México, C.P. 02720, ID: 30821437",4 Recámaras | 2 Baños | 164 m 2,https://propiedades.com/inmuebles/casa-en-venta-campo-guiro-32-san-antonio-azcapotzalco-02720-ciudad-de-mexico-cdmx-32-san-antonio-df-30821437#pagina=15&tipos=casas-venta&area=ciudad-de-mexico&pos=38
Ciudad De Mexico,15,"$13,600,000
MXN","Mayorazgo de Luyando, Xoco, 03330 Ciudad de México, CDMX, Col. Xoco, Benito Juárez, DF / CDMX, México, C.P. 03330, ID: 30831329",3 Recámaras | 4 Baños | 263 m 2,https://propiedades.com/inmuebles/casa-en-venta-mayorazgo-de-luyando-xoco-03330-ciudad-de-mexico-cdmx-xoco-df-30831329#pagina=15&tipos=casas-venta&area=ciudad-de-mexico&pos=39
Ciudad De Mexico,15,"$6,900,000
MXN","Casa en venta disponible en Avenida Toluca, Col. Olivar de los Padres, Álvaro Obregón, DF / CDMX, México, C.P. 01780, ID: 29222778",3 Recámaras | 4 Baños | 236 m 2,https://propiedades.com/inmuebles/casa-en-venta-avenida-toluca-olivar-de-los-padres-df-29222778#pagina=15&tipos=casas-venta&area=ciudad-de-mexico&pos=40
Ciudad De Mexico,15,"$6,900,000
MXN","Refinería Minatitlan, Petrolera Taxqueña, 04410 Ciudad de México, CDMX #s/n, Col. Petrolera Taxqueña, Coyoacán, DF / CDMX, México, C.P. 04410, ID: 30317712",5 Recámaras | 4 Baños | 287 m 2,https://propiedades.com/inmuebles/casa-en-venta-refineria-minatitlan-petrolera-taxquena-04410-ciudad-de-mexico-cdmx-sn-petrolera-taxquena-df-30317712#pagina=15&tipos=casas-venta&area=ciudad-de-mexico&pos=41
Ciudad De Mexico,15,"$17,000,000
MXN","Se vende casa , Col. Contadero, Cuajimalpa de Morelos, DF / CDMX, México, C.P. 05500, ID: 27628673",3 Recámaras | 3 Baños | 292 m 2,https://propiedades.com/inmuebles/casa-en-venta-contadero-df-27628673#pagina=15&tipos=casas-venta&area=ciudad-de-mexico&pos=42
Ciudad De Mexico,15,"$11,000,000
MXN","Venta de casa Coatepec, Roma Sur, 06760 Ciudad de México, CDMX #s/n, Col. Roma Sur, Cuauhtémoc, DF / CDMX, México, C.P. 06760, ID: 30327176",4 Recámaras | 3 Baños | 150 m 2,https://propiedades.com/inmuebles/casa-en-venta-coatepec-roma-sur-06760-ciudad-de-mexico-cdmx-sn-roma-sur-df-30327176#pagina=15&tipos=casas-venta&area=ciudad-de-mexico&pos=43
Ciudad De Mexico,15,"$20,405,770
MXN","Fuentes del Pedregal, 14140 Ciudad de México, CDMX, Col. Fuentes del Pedregal, Tlalpan, DF / CDMX, México, C.P. 14140, ID: 30273158",4 Recámaras | 2 Baños | 237 m 2,https://propiedades.com/inmuebles/casa-en-venta-fuentes-del-pedregal-14140-ciudad-de-mexico-cdmx-fuentes-del-pedregal-df-30273158#pagina=15&tipos=casas-venta&area=ciudad-de-mexico&pos=44
Ciudad De Mexico,15,"$7,350,000
MXN","San Rafael Atlixco, Dr Alfonso Ortiz Tirado, Ciudad de México, CDMX #s/n, Col. Dr. Alfonso Ortiz Tirado, Iztapalapa, DF / CDMX, México, C.P. 09020, ID: 30266982",4 Recámaras | 3 Baños | 340 m 2,
Ciudad De Mexico,15,"$2,999,000
MXN","Se vende casa Alamos 5, San Juan, Xochimilco, 16629 San Juan, CDMX #5, Col. San Juan, Xochimilco, DF / CDMX, México, C.P. 16629, ID: 30233884",5 Recámaras | 3 Baños | 196 m 2,https://propiedades.com/inmuebles/casa-en-venta-alamos-5-san-juan-xochimilco-16629-san-juan-cdmx-5-san-juan-df-30233884#pagina=15&tipos=casas-venta&area=ciudad-de-mexico&pos=46
Ciudad De Mexico,15,"$10,850,000
MXN","Casa disponible en venta en Abadejos, Lomas de las Águilas, 01730 Ciudad de México, CDMX #000Int. 0, Col. Lomas de las Águilas, Álvaro Obregón, DF / CDMX, México, C.P. 01730, ID: 30267480",4 Recámaras | 3 Baños | 271 m 2,
Ciudad De Mexico,16,"$7,500,000
MXN","Casa en venta, Mezontepec, Col. Campestre Churubusco, Coyoacán, DF / CDMX, México, C.P. 04200, ID: 28600577",3 Recámaras | 2 Baños | 210 m 2,https://propiedades.com/inmuebles/casa-en-venta-mezontepec-campestre-churubusco-df-28600577#pagina=16&tipos=casas-venta&area=ciudad-de-mexico&pos=1
Ciudad De Mexico,16,"$22,000,000
MXN","Se vende casa en Rancho San Francisco, San Bartolo Ameyalco, Ciudad de México, CDMX #s/n, Col. Rancho San Francisco Pueblo San Bartolo Ameyalco, Álvaro Obregón, DF / CDMX, México, C.P. 01807, ID: 30255510",3 Recámaras | 4 Baños | 880 m 2,https://propiedades.com/inmuebles/casa-en-ambos-rancho-san-francisco-san-bartolo-ameyalco-ciudad-de-mexico-cdmx-sn-rancho-san-francisco-pueblo-san-bartolo-ameyalco-df-30255510#pagina=16&tipos=casas-venta&area=ciudad-de-mexico&pos=2
Ciudad De Mexico,16,"$6,030,000
MXN","Cóndor 309, Águilas, Álvaro Obregón, 01710 Ciudad de México, CDMX #309, Col. Ampliación Alpes, Álvaro Obregón, DF / CDMX, México, C.P. 01710, ID: 30534224",3 Recámaras | 3 Baños | 144 m 2,https://propiedades.com/inmuebles/casa-en-venta-condor-309-aguilas-alvaro-obregon-01710-ciudad-de-mexico-cdmx-309-ampliacion-alpes-df-30534224#pagina=16&tipos=casas-venta&area=ciudad-de-mexico&pos=3
Ciudad De Mexico,16,"$5,980,000
MXN","La Pileta, Coapa, Coapa Super 4, 14390 Ciudad de México, CDMX, Col. Residencial Villa Coapa, Tlalpan, DF / CDMX, México, C.P. 14390, ID: 30233982",2 Recámaras | 2 Baños | 170 m 2,https://propiedades.com/inmuebles/casa-en-venta-la-pileta-coapa-coapa-super-4-14390-ciudad-de-mexico-cdmx-residencial-villa-coapa-df-30233982#pagina=16&tipos=casas-venta&area=ciudad-de-mexico&pos=4
Ciudad De Mexico,16,"$20,000,000
MXN","Se vende casa Calle Xicoténcatl, Col. Del Carmen, Coyoacán, DF / CDMX, México, C.P. 04100, ID: 29795314",5 Recámaras | 5 Baños | 295 m 2,https://propiedades.com/inmuebles/casa-en-ambos-calle-xicotencatl-del-carmen-df-29795314#pagina=16&tipos=casas-venta&area=ciudad-de-mexico&pos=5
Ciudad De Mexico,16,"$20,405,770
MXN","Casa en venta, Fuentes del Pedregal, 14140 Ciudad de México, CDMX, Col. Fuentes del Pedregal, Tlalpan, DF / CDMX, México, C.P. 14140, ID: 30273056",4 Recámaras | 2 Baños | 237 m 2,https://propiedades.com/inmuebles/casa-en-venta-fuentes-del-pedregal-14140-ciudad-de-mexico-cdmx-fuentes-del-pedregal-df-30273056#pagina=16&tipos=casas-venta&area=ciudad-de-mexico&pos=6
Ciudad De Mexico,16,"$806,000
MXN","C. Frambuesa 128, Nueva Santa María, Azcapotzalco, 02800 Ciudad de México, CDMX #128, Col. Nueva Santa Maria, Azcapotzalco, DF / CDMX, México, C.P. 02800, ID: 30230196",3 Recámaras | 2 Baños | 210 m 2,https://propiedades.com/inmuebles/casa-en-venta-c-frambuesa-128-nueva-santa-maria-azcapotzalco-02800-ciudad-de-mexico-cdmx-128-nueva-santa-maria-df-30230196#pagina=16&tipos=casas-venta&area=ciudad-de-mexico&pos=7
Ciudad De Mexico,16,"$4,950,000
MXN","Venta de casa C. de los Fiordos, Acueducto de Guadalupe, 07270 Ciudad de México, CDMX #s/n, Col. Residencial Acueducto de Guadalupe, Gustavo A. Madero, DF / CDMX, México, C.P. 07270, ID: 30769653",3 Recámaras | 3 Baños | 254 m 2,https://propiedades.com/inmuebles/casa-en-venta-c-de-los-fiordos-acueducto-de-guadalupe-07270-ciudad-de-mexico-cdmx-sn-residencial-acueducto-de-guadalupe-df-30769653#pagina=16&tipos=casas-venta&area=ciudad-de-mexico&pos=8
Ciudad De Mexico,16,"$2,999,000
MXN","Casa disponible en venta en San Luis Tlaxialtemalco, Ciudad de México, CDMX #s/nInt. 6, Col. San Luis Tlaxialtemalco, Xochimilco, DF / CDMX, México, C.P. 16610, ID: 30215090",5 Recámaras | 3 Baños | 196 m 2,https://propiedades.com/inmuebles/casa-en-venta-san-luis-tlaxialtemalco-ciudad-de-mexico-cdmx-sn-san-luis-tlaxialtemalco-df-30215090#pagina=16&tipos=casas-venta&area=ciudad-de-mexico&pos=9
Ciudad De Mexico,16,"$1,850,000
MXN","Venta de casa Los Padres, Ciudad de México, CDMX #s/n, Col. Los Padres, La Magdalena Contreras, DF / CDMX, México, C.P. 10340, ID: 30255431",5 Recámaras | 3 Baños | 189 m 2,https://propiedades.com/inmuebles/casa-en-venta-los-padres-ciudad-de-mexico-cdmx-sn-los-padres-df-30255431#pagina=16&tipos=casas-venta&area=ciudad-de-mexico&pos=10
Ciudad De Mexico,16,"$9,318,215
MXN","Casa disponible en venta en CASCADA, Col. Jardines del Pedregal, Álvaro Obregón, DF / CDMX, México, C.P. 01900, ID: 28864972",3 Recámaras | 3 Baños | 408 m 2,https://propiedades.com/inmuebles/casa-en-venta-cascada-jardines-del-pedregal-df-28864972#pagina=16&tipos=casas-venta&area=ciudad-de-mexico&pos=11
Ciudad De Mexico,16,"$8,000,000
MXN","Se vende casa 2a. Cerrada Corceles, Col. Colina del Sur, Álvaro Obregón, DF / CDMX, México, C.P. 01430, ID: 30168865",4 Recámaras | 4 Baños | 400 m 2,https://propiedades.com/inmuebles/casa-en-venta-2a-cerrada-corceles-colina-del-sur-df-30168865#pagina=16&tipos=casas-venta&area=ciudad-de-mexico&pos=12
Ciudad De Mexico,16,"$42,000,000
MXN","Se vende casa en Fuego, Jardines del Pedregal, 01900 Ciudad de México, CDMX, Col. Jardines del Pedregal, Álvaro Obregón, DF / CDMX, México, C.P. 01900, ID: 30666818",5 Recámaras | 5 Baños | 763 m 2,https://propiedades.com/inmuebles/casa-en-venta-fuego-jardines-del-pedregal-01900-ciudad-de-mexico-cdmx-jardines-del-pedregal-df-30666818#pagina=16&tipos=casas-venta&area=ciudad-de-mexico&pos=13
Ciudad De Mexico,16,"$8,814,245
MXN","Se vende casa en Cjon. Carrasco, Toriello Guerra, Ciudad de México, CDMX #s/n, Col. Toriello Guerra, Tlalpan, DF / CDMX, México, C.P. 14050, ID: 30215533",3 Recámaras | 3 Baños | 231 m 2,https://propiedades.com/inmuebles/casa-en-venta-cjon-carrasco-toriello-guerra-ciudad-de-mexico-cdmx-sn-toriello-guerra-df-30215533#pagina=16&tipos=casas-venta&area=ciudad-de-mexico&pos=14
Ciudad De Mexico,16,"$6,550,000
MXN","Venta casa en C. 4, Puerta Grande, Ciudad de México, CDMX #0Int. 00, Col. Puerta Grande, Álvaro Obregón, DF / CDMX, México, C.P. 01630, ID: 30267973",5 Recámaras | 4 Baños | 280 m 2,https://propiedades.com/inmuebles/casa-en-venta-c-4-puerta-grande-ciudad-de-mexico-cdmx-puerta-grande-df-30267973#pagina=16&tipos=casas-venta&area=ciudad-de-mexico&pos=15
Ciudad De Mexico,16,"$7,970,000
MXN","Casa en venta disponible en Álvaro Reséndiz 13, Coapa, Presidentes Ejidales 2da Secc, Coyoacán, 04470 Ciudad de México, CDMX #13, Col. Presidentes Ejidales 2a Sección, Coyoacán, DF / CDMX, México, C.P. 04470, ID: 30234111",4 Recámaras | 3 Baños | 246 m 2,https://propiedades.com/inmuebles/casa-en-venta-alvaro-resendiz-13-coapa-presidentes-ejidales-2da-secc-coyoacan-04470-ciudad-de-mexico-cdmx-13-presidentes-ejidales-2a-seccion-df-30234111#pagina=16&tipos=casas-venta&area=ciudad-de-mexico&pos=16
Ciudad De Mexico,16,"$4,500,000
MXN","Se vende casa Sur 145 1408 #1408, Col. Ampliación Gabriel Ramos Millán, Iztacalco, DF / CDMX, México, C.P. 08020, ID: 27632404",6 Recámaras | 3 Baños | 266 m 2,https://propiedades.com/inmuebles/casa-en-venta-sur-145-1408-1408-ampliacion-gabriel-ramos-millan-df-27632404#pagina=16&tipos=casas-venta&area=ciudad-de-mexico&pos=17
Ciudad De Mexico,16,"$3,683,000
MXN","Se vende casa Plan de San Luis 46, San Lorenzo la Cebada, Xochimilco, 16035 Ciudad de México, CDMX #s/n, Col. San Lorenzo La Cebada, Xochimilco, DF / CDMX, México, C.P. 16035, ID: 30273348",2 Recámaras | 1 Baño | 85 m 2,https://propiedades.com/inmuebles/casa-en-venta-plan-de-san-luis-46-san-lorenzo-la-cebada-xochimilco-16035-ciudad-de-mexico-cdmx-sn-san-lorenzo-la-cebada-df-30273348#pagina=16&tipos=casas-venta&area=ciudad-de-mexico&pos=18
Ciudad De Mexico,16,"$4,450,000
MXN","Casa en venta disponible en Av. del Taller, Jardín Balbuena, Ciudad de México, CDMX #20Int. 2, Col. Jardín Balbuena, Venustiano Carranza, DF / CDMX, México, C.P. 15900, ID: 30805561",2 Recámaras | 2 Baños | 117 m 2,
Ciudad De Mexico,16,"$8,800,000
MXN","Se vende casa en MARGARITAS #319, Col. Florida, Álvaro Obregón, DF / CDMX, México, C.P. 01030, ID: 30756292",7 Recámaras | 4 Baños | 225 m 2,https://propiedades.com/inmuebles/casa-en-venta-margaritas-319-florida-df-30756292#pagina=16&tipos=casas-venta&area=ciudad-de-mexico&pos=20
Ciudad De Mexico,16,"$1,099,543
MXN","Se vende casa Piña #159, Col. Nueva Santa Maria, Azcapotzalco, DF / CDMX, México, C.P. 02800, ID: 27651504",3 Recámaras | 3 Baños | 154 m 2,
Ciudad De Mexico,16,"$800,000
MXN","Lutecia #s/n, Col. Lomas Estrella, Iztapalapa, DF / CDMX, México, C.P. 09890, ID: 29408177",3 Recámaras | 1 Baño | 143 m 2,
Ciudad De Mexico,16,"$5,653,822
MXN","Venta de casa en Tetelpan, 01700 Ciudad de México, CDMX, México, Col. Ocotillos del Pueblo Tetelpan, Álvaro Obregón, DF / CDMX, México, C.P. 01700, ID: 30237087",4 Recámaras | 4 Baños | 320 m 2,https://propiedades.com/inmuebles/casa-en-venta-tetelpan-01700-ciudad-de-mexico-cdmx-mexico-ocotillos-del-pueblo-tetelpan-df-30237087#pagina=16&tipos=casas-venta&area=ciudad-de-mexico&pos=23
Ciudad De Mexico,16,"$3,200,000
MXN","Casa disponible en venta en Mata Obscura 42, Santa Fe, Jalalpa Tepito 2da Amp, Álvaro Obregón, 01296 Ciudad de México, CDMX #42, Col. Jalalpa Tepito 2a Ampliación, Álvaro Obregón, DF / CDMX, México, C.P. 01296, ID: 30774609",5 Recámaras | 2 Baños | 280 m 2,https://propiedades.com/inmuebles/casa-en-venta-mata-obscura-42-santa-fe-jalalpa-tepito-2da-amp-alvaro-obregon-01296-ciudad-de-mexico-cdmx-42-jalalpa-tepito-2a-ampliacion-df-30774609#pagina=16&tipos=casas-venta&area=ciudad-de-mexico&pos=24
Ciudad De Mexico,16,"$35,000,000
MXN","Casa en venta disponible en Bosque de Jazmines, Col. Bosques de las Lomas, Cuajimalpa de Morelos, DF / CDMX, México, C.P. 05120, ID: 30049918",5 Recámaras | 6 Baños | 800 m 2,https://propiedades.com/inmuebles/casa-en-venta-bosque-de-jazmines-bosques-de-las-lomas-df-30049918#pagina=16&tipos=casas-venta&area=ciudad-de-mexico&pos=25
Ciudad De Mexico,16,"$3,500,000
MXN","Casa disponible en venta en Tepeji 64, Roma Sur, Cuauhtémoc, 06760 Ciudad de México, CDMX #64, Col. Roma Sur, Cuauhtémoc, DF / CDMX, México, C.P. 06760, ID: 30352608",3 Recámaras | 2 Baños | 120 m 2,https://propiedades.com/inmuebles/casa-en-venta-tepeji-64-roma-sur-cuauhtemoc-06760-ciudad-de-mexico-cdmx-64-roma-sur-df-30352608#pagina=16&tipos=casas-venta&area=ciudad-de-mexico&pos=26
Ciudad De Mexico,16,"$1,980,000
MXN","TOTOTONTLI #s/n, Col. Héroes de 1910, Tlalpan, DF / CDMX, México, C.P. 14760, ID: 30144305",2 Recámaras | 1 Baño | 185 m 2,https://propiedades.com/inmuebles/casa-en-venta-tototontli-sn-heroes-de-1910-df-30144305#pagina=16&tipos=casas-venta&area=ciudad-de-mexico&pos=27
Ciudad De Mexico,16,"$1,226,000
MXN","Se vende casa en Marmolejo #s/n, Col. Cerro de La Estrella, Iztapalapa, DF / CDMX, México, C.P. 09860, ID: 29399822",3 Recámaras | 2 Baños | 270 m 2,https://propiedades.com/inmuebles/casa-en-venta-marmolejo-sn-cerro-de-la-estrella-df-29399822#pagina=16&tipos=casas-venta&area=ciudad-de-mexico&pos=28
Ciudad De Mexico,16,"$2,550,000
MXN","Casa en venta disponible en Villistas #s/n, Col. Unidad Ejército Constitucionalista, Iztapalapa, DF / CDMX, México, C.P. 09220, ID: 30362082",5 Recámaras | 3 Baños | 54 m 2,https://propiedades.com/inmuebles/casa-en-venta-villistas-sn-unidad-ejercito-constitucionalista-df-30362082#pagina=16&tipos=casas-venta&area=ciudad-de-mexico&pos=29
Ciudad De Mexico,16,"$30,000,000
MXN","Venta de casa en Rivera #s/n, Col. Insurgentes Cuicuilco, Coyoacán, DF / CDMX, México, C.P. 04530, ID: 30799999",4 Recámaras | 5 Baños | 850 m 2,https://propiedades.com/inmuebles/casa-en-venta-rivera-sn-insurgentes-cuicuilco-df-30799999#pagina=16&tipos=casas-venta&area=ciudad-de-mexico&pos=30
Ciudad De Mexico,16,"$4,200,000
MXN","Casa en venta, Pedro Flores #26, Col. La Era, Iztapalapa, DF / CDMX, México, C.P. 09720, ID: 29464508",7 Recámaras | 5 Baños | 285 m 2,https://propiedades.com/inmuebles/casa-en-venta-pedro-flores-26-la-era-df-29464508#pagina=16&tipos=casas-venta&area=ciudad-de-mexico&pos=31
Ciudad De Mexico,16,"$5,890,000
MXN","Venta de casa once de abril, Col. San Pedro de los Pinos, Benito Juárez, DF / CDMX, México, C.P. 03800, ID: 30774588",3 Recámaras | 250 m 2,https://propiedades.com/inmuebles/casa-en-venta-once-de-abril-san-pedro-de-los-pinos-df-30774588#pagina=16&tipos=casas-venta&area=ciudad-de-mexico&pos=32
Ciudad De Mexico,16,"$3,200,000
MXN","Se vende casa Mata Obscura #MZ 29 LT 11, Col. Jalalpa Tepito 2a Ampliación, Álvaro Obregón, DF / CDMX, México, C.P. 01296, ID: 29526999",5 Recámaras | 2 Baños | 280 m 2,https://propiedades.com/inmuebles/casa-en-venta-mata-obscura-mz-29-lt-11-jalalpa-tepito-2a-ampliacion-df-29526999#pagina=16&tipos=casas-venta&area=ciudad-de-mexico&pos=33
Ciudad De Mexico,16,"$49,860,000
MXN","Casa en venta disponible en P.º de Los Ahuehuetes Nte. 909, Lomas del Chamizal, Cuajimalpa de Morelos, 05129 Ciudad de México, C #909, Col. Lomas del Chamizal, Cuajimalpa de Morelos, DF / CDMX, México, C.P. 05129, ID: 30734191",4 Recámaras | 5 Baños | 822 m 2,https://propiedades.com/inmuebles/casa-en-venta-p-de-los-ahuehuetes-nte-909-lomas-del-chamizal-cuajimalpa-de-morelos-05129-ciudad-de-mexico-c-909-lomas-del-chamizal-df-30734191#pagina=16&tipos=casas-venta&area=ciudad-de-mexico&pos=34
Ciudad De Mexico,16,"$7,350,000
MXN","Se vende casa Av. Canal del Moral, Guadalupe del Moral, Ciudad de México, CDMX #s/n, Col. Guadalupe del Moral, Iztapalapa, DF / CDMX, México, C.P. 09300, ID: 30266994",4 Recámaras | 3 Baños | 160 m 2,https://propiedades.com/inmuebles/casa-en-venta-av-canal-del-moral-guadalupe-del-moral-ciudad-de-mexico-cdmx-sn-guadalupe-del-moral-df-30266994#pagina=16&tipos=casas-venta&area=ciudad-de-mexico&pos=35
Ciudad De Mexico,16,"$7,490,000
MXN","Se vende casa en Calle Sisal, Col. Pedregal de San Nicolás 3A Sección, Tlalpan, DF / CDMX, México, C.P. 14100, ID: 30096021",5 Recámaras | 4 Baños | 353 m 2,https://propiedades.com/inmuebles/casa-en-venta-calle-sisal-pedregal-de-san-nicolas-3a-seccion-df-30096021#pagina=16&tipos=casas-venta&area=ciudad-de-mexico&pos=36
Ciudad De Mexico,16,"$8,500,000
MXN","Venta de casa PASEOS DE TAXQUEÑA, Col. Residencial Villa Prado Coapa, Tlalpan, DF / CDMX, México, C.P. 14358, ID: 28626032",5 Recámaras | 6 Baños | 276 m 2,https://propiedades.com/inmuebles/casa-en-venta-paseos-de-taxquena-residencial-villa-prado-coapa-df-28626032#pagina=16&tipos=casas-venta&area=ciudad-de-mexico&pos=37
Ciudad De Mexico,16,"$7,000,000
MXN","Miguel Hidalgo 350, San Bartolo Ameyalco, Álvaro Obregón, 01800 Ciudad de México, CDMX #350, Col. San Bartolo Ameyalco, Álvaro Obregón, DF / CDMX, México, C.P. 01800, ID: 30237794",3 Recámaras | 2 Baños | 326 m 2,https://propiedades.com/inmuebles/casa-en-venta-miguel-hidalgo-350-san-bartolo-ameyalco-alvaro-obregon-01800-ciudad-de-mexico-cdmx-350-san-bartolo-ameyalco-df-30237794#pagina=16&tipos=casas-venta&area=ciudad-de-mexico&pos=38
Ciudad De Mexico,16,"$8,500,000
MXN","Venta de casa Nogal #47, Col. Vergel Coapa, Tlalpan, DF / CDMX, México, C.P. 14320, ID: 30241674",3 Recámaras | 2 Baños | 250 m 2,https://propiedades.com/inmuebles/casa-en-venta-nogal-47-vergel-coapa-df-30241674#pagina=16&tipos=casas-venta&area=ciudad-de-mexico&pos=39
Ciudad De Mexico,16,"$2,432,000
MXN","Venta de casa 25 de Enero 10, Campamento 2 de Octubre, Iztacalco, 08930 Ciudad de México, CDMX #10, Col. Campamento 2 de Octubre, Iztacalco, DF / CDMX, México, C.P. 08930, ID: 30439767",4 Recámaras | 3 Baños | 114 m 2,https://propiedades.com/inmuebles/casa-en-venta-25-de-enero-10-campamento-2-de-octubre-iztacalco-08930-ciudad-de-mexico-cdmx-10-campamento-2-de-octubre-df-30439767#pagina=16&tipos=casas-venta&area=ciudad-de-mexico&pos=40
Ciudad De Mexico,16,"$629,000
MXN","Venta casa en Salvatierra 92, Lomas de San Ángel Inn, Álvaro Obregón, 01790 Ciudad de México, CDMX #92, Col. Lomas de San Ángel Inn, Álvaro Obregón, DF / CDMX, México, C.P. 01790, ID: 30338235",1 Recámara | 1 Baño | 26 m 2,https://propiedades.com/inmuebles/casa-en-venta-salvatierra-92-lomas-de-san-angel-inn-alvaro-obregon-01790-ciudad-de-mexico-cdmx-92-lomas-de-san-angel-inn-df-30338235#pagina=16&tipos=casas-venta&area=ciudad-de-mexico&pos=41
Ciudad De Mexico,16,"$7,350,000
MXN","Venta de casa en San Rafael Atlixco, Paseos de Churubusco, Ciudad de México, CDMX, Col. Real del Moral, Iztapalapa, DF / CDMX, México, C.P. 09010, ID: 30266966",4 Recámaras | 3 Baños | 160 m 2,https://propiedades.com/inmuebles/casa-en-venta-san-rafael-atlixco-paseos-de-churubusco-ciudad-de-mexico-cdmx-real-del-moral-df-30266966#pagina=16&tipos=casas-venta&area=ciudad-de-mexico&pos=42
Ciudad De Mexico,16,"$6,000,000
MXN","Casa disponible en venta en Oriente 235-C #s/n, Col. Agrícola Oriental, Iztacalco, DF / CDMX, México, C.P. 08500, ID: 28875772",6 Recámaras | 3 Baños | 300 m 2,https://propiedades.com/inmuebles/casa-en-venta-oriente-235c-sn-agricola-oriental-df-28875772#pagina=16&tipos=casas-venta&area=ciudad-de-mexico&pos=43
Ciudad De Mexico,16,"$72,000,000
MXN","Venta de casa en Cañada #320, Col. Jardines del Pedregal, Álvaro Obregón, DF / CDMX, México, C.P. 01900, ID: 28210631",3 Recámaras | 8 Baños | 1100 m 2,https://propiedades.com/inmuebles/casa-en-venta-canada-320-jardines-del-pedregal-df-28210631#pagina=16&tipos=casas-venta&area=ciudad-de-mexico&pos=44
Ciudad De Mexico,16,"$706,000
MXN","Casa en venta, Estela, Guadalupe Tepeyac, 07840 Ciudad de México, CDMX, Col. Guadalupe Tepeyac, Gustavo A. Madero, DF / CDMX, México, C.P. 07840, ID: 30650989",3 Recámaras | 2 Baños | 122 m 2,https://propiedades.com/inmuebles/casa-en-venta-estela-guadalupe-tepeyac-07840-ciudad-de-mexico-cdmx-guadalupe-tepeyac-df-30650989#pagina=16&tipos=casas-venta&area=ciudad-de-mexico&pos=45
Ciudad De Mexico,16,"$3,400,000
MXN","Casa en venta, Francisco del Paso y Troncoso, Juventino Rosas, Ciudad de México, CDMX #s/n, Col. Juventino Rosas, Iztacalco, DF / CDMX, México, C.P. 08700, ID: 30267065",3 Recámaras | 1 Baño | 72 m 2,https://propiedades.com/inmuebles/casa-en-venta-francisco-del-paso-y-troncoso-juventino-rosas-ciudad-de-mexico-cdmx-sn-juventino-rosas-df-30267065#pagina=16&tipos=casas-venta&area=ciudad-de-mexico&pos=46
Ciudad De Mexico,16,"$28,500,000
MXN","Venta de casa en Camelia 207 #207, Col. Florida, Álvaro Obregón, DF / CDMX, México, C.P. 01030, ID: 30127823",4 Recámaras | 3 Baños | 410 m 2,https://propiedades.com/inmuebles/casa-en-venta-camelia-207-207-florida-df-30127823#pagina=16&tipos=casas-venta&area=ciudad-de-mexico&pos=47
Ciudad De Mexico,17,"$617,000
MXN","Venta de casa Av. Henry Ford 4509, Gertrudis Sánchez III Secc, Gustavo A. Madero, 07838 Ciudad de México, CDMX #4509, Col. Gertrudis Sánchez 3a Sección, Gustavo A. Madero, DF / CDMX, México, C.P. 07838, ID: 30333761",2 Recámaras | 1 Baño | 125 m 2,https://propiedades.com/inmuebles/casa-en-venta-av-henry-ford-4509-gertrudis-sanchez-iii-secc-gustavo-a-madero-07838-ciudad-de-mexico-cdmx-4509-gertrudis-sanchez-3a-seccion-df-30333761#pagina=17&tipos=casas-venta&area=ciudad-de-mexico&pos=1
Ciudad De Mexico,17,"$7,500,000
MXN","Venta de casa Natal 670, Lindavista, Gustavo A. Madero, 07730 Ciudad de México, CDMX #670, Col. Churubusco Tepeyac, Gustavo A. Madero, DF / CDMX, México, C.P. 07730, ID: 30679546",3 Recámaras | 3 Baños | 249 m 2,https://propiedades.com/inmuebles/casa-en-venta-natal-670-lindavista-gustavo-a-madero-07730-ciudad-de-mexico-cdmx-670-churubusco-tepeyac-df-30679546#pagina=17&tipos=casas-venta&area=ciudad-de-mexico&pos=2
Ciudad De Mexico,17,"$5,900,000
MXN","Venta casa en Col. Santa Isabel Tola, Gustavo A. Madero, DF / CDMX, México, C.P. 07010, ID: 29486283",8 Recámaras | 5 Baños | 754 m 2,https://propiedades.com/inmuebles/casa-en-venta-santa-isabel-tola-df-29486283#pagina=17&tipos=casas-venta&area=ciudad-de-mexico&pos=3
Ciudad De Mexico,17,"$2,700,000
MXN","Se vende casa San Miguel Ajusco #s/n, Col. San Miguel Ajusco, Tlalpan, DF / CDMX, México, C.P. 14700, ID: 30054061",4 Recámaras | 4 Baños | 285 m 2,https://propiedades.com/inmuebles/casa-en-venta-san-miguel-ajusco-sn-san-miguel-ajusco-df-30054061#pagina=17&tipos=casas-venta&area=ciudad-de-mexico&pos=4
Ciudad De Mexico,17,"$11,000,000
MXN","Venta de casa en Manuel López Cotilla #840, Col. Insurgentes San Borja, Benito Juárez, DF / CDMX, México, C.P. 03100, ID: 30048372",4 Recámaras | 2 Baños | 245 m 2,https://propiedades.com/inmuebles/casa-en-venta-manuel-lopez-cotilla-840-insurgentes-san-borja-df-30048372#pagina=17&tipos=casas-venta&area=ciudad-de-mexico&pos=5
Ciudad De Mexico,17,"$10,650,000
MXN","2do de Cuadrante de San Francisco #s/n, Col. Cuadrante de San Francisco, Coyoacán, DF / CDMX, México, C.P. 04320, ID: 30739379",6 Recámaras | 4 Baños | 205 m 2,https://propiedades.com/inmuebles/casa-en-venta-2do-de-cuadrante-de-san-francisco-sn-cuadrante-de-san-francisco-df-30739379#pagina=17&tipos=casas-venta&area=ciudad-de-mexico&pos=6
Ciudad De Mexico,17,"$12,800,000
MXN","Venta casa en Cóndor, Los Alpes, Ciudad de México, CDMX #s/n, Col. Los Alpes, Álvaro Obregón, DF / CDMX, México, C.P. 01010, ID: 30686393",3 Recámaras | 3 Baños | 272 m 2,https://propiedades.com/inmuebles/casa-en-venta-condor-los-alpes-ciudad-de-mexico-cdmx-sn-los-alpes-df-30686393#pagina=17&tipos=casas-venta&area=ciudad-de-mexico&pos=7
Ciudad De Mexico,17,"$29,500,000
MXN","Casa disponible en venta en Lindavista, Gustavo A. Madero, Col. Lindavista Norte, Gustavo A. Madero, DF / CDMX, México, C.P. 07300, ID: 26854075",1 Recámara | 1 Baño | 700 m 2,https://propiedades.com/inmuebles/casa-en-venta-lindavista-gustavo-a-madero-lindavista-norte-df-26854075#pagina=17&tipos=casas-venta&area=ciudad-de-mexico&pos=8
Ciudad De Mexico,17,"$4,500,000
MXN","Casa en venta disponible en Leandro Izaguirre 58b #58b, Col. Lomas de San Bernabé, La Magdalena Contreras, DF / CDMX, México, C.P. 10350, ID: 30102001",5 Recámaras | 2 Baños | 212 m 2,https://propiedades.com/inmuebles/casa-en-venta-leandro-izaguirre-58b-58b-lomas-de-san-bernabe-df-30102001#pagina=17&tipos=casas-venta&area=ciudad-de-mexico&pos=9
Ciudad De Mexico,17,"$20,900,000
MXN","Cjon. de Soledad, San Nicolás Totolapan, 10900 Ciudad de México, CDMX, Col. San Nicolás Totolapan, La Magdalena Contreras, DF / CDMX, México, C.P. 10900, ID: 30241398",4 Recámaras | 3 Baños | 750 m 2,
Ciudad De Mexico,17,"$99,900,000
MXN","Roma Nte., 06700 Ciudad de México, CDMX #s/n, Col. Roma Norte, Cuauhtémoc, DF / CDMX, México, C.P. 06700, ID: 30979331",6 Recámaras | 5 Baños | 650 m 2,https://propiedades.com/inmuebles/casa-en-venta-roma-nte-06700-ciudad-de-mexico-cdmx-sn-roma-norte-df-30979331#pagina=17&tipos=casas-venta&area=ciudad-de-mexico&pos=11
Ciudad De Mexico,17,"$2,790,000
MXN","Venta casa en Santiago Acahualtepec, Ciudad de México, CDMX, Col. Santiago Acahualtepec, Iztapalapa, DF / CDMX, México, C.P. 09600, ID: 30333412",2 Recámaras | 1 Baño | 200 m 2,https://propiedades.com/inmuebles/casa-en-venta-santiago-acahualtepec-ciudad-de-mexico-cdmx-santiago-acahualtepec-df-30333412#pagina=17&tipos=casas-venta&area=ciudad-de-mexico&pos=12
Ciudad De Mexico,17,"$40,000,000
MXN","Venta de casa en Bosque de Magnolias, Col. Bosque de las Lomas, Miguel Hidalgo, DF / CDMX, México, C.P. 11700, ID: 30043963",3 Recámaras | 4 Baños | 853 m 2,https://propiedades.com/inmuebles/casa-en-venta-bosque-de-magnolias-bosque-de-las-lomas-df-30043963#pagina=17&tipos=casas-venta&area=ciudad-de-mexico&pos=13
Ciudad De Mexico,17,"$650,000
MXN","Venta de casa Froylán C Manjarrez #s/n, Col. Constitución de 1917, Iztapalapa, DF / CDMX, México, C.P. 09260, ID: 29408480",3 Recámaras | 2 Baños | 121 m 2,https://propiedades.com/inmuebles/casa-en-venta-froylan-c-manjarrez-sn-constitucion-de-1917-df-29408480#pagina=17&tipos=casas-venta&area=ciudad-de-mexico&pos=14
Ciudad De Mexico,17,"$23,950,000
MXN","Venta de casa en Cda. de la Presa 116, San Jerónimo Lídice, La Magdalena Contreras, 10200 Ciudad de México, CDMX #116, Col. San Jerónimo Lídice, La Magdalena Contreras, DF / CDMX, México, C.P. 10200, ID: 30267909",4 Recámaras | 3 Baños | 533 m 2,https://propiedades.com/inmuebles/casa-en-venta-cda-de-la-presa-116-san-jeronimo-lidice-la-magdalena-contreras-10200-ciudad-de-mexico-cdmx-116-san-jeronimo-lidice-df-30267909#pagina=17&tipos=casas-venta&area=ciudad-de-mexico&pos=15
Ciudad De Mexico,17,"$5,350,000
MXN","Casa en venta, Hecelchakán & C. Carlos Darwin, Lomas Hidalgo, 14240 Ciudad de México, CDMX, Col. Lomas Hidalgo, Tlalpan, DF / CDMX, México, C.P. 14240, ID: 30250296",3 Recámaras | 1 Baño | 225 m 2,https://propiedades.com/inmuebles/casa-en-ambos-hecelchakan-c-carlos-darwin-lomas-hidalgo-14240-ciudad-de-mexico-cdmx-lomas-hidalgo-df-30250296#pagina=17&tipos=casas-venta&area=ciudad-de-mexico&pos=16
Ciudad De Mexico,17,"$750,000
MXN","Venta casa en C. Artemisa 101, Nueva Santa María, Azcapotzalco, 02800 Ciudad de México, CDMX #101, Col. Nueva Santa Maria, Azcapotzalco, DF / CDMX, México, C.P. 02800, ID: 30287513",3 Recámaras | 1 Baño | 122 m 2,https://propiedades.com/inmuebles/casa-en-venta-c-artemisa-101-nueva-santa-maria-azcapotzalco-02800-ciudad-de-mexico-cdmx-101-nueva-santa-maria-df-30287513#pagina=17&tipos=casas-venta&area=ciudad-de-mexico&pos=17
Ciudad De Mexico,17,"$4,950,000
MXN","Casa en venta, C. H Manzana II, Educación, 04400 Ciudad de México, CDMX #22, Col. Educación, Coyoacán, DF / CDMX, México, C.P. 04400, ID: 30563879",4 Recámaras | 3 Baños | 243 m 2,https://propiedades.com/inmuebles/casa-en-venta-c-h-manzana-ii-educacion-04400-ciudad-de-mexico-cdmx-22-educacion-df-30563879#pagina=17&tipos=casas-venta&area=ciudad-de-mexico&pos=18
Ciudad De Mexico,17,"$2,231,700
MXN","Venta de casa en Sur 129 1908, Gabriel Ramos Millán, Iztacalco, 08730 Ciudad de México, CDMX #1908, Col. Gabriel Ramos Millán, Iztacalco, DF / CDMX, México, C.P. 08730, ID: 30283644",4 Recámaras | 1 Baño | 160 m 2,https://propiedades.com/inmuebles/casa-en-venta-sur-129-1908-gabriel-ramos-millan-iztacalco-08730-ciudad-de-mexico-cdmx-1908-gabriel-ramos-millan-df-30283644#pagina=17&tipos=casas-venta&area=ciudad-de-mexico&pos=19
Ciudad De Mexico,17,"$3,250,000
MXN","Se vende casa en Pinos, Col del Bosque, Gustavo A. Madero, 07207 Ciudad de México, CDMX #9, Col. Del Bosque, Gustavo A. Madero, DF / CDMX, México, C.P. 07207, ID: 30216039",4 Recámaras | 2 Baños | 240 m 2,https://propiedades.com/inmuebles/casa-en-venta-pinos-col-del-bosque-gustavo-a-madero-07207-ciudad-de-mexico-cdmx-9-del-bosque-df-30216039#pagina=17&tipos=casas-venta&area=ciudad-de-mexico&pos=20
Ciudad De Mexico,17,"$12,100,000
MXN","Casa disponible en venta en Pestalozzi, Col. Narvarte Poniente, Benito Juárez, DF / CDMX, México, C.P. 03020, ID: 28281964",3 Recámaras | 3 Baños | 250 m 2,https://propiedades.com/inmuebles/casa-en-venta-pestalozzi-narvarte-poniente-df-28281964#pagina=17&tipos=casas-venta&area=ciudad-de-mexico&pos=21
Ciudad De Mexico,17,"$27,000,000
MXN","Casa en venta disponible en Pedregal de San Francisco, Ciudad de México, CDMX, Col. Cuadrante de San Francisco, Coyoacán, DF / CDMX, México, C.P. 04320, ID: 30724616",3 Recámaras | 3 Baños | 520 m 2,https://propiedades.com/inmuebles/casa-en-venta-pedregal-de-san-francisco-ciudad-de-mexico-cdmx-cuadrante-de-san-francisco-df-30724616#pagina=17&tipos=casas-venta&area=ciudad-de-mexico&pos=22
Ciudad De Mexico,17,"$3,400,000
MXN","Casa disponible en venta en El Rodeo, 08510 Ciudad de México, CDMX, Col. El Rodeo, Iztacalco, DF / CDMX, México, C.P. 08510, ID: 30241825",3 Recámaras | 1 Baño | 70 m 2,https://propiedades.com/inmuebles/casa-en-venta-el-rodeo-08510-ciudad-de-mexico-cdmx-el-rodeo-df-30241825#pagina=17&tipos=casas-venta&area=ciudad-de-mexico&pos=23
Ciudad De Mexico,17,"$10,850,000
MXN","Casa disponible en venta en Cuzco, 07300 Ciudad de México, CDMX #901, Col. Lindavista Norte, Gustavo A. Madero, DF / CDMX, México, C.P. 07300, ID: 30585479",4 Recámaras | 4 Baños | 363 m 2,https://propiedades.com/inmuebles/casa-en-venta-cuzco-07300-ciudad-de-mexico-cdmx-901-lindavista-norte-df-30585479#pagina=17&tipos=casas-venta&area=ciudad-de-mexico&pos=24
Ciudad De Mexico,17,"$22,000,000
MXN","Fortunato Zuazua, San Juan Tlihuaca, 02400 Ciudad de México, CDMX, Col. San Juan Tlihuaca, Azcapotzalco, DF / CDMX, México, C.P. 02400, ID: 30780466",3 Recámaras | 3 Baños | 624 m 2,https://propiedades.com/inmuebles/casa-en-venta-fortunato-zuazua-san-juan-tlihuaca-02400-ciudad-de-mexico-cdmx-san-juan-tlihuaca-df-30780466#pagina=17&tipos=casas-venta&area=ciudad-de-mexico&pos=25
Ciudad De Mexico,17,"$2,000,000
MXN","Se vende casa en Tamaulipas 11, Tierra Blanca, Tláhuac, 13530 San Juan Ixtayopan, CDMX #11, Col. Jaime Torres Bodet, Tláhuac, DF / CDMX, México, C.P. 13530, ID: 30352589",3 Recámaras | 2 Baños | 230 m 2,https://propiedades.com/inmuebles/casa-en-venta-tamaulipas-11-tierra-blanca-tlahuac-13530-san-juan-ixtayopan-cdmx-11-jaime-torres-bodet-df-30352589#pagina=17&tipos=casas-venta&area=ciudad-de-mexico&pos=26
Ciudad De Mexico,17,"$13,800,000
MXN","Se vende casa en Amatenango, Col. Cuchilla de Padierna, Tlalpan, DF / CDMX, México, C.P. 14220, ID: 30769880",6 Recámaras | 3 Baños | 780 m 2,https://propiedades.com/inmuebles/casa-en-venta-amatenango-cuchilla-de-padierna-df-30769880#pagina=17&tipos=casas-venta&area=ciudad-de-mexico&pos=27
Ciudad De Mexico,17,"$15,000,000
MXN","Se vende casa Bosques de la Reforma, Lomas del Chamizal, Ciudad de México, CDMX, Col. Lomas del Chamizal, Cuajimalpa de Morelos, DF / CDMX, México, C.P. 05129, ID: 30236169",3 Recámaras | 3 Baños | 323 m 2,
Ciudad De Mexico,17,"$10,000,000
MXN","Venta de casa Álvaro Reséndiz #22Int. NA, Col. Presidentes Ejidales 2a Sección, Coyoacán, DF / CDMX, México, C.P. 04470, ID: 30034937",5 Recámaras | 5 Baños | 300 m 2,https://propiedades.com/inmuebles/casa-en-venta-alvaro-resendiz-22-presidentes-ejidales-2a-seccion-df-30034937#pagina=17&tipos=casas-venta&area=ciudad-de-mexico&pos=29
Ciudad De Mexico,17,"$8,190,000
MXN","Venta de casa Calz. de las Águilas, Ampliacion Los Alpes, Ciudad de México, CDMX #s/n, Col. Ampliación Alpes, Álvaro Obregón, DF / CDMX, México, C.P. 01710, ID: 28988088",5 Recámaras | 5 Baños | 303 m 2,https://propiedades.com/inmuebles/casa-en-venta-calz-de-las-aguilas-ampliacion-los-alpes-ciudad-de-mexico-cdmx-sn-ampliacion-alpes-df-28988088#pagina=17&tipos=casas-venta&area=ciudad-de-mexico&pos=30
Ciudad De Mexico,17,"$11,600,000
MXN","Casa en venta, Vicente García torres, Col. El Rosedal, Coyoacán, DF / CDMX, México, C.P. 04330, ID: 28409540",3 Recámaras | 3 Baños | 320 m 2,https://propiedades.com/inmuebles/casa-en-venta-vicente-garcia-torres-el-rosedal-df-28409540#pagina=17&tipos=casas-venta&area=ciudad-de-mexico&pos=31
Ciudad De Mexico,17,"$4,980,000
MXN","Casa en venta disponible en C. Sur 2, Agrícola Oriental, 08500 Ciudad de México, CDMX, Col. Agrícola Oriental, Iztacalco, DF / CDMX, México, C.P. 08500, ID: 30758380",7 Recámaras | 3 Baños | 279 m 2,https://propiedades.com/inmuebles/casa-en-venta-c-sur-2-agricola-oriental-08500-ciudad-de-mexico-cdmx-agricola-oriental-df-30758380#pagina=17&tipos=casas-venta&area=ciudad-de-mexico&pos=32
Ciudad De Mexico,17,"$3,990,000
MXN","Se vende casa en Nogal de La India 19 #19, Col. Pueblo Nuevo Alto, La Magdalena Contreras, DF / CDMX, México, C.P. 10640, ID: 30101921",3 Recámaras | 2 Baños | 189 m 2,https://propiedades.com/inmuebles/casa-en-venta-nogal-de-la-india-19-19-pueblo-nuevo-alto-df-30101921#pagina=17&tipos=casas-venta&area=ciudad-de-mexico&pos=33
Ciudad De Mexico,17,"$5,335,660
MXN","Se vende casa en Bahamas 90, Lomas Estrella 1ra Secc, Iztapalapa, 09890 Ciudad de México, CDMX #90, Col. Lomas Estrella, Iztapalapa, DF / CDMX, México, C.P. 09890, ID: 30277742",2 Recámaras | 1 Baño | 214 m 2,https://propiedades.com/inmuebles/casa-en-venta-bahamas-90-lomas-estrella-1ra-secc-iztapalapa-09890-ciudad-de-mexico-cdmx-90-lomas-estrella-df-30277742#pagina=17&tipos=casas-venta&area=ciudad-de-mexico&pos=34
Ciudad De Mexico,17,"$10,500,000
MXN","Médanos, Col. Ampliación Alpes, Álvaro Obregón, DF / CDMX, México, C.P. 01710, ID: 27553800",3 Recámaras | 3 Baños | 300 m 2,https://propiedades.com/inmuebles/casa-en-venta-medanos-ampliacion-alpes-df-27553800#pagina=17&tipos=casas-venta&area=ciudad-de-mexico&pos=35
Ciudad De Mexico,17,"$6,130,000
MXN","Venta de casa en Rincon del Cielo 23, Aldama, Xochimilco, 16010 Ciudad de México, CDMX #23, Col. Bosque Residencial del Sur, Xochimilco, DF / CDMX, México, C.P. 16010, ID: 30344420",3 Recámaras | 2 Baños | 220 m 2,https://propiedades.com/inmuebles/casa-en-venta-rincon-del-cielo-23-aldama-xochimilco-16010-ciudad-de-mexico-cdmx-23-bosque-residencial-del-sur-df-30344420#pagina=17&tipos=casas-venta&area=ciudad-de-mexico&pos=36
Ciudad De Mexico,17,"$14,300,000
MXN","Casa en venta disponible en Paseo de Los Ahuehuetes Norte #1384, Col. Bosque de las Lomas, Miguel Hidalgo, DF / CDMX, México, C.P. 11700, ID: 30133016",2 Recámaras | 2 Baños | 340 m 2,https://propiedades.com/inmuebles/casa-en-venta-paseo-de-los-ahuehuetes-norte-1384-bosque-de-las-lomas-df-30133016#pagina=17&tipos=casas-venta&area=ciudad-de-mexico&pos=37
Ciudad De Mexico,17,"$801,000
MXN","Se vende casa Calle 319 #s/n, Col. El Coyol, Gustavo A. Madero, DF / CDMX, México, C.P. 07420, ID: 29328645",3 Recámaras | 2 Baños | 123 m 2,https://propiedades.com/inmuebles/casa-en-venta-calle-319-sn-el-coyol-df-29328645#pagina=17&tipos=casas-venta&area=ciudad-de-mexico&pos=38
Ciudad De Mexico,17,"$9,000,000
MXN","Puerto México 23 #23, Col. Roma Sur, Cuauhtémoc, DF / CDMX, México, C.P. 06760, ID: 30110634",1 Recámara | 1 Baño | 200 m 2,https://propiedades.com/inmuebles/casa-en-venta-puerto-mexico-23-23-roma-sur-df-30110634#pagina=17&tipos=casas-venta&area=ciudad-de-mexico&pos=39
Ciudad De Mexico,17,"$7,700,000
MXN","Casa disponible en venta en Heroes de la revolucion #s/n, Col. Colina del Sur, Álvaro Obregón, DF / CDMX, México, C.P. 01430, ID: 30101915",5 Recámaras | 3 Baños | 226 m 2,https://propiedades.com/inmuebles/casa-en-venta-heroes-de-la-revolucion-sn-colina-del-sur-df-30101915#pagina=17&tipos=casas-venta&area=ciudad-de-mexico&pos=40
Ciudad De Mexico,17,"$4,990,000
MXN","Se vende casa felipe larios #55, Col. Santa Cecilia, Tláhuac, DF / CDMX, México, C.P. 13010, ID: 28967084",8 Recámaras | 4 Baños | 416 m 2,https://propiedades.com/inmuebles/casa-en-venta-felipe-larios-55-santa-cecilia-df-28967084#pagina=17&tipos=casas-venta&area=ciudad-de-mexico&pos=41
Ciudad De Mexico,17,"$6,800,000
MXN","Se vende casa en santiago rebullInt. 2, Col. Mixcoac, Benito Juárez, DF / CDMX, México, C.P. 03910, ID: 28555742",2 Recámaras | 2 Baños | 186 m 2,https://propiedades.com/inmuebles/casa-en-venta-santiago-rebull-mixcoac-df-28555742#pagina=17&tipos=casas-venta&area=ciudad-de-mexico&pos=42
Ciudad De Mexico,17,"$6,900,000
MXN","Venta de casa C. Cedro 328, Sta María la Ribera, Cuauhtémoc, 06400 Ciudad de México, CDMX #328, Col. Santa Maria La Ribera, Cuauhtémoc, DF / CDMX, México, C.P. 06400, ID: 30611851",2 Recámaras | 1 Baño | 95 m 2,https://propiedades.com/inmuebles/casa-en-venta-c-cedro-328-sta-maria-la-ribera-cuauhtemoc-06400-ciudad-de-mexico-cdmx-328-santa-maria-la-ribera-df-30611851#pagina=17&tipos=casas-venta&area=ciudad-de-mexico&pos=43
Ciudad De Mexico,17,"$3,200,000
MXN","Se vende casa en Mata Obscura, Santa Fe, Jalalpa Tepito 2da Amp, Ciudad de México, CDMX, Col. Jalalpa El Grande, Álvaro Obregón, DF / CDMX, México, C.P. 01377, ID: 30774566",5 Recámaras | 2 Baños | 280 m 2,https://propiedades.com/inmuebles/casa-en-venta-mata-obscura-santa-fe-jalalpa-tepito-2da-amp-ciudad-de-mexico-cdmx-jalalpa-el-grande-df-30774566#pagina=17&tipos=casas-venta&area=ciudad-de-mexico&pos=44
Ciudad De Mexico,17,"$4,000,000
MXN","Venta de casa en Diag. Gladiolas 45, San Marcos, Xochimilco, 16050 Ciudad de México, CDMX #45, Col. San Marcos, Xochimilco, DF / CDMX, México, C.P. 16050, ID: 30246043",2 Recámaras | 1 Baño | 200 m 2,https://propiedades.com/inmuebles/casa-en-venta-diag-gladiolas-45-san-marcos-xochimilco-16050-ciudad-de-mexico-cdmx-45-san-marcos-df-30246043#pagina=17&tipos=casas-venta&area=ciudad-de-mexico&pos=45
Ciudad De Mexico,17,"$3,900,000
MXN","Se vende casa en 4 de Julio, Tlalpan, 14760 Lomas de Tepemecatl, CDMX #s/n, Col. Héroes de 1910, Tlalpan, DF / CDMX, México, C.P. 14760, ID: 30309475",2 Recámaras | 3 Baños | 300 m 2,https://propiedades.com/inmuebles/casa-en-venta-4-de-julio-tlalpan-14760-lomas-de-tepemecatl-cdmx-sn-heroes-de-1910-df-30309475#pagina=17&tipos=casas-venta&area=ciudad-de-mexico&pos=46
Ciudad De Mexico,17,"$5,200,000
MXN","Casa en venta, Santa Maria 29 #29, Col. 2a Ampliación Presidentes, Álvaro Obregón, DF / CDMX, México, C.P. 01299, ID: 28377808",4 Recámaras | 2 Baños | 235 m 2,https://propiedades.com/inmuebles/casa-en-venta-santa-maria-29-29-2a-ampliacion-presidentes-df-28377808#pagina=17&tipos=casas-venta&area=ciudad-de-mexico&pos=47
Ciudad De Mexico,18,"$9,200,000
MXN","Cerrada de Otavalo 60 #60, Col. Lindavista Norte, Gustavo A. Madero, DF / CDMX, México, C.P. 07300, ID: 29879841",5 Recámaras | 4 Baños | 278 m 2,https://propiedades.com/inmuebles/casa-en-venta-cerrada-de-otavalo-60-60-lindavista-norte-df-29879841#pagina=18&tipos=casas-venta&area=ciudad-de-mexico&pos=1
Ciudad De Mexico,18,"$7,500,000
MXN","Casa disponible en venta en Avenida 482 #cInt. sn, Col. Ex Ejido San Juan de Aragón Sector 32, Gustavo A. Madero, DF / CDMX, México, C.P. 07919, ID: 29911513",2 Recámaras | 1 Baño | 58 m 2,
Ciudad De Mexico,18,"$24,900,000
MXN","Casa en venta disponible en Pino, Col. Florida, Álvaro Obregón, DF / CDMX, México, C.P. 01030, ID: 27916325",4 Recámaras | 3 Baños | 326 m 2,https://propiedades.com/inmuebles/casa-en-venta-pino-florida-df-27916325#pagina=18&tipos=casas-venta&area=ciudad-de-mexico&pos=3
Ciudad De Mexico,18,"$11,500,000
MXN","Casa en venta disponible en p, Col. Portales Oriente, Benito Juárez, DF / CDMX, México, C.P. 03570, ID: 28644857",4 Recámaras | 3 Baños | 272 m 2,https://propiedades.com/inmuebles/casa-en-venta-p-portales-oriente-df-28644857#pagina=18&tipos=casas-venta&area=ciudad-de-mexico&pos=4
Ciudad De Mexico,18,"$10,300,000
MXN","Casa en venta, Pestalozzi, Col. Narvarte Poniente, Benito Juárez, DF / CDMX, México, C.P. 03020, ID: 28761111",4 Recámaras | 3 Baños | 240 m 2,https://propiedades.com/inmuebles/casa-en-venta-pestalozzi-narvarte-poniente-df-28761111#pagina=18&tipos=casas-venta&area=ciudad-de-mexico&pos=5
Ciudad De Mexico,18,"$37,499,000
MXN","Venta de casa av de las fuentes #s/n, Col. Jardines del Pedregal, Álvaro Obregón, DF / CDMX, México, C.P. 01900, ID: 30078320",3 Recámaras | 5 Baños | 1017 m 2,
Ciudad De Mexico,18,"$7,565,895
MXN","Casa en venta disponible en Calz. de las Águilas, Villa Verdún, Ciudad de México, CDMX, Col. Villa Verdún, Álvaro Obregón, DF / CDMX, México, C.P. 01810, ID: 30237063",4 Recámaras | 3 Baños | 530 m 2,https://propiedades.com/inmuebles/casa-en-venta-calz-de-las-aguilas-villa-verdun-ciudad-de-mexico-cdmx-villa-verdun-df-30237063#pagina=18&tipos=casas-venta&area=ciudad-de-mexico&pos=7
Ciudad De Mexico,18,"$19,500,000
MXN","Aurora, Santa Catarina, 04010 Ciudad de México, CDMX, Col. Barrio Santa Catarina, Coyoacán, DF / CDMX, México, C.P. 04010, ID: 30731103",5 Recámaras | 3 Baños | 250 m 2,https://propiedades.com/inmuebles/casa-en-venta-aurora-santa-catarina-04010-ciudad-de-mexico-cdmx-barrio-santa-catarina-df-30731103#pagina=18&tipos=casas-venta&area=ciudad-de-mexico&pos=8
Ciudad De Mexico,18,"$6,000,000
MXN","Se vende casa en Playa Langosta #220, Col. Militar Marte, Iztacalco, DF / CDMX, México, C.P. 08830, ID: 26921884",3 Recámaras | 3 Baños | 208 m 2,https://propiedades.com/inmuebles/casa-en-venta-playa-langosta-220-militar-marte-df-26921884#pagina=18&tipos=casas-venta&area=ciudad-de-mexico&pos=9
Ciudad De Mexico,18,"$6,000,000
MXN","Se vende casa en Calle Aralia #30, Col. Club de Golf México, Tlalpan, DF / CDMX, México, C.P. 14620, ID: 30757481",3 Recámaras | 3 Baños | 220 m 2,https://propiedades.com/inmuebles/casa-en-venta-calle-aralia-30-club-de-golf-mexico-df-30757481#pagina=18&tipos=casas-venta&area=ciudad-de-mexico&pos=10
Ciudad De Mexico,18,"$3,938,674
MXN","Venta casa en C. 28, Olivar del Conde 2da Secc, 01408 Ciudad de México, CDMX #28, Col. Olivar del Conde 2a Sección, Álvaro Obregón, DF / CDMX, México, C.P. 01408, ID: 30237049",3 Recámaras | 2 Baños | 350 m 2,https://propiedades.com/inmuebles/casa-en-venta-c-28-olivar-del-conde-2da-secc-01408-ciudad-de-mexico-cdmx-28-olivar-del-conde-2a-seccion-df-30237049#pagina=18&tipos=casas-venta&area=ciudad-de-mexico&pos=11
Ciudad De Mexico,18,"$4,700,000
MXN","Se vende casa José Juan Mendez #42, Col. Ejercito de Agua Prieta, Iztapalapa, DF / CDMX, México, C.P. 09578, ID: 29484085",5 Recámaras | 3 Baños | 245 m 2,https://propiedades.com/inmuebles/casa-en-venta-jose-juan-mendez-42-ejercito-de-agua-prieta-df-29484085#pagina=18&tipos=casas-venta&area=ciudad-de-mexico&pos=12
Ciudad De Mexico,18,"$4,800,000
MXN","Venta casa en C. K 14, Primera Victoria, Álvaro Obregón, 01160 Ciudad de México, CDMX #14, Col. 1a Victoria, Álvaro Obregón, DF / CDMX, México, C.P. 01160, ID: 30659806",6 Recámaras | 6 Baños | 270 m 2,https://propiedades.com/inmuebles/casa-en-venta-c-k-14-primera-victoria-alvaro-obregon-01160-ciudad-de-mexico-cdmx-14-1a-victoria-df-30659806#pagina=18&tipos=casas-venta&area=ciudad-de-mexico&pos=13
Ciudad De Mexico,18,"$11,000,000
MXN","Se vende casa COATEPEC, Col. Roma Sur, Cuauhtémoc, DF / CDMX, México, C.P. 06760, ID: 30177205",4 Recámaras | 3 Baños | 150 m 2,https://propiedades.com/inmuebles/casa-en-venta-coatepec-roma-sur-df-30177205#pagina=18&tipos=casas-venta&area=ciudad-de-mexico&pos=14
Ciudad De Mexico,18,"$11,200,000
MXN","Casa en venta disponible en Jaina, Letran Valle, Benito Juárez, 03650 Ciudad de México, CDMX #s/n, Col. Letrán Valle, Benito Juárez, DF / CDMX, México, C.P. 03650, ID: 30494524",5 Recámaras | 3 Baños | 278 m 2,https://propiedades.com/inmuebles/casa-en-venta-jaina-letran-valle-benito-juarez-03650-ciudad-de-mexico-cdmx-sn-letran-valle-df-30494524#pagina=18&tipos=casas-venta&area=ciudad-de-mexico&pos=15
Ciudad De Mexico,18,"$11,000,000
MXN","Casa en venta disponible en Coatepec #15, Col. Roma Sur, Cuauhtémoc, DF / CDMX, México, C.P. 06760, ID: 30180784",4 Recámaras | 3 Baños | 150 m 2,
Ciudad De Mexico,18,"$4,500,000
MXN","Venta casa en Camino Real Al Ajusco 113, Fuentes de Tepepan, Xochimilco, 14648 Ciudad de México, CDMX #113, Col. Fuentes de Tepepan, Tlalpan, DF / CDMX, México, C.P. 14643, ID: 30766091",3 Recámaras | 3 Baños | 238 m 2,https://propiedades.com/inmuebles/casa-en-venta-camino-real-al-ajusco-113-fuentes-de-tepepan-xochimilco-14648-ciudad-de-mexico-cdmx-113-fuentes-de-tepepan-df-30766091#pagina=18&tipos=casas-venta&area=ciudad-de-mexico&pos=17
Ciudad De Mexico,18,"$7,300,000
MXN","brasilia, Col. San Pedro Zacatenco, Gustavo A. Madero, DF / CDMX, México, C.P. 07360, ID: 29410829",8 Recámaras | 4 Baños | 340 m 2,https://propiedades.com/inmuebles/casa-en-venta-brasilia-san-pedro-zacatenco-df-29410829#pagina=18&tipos=casas-venta&area=ciudad-de-mexico&pos=18
Ciudad De Mexico,18,"$3,100,000
MXN","Venta de casa en C. Sisal 305, Pedregal de San Nicolás 4ta Secc, Tlalpan, 14100 Ciudad de México, CDMX #305, Col. Pedregal de San Nicolás 4A Sección, Tlalpan, DF / CDMX, México, C.P. 14100, ID: 30309165",8 Recámaras | 4 Baños | 300 m 2,https://propiedades.com/inmuebles/casa-en-venta-c-sisal-305-pedregal-de-san-nicolas-4ta-secc-tlalpan-14100-ciudad-de-mexico-cdmx-305-pedregal-de-san-nicolas-4a-seccion-df-30309165#pagina=18&tipos=casas-venta&area=ciudad-de-mexico&pos=19
Ciudad De Mexico,18,"$990,000
MXN","Venta de casa Av. Clavería, Claveria, 02080 Ciudad de México, CDMX #s/n, Col. Clavería, Azcapotzalco, DF / CDMX, México, C.P. 02080, ID: 30245841",4 Recámaras | 2 Baños | 360 m 2,https://propiedades.com/inmuebles/casa-en-venta-av-claveria-claveria-02080-ciudad-de-mexico-cdmx-sn-claveria-df-30245841#pagina=18&tipos=casas-venta&area=ciudad-de-mexico&pos=20
Ciudad De Mexico,18,"$6,000,000
MXN","Casa disponible en venta en C. 2 Ote., Isidro Fabela, 14030 Ciudad de México, CDMX, Col. Isidro Fabela, Tlalpan, DF / CDMX, México, C.P. 14030, ID: 30774127",1 Recámara | 1 Baño | 106 m 2,https://propiedades.com/inmuebles/casa-en-venta-c-2-ote-isidro-fabela-14030-ciudad-de-mexico-cdmx-isidro-fabela-df-30774127#pagina=18&tipos=casas-venta&area=ciudad-de-mexico&pos=21
Ciudad De Mexico,18,"$702,000
MXN","Venta de casa en Casimiro Chovel #s/n, Col. Ampliación Bellavista, Iztapalapa, DF / CDMX, México, C.P. 09860, ID: 30110933",3 Recámaras | 2 Baños | 114 m 2,https://propiedades.com/inmuebles/casa-en-venta-casimiro-chovel-sn-ampliacion-bellavista-df-30110933#pagina=18&tipos=casas-venta&area=ciudad-de-mexico&pos=22
Ciudad De Mexico,18,"$599,700
MXN","Casa en venta, Cda. Francia 6, San Simón Tolnahuac, Cuauhtémoc, 06920 Ciudad de México, CDMX #6, Col. San Simón Tolnahuac, Cuauhtémoc, DF / CDMX, México, C.P. 06920, ID: 30324620",2 Recámaras | 2 Baños | 140 m 2,https://propiedades.com/inmuebles/casa-en-venta-cda-francia-6-san-simon-tolnahuac-cuauhtemoc-06920-ciudad-de-mexico-cdmx-6-san-simon-tolnahuac-df-30324620#pagina=18&tipos=casas-venta&area=ciudad-de-mexico&pos=23
Ciudad De Mexico,18,"$8,700,000
MXN","Venta casa en C. Eligio Ancona 280, Sta María la Ribera, Cuauhtémoc, 06400 Ciudad de México, CDMX #280, Col. Santa Maria La Ribera, Cuauhtémoc, DF / CDMX, México, C.P. 06400, ID: 30308811",3 Recámaras | 2 Baños | 297 m 2,
Ciudad De Mexico,18,"$6,900,000
MXN","Salaverry, Ciudad de México, CDMX #143, Col. Residencial Zacatenco, Gustavo A. Madero, DF / CDMX, México, C.P. 07369, ID: 30287523",8 Recámaras | 7 Baños | 238 m 2,https://propiedades.com/inmuebles/casa-en-venta-salaverry-ciudad-de-mexico-cdmx-143-residencial-zacatenco-df-30287523#pagina=18&tipos=casas-venta&area=ciudad-de-mexico&pos=25
Ciudad De Mexico,18,"$2,700,000
MXN","Casa disponible en venta en Calle N , Col. Alianza Popular Revolucionaria, Coyoacán, DF / CDMX, México, C.P. 04800, ID: 29713389",3 Recámaras | 3 Baños | 180 m 2,https://propiedades.com/inmuebles/casa-en-venta-calle-n-alianza-popular-revolucionaria-df-29713389#pagina=18&tipos=casas-venta&area=ciudad-de-mexico&pos=26
Ciudad De Mexico,18,"$8,700,000
MXN","Venta de casa Col. Villa Lázaro Cárdenas, Tlalpan, DF / CDMX, México, C.P. 14370, ID: 30393820",3 Recámaras | 2 Baños | 400 m 2,https://propiedades.com/inmuebles/casa-en-venta-villa-lazaro-cardenas-df-30393820#pagina=18&tipos=casas-venta&area=ciudad-de-mexico&pos=27
Ciudad De Mexico,18,"$10,000,000
MXN","Av. Sta. Ana 187-int. 1, Coapa, Presidentes Ejidales 1ra Secc, Coyoacán, 04470 Ciudad de México, CDM #187, Col. Presidentes Ejidales 2a Sección, Coyoacán, DF / CDMX, México, C.P. 04470, ID: 30241213",5 Recámaras | 5 Baños | 300 m 2,https://propiedades.com/inmuebles/casa-en-venta-av-sta-ana-187int-1-coapa-presidentes-ejidales-1ra-secc-coyoacan-04470-ciudad-de-mexico-cdm-187-presidentes-ejidales-2a-seccion-df-30241213#pagina=18&tipos=casas-venta&area=ciudad-de-mexico&pos=28
Ciudad De Mexico,18,"$3,750,000
MXN","Casa en venta, Calle Melchor Pérez de Soto, Col. Miguel Hidalgo 3A Sección, Tlalpan, DF / CDMX, México, C.P. 14250, ID: 28970787",3 Recámaras | 2 Baños,https://propiedades.com/inmuebles/casa-en-venta-calle-melchor-perez-de-soto-miguel-hidalgo-3a-seccion-df-28970787#pagina=18&tipos=casas-venta&area=ciudad-de-mexico&pos=29
Ciudad De Mexico,18,"$5,250,000
MXN","Casa disponible en venta en 3er Parque las Águilas, Ciudad de México, CDMX #s/n, Col. Las Aguilas 3er Parque, Álvaro Obregón, DF / CDMX, México, C.P. 01750, ID: 30826838",4 Recámaras | 3 Baños | 150 m 2,https://propiedades.com/inmuebles/casa-en-venta-3er-parque-las-aguilas-ciudad-de-mexico-cdmx-sn-las-aguilas-3er-parque-df-30826838#pagina=18&tipos=casas-venta&area=ciudad-de-mexico&pos=30
Ciudad De Mexico,18,"$3,300,000
MXN","Iztapalapa, 09300 Ciudad de México, CDMX #s/n, Col. Guadalupe del Moral, Iztapalapa, DF / CDMX, México, C.P. 09300, ID: 30555394",4 Recámaras | 4 Baños | 208 m 2,https://propiedades.com/inmuebles/casa-en-venta-iztapalapa-09300-ciudad-de-mexico-cdmx-sn-guadalupe-del-moral-df-30555394#pagina=18&tipos=casas-venta&area=ciudad-de-mexico&pos=31
Ciudad De Mexico,18,"$62,957,000
MXN","Venta de casa Cda. Millet 13, Extremadura Insurgentes, Benito Juárez, 03740 Ciudad de México, CDMX #13, Col. Extremadura Insurgentes, Benito Juárez, DF / CDMX, México, C.P. 03740, ID: 30241442",9 Recámaras | 9 Baños | 1121 m 2,https://propiedades.com/inmuebles/casa-en-venta-cda-millet-13-extremadura-insurgentes-benito-juarez-03740-ciudad-de-mexico-cdmx-13-extremadura-insurgentes-df-30241442#pagina=18&tipos=casas-venta&area=ciudad-de-mexico&pos=32
Ciudad De Mexico,18,"$14,980,000
MXN","Se vende casa Calle Pitágoras 1706 #1706, Col. Letrán Valle, Benito Juárez, DF / CDMX, México, C.P. 03650, ID: 29738319",4 Recámaras | 3 Baños | 321 m 2,https://propiedades.com/inmuebles/casa-en-venta-calle-pitagoras-1706-1706-letran-valle-df-29738319#pagina=18&tipos=casas-venta&area=ciudad-de-mexico&pos=33
Ciudad De Mexico,18,"$13,000,000
MXN","Venta de casa en Cda. Arenal, Colinas del Bosque, Ciudad de México, CDMX #671, Col. Las Tórtolas, Tlalpan, DF / CDMX, México, C.P. 14609, ID: 30287813",3 Recámaras | 5 Baños | 300 m 2,https://propiedades.com/inmuebles/casa-en-venta-cda-arenal-colinas-del-bosque-ciudad-de-mexico-cdmx-671-las-tortolas-df-30287813#pagina=18&tipos=casas-venta&area=ciudad-de-mexico&pos=34
Ciudad De Mexico,18,"$10,700,000
MXN","Venta de casa en Lago Catemaco 13 #13, Col. Anahuac II Sección, Miguel Hidalgo, DF / CDMX, México, C.P. 11320, ID: 30157850",3 Recámaras | 2 Baños | 241 m 2,https://propiedades.com/inmuebles/casa-en-venta-lago-catemaco-13-13-anahuac-ii-seccion-df-30157850#pagina=18&tipos=casas-venta&area=ciudad-de-mexico&pos=35
Ciudad De Mexico,18,"$990,000
MXN","Venta de casa Avenida Clavería 113 #113, Col. Clavería, Azcapotzalco, DF / CDMX, México, C.P. 02080, ID: 30191161",4 Recámaras | 2 Baños | 360 m 2,https://propiedades.com/inmuebles/casa-en-venta-avenida-claveria-113-113-claveria-df-30191161#pagina=18&tipos=casas-venta&area=ciudad-de-mexico&pos=36
Ciudad De Mexico,18,"$7,900,000
MXN","Francisco Olaguibel, Col. Obrera, Cuauhtémoc, DF / CDMX, México, C.P. 06800, ID: 30037835",9 Recámaras | 4 Baños | 344 m 2,https://propiedades.com/inmuebles/casa-en-venta-francisco-olaguibel-obrera-df-30037835#pagina=18&tipos=casas-venta&area=ciudad-de-mexico&pos=37
Ciudad De Mexico,18,"$8,500,000
MXN","Casa en venta disponible en Col del Valle Centro, Ciudad de México, CDMX, Col. Del Valle Centro, Benito Juárez, DF / CDMX, México, C.P. 03100, ID: 30775483",2 Recámaras | 2 Baños | 192 m 2,https://propiedades.com/inmuebles/casa-en-venta-col-del-valle-centro-ciudad-de-mexico-cdmx-del-valle-centro-df-30775483#pagina=18&tipos=casas-venta&area=ciudad-de-mexico&pos=38
Ciudad De Mexico,18,"$7,143,498
MXN","Casa disponible en venta en Figaro & Amatenango, Cuchilla de Padierna, 14220 Ciudad de México, CDMX, Col. Cuchilla de Padierna, Tlalpan, DF / CDMX, México, C.P. 14220, ID: 30736419",3 Recámaras | 3 Baños | 318 m 2,https://propiedades.com/inmuebles/casa-en-venta-figaro-amatenango-cuchilla-de-padierna-14220-ciudad-de-mexico-cdmx-cuchilla-de-padierna-df-30736419#pagina=18&tipos=casas-venta&area=ciudad-de-mexico&pos=39
Ciudad De Mexico,18,"$7,000,000
MXN","Venta de casa en Sucila 231 #231Int. 2, Col. Jardines del Ajusco, Tlalpan, DF / CDMX, México, C.P. 14200, ID: 30024781",4 Recámaras | 4 Baños | 320 m 2,https://propiedades.com/inmuebles/casa-en-venta-sucila-231-231-jardines-del-ajusco-df-30024781#pagina=18&tipos=casas-venta&area=ciudad-de-mexico&pos=40
Ciudad De Mexico,18,"$750,000
MXN","Calle Lago Kolind 10 #10, Col. Pensil Norte, Miguel Hidalgo, DF / CDMX, México, C.P. 11430, ID: 30132980",5 Recámaras | 1 Baño | 83 m 2,https://propiedades.com/inmuebles/casa-en-venta-calle-lago-kolind-10-10-pensil-norte-df-30132980#pagina=18&tipos=casas-venta&area=ciudad-de-mexico&pos=41
Ciudad De Mexico,18,"$635,000
MXN","Acerina #s/n, Col. Estrella, Gustavo A. Madero, DF / CDMX, México, C.P. 07810, ID: 29374181",3 Recámaras | 2 Baños | 133 m 2,
Ciudad De Mexico,18,"$7,000,000
USD","Se vende casa , Col. Lomas de Chapultepec V Sección, Miguel Hidalgo, DF / CDMX, México, C.P. 11000, ID: 28941826",5 Recámaras | 9 Baños | 1519 m 2,https://propiedades.com/inmuebles/casa-en-venta-lomas-de-chapultepec-v-seccion-df-28941826#pagina=18&tipos=casas-venta&area=ciudad-de-mexico&pos=43
Ciudad De Mexico,18,"$7,960,000
MXN","Rancho Vista Hermosa, Col. Campestre Coyoacán, Coyoacán, DF / CDMX, México, C.P. 04938, ID: 28848338",4 Recámaras | 3 Baños | 226 m 2,https://propiedades.com/inmuebles/casa-en-venta-rancho-vista-hermosa-campestre-coyoacan-df-28848338#pagina=18&tipos=casas-venta&area=ciudad-de-mexico&pos=44
Ciudad De Mexico,18,"$53,800,000
MXN","Venta de casa Lluvia, Col. Jardines del Pedregal, Álvaro Obregón, DF / CDMX, México, C.P. 01900, ID: 26931009",4 Recámaras | 4 Baños | 723 m 2,
Ciudad De Mexico,18,"$7,495,000
MXN","Venta de casa Libra 97 #97, Col. Prado Churubusco, Coyoacán, DF / CDMX, México, C.P. 04230, ID: 30110975",4 Recámaras | 2 Baños | 287 m 2,https://propiedades.com/inmuebles/casa-en-venta-libra-97-97-prado-churubusco-df-30110975#pagina=18&tipos=casas-venta&area=ciudad-de-mexico&pos=46
Ciudad De Mexico,18,"$7,000,000
MXN","Rabaul 457 #457, Col. Sindicato Mexicano de Electricistas, Azcapotzalco, DF / CDMX, México, C.P. 02060, ID: 28469067",4 Recámaras | 3 Baños | 250 m 2,https://propiedades.com/inmuebles/casa-en-venta-rabaul-457-457-sindicato-mexicano-de-electricistas-df-28469067#pagina=18&tipos=casas-venta&area=ciudad-de-mexico&pos=47
Ciudad De Mexico,19,"$6,750,000
MXN","Alhelíes, Col. Mirador I, Tlalpan, DF / CDMX, México, C.P. 14748, ID: 29926011",3 Recámaras | 3 Baños | 300 m 2,https://propiedades.com/inmuebles/casa-en-venta-alhelies-mirador-i-df-29926011#pagina=19&tipos=casas-venta&area=ciudad-de-mexico&pos=1
Ciudad De Mexico,19,"$3,400,000
MXN","Casa disponible en venta en Av. Canal del Moral, Guadalupe del Moral, Ciudad de México, CDMX #s/n, Col. Guadalupe del Moral, Iztapalapa, DF / CDMX, México, C.P. 09300, ID: 30267060",3 Recámaras | 2 Baños | 72 m 2,https://propiedades.com/inmuebles/casa-en-venta-av-canal-del-moral-guadalupe-del-moral-ciudad-de-mexico-cdmx-sn-guadalupe-del-moral-df-30267060#pagina=19&tipos=casas-venta&area=ciudad-de-mexico&pos=2
Ciudad De Mexico,19,"$7,790,000
MXN","Casa en venta, P.º Cedros, Paseos de Taxqueña, 04250 Ciudad de México, CDMX, Col. Paseos de Taxqueña, Coyoacán, DF / CDMX, México, C.P. 04250, ID: 30246594",3 Recámaras | 2 Baños | 186 m 2,https://propiedades.com/inmuebles/casa-en-venta-p-cedros-paseos-de-taxquena-04250-ciudad-de-mexico-cdmx-paseos-de-taxquena-df-30246594#pagina=19&tipos=casas-venta&area=ciudad-de-mexico&pos=3
Ciudad De Mexico,19,"$8,190,000
MXN","Venta de casa en Colina del Sur, Ciudad de México, CDMX #s/n, Col. Colina del Sur, Álvaro Obregón, DF / CDMX, México, C.P. 01430, ID: 29224352",5 Recámaras | 5 Baños | 303 m 2,https://propiedades.com/inmuebles/casa-en-venta-colina-del-sur-ciudad-de-mexico-cdmx-sn-colina-del-sur-df-29224352#pagina=19&tipos=casas-venta&area=ciudad-de-mexico&pos=4
Ciudad De Mexico,19,"$4,134,078
MXN","Casa disponible en venta en El Greco 66, Nonoalco, Benito Juárez, 03700 Ciudad de México, CDMX #66, Col. Santa Maria Nonoalco, Benito Juárez, DF / CDMX, México, C.P. 03700, ID: 30277767",3 Recámaras | 2 Baños | 200 m 2,https://propiedades.com/inmuebles/casa-en-venta-el-greco-66-nonoalco-benito-juarez-03700-ciudad-de-mexico-cdmx-66-santa-maria-nonoalco-df-30277767#pagina=19&tipos=casas-venta&area=ciudad-de-mexico&pos=5
Ciudad De Mexico,19,"$5,500,000
MXN","Venta casa en Lomas de Padierna, Ciudad de México, CDMX #s/nInt. Na, Col. Lomas de Padierna, Tlalpan, DF / CDMX, México, C.P. 14240, ID: 30844408",4 Recámaras | 5 Baños | 284 m 2,https://propiedades.com/inmuebles/casa-en-venta-lomas-de-padierna-ciudad-de-mexico-cdmx-sn-lomas-de-padierna-df-30844408#pagina=19&tipos=casas-venta&area=ciudad-de-mexico&pos=6
Ciudad De Mexico,19,"$12,500,000
MXN","Casa en venta, 2a de Batan, Col. Lomas de San Ángel Inn, Álvaro Obregón, DF / CDMX, México, C.P. 01790, ID: 29850166",4 Recámaras | 2 Baños | 350 m 2,https://propiedades.com/inmuebles/casa-en-venta-2a-de-batan-lomas-de-san-angel-inn-df-29850166#pagina=19&tipos=casas-venta&area=ciudad-de-mexico&pos=7
Ciudad De Mexico,19,"$2,300,000
MXN","Pto. Zihuatanejo, Casas Alemán, Ciudad de México, CDMX #28, Col. Ampliación Casas Alemán, Gustavo A. Madero, DF / CDMX, México, C.P. 07580, ID: 30626903",1 Recámara | 1 Baño | 134 m 2,https://propiedades.com/inmuebles/casa-en-venta-pto-zihuatanejo-casas-aleman-ciudad-de-mexico-cdmx-28-ampliacion-casas-aleman-df-30626903#pagina=19&tipos=casas-venta&area=ciudad-de-mexico&pos=8
Ciudad De Mexico,19,"$6,000,000
MXN","Saavedra del Razo, Col. Los Cipreses, Coyoacán, DF / CDMX, México, C.P. 04830, ID: 30082642",5 Recámaras | 3 Baños | 310 m 2,https://propiedades.com/inmuebles/casa-en-venta-saavedra-del-razo-los-cipreses-df-30082642#pagina=19&tipos=casas-venta&area=ciudad-de-mexico&pos=9
Ciudad De Mexico,19,"$7,500,000
MXN","Venta de casa en Calz. de las Carretas 225, Colina del Sur, Álvaro Obregón, 01430 Ciudad de México, CDMX #225, Col. Colina del Sur, Álvaro Obregón, DF / CDMX, México, C.P. 01430, ID: 30296596",3 Recámaras | 3 Baños | 490 m 2,https://propiedades.com/inmuebles/casa-en-venta-calz-de-las-carretas-225-colina-del-sur-alvaro-obregon-01430-ciudad-de-mexico-cdmx-225-colina-del-sur-df-30296596#pagina=19&tipos=casas-venta&area=ciudad-de-mexico&pos=10
Ciudad De Mexico,19,"$1,150,000
MXN","Venta casa en alejandria #29, Col. Clavería, Azcapotzalco, DF / CDMX, México, C.P. 02080, ID: 27664165",4 Recámaras | 3 Baños | 251 m 2,
Ciudad De Mexico,19,"$16,999,000
MXN","Venta de casa Presa Tres Palos #150, Col. Irrigación, Miguel Hidalgo, DF / CDMX, México, C.P. 11500, ID: 30663676",3 Recámaras | 3 Baños | 400 m 2,https://propiedades.com/inmuebles/casa-en-venta-presa-tres-palos-150-irrigacion-df-30663676#pagina=19&tipos=casas-venta&area=ciudad-de-mexico&pos=12
Ciudad De Mexico,19,"$2,080,000
MXN","Casa disponible en venta en Gustavo A. Madero, Ciudad de México, CDMX #s/n, Col. Tepeyac Insurgentes, Gustavo A. Madero, DF / CDMX, México, C.P. 07020, ID: 29104165",3 Recámaras | 3 Baños | 98 m 2,https://propiedades.com/inmuebles/casa-en-venta-gustavo-a-madero-ciudad-de-mexico-cdmx-sn-tepeyac-insurgentes-df-29104165#pagina=19&tipos=casas-venta&area=ciudad-de-mexico&pos=13
Ciudad De Mexico,19,"$12,900,000
MXN","MONTE ALBAN, Col. Napoles, Benito Juárez, DF / CDMX, México, C.P. 03810, ID: 28606890",7 Recámaras | 6 Baños | 432 m 2,https://propiedades.com/inmuebles/casa-en-venta-monte-alban-napoles-df-28606890#pagina=19&tipos=casas-venta&area=ciudad-de-mexico&pos=14
Ciudad De Mexico,19,"$9,900,000
MXN","Casa en venta, Calle Cruz Verde, Col. Lomas Quebradas, La Magdalena Contreras, DF / CDMX, México, C.P. 10000, ID: 30096173",3 Recámaras | 4 Baños | 498 m 2,https://propiedades.com/inmuebles/casa-en-venta-calle-cruz-verde-lomas-quebradas-df-30096173#pagina=19&tipos=casas-venta&area=ciudad-de-mexico&pos=15
Ciudad De Mexico,19,"$22,990,000
MXN","Venta de casa Bosques de las Lomas, Ciudad de México, CDMX, Col. Bosques de las Lomas, Cuajimalpa de Morelos, DF / CDMX, México, C.P. 05120, ID: 30396635",4 Recámaras | 4 Baños | 550 m 2,https://propiedades.com/inmuebles/casa-en-venta-bosques-de-las-lomas-ciudad-de-mexico-cdmx-bosques-de-las-lomas-df-30396635#pagina=19&tipos=casas-venta&area=ciudad-de-mexico&pos=16
Ciudad De Mexico,19,"$18,000,000
MXN","Casa en venta, Gómez Palacio 167, Hipódromo Condesa, Cuauhtémoc, 06170 Ciudad de México, CDMX #167, Col. Hipódromo Condesa, Cuauhtémoc, DF / CDMX, México, C.P. 06170, ID: 30290871",7 Recámaras | 4 Baños | 180 m 2,https://propiedades.com/inmuebles/casa-en-venta-gomez-palacio-167-hipodromo-condesa-cuauhtemoc-06170-ciudad-de-mexico-cdmx-167-hipodromo-condesa-df-30290871#pagina=19&tipos=casas-venta&area=ciudad-de-mexico&pos=17
Ciudad De Mexico,19,"$17,000,000
MXN","Hidalgo, Col. Tlalpan Centro, Tlalpan, DF / CDMX, México, C.P. 14000, ID: 23288732",3 Recámaras | 2 Baños | 388 m 2,
Ciudad De Mexico,19,"$1,990,000
MXN","Humberto G. Tamayo, Cabeza de Juárez X, 09208 Ciudad de México, CDMX #19Int. Frente 9, Col. Chinampac de Juárez, Iztapalapa, DF / CDMX, México, C.P. 09208, ID: 30838437",3 Recámaras | 3 Baños | 183 m 2,https://propiedades.com/inmuebles/casa-en-venta-humberto-g-tamayo-cabeza-de-juarez-x-09208-ciudad-de-mexico-cdmx-19-chinampac-de-juarez-df-30838437#pagina=19&tipos=casas-venta&area=ciudad-de-mexico&pos=19
Ciudad De Mexico,19,"$2,600,000
MXN","Cerrada Playa Tenacatita 52 #52, Col. Santiago Sur, Iztacalco, DF / CDMX, México, C.P. 08800, ID: 29886502",3 Recámaras | 3 Baños | 224 m 2,https://propiedades.com/inmuebles/casa-en-venta-cerrada-playa-tenacatita-52-52-santiago-sur-df-29886502#pagina=19&tipos=casas-venta&area=ciudad-de-mexico&pos=20
Ciudad De Mexico,19,"$33,475,000
MXN","Casa en venta, Bosque de Capulines 227, Bosque de las Lomas, Miguel Hidalgo, 11700 Ciudad de México, CDMX #227, Col. Bosque de las Lomas, Miguel Hidalgo, DF / CDMX, México, C.P. 11700, ID: 30378693",4 Recámaras | 4 Baños | 733 m 2,https://propiedades.com/inmuebles/casa-en-venta-bosque-de-capulines-227-bosque-de-las-lomas-miguel-hidalgo-11700-ciudad-de-mexico-cdmx-227-bosque-de-las-lomas-df-30378693#pagina=19&tipos=casas-venta&area=ciudad-de-mexico&pos=21
Ciudad De Mexico,19,"$11,750,000
MXN","Venta de casa en Cto. Fuentes del Pedregal 499, Fuentes del Pedregal, Tlalpan, 14140 Ciudad de México, CDMX #499, Col. Fuentes del Pedregal, Tlalpan, DF / CDMX, México, C.P. 14140, ID: 30296602",4 Recámaras | 3 Baños | 500 m 2,https://propiedades.com/inmuebles/casa-en-venta-cto-fuentes-del-pedregal-499-fuentes-del-pedregal-tlalpan-14140-ciudad-de-mexico-cdmx-499-fuentes-del-pedregal-df-30296602#pagina=19&tipos=casas-venta&area=ciudad-de-mexico&pos=22
Ciudad De Mexico,19,"$6,200,000
MXN","Casa en venta disponible en Hecelchakán, Lomas Hidalgo, Ciudad de México, CDMX, Col. Lomas Hidalgo, Tlalpan, DF / CDMX, México, C.P. 14240, ID: 30259349",4 Recámaras | 4 Baños | 270 m 2,https://propiedades.com/inmuebles/casa-en-ambos-hecelchakan-lomas-hidalgo-ciudad-de-mexico-cdmx-lomas-hidalgo-df-30259349#pagina=19&tipos=casas-venta&area=ciudad-de-mexico&pos=23
Ciudad De Mexico,19,"$10,990,000
MXN","Casa disponible en venta en Barranquilla, Lindavista Nte., 07300 Ciudad de México, CDMX #102, Col. Lindavista Norte, Gustavo A. Madero, DF / CDMX, México, C.P. 07300, ID: 30259353",4 Recámaras | 2 Baños | 298 m 2,https://propiedades.com/inmuebles/casa-en-venta-barranquilla-lindavista-nte-07300-ciudad-de-mexico-cdmx-102-lindavista-norte-df-30259353#pagina=19&tipos=casas-venta&area=ciudad-de-mexico&pos=24
Ciudad De Mexico,19,"$4,300,000
MXN","Casa en venta disponible en , Col. Lindavista Sur, Gustavo A. Madero, DF / CDMX, México, C.P. 07300, ID: 29252143",3 Recámaras | 2 Baños | 160 m 2,https://propiedades.com/inmuebles/casa-en-venta-lindavista-sur-df-29252143#pagina=19&tipos=casas-venta&area=ciudad-de-mexico&pos=25
Ciudad De Mexico,19,"$6,290,000
MXN","Casa disponible en venta en Rtno 4, Avante, 04460 Ciudad de México, CDMX #s/n, Col. Avante, Coyoacán, DF / CDMX, México, C.P. 04460, ID: 30456329",4 Recámaras | 3 Baños | 220 m 2,https://propiedades.com/inmuebles/casa-en-venta-rtno-4-avante-04460-ciudad-de-mexico-cdmx-sn-avante-df-30456329#pagina=19&tipos=casas-venta&area=ciudad-de-mexico&pos=26
Ciudad De Mexico,19,"$9,400,000
MXN","Venta casa en Calle Lira 18 #18, Col. Prados de Coyoacán, Coyoacán, DF / CDMX, México, C.P. 04810, ID: 30186264",8 Recámaras | 5 Baños | 230 m 2,https://propiedades.com/inmuebles/casa-en-venta-calle-lira-18-18-prados-de-coyoacan-df-30186264#pagina=19&tipos=casas-venta&area=ciudad-de-mexico&pos=27
Ciudad De Mexico,19,"$6,700,000
MXN","Se vende casa en Barrió san Francisco , Col. Barrio San Francisco, La Magdalena Contreras, DF / CDMX, México, C.P. 10500, ID: 29404405",3 Recámaras | 3 Baños | 250 m 2,https://propiedades.com/inmuebles/casa-en-ambos-barrio-san-francisco-barrio-san-francisco-df-29404405#pagina=19&tipos=casas-venta&area=ciudad-de-mexico&pos=28
Ciudad De Mexico,19,"$12,900,000
MXN","agapando, Col. Jardines de Coyoacán, Coyoacán, DF / CDMX, México, C.P. 04890, ID: 28813028",3 Recámaras | 5 Baños | 411 m 2,https://propiedades.com/inmuebles/casa-en-venta-agapando-jardines-de-coyoacan-df-28813028#pagina=19&tipos=casas-venta&area=ciudad-de-mexico&pos=29
Ciudad De Mexico,19,"$10,500,000
MXN","Casa en venta, S, Col. San Jerónimo Lídice, La Magdalena Contreras, DF / CDMX, México, C.P. 10200, ID: 28475055",4 Recámaras | 285 m 2,https://propiedades.com/inmuebles/casa-en-venta-s-san-jeronimo-lidice-df-28475055#pagina=19&tipos=casas-venta&area=ciudad-de-mexico&pos=30
Ciudad De Mexico,19,"$3,500,000
MXN","Se vende casa en Insurgentes, Iztapalapa, 09750 Ciudad de México, CDMX #12, Col. Insurgentes, Iztapalapa, DF / CDMX, México, C.P. 09750, ID: 30795300",3 Recámaras | 2 Baños | 176 m 2,https://propiedades.com/inmuebles/casa-en-venta-insurgentes-iztapalapa-09750-ciudad-de-mexico-cdmx-12-insurgentes-df-30795300#pagina=19&tipos=casas-venta&area=ciudad-de-mexico&pos=31
Ciudad De Mexico,19,"$3,672,000
MXN","Venta de casa en C. 4, Puerta Grande, Ciudad de México, CDMX #s/n, Col. Lomas de Puerta Grande, Álvaro Obregón, DF / CDMX, México, C.P. 01630, ID: 30296212",3 Recámaras | 2 Baños | 191 m 2,https://propiedades.com/inmuebles/casa-en-venta-c-4-puerta-grande-ciudad-de-mexico-cdmx-sn-lomas-de-puerta-grande-df-30296212#pagina=19&tipos=casas-venta&area=ciudad-de-mexico&pos=32
Ciudad De Mexico,19,"$6,300,000
MXN","Casa en venta disponible en ALVARO OBREGON, Col. Nueva Santa Anita, Iztacalco, DF / CDMX, México, C.P. 08210, ID: 25120854",9 Recámaras | 5 Baños | 323 m 2,https://propiedades.com/inmuebles/casa-en-venta-alvaro-obregon-nueva-santa-anita-df-25120854#pagina=19&tipos=casas-venta&area=ciudad-de-mexico&pos=33
Ciudad De Mexico,19,"$1,784,194
MXN","Se vende casa Gustavo A. Madero, Ciudad de México, CDMX #s/n, Col. Tepeyac Insurgentes, Gustavo A. Madero, DF / CDMX, México, C.P. 07020, ID: 30158222",3 Recámaras | 1 Baño | 103 m 2,https://propiedades.com/inmuebles/casa-en-venta-gustavo-a-madero-ciudad-de-mexico-cdmx-sn-tepeyac-insurgentes-df-30158222#pagina=19&tipos=casas-venta&area=ciudad-de-mexico&pos=34
Ciudad De Mexico,19,"$15,000,000
MXN","Amores 1113, Col del Valle Centro, Benito Juárez, 03100 Ciudad de México, CDMX #1113, Col. Insurgentes San Borja, Benito Juárez, DF / CDMX, México, C.P. 03100, ID: 30258481",3 Recámaras | 4 Baños | 365 m 2,https://propiedades.com/inmuebles/casa-en-venta-amores-1113-col-del-valle-centro-benito-juarez-03100-ciudad-de-mexico-cdmx-1113-insurgentes-san-borja-df-30258481#pagina=19&tipos=casas-venta&area=ciudad-de-mexico&pos=35
Ciudad De Mexico,19,"$5,999,000
MXN","Casa disponible en venta en Cda. Monte Albán, Jesús del Monte, 05260 Ciudad de México, CDMX #68, Col. Jesús del Monte, Cuajimalpa de Morelos, DF / CDMX, México, C.P. 05260, ID: 30626729",3 Recámaras | 2 Baños | 176 m 2,https://propiedades.com/inmuebles/casa-en-venta-cda-monte-alban-jesus-del-monte-05260-ciudad-de-mexico-cdmx-68-jesus-del-monte-df-30626729#pagina=19&tipos=casas-venta&area=ciudad-de-mexico&pos=36
Ciudad De Mexico,19,"$1,850,000
MXN","Ozoloapan #176, Col. Los Padres, La Magdalena Contreras, DF / CDMX, México, C.P. 10340, ID: 30210230",5 Recámaras | 3 Baños | 189 m 2,https://propiedades.com/inmuebles/casa-en-venta-ozoloapan-176-los-padres-df-30210230#pagina=19&tipos=casas-venta&area=ciudad-de-mexico&pos=37
Ciudad De Mexico,19,"$9,200,000
MXN","Venta de casa Pujato, Lindavista Nte., 07300 Ciudad de México, CDMX #39, Col. Lindavista Norte, Gustavo A. Madero, DF / CDMX, México, C.P. 07300, ID: 30783860",3 Recámaras | 2 Baños | 190 m 2,https://propiedades.com/inmuebles/casa-en-venta-pujato-lindavista-nte-07300-ciudad-de-mexico-cdmx-39-lindavista-norte-df-30783860#pagina=19&tipos=casas-venta&area=ciudad-de-mexico&pos=38
Ciudad De Mexico,19,"$3,700,000
MXN","Venta de casa C. Jalisco, Chalma de Guadalupe, 07210 Ciudad de México, CDMX #13, Col. Chalma de Guadalupe, Gustavo A. Madero, DF / CDMX, México, C.P. 07210, ID: 30666060",5 Recámaras | 2 Baños | 250 m 2,https://propiedades.com/inmuebles/casa-en-venta-c-jalisco-chalma-de-guadalupe-07210-ciudad-de-mexico-cdmx-13-chalma-de-guadalupe-df-30666060#pagina=19&tipos=casas-venta&area=ciudad-de-mexico&pos=39
Ciudad De Mexico,19,"$7,590,000
MXN","Venta de casa en Andrés Molina Enriquez #s/n, Col. Reforma Iztaccihuatl Norte, Iztacalco, DF / CDMX, México, C.P. 08810, ID: 30096292",5 Recámaras | 3 Baños | 301 m 2,https://propiedades.com/inmuebles/casa-en-venta-andres-molina-enriquez-sn-reforma-iztaccihuatl-norte-df-30096292#pagina=19&tipos=casas-venta&area=ciudad-de-mexico&pos=40
Ciudad De Mexico,19,"$13,500,000
MXN","Pirámides de Egipto 208-casa 4, Residencial Elite, Siete Maravillas, Gustavo A. Madero, 07707 Ciudad #208, Col. Siete Maravillas, Gustavo A. Madero, DF / CDMX, México, C.P. 07707, ID: 30696604",3 Recámaras | 3 Baños | 267 m 2,https://propiedades.com/inmuebles/casa-en-venta-piramides-de-egipto-208casa-4-residencial-elite-siete-maravillas-gustavo-a-madero-07707-ciudad-208-siete-maravillas-df-30696604#pagina=19&tipos=casas-venta&area=ciudad-de-mexico&pos=41
Ciudad De Mexico,19,"$15,000,000
USD","Venta casa en , Col. Lomas de Chapultepec V Sección, Miguel Hidalgo, DF / CDMX, México, C.P. 11000, ID: 28941825",5 Recámaras | 9 Baños | 1519 m 2,https://propiedades.com/inmuebles/casa-en-venta-lomas-de-chapultepec-v-seccion-df-28941825#pagina=19&tipos=casas-venta&area=ciudad-de-mexico&pos=42
Ciudad De Mexico,19,"$13,400,000
MXN","Venta de casa en Av. Insurgentes Sur 5341 Chimalcoyoc, Ciudad de México, CDMX #5341, Col. Chimalcoyoc, Tlalpan, DF / CDMX, México, C.P. 14630, ID: 29814020",5 Recámaras | 3 Baños | 463 m 2,https://propiedades.com/inmuebles/casa-en-venta-av-insurgentes-sur-5341-chimalcoyoc-ciudad-de-mexico-cdmx-5341-chimalcoyoc-df-29814020#pagina=19&tipos=casas-venta&area=ciudad-de-mexico&pos=43
Ciudad De Mexico,19,"$5,310,000
MXN","Pomuch #186, Col. Lomas de Padierna, Tlalpan, DF / CDMX, México, C.P. 14240, ID: 30255688",4 Recámaras | 3 Baños | 250 m 2,
Ciudad De Mexico,19,"$5,500,000
MXN","Av. 4 435, Puebla, Venustiano Carranza, 15020 Ciudad de México, CDMX #435, Col. Puebla, Venustiano Carranza, DF / CDMX, México, C.P. 15020, ID: 30661002",5 Recámaras | 3 Baños | 200 m 2,https://propiedades.com/inmuebles/casa-en-venta-av-4-435-puebla-venustiano-carranza-15020-ciudad-de-mexico-cdmx-435-puebla-df-30661002#pagina=19&tipos=casas-venta&area=ciudad-de-mexico&pos=45
Ciudad De Mexico,19,"$4,500,000
MXN","Se vende casa en Plan de Tuxtepec #57, Col. San Lorenzo La Cebada, Xochimilco, DF / CDMX, México, C.P. 16035, ID: 29796851",4 Recámaras | 3 Baños | 268 m 2,https://propiedades.com/inmuebles/casa-en-venta-plan-de-tuxtepec-57-san-lorenzo-la-cebada-df-29796851#pagina=19&tipos=casas-venta&area=ciudad-de-mexico&pos=46
Ciudad De Mexico,19,"$4,300,000
MXN","Canal Tlicuilli, Barrio 18, 16034 Ciudad de México, CDMX #s/n, Col. 18, Xochimilco, DF / CDMX, México, C.P. 16034, ID: 30516954",4 Recámaras | 3 Baños | 365 m 2,https://propiedades.com/inmuebles/casa-en-venta-canal-tlicuilli-barrio-18-16034-ciudad-de-mexico-cdmx-sn-18-df-30516954#pagina=19&tipos=casas-venta&area=ciudad-de-mexico&pos=47
Ciudad De Mexico,20,"$4,900,000
MXN","Venta casa en Felipe Larios , Col. Santa Cecilia, Tláhuac, DF / CDMX, México, C.P. 13010, ID: 30077564",5 Recámaras | 4 Baños | 416 m 2,https://propiedades.com/inmuebles/casa-en-venta-felipe-larios-santa-cecilia-df-30077564#pagina=20&tipos=casas-venta&area=ciudad-de-mexico&pos=1
Ciudad De Mexico,20,"$10,390,000
MXN","Casa disponible en venta en C, Col. Campestre Churubusco, Coyoacán, DF / CDMX, México, C.P. 04200, ID: 28589146",3 Recámaras | 2 Baños | 299 m 2,https://propiedades.com/inmuebles/casa-en-venta-c-campestre-churubusco-df-28589146#pagina=20&tipos=casas-venta&area=ciudad-de-mexico&pos=2
Ciudad De Mexico,20,"$39,500,000
MXN","Casa disponible en venta en 5, Col. Club de Golf México, Tlalpan, DF / CDMX, México, C.P. 14620, ID: 27936959",4 Recámaras | 3 Baños | 960 m 2,
Ciudad De Mexico,20,"$620,000
MXN","Eje Central Lázaro Cárdenas 202, Guerrero, Cuauhtémoc, 06300 Ciudad de México, CDMX #202, Col. Guerrero, Cuauhtémoc, DF / CDMX, México, C.P. 06300, ID: 30324776",2 Recámaras | 1 Baño | 37 m 2,https://propiedades.com/inmuebles/casa-en-venta-eje-central-lazaro-cardenas-202-guerrero-cuauhtemoc-06300-ciudad-de-mexico-cdmx-202-guerrero-df-30324776#pagina=20&tipos=casas-venta&area=ciudad-de-mexico&pos=4
Ciudad De Mexico,20,"$7,900,000
MXN","Se vende casa en Ejido 130, Santa Cruz Xochitepec, Xochimilco, 16100 Ciudad de México, CDMX #130, Col. Santa Cruz Xochitepec, Xochimilco, DF / CDMX, México, C.P. 16100, ID: 30460233",4 Recámaras | 3 Baños | 250 m 2,https://propiedades.com/inmuebles/casa-en-venta-ejido-130-santa-cruz-xochitepec-xochimilco-16100-ciudad-de-mexico-cdmx-130-santa-cruz-xochitepec-df-30460233#pagina=20&tipos=casas-venta&area=ciudad-de-mexico&pos=5
Ciudad De Mexico,20,"$11,350,000
MXN","Calais, Villa Verdún, 01810 Ciudad de México, CDMX #s/n, Col. Villa Verdún, Álvaro Obregón, DF / CDMX, México, C.P. 01810, ID: 30783841",3 Recámaras | 2 Baños | 264 m 2,https://propiedades.com/inmuebles/casa-en-venta-calais-villa-verdun-01810-ciudad-de-mexico-cdmx-sn-villa-verdun-df-30783841#pagina=20&tipos=casas-venta&area=ciudad-de-mexico&pos=6
Ciudad De Mexico,20,"$17,000,000
MXN","Venta casa en Bosque de Jacarandas, Col. Bosques de las Lomas, Cuajimalpa de Morelos, DF / CDMX, México, C.P. 05120, ID: 28641174",3 Recámaras | 3 Baños | 560 m 2,https://propiedades.com/inmuebles/casa-en-venta-bosque-de-jacarandas-bosques-de-las-lomas-df-28641174#pagina=20&tipos=casas-venta&area=ciudad-de-mexico&pos=7
Ciudad De Mexico,20,"$6,900,000
MXN","Se vende casa Coapa, Granjas Coapa, Ciudad de México, CDMX, Col. Granjas Coapa, Tlalpan, DF / CDMX, México, C.P. 14330, ID: 30724780",3 Recámaras | 2 Baños | 184 m 2,https://propiedades.com/inmuebles/casa-en-venta-coapa-granjas-coapa-ciudad-de-mexico-cdmx-granjas-coapa-df-30724780#pagina=20&tipos=casas-venta&area=ciudad-de-mexico&pos=8
Ciudad De Mexico,20,"$19,000,000
MXN","Venta de casa en José Linares 1609, Col del Valle Sur, Benito Juárez, 03104 Ciudad de México, CDMX #s/n, Col. Del Valle Sur, Benito Juárez, DF / CDMX, México, C.P. 03104, ID: 30676751",8 Recámaras | 4 Baños | 446 m 2,https://propiedades.com/inmuebles/casa-en-venta-jose-linares-1609-col-del-valle-sur-benito-juarez-03104-ciudad-de-mexico-cdmx-sn-del-valle-sur-df-30676751#pagina=20&tipos=casas-venta&area=ciudad-de-mexico&pos=9
Ciudad De Mexico,20,"$7,700,000
MXN","Venta de casa Esmeralda 5 #5, Col. Valle Escondido, Tlalpan, DF / CDMX, México, C.P. 14600, ID: 27978956",3 Recámaras | 3 Baños | 280 m 2,https://propiedades.com/inmuebles/casa-en-venta-esmeralda-5-5-valle-escondido-df-27978956#pagina=20&tipos=casas-venta&area=ciudad-de-mexico&pos=10
Ciudad De Mexico,20,"$4,500,000
MXN","Venta de casa Sur 123 #1920Int. No, Col. Gabriel Ramos Millán, Iztacalco, DF / CDMX, México, C.P. 08730, ID: 30237492",6 Recámaras | 3 Baños | 169 m 2,https://propiedades.com/inmuebles/casa-en-venta-sur-123-1920-gabriel-ramos-millan-df-30237492#pagina=20&tipos=casas-venta&area=ciudad-de-mexico&pos=11
Ciudad De Mexico,20,"$5,800,000
MXN","Casa en venta disponible en Palmera Tropical, Col. El Rosal, La Magdalena Contreras, DF / CDMX, México, C.P. 10600, ID: 29985540",3 Recámaras | 3 Baños | 225 m 2,https://propiedades.com/inmuebles/casa-en-venta-palmera-tropical-el-rosal-df-29985540#pagina=20&tipos=casas-venta&area=ciudad-de-mexico&pos=12
Ciudad De Mexico,20,"$17,980,000
MXN","Se vende casa en B, Col. Bosque de las Lomas, Miguel Hidalgo, DF / CDMX, México, C.P. 11700, ID: 28469440",3 Recámaras | 3 Baños | 455 m 2,https://propiedades.com/inmuebles/casa-en-venta-b-bosque-de-las-lomas-df-28469440#pagina=20&tipos=casas-venta&area=ciudad-de-mexico&pos=13
Ciudad De Mexico,20,"$4,850,000
MXN","Calle Diligencias 233 #233, Col. San Andrés Totoltepec, Tlalpan, DF / CDMX, México, C.P. 14400, ID: 30120886",4 Recámaras | 4 Baños | 312 m 2,https://propiedades.com/inmuebles/casa-en-venta-calle-diligencias-233-233-san-andres-totoltepec-df-30120886#pagina=20&tipos=casas-venta&area=ciudad-de-mexico&pos=14
Ciudad De Mexico,20,"$6,800,000
MXN","Venta casa en Cda. del Moral 27, Tetelpan, Álvaro Obregón, 01700 Ciudad de México, CDMX #s/n, Col. 2a Del Moral del Pueblo de Tetelpan, Álvaro Obregón, DF / CDMX, México, C.P. 01700, ID: 30731097",3 Recámaras | 3 Baños | 198 m 2,https://propiedades.com/inmuebles/casa-en-venta-cda-del-moral-27-tetelpan-alvaro-obregon-01700-ciudad-de-mexico-cdmx-sn-2a-del-moral-del-pueblo-de-tetelpan-df-30731097#pagina=20&tipos=casas-venta&area=ciudad-de-mexico&pos=15
Ciudad De Mexico,20,"$500,000
MXN","Venta de casa en Gral. Heriberto Jara 21, Constitución de 1917, Iztapalapa, 09260 Ciudad de México, CDMX, Col. Constitución de 1917, Iztapalapa, DF / CDMX, México, C.P. 09260, ID: 30563393",3 Recámaras | 1 Baño | 230 m 2,https://propiedades.com/inmuebles/casa-en-venta-gral-heriberto-jara-21-constitucion-de-1917-iztapalapa-09260-ciudad-de-mexico-cdmx-constitucion-de-1917-df-30563393#pagina=20&tipos=casas-venta&area=ciudad-de-mexico&pos=16
Ciudad De Mexico,20,"$24,500,000
MXN","Casa disponible en venta en Pedernal 207, Jardines del Pedregal, Álvaro Obregón, 01900 Ciudad de México, CDMX #207, Col. Jardines del Pedregal, Álvaro Obregón, DF / CDMX, México, C.P. 01900, ID: 30692563",3 Recámaras | 3 Baños | 485 m 2,https://propiedades.com/inmuebles/casa-en-venta-pedernal-207-jardines-del-pedregal-alvaro-obregon-01900-ciudad-de-mexico-cdmx-207-jardines-del-pedregal-df-30692563#pagina=20&tipos=casas-venta&area=ciudad-de-mexico&pos=17
Ciudad De Mexico,20,"$19,000,000
MXN","Col del Valle Sur, 03104 Ciudad de México, CDMX, Col. Del Valle Sur, Benito Juárez, DF / CDMX, México, C.P. 03104, ID: 30551332",4 Recámaras | 4 Baños | 338 m 2,https://propiedades.com/inmuebles/casa-en-venta-col-del-valle-sur-03104-ciudad-de-mexico-cdmx-del-valle-sur-df-30551332#pagina=20&tipos=casas-venta&area=ciudad-de-mexico&pos=18
Ciudad De Mexico,20,"$3,400,000
MXN","Real del Moral, 09010 Ciudad de México, CDMX, Col. Real del Moral, Iztapalapa, DF / CDMX, México, C.P. 09010, ID: 30476290",3 Recámaras | 1 Baño | 70 m 2,https://propiedades.com/inmuebles/casa-en-venta-real-del-moral-09010-ciudad-de-mexico-cdmx-real-del-moral-df-30476290#pagina=20&tipos=casas-venta&area=ciudad-de-mexico&pos=19
Ciudad De Mexico,20,"$6,750,000
MXN","Se vende casa , Col. Alcantarilla, Álvaro Obregón, DF / CDMX, México, C.P. 01729, ID: 29829893",3 Recámaras | 2 Baños | 240 m 2,https://propiedades.com/inmuebles/casa-en-venta-alcantarilla-df-29829893#pagina=20&tipos=casas-venta&area=ciudad-de-mexico&pos=20
Ciudad De Mexico,20,"$1,820,500
MXN","Se vende casa en Cerro San Francisco, Campestre Churubusco, 04200 Ciudad de México, CDMX, Col. Campestre Churubusco, Coyoacán, DF / CDMX, México, C.P. 04200, ID: 30810287",4 Recámaras | 2 Baños | 210 m 2,https://propiedades.com/inmuebles/casa-en-venta-cerro-san-francisco-campestre-churubusco-04200-ciudad-de-mexico-cdmx-campestre-churubusco-df-30810287#pagina=20&tipos=casas-venta&area=ciudad-de-mexico&pos=21
Ciudad De Mexico,20,"$15,200,000
MXN","Venta de casa Cda Guillain #19, Col. Mixcoac, Benito Juárez, DF / CDMX, México, C.P. 03910, ID: 30589420",5 Recámaras | 4 Baños | 937 m 2,https://propiedades.com/inmuebles/casa-en-venta-cda-guillain-19-mixcoac-df-30589420#pagina=20&tipos=casas-venta&area=ciudad-de-mexico&pos=22
Ciudad De Mexico,20,"$7,100,000
MXN","Venta casa en C. 5, San Pedro de los Pinos, 03800 Ciudad de México, CDMX #35Int. 7, Col. San Pedro de los Pinos, Benito Juárez, DF / CDMX, México, C.P. 03800, ID: 30808443",3 Recámaras | 2 Baños | 115 m 2,https://propiedades.com/inmuebles/casa-en-venta-c-5-san-pedro-de-los-pinos-03800-ciudad-de-mexico-cdmx-35-san-pedro-de-los-pinos-df-30808443#pagina=20&tipos=casas-venta&area=ciudad-de-mexico&pos=23
Ciudad De Mexico,20,"$7,150,000
MXN","Alba 50, Insurgentes Cuicuilco, Coyoacán, 04530 Ciudad de México, CDMX #50, Col. Insurgentes Cuicuilco, Coyoacán, DF / CDMX, México, C.P. 04530, ID: 30434180",3 Recámaras | 2 Baños | 175 m 2,https://propiedades.com/inmuebles/casa-en-venta-alba-50-insurgentes-cuicuilco-coyoacan-04530-ciudad-de-mexico-cdmx-50-insurgentes-cuicuilco-df-30434180#pagina=20&tipos=casas-venta&area=ciudad-de-mexico&pos=24
Ciudad De Mexico,20,"$10,000,000
MXN","Se vende casa Profesor Miguel Serrano 13 #13, Col. Insurgentes San Borja, Benito Juárez, DF / CDMX, México, C.P. 03100, ID: 30081698",4 Recámaras | 4 Baños | 191 m 2,https://propiedades.com/inmuebles/casa-en-venta-profesor-miguel-serrano-13-13-insurgentes-san-borja-df-30081698#pagina=20&tipos=casas-venta&area=ciudad-de-mexico&pos=25
Ciudad De Mexico,20,"$3,100,000
MXN","Se vende casa Río Grande, Francisco Villa, 02420 Ciudad de México, CDMX, Col. Francisco Villa, Azcapotzalco, DF / CDMX, México, C.P. 02420, ID: 30844218",3 Recámaras | 2 Baños | 115 m 2,https://propiedades.com/inmuebles/casa-en-venta-rio-grande-francisco-villa-02420-ciudad-de-mexico-cdmx-francisco-villa-df-30844218#pagina=20&tipos=casas-venta&area=ciudad-de-mexico&pos=26
Ciudad De Mexico,20,"$11,000,000
MXN","Se vende casa en Narvarte Poniente, 03020 Ciudad de México, CDMX, Col. Narvarte Poniente, Benito Juárez, DF / CDMX, México, C.P. 03020, ID: 30689290",4 Recámaras | 4 Baños | 321 m 2,https://propiedades.com/inmuebles/casa-en-venta-narvarte-poniente-03020-ciudad-de-mexico-cdmx-narvarte-poniente-df-30689290#pagina=20&tipos=casas-venta&area=ciudad-de-mexico&pos=27
Ciudad De Mexico,20,"$6,550,000
MXN","Casa en venta disponible en Calle 16 #17 BIS, Col. Moctezuma 1a Sección, Venustiano Carranza, DF / CDMX, México, C.P. 15500, ID: 29974303",4 Recámaras | 3 Baños | 437 m 2,https://propiedades.com/inmuebles/casa-en-venta-calle-16-17-bis-moctezuma-1a-seccion-df-29974303#pagina=20&tipos=casas-venta&area=ciudad-de-mexico&pos=28
Ciudad De Mexico,20,"$9,500,000
MXN","Casa en venta, San Jerónimo Lídice, Ciudad de México, CDMX, Col. San Jerónimo Lídice, La Magdalena Contreras, DF / CDMX, México, C.P. 10200, ID: 30534384",2 Recámaras | 2 Baños | 272 m 2,
Ciudad De Mexico,20,"$8,000,000
MXN","Venta casa en Tierra Blanca 20, San Jerónimo Aculco, La Magdalena Contreras, 10400 Ciudad de México, CDMX #20, Col. San Jerónimo Aculco, La Magdalena Contreras, DF / CDMX, México, C.P. 10400, ID: 30241598",6 Recámaras | 3 Baños | 312 m 2,https://propiedades.com/inmuebles/casa-en-venta-tierra-blanca-20-san-jeronimo-aculco-la-magdalena-contreras-10400-ciudad-de-mexico-cdmx-20-san-jeronimo-aculco-df-30241598#pagina=20&tipos=casas-venta&area=ciudad-de-mexico&pos=30
Ciudad De Mexico,20,"$7,590,000
MXN","Venta de casa Playa Ola Verde, Col. Reforma Iztaccihuatl Norte, Iztacalco, DF / CDMX, México, C.P. 08810, ID: 30133637",5 Recámaras | 3 Baños | 301 m 2,https://propiedades.com/inmuebles/casa-en-venta-playa-ola-verde-reforma-iztaccihuatl-norte-df-30133637#pagina=20&tipos=casas-venta&area=ciudad-de-mexico&pos=31
Ciudad De Mexico,20,"$25,000,000
MXN","Venta de casa General Salvador Alvarado 76 #76, Col. Escandón II Sección, Miguel Hidalgo, DF / CDMX, México, C.P. 11800, ID: 29865376",5 Recámaras | 7 Baños | 500 m 2,https://propiedades.com/inmuebles/casa-en-venta-general-salvador-alvarado-76-76-escandon-ii-seccion-df-29865376#pagina=20&tipos=casas-venta&area=ciudad-de-mexico&pos=32
Ciudad De Mexico,20,"$12,500,000
MXN","Casa en venta disponible en Poniente, Molino de Rosas, 01470 Ciudad de México, CDMX #17, Col. Molino de Rosas, Álvaro Obregón, DF / CDMX, México, C.P. 01470, ID: 30361768",5 Recámaras | 4 Baños | 457 m 2,https://propiedades.com/inmuebles/casa-en-venta-poniente-molino-de-rosas-01470-ciudad-de-mexico-cdmx-17-molino-de-rosas-df-30361768#pagina=20&tipos=casas-venta&area=ciudad-de-mexico&pos=33
Ciudad De Mexico,20,"$547,850
MXN","Venta de casa Don Refugio 16, Coapa, Coapa 2da Secc, Tlalpan, 14326 Ciudad de México, CDMX #16, Col. Tenorios INFONAVIT, Tlalpan, DF / CDMX, México, C.P. 14326, ID: 30352506",4 Recámaras | 2 Baños | 210 m 2,https://propiedades.com/inmuebles/casa-en-venta-don-refugio-16-coapa-coapa-2da-secc-tlalpan-14326-ciudad-de-mexico-cdmx-16-tenorios-infonavit-df-30352506#pagina=20&tipos=casas-venta&area=ciudad-de-mexico&pos=34
Ciudad De Mexico,20,"$26,980,000
MXN","Casa en venta, Fuentes del Pedregal, Ciudad de México, CDMX, Col. Fuentes del Pedregal, Tlalpan, DF / CDMX, México, C.P. 14140, ID: 30666099",4 Recámaras | 4 Baños | 970 m 2,https://propiedades.com/inmuebles/casa-en-venta-fuentes-del-pedregal-ciudad-de-mexico-cdmx-fuentes-del-pedregal-df-30666099#pagina=20&tipos=casas-venta&area=ciudad-de-mexico&pos=35
Ciudad De Mexico,20,"$7,350,000
MXN","Casa en venta, Av. Javier Rojo Gomez, Agrícola Oriental, Iztacalco, 08500 Ciudad de México, CDMX #s/n, Col. Agrícola Oriental, Iztacalco, DF / CDMX, México, C.P. 08500, ID: 30267023",4 Recámaras | 3 Baños | 160 m 2,https://propiedades.com/inmuebles/casa-en-venta-av-javier-rojo-gomez-agricola-oriental-iztacalco-08500-ciudad-de-mexico-cdmx-sn-agricola-oriental-df-30267023#pagina=20&tipos=casas-venta&area=ciudad-de-mexico&pos=36
Ciudad De Mexico,20,"$694,000
MXN","Se vende casa en Hacienda de La Condesa #0, Col. Prados del Rosario, Azcapotzalco, DF / CDMX, México, C.P. 02410, ID: 29858733",2 Recámaras | 2 Baños | 120 m 2,
Ciudad De Mexico,20,"$5,100,000
MXN","Casa en venta disponible en Miguel Hidalgo, 14500 Ciudad de México, CDMX, Col. Miguel Hidalgo 3A Sección, Tlalpan, DF / CDMX, México, C.P. 14250, ID: 30798962",4 Recámaras | 3 Baños | 220 m 2,https://propiedades.com/inmuebles/casa-en-venta-miguel-hidalgo-14500-ciudad-de-mexico-cdmx-miguel-hidalgo-3a-seccion-df-30798962#pagina=20&tipos=casas-venta&area=ciudad-de-mexico&pos=38
Ciudad De Mexico,20,"$4,200,000
MXN","Venta de casa San Pedro #43, Col. Santa Maria del Monte, Iztapalapa, DF / CDMX, México, C.P. 09850, ID: 30226174",4 Recámaras | 2 Baños | 167 m 2,https://propiedades.com/inmuebles/casa-en-venta-san-pedro-43-santa-maria-del-monte-df-30226174#pagina=20&tipos=casas-venta&area=ciudad-de-mexico&pos=39
Ciudad De Mexico,20,"$5,800,000
MXN","Prado Churubusco, 04230 Ciudad de México, CDMX, Col. Prado Churubusco, Coyoacán, DF / CDMX, México, C.P. 04230, ID: 30390107",3 Recámaras | 2 Baños | 350 m 2,https://propiedades.com/inmuebles/casa-en-venta-prado-churubusco-04230-ciudad-de-mexico-cdmx-prado-churubusco-df-30390107#pagina=20&tipos=casas-venta&area=ciudad-de-mexico&pos=40
Ciudad De Mexico,20,"$16,500,000
MXN","Venta casa en Irlanda, Col. Parque San Andrés, Coyoacán, DF / CDMX, México, C.P. 04040, ID: 28489632",3 Recámaras | 3 Baños | 320 m 2,https://propiedades.com/inmuebles/casa-en-venta-irlanda-parque-san-andres-df-28489632#pagina=20&tipos=casas-venta&area=ciudad-de-mexico&pos=41
Ciudad De Mexico,20,"$28,900,000
MXN","José Ma. Morelos, 14710 San Miguel Ajusco, CDMX, Col. Santo Tomas Ajusco, Tlalpan, DF / CDMX, México, C.P. 14710, ID: 30396337",5 Recámaras | 5 Baños | 1000 m 2,https://propiedades.com/inmuebles/casa-en-venta-jose-ma-morelos-14710-san-miguel-ajusco-cdmx-santo-tomas-ajusco-df-30396337#pagina=20&tipos=casas-venta&area=ciudad-de-mexico&pos=42
Ciudad De Mexico,20,"$2,999,000
MXN","Alamos #6 , Col. San Luis Tlaxialtemalco, Xochimilco, DF / CDMX, México, C.P. 16610, ID: 30210155",5 Recámaras | 3 Baños | 196 m 2,
Ciudad De Mexico,20,"$18,000,000
MXN","Venta casa en Guillermo Marconi #1, Col. Paseo de las Lomas, Álvaro Obregón, DF / CDMX, México, C.P. 01330, ID: 29881832",3 Recámaras | 3 Baños | 360 m 2,https://propiedades.com/inmuebles/casa-en-venta-guillermo-marconi-1-paseo-de-las-lomas-df-29881832#pagina=20&tipos=casas-venta&area=ciudad-de-mexico&pos=44
Ciudad De Mexico,20,"$11,000,000
MXN","Casa en venta, Coatepec, Roma Sur, 06760 Ciudad de México, CDMX, Col. Roma Sur, Cuauhtémoc, DF / CDMX, México, C.P. 06760, ID: 30739189",3 Recámaras | 2 Baños | 312 m 2,https://propiedades.com/inmuebles/casa-en-venta-coatepec-roma-sur-06760-ciudad-de-mexico-cdmx-roma-sur-df-30739189#pagina=20&tipos=casas-venta&area=ciudad-de-mexico&pos=45
Ciudad De Mexico,20,"$8,200,000
MXN","Venta de casa en Montecarlo 29, Colinas de Tarango, Álvaro Obregón, 01610 Ciudad de México, CDMX #29, Col. Colinas de Tarango, Álvaro Obregón, DF / CDMX, México, C.P. 01610, ID: 30800315",5 Recámaras | 4 Baños | 303 m 2,https://propiedades.com/inmuebles/casa-en-venta-montecarlo-29-colinas-de-tarango-alvaro-obregon-01610-ciudad-de-mexico-cdmx-29-colinas-de-tarango-df-30800315#pagina=20&tipos=casas-venta&area=ciudad-de-mexico&pos=46
Ciudad De Mexico,20,"$8,800,000
MXN","Se vende casa Cda. Texco 4, Periodista, Benito Juárez, 03620 Ciudad de México, CDMX #4, Col. Periodista, Benito Juárez, DF / CDMX, México, C.P. 03620, ID: 30584457",5 Recámaras | 3 Baños | 270 m 2,https://propiedades.com/inmuebles/casa-en-venta-cda-texco-4-periodista-benito-juarez-03620-ciudad-de-mexico-cdmx-4-periodista-df-30584457#pagina=20&tipos=casas-venta&area=ciudad-de-mexico&pos=47
Ciudad De Mexico,21,"$3,500,000
MXN","Venta de casa Río Sonora, Col. Real del Moral, Iztapalapa, DF / CDMX, México, C.P. 09010, ID: 30202431",3 Recámaras | 1 Baño | 170 m 2,https://propiedades.com/inmuebles/casa-en-venta-rio-sonora-real-del-moral-df-30202431#pagina=21&tipos=casas-venta&area=ciudad-de-mexico&pos=1
Ciudad De Mexico,21,"$38,000,000
MXN","Casa en venta disponible en S, Col. San Mateo Tlaltenango, Cuajimalpa de Morelos, DF / CDMX, México, C.P. 05600, ID: 28518648",3 Recámaras | 5 Baños | 601 m 2,https://propiedades.com/inmuebles/casa-en-venta-s-san-mateo-tlaltenango-df-28518648#pagina=21&tipos=casas-venta&area=ciudad-de-mexico&pos=2
Ciudad De Mexico,21,"$6,600,000
MXN","Retorno 67 #30, Col. Avante, Coyoacán, DF / CDMX, México, C.P. 04460, ID: 29464586",4 Recámaras | 1 Baño | 271 m 2,https://propiedades.com/inmuebles/casa-en-venta-retorno-67-30-avante-df-29464586#pagina=21&tipos=casas-venta&area=ciudad-de-mexico&pos=3
Ciudad De Mexico,21,"$7,500,000
MXN","Casa en venta disponible en Rancho Vista Hermosa , Col. Santa Cecilia, Coyoacán, DF / CDMX, México, C.P. 04930, ID: 29220388",3 Recámaras | 4 Baños | 209 m 2,https://propiedades.com/inmuebles/casa-en-venta-rancho-vista-hermosa-santa-cecilia-df-29220388#pagina=21&tipos=casas-venta&area=ciudad-de-mexico&pos=4
Ciudad De Mexico,21,"$8,500,000
MXN","Se vende casa Tlalpan, Col. Tlalpan, Tlalpan, DF / CDMX, México, C.P. 14000, ID: 29835527",4 Recámaras | 3 Baños | 223 m 2,https://propiedades.com/inmuebles/casa-en-venta-tlalpan-tlalpan-df-29835527#pagina=21&tipos=casas-venta&area=ciudad-de-mexico&pos=5
Ciudad De Mexico,21,"$6,500,000
MXN","Venta de casa en Sotuta, Pedregal de San Nicolás 4ta Secc, 14100 Ciudad de México, CDMX #290, Col. Pedregal de San Nicolás 4A Sección, Tlalpan, DF / CDMX, México, C.P. 14100, ID: 30363441",3 Recámaras | 2 Baños | 144 m 2,https://propiedades.com/inmuebles/casa-en-venta-sotuta-pedregal-de-san-nicolas-4ta-secc-14100-ciudad-de-mexico-cdmx-290-pedregal-de-san-nicolas-4a-seccion-df-30363441#pagina=21&tipos=casas-venta&area=ciudad-de-mexico&pos=6
Ciudad De Mexico,21,"$4,800,000
MXN","Casa en venta, Canal Tezhuilo, Barrio 18, 16034 Ciudad de México, CDMX #s/n, Col. 18, Xochimilco, DF / CDMX, México, C.P. 16034, ID: 30511239",4 Recámaras | 2 Baños | 190 m 2,https://propiedades.com/inmuebles/casa-en-venta-canal-tezhuilo-barrio-18-16034-ciudad-de-mexico-cdmx-sn-18-df-30511239#pagina=21&tipos=casas-venta&area=ciudad-de-mexico&pos=7
Ciudad De Mexico,21,"$2,180,000
MXN","Casa disponible en venta en San Isauro 214, Pedregal de Sta Úrsula, Coyoacán, 04600 Ciudad de México, CDMX #214Int. B LOTE 25, Col. Pedregal de Santa Ursula, Coyoacán, DF / CDMX, México, C.P. 04600, ID: 30262716",2 Recámaras | 1 Baño | 67 m 2,https://propiedades.com/inmuebles/casa-en-venta-san-isauro-214-pedregal-de-sta-ursula-coyoacan-04600-ciudad-de-mexico-cdmx-214-pedregal-de-santa-ursula-df-30262716#pagina=21&tipos=casas-venta&area=ciudad-de-mexico&pos=8
Ciudad De Mexico,21,"$5,000,000
MXN","Conrado Pelayo, Col. Miguel Hidalgo, Tláhuac, DF / CDMX, México, C.P. 13200, ID: 28789205",4 Recámaras | 3 Baños | 219 m 2,https://propiedades.com/inmuebles/casa-en-venta-conrado-pelayo-miguel-hidalgo-df-28789205#pagina=21&tipos=casas-venta&area=ciudad-de-mexico&pos=9
Ciudad De Mexico,21,"$28,000,000
MXN","Se vende casa paseo laureles , Col. Bosques de las Lomas, Cuajimalpa de Morelos, DF / CDMX, México, C.P. 05120, ID: 30077280",3 Recámaras | 3 Baños | 700 m 2,https://propiedades.com/inmuebles/casa-en-venta-paseo-laureles-bosques-de-las-lomas-df-30077280#pagina=21&tipos=casas-venta&area=ciudad-de-mexico&pos=10
Ciudad De Mexico,21,"$4,950,000
MXN","Venta casa en Canal Recodo, Barrio 18, Ciudad de México, CDMX #s/n, Col. 18, Xochimilco, DF / CDMX, México, C.P. 16034, ID: 30561221",4 Recámaras | 2 Baños | 220 m 2,https://propiedades.com/inmuebles/casa-en-venta-canal-recodo-barrio-18-ciudad-de-mexico-cdmx-sn-18-df-30561221#pagina=21&tipos=casas-venta&area=ciudad-de-mexico&pos=11
Ciudad De Mexico,21,"$4,600,000
MXN","Venta de casa Plan de Tuxtepec, San Lorenzo la Cebada, 16035 Ciudad de México, CDMX #s/n, Col. San Lorenzo La Cebada, Xochimilco, DF / CDMX, México, C.P. 16035, ID: 30531368",4 Recámaras | 3 Baños | 157 m 2,https://propiedades.com/inmuebles/casa-en-venta-plan-de-tuxtepec-san-lorenzo-la-cebada-16035-ciudad-de-mexico-cdmx-sn-san-lorenzo-la-cebada-df-30531368#pagina=21&tipos=casas-venta&area=ciudad-de-mexico&pos=12
Ciudad De Mexico,21,"$9,250,000
MXN","Casa disponible en venta en 2da cda. Romero de Terreros, Col. Del Valle Norte, Benito Juárez, DF / CDMX, México, C.P. 03103, ID: 30830758",5 Recámaras | 3 Baños,https://propiedades.com/inmuebles/casa-en-venta-2da-cda-romero-de-terreros-del-valle-norte-df-30830758#pagina=21&tipos=casas-venta&area=ciudad-de-mexico&pos=13
Ciudad De Mexico,21,"$470,000
MXN","Cereales 27 #27, Col. Valle del Sur, Iztapalapa, DF / CDMX, México, C.P. 09819, ID: 30185777",3 Recámaras | 2 Baños | 110 m 2,
Ciudad De Mexico,21,"$7,700,000
MXN","Cerrada Guillain , Col. Mixcoac, Benito Juárez, DF / CDMX, México, C.P. 03910, ID: 30327653",4 Recámaras | 2 Baños | 169 m 2,https://propiedades.com/inmuebles/casa-en-venta-cerrada-guillain-mixcoac-df-30327653#pagina=21&tipos=casas-venta&area=ciudad-de-mexico&pos=15
Ciudad De Mexico,21,"$4,200,000
MXN","Tlacaelel #s/n, Col. Santa Isabel Tola, Gustavo A. Madero, DF / CDMX, México, C.P. 07010, ID: 30206707",4 Recámaras | 4 Baños | 250 m 2,https://propiedades.com/inmuebles/casa-en-venta-tlacaelel-sn-santa-isabel-tola-df-30206707#pagina=21&tipos=casas-venta&area=ciudad-de-mexico&pos=16
Ciudad De Mexico,21,"$6,520,000
MXN","Se vende casa en Hacienda Temoluco #s/n, Col. Villa Quietud, Coyoacán, DF / CDMX, México, C.P. 04960, ID: 30072009",4 Recámaras | 3 Baños | 260 m 2,https://propiedades.com/inmuebles/casa-en-venta-hacienda-temoluco-sn-villa-quietud-df-30072009#pagina=21&tipos=casas-venta&area=ciudad-de-mexico&pos=17
Ciudad De Mexico,21,"$18,000,000
MXN","Casa en venta disponible en Bécquer, Anzures, Miguel Hidalgo, 11590 Ciudad de México, CDMX #s/n, Col. Anzures, Miguel Hidalgo, DF / CDMX, México, C.P. 11590, ID: 30333760",3 Recámaras | 2 Baños | 226 m 2,https://propiedades.com/inmuebles/casa-en-venta-becquer-anzures-miguel-hidalgo-11590-ciudad-de-mexico-cdmx-sn-anzures-df-30333760#pagina=21&tipos=casas-venta&area=ciudad-de-mexico&pos=18
Ciudad De Mexico,21,"$8,500,000
MXN","Se vende casa en estefania castañeda, Col. San Jerónimo Lídice, La Magdalena Contreras, DF / CDMX, México, C.P. 10200, ID: 30172640",3 Recámaras | 3 Baños | 285 m 2,https://propiedades.com/inmuebles/casa-en-venta-estefania-castaneda-san-jeronimo-lidice-df-30172640#pagina=21&tipos=casas-venta&area=ciudad-de-mexico&pos=19
Ciudad De Mexico,21,"$598,200
MXN","Casa en venta disponible en Cerrada 1 Corola, Col. El Reloj, Coyoacán, DF / CDMX, México, C.P. 04640, ID: 30012096",3 Recámaras | 3 Baños | 59 m 2,https://propiedades.com/inmuebles/casa-en-venta-cerrada-1-corola-el-reloj-df-30012096#pagina=21&tipos=casas-venta&area=ciudad-de-mexico&pos=20
Ciudad De Mexico,21,"$6,700,000
MXN","Casa en venta, Paseo del Cantil #32, Col. Cantil del Pedregal, Coyoacán, DF / CDMX, México, C.P. 04730, ID: 20347908",2 Recámaras | 2 Baños | 224 m 2,https://propiedades.com/inmuebles/casa-en-venta-paseo-del-cantil-32-cantil-del-pedregal-df-20347908#pagina=21&tipos=casas-venta&area=ciudad-de-mexico&pos=21
Ciudad De Mexico,21,"$6,500,000
MXN","Venta casa en Norte 81-A 471 #471, Col. Sindicato Mexicano de Electricistas, Azcapotzalco, DF / CDMX, México, C.P. 02060, ID: 28979027",4 Recámaras | 3 Baños | 160 m 2,https://propiedades.com/inmuebles/casa-en-venta-norte-81a-471-471-sindicato-mexicano-de-electricistas-df-28979027#pagina=21&tipos=casas-venta&area=ciudad-de-mexico&pos=22
Ciudad De Mexico,21,"$6,790,000
MXN","Casa en Venta con 5 Habitaciones 4 conBaño Recién Remodelada, Col. Ex-Ejido de San Francisco Culhuacán, Coyoacán, DF / CDMX, México, C.P. 04420, ID: 30421265",5 Recámaras | 5 Baños | 285 m 2,https://propiedades.com/inmuebles/casa-en-venta-casa-en-venta-con-5-habitaciones-4-conbano-recien-remodelada-exejido-de-san-francisco-culhuacan-df-30421265#pagina=21&tipos=casas-venta&area=ciudad-de-mexico&pos=23
Ciudad De Mexico,21,"$5,500,000
MXN","Casa disponible en venta en San Nicolás Totolapan, Ciudad de México, CDMX, Col. Lomas de Padierna, Tlalpan, DF / CDMX, México, C.P. 14240, ID: 30840114",4 Recámaras | 5 Baños | 284 m 2,https://propiedades.com/inmuebles/casa-en-venta-san-nicolas-totolapan-ciudad-de-mexico-cdmx-lomas-de-padierna-df-30840114#pagina=21&tipos=casas-venta&area=ciudad-de-mexico&pos=24
Ciudad De Mexico,21,"$17,900,000
MXN","Casa en venta disponible en Antonio Sola, Colonia Condesa, 06140 Ciudad de México, CDMX #s/n, Col. Condesa, Cuauhtémoc, DF / CDMX, México, C.P. 06140, ID: 30467367",4 Recámaras | 1 Baño | 280 m 2,https://propiedades.com/inmuebles/casa-en-venta-antonio-sola-colonia-condesa-06140-ciudad-de-mexico-cdmx-sn-condesa-df-30467367#pagina=21&tipos=casas-venta&area=ciudad-de-mexico&pos=25
Ciudad De Mexico,21,"$19,500,000
USD","Se vende casa en Barrio San Lucas, Col. Barrio San Lucas, Coyoacán, DF / CDMX, México, C.P. 04030, ID: 29788306",3 Recámaras | 4 Baños | 308 m 2,https://propiedades.com/inmuebles/casa-en-venta-barrio-san-lucas-barrio-san-lucas-df-29788306#pagina=21&tipos=casas-venta&area=ciudad-de-mexico&pos=26
Ciudad De Mexico,21,"$27,500,000
MXN","Venta de casa en PRESIDENTE CARRANZA , Col. Villa Coyoacán, Coyoacán, DF / CDMX, México, C.P. 04000, ID: 25361416",7 Recámaras | 3 Baños | 319 m 2,https://propiedades.com/inmuebles/casa-en-venta-presidente-carranza-villa-coyoacan-df-25361416#pagina=21&tipos=casas-venta&area=ciudad-de-mexico&pos=27
Ciudad De Mexico,21,"$6,150,000
MXN","Venta de casa en Carlos Darwin , Col. Lomas Hidalgo, Tlalpan, DF / CDMX, México, C.P. 14240, ID: 30144923",4 Recámaras | 4 Baños | 280 m 2,https://propiedades.com/inmuebles/casa-en-venta-carlos-darwin-lomas-hidalgo-df-30144923#pagina=21&tipos=casas-venta&area=ciudad-de-mexico&pos=28
Ciudad De Mexico,21,"$9,000,000
MXN","kinchil #s/n, Col. Fuentes Brotantes, Tlalpan, DF / CDMX, México, C.P. 14410, ID: 30036757",3 Recámaras | 2 Baños | 332 m 2,https://propiedades.com/inmuebles/casa-en-venta-kinchil-sn-fuentes-brotantes-df-30036757#pagina=21&tipos=casas-venta&area=ciudad-de-mexico&pos=29
Ciudad De Mexico,21,"$18,000,000
MXN","Venta de casa Auseva #s/n, Col. Jardines en la Montaña, Tlalpan, DF / CDMX, México, C.P. 14210, ID: 29990559",4 Recámaras | 4 Baños | 450 m 2,https://propiedades.com/inmuebles/casa-en-venta-auseva-sn-jardines-en-la-montana-df-29990559#pagina=21&tipos=casas-venta&area=ciudad-de-mexico&pos=30
Ciudad De Mexico,21,"$30,900,000
MXN","Venta de casa Calle El Risco, Col. Jardines del Pedregal, Álvaro Obregón, DF / CDMX, México, C.P. 01900, ID: 28599394",3 Recámaras | 5 Baños | 904 m 2,https://propiedades.com/inmuebles/casa-en-venta-calle-el-risco-jardines-del-pedregal-df-28599394#pagina=21&tipos=casas-venta&area=ciudad-de-mexico&pos=31
Ciudad De Mexico,21,"$6,500,000
MXN","Se vende casa en Rincón de los Ángeles 38, Bosque del Sur, Xochimilco, 16010 Ciudad de México, CDMX #38, Col. Bosque Residencial del Sur, Xochimilco, DF / CDMX, México, C.P. 16010, ID: 30623482",3 Recámaras | 3 Baños | 278 m 2,https://propiedades.com/inmuebles/casa-en-venta-rincon-de-los-angeles-38-bosque-del-sur-xochimilco-16010-ciudad-de-mexico-cdmx-38-bosque-residencial-del-sur-df-30623482#pagina=21&tipos=casas-venta&area=ciudad-de-mexico&pos=32
Ciudad De Mexico,21,"$36,500,000
MXN","Casa en venta, Eje 6 Sur Trabajadoras Sociales, CEDA, Ciudad de México, CDMX #s/n, Col. Central de Abasto, Iztapalapa, DF / CDMX, México, C.P. 09040, ID: 30796267",1 Recámara | 1 Baño | 96 m 2,https://propiedades.com/inmuebles/casa-en-venta-eje-6-sur-trabajadoras-sociales-ceda-ciudad-de-mexico-cdmx-sn-central-de-abasto-df-30796267#pagina=21&tipos=casas-venta&area=ciudad-de-mexico&pos=33
Ciudad De Mexico,21,"$8,000,000
MXN","Venta casa en Segundo Rtno. Pablo de la Llave 35, Bosques de Tetlameya, Coyoacán, 04730 Ciudad de México, CDMX #35, Col. Cantil del Pedregal, Coyoacán, DF / CDMX, México, C.P. 04730, ID: 30250606",2 Recámaras | 2 Baños | 120 m 2,https://propiedades.com/inmuebles/casa-en-venta-segundo-rtno-pablo-de-la-llave-35-bosques-de-tetlameya-coyoacan-04730-ciudad-de-mexico-cdmx-35-cantil-del-pedregal-df-30250606#pagina=21&tipos=casas-venta&area=ciudad-de-mexico&pos=34
Ciudad De Mexico,21,"$7,000,000
MXN","Casa en venta disponible en Rtno. 704, El Centinela, 04450 Ciudad de México, CDMX, Col. El Centinela, Coyoacán, DF / CDMX, México, C.P. 04450, ID: 30460806",4 Recámaras | 4 Baños | 154 m 2,https://propiedades.com/inmuebles/casa-en-venta-rtno-704-el-centinela-04450-ciudad-de-mexico-cdmx-el-centinela-df-30460806#pagina=21&tipos=casas-venta&area=ciudad-de-mexico&pos=35
Ciudad De Mexico,21,"$8,400,000
MXN","Casa en venta, Ejido Xochimilco 103 #103, Col. Ex-Ejido de San Francisco Culhuacán, Coyoacán, DF / CDMX, México, C.P. 04420, ID: 29845933",3 Recámaras | 3 Baños | 190 m 2,https://propiedades.com/inmuebles/casa-en-venta-ejido-xochimilco-103-103-exejido-de-san-francisco-culhuacan-df-29845933#pagina=21&tipos=casas-venta&area=ciudad-de-mexico&pos=36
Ciudad De Mexico,21,"$700,000
MXN","Venta de casa en Avenida Paseo del Bosque 106 #106, Col. Taxqueña, Coyoacán, DF / CDMX, México, C.P. 04280, ID: 30148665",4 Recámaras | 3 Baños | 250 m 2,https://propiedades.com/inmuebles/casa-en-venta-avenida-paseo-del-bosque-106-106-taxquena-df-30148665#pagina=21&tipos=casas-venta&area=ciudad-de-mexico&pos=37
Ciudad De Mexico,21,"$708,635
MXN","Casa disponible en venta en Paseo Capulines 33 #33, Col. Paseos de Taxqueña, Coyoacán, DF / CDMX, México, C.P. 04250, ID: 30018270",3 Recámaras | 2 Baños | 95 m 2,https://propiedades.com/inmuebles/casa-en-venta-paseo-capulines-33-33-paseos-de-taxquena-df-30018270#pagina=21&tipos=casas-venta&area=ciudad-de-mexico&pos=38
Ciudad De Mexico,21,"$10,000,000
MXN","Casa en venta, RANCHO GALLEGO #s/n, Col. Prado Coapa 1A Sección, Tlalpan, DF / CDMX, México, C.P. 14350, ID: 29733146",3 Recámaras | 3 Baños | 241 m 2,https://propiedades.com/inmuebles/casa-en-venta-rancho-gallego-sn-prado-coapa-1a-seccion-df-29733146#pagina=21&tipos=casas-venta&area=ciudad-de-mexico&pos=39
Ciudad De Mexico,21,"$22,300,000
MXN","Leibnitz 174, Anzures, Miguel Hidalgo, 11590 Ciudad de México, CDMX #s/n, Col. Anzures, Miguel Hidalgo, DF / CDMX, México, C.P. 11590, ID: 30250025",9 Recámaras | 2 Baños | 469 m 2,https://propiedades.com/inmuebles/casa-en-venta-leibnitz-174-anzures-miguel-hidalgo-11590-ciudad-de-mexico-cdmx-sn-anzures-df-30250025#pagina=21&tipos=casas-venta&area=ciudad-de-mexico&pos=40
Ciudad De Mexico,21,"$780,000
MXN","Venta de casa Vernet 16, San Antonio, Azcapotzalco, 02720 Ciudad de México, CDMX #16, Col. San Antonio, Azcapotzalco, DF / CDMX, México, C.P. 02720, ID: 30240976",4 Recámaras | 2 Baños | 260 m 2,https://propiedades.com/inmuebles/casa-en-venta-vernet-16-san-antonio-azcapotzalco-02720-ciudad-de-mexico-cdmx-16-san-antonio-df-30240976#pagina=21&tipos=casas-venta&area=ciudad-de-mexico&pos=41
Ciudad De Mexico,21,"$2,300,000
USD","Casa disponible en venta en LOMAS ALTAS, Col. Lomas Altas, Miguel Hidalgo, DF / CDMX, México, C.P. 11950, ID: 29497852",4 Recámaras | 3 Baños | 600 m 2,https://propiedades.com/inmuebles/casa-en-venta-lomas-altas-lomas-altas-df-29497852#pagina=21&tipos=casas-venta&area=ciudad-de-mexico&pos=42
Ciudad De Mexico,21,"$4,200,000
MXN","Casa en venta, Prol Emiliano Zapata, La Concha, Ciudad de México, CDMX, Col. Santiago Tepalcatlalpan, Xochimilco, DF / CDMX, México, C.P. 16200, ID: 30761224",5 Recámaras | 3 Baños | 235 m 2,https://propiedades.com/inmuebles/casa-en-venta-prol-emiliano-zapata-la-concha-ciudad-de-mexico-cdmx-santiago-tepalcatlalpan-df-30761224#pagina=21&tipos=casas-venta&area=ciudad-de-mexico&pos=43
Ciudad De Mexico,21,"$5,000,000
MXN","Casa disponible en venta en C. San Diego 11, San Bartolo Ameyalco, Álvaro Obregón, 01800 Ciudad de México, CDMX #11, Col. San Bartolo Ameyalco, Álvaro Obregón, DF / CDMX, México, C.P. 01800, ID: 30505365",4 Recámaras | 1 Baño | 440 m 2,https://propiedades.com/inmuebles/casa-en-venta-c-san-diego-11-san-bartolo-ameyalco-alvaro-obregon-01800-ciudad-de-mexico-cdmx-11-san-bartolo-ameyalco-df-30505365#pagina=21&tipos=casas-venta&area=ciudad-de-mexico&pos=44
Ciudad De Mexico,21,"$4,590,000
MXN","Venta de casa en Canal Atezcapa, Barrio 18, 16034 Ciudad de México, CDMX, Col. 18, Xochimilco, DF / CDMX, México, C.P. 16034, ID: 30508592",3 Recámaras | 4 Baños | 190 m 2,https://propiedades.com/inmuebles/casa-en-venta-canal-atezcapa-barrio-18-16034-ciudad-de-mexico-cdmx-18-df-30508592#pagina=21&tipos=casas-venta&area=ciudad-de-mexico&pos=45
Ciudad De Mexico,21,"$3,320,000
MXN","Casa en venta, Av Fuerte de Loreto 115, Ejército de Oriente Zona Peñón, Iztapalapa, 09578 Ciudad de México, CDMX #115Int. MZ-D LT6, Col. Ejercito de Agua Prieta, Iztapalapa, DF / CDMX, México, C.P. 09578, ID: 30261498",4 Recámaras | 2 Baños | 171 m 2,https://propiedades.com/inmuebles/casa-en-venta-av-fuerte-de-loreto-115-ejercito-de-oriente-zona-penon-iztapalapa-09578-ciudad-de-mexico-cdmx-115-ejercito-de-agua-prieta-df-30261498#pagina=21&tipos=casas-venta&area=ciudad-de-mexico&pos=46
Ciudad De Mexico,21,"$550,000
USD","Venta casa en Lomas de Tarango, Ciudad de México, CDMX #s/n, Col. Lomas de Tarango, Álvaro Obregón, DF / CDMX, México, C.P. 01620, ID: 30486474",3 Recámaras | 3 Baños | 196 m 2,https://propiedades.com/inmuebles/casa-en-venta-lomas-de-tarango-ciudad-de-mexico-cdmx-sn-lomas-de-tarango-df-30486474#pagina=21&tipos=casas-venta&area=ciudad-de-mexico&pos=47
Ciudad De Mexico,22,"$3,400,000
MXN","Se vende casa Dr Alfonso Ortiz Tirado, 09020 Ciudad de México, CDMX, Col. Dr. Alfonso Ortiz Tirado, Iztapalapa, DF / CDMX, México, C.P. 09020, ID: 30273499",3 Recámaras | 1 Baño | 74 m 2,https://propiedades.com/inmuebles/casa-en-venta-dr-alfonso-ortiz-tirado-09020-ciudad-de-mexico-cdmx-dr-alfonso-ortiz-tirado-df-30273499#pagina=22&tipos=casas-venta&area=ciudad-de-mexico&pos=1
Ciudad De Mexico,22,"$7,500,000
MXN","Se vende casa en Cerezo , Col. Magisterial Coapa, Tlalpan, DF / CDMX, México, C.P. 14360, ID: 30805070",5 Recámaras | 3 Baños | 322 m 2,https://propiedades.com/inmuebles/casa-en-venta-cerezo-magisterial-coapa-df-30805070#pagina=22&tipos=casas-venta&area=ciudad-de-mexico&pos=2
Ciudad De Mexico,22,"$10,000,000
MXN","Cerrada Negrete #5, Col. Niños Héroes, Benito Juárez, DF / CDMX, México, C.P. 03440, ID: 30127881",3 Recámaras | 2 Baños | 216 m 2,https://propiedades.com/inmuebles/casa-en-venta-cerrada-negrete-5-ninos-heroes-df-30127881#pagina=22&tipos=casas-venta&area=ciudad-de-mexico&pos=3
Ciudad De Mexico,22,"$9,000,000
MXN","Casa en venta, Rosedal #s/n, Col. Rosedal, Coyoacán, DF / CDMX, México, C.P. 04330, ID: 30127600",7 Recámaras | 180 m 2,https://propiedades.com/inmuebles/casa-en-venta-rosedal-sn-rosedal-df-30127600#pagina=22&tipos=casas-venta&area=ciudad-de-mexico&pos=4
Ciudad De Mexico,22,"$15,490,000
MXN","Cda. Arenal 451, Colinas del Bosque, Tlalpan, 14620 Ciudad de México, CDMX #451, Col. Club de Golf México, Tlalpan, DF / CDMX, México, C.P. 14620, ID: 30352957",4 Recámaras | 3 Baños | 385 m 2,https://propiedades.com/inmuebles/casa-en-venta-cda-arenal-451-colinas-del-bosque-tlalpan-14620-ciudad-de-mexico-cdmx-451-club-de-golf-mexico-df-30352957#pagina=22&tipos=casas-venta&area=ciudad-de-mexico&pos=5
Ciudad De Mexico,22,"$11,000,000
MXN","Coatepec, Roma Sur, 06760 Ciudad de México, CDMX, Col. Roma Sur, Cuauhtémoc, DF / CDMX, México, C.P. 06760, ID: 30241145",4 Recámaras | 3 Baños | 150 m 2,https://propiedades.com/inmuebles/casa-en-venta-coatepec-roma-sur-06760-ciudad-de-mexico-cdmx-roma-sur-df-30241145#pagina=22&tipos=casas-venta&area=ciudad-de-mexico&pos=6
Ciudad De Mexico,22,"$6,850,000
MXN","Se vende casa en , Col. Las Tinajas, Cuajimalpa de Morelos, DF / CDMX, México, C.P. 05370, ID: 29829894",4 Recámaras | 4 Baños | 230 m 2,https://propiedades.com/inmuebles/casa-en-venta-las-tinajas-df-29829894#pagina=22&tipos=casas-venta&area=ciudad-de-mexico&pos=7
Ciudad De Mexico,22,"$7,500,000
MXN","Venta casa en Cjon. Hidalgo 5, San Francisco Tlaltenco, Tláhuac, 13400 Ciudad de México, CDMX #5, Col. San Francisco Tlaltenco, Tláhuac, DF / CDMX, México, C.P. 13400, ID: 30489784",3 Recámaras | 2 Baños | 797 m 2,https://propiedades.com/inmuebles/casa-en-venta-cjon-hidalgo-5-san-francisco-tlaltenco-tlahuac-13400-ciudad-de-mexico-cdmx-5-san-francisco-tlaltenco-df-30489784#pagina=22&tipos=casas-venta&area=ciudad-de-mexico&pos=8
Ciudad De Mexico,22,"$6,200,000
MXN","Tipografía 53 #53, Col. Venustiano Carranza, Venustiano Carranza, DF / CDMX, México, C.P. 15340, ID: 30048623",8 Recámaras | 4 Baños | 275 m 2,https://propiedades.com/inmuebles/casa-en-venta-tipografia-53-53-venustiano-carranza-df-30048623#pagina=22&tipos=casas-venta&area=ciudad-de-mexico&pos=9
Ciudad De Mexico,22,"$5,806,000
MXN","Akil, Col. Lomas de Padierna Sur, Tlalpan, DF / CDMX, México, C.P. 14740, ID: 29477353",3 Recámaras | 3 Baños | 483 m 2,https://propiedades.com/inmuebles/casa-en-venta-akil-lomas-de-padierna-sur-df-29477353#pagina=22&tipos=casas-venta&area=ciudad-de-mexico&pos=10
Ciudad De Mexico,22,"$23,950,000
MXN","Venta de casa , Col. San Jerónimo Lídice, La Magdalena Contreras, DF / CDMX, México, C.P. 10200, ID: 28695537",,https://propiedades.com/inmuebles/casa-en-venta-san-jeronimo-lidice-df-28695537#pagina=22&tipos=casas-venta&area=ciudad-de-mexico&pos=11
Ciudad De Mexico,22,"$7,600,000
MXN","Venta de casa Norte 73, Col. Obrero Popular, Azcapotzalco, DF / CDMX, México, C.P. 02840, ID: 29494794",5 Recámaras | 5 Baños | 110 m 2,https://propiedades.com/inmuebles/casa-en-venta-norte-73-obrero-popular-df-29494794#pagina=22&tipos=casas-venta&area=ciudad-de-mexico&pos=12
Ciudad De Mexico,22,"$24,990,000
MXN","Venta casa en Col. Jardines del Pedregal de San Ángel, Coyoacán, DF / CDMX, México, C.P. 04500, ID: 29365853",3 Recámaras | 4 Baños | 621 m 2,https://propiedades.com/inmuebles/casa-en-venta-jardines-del-pedregal-de-san-angel-df-29365853#pagina=22&tipos=casas-venta&area=ciudad-de-mexico&pos=13
Ciudad De Mexico,22,"$875,000
MXN","Casa en venta disponible en Juan Sarabia 340, Hogar y Seguridad, Azcapotzalco, 02800 Ciudad de México, CDMX #340, Col. Nueva Santa Maria, Azcapotzalco, DF / CDMX, México, C.P. 02800, ID: 30651179",3 Recámaras | 3 Baños | 188 m 2,https://propiedades.com/inmuebles/casa-en-venta-juan-sarabia-340-hogar-y-seguridad-azcapotzalco-02800-ciudad-de-mexico-cdmx-340-nueva-santa-maria-df-30651179#pagina=22&tipos=casas-venta&area=ciudad-de-mexico&pos=14
Ciudad De Mexico,22,"$13,500,000
MXN","Casa disponible en venta en Zotitla, Col. Contadero, Cuajimalpa de Morelos, DF / CDMX, México, C.P. 05500, ID: 29950957",3 Recámaras | 3 Baños | 350 m 2,https://propiedades.com/inmuebles/casa-en-venta-zotitla-contadero-df-29950957#pagina=22&tipos=casas-venta&area=ciudad-de-mexico&pos=15
Ciudad De Mexico,22,"$5,350,000
MXN","Casa en venta, 2A CERRADA DEL COLIBRÍ #28, Col. San Andrés Totoltepec, Tlalpan, DF / CDMX, México, C.P. 14400, ID: 30769780",3 Recámaras | 3 Baños | 220 m 2,https://propiedades.com/inmuebles/casa-en-venta-2a-cerrada-del-colibri-28-san-andres-totoltepec-df-30769780#pagina=22&tipos=casas-venta&area=ciudad-de-mexico&pos=16
Ciudad De Mexico,22,"$4,950,000
MXN","Casa en venta disponible en Bovedas #128, Col. Jardines del Sur, Xochimilco, DF / CDMX, México, C.P. 16050, ID: 30186443",4 Recámaras | 3 Baños | 200 m 2,https://propiedades.com/inmuebles/casa-en-venta-bovedas-128-jardines-del-sur-df-30186443#pagina=22&tipos=casas-venta&area=ciudad-de-mexico&pos=17
Ciudad De Mexico,22,"$8,500,000
MXN","Se vende casa en Segunda Cda. Nabor Carrillo 26, San José del Olivar, Álvaro Obregón, 01780 Ciudad de México, CDMX #26Int. Casa 9, Col. Olivar de los Padres, Álvaro Obregón, DF / CDMX, México, C.P. 01780, ID: 30665932",4 Recámaras | 4 Baños | 512 m 2,https://propiedades.com/inmuebles/casa-en-venta-segunda-cda-nabor-carrillo-26-san-jose-del-olivar-alvaro-obregon-01780-ciudad-de-mexico-cdmx-26-olivar-de-los-padres-df-30665932#pagina=22&tipos=casas-venta&area=ciudad-de-mexico&pos=18
Ciudad De Mexico,22,"$6,950,000
MXN","Venta casa en Av Centenario 2700, Bosques de Tarango, Álvaro Obregón, 01540 Ciudad de México, CDMX #2700, Col. Llano Redondo, Álvaro Obregón, DF / CDMX, México, C.P. 01540, ID: 30622631",3 Recámaras | 2 Baños | 168 m 2,https://propiedades.com/inmuebles/casa-en-venta-av-centenario-2700-bosques-de-tarango-alvaro-obregon-01540-ciudad-de-mexico-cdmx-2700-llano-redondo-df-30622631#pagina=22&tipos=casas-venta&area=ciudad-de-mexico&pos=19
Ciudad De Mexico,22,"$2,900,000
MXN","Casa en venta disponible en Avenida Pirules #s/n, Col. El Tanque, La Magdalena Contreras, DF / CDMX, México, C.P. 10320, ID: 29981462",4 Recámaras | 2 Baños | 219 m 2,https://propiedades.com/inmuebles/casa-en-venta-avenida-pirules-sn-el-tanque-df-29981462#pagina=22&tipos=casas-venta&area=ciudad-de-mexico&pos=20
Ciudad De Mexico,22,"$3,400,000
MXN","Casa disponible en venta en Agrícola Oriental, 08500 Ciudad de México, CDMX, Col. Agrícola Oriental, Iztacalco, DF / CDMX, México, C.P. 08500, ID: 30271502",4 Recámaras | 1 Baño | 74 m 2,https://propiedades.com/inmuebles/casa-en-venta-agricola-oriental-08500-ciudad-de-mexico-cdmx-agricola-oriental-df-30271502#pagina=22&tipos=casas-venta&area=ciudad-de-mexico&pos=21
Ciudad De Mexico,22,"$2,460,500
MXN","Se vende casa en Caniles 102, Cerro de la Estrella, Iztapalapa, 09860 Ciudad de México, CDMX #102, Col. Cerro de La Estrella, Iztapalapa, DF / CDMX, México, C.P. 09860, ID: 30655529",4 Recámaras | 2 Baños | 341 m 2,https://propiedades.com/inmuebles/casa-en-venta-caniles-102-cerro-de-la-estrella-iztapalapa-09860-ciudad-de-mexico-cdmx-102-cerro-de-la-estrella-df-30655529#pagina=22&tipos=casas-venta&area=ciudad-de-mexico&pos=22
Ciudad De Mexico,22,"$21,000,000
MXN","Venta casa en PLAZA M DE LUYANDO, Col. Xoco, Benito Juárez, DF / CDMX, México, C.P. 03330, ID: 26090182",4 Recámaras | 5 Baños | 452 m 2,https://propiedades.com/inmuebles/casa-en-venta-plaza-m-de-luyando-xoco-df-26090182#pagina=22&tipos=casas-venta&area=ciudad-de-mexico&pos=23
Ciudad De Mexico,22,"$8,500,000
MXN","Casa disponible en venta en Cuicuilco, Col. Letrán Valle, Benito Juárez, DF / CDMX, México, C.P. 03650, ID: 28783961",4 Recámaras | 3 Baños | 200 m 2,https://propiedades.com/inmuebles/casa-en-venta-cuicuilco-letran-valle-df-28783961#pagina=22&tipos=casas-venta&area=ciudad-de-mexico&pos=24
Ciudad De Mexico,22,"$72,000,000
MXN","Casa en venta disponible en Cañada 320 #320, Col. Jardines del Pedregal, Álvaro Obregón, DF / CDMX, México, C.P. 01900, ID: 28831034",3 Recámaras | 8 Baños | 1100 m 2,https://propiedades.com/inmuebles/casa-en-venta-canada-320-320-jardines-del-pedregal-df-28831034#pagina=22&tipos=casas-venta&area=ciudad-de-mexico&pos=25
Ciudad De Mexico,22,"$22,000,000
MXN","Viena, Del Carmen, 04100 Ciudad de México, CDMX, Col. Del Carmen, Coyoacán, DF / CDMX, México, C.P. 04100, ID: 30416968",4 Recámaras | 4 Baños | 712 m 2,https://propiedades.com/inmuebles/casa-en-venta-viena-del-carmen-04100-ciudad-de-mexico-cdmx-del-carmen-df-30416968#pagina=22&tipos=casas-venta&area=ciudad-de-mexico&pos=26
Ciudad De Mexico,22,"$3,750,000
MXN","Venta de casa en Calle 15 m14 l 30 José Lopez Portillo Iztapalapa CDMX 09920 #mz 14 lt 30, Col. José López Portillo, Iztapalapa, DF / CDMX, México, C.P. 09920, ID: 30263129",3 Recámaras | 2 Baños | 194 m 2,https://propiedades.com/inmuebles/casa-en-venta-calle-15-m14-l-30-jose-lopez-portillo-iztapalapa-cdmx-09920-mz-14-lt-30-jose-lopez-portillo-df-30263129#pagina=22&tipos=casas-venta&area=ciudad-de-mexico&pos=27
Ciudad De Mexico,22,"$3,405,832
MXN","Lic. Juan C. Doria 25, Juan Escutia, Iztapalapa, 09100 Ciudad de México, CDMX #25, Col. Juan Escutia, Iztapalapa, DF / CDMX, México, C.P. 09100, ID: 30237227",3 Recámaras | 2 Baños | 326 m 2,https://propiedades.com/inmuebles/casa-en-venta-lic-juan-c-doria-25-juan-escutia-iztapalapa-09100-ciudad-de-mexico-cdmx-25-juan-escutia-df-30237227#pagina=22&tipos=casas-venta&area=ciudad-de-mexico&pos=28
Ciudad De Mexico,22,"$4,600,000
MXN","Venta casa en Norte A, Col. Emiliano Zapata, Gustavo A. Madero, DF / CDMX, México, C.P. 07889, ID: 29827024",3 Recámaras | 1 Baño | 195 m 2,https://propiedades.com/inmuebles/casa-en-venta-norte-a-emiliano-zapata-df-29827024#pagina=22&tipos=casas-venta&area=ciudad-de-mexico&pos=29
Ciudad De Mexico,22,"$40,000,000
MXN","Casa en venta disponible en Agua 171, Jardines del Pedregal, Álvaro Obregón, 01900 Ciudad de México, CDMX #s/n, Col. Jardines del Pedregal, Álvaro Obregón, DF / CDMX, México, C.P. 01900, ID: 30619363",4 Recámaras | 5 Baños | 617 m 2,https://propiedades.com/inmuebles/casa-en-venta-agua-171-jardines-del-pedregal-alvaro-obregon-01900-ciudad-de-mexico-cdmx-sn-jardines-del-pedregal-df-30619363#pagina=22&tipos=casas-venta&area=ciudad-de-mexico&pos=30
Ciudad De Mexico,22,"$9,200,000
MXN","Avenida Tlahuac 3118 #3118, Col. Las Arboledas, Tláhuac, DF / CDMX, México, C.P. 13219, ID: 29482678",5 Recámaras | 3 Baños | 586 m 2,https://propiedades.com/inmuebles/casa-en-venta-avenida-tlahuac-3118-3118-las-arboledas-df-29482678#pagina=22&tipos=casas-venta&area=ciudad-de-mexico&pos=31
Ciudad De Mexico,22,"$5,400,000
MXN","Casa en venta, Azcapotzalco, Ciudad de México, CDMX, Col. Villas de Azcapotzalco, Azcapotzalco, DF / CDMX, México, C.P. 02169, ID: 24594399",5 Recámaras | 2 Baños | 286 m 2,https://propiedades.com/inmuebles/casa-en-venta-azcapotzalco-ciudad-de-mexico-cdmx-villas-de-azcapotzalco-df-24594399#pagina=22&tipos=casas-venta&area=ciudad-de-mexico&pos=32
Ciudad De Mexico,22,"$4,700,000
MXN","Casa en venta disponible en Priv. San Francisco 15, Barrio San Francisco, San Jerónimo Aculco, La Magdalena Contreras, 10500 Ciu #15, Col. Barrio San Francisco, La Magdalena Contreras, DF / CDMX, México, C.P. 10500, ID: 30724643",3 Recámaras | 3 Baños | 220 m 2,https://propiedades.com/inmuebles/casa-en-venta-priv-san-francisco-15-barrio-san-francisco-san-jeronimo-aculco-la-magdalena-contreras-10500-ciu-15-barrio-san-francisco-df-30724643#pagina=22&tipos=casas-venta&area=ciudad-de-mexico&pos=33
Ciudad De Mexico,22,"$6,300,000
MXN","C. Pensilvania, Nápoles, Ciudad de México, CDMX #s/n, Col. Napoles, Benito Juárez, DF / CDMX, México, C.P. 03810, ID: 30421476",3 Recámaras | 2 Baños | 117 m 2,https://propiedades.com/inmuebles/casa-en-venta-c-pensilvania-napoles-ciudad-de-mexico-cdmx-sn-napoles-df-30421476#pagina=22&tipos=casas-venta&area=ciudad-de-mexico&pos=34
Ciudad De Mexico,22,"$4,300,000
MXN","Guasave #s/n, Col. Culhuacán CTM Sección V, Coyoacán, DF / CDMX, México, C.P. 04440, ID: 30352845",3 Recámaras | 2 Baños | 89 m 2,https://propiedades.com/inmuebles/casa-en-venta-guasave-sn-culhuacan-ctm-seccion-v-df-30352845#pagina=22&tipos=casas-venta&area=ciudad-de-mexico&pos=35
Ciudad De Mexico,22,"$36,000,000
MXN","Casa disponible en venta en Acueducto Río Hondo, Lomas de Chapultepec IV Secc, 11000 Ciudad de México, CDMX #s/n, Col. Lomas de Chapultepec V Sección, Miguel Hidalgo, DF / CDMX, México, C.P. 11000, ID: 30730121",4 Recámaras | 3 Baños | 429 m 2,https://propiedades.com/inmuebles/casa-en-venta-acueducto-rio-hondo-lomas-de-chapultepec-iv-secc-11000-ciudad-de-mexico-cdmx-sn-lomas-de-chapultepec-v-seccion-df-30730121#pagina=22&tipos=casas-venta&area=ciudad-de-mexico&pos=36
Ciudad De Mexico,22,"$5,800,000
MXN","Priv. San Francisco 160, Barrio San Francisco, La Magdalena Contreras, 10500 Ciudad de México, CDMX #160, Col. Barrio San Francisco, La Magdalena Contreras, DF / CDMX, México, C.P. 10500, ID: 30255445",3 Recámaras | 3 Baños | 226 m 2,https://propiedades.com/inmuebles/casa-en-venta-priv-san-francisco-160-barrio-san-francisco-la-magdalena-contreras-10500-ciudad-de-mexico-cdmx-160-barrio-san-francisco-df-30255445#pagina=22&tipos=casas-venta&area=ciudad-de-mexico&pos=37
Ciudad De Mexico,22,"$17,531,563
MXN","Tlacopac 30, Campestre, Álvaro Obregón, 01040 Ciudad de México, CDMX #30, Col. Campestre, Álvaro Obregón, DF / CDMX, México, C.P. 01040, ID: 30577750",3 Recámaras | 1 Baño | 280 m 2,https://propiedades.com/inmuebles/casa-en-venta-tlacopac-30-campestre-alvaro-obregon-01040-ciudad-de-mexico-cdmx-30-campestre-df-30577750#pagina=22&tipos=casas-venta&area=ciudad-de-mexico&pos=38
Ciudad De Mexico,22,"$12,800,000
MXN","Casa en venta, Arenal, Col. Ex-Hacienda de Guadalupe Chimalistac, Álvaro Obregón, DF / CDMX, México, C.P. 01050, ID: 27971286",3 Recámaras | 3 Baños | 287 m 2,https://propiedades.com/inmuebles/casa-en-venta-arenal-exhacienda-de-guadalupe-chimalistac-df-27971286#pagina=22&tipos=casas-venta&area=ciudad-de-mexico&pos=39
Ciudad De Mexico,22,"$9,750,000
MXN","Se vende casa en Ing. Roberto Gayol & Eje 3 Nte, Guadalupe Insurgentes, 07870 Ciudad de México, CDMX #s/n, Col. Vallejo, Gustavo A. Madero, DF / CDMX, México, C.P. 07870, ID: 30347476",4 Recámaras | 2 Baños | 250 m 2,https://propiedades.com/inmuebles/casa-en-venta-ing-roberto-gayol-eje-3-nte-guadalupe-insurgentes-07870-ciudad-de-mexico-cdmx-sn-vallejo-df-30347476#pagina=22&tipos=casas-venta&area=ciudad-de-mexico&pos=40
Ciudad De Mexico,22,"$4,500,000
MXN","Casa en venta disponible en C. Dolores Guerrero, Coapa, Culhuacan CTM VIII, 04909 Ciudad de México, CDMX #21, Col. Culhuacán CTM CROC, Coyoacán, DF / CDMX, México, C.P. 04480, ID: 30435552",4 Recámaras | 4 Baños | 173 m 2,https://propiedades.com/inmuebles/casa-en-venta-c-dolores-guerrero-coapa-culhuacan-ctm-viii-04909-ciudad-de-mexico-cdmx-21-culhuacan-ctm-croc-df-30435552#pagina=22&tipos=casas-venta&area=ciudad-de-mexico&pos=41
Ciudad De Mexico,22,"$4,650,000
MXN","Casa disponible en venta en Plan de San Luis, San Lorenzo la Cebada, 16035 Ciudad de México, CDMX #s/n, Col. San Lorenzo La Cebada, Xochimilco, DF / CDMX, México, C.P. 16035, ID: 30518809",4 Recámaras | 4 Baños | 257 m 2,https://propiedades.com/inmuebles/casa-en-venta-plan-de-san-luis-san-lorenzo-la-cebada-16035-ciudad-de-mexico-cdmx-sn-san-lorenzo-la-cebada-df-30518809#pagina=22&tipos=casas-venta&area=ciudad-de-mexico&pos=42
Ciudad De Mexico,22,"$5,900,000
MXN","Casa disponible en venta en Altar, Col. Prados de Coyoacán, Coyoacán, DF / CDMX, México, C.P. 04810, ID: 30388282",4 Recámaras | 2 Baños | 140 m 2,https://propiedades.com/inmuebles/casa-en-venta-altar-prados-de-coyoacan-df-30388282#pagina=22&tipos=casas-venta&area=ciudad-de-mexico&pos=43
Ciudad De Mexico,22,"$35,000,000
MXN","Se vende casa en Avenida de los Poetas 100 Delegaciones #100 Delegaciones, Col. Santa Fe Cuajimalpa, Cuajimalpa de Morelos, DF / CDMX, México, C.P. 05348, ID: 28906104",3 Recámaras | 3 Baños | 400 m 2,https://propiedades.com/inmuebles/casa-en-venta-avenida-de-los-poetas-100-delegaciones-100-delegaciones-santa-fe-cuajimalpa-df-28906104#pagina=22&tipos=casas-venta&area=ciudad-de-mexico&pos=44
Ciudad De Mexico,22,"$18,800,000
MXN","Casa disponible en venta en Francisco Peñuñuri, Del Carmen, 04100 Ciudad de México, CDMX, Col. Del Carmen, Coyoacán, DF / CDMX, México, C.P. 04100, ID: 30563646",3 Recámaras | 3 Baños | 355 m 2,
Ciudad De Mexico,22,"$5,900,000
MXN","Venta casa en Av. de las Granjas 150, Jardín Azpeitia, Azcapotzalco, 02060 Ciudad de México, CDMX #150, Col. Un Hogar Para Cada Trabajador, Azcapotzalco, DF / CDMX, México, C.P. 02060, ID: 30626756",5 Recámaras | 3 Baños | 221 m 2,https://propiedades.com/inmuebles/casa-en-venta-av-de-las-granjas-150-jardin-azpeitia-azcapotzalco-02060-ciudad-de-mexico-cdmx-150-un-hogar-para-cada-trabajador-df-30626756#pagina=22&tipos=casas-venta&area=ciudad-de-mexico&pos=46
Ciudad De Mexico,22,"$39,500,000
MXN","Casa en venta, Fuego, Col. Jardines del Pedregal, Álvaro Obregón, DF / CDMX, México, C.P. 01900, ID: 30087072",3 Recámaras | 3 Baños | 1200 m 2,https://propiedades.com/inmuebles/casa-en-venta-fuego-jardines-del-pedregal-df-30087072#pagina=22&tipos=casas-venta&area=ciudad-de-mexico&pos=47
Ciudad De Mexico,23,"$7,800,000
MXN","Casa en venta, Playa Tecolutla, Militar Marte, Ciudad de México, CDMX #473, Col. Militar Marte, Iztacalco, DF / CDMX, México, C.P. 08830, ID: 30460640",4 Recámaras | 2 Baños | 200 m 2,https://propiedades.com/inmuebles/casa-en-venta-playa-tecolutla-militar-marte-ciudad-de-mexico-cdmx-473-militar-marte-df-30460640#pagina=23&tipos=casas-venta&area=ciudad-de-mexico&pos=1
Ciudad De Mexico,23,"$13,254,000
MXN","Cruz verde, Col. Del Niño Jesús, Coyoacán, DF / CDMX, México, C.P. 04330, ID: 28916789",3 Recámaras | 3 Baños | 198 m 2,https://propiedades.com/inmuebles/casa-en-venta-cruz-verde-del-nino-jesus-df-28916789#pagina=23&tipos=casas-venta&area=ciudad-de-mexico&pos=2
Ciudad De Mexico,23,"$13,500,000
MXN","Casa disponible en venta en Calle Arboledas #s/n, Col. Santa Cruz Xochitepec, Xochimilco, DF / CDMX, México, C.P. 16100, ID: 30115688",4 Recámaras | 4 Baños | 500 m 2,https://propiedades.com/inmuebles/casa-en-venta-calle-arboledas-sn-santa-cruz-xochitepec-df-30115688#pagina=23&tipos=casas-venta&area=ciudad-de-mexico&pos=3
Ciudad De Mexico,23,"$14,000,000
MXN","Venta casa en Prol Ocotepec, San Jerónimo Lídice, 10200 Ciudad de México, CDMX, Col. San Jerónimo Lídice, La Magdalena Contreras, DF / CDMX, México, C.P. 10200, ID: 30339323",4 Recámaras | 4 Baños | 480 m 2,https://propiedades.com/inmuebles/casa-en-venta-prol-ocotepec-san-jeronimo-lidice-10200-ciudad-de-mexico-cdmx-san-jeronimo-lidice-df-30339323#pagina=23&tipos=casas-venta&area=ciudad-de-mexico&pos=4
Ciudad De Mexico,23,"$1,850,000
MXN","Se vende casa Avenida Tamaulipas, Col. Estado de Hidalgo, Álvaro Obregón, DF / CDMX, México, C.P. 01520, ID: 30122516",3 Recámaras | 3 Baños | 176 m 2,https://propiedades.com/inmuebles/casa-en-venta-avenida-tamaulipas-estado-de-hidalgo-df-30122516#pagina=23&tipos=casas-venta&area=ciudad-de-mexico&pos=5
Ciudad De Mexico,23,"$7,000,000
MXN","P, Col. Prados de Coyoacán, Coyoacán, DF / CDMX, México, C.P. 04810, ID: 28814609",3 Recámaras | 3 Baños | 121 m 2,https://propiedades.com/inmuebles/casa-en-venta-p-prados-de-coyoacan-df-28814609#pagina=23&tipos=casas-venta&area=ciudad-de-mexico&pos=6
Ciudad De Mexico,23,"$7,500,000
MXN","Se vende casa Cerró de mezontepec, Col. Campestre Churubusco, Coyoacán, DF / CDMX, México, C.P. 04200, ID: 28448351",3 Recámaras | 2 Baños | 220 m 2,https://propiedades.com/inmuebles/casa-en-venta-cerro-de-mezontepec-campestre-churubusco-df-28448351#pagina=23&tipos=casas-venta&area=ciudad-de-mexico&pos=7
Ciudad De Mexico,23,"$33,000,000
MXN","Venta de casa Bosque de Pinos, Col. Bosque de las Lomas, Miguel Hidalgo, DF / CDMX, México, C.P. 11700, ID: 29368403",3 Recámaras | 3 Baños | 900 m 2,https://propiedades.com/inmuebles/casa-en-venta-bosque-de-pinos-bosque-de-las-lomas-df-29368403#pagina=23&tipos=casas-venta&area=ciudad-de-mexico&pos=8
Ciudad De Mexico,23,"$5,000,000
MXN","C. Don Carlo, Miguel Hidalgo, Tláhuac, 13200 Ciudad de México, CDMX #s/n, Col. Miguel Hidalgo, Tláhuac, DF / CDMX, México, C.P. 13200, ID: 30327326",4 Recámaras | 3 Baños | 215 m 2,https://propiedades.com/inmuebles/casa-en-venta-c-don-carlo-miguel-hidalgo-tlahuac-13200-ciudad-de-mexico-cdmx-sn-miguel-hidalgo-df-30327326#pagina=23&tipos=casas-venta&area=ciudad-de-mexico&pos=9
Ciudad De Mexico,23,"$10,200,000
MXN","Venta de casa C. Cidonia, Coapa, Jardines de Coyoacán, 04890 Ciudad de México, CDMX #s/n, Col. Jardines de Coyoacán, Coyoacán, DF / CDMX, México, C.P. 04890, ID: 30385126",3 Recámaras | 3 Baños | 308 m 2,https://propiedades.com/inmuebles/casa-en-venta-c-cidonia-coapa-jardines-de-coyoacan-04890-ciudad-de-mexico-cdmx-sn-jardines-de-coyoacan-df-30385126#pagina=23&tipos=casas-venta&area=ciudad-de-mexico&pos=10
Ciudad De Mexico,23,"$12,000,000
MXN","Canal de Miramontes 3682, Coapa, Jardines Villa Coapa, Tlalpan, 14390 Ciudad de México, CDMX #3682, Col. Residencial Villa Coapa, Tlalpan, DF / CDMX, México, C.P. 14390, ID: 30250686",7 Recámaras | 2 Baños | 128 m 2,https://propiedades.com/inmuebles/casa-en-venta-canal-de-miramontes-3682-coapa-jardines-villa-coapa-tlalpan-14390-ciudad-de-mexico-cdmx-3682-residencial-villa-coapa-df-30250686#pagina=23&tipos=casas-venta&area=ciudad-de-mexico&pos=11
Ciudad De Mexico,23,"$14,000,000
MXN","Calle Tzinal #19, Col. Héroes de Padierna, Tlalpan, DF / CDMX, México, C.P. 14200, ID: 28197641",3 Recámaras | 4 Baños | 397 m 2,https://propiedades.com/inmuebles/casa-en-venta-calle-tzinal-19-heroes-de-padierna-df-28197641#pagina=23&tipos=casas-venta&area=ciudad-de-mexico&pos=12
Ciudad De Mexico,23,"$6,390,000
MXN","Casa disponible en venta en Viaducto Río de la Piedad #s/n, Col. General Ignacio Zaragoza, Venustiano Carranza, DF / CDMX, México, C.P. 15000, ID: 29992185",3 Recámaras | 1 Baño | 320 m 2,https://propiedades.com/inmuebles/casa-en-venta-viaducto-rio-de-la-piedad-sn-general-ignacio-zaragoza-df-29992185#pagina=23&tipos=casas-venta&area=ciudad-de-mexico&pos=13
Ciudad De Mexico,23,"$8,500,000
MXN","Venta de casa De Los Albatros 73 #73, Col. Lomas de las Águilas, Álvaro Obregón, DF / CDMX, México, C.P. 01730, ID: 29853639",3 Recámaras | 4 Baños | 350 m 2,https://propiedades.com/inmuebles/casa-en-venta-de-los-albatros-73-73-lomas-de-las-aguilas-df-29853639#pagina=23&tipos=casas-venta&area=ciudad-de-mexico&pos=14
Ciudad De Mexico,23,"$4,800,000
MXN","Calle Oriente 164 #281, Col. Moctezuma 2a Sección, Venustiano Carranza, DF / CDMX, México, C.P. 15530, ID: 28738573",6 Recámaras | 4 Baños | 354 m 2,https://propiedades.com/inmuebles/casa-en-venta-calle-oriente-164-281-moctezuma-2a-seccion-df-28738573#pagina=23&tipos=casas-venta&area=ciudad-de-mexico&pos=15
Ciudad De Mexico,23,"$6,000,000
MXN","Casa en venta, Nuevo Renacimiento de Axalco, Ciudad de México, CDMX #s/n, Col. Nuevo Renacimiento de Axalco, Tlalpan, DF / CDMX, México, C.P. 14408, ID: 30800431",4 Recámaras | 2 Baños | 293 m 2,https://propiedades.com/inmuebles/casa-en-venta-nuevo-renacimiento-de-axalco-ciudad-de-mexico-cdmx-sn-nuevo-renacimiento-de-axalco-df-30800431#pagina=23&tipos=casas-venta&area=ciudad-de-mexico&pos=16
Ciudad De Mexico,23,"$3,500,000,000
MXN","1er. Cjon. Ignacio Aldama 10, Santa María Tepepan, Xochimilco, 16020 Ciudad de México, CDMX #10, Col. Santa María Tepepan, Xochimilco, DF / CDMX, México, C.P. 16020, ID: 30338076",3 Recámaras | 2 Baños | 240 m 2,https://propiedades.com/inmuebles/casa-en-venta-1er-cjon-ignacio-aldama-10-santa-maria-tepepan-xochimilco-16020-ciudad-de-mexico-cdmx-10-santa-maria-tepepan-df-30338076#pagina=23&tipos=casas-venta&area=ciudad-de-mexico&pos=17
Ciudad De Mexico,23,"$6,500,000
MXN","De La Arena, Col. Residencial Acueducto de Guadalupe, Gustavo A. Madero, DF / CDMX, México, C.P. 07270, ID: 29475537",3 Recámaras | 3 Baños | 245 m 2,https://propiedades.com/inmuebles/casa-en-venta-de-la-arena-residencial-acueducto-de-guadalupe-df-29475537#pagina=23&tipos=casas-venta&area=ciudad-de-mexico&pos=18
Ciudad De Mexico,23,"$21,500,000
MXN","Venta de casa Paseo de Los Ahuehuetes Norte #s/n, Col. Bosque de las Lomas, Miguel Hidalgo, DF / CDMX, México, C.P. 11700, ID: 30162426",4 Recámaras | 4 Baños | 740 m 2,https://propiedades.com/inmuebles/casa-en-venta-paseo-de-los-ahuehuetes-norte-sn-bosque-de-las-lomas-df-30162426#pagina=23&tipos=casas-venta&area=ciudad-de-mexico&pos=19
Ciudad De Mexico,23,"$4,500,000
MXN","Casa en venta, Sur 23 #Manzana 42 Int. Lote 425C, Col. Leyes de Reforma 2a Sección, Iztapalapa, DF / CDMX, México, C.P. 09310, ID: 29858524",1 Recámara | 1 Baño | 330 m 2,https://propiedades.com/inmuebles/casa-en-venta-sur-23-manzana-42-leyes-de-reforma-2a-seccion-df-29858524#pagina=23&tipos=casas-venta&area=ciudad-de-mexico&pos=20
Ciudad De Mexico,23,"$16,400,000
MXN","Casa en venta disponible en Tuxpan, San Jerónimo Aculco, 10400 Ciudad de México, CDMX #s/n, Col. San Jerónimo Aculco, La Magdalena Contreras, DF / CDMX, México, C.P. 10400, ID: 30615441",3 Recámaras | 2 Baños | 366 m 2,
Ciudad De Mexico,23,"$9,500,000
MXN","Casa en venta, Prolongación Guadalupe Victoria 7 #7, Col. San Miguel Ajusco, Tlalpan, DF / CDMX, México, C.P. 14700, ID: 28899573",4 Recámaras | 3 Baños | 172 m 2,https://propiedades.com/inmuebles/casa-en-venta-prolongacion-guadalupe-victoria-7-7-san-miguel-ajusco-df-28899573#pagina=23&tipos=casas-venta&area=ciudad-de-mexico&pos=22
Ciudad De Mexico,23,"$4,000,000
MXN","Casa en venta, 1ero de Marzo, Col. Santo Tomas Ajusco, Tlalpan, DF / CDMX, México, C.P. 14710, ID: 26386097",3 Recámaras | 3 Baños | 200 m 2,https://propiedades.com/inmuebles/casa-en-venta-1ero-de-marzo-santo-tomas-ajusco-df-26386097#pagina=23&tipos=casas-venta&area=ciudad-de-mexico&pos=23
Ciudad De Mexico,23,"$6,300,000
MXN","Se vende casa Rómulo Valdez Romero 107 #107, Col. Presidentes Ejidales 2a Sección, Coyoacán, DF / CDMX, México, C.P. 04470, ID: 29951638",5 Recámaras | 3 Baños | 283 m 2,https://propiedades.com/inmuebles/casa-en-venta-romulo-valdez-romero-107-107-presidentes-ejidales-2a-seccion-df-29951638#pagina=23&tipos=casas-venta&area=ciudad-de-mexico&pos=24
Ciudad De Mexico,23,"$7,300,000
MXN","Dr. Atl, Coapa, Belisario Domínguez, 14310 Ciudad de México, CDMX #17, Col. Belisario Domínguez, Tlalpan, DF / CDMX, México, C.P. 14310, ID: 30453237",5 Recámaras | 5 Baños | 286 m 2,https://propiedades.com/inmuebles/casa-en-venta-dr-atl-coapa-belisario-dominguez-14310-ciudad-de-mexico-cdmx-17-belisario-dominguez-df-30453237#pagina=23&tipos=casas-venta&area=ciudad-de-mexico&pos=25
Ciudad De Mexico,23,"$4,000,000
MXN","Venta de casa en C. Tinum, Pedregal de San Nicolás 1ra Secc, 14100 Ciudad de México, CDMX, Col. Pedregal de San Nicolás 4A Sección, Tlalpan, DF / CDMX, México, C.P. 14100, ID: 30388585",3 Recámaras | 2 Baños | 255 m 2,https://propiedades.com/inmuebles/casa-en-venta-c-tinum-pedregal-de-san-nicolas-1ra-secc-14100-ciudad-de-mexico-cdmx-pedregal-de-san-nicolas-4a-seccion-df-30388585#pagina=23&tipos=casas-venta&area=ciudad-de-mexico&pos=26
Ciudad De Mexico,23,"$5,980,000
MXN","Venta casa en Huipulco, Ciudad de México, CDMX #s/n, Col. San Lorenzo Huipulco, Tlalpan, DF / CDMX, México, C.P. 14370, ID: 30553547",6 Recámaras | 3 Baños | 241 m 2,https://propiedades.com/inmuebles/casa-en-venta-huipulco-ciudad-de-mexico-cdmx-sn-san-lorenzo-huipulco-df-30553547#pagina=23&tipos=casas-venta&area=ciudad-de-mexico&pos=27
Ciudad De Mexico,23,"$12,750,000
MXN","Venta casa en Cda. Millet 22, Extremadura Insurgentes, Benito Juárez, 03740 Ciudad de México, CDMX #22, Col. Extremadura Insurgentes, Benito Juárez, DF / CDMX, México, C.P. 03740, ID: 30277359",3 Recámaras | 3 Baños | 374 m 2,https://propiedades.com/inmuebles/casa-en-venta-cda-millet-22-extremadura-insurgentes-benito-juarez-03740-ciudad-de-mexico-cdmx-22-extremadura-insurgentes-df-30277359#pagina=23&tipos=casas-venta&area=ciudad-de-mexico&pos=28
Ciudad De Mexico,23,"$4,900,000
MXN","Se vende casa Paseo Turqueza 26 #26, Col. Miguel Hidalgo 4A Sección, Tlalpan, DF / CDMX, México, C.P. 14250, ID: 29957663",5 Recámaras | 4 Baños | 340 m 2,https://propiedades.com/inmuebles/casa-en-venta-paseo-turqueza-26-26-miguel-hidalgo-4a-seccion-df-29957663#pagina=23&tipos=casas-venta&area=ciudad-de-mexico&pos=29
Ciudad De Mexico,23,"$10,700,000
MXN","Casa en venta disponible en BERLIN1936 #1936, Col. Olímpica, Coyoacán, DF / CDMX, México, C.P. 04710, ID: 17237108",4 Recámaras | 3 Baños | 338 m 2,https://propiedades.com/inmuebles/casa-en-venta-berlin1936-1936-olimpica-df-17237108#pagina=23&tipos=casas-venta&area=ciudad-de-mexico&pos=30
Ciudad De Mexico,23,"$14,900,000
MXN","Se vende casa Torres Lindavista, Ciudad de México, CDMX #s/n, Col. Torres Lindavista, Gustavo A. Madero, DF / CDMX, México, C.P. 07708, ID: 30313408",3 Recámaras | 2 Baños,https://propiedades.com/inmuebles/casa-en-venta-torres-lindavista-ciudad-de-mexico-cdmx-sn-torres-lindavista-df-30313408#pagina=23&tipos=casas-venta&area=ciudad-de-mexico&pos=31
Ciudad De Mexico,23,"$4,000,000
MXN","Casa en venta, Plan de Ayutla, San Lorenzo la Cebada, 16035 Ciudad de México, CDMX #s/n, Col. San Lorenzo La Cebada, Xochimilco, DF / CDMX, México, C.P. 16035, ID: 30541325",4 Recámaras | 2 Baños | 283 m 2,https://propiedades.com/inmuebles/casa-en-venta-plan-de-ayutla-san-lorenzo-la-cebada-16035-ciudad-de-mexico-cdmx-sn-san-lorenzo-la-cebada-df-30541325#pagina=23&tipos=casas-venta&area=ciudad-de-mexico&pos=32
Ciudad De Mexico,23,"$24,750,000
MXN","Venta casa en Avenida Paseo de la Reforma #2570, Col. Lomas Altas, Miguel Hidalgo, DF / CDMX, México, C.P. 11950, ID: 30072241",1 Recámara | 1 Baño | 602 m 2,https://propiedades.com/inmuebles/casa-en-venta-avenida-paseo-de-la-reforma-2570-lomas-altas-df-30072241#pagina=23&tipos=casas-venta&area=ciudad-de-mexico&pos=33
Ciudad De Mexico,23,"$617,000
MXN","Se vende casa Lic. Alberto Terronez B., Constitución de 1917, 09260 Ciudad de México, CDMX, Col. Constitución de 1917, Iztapalapa, DF / CDMX, México, C.P. 09260, ID: 30518582",3 Recámaras | 2 Baños | 180 m 2,https://propiedades.com/inmuebles/casa-en-venta-lic-alberto-terronez-b-constitucion-de-1917-09260-ciudad-de-mexico-cdmx-constitucion-de-1917-df-30518582#pagina=23&tipos=casas-venta&area=ciudad-de-mexico&pos=34
Ciudad De Mexico,23,"$10,000,000
MXN","Casa en venta disponible en Irapuato #72, Col. Clavería, Azcapotzalco, DF / CDMX, México, C.P. 02080, ID: 29515598",6 Recámaras | 3 Baños | 278 m 2,https://propiedades.com/inmuebles/casa-en-venta-irapuato-72-claveria-df-29515598#pagina=23&tipos=casas-venta&area=ciudad-de-mexico&pos=35
Ciudad De Mexico,23,"$15,500,000
MXN","Se vende casa en Bosque del Sur, 16010 Ciudad de México, CDMX, Col. Rinconada Coapa, Xochimilco, DF / CDMX, México, C.P. 16035, ID: 30267278",6 Recámaras | 5 Baños | 600 m 2,https://propiedades.com/inmuebles/casa-en-venta-bosque-del-sur-16010-ciudad-de-mexico-cdmx-rinconada-coapa-df-30267278#pagina=23&tipos=casas-venta&area=ciudad-de-mexico&pos=36
Ciudad De Mexico,23,"$15,000,000
MXN","Casa disponible en venta en Vizcainoco 73 #73, Col. Chimalistac, Álvaro Obregón, DF / CDMX, México, C.P. 01070, ID: 29704661",3 Recámaras | 3 Baños | 252 m 2,https://propiedades.com/inmuebles/casa-en-venta-vizcainoco-73-73-chimalistac-df-29704661#pagina=23&tipos=casas-venta&area=ciudad-de-mexico&pos=37
Ciudad De Mexico,23,"$7,800,000
MXN","Venta de casa en Sudzal #s/n, Col. Pedregal de San Nicolás 4A Sección, Tlalpan, DF / CDMX, México, C.P. 14100, ID: 30071762",3 Recámaras | 3 Baños | 471 m 2,https://propiedades.com/inmuebles/casa-en-venta-sudzal-sn-pedregal-de-san-nicolas-4a-seccion-df-30071762#pagina=23&tipos=casas-venta&area=ciudad-de-mexico&pos=38
Ciudad De Mexico,23,"$8,450,000
MXN","Casa en venta disponible en Nte. 81, Benito Juárez, Sindicato Mexicano de Electricistas, Ciudad de México, CDMX, Col. Sindicato Mexicano de Electricistas, Azcapotzalco, DF / CDMX, México, C.P. 02060, ID: 30432185",4 Recámaras | 2 Baños | 130 m 2,https://propiedades.com/inmuebles/casa-en-venta-nte-81-benito-juarez-sindicato-mexicano-de-electricistas-ciudad-de-mexico-cdmx-sindicato-mexicano-de-electricistas-df-30432185#pagina=23&tipos=casas-venta&area=ciudad-de-mexico&pos=39
Ciudad De Mexico,23,"$32,000,000
MXN","Casa en venta, Pitagoras, Col. Narvarte Poniente, Benito Juárez, DF / CDMX, México, C.P. 03020, ID: 28875153",3 Recámaras | 2 Baños | 1200 m 2,https://propiedades.com/inmuebles/casa-en-venta-pitagoras-narvarte-poniente-df-28875153#pagina=23&tipos=casas-venta&area=ciudad-de-mexico&pos=40
Ciudad De Mexico,23,"$16,000,000
MXN","Se vende casa en NICOLAS SAN JUAN, Col. Del Valle Centro, Benito Juárez, DF / CDMX, México, C.P. 03100, ID: 28571220",5 Recámaras | 5 Baños | 817 m 2,https://propiedades.com/inmuebles/casa-en-venta-nicolas-san-juan-del-valle-centro-df-28571220#pagina=23&tipos=casas-venta&area=ciudad-de-mexico&pos=41
Ciudad De Mexico,23,"$8,950,000
MXN","Casa disponible en venta en Av 557 #58, Col. San Juan de Aragón I Sección, Gustavo A. Madero, DF / CDMX, México, C.P. 07969, ID: 30037326",4 Recámaras | 3 Baños | 305 m 2,https://propiedades.com/inmuebles/casa-en-venta-av-557-58-san-juan-de-aragon-i-seccion-df-30037326#pagina=23&tipos=casas-venta&area=ciudad-de-mexico&pos=42
Ciudad De Mexico,23,"$19,900,000
MXN","Monte Aripo, Col. Jardines en la Montaña, Tlalpan, DF / CDMX, México, C.P. 14210, ID: 28887440",3 Recámaras | 3 Baños | 415 m 2,https://propiedades.com/inmuebles/casa-en-venta-monte-aripo-jardines-en-la-montana-df-28887440#pagina=23&tipos=casas-venta&area=ciudad-de-mexico&pos=43
Ciudad De Mexico,23,"$780,000
MXN","Venta casa en Cerrada de Omega 169 #169, Col. Monte de Piedad, Coyoacán, DF / CDMX, México, C.P. 04310, ID: 30152657",5 Recámaras | 2 Baños | 256 m 2,https://propiedades.com/inmuebles/casa-en-venta-cerrada-de-omega-169-169-monte-de-piedad-df-30152657#pagina=23&tipos=casas-venta&area=ciudad-de-mexico&pos=44
Ciudad De Mexico,23,"$6,800,000
MXN","Antonio Ancona 120, Cuajimalpa, Cuajimalpa de Morelos, 05000 Ciudad de México, CDMX #120, Col. Cuajimalpa, Cuajimalpa de Morelos, DF / CDMX, México, C.P. 05000, ID: 30261320",4 Recámaras | 3 Baños | 250 m 2,https://propiedades.com/inmuebles/casa-en-venta-antonio-ancona-120-cuajimalpa-cuajimalpa-de-morelos-05000-ciudad-de-mexico-cdmx-120-cuajimalpa-df-30261320#pagina=23&tipos=casas-venta&area=ciudad-de-mexico&pos=45
Ciudad De Mexico,23,"$7,850,000
MXN","Casa en venta, Rivera Cambas Jardín Balbuena , Col. Jardín Balbuena, Venustiano Carranza, DF / CDMX, México, C.P. 15900, ID: 26788259",4 Recámaras | 4 Baños | 280 m 2,https://propiedades.com/inmuebles/casa-en-venta-rivera-cambas-jardin-balbuena-jardin-balbuena-df-26788259#pagina=23&tipos=casas-venta&area=ciudad-de-mexico&pos=46
Ciudad De Mexico,23,"$3,405,832
MXN","Se vende casa Lic. Juan C. Doria, Juan Escutia, 09100 Ciudad de México, CDMX #25, Col. Juan Escutia, Iztapalapa, DF / CDMX, México, C.P. 09100, ID: 30237147",3 Recámaras | 2 Baños | 326 m 2,https://propiedades.com/inmuebles/casa-en-venta-lic-juan-c-doria-juan-escutia-09100-ciudad-de-mexico-cdmx-25-juan-escutia-df-30237147#pagina=23&tipos=casas-venta&area=ciudad-de-mexico&pos=47
Ciudad De Mexico,24,"$25,000,000
MXN","Cam. Al Cedral, San Andrés Totoltepec, Ciudad de México, CDMX, Col. San Andrés Totoltepec, Tlalpan, DF / CDMX, México, C.P. 14400, ID: 30448504",5 Recámaras | 7 Baños | 750 m 2,https://propiedades.com/inmuebles/casa-en-venta-cam-al-cedral-san-andres-totoltepec-ciudad-de-mexico-cdmx-san-andres-totoltepec-df-30448504#pagina=24&tipos=casas-venta&area=ciudad-de-mexico&pos=1
Ciudad De Mexico,24,"$12,988,000
MXN","Casa en venta, Transmisiones 38, Lomas de San Ángel Inn, Álvaro Obregón, 01790 Ciudad de México, CDMX #38, Col. Lomas de San Ángel Inn, Álvaro Obregón, DF / CDMX, México, C.P. 01790, ID: 30810046",5 Recámaras | 4 Baños | 451 m 2,https://propiedades.com/inmuebles/casa-en-venta-transmisiones-38-lomas-de-san-angel-inn-alvaro-obregon-01790-ciudad-de-mexico-cdmx-38-lomas-de-san-angel-inn-df-30810046#pagina=24&tipos=casas-venta&area=ciudad-de-mexico&pos=2
Ciudad De Mexico,24,"$14,000,000
MXN","Se vende casa Nicolás San Juan #709Int. NO, Col. Del Valle Centro, Benito Juárez, DF / CDMX, México, C.P. 03100, ID: 29780908",10 Recámaras | 3 Baños | 300 m 2,https://propiedades.com/inmuebles/casa-en-venta-nicolas-san-juan-709-del-valle-centro-df-29780908#pagina=24&tipos=casas-venta&area=ciudad-de-mexico&pos=3
Ciudad De Mexico,24,"$4,450,000
MXN","Casa en venta, Avenida 16 de Septiembre #95Int. 12, Col. Xaltocan, Xochimilco, DF / CDMX, México, C.P. 16090, ID: 29879779",3 Recámaras | 3 Baños | 134 m 2,https://propiedades.com/inmuebles/casa-en-venta-avenida-16-de-septiembre-95-xaltocan-df-29879779#pagina=24&tipos=casas-venta&area=ciudad-de-mexico&pos=4
Ciudad De Mexico,24,"$1,002,906
MXN","Se vende casa Calle J. Enrique Pestalozzi 622 #622, Col. Narvarte Poniente, Benito Juárez, DF / CDMX, México, C.P. 03020, ID: 30072089",4 Recámaras | 3 Baños | 320 m 2,https://propiedades.com/inmuebles/casa-en-venta-calle-j-enrique-pestalozzi-622-622-narvarte-poniente-df-30072089#pagina=24&tipos=casas-venta&area=ciudad-de-mexico&pos=5
Ciudad De Mexico,24,"$30,000,000
MXN","Se vende casa San Ángel, Ciudad de México, CDMX #s/n, Col. San Angel, Álvaro Obregón, DF / CDMX, México, C.P. 01000, ID: 30498670",3 Recámaras | 2 Baños | 900 m 2,
Ciudad De Mexico,24,"$4,900,000
MXN","Venta de casa en 1ra privada de aureliano rivera 37 #37, Col. Santo Tomas Ajusco, Tlalpan, DF / CDMX, México, C.P. 14710, ID: 30635977",3 Recámaras | 3 Baños | 200 m 2,https://propiedades.com/inmuebles/casa-en-venta-1ra-privada-de-aureliano-rivera-37-37-santo-tomas-ajusco-df-30635977#pagina=24&tipos=casas-venta&area=ciudad-de-mexico&pos=7
Ciudad De Mexico,24,"$13,750,000
MXN","Casa disponible en venta en Calle Vicente García Torres 214, San Lucas, Coyoacán, 04030 Ciudad de México, CDMX #214, Col. Barrio San Lucas, Coyoacán, DF / CDMX, México, C.P. 04030, ID: 30378688",5 Recámaras | 3 Baños | 437 m 2,https://propiedades.com/inmuebles/casa-en-venta-calle-vicente-garcia-torres-214-san-lucas-coyoacan-04030-ciudad-de-mexico-cdmx-214-barrio-san-lucas-df-30378688#pagina=24&tipos=casas-venta&area=ciudad-de-mexico&pos=8
Ciudad De Mexico,24,"$1,850,000
MXN","Venta de casa en Los Padres, Ciudad de México, CDMX #s/n, Col. Los Padres, La Magdalena Contreras, DF / CDMX, México, C.P. 10340, ID: 30262470",3 Recámaras | 2 Baños | 189 m 2,https://propiedades.com/inmuebles/casa-en-venta-los-padres-ciudad-de-mexico-cdmx-sn-los-padres-df-30262470#pagina=24&tipos=casas-venta&area=ciudad-de-mexico&pos=9
Ciudad De Mexico,24,"$610,000
MXN","Venta casa en Lic. Alberto Terronez B., Constitución de 1917, 09260 Ciudad de México, CDMX #s/n, Col. Constitución de 1917, Iztapalapa, DF / CDMX, México, C.P. 09260, ID: 30533028",3 Recámaras | 2 Baños | 270 m 2,https://propiedades.com/inmuebles/casa-en-venta-lic-alberto-terronez-b-constitucion-de-1917-09260-ciudad-de-mexico-cdmx-sn-constitucion-de-1917-df-30533028#pagina=24&tipos=casas-venta&area=ciudad-de-mexico&pos=10
Ciudad De Mexico,24,"$8,000,000
MXN","Casa disponible en venta en Calzada Desierto de los Leones, Col. Tetelpan, Álvaro Obregón, DF / CDMX, México, C.P. 01700, ID: 28946132",4 Recámaras | 3 Baños | 234 m 2,https://propiedades.com/inmuebles/casa-en-venta-calzada-desierto-de-los-leones-tetelpan-df-28946132#pagina=24&tipos=casas-venta&area=ciudad-de-mexico&pos=11
Ciudad De Mexico,24,"$8,400,000
MXN","Av. Jesús Galindo Y Villa, Jardín Balbuena, Ciudad de México, CDMX, Col. Jardín Balbuena, Venustiano Carranza, DF / CDMX, México, C.P. 15900, ID: 30682320",4 Recámaras | 3 Baños | 298 m 2,
Ciudad De Mexico,24,"$5,500,000
MXN","Managua, 07300 Ciudad de México, CDMXInt. 725, Col. Lindavista Norte, Gustavo A. Madero, DF / CDMX, México, C.P. 07300, ID: 30296656",3 Recámaras | 3 Baños | 310 m 2,https://propiedades.com/inmuebles/casa-en-venta-managua-07300-ciudad-de-mexico-cdmx-lindavista-norte-df-30296656#pagina=24&tipos=casas-venta&area=ciudad-de-mexico&pos=13
Ciudad De Mexico,24,"$38,000,000
MXN","Casa en venta disponible en , Col. Jardines del Pedregal, Álvaro Obregón, DF / CDMX, México, C.P. 01900, ID: 27933076",4 Recámaras | 4 Baños | 860 m 2,https://propiedades.com/inmuebles/casa-en-venta-jardines-del-pedregal-df-27933076#pagina=24&tipos=casas-venta&area=ciudad-de-mexico&pos=14
Ciudad De Mexico,24,"$5,700,000
MXN","Se vende casa en Avelino Ortega A., Coapa, Presidentes Ejidales 1ra Secc, 04470 Ciudad de México, CDMX #s/n, Col. Presidentes Ejidales 2a Sección, Coyoacán, DF / CDMX, México, C.P. 04470, ID: 30498673",3 Recámaras | 2 Baños | 100 m 2,https://propiedades.com/inmuebles/casa-en-venta-avelino-ortega-a-coapa-presidentes-ejidales-1ra-secc-04470-ciudad-de-mexico-cdmx-sn-presidentes-ejidales-2a-seccion-df-30498673#pagina=24&tipos=casas-venta&area=ciudad-de-mexico&pos=15
Ciudad De Mexico,24,"$3,150,000
MXN","Casa en venta, Ote. 233A 12, Agrícola Oriental, Iztacalco, 08500 Ciudad de México, CDMX #12, Col. Agrícola Oriental, Iztacalco, DF / CDMX, México, C.P. 08500, ID: 30589010",2 Recámaras | 1 Baño | 156 m 2,https://propiedades.com/inmuebles/casa-en-venta-ote-233a-12-agricola-oriental-iztacalco-08500-ciudad-de-mexico-cdmx-12-agricola-oriental-df-30589010#pagina=24&tipos=casas-venta&area=ciudad-de-mexico&pos=16
Ciudad De Mexico,24,"$3,895,001
MXN","Casa disponible en venta en Capulin, Col. Santa Cruz Xochitepec, Xochimilco, DF / CDMX, México, C.P. 16100, ID: 27576934",4 Recámaras | 3 Baños | 175 m 2,https://propiedades.com/inmuebles/casa-en-venta-capulin-santa-cruz-xochitepec-df-27576934#pagina=24&tipos=casas-venta&area=ciudad-de-mexico&pos=17
Ciudad De Mexico,24,"$14,200,000
MXN","Venta de casa Callejon del pino #13, Col. Chimalistac, Álvaro Obregón, DF / CDMX, México, C.P. 01070, ID: 27032442",4 Recámaras | 3 Baños | 352 m 2,https://propiedades.com/inmuebles/casa-en-venta-callejon-del-pino-13-chimalistac-df-27032442#pagina=24&tipos=casas-venta&area=ciudad-de-mexico&pos=18
Ciudad De Mexico,24,"$38,000,000
MXN","Se vende casa reyna #117, Col. San Angel, Álvaro Obregón, DF / CDMX, México, C.P. 01000, ID: 28045087",3 Recámaras | 3 Baños | 500 m 2,https://propiedades.com/inmuebles/casa-en-venta-reyna-117-san-angel-df-28045087#pagina=24&tipos=casas-venta&area=ciudad-de-mexico&pos=19
Ciudad De Mexico,24,"$14,000,000
MXN","Casa en venta, Nicolás San Juan 709 #709, Col. Del Valle Centro, Benito Juárez, DF / CDMX, México, C.P. 03100, ID: 29886492",8 Recámaras | 4 Baños | 300 m 2,https://propiedades.com/inmuebles/casa-en-venta-nicolas-san-juan-709-709-del-valle-centro-df-29886492#pagina=24&tipos=casas-venta&area=ciudad-de-mexico&pos=20
Ciudad De Mexico,24,"$2,536,776
MXN","Gregorio Sosa 47, Consejo Agrarista Mexicano, Iztapalapa, 09760 Ciudad de México, CDMX #47, Col. Consejo Agrarista Mexicano, Iztapalapa, DF / CDMX, México, C.P. 09760, ID: 30237270",3 Recámaras | 2 Baños | 270 m 2,https://propiedades.com/inmuebles/casa-en-venta-gregorio-sosa-47-consejo-agrarista-mexicano-iztapalapa-09760-ciudad-de-mexico-cdmx-47-consejo-agrarista-mexicano-df-30237270#pagina=24&tipos=casas-venta&area=ciudad-de-mexico&pos=21
Ciudad De Mexico,24,"$3,800,000
MXN","Se vende casa en Calle Oyamel, Col. Las Arboledas, Tláhuac, DF / CDMX, México, C.P. 13219, ID: 29464712",4 Recámaras | 4 Baños | 240 m 2,https://propiedades.com/inmuebles/casa-en-venta-calle-oyamel-las-arboledas-df-29464712#pagina=24&tipos=casas-venta&area=ciudad-de-mexico&pos=22
Ciudad De Mexico,24,"$5,783,938
MXN","Casa disponible en venta en Ciudad Victoria 43 #43, Col. Olivar de los Padres, Álvaro Obregón, DF / CDMX, México, C.P. 01780, ID: 30152896",2 Recámaras | 1 Baño | 140 m 2,https://propiedades.com/inmuebles/casa-en-venta-ciudad-victoria-43-43-olivar-de-los-padres-df-30152896#pagina=24&tipos=casas-venta&area=ciudad-de-mexico&pos=23
Ciudad De Mexico,24,"$5,900,000
MXN","Casa disponible en venta en Huetzin , Col. Santa Isabel Tola, Gustavo A. Madero, DF / CDMX, México, C.P. 07010, ID: 30082381",9 Recámaras | 3 Baños | 754 m 2,https://propiedades.com/inmuebles/casa-en-venta-huetzin-santa-isabel-tola-df-30082381#pagina=24&tipos=casas-venta&area=ciudad-de-mexico&pos=24
Ciudad De Mexico,24,"$7,500,000
MXN","Se vende casa en Rancho Romeral #30, Col. Haciendas de Coyoacán, Coyoacán, DF / CDMX, México, C.P. 04970, ID: 29078356",3 Recámaras | 3 Baños | 228 m 2,https://propiedades.com/inmuebles/casa-en-venta-rancho-romeral-30-haciendas-de-coyoacan-df-29078356#pagina=24&tipos=casas-venta&area=ciudad-de-mexico&pos=25
Ciudad De Mexico,24,"$9,000,000
MXN","Venta de casa en Magnolia 260, San Jerónimo Lídice, La Magdalena Contreras, 10200 Ciudad de México, CDMX #260Int. B, Col. San Jerónimo Lídice, La Magdalena Contreras, DF / CDMX, México, C.P. 10200, ID: 30408093",3 Recámaras | 3 Baños | 245 m 2,https://propiedades.com/inmuebles/casa-en-venta-magnolia-260-san-jeronimo-lidice-la-magdalena-contreras-10200-ciudad-de-mexico-cdmx-260-san-jeronimo-lidice-df-30408093#pagina=24&tipos=casas-venta&area=ciudad-de-mexico&pos=26
Ciudad De Mexico,24,"$9,900,000
MXN","Se vende casa en lomas de casa blanca, Col. El Rincón, Álvaro Obregón, DF / CDMX, México, C.P. 01590, ID: 29066610",3 Recámaras | 3 Baños | 303 m 2,https://propiedades.com/inmuebles/casa-en-venta-lomas-de-casa-blanca-el-rincon-df-29066610#pagina=24&tipos=casas-venta&area=ciudad-de-mexico&pos=27
Ciudad De Mexico,24,"$11,500,000
MXN","Venta de casa Tablas de San Agustín, Ciudad de México, CDMX, Col. Tablas de San Agustín, Gustavo A. Madero, DF / CDMX, México, C.P. 07860, ID: 30541172",12 Recámaras | 13 Baños | 666 m 2,https://propiedades.com/inmuebles/casa-en-venta-tablas-de-san-agustin-ciudad-de-mexico-cdmx-tablas-de-san-agustin-df-30541172#pagina=24&tipos=casas-venta&area=ciudad-de-mexico&pos=28
Ciudad De Mexico,24,"$12,949,000
MXN","Tajín, Narvarte Poniente, Ciudad de México, CDMX, Col. Narvarte Poniente, Benito Juárez, DF / CDMX, México, C.P. 03020, ID: 30389676",5 Recámaras | 3 Baños | 450 m 2,https://propiedades.com/inmuebles/casa-en-venta-tajin-narvarte-poniente-ciudad-de-mexico-cdmx-narvarte-poniente-df-30389676#pagina=24&tipos=casas-venta&area=ciudad-de-mexico&pos=29
Ciudad De Mexico,24,"$5,000,000
MXN","Venta casa en San Isidro, Col. San Miguel, Iztacalco, DF / CDMX, México, C.P. 08650, ID: 30576904",4 Recámaras | 3 Baños | 200 m 2,https://propiedades.com/inmuebles/casa-en-venta-san-isidro-san-miguel-df-30576904#pagina=24&tipos=casas-venta&area=ciudad-de-mexico&pos=30
Ciudad De Mexico,24,"$5,600,000
MXN","ENCINOS , Col. Miguel Hidalgo, Tlalpan, DF / CDMX, México, C.P. 14250, ID: 26013860",3 Recámaras | 4 Baños | 326 m 2,https://propiedades.com/inmuebles/casa-en-venta-encinos-miguel-hidalgo-df-26013860#pagina=24&tipos=casas-venta&area=ciudad-de-mexico&pos=31
Ciudad De Mexico,24,"$10,850,000
MXN","Casa disponible en venta en Cerro Gordo #138, Col. Campestre Churubusco, Coyoacán, DF / CDMX, México, C.P. 04200, ID: 29516388",3 Recámaras | 3 Baños | 267 m 2,https://propiedades.com/inmuebles/casa-en-venta-cerro-gordo-138-campestre-churubusco-df-29516388#pagina=24&tipos=casas-venta&area=ciudad-de-mexico&pos=32
Ciudad De Mexico,24,"$5,800,000
MXN","Casa disponible en venta en Avenida 557 #s/n, Col. San Juan de Aragón I Sección, Gustavo A. Madero, DF / CDMX, México, C.P. 07969, ID: 30168292",3 Recámaras | 2 Baños | 250 m 2,https://propiedades.com/inmuebles/casa-en-venta-avenida-557-sn-san-juan-de-aragon-i-seccion-df-30168292#pagina=24&tipos=casas-venta&area=ciudad-de-mexico&pos=33
Ciudad De Mexico,24,"$7,100,000
MXN","Venta de casa en Calle La Polar 56 #56, Col. Industrial, Gustavo A. Madero, DF / CDMX, México, C.P. 07800, ID: 29493674",4 Recámaras | 5 Baños | 250 m 2,https://propiedades.com/inmuebles/casa-en-venta-calle-la-polar-56-56-industrial-df-29493674#pagina=24&tipos=casas-venta&area=ciudad-de-mexico&pos=34
Ciudad De Mexico,24,"$39,000,000
MXN","Casa en venta, Camino Real, Col. Tlalpuente, Tlalpan, DF / CDMX, México, C.P. 14460, ID: 28588496",4 Recámaras | 5 Baños | 1450 m 2,https://propiedades.com/inmuebles/casa-en-venta-camino-real-tlalpuente-df-28588496#pagina=24&tipos=casas-venta&area=ciudad-de-mexico&pos=35
Ciudad De Mexico,24,"$60,000,000
MXN","Casa en venta, Iglesia, Col. Jardines del Pedregal, Álvaro Obregón, DF / CDMX, México, C.P. 01900, ID: 29530491",4 Recámaras | 4 Baños | 1250 m 2,
Ciudad De Mexico,24,"$9,990,000
MXN","Se vende casa José Joaquín Herrera, Col. Martín Carrera, Gustavo A. Madero, DF / CDMX, México, C.P. 07070, ID: 29729473",6 Recámaras | 4 Baños | 430 m 2,https://propiedades.com/inmuebles/casa-en-venta-jose-joaquin-herrera-martin-carrera-df-29729473#pagina=24&tipos=casas-venta&area=ciudad-de-mexico&pos=37
Ciudad De Mexico,24,"$4,750,000
MXN","Se vende casa en Abasolo, Col. Santa María Tepepan, Xochimilco, DF / CDMX, México, C.P. 16020, ID: 30053620",3 Recámaras | 2 Baños | 180 m 2,https://propiedades.com/inmuebles/casa-en-venta-abasolo-santa-maria-tepepan-df-30053620#pagina=24&tipos=casas-venta&area=ciudad-de-mexico&pos=38
Ciudad De Mexico,24,"$38,000,000
MXN",", Col. Tlalpan Centro, Tlalpan, DF / CDMX, México, C.P. 14000, ID: 29841822",32 Recámaras | 1642 m 2,https://propiedades.com/inmuebles/casa-en-venta-tlalpan-centro-df-29841822#pagina=24&tipos=casas-venta&area=ciudad-de-mexico&pos=39
Ciudad De Mexico,24,"$2,350,000
MXN","Venta de casa en Av 499 #00Int. 00, Col. San Juan de Aragón VI Sección, Gustavo A. Madero, DF / CDMX, México, C.P. 07918, ID: 28605258",4 Recámaras | 2 Baños | 255 m 2,https://propiedades.com/inmuebles/casa-en-venta-av-499-00-san-juan-de-aragon-vi-seccion-df-28605258#pagina=24&tipos=casas-venta&area=ciudad-de-mexico&pos=40
Ciudad De Mexico,24,"$5,600,000
MXN","Casa en venta, C. Wagner 100, Peralvillo, Cuauhtémoc, 06220 Ciudad de México, CDMX #100, Col. Peralvillo, Cuauhtémoc, DF / CDMX, México, C.P. 06220, ID: 30494434",3 Recámaras | 3 Baños | 165 m 2,https://propiedades.com/inmuebles/casa-en-venta-c-wagner-100-peralvillo-cuauhtemoc-06220-ciudad-de-mexico-cdmx-100-peralvillo-df-30494434#pagina=24&tipos=casas-venta&area=ciudad-de-mexico&pos=41
Ciudad De Mexico,24,"$12,000,000
MXN","Casa en venta disponible en Lindavista, 07340 Ciudad de México, CDMX, Col. Lindavista Norte, Gustavo A. Madero, DF / CDMX, México, C.P. 07300, ID: 30604810",4 Recámaras | 2 Baños | 419 m 2,https://propiedades.com/inmuebles/casa-en-venta-lindavista-07340-ciudad-de-mexico-cdmx-lindavista-norte-df-30604810#pagina=24&tipos=casas-venta&area=ciudad-de-mexico&pos=42
Ciudad De Mexico,24,"$5,880,000
MXN","Venta de casa en Cucurpe 39, Álvaro Obregón, Venustiano Carranza, 15990 Ciudad de México, CDMX #39, Col. Álvaro Obregón, Venustiano Carranza, DF / CDMX, México, C.P. 15990, ID: 30378486",7 Recámaras | 1 Baño | 283 m 2,https://propiedades.com/inmuebles/casa-en-venta-cucurpe-39-alvaro-obregon-venustiano-carranza-15990-ciudad-de-mexico-cdmx-39-alvaro-obregon-df-30378486#pagina=24&tipos=casas-venta&area=ciudad-de-mexico&pos=43
Ciudad De Mexico,24,"$6,490,000
MXN","Casa en venta disponible en Chiclayo #s/n, Col. Lindavista Norte, Gustavo A. Madero, DF / CDMX, México, C.P. 07300, ID: 30421462",3 Recámaras | 2 Baños | 145 m 2,
Ciudad De Mexico,24,"$7,500,000
MXN","Casa en venta, AV. SAN JERONIMO, Col. San Jerónimo Lídice, La Magdalena Contreras, DF / CDMX, México, C.P. 10200, ID: 28832341",4 Recámaras | 2 Baños | 220 m 2,https://propiedades.com/inmuebles/casa-en-venta-av-san-jeronimo-san-jeronimo-lidice-df-28832341#pagina=24&tipos=casas-venta&area=ciudad-de-mexico&pos=45
Ciudad De Mexico,24,"$22,000,000
MXN","Casa disponible en venta en Durango 68b, Roma Nte., Cuauhtémoc, 06700 Ciudad de México, CDMX #68b, Col. Roma Norte, Cuauhtémoc, DF / CDMX, México, C.P. 06700, ID: 30411547",4 Recámaras | 4 Baños | 366 m 2,https://propiedades.com/inmuebles/casa-en-venta-durango-68b-roma-nte-cuauhtemoc-06700-ciudad-de-mexico-cdmx-68b-roma-norte-df-30411547#pagina=24&tipos=casas-venta&area=ciudad-de-mexico&pos=46
Ciudad De Mexico,24,"$6,000,000
MXN","Saavedra del Razo, Col. Los Cipreses, Coyoacán, DF / CDMX, México, C.P. 04830, ID: 29937204",5 Recámaras | 2 Baños | 311 m 2,https://propiedades.com/inmuebles/casa-en-venta-saavedra-del-razo-los-cipreses-df-29937204#pagina=24&tipos=casas-venta&area=ciudad-de-mexico&pos=47
Ciudad De Mexico,25,"$13,738,800
MXN","Venta casa en Manuel López Cotilla 1028 #1028, Col. Insurgentes San Borja, Benito Juárez, DF / CDMX, México, C.P. 03100, ID: 29537864",4 Recámaras | 3 Baños | 352 m 2,
Ciudad De Mexico,25,"$8,760,000
MXN","Venta de casa en Norte 68 3722 #3722, Col. Cuchilla La Joya, Gustavo A. Madero, DF / CDMX, México, C.P. 07890, ID: 29404030",10 Recámaras | 7 Baños | 540 m 2,https://propiedades.com/inmuebles/casa-en-venta-norte-68-3722-3722-cuchilla-la-joya-df-29404030#pagina=25&tipos=casas-venta&area=ciudad-de-mexico&pos=2
Ciudad De Mexico,25,"$15,000,000
MXN","Casa en venta disponible en Bosques de las Lomas, Ciudad de México, CDMX, Col. Bosques de las Lomas, Cuajimalpa de Morelos, DF / CDMX, México, C.P. 05120, ID: 30555074",4 Recámaras | 3 Baños | 375 m 2,https://propiedades.com/inmuebles/casa-en-venta-bosques-de-las-lomas-ciudad-de-mexico-cdmx-bosques-de-las-lomas-df-30555074#pagina=25&tipos=casas-venta&area=ciudad-de-mexico&pos=3
Ciudad De Mexico,25,"$8,500,000
MXN","Venta de casa Calle 87 #4, Col. Puebla, Venustiano Carranza, DF / CDMX, México, C.P. 15020, ID: 29946217",6 Recámaras | 3 Baños | 180 m 2,https://propiedades.com/inmuebles/casa-en-venta-calle-87-4-puebla-df-29946217#pagina=25&tipos=casas-venta&area=ciudad-de-mexico&pos=4
Ciudad De Mexico,25,"$1,287,633
MXN","Campo Florido 8 #8Int. 1709, Col. Bellavista, Álvaro Obregón, DF / CDMX, México, C.P. 01140, ID: 27830158",4 Recámaras | 3 Baños | 320 m 2,https://propiedades.com/inmuebles/casa-en-venta-campo-florido-8-8-bellavista-df-27830158#pagina=25&tipos=casas-venta&area=ciudad-de-mexico&pos=5
Ciudad De Mexico,25,"$5,790,000
MXN","Casa en venta disponible en Ángel del Campo 65, Obrera, Cuauhtémoc, 06800 Ciudad de México, CDMX #s/n, Col. Obrera, Cuauhtémoc, DF / CDMX, México, C.P. 06800, ID: 30494448",3 Recámaras | 3 Baños | 188 m 2,https://propiedades.com/inmuebles/casa-en-venta-angel-del-campo-65-obrera-cuauhtemoc-06800-ciudad-de-mexico-cdmx-sn-obrera-df-30494448#pagina=25&tipos=casas-venta&area=ciudad-de-mexico&pos=6
Ciudad De Mexico,25,"$6,500,000
MXN","Casa en venta disponible en Fresales, Col. Granjas Coapa, Tlalpan, DF / CDMX, México, C.P. 14330, ID: 29553077",4 Recámaras | 2 Baños | 170 m 2,https://propiedades.com/inmuebles/casa-en-venta-fresales-granjas-coapa-df-29553077#pagina=25&tipos=casas-venta&area=ciudad-de-mexico&pos=7
Ciudad De Mexico,25,"$1,089,563
MXN","Se vende casa Calzada Arenal #s/n, Col. Valle de Tepepan, Tlalpan, DF / CDMX, México, C.P. 14646, ID: 30018213",2 Recámaras | 1 Baño | 75 m 2,https://propiedades.com/inmuebles/casa-en-venta-calzada-arenal-sn-valle-de-tepepan-df-30018213#pagina=25&tipos=casas-venta&area=ciudad-de-mexico&pos=8
Ciudad De Mexico,25,"$3,100,000
MXN","Venta de casa Calle Sta. Ana 29B, Santa Ana Nte., Tláhuac, 13300 Ciudad de México, CDMX #29B, Col. Santa Ana Norte, Tláhuac, DF / CDMX, México, C.P. 13300, ID: 30730160",3 Recámaras | 2 Baños | 200 m 2,https://propiedades.com/inmuebles/casa-en-venta-calle-sta-ana-29b-santa-ana-nte-tlahuac-13300-ciudad-de-mexico-cdmx-29b-santa-ana-norte-df-30730160#pagina=25&tipos=casas-venta&area=ciudad-de-mexico&pos=9
Ciudad De Mexico,25,"$22,500,000
MXN","Casa en venta disponible en Monte Pichincha 17 #17, Col. Real de las Lomas, Miguel Hidalgo, DF / CDMX, México, C.P. 11920, ID: 30017948",2 Recámaras | 3 Baños | 550 m 2,https://propiedades.com/inmuebles/casa-en-venta-monte-pichincha-17-17-real-de-las-lomas-df-30017948#pagina=25&tipos=casas-venta&area=ciudad-de-mexico&pos=10
Ciudad De Mexico,25,"$9,000,000
MXN","Se vende casa Lindavista Nte., 07300 Ciudad de México, CDMX #s/n, Col. Lindavista Norte, Gustavo A. Madero, DF / CDMX, México, C.P. 07300, ID: 30351610",3 Recámaras | 2 Baños | 240 m 2,https://propiedades.com/inmuebles/casa-en-venta-lindavista-nte-07300-ciudad-de-mexico-cdmx-sn-lindavista-norte-df-30351610#pagina=25&tipos=casas-venta&area=ciudad-de-mexico&pos=11
Ciudad De Mexico,25,"$12,000,000
MXN","Casa en venta, Rancho Seco #109, Col. Santa Cecilia, Coyoacán, DF / CDMX, México, C.P. 04930, ID: 27989488",3 Recámaras | 1 Baño | 318 m 2,https://propiedades.com/inmuebles/casa-en-venta-rancho-seco-109-santa-cecilia-df-27989488#pagina=25&tipos=casas-venta&area=ciudad-de-mexico&pos=12
Ciudad De Mexico,25,"$7,400,000
MXN","Se vende casa Jose Balbuena Vera 14, Coapa, Cipreses, Coyoacán, 04830 Ciudad de México, CDMX #14, Col. Los Cipreses, Coyoacán, DF / CDMX, México, C.P. 04830, ID: 30602693",4 Recámaras | 3 Baños | 195 m 2,https://propiedades.com/inmuebles/casa-en-venta-jose-balbuena-vera-14-coapa-cipreses-coyoacan-04830-ciudad-de-mexico-cdmx-14-los-cipreses-df-30602693#pagina=25&tipos=casas-venta&area=ciudad-de-mexico&pos=13
Ciudad De Mexico,25,"$4,990,000
MXN","Rosario Castellanos, Coapa, Stunam, 04909 Ciudad de México, CDMX, Col. Culhuacán CTM Sección VIII, Coyoacán, DF / CDMX, México, C.P. 04909, ID: 30821585",8 Recámaras | 3 Baños | 215 m 2,https://propiedades.com/inmuebles/casa-en-venta-rosario-castellanos-coapa-stunam-04909-ciudad-de-mexico-cdmx-culhuacan-ctm-seccion-viii-df-30821585#pagina=25&tipos=casas-venta&area=ciudad-de-mexico&pos=14
Ciudad De Mexico,25,"$21,800,000
MXN","Se vende casa Paseo laureles , Col. Bosques de las Lomas, Cuajimalpa de Morelos, DF / CDMX, México, C.P. 05120, ID: 30077015",3 Recámaras | 3 Baños | 350 m 2,https://propiedades.com/inmuebles/casa-en-venta-paseo-laureles-bosques-de-las-lomas-df-30077015#pagina=25&tipos=casas-venta&area=ciudad-de-mexico&pos=15
Ciudad De Mexico,25,"$20,800,000
MXN","Casa en venta, Callejón Colima 11 #11, Col. Villa Coyoacán, Coyoacán, DF / CDMX, México, C.P. 04000, ID: 29858309",4 Recámaras | 4 Baños | 440 m 2,https://propiedades.com/inmuebles/casa-en-venta-callejon-colima-11-11-villa-coyoacan-df-29858309#pagina=25&tipos=casas-venta&area=ciudad-de-mexico&pos=16
Ciudad De Mexico,25,"$25,700,000
MXN","Venta de casa Avenida Picacho, Col. Jardines del Pedregal, Álvaro Obregón, DF / CDMX, México, C.P. 01900, ID: 29532287",4 Recámaras | 4 Baños | 549 m 2,https://propiedades.com/inmuebles/casa-en-venta-avenida-picacho-jardines-del-pedregal-df-29532287#pagina=25&tipos=casas-venta&area=ciudad-de-mexico&pos=17
Ciudad De Mexico,25,"$6,850,000
MXN","Casa en venta disponible en Morelos #65, Col. Cuajimalpa, Cuajimalpa de Morelos, DF / CDMX, México, C.P. 05000, ID: 24497586",2 Recámaras | 2 Baños | 270 m 2,
Ciudad De Mexico,25,"$11,000,000
MXN","Venta de casa Clavel #27, Col. San Jerónimo Lídice, La Magdalena Contreras, DF / CDMX, México, C.P. 10200, ID: 27658472",3 Recámaras | 2 Baños | 195 m 2,https://propiedades.com/inmuebles/casa-en-venta-clavel-27-san-jeronimo-lidice-df-27658472#pagina=25&tipos=casas-venta&area=ciudad-de-mexico&pos=19
Ciudad De Mexico,25,"$710,000
MXN","Casa en venta, Nte. 17, Ciudad de México, CDMX, Col. Lindavista Vallejo III Sección, Gustavo A. Madero, DF / CDMX, México, C.P. 07754, ID: 30517305",4 Recámaras | 2 Baños | 249 m 2,https://propiedades.com/inmuebles/casa-en-venta-nte-17-ciudad-de-mexico-cdmx-lindavista-vallejo-iii-seccion-df-30517305#pagina=25&tipos=casas-venta&area=ciudad-de-mexico&pos=20
Ciudad De Mexico,25,"$5,300,000
MXN","C. Bugambilias 8, El Rosario, Iztapalapa, 09930 Ciudad de Mé, Col. El Rosario, Iztapalapa, DF / CDMX, México, C.P. 09930, ID: 28975724",6 Recámaras | 5 Baños | 301 m 2,https://propiedades.com/inmuebles/casa-en-venta-c-bugambilias-8-el-rosario-iztapalapa-09930-ciudad-de-me-el-rosario-df-28975724#pagina=25&tipos=casas-venta&area=ciudad-de-mexico&pos=21
Ciudad De Mexico,25,"$10,000,000
MXN","Álvaro Reséndiz, Coapa, Presidentes Ejidales 1ra Secc, 04470 Ciudad de México, CDMX #s/n, Col. Presidentes Ejidales 2a Sección, Coyoacán, DF / CDMX, México, C.P. 04470, ID: 30490655",5 Recámaras | 5 Baños | 300 m 2,https://propiedades.com/inmuebles/casa-en-venta-alvaro-resendiz-coapa-presidentes-ejidales-1ra-secc-04470-ciudad-de-mexico-cdmx-sn-presidentes-ejidales-2a-seccion-df-30490655#pagina=25&tipos=casas-venta&area=ciudad-de-mexico&pos=22
Ciudad De Mexico,25,"$19,000,000
MXN","Casa en venta disponible en M, Col. Romero de Terreros, Coyoacán, DF / CDMX, México, C.P. 04310, ID: 28582744",5 Recámaras | 4 Baños | 500 m 2,https://propiedades.com/inmuebles/casa-en-venta-m-romero-de-terreros-df-28582744#pagina=25&tipos=casas-venta&area=ciudad-de-mexico&pos=23
Ciudad De Mexico,25,"$42,000,000
MXN","Casa en venta disponible en Rancho San Francisco, San Bartolo Ameyalco, Ciudad de México, CDMX, Col. Rancho San Francisco Pueblo San Bartolo Ameyalco, Álvaro Obregón, DF / CDMX, México, C.P. 01807, ID: 30602160",4 Recámaras | 6 Baños | 1200 m 2,https://propiedades.com/inmuebles/casa-en-venta-rancho-san-francisco-san-bartolo-ameyalco-ciudad-de-mexico-cdmx-rancho-san-francisco-pueblo-san-bartolo-ameyalco-df-30602160#pagina=25&tipos=casas-venta&area=ciudad-de-mexico&pos=24
Ciudad De Mexico,25,"$6,499,000
MXN","Cerrada Polen, Col. Santa Cruz Xochitepec, Xochimilco, DF / CDMX, México, C.P. 16100, ID: 28916627",4 Recámaras | 4 Baños | 220 m 2,https://propiedades.com/inmuebles/casa-en-venta-cerrada-polen-santa-cruz-xochitepec-df-28916627#pagina=25&tipos=casas-venta&area=ciudad-de-mexico&pos=25
Ciudad De Mexico,25,"$35,000,000
MXN","C. El Risco 256, Jardines del Pedregal, Álvaro Obregón, 01900 Ciudad de México, CDMX #256, Col. Jardines del Pedregal, Álvaro Obregón, DF / CDMX, México, C.P. 01900, ID: 30273334",4 Recámaras | 4 Baños | 587 m 2,https://propiedades.com/inmuebles/casa-en-venta-c-el-risco-256-jardines-del-pedregal-alvaro-obregon-01900-ciudad-de-mexico-cdmx-256-jardines-del-pedregal-df-30273334#pagina=25&tipos=casas-venta&area=ciudad-de-mexico&pos=26
Ciudad De Mexico,25,"$678,400
MXN","Lic. Alberto Terronez B., Constitución de 1917, 09260 Ciudad de México, CDMX #s/n, Col. Constitución de 1917, Iztapalapa, DF / CDMX, México, C.P. 09260, ID: 30533021",3 Recámaras | 2 Baños | 270 m 2,https://propiedades.com/inmuebles/casa-en-venta-lic-alberto-terronez-b-constitucion-de-1917-09260-ciudad-de-mexico-cdmx-sn-constitucion-de-1917-df-30533021#pagina=25&tipos=casas-venta&area=ciudad-de-mexico&pos=27
Ciudad De Mexico,25,"$6,820,000
MXN","Venta de casa Campestre Churubusco, Ciudad de México, CDMX, Col. Campestre Churubusco, Coyoacán, DF / CDMX, México, C.P. 04200, ID: 30464495",4 Recámaras | 2 Baños | 192 m 2,https://propiedades.com/inmuebles/casa-en-venta-campestre-churubusco-ciudad-de-mexico-cdmx-campestre-churubusco-df-30464495#pagina=25&tipos=casas-venta&area=ciudad-de-mexico&pos=28
Ciudad De Mexico,25,"$5,500,000
MXN","Paso Florentino #14, Col. Ampliación La Mexicana, Álvaro Obregón, DF / CDMX, México, C.P. 01260, ID: 25670722",6 Recámaras | 2 Baños | 237 m 2,https://propiedades.com/inmuebles/casa-en-venta-paso-florentino-14-ampliacion-la-mexicana-df-25670722#pagina=25&tipos=casas-venta&area=ciudad-de-mexico&pos=29
Ciudad De Mexico,25,"$7,590,000
MXN","playa Caleta, Col. Reforma Iztaccihuatl Sur, Iztacalco, DF / CDMX, México, C.P. 08840, ID: 30110902",4 Recámaras | 3 Baños | 301 m 2,https://propiedades.com/inmuebles/casa-en-venta-playa-caleta-reforma-iztaccihuatl-sur-df-30110902#pagina=25&tipos=casas-venta&area=ciudad-de-mexico&pos=30
Ciudad De Mexico,25,"$10,500,000
MXN","Venta de casa en Av. San Bernabe, Col. San Jerónimo Lídice, La Magdalena Contreras, DF / CDMX, México, C.P. 10200, ID: 29883598",4 Recámaras | 5 Baños | 487 m 2,https://propiedades.com/inmuebles/casa-en-venta-av-san-bernabe-san-jeronimo-lidice-df-29883598#pagina=25&tipos=casas-venta&area=ciudad-de-mexico&pos=31
Ciudad De Mexico,25,"$23,500,000
MXN","Se vende casa Pinares 31, Coapa, Granjas Coapa, Tlalpan, 14330 Ciudad de México, CDMX #31, Col. Granjas Coapa, Tlalpan, DF / CDMX, México, C.P. 14330, ID: 30540821",6 Recámaras | 4 Baños | 380 m 2,https://propiedades.com/inmuebles/casa-en-venta-pinares-31-coapa-granjas-coapa-tlalpan-14330-ciudad-de-mexico-cdmx-31-granjas-coapa-df-30540821#pagina=25&tipos=casas-venta&area=ciudad-de-mexico&pos=32
Ciudad De Mexico,25,"$12,800,000
MXN","Casa en venta disponible en Colonia del Valle, Ciudad de México, CDMX, Col. Del Valle Centro, Benito Juárez, DF / CDMX, México, C.P. 03100, ID: 30472618",3 Recámaras | 3 Baños | 295 m 2,https://propiedades.com/inmuebles/casa-en-venta-colonia-del-valle-ciudad-de-mexico-cdmx-del-valle-centro-df-30472618#pagina=25&tipos=casas-venta&area=ciudad-de-mexico&pos=33
Ciudad De Mexico,25,"$4,900,000
MXN","Casa en venta disponible en Calle Nte 79-B, Naval, Ciudad de México, CDMX, Col. Sector Naval, Azcapotzalco, DF / CDMX, México, C.P. 02080, ID: 30604801",5 Recámaras | 2 Baños | 186 m 2,https://propiedades.com/inmuebles/casa-en-venta-calle-nte-79b-naval-ciudad-de-mexico-cdmx-sector-naval-df-30604801#pagina=25&tipos=casas-venta&area=ciudad-de-mexico&pos=34
Ciudad De Mexico,25,"$5,470,000
MXN","Casa en venta, Bandera 274, La Laguna Ticoman, Gustavo A. Madero, 07330 Ciudad de México, CDMX #274, Col. Santa Maria Ticoman, Gustavo A. Madero, DF / CDMX, México, C.P. 07330, ID: 30545397",6 Recámaras | 4 Baños | 439 m 2,https://propiedades.com/inmuebles/casa-en-venta-bandera-274-la-laguna-ticoman-gustavo-a-madero-07330-ciudad-de-mexico-cdmx-274-santa-maria-ticoman-df-30545397#pagina=25&tipos=casas-venta&area=ciudad-de-mexico&pos=35
Ciudad De Mexico,25,"$5,777,440
MXN","Casa en venta, Liorna, Col. Residencial Acoxpa, Tlalpan, DF / CDMX, México, C.P. 14300, ID: 29864886",5 Recámaras | 2 Baños | 90 m 2,https://propiedades.com/inmuebles/casa-en-venta-liorna-residencial-acoxpa-df-29864886#pagina=25&tipos=casas-venta&area=ciudad-de-mexico&pos=36
Ciudad De Mexico,25,"$899,000
USD","Casa en venta, Pacaya, Col. Jardines en la Montaña, Tlalpan, DF / CDMX, México, C.P. 14210, ID: 28999895",3 Recámaras | 4 Baños | 504 m 2,https://propiedades.com/inmuebles/casa-en-venta-pacaya-jardines-en-la-montana-df-28999895#pagina=25&tipos=casas-venta&area=ciudad-de-mexico&pos=37
Ciudad De Mexico,25,"$29,900,000
MXN","Se vende casa Desierto de los leones, Col. Rancho San Francisco Pueblo San Bartolo Ameyalco, Álvaro Obregón, DF / CDMX, México, C.P. 01807, ID: 26604552",3 Recámaras | 4 Baños | 720 m 2,https://propiedades.com/inmuebles/casa-en-venta-desierto-de-los-leones-rancho-san-francisco-pueblo-san-bartolo-ameyalco-df-26604552#pagina=25&tipos=casas-venta&area=ciudad-de-mexico&pos=38
Ciudad De Mexico,25,"$11,950,000
MXN","Se vende casa av Mazatlan, Col. Hipódromo Condesa, Cuauhtémoc, DF / CDMX, México, C.P. 06170, ID: 30054918",2 Recámaras | 2 Baños | 122 m 2,https://propiedades.com/inmuebles/casa-en-venta-av-mazatlan-hipodromo-condesa-df-30054918#pagina=25&tipos=casas-venta&area=ciudad-de-mexico&pos=39
Ciudad De Mexico,25,"$10,000,000
MXN","Casa en venta, Morelos, Col. Tizapan, Álvaro Obregón, DF / CDMX, México, C.P. 01090, ID: 29722363",3 Recámaras | 4 Baños | 350 m 2,https://propiedades.com/inmuebles/casa-en-venta-morelos-tizapan-df-29722363#pagina=25&tipos=casas-venta&area=ciudad-de-mexico&pos=40
Ciudad De Mexico,25,"$10,500,000
MXN","Se vende casa Clavel Norte 82 #82, Col. Chimalcoyoc, Tlalpan, DF / CDMX, México, C.P. 14630, ID: 28832262",4 Recámaras | 4 Baños | 430 m 2,https://propiedades.com/inmuebles/casa-en-venta-clavel-norte-82-82-chimalcoyoc-df-28832262#pagina=25&tipos=casas-venta&area=ciudad-de-mexico&pos=41
Ciudad De Mexico,25,"$5,393,000
MXN","Se vende casa en Citlali 20 #20, Col. Estrella del Sur, Iztapalapa, DF / CDMX, México, C.P. 09820, ID: 30110678",5 Recámaras | 5 Baños | 312 m 2,https://propiedades.com/inmuebles/casa-en-venta-citlali-20-20-estrella-del-sur-df-30110678#pagina=25&tipos=casas-venta&area=ciudad-de-mexico&pos=42
Ciudad De Mexico,25,"$8,200,000
MXN","Casa en venta, Rincón Molino, Bosque del Sur, 16010 Ciudad de México, CDMX, Col. Bosque Residencial del Sur, Xochimilco, DF / CDMX, México, C.P. 16010, ID: 30537474",5 Recámaras | 3 Baños | 367 m 2,https://propiedades.com/inmuebles/casa-en-venta-rincon-molino-bosque-del-sur-16010-ciudad-de-mexico-cdmx-bosque-residencial-del-sur-df-30537474#pagina=25&tipos=casas-venta&area=ciudad-de-mexico&pos=43
Ciudad De Mexico,25,"$9,950,000
MXN","Se vende casa Othon mendizabal, Col. Torres Lindavista, Gustavo A. Madero, DF / CDMX, México, C.P. 07708, ID: 30011677",5 Recámaras | 4 Baños | 350 m 2,https://propiedades.com/inmuebles/casa-en-venta-othon-mendizabal-torres-lindavista-df-30011677#pagina=25&tipos=casas-venta&area=ciudad-de-mexico&pos=44
Ciudad De Mexico,25,"$33,000,000
MXN","Bosques de las Lomas, Ciudad de México, CDMX #Bosques de pino 87, Col. Bosques de las Lomas, Cuajimalpa de Morelos, DF / CDMX, México, C.P. 05120, ID: 30639678",4 Recámaras | 4 Baños | 430 m 2,https://propiedades.com/inmuebles/casa-en-venta-bosques-de-las-lomas-ciudad-de-mexico-cdmx-bosques-de-pino-87-bosques-de-las-lomas-df-30639678#pagina=25&tipos=casas-venta&area=ciudad-de-mexico&pos=45
Ciudad De Mexico,25,"$3,300,000
MXN","Venta de casa Jardines de Hortensias #s/n, Col. Jardines de San Lorenzo Tezonco, Iztapalapa, DF / CDMX, México, C.P. 09940, ID: 30057631",7 Recámaras | 3 Baños | 256 m 2,https://propiedades.com/inmuebles/casa-en-venta-jardines-de-hortensias-sn-jardines-de-san-lorenzo-tezonco-df-30057631#pagina=25&tipos=casas-venta&area=ciudad-de-mexico&pos=46
Ciudad De Mexico,25,"$4,800,000
MXN","Venta de casa en Canal San Esteban, Barrio 18, 16034 Ciudad de México, CDMX #s/n, Col. 18, Xochimilco, DF / CDMX, México, C.P. 16034, ID: 30531365",3 Recámaras | 3 Baños | 283 m 2,https://propiedades.com/inmuebles/casa-en-venta-canal-san-esteban-barrio-18-16034-ciudad-de-mexico-cdmx-sn-18-df-30531365#pagina=25&tipos=casas-venta&area=ciudad-de-mexico&pos=47
Ciudad De Mexico,26,"$9,750,000
MXN","Venta de casa Narvarte Poniente, 03020 Ciudad de México, CDMX, Col. Narvarte Poniente, Benito Juárez, DF / CDMX, México, C.P. 03020, ID: 30831301",3 Recámaras | 2 Baños | 228 m 2,https://propiedades.com/inmuebles/casa-en-venta-narvarte-poniente-03020-ciudad-de-mexico-cdmx-narvarte-poniente-df-30831301#pagina=26&tipos=casas-venta&area=ciudad-de-mexico&pos=1
Ciudad De Mexico,26,"$4,600,000
MXN","Casa en venta, Violeta, Consejo Agrarista Mexicano, Ciudad de México, CDMX #s/n, Col. Consejo Agrarista Mexicano, Iztapalapa, DF / CDMX, México, C.P. 09760, ID: 30626905",4 Recámaras | 3 Baños | 280 m 2,https://propiedades.com/inmuebles/casa-en-venta-violeta-consejo-agrarista-mexicano-ciudad-de-mexico-cdmx-sn-consejo-agrarista-mexicano-df-30626905#pagina=26&tipos=casas-venta&area=ciudad-de-mexico&pos=2
Ciudad De Mexico,26,"$15,000,000
MXN","Casa en venta, Desierto de los Leones 5936, Cedros, Álvaro Obregón, 01780 Ciudad de México, CDMX #5936, Col. Olivar de los Padres, Álvaro Obregón, DF / CDMX, México, C.P. 01780, ID: 30604791",4 Recámaras | 3 Baños | 430 m 2,https://propiedades.com/inmuebles/casa-en-venta-desierto-de-los-leones-5936-cedros-alvaro-obregon-01780-ciudad-de-mexico-cdmx-5936-olivar-de-los-padres-df-30604791#pagina=26&tipos=casas-venta&area=ciudad-de-mexico&pos=3
Ciudad De Mexico,26,"$7,900,000
MXN","Venta casa en Rancho San Francisco, San Bartolo Ameyalco, Ciudad de México, CDMX, Col. Rancho San Francisco Pueblo San Bartolo Ameyalco, Álvaro Obregón, DF / CDMX, México, C.P. 01807, ID: 30453456",3 Recámaras | 3 Baños | 200 m 2,https://propiedades.com/inmuebles/casa-en-venta-rancho-san-francisco-san-bartolo-ameyalco-ciudad-de-mexico-cdmx-rancho-san-francisco-pueblo-san-bartolo-ameyalco-df-30453456#pagina=26&tipos=casas-venta&area=ciudad-de-mexico&pos=4
Ciudad De Mexico,26,"$950,000
MXN","Venta de casa Gamma 27 #27, Col. Monte de Piedad, Coyoacán, DF / CDMX, México, C.P. 04310, ID: 30132780",4 Recámaras | 3 Baños | 310 m 2,https://propiedades.com/inmuebles/casa-en-venta-gamma-27-27-monte-de-piedad-df-30132780#pagina=26&tipos=casas-venta&area=ciudad-de-mexico&pos=5
Ciudad De Mexico,26,"$6,800,000
MXN","Casa en venta disponible en 3ra Cda las Aguilas #8, Col. Las Aguilas 2o Parque, Álvaro Obregón, DF / CDMX, México, C.P. 01750, ID: 28558968",3 Recámaras | 3 Baños | 248 m 2,https://propiedades.com/inmuebles/casa-en-venta-3ra-cda-las-aguilas-8-las-aguilas-2o-parque-df-28558968#pagina=26&tipos=casas-venta&area=ciudad-de-mexico&pos=6
Ciudad De Mexico,26,"$7,500,000
MXN","Casa disponible en venta en MAR DE LOS HUMORES, Col. Selene, Tláhuac, DF / CDMX, México, C.P. 13420, ID: 28364184",6 Recámaras | 2 Baños | 426 m 2,https://propiedades.com/inmuebles/casa-en-venta-mar-de-los-humores-selene-df-28364184#pagina=26&tipos=casas-venta&area=ciudad-de-mexico&pos=7
Ciudad De Mexico,26,"$533,000
MXN","Manuel Escandón 64 #64Int. K 381, Col. Chinampac de Juárez, Iztapalapa, DF / CDMX, México, C.P. 09208, ID: 29708377",2 Recámaras | 1 Baño | 60 m 2,https://propiedades.com/inmuebles/casa-en-venta-manuel-escandon-64-64-chinampac-de-juarez-df-29708377#pagina=26&tipos=casas-venta&area=ciudad-de-mexico&pos=8
Ciudad De Mexico,26,"$3,999,900
MXN","Venta casa en Los Tordillos, 14500 San Miguel Topilejo, CDMX #39, Col. San Miguel Topilejo, Tlalpan, DF / CDMX, México, C.P. 14500, ID: 30255726",3 Recámaras | 2 Baños | 158 m 2,https://propiedades.com/inmuebles/casa-en-venta-los-tordillos-14500-san-miguel-topilejo-cdmx-39-san-miguel-topilejo-df-30255726#pagina=26&tipos=casas-venta&area=ciudad-de-mexico&pos=9
Ciudad De Mexico,26,"$590,000
MXN","Venta de casa Pirámides, Claveria, 02080 Ciudad de México, CDMX #s/n, Col. Clavería, Azcapotzalco, DF / CDMX, México, C.P. 02080, ID: 30245819",4 Recámaras | 2 Baños | 233 m 2,https://propiedades.com/inmuebles/casa-en-venta-piramides-claveria-02080-ciudad-de-mexico-cdmx-sn-claveria-df-30245819#pagina=26&tipos=casas-venta&area=ciudad-de-mexico&pos=10
Ciudad De Mexico,26,"$2,968,000
MXN","Se vende casa en miguel hidalgo, Col. Miguel Hidalgo, Tláhuac, DF / CDMX, México, C.P. 13200, ID: 29552123",267 m 2,https://propiedades.com/inmuebles/casa-en-venta-miguel-hidalgo-miguel-hidalgo-df-29552123#pagina=26&tipos=casas-venta&area=ciudad-de-mexico&pos=11
Ciudad De Mexico,26,"$3,622,000
MXN","Calle Norte 74-A 5815 #5815, Col. Faja de Oro, Gustavo A. Madero, DF / CDMX, México, C.P. 07850, ID: 29695822",3 Recámaras | 2 Baños | 226 m 2,
Ciudad De Mexico,26,"$19,990,000
MXN","Casa en venta, San Jerónimo Lídice, Ciudad de México, CDMX, Col. San Jerónimo Lídice, La Magdalena Contreras, DF / CDMX, México, C.P. 10200, ID: 30827093",4 Recámaras | 4 Baños | 540 m 2,https://propiedades.com/inmuebles/casa-en-venta-san-jeronimo-lidice-ciudad-de-mexico-cdmx-san-jeronimo-lidice-df-30827093#pagina=26&tipos=casas-venta&area=ciudad-de-mexico&pos=13
Ciudad De Mexico,26,"$14,990,000
MXN","Se vende casa M, Col. Del Valle Sur, Benito Juárez, DF / CDMX, México, C.P. 03104, ID: 28452223",3 Recámaras | 3 Baños | 297 m 2,https://propiedades.com/inmuebles/casa-en-venta-m-del-valle-sur-df-28452223#pagina=26&tipos=casas-venta&area=ciudad-de-mexico&pos=14
Ciudad De Mexico,26,"$7,750,000
MXN","Se vende casa en Pirámide de La Luna, Coapa, Avante, 04460 Ciudad de México, CDMX, Col. Avante, Coyoacán, DF / CDMX, México, C.P. 04460, ID: 30782885",4 Recámaras | 3 Baños | 170 m 2,https://propiedades.com/inmuebles/casa-en-venta-piramide-de-la-luna-coapa-avante-04460-ciudad-de-mexico-cdmx-avante-df-30782885#pagina=26&tipos=casas-venta&area=ciudad-de-mexico&pos=15
Ciudad De Mexico,26,"$19,200,000
MXN","Casa en venta, Uxmal 361 #361, Col. Narvarte Poniente, Benito Juárez, DF / CDMX, México, C.P. 03020, ID: 30176995",4 Recámaras | 3 Baños | 400 m 2,https://propiedades.com/inmuebles/casa-en-venta-uxmal-361-361-narvarte-poniente-df-30176995#pagina=26&tipos=casas-venta&area=ciudad-de-mexico&pos=16
Ciudad De Mexico,26,"$15,900,000
MXN","Se vende casa en Avenida Magdalena 105 #105, Col. Del Valle Norte, Benito Juárez, DF / CDMX, México, C.P. 03103, ID: 30185583",7 Recámaras | 3 Baños | 392 m 2,https://propiedades.com/inmuebles/casa-en-venta-avenida-magdalena-105-105-del-valle-norte-df-30185583#pagina=26&tipos=casas-venta&area=ciudad-de-mexico&pos=17
Ciudad De Mexico,26,"$34,000,000
MXN","Jaime Nuno, Col. Guadalupe Inn, Álvaro Obregón, DF / CDMX, México, C.P. 01020, ID: 30006927",4 Recámaras | 6 Baños | 660 m 2,https://propiedades.com/inmuebles/casa-en-venta-jaime-nuno-guadalupe-inn-df-30006927#pagina=26&tipos=casas-venta&area=ciudad-de-mexico&pos=18
Ciudad De Mexico,26,"$6,700,000
MXN","Feria 17A, Colina del Sur, Álvaro Obregón, 01430 Ciudad de México, CDMX #17A, Col. Colina del Sur, Álvaro Obregón, DF / CDMX, México, C.P. 01430, ID: 30692476",4 Recámaras | 3 Baños | 147 m 2,https://propiedades.com/inmuebles/casa-en-venta-feria-17a-colina-del-sur-alvaro-obregon-01430-ciudad-de-mexico-cdmx-17a-colina-del-sur-df-30692476#pagina=26&tipos=casas-venta&area=ciudad-de-mexico&pos=19
Ciudad De Mexico,26,"$1,003,718
MXN","Venta casa en San Francisco 323 #323, Col. Del Valle Norte, Benito Juárez, DF / CDMX, México, C.P. 03103, ID: 30072299",4 Recámaras | 3 Baños | 410 m 2,https://propiedades.com/inmuebles/casa-en-venta-san-francisco-323-323-del-valle-norte-df-30072299#pagina=26&tipos=casas-venta&area=ciudad-de-mexico&pos=20
Ciudad De Mexico,26,"$3,400,000
MXN","El Rodeo, 08510 Ciudad de México, CDMX, Col. Real del Moral, Iztapalapa, DF / CDMX, México, C.P. 09010, ID: 30357734",3 Recámaras | 1 Baño | 70 m 2,https://propiedades.com/inmuebles/casa-en-venta-el-rodeo-08510-ciudad-de-mexico-cdmx-real-del-moral-df-30357734#pagina=26&tipos=casas-venta&area=ciudad-de-mexico&pos=21
Ciudad De Mexico,26,"$23,580,000
MXN","Bosque de Bugambilias, Bosques de las Lomas, 05120 Ciudad de México, CDMX, Col. Bosques de las Lomas, Cuajimalpa de Morelos, DF / CDMX, México, C.P. 05120, ID: 30362370",3 Recámaras | 5 Baños | 450 m 2,https://propiedades.com/inmuebles/casa-en-venta-bosque-de-bugambilias-bosques-de-las-lomas-05120-ciudad-de-mexico-cdmx-bosques-de-las-lomas-df-30362370#pagina=26&tipos=casas-venta&area=ciudad-de-mexico&pos=22
Ciudad De Mexico,26,"$20,500,000
MXN","Venta de casa en Roma, Col. Roma Sur, Cuauhtémoc, DF / CDMX, México, C.P. 06760, ID: 29952807",6 Recámaras | 6 Baños | 320 m 2,https://propiedades.com/inmuebles/casa-en-venta-roma-roma-sur-df-29952807#pagina=26&tipos=casas-venta&area=ciudad-de-mexico&pos=23
Ciudad De Mexico,26,"$8,800,000
MXN","Venta de casa Avenida Ricarte Valle del Tepeyac, Col. Valle del Tepeyac, Gustavo A. Madero, DF / CDMX, México, C.P. 07740, ID: 30119365",4 Recámaras | 3 Baños | 488 m 2,https://propiedades.com/inmuebles/casa-en-venta-avenida-ricarte-valle-del-tepeyac-valle-del-tepeyac-df-30119365#pagina=26&tipos=casas-venta&area=ciudad-de-mexico&pos=24
Ciudad De Mexico,26,"$569,899
MXN","Se vende casa en Calle Gral. José María Rodríguez 26, Constitución de 1917, Iztapalapa, 09260 Ciudad de México, CDMX #26, Col. Constitución de 1917, Iztapalapa, DF / CDMX, México, C.P. 09260, ID: 30563084",3 Recámaras | 2 Baños | 250 m 2,https://propiedades.com/inmuebles/casa-en-venta-calle-gral-jose-maria-rodriguez-26-constitucion-de-1917-iztapalapa-09260-ciudad-de-mexico-cdmx-26-constitucion-de-1917-df-30563084#pagina=26&tipos=casas-venta&area=ciudad-de-mexico&pos=25
Ciudad De Mexico,26,"$9,250,000
MXN","Venta de casa en Sereno y Corridos, Col. Colina del Sur, Álvaro Obregón, DF / CDMX, México, C.P. 01430, ID: 30122775",3 Recámaras | 4 Baños | 334 m 2,https://propiedades.com/inmuebles/casa-en-venta-sereno-y-corridos-colina-del-sur-df-30122775#pagina=26&tipos=casas-venta&area=ciudad-de-mexico&pos=26
Ciudad De Mexico,26,"$1,850,000
MXN","Casa disponible en venta en Ozoloapan, Col. Los Padres, La Magdalena Contreras, DF / CDMX, México, C.P. 10340, ID: 30043978",5 Recámaras | 3 Baños | 189 m 2,
Ciudad De Mexico,26,"$13,600,000
MXN","Casa en venta, Patricio Sanz, Col. Del Valle Centro, Benito Juárez, DF / CDMX, México, C.P. 03100, ID: 29722277",3 Recámaras | 4 Baños | 297 m 2,https://propiedades.com/inmuebles/casa-en-venta-patricio-sanz-del-valle-centro-df-29722277#pagina=26&tipos=casas-venta&area=ciudad-de-mexico&pos=28
Ciudad De Mexico,26,"$13,464,000
MXN","Circuito Fuentes del Pedregal, Col. Ampliación Fuentes del Pedregal, Tlalpan, DF / CDMX, México, C.P. 14110, ID: 29481437",4 Baños | 498 m 2,https://propiedades.com/inmuebles/casa-en-venta-circuito-fuentes-del-pedregal-ampliacion-fuentes-del-pedregal-df-29481437#pagina=26&tipos=casas-venta&area=ciudad-de-mexico&pos=29
Ciudad De Mexico,26,"$8,490,000
MXN","Venta casa en rancho escondido, Col. Las Campanas, Coyoacán, DF / CDMX, México, C.P. 04929, ID: 28628054",3 Recámaras | 3 Baños | 550 m 2,https://propiedades.com/inmuebles/casa-en-venta-rancho-escondido-las-campanas-df-28628054#pagina=26&tipos=casas-venta&area=ciudad-de-mexico&pos=30
Ciudad De Mexico,26,"$27,500,000
MXN","Venta casa en Monte Líbano, Lomas de Chapultepec, Ciudad de México, CDMX #1415Int. 1, Col. Lomas de Chapultepec II Sección, Miguel Hidalgo, DF / CDMX, México, C.P. 11000, ID: 30839930",3 Recámaras | 2 Baños | 300 m 2,https://propiedades.com/inmuebles/casa-en-venta-monte-libano-lomas-de-chapultepec-ciudad-de-mexico-cdmx-1415-lomas-de-chapultepec-ii-seccion-df-30839930#pagina=26&tipos=casas-venta&area=ciudad-de-mexico&pos=31
Ciudad De Mexico,26,"$4,450,000
MXN","Plazuela, Col. Paseos de Taxqueña, Coyoacán, DF / CDMX, México, C.P. 04250, ID: 28989843",3 Recámaras | 1 Baño | 250 m 2,https://propiedades.com/inmuebles/casa-en-venta-plazuela-paseos-de-taxquena-df-28989843#pagina=26&tipos=casas-venta&area=ciudad-de-mexico&pos=32
Ciudad De Mexico,26,"$29,900,000
MXN","Casa en venta, Jardín, Col. Tlacopac, Álvaro Obregón, DF / CDMX, México, C.P. 01049, ID: 26117430",5 Recámaras | 5 Baños | 551 m 2,https://propiedades.com/inmuebles/casa-en-venta-jardin-tlacopac-df-26117430#pagina=26&tipos=casas-venta&area=ciudad-de-mexico&pos=33
Ciudad De Mexico,26,"$12,000,000
MXN","Venta casa en Tajín 143, Narvarte Oriente, Benito Juárez, 03023 Ciudad de México, CDMX #143, Col. Unidad Narvarte IMSS, Benito Juárez, DF / CDMX, México, C.P. 03023, ID: 30436232",5 Recámaras | 2 Baños | 250 m 2,https://propiedades.com/inmuebles/casa-en-venta-tajin-143-narvarte-oriente-benito-juarez-03023-ciudad-de-mexico-cdmx-143-unidad-narvarte-imss-df-30436232#pagina=26&tipos=casas-venta&area=ciudad-de-mexico&pos=34
Ciudad De Mexico,26,"$1,394,032
MXN","Casa en venta, Cerro de Chapultepec 13 #13, Col. Romero de Terreros, Coyoacán, DF / CDMX, México, C.P. 04310, ID: 30072399",4 Recámaras | 3 Baños | 320 m 2,https://propiedades.com/inmuebles/casa-en-venta-cerro-de-chapultepec-13-13-romero-de-terreros-df-30072399#pagina=26&tipos=casas-venta&area=ciudad-de-mexico&pos=35
Ciudad De Mexico,26,"$4,500,000
MXN","Casa en venta, Cda. del Carmen 2, San Bernabé Ocotepec, La Magdalena Contreras, 10300 Ciudad de México, CDMX #2, Col. San Bernabé Ocotepec, La Magdalena Contreras, DF / CDMX, México, C.P. 10300, ID: 30353127",4 Recámaras | 4 Baños | 450 m 2,https://propiedades.com/inmuebles/casa-en-venta-cda-del-carmen-2-san-bernabe-ocotepec-la-magdalena-contreras-10300-ciudad-de-mexico-cdmx-2-san-bernabe-ocotepec-df-30353127#pagina=26&tipos=casas-venta&area=ciudad-de-mexico&pos=36
Ciudad De Mexico,26,"$4,000,000
MXN","Venta casa en Col. San Juan Tepepan, Xochimilco, DF / CDMX, México, C.P. 16020, ID: 28751285",4 Recámaras | 2 Baños | 160 m 2,https://propiedades.com/inmuebles/casa-en-venta-san-juan-tepepan-df-28751285#pagina=26&tipos=casas-venta&area=ciudad-de-mexico&pos=37
Ciudad De Mexico,26,"$9,500,000
MXN","Lima, Col. Lindavista Sur, Gustavo A. Madero, DF / CDMX, México, C.P. 07300, ID: 30096008",4 Recámaras | 5 Baños | 230 m 2,https://propiedades.com/inmuebles/casa-en-venta-lima-lindavista-sur-df-30096008#pagina=26&tipos=casas-venta&area=ciudad-de-mexico&pos=38
Ciudad De Mexico,26,"$5,990,000
MXN","Venta casa en Sur 65-A, Viaducto Piedad, Ciudad de México, CDMX #3135, Col. Viaducto Piedad, Iztacalco, DF / CDMX, México, C.P. 08200, ID: 30400209",4 Recámaras | 3 Baños | 300 m 2,https://propiedades.com/inmuebles/casa-en-venta-sur-65a-viaducto-piedad-ciudad-de-mexico-cdmx-3135-viaducto-piedad-df-30400209#pagina=26&tipos=casas-venta&area=ciudad-de-mexico&pos=39
Ciudad De Mexico,26,"$29,300,000
MXN","Campeche #218, Col. Hipódromo, Cuauhtémoc, DF / CDMX, México, C.P. 06100, ID: 28451551",3 Recámaras | 6 Baños | 387 m 2,https://propiedades.com/inmuebles/casa-en-venta-campeche-218-hipodromo-df-28451551#pagina=26&tipos=casas-venta&area=ciudad-de-mexico&pos=40
Ciudad De Mexico,26,"$29,990,000
MXN","Casa en venta disponible en Aurora #s/n, Col. Barrio Santa Catarina, Coyoacán, DF / CDMX, México, C.P. 04010, ID: 28772565",4 Recámaras | 3 Baños | 460 m 2,https://propiedades.com/inmuebles/casa-en-venta-aurora-sn-barrio-santa-catarina-df-28772565#pagina=26&tipos=casas-venta&area=ciudad-de-mexico&pos=41
Ciudad De Mexico,26,"$4,700,000
MXN","Av. 545, San Juan de Aragón II Secc, 07969 Ciudad de México, CDMX, Col. San Juan de Aragón I Sección, Gustavo A. Madero, DF / CDMX, México, C.P. 07969, ID: 30689342",5 Recámaras | 4 Baños | 220 m 2,https://propiedades.com/inmuebles/casa-en-venta-av-545-san-juan-de-aragon-ii-secc-07969-ciudad-de-mexico-cdmx-san-juan-de-aragon-i-seccion-df-30689342#pagina=26&tipos=casas-venta&area=ciudad-de-mexico&pos=42
Ciudad De Mexico,26,"$13,000,000
MXN","Casa en venta, Uxmal, Col. Letrán Valle, Benito Juárez, DF / CDMX, México, C.P. 03650, ID: 29720593",5 Recámaras | 2 Baños | 360 m 2,https://propiedades.com/inmuebles/casa-en-venta-uxmal-letran-valle-df-29720593#pagina=26&tipos=casas-venta&area=ciudad-de-mexico&pos=43
Ciudad De Mexico,26,"$5,000,000
MXN","Casa disponible en venta en Camino a San Pablo , Col. Ampliación La Noria, Xochimilco, DF / CDMX, México, C.P. 16030, ID: 29808933",4 Recámaras | 4 Baños | 202 m 2,https://propiedades.com/inmuebles/casa-en-venta-camino-a-san-pablo-ampliacion-la-noria-df-29808933#pagina=26&tipos=casas-venta&area=ciudad-de-mexico&pos=44
Ciudad De Mexico,26,"$5,650,000
MXN","C. 685, C. T. M. Aragón, 07990 Ciudad de México, CDMX, Col. C.T.M. Aragón, Gustavo A. Madero, DF / CDMX, México, C.P. 07990, ID: 30626397",3 Recámaras | 3 Baños | 194 m 2,https://propiedades.com/inmuebles/casa-en-venta-c-685-c-t-m-aragon-07990-ciudad-de-mexico-cdmx-ctm-aragon-df-30626397#pagina=26&tipos=casas-venta&area=ciudad-de-mexico&pos=45
Ciudad De Mexico,26,"$52,000,000
MXN","Se vende casa en Teololco, Col. Jardines del Pedregal, Álvaro Obregón, DF / CDMX, México, C.P. 01900, ID: 24210138",4 Recámaras | 6 Baños | 846 m 2,https://propiedades.com/inmuebles/casa-en-venta-teololco-jardines-del-pedregal-df-24210138#pagina=26&tipos=casas-venta&area=ciudad-de-mexico&pos=46
Ciudad De Mexico,26,"$10,290,000
MXN",", Col. Tlalpan Centro, Tlalpan, DF / CDMX, México, C.P. 14000, ID: 29841821",3 Recámaras | 3 Baños | 320 m 2,
Ciudad De Mexico,27,"$15,490,000
MXN","Venta casa en Arenal, Col. Colinas del Bosque, Tlalpan, DF / CDMX, México, C.P. 14608, ID: 29457889",4 Recámaras | 3 Baños | 385 m 2,
Ciudad De Mexico,27,"$4,500,000
MXN","Tlalpan Centro I, Tlalpan, 14000 Ciudad de México, CDMX #s/n, Col. Cumbres de Tepetongo, Tlalpan, DF / CDMX, México, C.P. 14420, ID: 30324608",4 Recámaras | 4 Baños | 280 m 2,https://propiedades.com/inmuebles/casa-en-venta-tlalpan-centro-i-tlalpan-14000-ciudad-de-mexico-cdmx-sn-cumbres-de-tepetongo-df-30324608#pagina=27&tipos=casas-venta&area=ciudad-de-mexico&pos=2
Ciudad De Mexico,27,"$13,200,000
MXN","Venta de casa Tlacopac #s/n, Col. Tlacopac, Álvaro Obregón, DF / CDMX, México, C.P. 01049, ID: 29858779",1 Recámara | 1 Baño | 224 m 2,https://propiedades.com/inmuebles/casa-en-venta-tlacopac-sn-tlacopac-df-29858779#pagina=27&tipos=casas-venta&area=ciudad-de-mexico&pos=3
Ciudad De Mexico,27,"$3,250,000
MXN","Sur 183 , Col. Gabriel Ramos Millán, Iztacalco, DF / CDMX, México, C.P. 08730, ID: 30426328",10 Recámaras | 6 Baños | 334 m 2,https://propiedades.com/inmuebles/casa-en-venta-sur-183-gabriel-ramos-millan-df-30426328#pagina=27&tipos=casas-venta&area=ciudad-de-mexico&pos=4
Ciudad De Mexico,27,"$30,000,000
MXN",", Col. San Jerónimo Lídice, La Magdalena Contreras, DF / CDMX, México, C.P. 10200, ID: 28582245",6 Recámaras | 6 Baños | 628 m 2,https://propiedades.com/inmuebles/casa-en-venta-san-jeronimo-lidice-df-28582245#pagina=27&tipos=casas-venta&area=ciudad-de-mexico&pos=5
Ciudad De Mexico,27,"$8,950,000
MXN","Casa en venta, Avenida Ramiriqui #1002Int. 0, Col. Lindavista Norte, Gustavo A. Madero, DF / CDMX, México, C.P. 07300, ID: 27658357",4 Recámaras | 2 Baños | 283 m 2,https://propiedades.com/inmuebles/casa-en-venta-avenida-ramiriqui-1002-lindavista-norte-df-27658357#pagina=27&tipos=casas-venta&area=ciudad-de-mexico&pos=6
Ciudad De Mexico,27,"$3,000,000
MXN","Casa en venta disponible en Plan de Apatzingán, San Lorenzo la Cebada, 16035 Ciudad de México, CDMX #s/n, Col. San Lorenzo La Cebada, Xochimilco, DF / CDMX, México, C.P. 16035, ID: 30584939",3 Recámaras | 2 Baños | 100 m 2,https://propiedades.com/inmuebles/casa-en-venta-plan-de-apatzingan-san-lorenzo-la-cebada-16035-ciudad-de-mexico-cdmx-sn-san-lorenzo-la-cebada-df-30584939#pagina=27&tipos=casas-venta&area=ciudad-de-mexico&pos=7
Ciudad De Mexico,27,"$5,200,000
MXN","Venta de casa en C. Transvaal 255, Pensador Mexicano, Venustiano Carranza, 15510 Ciudad de México, CDMX #255, Col. Pensador Mexicano, Venustiano Carranza, DF / CDMX, México, C.P. 15510, ID: 30434136",5 Recámaras | 3 Baños | 238 m 2,https://propiedades.com/inmuebles/casa-en-venta-c-transvaal-255-pensador-mexicano-venustiano-carranza-15510-ciudad-de-mexico-cdmx-255-pensador-mexicano-df-30434136#pagina=27&tipos=casas-venta&area=ciudad-de-mexico&pos=8
Ciudad De Mexico,27,"$2,500,000
MXN","Villa Igatimi #Lote 5 manzana 60 , Col. Desarrollo Urbano Quetzalcoatl, Iztapalapa, DF / CDMX, México, C.P. 09700, ID: 29107674",10 Recámaras | 3 Baños | 152 m 2,https://propiedades.com/inmuebles/casa-en-venta-villa-igatimi-lote-5-manzana-60-desarrollo-urbano-quetzalcoatl-df-29107674#pagina=27&tipos=casas-venta&area=ciudad-de-mexico&pos=9
Ciudad De Mexico,27,"$5,200,000
MXN","Venta casa en Av. Iztaccíhuatl 203, entre Ote. 152 y Ote. 152, Moctezuma 1ra Secc, Venustiano Carranza, 15500 Ciud #203, Col. Moctezuma 1a Sección, Venustiano Carranza, DF / CDMX, México, C.P. 15500, ID: 30661478",3 Recámaras | 2 Baños | 160 m 2,https://propiedades.com/inmuebles/casa-en-venta-av-iztaccihuatl-203-entre-ote-152-y-ote-152-moctezuma-1ra-secc-venustiano-carranza-15500-ciud-203-moctezuma-1a-seccion-df-30661478#pagina=27&tipos=casas-venta&area=ciudad-de-mexico&pos=10
Ciudad De Mexico,27,"$520,000
MXN","Casa en venta disponible en Calle Artemisa #s/n, Col. Nueva Santa Maria, Azcapotzalco, DF / CDMX, México, C.P. 02800, ID: 30007279",3 Recámaras | 1 Baño | 200 m 2,https://propiedades.com/inmuebles/casa-en-venta-calle-artemisa-sn-nueva-santa-maria-df-30007279#pagina=27&tipos=casas-venta&area=ciudad-de-mexico&pos=11
Ciudad De Mexico,27,"$1,940,000
MXN","Venta de casa Cerro del Cubilete 330, Col. Campestre Churubusco, Coyoacán, DF / CDMX, México, C.P. 04200, ID: 29817996",3 Recámaras | 3 Baños | 259 m 2,https://propiedades.com/inmuebles/casa-en-venta-cerro-del-cubilete-330-campestre-churubusco-df-29817996#pagina=27&tipos=casas-venta&area=ciudad-de-mexico&pos=12
Ciudad De Mexico,27,"$9,990,000
MXN","Casa disponible en venta en Cajeros 44 #44, Col. El Sifón, Iztapalapa, DF / CDMX, México, C.P. 09400, ID: 29446454",4 Recámaras | 4 Baños | 350 m 2,https://propiedades.com/inmuebles/casa-en-ambos-cajeros-44-44-el-sifon-df-29446454#pagina=27&tipos=casas-venta&area=ciudad-de-mexico&pos=13
Ciudad De Mexico,27,"$3,500,000
MXN","Casa en venta, José Santos Chocano, Balcones de Ceguayo, 01540 Ciudad de México, CDMX, Col. Punta de Cehuaya, Álvaro Obregón, DF / CDMX, México, C.P. 01540, ID: 30353259",3 Recámaras | 3 Baños | 184 m 2,https://propiedades.com/inmuebles/casa-en-venta-jose-santos-chocano-balcones-de-ceguayo-01540-ciudad-de-mexico-cdmx-punta-de-cehuaya-df-30353259#pagina=27&tipos=casas-venta&area=ciudad-de-mexico&pos=14
Ciudad De Mexico,27,"$12,500,000
MXN","Venta de casa en C. Cruz Verde 2, Lomas Quebradas, La Magdalena Contreras, 10000 Ciudad de México, CDMX #2, Col. Lomas Quebradas, La Magdalena Contreras, DF / CDMX, México, C.P. 10000, ID: 30417270",3 Recámaras | 3 Baños | 300 m 2,https://propiedades.com/inmuebles/casa-en-venta-c-cruz-verde-2-lomas-quebradas-la-magdalena-contreras-10000-ciudad-de-mexico-cdmx-2-lomas-quebradas-df-30417270#pagina=27&tipos=casas-venta&area=ciudad-de-mexico&pos=15
Ciudad De Mexico,27,"$8,950,000
MXN","Venta casa en Mosqueta, Col. Del Valle Centro, Benito Juárez, DF / CDMX, México, C.P. 03100, ID: 29884752",3 Recámaras | 2 Baños | 185 m 2,https://propiedades.com/inmuebles/casa-en-venta-mosqueta-del-valle-centro-df-29884752#pagina=27&tipos=casas-venta&area=ciudad-de-mexico&pos=16
Ciudad De Mexico,27,"$18,500,000
MXN","Margaritas #s/n, Col. Florida, Álvaro Obregón, DF / CDMX, México, C.P. 01030, ID: 30077283",5 Recámaras | 5 Baños | 343 m 2,https://propiedades.com/inmuebles/casa-en-venta-margaritas-sn-florida-df-30077283#pagina=27&tipos=casas-venta&area=ciudad-de-mexico&pos=17
Ciudad De Mexico,27,"$6,500,000
MXN","Se vende casa en Parque Maria Luisa, Col. Industrial, Gustavo A. Madero, DF / CDMX, México, C.P. 07800, ID: 28897354",3 Recámaras | 2 Baños | 260 m 2,https://propiedades.com/inmuebles/casa-en-venta-parque-maria-luisa-industrial-df-28897354#pagina=27&tipos=casas-venta&area=ciudad-de-mexico&pos=18
Ciudad De Mexico,27,"$11,000,000
MXN","Casa disponible en venta en Coatepec 16, Roma Sur, Cuauhtémoc, 06760 Ciudad de México, CDMX #16, Col. Roma Sur, Cuauhtémoc, DF / CDMX, México, C.P. 06760, ID: 30237278",4 Recámaras | 3 Baños | 150 m 2,https://propiedades.com/inmuebles/casa-en-venta-coatepec-16-roma-sur-cuauhtemoc-06760-ciudad-de-mexico-cdmx-16-roma-sur-df-30237278#pagina=27&tipos=casas-venta&area=ciudad-de-mexico&pos=19
Ciudad De Mexico,27,"$1,700,000
MXN","Unidad Nacional, Col. La Esperanza, Iztapalapa, DF / CDMX, México, C.P. 09910, ID: 29718830",2 Recámaras | 1 Baño | 65 m 2,https://propiedades.com/inmuebles/casa-en-venta-unidad-nacional-la-esperanza-df-29718830#pagina=27&tipos=casas-venta&area=ciudad-de-mexico&pos=20
Ciudad De Mexico,27,"$29,900,000
MXN","Venta de casa en Av Paseo del Pedregal #s/n, Col. Jardines en la Montaña, Tlalpan, DF / CDMX, México, C.P. 14210, ID: 30338260",4 Recámaras | 3 Baños | 800 m 2,https://propiedades.com/inmuebles/casa-en-venta-av-paseo-del-pedregal-sn-jardines-en-la-montana-df-30338260#pagina=27&tipos=casas-venta&area=ciudad-de-mexico&pos=21
Ciudad De Mexico,27,"$3,150,000
MXN","Casa disponible en venta en 2a Cerrada de Juan Francisco , Col. San Juan de Aragón, Gustavo A. Madero, DF / CDMX, México, C.P. 07920, ID: 30168322",10 Recámaras | 3 Baños | 251 m 2,https://propiedades.com/inmuebles/casa-en-venta-2a-cerrada-de-juan-francisco-san-juan-de-aragon-df-30168322#pagina=27&tipos=casas-venta&area=ciudad-de-mexico&pos=22
Ciudad De Mexico,27,"$4,500,000
MXN","Venta casa en LOFT PARA INVERSIONISTAS A PASOS DE REFORMA CENTRO , Col. Juárez, Cuauhtémoc, DF / CDMX, México, C.P. 06600, ID: 30561226",1 Recámara | 1 Baño | 36 m 2,https://propiedades.com/inmuebles/casa-en-venta-loft-para-inversionistas-a-pasos-de-reforma-centro-juarez-df-30561226#pagina=27&tipos=casas-venta&area=ciudad-de-mexico&pos=23
Ciudad De Mexico,27,"$40,000,000
MXN","Se vende casa sn, Col. Bosque de las Lomas, Miguel Hidalgo, DF / CDMX, México, C.P. 11700, ID: 28753136",3 Recámaras | 3 Baños | 1002 m 2,https://propiedades.com/inmuebles/casa-en-venta-sn-bosque-de-las-lomas-df-28753136#pagina=27&tipos=casas-venta&area=ciudad-de-mexico&pos=24
Ciudad De Mexico,27,"$4,900,000
MXN","Se vende casa en Tlaloc #s/nInt. 18, Col. La Noria, Xochimilco, DF / CDMX, México, C.P. 16030, ID: 29910772",3 Recámaras | 2 Baños | 157 m 2,https://propiedades.com/inmuebles/casa-en-venta-tlaloc-sn-la-noria-df-29910772#pagina=27&tipos=casas-venta&area=ciudad-de-mexico&pos=25
Ciudad De Mexico,27,"$14,900,000
MXN","Se vende casa en Lindavista, Col. Lindavista Norte, Gustavo A. Madero, DF / CDMX, México, C.P. 07300, ID: 30058172",3 Recámaras | 2 Baños | 350 m 2,https://propiedades.com/inmuebles/casa-en-venta-lindavista-lindavista-norte-df-30058172#pagina=27&tipos=casas-venta&area=ciudad-de-mexico&pos=26
Ciudad De Mexico,27,"$9,950,000
MXN","Venta de casa C. Cruz Verde 179, Lomas Quebradas, La Magdalena Contreras, 10000 Ciudad de México, CDMX #179, Col. Lomas Quebradas, La Magdalena Contreras, DF / CDMX, México, C.P. 10000, ID: 30420815",4 Recámaras | 6 Baños | 410 m 2,https://propiedades.com/inmuebles/casa-en-venta-c-cruz-verde-179-lomas-quebradas-la-magdalena-contreras-10000-ciudad-de-mexico-cdmx-179-lomas-quebradas-df-30420815#pagina=27&tipos=casas-venta&area=ciudad-de-mexico&pos=27
Ciudad De Mexico,27,"$29,000,000
MXN","Se vende casa en Avenida San Buenaventura 564 #564, Col. Club de Golf México, Tlalpan, DF / CDMX, México, C.P. 14620, ID: 30185922",4 Recámaras | 5 Baños | 717 m 2,https://propiedades.com/inmuebles/casa-en-venta-avenida-san-buenaventura-564-564-club-de-golf-mexico-df-30185922#pagina=27&tipos=casas-venta&area=ciudad-de-mexico&pos=28
Ciudad De Mexico,27,"$65,000,000
MXN","Casa en venta, Juan de la Barrera #8, Col. Condesa, Cuauhtémoc, DF / CDMX, México, C.P. 06140, ID: 30011758",6 Recámaras | 4 Baños | 488 m 2,https://propiedades.com/inmuebles/casa-en-venta-juan-de-la-barrera-8-condesa-df-30011758#pagina=27&tipos=casas-venta&area=ciudad-de-mexico&pos=29
Ciudad De Mexico,27,"$1,800,000
MXN","Se vende casa en Av. Exploradores Ejercito de Ote., Ejército de Oriente Zona Peñón, Ciudad de México, CDMX #s/n, Col. Ejercito de Oriente Zona Peñon, Iztapalapa, DF / CDMX, México, C.P. 09239, ID: 30358443",4 Recámaras | 2 Baños | 150 m 2,https://propiedades.com/inmuebles/casa-en-venta-av-exploradores-ejercito-de-ote-ejercito-de-oriente-zona-penon-ciudad-de-mexico-cdmx-sn-ejercito-de-oriente-zona-penon-df-30358443#pagina=27&tipos=casas-venta&area=ciudad-de-mexico&pos=30
Ciudad De Mexico,27,"$10,000,000
MXN","Casa en venta disponible en Álvaro Reséndiz 22 #22, Col. Presidentes Ejidales 2a Sección, Coyoacán, DF / CDMX, México, C.P. 04470, ID: 29858918",5 Recámaras | 5 Baños | 300 m 2,https://propiedades.com/inmuebles/casa-en-venta-alvaro-resendiz-22-22-presidentes-ejidales-2a-seccion-df-29858918#pagina=27&tipos=casas-venta&area=ciudad-de-mexico&pos=31
Ciudad De Mexico,27,"$5,450,000
MXN","Amores #s/n, Col. Del Valle Norte, Benito Juárez, DF / CDMX, México, C.P. 03103, ID: 29446402",3 Recámaras | 2 Baños | 200 m 2,https://propiedades.com/inmuebles/casa-en-venta-amores-sn-del-valle-norte-df-29446402#pagina=27&tipos=casas-venta&area=ciudad-de-mexico&pos=32
Ciudad De Mexico,27,"$3,350,000
MXN","Se vende casa en Manuel Hernández #s/n, Col. C.T.M. El Risco, Gustavo A. Madero, DF / CDMX, México, C.P. 07090, ID: 30081976",3 Recámaras | 2 Baños | 105 m 2,https://propiedades.com/inmuebles/casa-en-venta-manuel-hernandez-sn-ctm-el-risco-df-30081976#pagina=27&tipos=casas-venta&area=ciudad-de-mexico&pos=33
Ciudad De Mexico,27,"$14,500,000
MXN","Casa disponible en venta en C. Cleveland, Cd. de los Deportes, Ciudad de México, CDMX #10, Col. Ciudad de los Deportes, Benito Juárez, DF / CDMX, México, C.P. 03710, ID: 30533018",4 Recámaras | 3 Baños | 393 m 2,https://propiedades.com/inmuebles/casa-en-venta-c-cleveland-cd-de-los-deportes-ciudad-de-mexico-cdmx-10-ciudad-de-los-deportes-df-30533018#pagina=27&tipos=casas-venta&area=ciudad-de-mexico&pos=34
Ciudad De Mexico,27,"$3,108,811
MXN","Casa en venta disponible en Cienfuegos 983, Lindavista Nte., Gustavo A. Madero, 07300 Ciudad de México, CDMX #983, Col. Lindavista Norte, Gustavo A. Madero, DF / CDMX, México, C.P. 07300, ID: 30237370",3 Recámaras | 2 Baños | 200 m 2,https://propiedades.com/inmuebles/casa-en-venta-cienfuegos-983-lindavista-nte-gustavo-a-madero-07300-ciudad-de-mexico-cdmx-983-lindavista-norte-df-30237370#pagina=27&tipos=casas-venta&area=ciudad-de-mexico&pos=35
Ciudad De Mexico,27,"$11,958,800
MXN","Venta casa en SAN JERONIMO LIDICE, Col. San Jerónimo Lídice, La Magdalena Contreras, DF / CDMX, México, C.P. 10200, ID: 29551943",487 m 2,https://propiedades.com/inmuebles/casa-en-venta-san-jeronimo-lidice-san-jeronimo-lidice-df-29551943#pagina=27&tipos=casas-venta&area=ciudad-de-mexico&pos=36
Ciudad De Mexico,27,"$11,950,000
MXN","Venta casa en Dr. Gilberto Bolaños Cacho 171, Cuauhtémoc, Buenos Aires, Cuauhtémoc, 06780 Ciudad de México, CDMX #171, Col. Buenos Aires, Cuauhtémoc, DF / CDMX, México, C.P. 06780, ID: 30507380",20 Recámaras | 5 Baños | 1250 m 2,https://propiedades.com/inmuebles/casa-en-venta-dr-gilberto-bolanos-cacho-171-cuauhtemoc-buenos-aires-cuauhtemoc-06780-ciudad-de-mexico-cdmx-171-buenos-aires-df-30507380#pagina=27&tipos=casas-venta&area=ciudad-de-mexico&pos=37
Ciudad De Mexico,27,"$4,500,000
MXN","Casa en venta, Antonio Roanova Vargas #s/n, Col. Zona Escolar, Gustavo A. Madero, DF / CDMX, México, C.P. 07230, ID: 29459910",4 Recámaras | 3 Baños | 387 m 2,https://propiedades.com/inmuebles/casa-en-venta-antonio-roanova-vargas-sn-zona-escolar-df-29459910#pagina=27&tipos=casas-venta&area=ciudad-de-mexico&pos=38
Ciudad De Mexico,27,"$14,000,000
MXN","Venta de casa en ROQUETA, Col. Lomas de Bezares, Miguel Hidalgo, DF / CDMX, México, C.P. 11910, ID: 28708373",3 Recámaras | 3 Baños | 470 m 2,https://propiedades.com/inmuebles/casa-en-venta-roqueta-lomas-de-bezares-df-28708373#pagina=27&tipos=casas-venta&area=ciudad-de-mexico&pos=39
Ciudad De Mexico,27,"$7,590,000
MXN","Casa disponible en venta en Andrés Molina Enriquez , Col. Militar Marte, Iztacalco, DF / CDMX, México, C.P. 08830, ID: 30358116",4 Recámaras | 3 Baños | 301 m 2,https://propiedades.com/inmuebles/casa-en-venta-andres-molina-enriquez-militar-marte-df-30358116#pagina=27&tipos=casas-venta&area=ciudad-de-mexico&pos=40
Ciudad De Mexico,27,"$3,650,000
MXN","Pirámide, Tlalpan, DF / CDMX, México, C.P. 14710, ID: 29319277",3 Recámaras | 2 Baños | 170 m 2,https://propiedades.com/inmuebles/casa-en-venta-piramide-santo-tomas-ajusco-df-29319277#pagina=27&tipos=casas-venta&area=ciudad-de-mexico&pos=41
Ciudad De Mexico,27,"$69,990,000
MXN","Casa en venta disponible en Fuego, Jardines del Pedregal, 01900 Ciudad de México, CDMX, Col. Jardines del Pedregal, Álvaro Obregón, DF / CDMX, México, C.P. 01900, ID: 30389859",5 Recámaras | 7 Baños | 970 m 2,https://propiedades.com/inmuebles/casa-en-venta-fuego-jardines-del-pedregal-01900-ciudad-de-mexico-cdmx-jardines-del-pedregal-df-30389859#pagina=27&tipos=casas-venta&area=ciudad-de-mexico&pos=42
Ciudad De Mexico,27,"$5,310,000
MXN","Se vende casa en Pomuch 186 #186, Col. Lomas de Padierna, Tlalpan, DF / CDMX, México, C.P. 14240, ID: 30180797",4 Recámaras | 4 Baños | 284 m 2,
Ciudad De Mexico,27,"$1,098,100
MXN","C. 623 50, San Juan de Aragón IV Secc, Gustavo A. Madero, 07979 Ciudad de México, CDMX #50, Col. San Juan de Aragón V Sección, Gustavo A. Madero, DF / CDMX, México, C.P. 07979, ID: 30439721",4 Recámaras | 2 Baños | 200 m 2,https://propiedades.com/inmuebles/casa-en-venta-c-623-50-san-juan-de-aragon-iv-secc-gustavo-a-madero-07979-ciudad-de-mexico-cdmx-50-san-juan-de-aragon-v-seccion-df-30439721#pagina=27&tipos=casas-venta&area=ciudad-de-mexico&pos=44
Ciudad De Mexico,27,"$21,990,000
MXN","Casa en venta, PEDREGAL DE SAN FRANCISCO, Col. Pedregal de San Francisco, Coyoacán, DF / CDMX, México, C.P. 04320, ID: 27978931",3 Recámaras | 3 Baños | 380 m 2,https://propiedades.com/inmuebles/casa-en-venta-pedregal-de-san-francisco-pedregal-de-san-francisco-df-27978931#pagina=27&tipos=casas-venta&area=ciudad-de-mexico&pos=45
Ciudad De Mexico,27,"$9,500,000
MXN","Se vende casa en Figaro 2 #2, Col. Lomas Hidalgo, Tlalpan, DF / CDMX, México, C.P. 14240, ID: 29537920",3 Recámaras | 3 Baños | 450 m 2,https://propiedades.com/inmuebles/casa-en-venta-figaro-2-2-lomas-hidalgo-df-29537920#pagina=27&tipos=casas-venta&area=ciudad-de-mexico&pos=46
Ciudad De Mexico,27,"$35,000,000
MXN","Poussin #s/n, Col. San Juan, Benito Juárez, DF / CDMX, México, C.P. 03730, ID: 29886893",6 Recámaras | 3 Baños | 1329 m 2,https://propiedades.com/inmuebles/casa-en-venta-poussin-sn-san-juan-df-29886893#pagina=27&tipos=casas-venta&area=ciudad-de-mexico&pos=47
Ciudad De Mexico,28,"$590,000
MXN","Se vende casa en Pirámides 67 #67, Col. Clavería, Azcapotzalco, DF / CDMX, México, C.P. 02080, ID: 30191167",4 Recámaras | 2 Baños | 233 m 2,https://propiedades.com/inmuebles/casa-en-venta-piramides-67-67-claveria-df-30191167#pagina=28&tipos=casas-venta&area=ciudad-de-mexico&pos=1
Ciudad De Mexico,28,"$8,500,000
MXN","Venta de casa Juan de Dios Arias 78, Vista Alegre, Cuauhtémoc, 06860 Ciudad de México, CDMX #78, Col. Vista Alegre, Cuauhtémoc, DF / CDMX, México, C.P. 06860, ID: 30805211",4 Recámaras | 4 Baños | 240 m 2,https://propiedades.com/inmuebles/casa-en-venta-juan-de-dios-arias-78-vista-alegre-cuauhtemoc-06860-ciudad-de-mexico-cdmx-78-vista-alegre-df-30805211#pagina=28&tipos=casas-venta&area=ciudad-de-mexico&pos=2
Ciudad De Mexico,28,"$12,000,000
MXN","Venta casa en Laboratoristas 46, El Sifón, Iztapalapa, 09400 Ciudad de México, CDMX #46, Col. El Sifón, Iztapalapa, DF / CDMX, México, C.P. 09400, ID: 30805203",5 Recámaras | 4 Baños | 793 m 2,https://propiedades.com/inmuebles/casa-en-venta-laboratoristas-46-el-sifon-iztapalapa-09400-ciudad-de-mexico-cdmx-46-el-sifon-df-30805203#pagina=28&tipos=casas-venta&area=ciudad-de-mexico&pos=3
Ciudad De Mexico,28,"$1,200,000
MXN","Casa disponible en venta en Ozoloapan #176 Int. 2 , Col. Los Padres, La Magdalena Contreras, DF / CDMX, México, C.P. 10340, ID: 30210121",5 Recámaras | 3 Baños | 189 m 2,https://propiedades.com/inmuebles/casa-en-venta-ozoloapan-176-los-padres-df-30210121#pagina=28&tipos=casas-venta&area=ciudad-de-mexico&pos=4
Ciudad De Mexico,28,"$8,800,000
MXN","Casa en venta disponible en Pujato 39, Lindavista Nte., Gustavo A. Madero, 07300 Ciudad de México, CDMX #39, Col. Lindavista Norte, Gustavo A. Madero, DF / CDMX, México, C.P. 07300, ID: 30683205",3 Recámaras | 2 Baños | 190 m 2,https://propiedades.com/inmuebles/casa-en-venta-pujato-39-lindavista-nte-gustavo-a-madero-07300-ciudad-de-mexico-cdmx-39-lindavista-norte-df-30683205#pagina=28&tipos=casas-venta&area=ciudad-de-mexico&pos=5
Ciudad De Mexico,28,"$7,100,000
MXN","Se vende casa en Sotero Prieto #57, Col. Guadalupe Insurgentes, Gustavo A. Madero, DF / CDMX, México, C.P. 07870, ID: 29893852",7 Recámaras | 3 Baños | 258 m 2,https://propiedades.com/inmuebles/casa-en-venta-sotero-prieto-57-guadalupe-insurgentes-df-29893852#pagina=28&tipos=casas-venta&area=ciudad-de-mexico&pos=6
Ciudad De Mexico,28,"$8,500,000
MXN","Casa disponible en venta en Xochicaltitla 41 #41, Col. Barrio Santa Catarina, Coyoacán, DF / CDMX, México, C.P. 04010, ID: 29546342",4 Recámaras | 3 Baños | 240 m 2,https://propiedades.com/inmuebles/casa-en-venta-xochicaltitla-41-41-barrio-santa-catarina-df-29546342#pagina=28&tipos=casas-venta&area=ciudad-de-mexico&pos=7
Ciudad De Mexico,28,"$8,000,000
MXN","Venta de casa Cerrada Bugambilias #5, Col. San Miguel Topilejo, Tlalpan, DF / CDMX, México, C.P. 14500, ID: 29554404",5 Recámaras | 4 Baños | 423 m 2,https://propiedades.com/inmuebles/casa-en-venta-cerrada-bugambilias-5-san-miguel-topilejo-df-29554404#pagina=28&tipos=casas-venta&area=ciudad-de-mexico&pos=8
Ciudad De Mexico,28,"$600,000
MXN","Venta de casa C. 8 23-lote 18, Olivar del Conde 1ra Secc, Álvaro Obregón, 01400 Ciudad de México, CDMX #23, Col. Olivar del Conde 1a Sección, Álvaro Obregón, DF / CDMX, México, C.P. 01400, ID: 30660640",4 Recámaras | 3 Baños | 157 m 2,https://propiedades.com/inmuebles/casa-en-venta-c-8-23lote-18-olivar-del-conde-1ra-secc-alvaro-obregon-01400-ciudad-de-mexico-cdmx-23-olivar-del-conde-1a-seccion-df-30660640#pagina=28&tipos=casas-venta&area=ciudad-de-mexico&pos=9
Ciudad De Mexico,28,"$20,400,000
MXN","C. Juan Sánchez Azcona 1320, Col del Valle Centro, Benito Juárez, 03100 Ciudad de México, CDMX #1320, Col. Del Valle Centro, Benito Juárez, DF / CDMX, México, C.P. 03100, ID: 30639026",5 Recámaras | 4 Baños | 402 m 2,https://propiedades.com/inmuebles/casa-en-venta-c-juan-sanchez-azcona-1320-col-del-valle-centro-benito-juarez-03100-ciudad-de-mexico-cdmx-1320-del-valle-centro-df-30639026#pagina=28&tipos=casas-venta&area=ciudad-de-mexico&pos=10
Ciudad De Mexico,28,"$15,300,000
MXN","Casa disponible en venta en Bécquer 26, Anzures, Miguel Hidalgo, 11590 Ciudad de México, CDMX #26, Col. Anzures, Miguel Hidalgo, DF / CDMX, México, C.P. 11590, ID: 30512536",3 Recámaras | 2 Baños | 475 m 2,
Ciudad De Mexico,28,"$15,000,000
MXN","Casa disponible en venta en Matamoros #54Int. 5, Col. San Nicolás Totolapan, La Magdalena Contreras, DF / CDMX, México, C.P. 10900, ID: 30052859",4 Recámaras | 5 Baños | 319 m 2,https://propiedades.com/inmuebles/casa-en-venta-matamoros-54-san-nicolas-totolapan-df-30052859#pagina=28&tipos=casas-venta&area=ciudad-de-mexico&pos=12
Ciudad De Mexico,28,"$8,950,000
MXN","Casa disponible en venta en Nte. 81 384, Benito Juárez, Sindicato Mexicano de Electricistas, Azcapotzalco, 02060 Ciudad de Méxic #384, Col. Un Hogar Para Cada Trabajador, Azcapotzalco, DF / CDMX, México, C.P. 02060, ID: 30499339",3 Recámaras | 2 Baños,https://propiedades.com/inmuebles/casa-en-venta-nte-81-384-benito-juarez-sindicato-mexicano-de-electricistas-azcapotzalco-02060-ciudad-de-mexic-384-un-hogar-para-cada-trabajador-df-30499339#pagina=28&tipos=casas-venta&area=ciudad-de-mexico&pos=13
Ciudad De Mexico,28,"$70,000,000
MXN","Margaritas, Col. Florida, Álvaro Obregón, DF / CDMX, México, C.P. 01030, ID: 29550906",4 Recámaras | 4 Baños | 400 m 2,https://propiedades.com/inmuebles/casa-en-venta-margaritas-florida-df-29550906#pagina=28&tipos=casas-venta&area=ciudad-de-mexico&pos=14
Ciudad De Mexico,28,"$4,500,000
MXN","Casa en venta disponible en Ote 170 109, Moctezuma 2da Secc, Venustiano Carranza, 15530 Ciudad de México, CDMX #109, Col. Moctezuma 2a Sección, Venustiano Carranza, DF / CDMX, México, C.P. 15530, ID: 30560561",5 Recámaras | 4 Baños | 199 m 2,https://propiedades.com/inmuebles/casa-en-venta-ote-170-109-moctezuma-2da-secc-venustiano-carranza-15530-ciudad-de-mexico-cdmx-109-moctezuma-2a-seccion-df-30560561#pagina=28&tipos=casas-venta&area=ciudad-de-mexico&pos=15
Ciudad De Mexico,28,"$16,000,000
MXN","Venta de casa Residencial Zacatenco, Ciudad de México, CDMX #s/n, Col. Residencial Zacatenco, Gustavo A. Madero, DF / CDMX, México, C.P. 07369, ID: 30444843",3 Recámaras | 5 Baños | 500 m 2,https://propiedades.com/inmuebles/casa-en-venta-residencial-zacatenco-ciudad-de-mexico-cdmx-sn-residencial-zacatenco-df-30444843#pagina=28&tipos=casas-venta&area=ciudad-de-mexico&pos=16
Ciudad De Mexico,28,"$8,500,000
MXN","Casa disponible en venta en Casma 635, Lindavista Nte., Gustavo A. Madero, 07300 Ciudad de México, CDMX #635, Col. Lindavista Norte, Gustavo A. Madero, DF / CDMX, México, C.P. 07300, ID: 30358368",3 Recámaras | 2 Baños | 245 m 2,https://propiedades.com/inmuebles/casa-en-venta-casma-635-lindavista-nte-gustavo-a-madero-07300-ciudad-de-mexico-cdmx-635-lindavista-norte-df-30358368#pagina=28&tipos=casas-venta&area=ciudad-de-mexico&pos=17
Ciudad De Mexico,28,"$1,200,000
MXN","Casa en venta, Calle Zapote #102, Col. Peña Pobre, Tlalpan, DF / CDMX, México, C.P. 14060, ID: 30127422",2 Recámaras | 1 Baño | 45 m 2,https://propiedades.com/inmuebles/casa-en-venta-calle-zapote-102-pena-pobre-df-30127422#pagina=28&tipos=casas-venta&area=ciudad-de-mexico&pos=18
Ciudad De Mexico,28,"$34,893,000
MXN","Venta de casa Paseo de Sicilia, Col. Lomas Estrella, Iztapalapa, DF / CDMX, México, C.P. 09890, ID: 29766041",4 Recámaras | 2 Baños | 160 m 2,https://propiedades.com/inmuebles/casa-en-venta-paseo-de-sicilia-lomas-estrella-df-29766041#pagina=28&tipos=casas-venta&area=ciudad-de-mexico&pos=19
Ciudad De Mexico,28,"$19,980,000
MXN","Venta de casa Canadá #s/n, Col. Parque San Andrés, Coyoacán, DF / CDMX, México, C.P. 04040, ID: 29997773",4 Recámaras | 4 Baños | 390 m 2,https://propiedades.com/inmuebles/casa-en-venta-canada-sn-parque-san-andres-df-29997773#pagina=28&tipos=casas-venta&area=ciudad-de-mexico&pos=20
Ciudad De Mexico,28,"$120,000,000
MXN","Se vende casa en Niebla, Col. Jardines del Pedregal, Álvaro Obregón, DF / CDMX, México, C.P. 01900, ID: 28753140",4 Recámaras | 4 Baños | 1442 m 2,https://propiedades.com/inmuebles/casa-en-venta-niebla-jardines-del-pedregal-df-28753140#pagina=28&tipos=casas-venta&area=ciudad-de-mexico&pos=21
Ciudad De Mexico,28,"$13,000,000
MXN","Casa en venta disponible en Cascada 239a #239a, Col. Jardines del Pedregal, Álvaro Obregón, DF / CDMX, México, C.P. 01900, ID: 29785488",4 Recámaras | 6 Baños | 314 m 2,https://propiedades.com/inmuebles/casa-en-venta-cascada-239a-239a-jardines-del-pedregal-df-29785488#pagina=28&tipos=casas-venta&area=ciudad-de-mexico&pos=22
Ciudad De Mexico,28,"$18,000,000
MXN","Casa disponible en venta en Calle Juan Escutia , Col. Condesa, Cuauhtémoc, DF / CDMX, México, C.P. 06140, ID: 29532507",4 Recámaras | 2 Baños | 402 m 2,https://propiedades.com/inmuebles/casa-en-venta-calle-juan-escutia-condesa-df-29532507#pagina=28&tipos=casas-venta&area=ciudad-de-mexico&pos=23
Ciudad De Mexico,28,"$6,500,000
MXN","Se vende casa 2da Cerrada de Colibrí #28, Col. San Andrés Totoltepec, Tlalpan, DF / CDMX, México, C.P. 14400, ID: 30576651",4 Recámaras | 4 Baños | 220 m 2,https://propiedades.com/inmuebles/casa-en-venta-2da-cerrada-de-colibri-28-san-andres-totoltepec-df-30576651#pagina=28&tipos=casas-venta&area=ciudad-de-mexico&pos=24
Ciudad De Mexico,28,"$5,600,000
MXN","Casa disponible en venta en Av. 527, San Juan de Aragón I Secc, 07969 Ciudad de México, CDMX, Col. San Juan de Aragón I Sección, Gustavo A. Madero, DF / CDMX, México, C.P. 07969, ID: 30756750",6 Recámaras | 4 Baños | 120 m 2,https://propiedades.com/inmuebles/casa-en-venta-av-527-san-juan-de-aragon-i-secc-07969-ciudad-de-mexico-cdmx-san-juan-de-aragon-i-seccion-df-30756750#pagina=28&tipos=casas-venta&area=ciudad-de-mexico&pos=25
Ciudad De Mexico,28,"$10,800,000
MXN","Casa en venta disponible en Calzada de las Águilas 3147 #3147, Col. Villa Verdún, Álvaro Obregón, DF / CDMX, México, C.P. 01810, ID: 29946822",3 Recámaras | 2 Baños | 318 m 2,https://propiedades.com/inmuebles/casa-en-venta-calzada-de-las-aguilas-3147-3147-villa-verdun-df-29946822#pagina=28&tipos=casas-venta&area=ciudad-de-mexico&pos=26
Ciudad De Mexico,28,"$2,435,000
MXN","Venta de casa Cascada, El Rosario, 13540 San Juan Ixtayopan, CDMX #1, Col. El Rosario, Tláhuac, DF / CDMX, México, C.P. 13540, ID: 30241666",2 Recámaras | 1 Baño | 60 m 2,https://propiedades.com/inmuebles/casa-en-venta-cascada-el-rosario-13540-san-juan-ixtayopan-cdmx-1-el-rosario-df-30241666#pagina=28&tipos=casas-venta&area=ciudad-de-mexico&pos=27
Ciudad De Mexico,28,"$6,950,000
MXN","Se vende casa Gardenia, Los Ángeles, Ciudad de México, CDMX #s/n, Col. Los Ángeles, Iztapalapa, DF / CDMX, México, C.P. 09830, ID: 30541636",8 Recámaras | 7 Baños | 434 m 2,https://propiedades.com/inmuebles/casa-en-venta-gardenia-los-angeles-ciudad-de-mexico-cdmx-sn-los-angeles-df-30541636#pagina=28&tipos=casas-venta&area=ciudad-de-mexico&pos=28
Ciudad De Mexico,28,"$2,000,000
MXN","Venta de casa en Ampliacion San Miguel Ajusco, 14710 San Miguel Ajusco, CDMX, Col. Santo Tomas Ajusco, Tlalpan, DF / CDMX, México, C.P. 14710, ID: 30545605",3 Recámaras | 2 Baños | 120 m 2,https://propiedades.com/inmuebles/casa-en-venta-ampliacion-san-miguel-ajusco-14710-san-miguel-ajusco-cdmx-santo-tomas-ajusco-df-30545605#pagina=28&tipos=casas-venta&area=ciudad-de-mexico&pos=29
Ciudad De Mexico,28,"$650,000
MXN","Casa en venta disponible en poma rosa #0Int. 0, Col. Nueva Santa Maria, Azcapotzalco, DF / CDMX, México, C.P. 02800, ID: 29773265",3 Recámaras | 3 Baños | 220 m 2,
Ciudad De Mexico,28,"$5,100,000
MXN","Venta de casa Lago Superior #230, Col. Torre Blanca, Miguel Hidalgo, DF / CDMX, México, C.P. 11280, ID: 29543899",5 Recámaras | 3 Baños | 280 m 2,
Ciudad De Mexico,28,"$4,800,000
MXN","Venta de casa en Tablas de San Agustín, Ciudad de México, CDMX #s/n, Col. Tablas de San Agustín, Gustavo A. Madero, DF / CDMX, México, C.P. 07860, ID: 30255910",4 Recámaras | 2 Baños | 132 m 2,https://propiedades.com/inmuebles/casa-en-venta-tablas-de-san-agustin-ciudad-de-mexico-cdmx-sn-tablas-de-san-agustin-df-30255910#pagina=28&tipos=casas-venta&area=ciudad-de-mexico&pos=32
Ciudad De Mexico,28,"$2,700,000
MXN","Casa en venta, Avenida de las Torres 33 #33, Col. Valle Escondido, Tlalpan, DF / CDMX, México, C.P. 14600, ID: 29552940",2 Recámaras | 1 Baño | 70 m 2,https://propiedades.com/inmuebles/casa-en-venta-avenida-de-las-torres-33-33-valle-escondido-df-29552940#pagina=28&tipos=casas-venta&area=ciudad-de-mexico&pos=33
Ciudad De Mexico,28,"$19,500,000
MXN","Se vende casa en Calle Morelia 60 #60, Col. Roma Norte, Cuauhtémoc, DF / CDMX, México, C.P. 06700, ID: 28700454",5 Recámaras | 2 Baños | 480 m 2,https://propiedades.com/inmuebles/casa-en-venta-calle-morelia-60-60-roma-norte-df-28700454#pagina=28&tipos=casas-venta&area=ciudad-de-mexico&pos=34
Ciudad De Mexico,28,"$2,500,000
USD","Casa en venta, Lomas de Vista Hermosa, Col. Lomas de Vista Hermosa, Cuajimalpa de Morelos, DF / CDMX, México, C.P. 05100, ID: 26996222",3 Recámaras | 4 Baños | 875 m 2,https://propiedades.com/inmuebles/casa-en-venta-lomas-de-vista-hermosa-lomas-de-vista-hermosa-df-26996222#pagina=28&tipos=casas-venta&area=ciudad-de-mexico&pos=35
Ciudad De Mexico,28,"$7,300,000
MXN","Rincón Molino #3, Col. Bosque Residencial del Sur, Xochimilco, DF / CDMX, México, C.P. 16010, ID: 30039820",5 Recámaras | 4 Baños | 302 m 2,https://propiedades.com/inmuebles/casa-en-venta-rincon-molino-3-bosque-residencial-del-sur-df-30039820#pagina=28&tipos=casas-venta&area=ciudad-de-mexico&pos=36
Ciudad De Mexico,28,"$5,900,000
MXN","Casa disponible en venta en San Juan de Aragón #128, Col. Villa Gustavo A. Madero, Gustavo A. Madero, DF / CDMX, México, C.P. 07050, ID: 30158502",4 Recámaras | 3 Baños | 234 m 2,https://propiedades.com/inmuebles/casa-en-venta-san-juan-de-aragon-128-villa-gustavo-a-madero-df-30158502#pagina=28&tipos=casas-venta&area=ciudad-de-mexico&pos=37
Ciudad De Mexico,28,"$7,190,000
MXN","Se vende casa en SIMON ALVAREZ #s/n, Col. Santiago, Tláhuac, DF / CDMX, México, C.P. 13120, ID: 30152892",4 Recámaras | 3 Baños | 400 m 2,https://propiedades.com/inmuebles/casa-en-venta-simon-alvarez-sn-santiago-df-30152892#pagina=28&tipos=casas-venta&area=ciudad-de-mexico&pos=38
Ciudad De Mexico,28,"$4,750,000
MXN","Casa en venta, Amores, Col del Valle Centro, Ciudad de México, CDMX, Col. Del Valle Centro, Benito Juárez, DF / CDMX, México, C.P. 03100, ID: 30444987",3 Recámaras | 2 Baños | 161 m 2,https://propiedades.com/inmuebles/casa-en-venta-amores-col-del-valle-centro-ciudad-de-mexico-cdmx-del-valle-centro-df-30444987#pagina=28&tipos=casas-venta&area=ciudad-de-mexico&pos=39
Ciudad De Mexico,28,"$16,500,000
MXN","Se vende casa en Paseo de Los Ahuehuetes Sur 351 #351, Col. Bosque de las Lomas, Miguel Hidalgo, DF / CDMX, México, C.P. 11700, ID: 30154067",4 Recámaras | 4 Baños | 720 m 2,
Ciudad De Mexico,28,"$4,999,999
MXN","Casa en venta, C. 1541, San Juan de Aragón VI Secc, 07918 Ciudad de México, CDMX, Col. San Juan de Aragón VI Sección, Gustavo A. Madero, DF / CDMX, México, C.P. 07918, ID: 30666112",5 Recámaras | 2 Baños | 241 m 2,
Ciudad De Mexico,28,"$11,850,000
MXN","Venta de casa Cto. Fuentes del Pedregal, Fuentes del Pedregal, 14140 Ciudad de México, CDMX #0000Int. 00, Col. Fuentes del Pedregal, Tlalpan, DF / CDMX, México, C.P. 14140, ID: 30267547",5 Recámaras | 4 Baños | 490 m 2,https://propiedades.com/inmuebles/casa-en-venta-cto-fuentes-del-pedregal-fuentes-del-pedregal-14140-ciudad-de-mexico-cdmx-0000-fuentes-del-pedregal-df-30267547#pagina=28&tipos=casas-venta&area=ciudad-de-mexico&pos=42
Ciudad De Mexico,28,"$3,100,000
MXN","Venta casa en Río Grande, Francisco Villa, 02420 Ciudad de México, CDMX, Col. Francisco Villa, Azcapotzalco, DF / CDMX, México, C.P. 02420, ID: 30844485",3 Recámaras | 2 Baños | 115 m 2,https://propiedades.com/inmuebles/casa-en-venta-rio-grande-francisco-villa-02420-ciudad-de-mexico-cdmx-francisco-villa-df-30844485#pagina=28&tipos=casas-venta&area=ciudad-de-mexico&pos=43
Ciudad De Mexico,28,"$2,600,000
MXN","Andador Villistas #Lote 16 Manzana 31, Col. Unidad Ejército Constitucionalista, Iztapalapa, DF / CDMX, México, C.P. 09220, ID: 30680117",5 Recámaras | 3 Baños | 205 m 2,https://propiedades.com/inmuebles/casa-en-venta-andador-villistas-lote-16-manzana-31-unidad-ejercito-constitucionalista-df-30680117#pagina=28&tipos=casas-venta&area=ciudad-de-mexico&pos=44
Ciudad De Mexico,28,"$12,990,000
MXN","Casa en venta, Miguel Lerdo de Tejada, Guadalupe Inn, 01020 Ciudad de México, CDMX, Col. Guadalupe Inn, Álvaro Obregón, DF / CDMX, México, C.P. 01020, ID: 30511262",3 Recámaras | 3 Baños | 213 m 2,https://propiedades.com/inmuebles/casa-en-venta-miguel-lerdo-de-tejada-guadalupe-inn-01020-ciudad-de-mexico-cdmx-guadalupe-inn-df-30511262#pagina=28&tipos=casas-venta&area=ciudad-de-mexico&pos=45
Ciudad De Mexico,28,"$10,500,000
MXN","Casa disponible en venta en Jojutla #12, Col. La Joya, Tlalpan, DF / CDMX, México, C.P. 14090, ID: 26453592",7 Recámaras | 4 Baños | 445 m 2,https://propiedades.com/inmuebles/casa-en-venta-jojutla-12-la-joya-df-26453592#pagina=28&tipos=casas-venta&area=ciudad-de-mexico&pos=46
Ciudad De Mexico,28,"$710,000
MXN","Se vende casa en Nte. 17, Ciudad de México, CDMX, Col. Lindavista Vallejo III Sección, Gustavo A. Madero, DF / CDMX, México, C.P. 07754, ID: 30651093",4 Recámaras | 2 Baños | 249 m 2,https://propiedades.com/inmuebles/casa-en-venta-nte-17-ciudad-de-mexico-cdmx-lindavista-vallejo-iii-seccion-df-30651093#pagina=28&tipos=casas-venta&area=ciudad-de-mexico&pos=47
Ciudad De Mexico,29,"$24,850,000
MXN","Venta de casa en Pedernal, Col. Jardines del Pedregal, Álvaro Obregón, DF / CDMX, México, C.P. 01900, ID: 28942055",3 Recámaras | 2 Baños | 480 m 2,
Ciudad De Mexico,29,"$12,850,000
MXN","Casa en venta, Ex-Ejido de San Francisco Culhuacan, Ciudad de México, CDMX, Col. San Francisco Culhuacán Barrio de San Francisco, Coyoacán, DF / CDMX, México, C.P. 04260, ID: 30407999",4 Recámaras | 4 Baños | 380 m 2,https://propiedades.com/inmuebles/casa-en-venta-exejido-de-san-francisco-culhuacan-ciudad-de-mexico-cdmx-san-francisco-culhuacan-barrio-de-san-francisco-df-30407999#pagina=29&tipos=casas-venta&area=ciudad-de-mexico&pos=2
Ciudad De Mexico,29,"$2,999,000
MXN","Se vende casa Álamos, 03400 Ciudad de México, CDMX, Col. San Luis Tlaxialtemalco, Xochimilco, DF / CDMX, México, C.P. 16610, ID: 30220220",5 Recámaras | 2 Baños | 196 m 2,https://propiedades.com/inmuebles/casa-en-venta-alamos-03400-ciudad-de-mexico-cdmx-san-luis-tlaxialtemalco-df-30220220#pagina=29&tipos=casas-venta&area=ciudad-de-mexico&pos=3
Ciudad De Mexico,29,"$7,300,000
MXN","Casa en venta, Avenida de los 45 Metros #650Int. 5, Col. San Bartolo Atepehuacan, Gustavo A. Madero, DF / CDMX, México, C.P. 07730, ID: 29893534",3 Recámaras | 3 Baños | 240 m 2,https://propiedades.com/inmuebles/casa-en-venta-avenida-de-los-45-metros-650-san-bartolo-atepehuacan-df-29893534#pagina=29&tipos=casas-venta&area=ciudad-de-mexico&pos=4
Ciudad De Mexico,29,"$33,000,000
MXN",", Col. San Jerónimo Lídice, La Magdalena Contreras, DF / CDMX, México, C.P. 10200, ID: 29284083",4 Recámaras | 4 Baños | 978 m 2,https://propiedades.com/inmuebles/casa-en-venta-san-jeronimo-lidice-df-29284083#pagina=29&tipos=casas-venta&area=ciudad-de-mexico&pos=5
Ciudad De Mexico,29,"$6,500,000
MXN","Venta de casa en Calle Norte 172 440 #440, Col. Pensador Mexicano, Venustiano Carranza, DF / CDMX, México, C.P. 15510, ID: 29537851",5 Recámaras | 3 Baños | 308 m 2,https://propiedades.com/inmuebles/casa-en-venta-calle-norte-172-440-440-pensador-mexicano-df-29537851#pagina=29&tipos=casas-venta&area=ciudad-de-mexico&pos=6
Ciudad De Mexico,29,"$30,000,000
MXN","Casa en venta, , Col. Bosque de las Lomas, Miguel Hidalgo, DF / CDMX, México, C.P. 11700, ID: 28594535",3 Recámaras | 5 Baños | 950 m 2,https://propiedades.com/inmuebles/casa-en-venta-bosque-de-las-lomas-df-28594535#pagina=29&tipos=casas-venta&area=ciudad-de-mexico&pos=7
Ciudad De Mexico,29,"$8,400,000
MXN","Venta de casa Calzada Carretas, Col. Colina del Sur, Álvaro Obregón, DF / CDMX, México, C.P. 01430, ID: 29481434",3 Recámaras | 2 Baños | 488 m 2,https://propiedades.com/inmuebles/casa-en-venta-calzada-carretas-colina-del-sur-df-29481434#pagina=29&tipos=casas-venta&area=ciudad-de-mexico&pos=8
Ciudad De Mexico,29,"$3,300,000
MXN","PtoCoatzacoalcos #s/n, Col. Héroes de Chapultepec, Gustavo A. Madero, DF / CDMX, México, C.P. 07939, ID: 30168306",9 Recámaras | 6 Baños | 300 m 2,https://propiedades.com/inmuebles/casa-en-venta-ptocoatzacoalcos-sn-heroes-de-chapultepec-df-30168306#pagina=29&tipos=casas-venta&area=ciudad-de-mexico&pos=9
Ciudad De Mexico,29,"$12,134,000
MXN","Diagonal #s/n, Col. Insurgentes San Borja, Benito Juárez, DF / CDMX, México, C.P. 03100, ID: 30110958",4 Recámaras | 3 Baños | 230 m 2,https://propiedades.com/inmuebles/casa-en-venta-diagonal-sn-insurgentes-san-borja-df-30110958#pagina=29&tipos=casas-venta&area=ciudad-de-mexico&pos=10
Ciudad De Mexico,29,"$19,500,000
MXN","Venta de casa Calle División del Norte, Col. Lomas de Memetla, Cuajimalpa de Morelos, DF / CDMX, México, C.P. 05330, ID: 30071866",3 Recámaras | 3 Baños | 450 m 2,https://propiedades.com/inmuebles/casa-en-venta-calle-division-del-norte-lomas-de-memetla-df-30071866#pagina=29&tipos=casas-venta&area=ciudad-de-mexico&pos=11
Ciudad De Mexico,29,"$10,900,000
MXN","C. J. Enrique Pestalozzi, Narvarte Poniente, Ciudad de México, CDMX, Col. Narvarte Poniente, Benito Juárez, DF / CDMX, México, C.P. 03020, ID: 30796212",4 Recámaras | 2 Baños | 240 m 2,https://propiedades.com/inmuebles/casa-en-venta-c-j-enrique-pestalozzi-narvarte-poniente-ciudad-de-mexico-cdmx-narvarte-poniente-df-30796212#pagina=29&tipos=casas-venta&area=ciudad-de-mexico&pos=12
Ciudad De Mexico,29,"$10,000,000
MXN","Casa disponible en venta en Álvaro Reséndiz 20, Coapa, Presidentes Ejidales 1ra Secc, Coyoacán, 04470 Ciudad de México, CDMX #20, Col. Presidentes Ejidales 2a Sección, Coyoacán, DF / CDMX, México, C.P. 04470, ID: 30517361",5 Recámaras | 5 Baños | 250 m 2,https://propiedades.com/inmuebles/casa-en-venta-alvaro-resendiz-20-coapa-presidentes-ejidales-1ra-secc-coyoacan-04470-ciudad-de-mexico-cdmx-20-presidentes-ejidales-2a-seccion-df-30517361#pagina=29&tipos=casas-venta&area=ciudad-de-mexico&pos=13
Ciudad De Mexico,29,"$615,000
MXN","Casa en venta, Álvaro Obregón, CDMX, Col. Alfonso XIII, Álvaro Obregón, DF / CDMX, México, C.P. 01460, ID: 30502905",2 Recámaras | 2 Baños | 75 m 2,https://propiedades.com/inmuebles/casa-en-venta-alvaro-obregon-cdmx-alfonso-xiii-df-30502905#pagina=29&tipos=casas-venta&area=ciudad-de-mexico&pos=14
Ciudad De Mexico,29,"$3,500,000
MXN","Venta de casa en Mata Obscura Mz 9 L 11 Sta Fe Jalapa Tepito Alvaro Obregon #9Int. 11, Col. Jalalpa Tepito 2a Ampliación, Álvaro Obregón, DF / CDMX, México, C.P. 01296, ID: 29527565",5 Recámaras | 2 Baños | 280 m 2,https://propiedades.com/inmuebles/casa-en-venta-mata-obscura-mz-9-l-11-sta-fe-jalapa-tepito-alvaro-obregon-9-jalalpa-tepito-2a-ampliacion-df-29527565#pagina=29&tipos=casas-venta&area=ciudad-de-mexico&pos=15
Ciudad De Mexico,29,"$7,590,000
MXN","Andres Molina Enriquez , Col. Iztaccihuatl, Benito Juárez, DF / CDMX, México, C.P. 03520, ID: 30699716",4 Recámaras | 2 Baños | 301 m 2,https://propiedades.com/inmuebles/casa-en-venta-andres-molina-enriquez-iztaccihuatl-df-30699716#pagina=29&tipos=casas-venta&area=ciudad-de-mexico&pos=16
Ciudad De Mexico,29,"$19,500,000
MXN","Venta de casa en Antonio del Castillo #s/n, Col. San Rafael, Cuauhtémoc, DF / CDMX, México, C.P. 06470, ID: 30077591",7 Recámaras | 5 Baños | 650 m 2,https://propiedades.com/inmuebles/casa-en-venta-antonio-del-castillo-sn-san-rafael-df-30077591#pagina=29&tipos=casas-venta&area=ciudad-de-mexico&pos=17
Ciudad De Mexico,29,"$6,200,000
MXN","Venta casa en Avenida 529 176 #176, Col. San Juan de Aragón I Sección, Gustavo A. Madero, DF / CDMX, México, C.P. 07969, ID: 29975915",5 Recámaras | 4 Baños | 258 m 2,https://propiedades.com/inmuebles/casa-en-venta-avenida-529-176-176-san-juan-de-aragon-i-seccion-df-29975915#pagina=29&tipos=casas-venta&area=ciudad-de-mexico&pos=18
Ciudad De Mexico,29,"$4,150,000
MXN","Se vende casa en Calle 321 #s/n, Col. El Coyol, Gustavo A. Madero, DF / CDMX, México, C.P. 07420, ID: 30128663",3 Recámaras | 1 Baño | 200 m 2,https://propiedades.com/inmuebles/casa-en-venta-calle-321-sn-el-coyol-df-30128663#pagina=29&tipos=casas-venta&area=ciudad-de-mexico&pos=19
Ciudad De Mexico,29,"$54,500,000
MXN","Fuego #s/n, Col. Jardines del Pedregal, Álvaro Obregón, DF / CDMX, México, C.P. 01900, ID: 29952277",4 Recámaras | 4 Baños | 825 m 2,https://propiedades.com/inmuebles/casa-en-venta-fuego-sn-jardines-del-pedregal-df-29952277#pagina=29&tipos=casas-venta&area=ciudad-de-mexico&pos=20
Ciudad De Mexico,29,"$5,450,000
MXN","Venta de casa Prolongación Hidalgo, Col. Manzanastitla, Cuajimalpa de Morelos, DF / CDMX, México, C.P. 05270, ID: 28632326",3 Recámaras | 2 Baños | 200 m 2,https://propiedades.com/inmuebles/casa-en-venta-prolongacion-hidalgo-manzanastitla-df-28632326#pagina=29&tipos=casas-venta&area=ciudad-de-mexico&pos=21
Ciudad De Mexico,29,"$6,985,000
MXN","Se vende casa CITILCÚN #378Int. A, Col. Héroes de Padierna, Tlalpan, DF / CDMX, México, C.P. 14200, ID: 29901222",3 Recámaras | 3 Baños | 324 m 2,https://propiedades.com/inmuebles/casa-en-venta-citilcun-378-heroes-de-padierna-df-29901222#pagina=29&tipos=casas-venta&area=ciudad-de-mexico&pos=22
Ciudad De Mexico,29,"$15,800,000
MXN","Se vende casa Castilla, Álamos, Ciudad de México, CDMX #s/n, Col. Álamos, Benito Juárez, DF / CDMX, México, C.P. 03400, ID: 30448564",5 Recámaras | 3 Baños | 305 m 2,https://propiedades.com/inmuebles/casa-en-venta-castilla-alamos-ciudad-de-mexico-cdmx-sn-alamos-df-30448564#pagina=29&tipos=casas-venta&area=ciudad-de-mexico&pos=23
Ciudad De Mexico,29,"$7,500,000
MXN","Venta de casa en A, Col. Residencial Acoxpa, Tlalpan, DF / CDMX, México, C.P. 14300, ID: 28594200",3 Recámaras | 2 Baños | 190 m 2,https://propiedades.com/inmuebles/casa-en-venta-a-residencial-acoxpa-df-28594200#pagina=29&tipos=casas-venta&area=ciudad-de-mexico&pos=24
Ciudad De Mexico,29,"$4,950,000
MXN","Romulo Escobar, Col. Industrial, Gustavo A. Madero, DF / CDMX, México, C.P. 07800, ID: 29546987",4 Recámaras | 4 Baños | 173 m 2,https://propiedades.com/inmuebles/casa-en-venta-romulo-escobar-industrial-df-29546987#pagina=29&tipos=casas-venta&area=ciudad-de-mexico&pos=25
Ciudad De Mexico,29,"$2,460,500
MXN","Casa en venta disponible en Caniles 102, Cerro de la Estrella, Iztapalapa, 09860 Ciudad de México, CDMX #102, Col. Cerro de La Estrella, Iztapalapa, DF / CDMX, México, C.P. 09860, ID: 30273052",2 Recámaras | 1 Baño | 138 m 2,https://propiedades.com/inmuebles/casa-en-venta-caniles-102-cerro-de-la-estrella-iztapalapa-09860-ciudad-de-mexico-cdmx-102-cerro-de-la-estrella-df-30273052#pagina=29&tipos=casas-venta&area=ciudad-de-mexico&pos=26
Ciudad De Mexico,29,"$36,000,000
MXN","Venta casa en Bosque de Avellanos, Col. Bosque de las Lomas, Miguel Hidalgo, DF / CDMX, México, C.P. 11700, ID: 28633285",4 Recámaras | 3 Baños | 600 m 2,https://propiedades.com/inmuebles/casa-en-venta-bosque-de-avellanos-bosque-de-las-lomas-df-28633285#pagina=29&tipos=casas-venta&area=ciudad-de-mexico&pos=27
Ciudad De Mexico,29,"$852,005
MXN","C. Jilguero, José María Pino Suárez, Ciudad de México, CDMX, Col. Bellavista, Álvaro Obregón, DF / CDMX, México, C.P. 01140, ID: 30385428",3 Recámaras | 1 Baño | 70 m 2,https://propiedades.com/inmuebles/casa-en-venta-c-jilguero-jose-maria-pino-suarez-ciudad-de-mexico-cdmx-bellavista-df-30385428#pagina=29&tipos=casas-venta&area=ciudad-de-mexico&pos=28
Ciudad De Mexico,29,"$3,150,000
MXN",", Col. Damián Carmona, Venustiano Carranza, DF / CDMX, México, C.P. 15450, ID: 28585162",6 Recámaras | 2 Baños | 236 m 2,https://propiedades.com/inmuebles/casa-en-venta-damian-carmona-df-28585162#pagina=29&tipos=casas-venta&area=ciudad-de-mexico&pos=29
Ciudad De Mexico,29,"$38,000,000
MXN","Pirules, Col. Jardines del Pedregal, Álvaro Obregón, DF / CDMX, México, C.P. 01900, ID: 29985401",4 Recámaras | 3 Baños | 600 m 2,https://propiedades.com/inmuebles/casa-en-venta-pirules-jardines-del-pedregal-df-29985401#pagina=29&tipos=casas-venta&area=ciudad-de-mexico&pos=30
Ciudad De Mexico,29,"$11,500,000
MXN","Venta de casa Miguel Lerdo de Tejada 18, San Jerónimo Lídice, La Magdalena Contreras, 10200 Ciudad de México, CDMX #18, Col. San Jerónimo Lídice, La Magdalena Contreras, DF / CDMX, México, C.P. 10200, ID: 30467023",4 Recámaras | 4 Baños | 201 m 2,https://propiedades.com/inmuebles/casa-en-venta-miguel-lerdo-de-tejada-18-san-jeronimo-lidice-la-magdalena-contreras-10200-ciudad-de-mexico-cdmx-18-san-jeronimo-lidice-df-30467023#pagina=29&tipos=casas-venta&area=ciudad-de-mexico&pos=31
Ciudad De Mexico,29,"$7,550,000
MXN","Casa disponible en venta en Hacienda de Amazcala #97, Col. Floresta Coyoacán, Tlalpan, DF / CDMX, México, C.P. 14310, ID: 30826961",3 Recámaras | 3 Baños | 256 m 2,https://propiedades.com/inmuebles/casa-en-venta-hacienda-de-amazcala-97-floresta-coyoacan-df-30826961#pagina=29&tipos=casas-venta&area=ciudad-de-mexico&pos=32
Ciudad De Mexico,29,"$3,500,000
MXN","Venta de casa Mata Obscura, Col. Jalalpa Tepito, Álvaro Obregón, DF / CDMX, México, C.P. 01296, ID: 29527016",4 Recámaras | 3 Baños | 280 m 2,https://propiedades.com/inmuebles/casa-en-venta-mata-obscura-jalalpa-tepito-df-29527016#pagina=29&tipos=casas-venta&area=ciudad-de-mexico&pos=33
Ciudad De Mexico,29,"$7,000,000
MXN","Se vende casa Av. 527, San Juan de Aragón I Secc, 07969 Ciudad de México, CDMX #133, Col. San Juan de Aragón I Sección, Gustavo A. Madero, DF / CDMX, México, C.P. 07969, ID: 30689251",6 Recámaras | 4 Baños | 240 m 2,https://propiedades.com/inmuebles/casa-en-venta-av-527-san-juan-de-aragon-i-secc-07969-ciudad-de-mexico-cdmx-133-san-juan-de-aragon-i-seccion-df-30689251#pagina=29&tipos=casas-venta&area=ciudad-de-mexico&pos=34
Ciudad De Mexico,29,"$73,000,000
MXN","A. Musset 334, Polanco, Polanco III Secc, Miguel Hidalgo, 11540 Ciudad de México, CDMX #334, Col. Polanco III Sección, Miguel Hidalgo, DF / CDMX, México, C.P. 11540, ID: 30796394",5 Recámaras | 3 Baños | 752 m 2,https://propiedades.com/inmuebles/casa-en-venta-a-musset-334-polanco-polanco-iii-secc-miguel-hidalgo-11540-ciudad-de-mexico-cdmx-334-polanco-iii-seccion-df-30796394#pagina=29&tipos=casas-venta&area=ciudad-de-mexico&pos=35
Ciudad De Mexico,29,"$19,260,000
MXN","Venta casa en Jazmín #13, Col. Tetelpan, Álvaro Obregón, DF / CDMX, México, C.P. 01700, ID: 29499209",5 Recámaras | 4 Baños | 448 m 2,https://propiedades.com/inmuebles/casa-en-venta-jazmin-13-tetelpan-df-29499209#pagina=29&tipos=casas-venta&area=ciudad-de-mexico&pos=36
Ciudad De Mexico,29,"$7,990,000
MXN","Cintalapa 52, Coapa, Cafetales I, Coyoacán, 04930 Ciudad de México, CDMX #s/n, Col. Santa Cecilia, Coyoacán, DF / CDMX, México, C.P. 04930, ID: 30484671",4 Recámaras | 2 Baños | 270 m 2,https://propiedades.com/inmuebles/casa-en-venta-cintalapa-52-coapa-cafetales-i-coyoacan-04930-ciudad-de-mexico-cdmx-sn-santa-cecilia-df-30484671#pagina=29&tipos=casas-venta&area=ciudad-de-mexico&pos=37
Ciudad De Mexico,29,"$2,600,000
MXN",", Col. Agrícola Oriental, Iztacalco, DF / CDMX, México, C.P. 08500, ID: 29372299",2 Recámaras | 1 Baño | 68 m 2,https://propiedades.com/inmuebles/casa-en-venta-agricola-oriental-df-29372299#pagina=29&tipos=casas-venta&area=ciudad-de-mexico&pos=38
Ciudad De Mexico,29,"$3,800,000
MXN","Venta de casa en Miguel Hidalgo 186, Colonia Del, Niño Jesús, Tlalpan, 14080 Ciudad de México, CDMX #186, Col. Belisario Domínguez Sección XVI, Tlalpan, DF / CDMX, México, C.P. 14080, ID: 30519107",5 Recámaras | 5 Baños | 357 m 2,https://propiedades.com/inmuebles/casa-en-venta-miguel-hidalgo-186-colonia-del-nino-jesus-tlalpan-14080-ciudad-de-mexico-cdmx-186-belisario-dominguez-seccion-xvi-df-30519107#pagina=29&tipos=casas-venta&area=ciudad-de-mexico&pos=39
Ciudad De Mexico,29,"$8,310,834
MXN","LOMAS TARANGO #0, Col. Lomas de Tarango, Álvaro Obregón, DF / CDMX, México, C.P. 01620, ID: 29864970",4 Recámaras | 3 Baños | 380 m 2,https://propiedades.com/inmuebles/casa-en-venta-lomas-tarango-lomas-de-tarango-df-29864970#pagina=29&tipos=casas-venta&area=ciudad-de-mexico&pos=40
Ciudad De Mexico,29,"$3,500,000
MXN","Venta casa en C. Villa Hoz, Desarrollo Urbano Quetzalcóatl, 09700 Ciudad de México, CDMX, Col. Desarrollo Urbano Quetzalcoatl, Iztapalapa, DF / CDMX, México, C.P. 09700, ID: 30361876",7 Recámaras | 3 Baños | 240 m 2,https://propiedades.com/inmuebles/casa-en-venta-c-villa-hoz-desarrollo-urbano-quetzalcoatl-09700-ciudad-de-mexico-cdmx-desarrollo-urbano-quetzalcoatl-df-30361876#pagina=29&tipos=casas-venta&area=ciudad-de-mexico&pos=41
Ciudad De Mexico,29,"$13,500,000
MXN","Casa en venta, Av. San Buenaventura, Club de Golf México, Ciudad de México, CDMX, Col. Club de Golf México, Tlalpan, DF / CDMX, México, C.P. 14620, ID: 30691527",5 Recámaras | 3 Baños | 479 m 2,https://propiedades.com/inmuebles/casa-en-venta-av-san-buenaventura-club-de-golf-mexico-ciudad-de-mexico-cdmx-club-de-golf-mexico-df-30691527#pagina=29&tipos=casas-venta&area=ciudad-de-mexico&pos=42
Ciudad De Mexico,29,"$1,000,000
USD","Casa en venta, LAS AGUILAS #1195, Col. San Clemente Norte, Álvaro Obregón, DF / CDMX, México, C.P. 01740, ID: 29766029",4 Recámaras | 2 Baños | 440 m 2,https://propiedades.com/inmuebles/casa-en-venta-las-aguilas-1195-san-clemente-norte-df-29766029#pagina=29&tipos=casas-venta&area=ciudad-de-mexico&pos=43
Ciudad De Mexico,29,"$37,500,000
MXN","Casa disponible en venta en Bosque de Capulines #s/n, Col. Bosque de las Lomas, Miguel Hidalgo, DF / CDMX, México, C.P. 11700, ID: 28888464",4 Recámaras | 5 Baños | 726 m 2,https://propiedades.com/inmuebles/casa-en-venta-bosque-de-capulines-sn-bosque-de-las-lomas-df-28888464#pagina=29&tipos=casas-venta&area=ciudad-de-mexico&pos=44
Ciudad De Mexico,29,"$7,195,000
MXN","Se vende casa en San José Buenavista, Sta Úrsula Xitla, 14420 Ciudad de México, CDMX, Col. Santa Úrsula Xitla, Tlalpan, DF / CDMX, México, C.P. 14420, ID: 30649731",3 Recámaras | 2 Baños | 168 m 2,https://propiedades.com/inmuebles/casa-en-venta-san-jose-buenavista-sta-ursula-xitla-14420-ciudad-de-mexico-cdmx-santa-ursula-xitla-df-30649731#pagina=29&tipos=casas-venta&area=ciudad-de-mexico&pos=45
Ciudad De Mexico,29,"$3,150,000
MXN","Casa en venta, , Col. Santa Inés, Xochimilco, DF / CDMX, México, C.P. 16810, ID: 29933212",3 Recámaras | 2 Baños | 174 m 2,https://propiedades.com/inmuebles/casa-en-venta-santa-ines-df-29933212#pagina=29&tipos=casas-venta&area=ciudad-de-mexico&pos=46
Ciudad De Mexico,29,"$14,900,000
MXN","Casa en venta, Calle Salome Piña 59, San José Insurgentes, Benito Juárez, 03900 Ciudad de México, CDMX #59, Col. San José Insurgentes, Benito Juárez, DF / CDMX, México, C.P. 03900, ID: 30396041",3 Recámaras | 2 Baños | 300 m 2,https://propiedades.com/inmuebles/casa-en-venta-calle-salome-pina-59-san-jose-insurgentes-benito-juarez-03900-ciudad-de-mexico-cdmx-59-san-jose-insurgentes-df-30396041#pagina=29&tipos=casas-venta&area=ciudad-de-mexico&pos=47
Ciudad De Mexico,30,"$6,500,000
MXN","Hacienda Mayorazgo, Hacienda del Rosario, Ex el Rosario, 02420 Ciudad de México, CDMX, Col. Ex-Hacienda El Rosario, Azcapotzalco, DF / CDMX, México, C.P. 02420, ID: 30844125",3 Recámaras | 2 Baños,https://propiedades.com/inmuebles/casa-en-venta-hacienda-mayorazgo-hacienda-del-rosario-ex-el-rosario-02420-ciudad-de-mexico-cdmx-exhacienda-el-rosario-df-30844125#pagina=30&tipos=casas-venta&area=ciudad-de-mexico&pos=1
Ciudad De Mexico,30,"$10,500,000
MXN","Se vende casa en ., Col. Clavería, Azcapotzalco, DF / CDMX, México, C.P. 02080, ID: 29922558",4 Recámaras | 4 Baños | 355 m 2,https://propiedades.com/inmuebles/casa-en-venta-claveria-df-29922558#pagina=30&tipos=casas-venta&area=ciudad-de-mexico&pos=2
Ciudad De Mexico,30,"$10,500,000
MXN","Venta de casa Angelica Paulet, Col. La Nopalera, Tláhuac, DF / CDMX, México, C.P. 13220, ID: 30565883",5 Recámaras | 2 Baños | 250 m 2,https://propiedades.com/inmuebles/casa-en-venta-angelica-paulet-la-nopalera-df-30565883#pagina=30&tipos=casas-venta&area=ciudad-de-mexico&pos=3
Ciudad De Mexico,30,"$18,700,000
MXN","Torres Lindavista, Ciudad de México, CDMX, Col. Torres Lindavista, Gustavo A. Madero, DF / CDMX, México, C.P. 07708, ID: 30569221",3 Recámaras | 3 Baños | 493 m 2,https://propiedades.com/inmuebles/casa-en-venta-torres-lindavista-ciudad-de-mexico-cdmx-torres-lindavista-df-30569221#pagina=30&tipos=casas-venta&area=ciudad-de-mexico&pos=4
Ciudad De Mexico,30,"$7,590,000
MXN","Se vende casa en Andrés Molina Enriquez #s/n, Col. Iztaccihuatl, Benito Juárez, DF / CDMX, México, C.P. 03520, ID: 30101804",5 Recámaras | 3 Baños | 301 m 2,https://propiedades.com/inmuebles/casa-en-venta-andres-molina-enriquez-sn-iztaccihuatl-df-30101804#pagina=30&tipos=casas-venta&area=ciudad-de-mexico&pos=5
Ciudad De Mexico,30,"$14,799,000
MXN","Goethe, Anzures, 11590 Ciudad de México, CDMX #49, Col. Anzures, Miguel Hidalgo, DF / CDMX, México, C.P. 11590, ID: 30385438",4 Recámaras | 3 Baños | 542 m 2,https://propiedades.com/inmuebles/casa-en-venta-goethe-anzures-11590-ciudad-de-mexico-cdmx-49-anzures-df-30385438#pagina=30&tipos=casas-venta&area=ciudad-de-mexico&pos=6
Ciudad De Mexico,30,"$3,500,000
USD","Juan Odonoju , Col. Lomas de Chapultepec I Sección, Miguel Hidalgo, DF / CDMX, México, C.P. 11000, ID: 25672859",5 Recámaras | 5 Baños | 642 m 2,https://propiedades.com/inmuebles/casa-en-venta-juan-odonoju-lomas-de-chapultepec-i-seccion-df-25672859#pagina=30&tipos=casas-venta&area=ciudad-de-mexico&pos=7
Ciudad De Mexico,30,"$3,700,000
MXN","Venta de casa Lutecia 42, Col. Xalpa, Iztapalapa, DF / CDMX, México, C.P. 09640, ID: 29713642",3 Recámaras | 3 Baños | 312 m 2,https://propiedades.com/inmuebles/casa-en-venta-lutecia-42-xalpa-df-29713642#pagina=30&tipos=casas-venta&area=ciudad-de-mexico&pos=8
Ciudad De Mexico,30,"$12,000,000
MXN","Casa disponible en venta en Lindavista, 07340 Ciudad de México, CDMX, Col. Lindavista Sur, Gustavo A. Madero, DF / CDMX, México, C.P. 07300, ID: 30821923",4 Recámaras | 2 Baños | 511 m 2,https://propiedades.com/inmuebles/casa-en-venta-lindavista-07340-ciudad-de-mexico-cdmx-lindavista-sur-df-30821923#pagina=30&tipos=casas-venta&area=ciudad-de-mexico&pos=9
Ciudad De Mexico,30,"$13,500,000
MXN","Calle Arboledas, Santa Cruz Xochitepec, Ciudad de México, CDMX, Col. Santa Cruz Xochitepec, Xochimilco, DF / CDMX, México, C.P. 16100, ID: 30484627",5 Recámaras | 3 Baños | 450 m 2,https://propiedades.com/inmuebles/casa-en-venta-calle-arboledas-santa-cruz-xochitepec-ciudad-de-mexico-cdmx-santa-cruz-xochitepec-df-30484627#pagina=30&tipos=casas-venta&area=ciudad-de-mexico&pos=10
Ciudad De Mexico,30,"$19,500,000
MXN","Casa en venta, Circuito Fuentes del Pedregal #785, Col. Fuentes del Pedregal, Tlalpan, DF / CDMX, México, C.P. 14140, ID: 28691069",4 Recámaras | 4 Baños | 681 m 2,https://propiedades.com/inmuebles/casa-en-venta-circuito-fuentes-del-pedregal-785-fuentes-del-pedregal-df-28691069#pagina=30&tipos=casas-venta&area=ciudad-de-mexico&pos=11
Ciudad De Mexico,30,"$2,100,000
MXN","Venta casa en Alcázar 8, Jardines del Sur, Xochimilco, 16050 Ciudad de México, CDMX, Col. Jardines del Sur, Xochimilco, DF / CDMX, México, C.P. 16050, ID: 30495270",2 Recámaras | 1 Baño | 82 m 2,https://propiedades.com/inmuebles/casa-en-venta-alcazar-8-jardines-del-sur-xochimilco-16050-ciudad-de-mexico-cdmx-jardines-del-sur-df-30495270#pagina=30&tipos=casas-venta&area=ciudad-de-mexico&pos=12
Ciudad De Mexico,30,"$4,400,000
MXN","Venta casa en Sierra de Pinos 137, San Felipe de Jesús, Gustavo A. Madero, 07510 Ciudad de México, CDMX #137, Col. San Felipe de Jesús, Gustavo A. Madero, DF / CDMX, México, C.P. 07510, ID: 30241091",2 Recámaras | 4 Baños | 433 m 2,https://propiedades.com/inmuebles/casa-en-venta-sierra-de-pinos-137-san-felipe-de-jesus-gustavo-a-madero-07510-ciudad-de-mexico-cdmx-137-san-felipe-de-jesus-df-30241091#pagina=30&tipos=casas-venta&area=ciudad-de-mexico&pos=13
Ciudad De Mexico,30,"$7,800,000
MXN","Oriente 69 2917 #2917, Col. Ampliación Asturias, Cuauhtémoc, DF / CDMX, México, C.P. 06890, ID: 30024974",8 Recámaras | 4 Baños | 310 m 2,https://propiedades.com/inmuebles/casa-en-venta-oriente-69-2917-2917-ampliacion-asturias-df-30024974#pagina=30&tipos=casas-venta&area=ciudad-de-mexico&pos=14
Ciudad De Mexico,30,"$1,113,000
MXN","Se vende casa en Ajusco 38, Portales Nte, Benito Juárez, 03303 Ciudad de México, CDMX #38, Col. Portales Norte, Benito Juárez, DF / CDMX, México, C.P. 03303, ID: 30407485",2 Recámaras | 1 Baño | 50 m 2,https://propiedades.com/inmuebles/casa-en-venta-ajusco-38-portales-nte-benito-juarez-03303-ciudad-de-mexico-cdmx-38-portales-norte-df-30407485#pagina=30&tipos=casas-venta&area=ciudad-de-mexico&pos=15
Ciudad De Mexico,30,"$9,950,000
MXN","Se vende casa en Rtno. de los Buharros 15, Lomas de las Águilas, Álvaro Obregón, 01730 Ciudad de México, CDMX #15, Col. Lomas de las Águilas, Álvaro Obregón, DF / CDMX, México, C.P. 01730, ID: 30283621",5 Recámaras | 3 Baños | 310 m 2,https://propiedades.com/inmuebles/casa-en-venta-rtno-de-los-buharros-15-lomas-de-las-aguilas-alvaro-obregon-01730-ciudad-de-mexico-cdmx-15-lomas-de-las-aguilas-df-30283621#pagina=30&tipos=casas-venta&area=ciudad-de-mexico&pos=16
Ciudad De Mexico,30,"$11,600,000
MXN","Casa disponible en venta en Luis G. Inclán 2859 #2859, Col. Villa de Cortes, Benito Juárez, DF / CDMX, México, C.P. 03530, ID: 29500604",4 Recámaras | 3 Baños | 364 m 2,https://propiedades.com/inmuebles/casa-en-venta-luis-g-inclan-2859-2859-villa-de-cortes-df-29500604#pagina=30&tipos=casas-venta&area=ciudad-de-mexico&pos=17
Ciudad De Mexico,30,"$6,500,000
MXN","Poniente, Col. Ampliación Popo, Miguel Hidalgo, DF / CDMX, México, C.P. 11489, ID: 30111038",3 Recámaras | 1 Baño | 303 m 2,https://propiedades.com/inmuebles/casa-en-venta-poniente-ampliacion-popo-df-30111038#pagina=30&tipos=casas-venta&area=ciudad-de-mexico&pos=18
Ciudad De Mexico,30,"$11,000,000
MXN","Casa disponible en venta en Puno, 07300 Ciudad de México, CDMX #s/n, Col. Lindavista Norte, Gustavo A. Madero, DF / CDMX, México, C.P. 07300, ID: 30241923",4 Recámaras | 3 Baños | 236 m 2,https://propiedades.com/inmuebles/casa-en-venta-puno-07300-ciudad-de-mexico-cdmx-sn-lindavista-norte-df-30241923#pagina=30&tipos=casas-venta&area=ciudad-de-mexico&pos=19
Ciudad De Mexico,30,"$7,995,000
MXN","Se vende casa Río San Angel #329Int. 6, Col. Atlamaya, Álvaro Obregón, DF / CDMX, México, C.P. 01760, ID: 29818441",3 Recámaras | 3 Baños | 255 m 2,https://propiedades.com/inmuebles/casa-en-venta-rio-san-angel-329-atlamaya-df-29818441#pagina=30&tipos=casas-venta&area=ciudad-de-mexico&pos=20
Ciudad De Mexico,30,"$16,500,000
MXN","Casa disponible en venta en Cerro Dios del Hacha, Romero de Terreros, 04310 Ciudad de México, CDMX #71, Col. Romero de Terreros, Coyoacán, DF / CDMX, México, C.P. 04310, ID: 30680063",4 Recámaras | 3 Baños | 420 m 2,https://propiedades.com/inmuebles/casa-en-venta-cerro-dios-del-hacha-romero-de-terreros-04310-ciudad-de-mexico-cdmx-71-romero-de-terreros-df-30680063#pagina=30&tipos=casas-venta&area=ciudad-de-mexico&pos=21
Ciudad De Mexico,30,"$7,900,000
MXN","Se vende casa Cardenales 79, Col. Las Águilas, Álvaro Obregón, DF / CDMX, México, C.P. 01048, ID: 29459566",3 Recámaras | 2 Baños | 200 m 2,https://propiedades.com/inmuebles/casa-en-venta-cardenales-79-las-aguilas-df-29459566#pagina=30&tipos=casas-venta&area=ciudad-de-mexico&pos=22
Ciudad De Mexico,30,"$12,900,000
MXN","Casa en venta, C. Antigua Taxqueña 27, Parque San Andrés, Coyoacán, 04400 Ciudad de México, CDMX #27, Col. Educación, Coyoacán, DF / CDMX, México, C.P. 04400, ID: 30724991",4 Recámaras | 4 Baños | 290 m 2,https://propiedades.com/inmuebles/casa-en-venta-c-antigua-taxquena-27-parque-san-andres-coyoacan-04400-ciudad-de-mexico-cdmx-27-educacion-df-30724991#pagina=30&tipos=casas-venta&area=ciudad-de-mexico&pos=23
Ciudad De Mexico,30,"$7,000,000
MXN","Col. Lindavista Norte, Gustavo A. Madero, DF / CDMX, México, C.P. 07300, ID: 29428974",4 Recámaras | 2 Baños | 277 m 2,https://propiedades.com/inmuebles/casa-en-venta-lindavista-norte-df-29428974#pagina=30&tipos=casas-venta&area=ciudad-de-mexico&pos=24
Ciudad De Mexico,30,"$9,990,000
MXN","Venta casa en Mariano Matamoros, Col. Tlalpan, Tlalpan, DF / CDMX, México, C.P. 14000, ID: 26274380",4 Recámaras | 4 Baños | 320 m 2,https://propiedades.com/inmuebles/casa-en-venta-mariano-matamoros-tlalpan-df-26274380#pagina=30&tipos=casas-venta&area=ciudad-de-mexico&pos=25
Ciudad De Mexico,30,"$14,500,000
MXN","Casa disponible en venta en Pernambuco, 07300 Ciudad de México, CDMX, Col. Lindavista Norte, Gustavo A. Madero, DF / CDMX, México, C.P. 07300, ID: 30808421",5 Recámaras | 3 Baños | 580 m 2,
Ciudad De Mexico,30,"$15,000,000
MXN","Martha, Guadalupe Tepeyac, 07840 Ciudad de México, CDMX, Col. Guadalupe Tepeyac, Gustavo A. Madero, DF / CDMX, México, C.P. 07840, ID: 30448747",8 Recámaras | 8 Baños | 504 m 2,https://propiedades.com/inmuebles/casa-en-venta-martha-guadalupe-tepeyac-07840-ciudad-de-mexico-cdmx-guadalupe-tepeyac-df-30448747#pagina=30&tipos=casas-venta&area=ciudad-de-mexico&pos=27
Ciudad De Mexico,30,"$20,000,000
MXN","Casa disponible en venta en Guadalupe , Col. Lomas de San Ángel Inn, Álvaro Obregón, DF / CDMX, México, C.P. 01790, ID: 29434986",4 Recámaras | 4 Baños | 294 m 2,https://propiedades.com/inmuebles/casa-en-venta-guadalupe-lomas-de-san-angel-inn-df-29434986#pagina=30&tipos=casas-venta&area=ciudad-de-mexico&pos=28
Ciudad De Mexico,30,"$12,000,000
MXN","Rancho Irolo, Coapa, Prados Coapa 1ra Secc, 14350 Ciudad de México, CDMX #2, Col. Prado Coapa 1A Sección, Tlalpan, DF / CDMX, México, C.P. 14350, ID: 30512366",3 Recámaras | 3 Baños | 345 m 2,https://propiedades.com/inmuebles/casa-en-venta-rancho-irolo-coapa-prados-coapa-1ra-secc-14350-ciudad-de-mexico-cdmx-2-prado-coapa-1a-seccion-df-30512366#pagina=30&tipos=casas-venta&area=ciudad-de-mexico&pos=29
Ciudad De Mexico,30,"$9,000,000
MXN","Venta de casa san isidro, Col. San Miguel, Iztacalco, DF / CDMX, México, C.P. 08650, ID: 30576906",11 Recámaras | 11 Baños | 608 m 2,https://propiedades.com/inmuebles/casa-en-venta-san-isidro-san-miguel-df-30576906#pagina=30&tipos=casas-venta&area=ciudad-de-mexico&pos=30
Ciudad De Mexico,30,"$1,850,000
MXN","Se vende casa La Magdalena Contreras, CDMX, Col. Los Padres, La Magdalena Contreras, DF / CDMX, México, C.P. 10340, ID: 30235788",5 Recámaras | 3 Baños | 189 m 2,https://propiedades.com/inmuebles/casa-en-venta-la-magdalena-contreras-cdmx-los-padres-df-30235788#pagina=30&tipos=casas-venta&area=ciudad-de-mexico&pos=31
Ciudad De Mexico,30,"$3,153,000
MXN","Venta de casa en PLAN DE AYALA #0, Col. Ojito de Agua, Iztapalapa, DF / CDMX, México, C.P. 09500, ID: 30122348",5 Recámaras | 3 Baños | 170 m 2,https://propiedades.com/inmuebles/casa-en-venta-plan-de-ayala-ojito-de-agua-df-30122348#pagina=30&tipos=casas-venta&area=ciudad-de-mexico&pos=32
Ciudad De Mexico,30,"$6,990,000
MXN","Venta de casa B.E. Murillo 109, Santa María Nonoalco, Álvaro Obregón, 01420 Ciudad de México, CDMX #109, Col. Santa María Nonoalco, Álvaro Obregón, DF / CDMX, México, C.P. 01420, ID: 30390395",3 Recámaras | 3 Baños,https://propiedades.com/inmuebles/casa-en-venta-be-murillo-109-santa-maria-nonoalco-alvaro-obregon-01420-ciudad-de-mexico-cdmx-109-santa-maria-nonoalco-df-30390395#pagina=30&tipos=casas-venta&area=ciudad-de-mexico&pos=33
Ciudad De Mexico,30,"$140,090,174
MXN","Venta de casa Calle 4 323 #323, Col. Agrícola Pantitlan, Iztacalco, DF / CDMX, México, C.P. 08100, ID: 29961751",2 Recámaras | 1 Baño | 60 m 2,https://propiedades.com/inmuebles/casa-en-venta-calle-4-323-323-agricola-pantitlan-df-29961751#pagina=30&tipos=casas-venta&area=ciudad-de-mexico&pos=34
Ciudad De Mexico,30,"$3,100,000
MXN","Cto Cantera, Las Cruces, La Magdalena Contreras, 10330 Ciudad de México, CDMX #18, Col. Las Cruces, La Magdalena Contreras, DF / CDMX, México, C.P. 10330, ID: 30821088",4 Recámaras | 3 Baños | 218 m 2,https://propiedades.com/inmuebles/casa-en-venta-cto-cantera-las-cruces-la-magdalena-contreras-10330-ciudad-de-mexico-cdmx-18-las-cruces-df-30821088#pagina=30&tipos=casas-venta&area=ciudad-de-mexico&pos=35
Ciudad De Mexico,30,"$2,900,000
USD","Casa en venta, Segunda Cda. de Galeana, Altavista, Ciudad de México, CDMX #7, Col. San Angel, Álvaro Obregón, DF / CDMX, México, C.P. 01000, ID: 30291259",4 Recámaras | 6 Baños | 1020 m 2,https://propiedades.com/inmuebles/casa-en-venta-segunda-cda-de-galeana-altavista-ciudad-de-mexico-cdmx-7-san-angel-df-30291259#pagina=30&tipos=casas-venta&area=ciudad-de-mexico&pos=36
Ciudad De Mexico,30,"$6,900,000
MXN","Se vende casa Parma 59, Coapa, Residencial Miramontes, Tlalpan, 14300 Ciudad de México, CDMX #59, Col. Residencial Miramontes, Tlalpan, DF / CDMX, México, C.P. 14300, ID: 30563323",4 Recámaras | 3 Baños | 237 m 2,https://propiedades.com/inmuebles/casa-en-venta-parma-59-coapa-residencial-miramontes-tlalpan-14300-ciudad-de-mexico-cdmx-59-residencial-miramontes-df-30563323#pagina=30&tipos=casas-venta&area=ciudad-de-mexico&pos=37
Ciudad De Mexico,30,"$617,000
MXN","Se vende casa Lic. Alberto Terronez B., Col. Constitución de 1917, Iztapalapa, DF / CDMX, México, C.P. 09260, ID: 29493619",3 Recámaras | 2 Baños | 115 m 2,https://propiedades.com/inmuebles/casa-en-venta-lic-alberto-terronez-b-constitucion-de-1917-df-29493619#pagina=30&tipos=casas-venta&area=ciudad-de-mexico&pos=38
Ciudad De Mexico,30,"$10,000,000
MXN","Se vende casa en Rancho El Gallego 25, Coapa, Prados Coapa 1ra Secc, Tlalpan, 14350 Ciudad de México, CDMX #25, Col. Prado Coapa 1A Sección, Tlalpan, DF / CDMX, México, C.P. 14350, ID: 30453558",3 Recámaras | 4 Baños | 358 m 2,https://propiedades.com/inmuebles/casa-en-venta-rancho-el-gallego-25-coapa-prados-coapa-1ra-secc-tlalpan-14350-ciudad-de-mexico-cdmx-25-prado-coapa-1a-seccion-df-30453558#pagina=30&tipos=casas-venta&area=ciudad-de-mexico&pos=39
Ciudad De Mexico,30,"$8,950,000
MXN","Casa en venta disponible en rancho cosolapa #s/n, Col. Campestre Coyoacán, Coyoacán, DF / CDMX, México, C.P. 04938, ID: 29961954",4 Recámaras | 4 Baños | 268 m 2,
Ciudad De Mexico,30,"$8,950,000
MXN","Se vende casa , Col. Vergel de Coyoacán, Tlalpan, DF / CDMX, México, C.P. 14340, ID: 29820191",4 Recámaras | 3 Baños | 357 m 2,https://propiedades.com/inmuebles/casa-en-venta-vergel-de-coyoacan-df-29820191#pagina=30&tipos=casas-venta&area=ciudad-de-mexico&pos=41
Ciudad De Mexico,30,"$6,500,000
MXN","CAMINO DEL RECREO, Col. Del Recreo, Azcapotzalco, DF / CDMX, México, C.P. 02070, ID: 28942557",3 Recámaras | 2 Baños | 191 m 2,https://propiedades.com/inmuebles/casa-en-venta-camino-del-recreo-del-recreo-df-28942557#pagina=30&tipos=casas-venta&area=ciudad-de-mexico&pos=42
Ciudad De Mexico,30,"$4,300,000
MXN","Cañaverales, Col. Magisterial Coapa, Tlalpan, DF / CDMX, México, C.P. 14360, ID: 29535502",3 Recámaras | 3 Baños | 140 m 2,https://propiedades.com/inmuebles/casa-en-venta-canaverales-magisterial-coapa-df-29535502#pagina=30&tipos=casas-venta&area=ciudad-de-mexico&pos=43
Ciudad De Mexico,30,"$16,888,000
MXN","Bahía PerulVerónica Anzúres, Miguel Hidalgo, 11300 Ciudad de México, CDMX #s/n, Col. Veronica Anzures, Miguel Hidalgo, DF / CDMX, México, C.P. 11300, ID: 30215695",4 Recámaras | 4 Baños | 440 m 2,https://propiedades.com/inmuebles/casa-en-venta-bahia-perulveronica-anzures-miguel-hidalgo-11300-ciudad-de-mexico-cdmx-sn-veronica-anzures-df-30215695#pagina=30&tipos=casas-venta&area=ciudad-de-mexico&pos=44
Ciudad De Mexico,30,"$11,000,000
MXN","Se vende casa Coatepec, Roma Sur, 06760 Ciudad de México, CDMX #s/n, Col. Roma Sur, Cuauhtémoc, DF / CDMX, México, C.P. 06760, ID: 30464815",4 Recámaras | 3 Baños | 150 m 2,https://propiedades.com/inmuebles/casa-en-venta-coatepec-roma-sur-06760-ciudad-de-mexico-cdmx-sn-roma-sur-df-30464815#pagina=30&tipos=casas-venta&area=ciudad-de-mexico&pos=45
Ciudad De Mexico,30,"$10,000,000
MXN","Casa en venta, Álvaro Reséndiz, Col. Presidentes Ejidales 1a Sección, Coyoacán, DF / CDMX, México, C.P. 04470, ID: 29878143",5 Recámaras | 5 Baños | 300 m 2,https://propiedades.com/inmuebles/casa-en-venta-alvaro-resendiz-presidentes-ejidales-1a-seccion-df-29878143#pagina=30&tipos=casas-venta&area=ciudad-de-mexico&pos=46
Ciudad De Mexico,30,"$640,000
MXN","Venta de casa Froylán C Manjarrez #82, Col. Constitución de 1917, Iztapalapa, DF / CDMX, México, C.P. 09260, ID: 30196974",3 Recámaras | 2 Baños | 121 m 2,https://propiedades.com/inmuebles/casa-en-venta-froylan-c-manjarrez-82-constitucion-de-1917-df-30196974#pagina=30&tipos=casas-venta&area=ciudad-de-mexico&pos=47
Ciudad De Mexico,31,"$29,000,000
MXN","Santa Fe, Ciudad de México, CDMX, Col. Paseo de las Lomas, Álvaro Obregón, DF / CDMX, México, C.P. 01330, ID: 30834640",4 Recámaras | 4 Baños | 750 m 2,https://propiedades.com/inmuebles/casa-en-venta-santa-fe-ciudad-de-mexico-cdmx-paseo-de-las-lomas-df-30834640#pagina=31&tipos=casas-venta&area=ciudad-de-mexico&pos=1
Ciudad De Mexico,31,"$7,264,000
MXN","Se vende casa en Greco #s/n, Col. Mixcoac, Benito Juárez, DF / CDMX, México, C.P. 03910, ID: 29435512",2 Recámaras | 2 Baños | 127 m 2,https://propiedades.com/inmuebles/casa-en-venta-greco-sn-mixcoac-df-29435512#pagina=31&tipos=casas-venta&area=ciudad-de-mexico&pos=2
Ciudad De Mexico,31,"$8,129,000
MXN","Venta de casa Lomas del Ángel 39, Lomas de Tarango, Álvaro Obregón, 01620 Ciudad de México, CDMX #39, Col. Lomas de Tarango, Álvaro Obregón, DF / CDMX, México, C.P. 01620, ID: 30674791",3 Recámaras | 3 Baños | 260 m 2,https://propiedades.com/inmuebles/casa-en-venta-lomas-del-angel-39-lomas-de-tarango-alvaro-obregon-01620-ciudad-de-mexico-cdmx-39-lomas-de-tarango-df-30674791#pagina=31&tipos=casas-venta&area=ciudad-de-mexico&pos=3
Ciudad De Mexico,31,"$8,500,000
MXN","Venta casa en Cuicuilco 17 #17, Col. Letrán Valle, Benito Juárez, DF / CDMX, México, C.P. 03650, ID: 30024995",4 Recámaras | 3 Baños | 200 m 2,
Ciudad De Mexico,31,"$18,000,000
MXN","Casa en venta, Del Valle Centro, Benito Juárez, Ciudad de México, Col. Del Valle Centro, Benito Juárez, DF / CDMX, México, C.P. 03100, ID: 24836434",5 Recámaras | 4 Baños | 400 m 2,https://propiedades.com/inmuebles/casa-en-venta-del-valle-centro-benito-juarez-ciudad-de-mexico-del-valle-centro-df-24836434#pagina=31&tipos=casas-venta&area=ciudad-de-mexico&pos=5
Ciudad De Mexico,31,"$3,200,000
MXN","Venta de casa Julián Carrillo, Ex Hipódromo de Peralvillo, 06250 Ciudad de México, CDMX #141, Col. Ex-Hipódromo de Peralvillo, Cuauhtémoc, DF / CDMX, México, C.P. 06250, ID: 30595039",2 Recámaras | 1 Baño | 172 m 2,https://propiedades.com/inmuebles/casa-en-venta-julian-carrillo-ex-hipodromo-de-peralvillo-06250-ciudad-de-mexico-cdmx-141-exhipodromo-de-peralvillo-df-30595039#pagina=31&tipos=casas-venta&area=ciudad-de-mexico&pos=6
Ciudad De Mexico,31,"$5,500,000
MXN","Arquitectos, El Sifón, 09400 Ciudad de México, CDMX, Col. La Viga, Iztapalapa, DF / CDMX, México, C.P. 09400, ID: 30464341",3 Recámaras | 3 Baños | 234 m 2,https://propiedades.com/inmuebles/casa-en-venta-arquitectos-el-sifon-09400-ciudad-de-mexico-cdmx-la-viga-df-30464341#pagina=31&tipos=casas-venta&area=ciudad-de-mexico&pos=7
Ciudad De Mexico,31,"$656,000
MXN","La Era 73, San Andres, Azcapotzalco, 02240 Ciudad de México, CDMX #73, Col. Ticoman, Azcapotzalco, DF / CDMX, México, C.P. 02240, ID: 30388094",4 Recámaras | 3 Baños | 440 m 2,https://propiedades.com/inmuebles/casa-en-venta-la-era-73-san-andres-azcapotzalco-02240-ciudad-de-mexico-cdmx-73-ticoman-df-30388094#pagina=31&tipos=casas-venta&area=ciudad-de-mexico&pos=8
Ciudad De Mexico,31,"$610,000
MXN","Se vende casa Zempoaltecas, Miguel Hidalgo, Ciudad de México, CDMX #s/n, Col. Ex-Hacienda El Rosario, Azcapotzalco, DF / CDMX, México, C.P. 02420, ID: 30351790",4 Recámaras | 2 Baños | 34 m 2,https://propiedades.com/inmuebles/casa-en-venta-zempoaltecas-miguel-hidalgo-ciudad-de-mexico-cdmx-sn-exhacienda-el-rosario-df-30351790#pagina=31&tipos=casas-venta&area=ciudad-de-mexico&pos=9
Ciudad De Mexico,31,"$13,999,000
MXN","Casa en venta disponible en La Quemada 403 #403, Col. Unidad Narvarte IMSS, Benito Juárez, DF / CDMX, México, C.P. 03023, ID: 29211771",3 Recámaras | 2 Baños | 216 m 2,https://propiedades.com/inmuebles/casa-en-venta-la-quemada-403-403-unidad-narvarte-imss-df-29211771#pagina=31&tipos=casas-venta&area=ciudad-de-mexico&pos=10
Ciudad De Mexico,31,"$6,000,000
MXN","Calle B #26, Col. Alianza Popular Revolucionaria, Coyoacán, DF / CDMX, México, C.P. 04800, ID: 30722846",3 Recámaras | 3 Baños | 120 m 2,https://propiedades.com/inmuebles/casa-en-venta-calle-b-26-alianza-popular-revolucionaria-df-30722846#pagina=31&tipos=casas-venta&area=ciudad-de-mexico&pos=11
Ciudad De Mexico,31,"$4,500,000
MXN","Casa en venta disponible en Av. Comercio 42, Santa Cruz Xochitepec, Xochimilco, 16100 Ciudad de México, CDMX #42, Col. Santa Cruz Xochitepec, Xochimilco, DF / CDMX, México, C.P. 16100, ID: 30533966",4 Recámaras | 3 Baños | 270 m 2,https://propiedades.com/inmuebles/casa-en-venta-av-comercio-42-santa-cruz-xochitepec-xochimilco-16100-ciudad-de-mexico-cdmx-42-santa-cruz-xochitepec-df-30533966#pagina=31&tipos=casas-venta&area=ciudad-de-mexico&pos=12
Ciudad De Mexico,31,"$3,500,000
MXN","Pez Angel, Col. Del Mar, Tláhuac, DF / CDMX, México, C.P. 13270, ID: 29464690",4 Recámaras | 2 Baños | 290 m 2,https://propiedades.com/inmuebles/casa-en-venta-pez-angel-del-mar-df-29464690#pagina=31&tipos=casas-venta&area=ciudad-de-mexico&pos=13
Ciudad De Mexico,31,"$3,390,000
MXN","C. 5 de Mayo, Sta María Aztahuacan, 09500 Ciudad de México, CDMX, Col. Santa María Aztahuacán, Iztapalapa, DF / CDMX, México, C.P. 09570, ID: 30432632",1 Recámara | 2 Baños | 130 m 2,https://propiedades.com/inmuebles/casa-en-venta-c-5-de-mayo-sta-maria-aztahuacan-09500-ciudad-de-mexico-cdmx-santa-maria-aztahuacan-df-30432632#pagina=31&tipos=casas-venta&area=ciudad-de-mexico&pos=14
Ciudad De Mexico,31,"$18,490,000
MXN","Venta de casa Bosques de las Lomas #WHI275890, Col. Bosques de las Lomas, Cuajimalpa de Morelos, DF / CDMX, México, C.P. 05120, ID: 24208963",3 Recámaras | 42 Baños | 752 m 2,https://propiedades.com/inmuebles/casa-en-venta-bosques-de-las-lomas-whi275890-bosques-de-las-lomas-df-24208963#pagina=31&tipos=casas-venta&area=ciudad-de-mexico&pos=15
Ciudad De Mexico,31,"$10,000,000
MXN","Álvaro Reséndiz 22, Coapa, Presidentes Ejidales 1ra Secc, Coyoacán, 04470 Ciudad de México, CDMX #22, Col. Presidentes Ejidales 2a Sección, Coyoacán, DF / CDMX, México, C.P. 04470, ID: 30386752",5 Recámaras | 5 Baños | 300 m 2,https://propiedades.com/inmuebles/casa-en-venta-alvaro-resendiz-22-coapa-presidentes-ejidales-1ra-secc-coyoacan-04470-ciudad-de-mexico-cdmx-22-presidentes-ejidales-2a-seccion-df-30386752#pagina=31&tipos=casas-venta&area=ciudad-de-mexico&pos=16
Ciudad De Mexico,31,"$13,500,000
MXN","Amatenango & Hecelchakán, Lomas del Pedregal, 14220 Ciudad de México, CDMX, Col. Lomas del Pedregal, Tlalpan, DF / CDMX, México, C.P. 14220, ID: 30796468",3 Recámaras | 2 Baños | 780 m 2,https://propiedades.com/inmuebles/casa-en-venta-amatenango-hecelchakan-lomas-del-pedregal-14220-ciudad-de-mexico-cdmx-lomas-del-pedregal-df-30796468#pagina=31&tipos=casas-venta&area=ciudad-de-mexico&pos=17
Ciudad De Mexico,31,"$17,500,000
MXN","Venta casa en Condor 317 #317, Col. Ampliación Alpes, Álvaro Obregón, DF / CDMX, México, C.P. 01710, ID: 28455978",3 Recámaras | 4 Baños | 296 m 2,https://propiedades.com/inmuebles/casa-en-venta-condor-317-317-ampliacion-alpes-df-28455978#pagina=31&tipos=casas-venta&area=ciudad-de-mexico&pos=18
Ciudad De Mexico,31,"$9,999,999
MXN","Venta de casa privada del nino jesus #s/n, Col. Belisario Domínguez Sección XVI, Tlalpan, DF / CDMX, México, C.P. 14080, ID: 29728841",5 Recámaras | 4 Baños | 200 m 2,https://propiedades.com/inmuebles/casa-en-venta-privada-del-nino-jesus-sn-belisario-dominguez-seccion-xvi-df-29728841#pagina=31&tipos=casas-venta&area=ciudad-de-mexico&pos=19
Ciudad De Mexico,31,"$11,447,000
MXN","Casa en venta disponible en Ixcateopan 87 #87, Col. Vertiz Narvarte, Benito Juárez, DF / CDMX, México, C.P. 03600, ID: 30101269",1 Recámara | 1 Baño | 259 m 2,https://propiedades.com/inmuebles/casa-en-venta-ixcateopan-87-87-vertiz-narvarte-df-30101269#pagina=31&tipos=casas-venta&area=ciudad-de-mexico&pos=20
Ciudad De Mexico,31,"$535,000
MXN","Venta de casa en Pte 54, Obrero Popular, 02840 Ciudad de México, CDMX, Col. Obrero Popular, Azcapotzalco, DF / CDMX, México, C.P. 02840, ID: 30388141",3 Recámaras | 2 Baños | 166 m 2,https://propiedades.com/inmuebles/casa-en-venta-pte-54-obrero-popular-02840-ciudad-de-mexico-cdmx-obrero-popular-df-30388141#pagina=31&tipos=casas-venta&area=ciudad-de-mexico&pos=21
Ciudad De Mexico,31,"$6,100,000
MXN","Av. San Jerónimo, San Jerónimo Lídice, Ciudad de México, CDMX, Col. San Jerónimo Lídice, La Magdalena Contreras, DF / CDMX, México, C.P. 10200, ID: 30444998",3 Recámaras | 2 Baños | 193 m 2,https://propiedades.com/inmuebles/casa-en-venta-av-san-jeronimo-san-jeronimo-lidice-ciudad-de-mexico-cdmx-san-jeronimo-lidice-df-30444998#pagina=31&tipos=casas-venta&area=ciudad-de-mexico&pos=22
Ciudad De Mexico,31,"$22,000,000
MXN","Venta casa en Cerrada Eleuterio Mendez #11B, Col. San Mateo, Coyoacán, DF / CDMX, México, C.P. 04120, ID: 30128680",4 Recámaras | 4 Baños | 400 m 2,https://propiedades.com/inmuebles/casa-en-venta-cerrada-eleuterio-mendez-11b-san-mateo-df-30128680#pagina=31&tipos=casas-venta&area=ciudad-de-mexico&pos=23
Ciudad De Mexico,31,"$4,650,000
MXN","Venta de casa en Huizachito, Col. Granjas Navidad, Cuajimalpa de Morelos, DF / CDMX, México, C.P. 05219, ID: 29222782",3 Recámaras | 3 Baños | 180 m 2,https://propiedades.com/inmuebles/casa-en-venta-huizachito-granjas-navidad-df-29222782#pagina=31&tipos=casas-venta&area=ciudad-de-mexico&pos=24
Ciudad De Mexico,31,"$11,990,000
MXN","Cda San borja, Col. Del Valle Centro, Benito Juárez, DF / CDMX, México, C.P. 03100, ID: 28549471",7 Recámaras | 3 Baños | 360 m 2,https://propiedades.com/inmuebles/casa-en-venta-cda-san-borja-del-valle-centro-df-28549471#pagina=31&tipos=casas-venta&area=ciudad-de-mexico&pos=25
Ciudad De Mexico,31,"$7,400,000
MXN","Casa disponible en venta en , Col. Aquiles Serdán, Venustiano Carranza, DF / CDMX, México, C.P. 15430, ID: 28857297",4 Recámaras | 4 Baños | 378 m 2,https://propiedades.com/inmuebles/casa-en-venta-aquiles-serdan-df-28857297#pagina=31&tipos=casas-venta&area=ciudad-de-mexico&pos=26
Ciudad De Mexico,31,"$12,000,000
MXN","Venta casa en Av. Noé 63, entre Martha y Lidia, Guadalupe Tepeyac, Gustavo A. Madero, 07840 Ciudad de México, CDMX #63, Col. Guadalupe Tepeyac, Gustavo A. Madero, DF / CDMX, México, C.P. 07840, ID: 30623705",13 Recámaras | 5 Baños | 640 m 2,https://propiedades.com/inmuebles/casa-en-venta-av-noe-63-entre-martha-y-lidia-guadalupe-tepeyac-gustavo-a-madero-07840-ciudad-de-mexico-cdmx-63-guadalupe-tepeyac-df-30623705#pagina=31&tipos=casas-venta&area=ciudad-de-mexico&pos=27
Ciudad De Mexico,31,"$5,300,000
MXN","Se vende casa en Avenida 571 #7, Col. San Juan de Aragón III Sección, Gustavo A. Madero, DF / CDMX, México, C.P. 07970, ID: 30191105",8 Recámaras | 7 Baños | 360 m 2,https://propiedades.com/inmuebles/casa-en-venta-avenida-571-7-san-juan-de-aragon-iii-seccion-df-30191105#pagina=31&tipos=casas-venta&area=ciudad-de-mexico&pos=28
Ciudad De Mexico,31,"$70,000,000
MXN","Venta de casa en Loma de Virreyes, Col. Lomas de Bezares, Miguel Hidalgo, DF / CDMX, México, C.P. 11910, ID: 29055547",8 Recámaras | 4 Baños | 1000 m 2,https://propiedades.com/inmuebles/casa-en-venta-loma-de-virreyes-lomas-de-bezares-df-29055547#pagina=31&tipos=casas-venta&area=ciudad-de-mexico&pos=29
Ciudad De Mexico,31,"$9,200,000
MXN","Casa en venta, Avenida Insurgentes Norte, Col. Tepeyac Insurgentes, Gustavo A. Madero, DF / CDMX, México, C.P. 07020, ID: 29747470",2 Recámaras | 1 Baño | 254 m 2,https://propiedades.com/inmuebles/casa-en-venta-avenida-insurgentes-norte-tepeyac-insurgentes-df-29747470#pagina=31&tipos=casas-venta&area=ciudad-de-mexico&pos=30
Ciudad De Mexico,31,"$8,500,000
MXN","Venta de casa en Casma #635, Col. Lindavista Norte, Gustavo A. Madero, DF / CDMX, México, C.P. 07300, ID: 30154033",3 Recámaras | 3 Baños | 245 m 2,https://propiedades.com/inmuebles/casa-en-venta-casma-635-lindavista-norte-df-30154033#pagina=31&tipos=casas-venta&area=ciudad-de-mexico&pos=31
Ciudad De Mexico,31,"$8,500,000
MXN","Zompantitla #31, Col. Cuadrante de San Francisco, Coyoacán, DF / CDMX, México, C.P. 04320, ID: 30822143",3 Recámaras | 3 Baños | 132 m 2,https://propiedades.com/inmuebles/casa-en-venta-zompantitla-31-cuadrante-de-san-francisco-df-30822143#pagina=31&tipos=casas-venta&area=ciudad-de-mexico&pos=32
Ciudad De Mexico,31,"$5,000,000
MXN","Sur 73, Col. Justo Sierra, Iztapalapa, DF / CDMX, México, C.P. 09460, ID: 22460841",4 Recámaras | 4 Baños | 273 m 2,https://propiedades.com/inmuebles/casa-en-venta-sur-73-justo-sierra-df-22460841#pagina=31&tipos=casas-venta&area=ciudad-de-mexico&pos=33
Ciudad De Mexico,31,"$8,250,000
MXN","Venta de casa Campana #36, Col. Insurgentes Mixcoac, Benito Juárez, DF / CDMX, México, C.P. 03920, ID: 29936975",3 Recámaras | 3 Baños | 210 m 2,https://propiedades.com/inmuebles/casa-en-venta-campana-36-insurgentes-mixcoac-df-29936975#pagina=31&tipos=casas-venta&area=ciudad-de-mexico&pos=34
Ciudad De Mexico,31,"$8,800,000
MXN","Retorno Aldama #12, Col. San Juan Tepepan, Xochimilco, DF / CDMX, México, C.P. 16020, ID: 29873914",6 Recámaras | 4 Baños | 350 m 2,https://propiedades.com/inmuebles/casa-en-venta-retorno-aldama-12-san-juan-tepepan-df-29873914#pagina=31&tipos=casas-venta&area=ciudad-de-mexico&pos=35
Ciudad De Mexico,31,"$13,000,000
MXN","Calzada Arenal #671Int. 2, Col. Las Tórtolas, Tlalpan, DF / CDMX, México, C.P. 14609, ID: 30230201",3 Recámaras | 5 Baños | 300 m 2,https://propiedades.com/inmuebles/casa-en-venta-calzada-arenal-671-las-tortolas-df-30230201#pagina=31&tipos=casas-venta&area=ciudad-de-mexico&pos=36
Ciudad De Mexico,31,"$3,390,000
MXN","Casa disponible en venta en Ermita Iztapalapa 3241, Sta María Aztahuacan, Iztapalapa, 09500 Ciudad de México, CDMX #3241, Col. Ojito de Agua, Iztapalapa, DF / CDMX, México, C.P. 09500, ID: 30513126",1 Recámara | 1 Baño | 116 m 2,https://propiedades.com/inmuebles/casa-en-venta-ermita-iztapalapa-3241-sta-maria-aztahuacan-iztapalapa-09500-ciudad-de-mexico-cdmx-3241-ojito-de-agua-df-30513126#pagina=31&tipos=casas-venta&area=ciudad-de-mexico&pos=37
Ciudad De Mexico,31,"$4,000,000
MXN","Casa en venta disponible en CANSACABALLO #s/nInt. CASA 5 Y 6, Col. Santo Tomas Ajusco, Tlalpan, DF / CDMX, México, C.P. 14710, ID: 29457964",3 Recámaras | 2 Baños | 280 m 2,https://propiedades.com/inmuebles/casa-en-venta-cansacaballo-sn-santo-tomas-ajusco-df-29457964#pagina=31&tipos=casas-venta&area=ciudad-de-mexico&pos=38
Ciudad De Mexico,31,"$17,500,000
MXN","Iliada & Calzada de las Águilas, Lomas de Axomiatla, 01820 Ciudad de México, CDMX, Col. Lomas Axomiatla, Álvaro Obregón, DF / CDMX, México, C.P. 01820, ID: 30518988",3 Recámaras | 4 Baños | 475 m 2,https://propiedades.com/inmuebles/casa-en-ambos-iliada-calzada-de-las-aguilas-lomas-de-axomiatla-01820-ciudad-de-mexico-cdmx-lomas-axomiatla-df-30518988#pagina=31&tipos=casas-venta&area=ciudad-de-mexico&pos=39
Ciudad De Mexico,31,"$4,884,000
MXN","Venta de casa Av Centenario, Lomas de Tarango, Ciudad de México, CDMX, Col. Lomas de Tarango, Álvaro Obregón, DF / CDMX, México, C.P. 01620, ID: 30477370",3 Recámaras | 1 Baño | 86 m 2,https://propiedades.com/inmuebles/casa-en-venta-av-centenario-lomas-de-tarango-ciudad-de-mexico-cdmx-lomas-de-tarango-df-30477370#pagina=31&tipos=casas-venta&area=ciudad-de-mexico&pos=40
Ciudad De Mexico,31,"$40,500,000
MXN","ramos millan #s/n, Col. Miguel Hidalgo 3A Sección, Tlalpan, DF / CDMX, México, C.P. 14250, ID: 30185723",1 Recámara | 1 Baño | 2500 m 2,https://propiedades.com/inmuebles/casa-en-venta-ramos-millan-sn-miguel-hidalgo-3a-seccion-df-30185723#pagina=31&tipos=casas-venta&area=ciudad-de-mexico&pos=41
Ciudad De Mexico,31,"$6,000,000
MXN","invierno #s/n, Col. Centro (Área 2), Cuauhtémoc, DF / CDMX, México, C.P. 06010, ID: 29418043",3 Recámaras | 3 Baños,https://propiedades.com/inmuebles/casa-en-venta-invierno-sn-centro-area-2-df-29418043#pagina=31&tipos=casas-venta&area=ciudad-de-mexico&pos=42
Ciudad De Mexico,31,"$850,000
MXN","Casa en venta, Horticultura, 20 de Noviembre, Ciudad de México, CDMX #117, Col. 20 de Noviembre, Venustiano Carranza, DF / CDMX, México, C.P. 15300, ID: 30700967",5 Recámaras | 4 Baños | 170 m 2,https://propiedades.com/inmuebles/casa-en-venta-horticultura-20-de-noviembre-ciudad-de-mexico-cdmx-117-20-de-noviembre-df-30700967#pagina=31&tipos=casas-venta&area=ciudad-de-mexico&pos=43
Ciudad De Mexico,31,"$1,100,000
MXN","Se vende casa en Las Arboledas, 13219 Ciudad de México, CDMX #0Int. 0, Col. Las Arboledas, Tláhuac, DF / CDMX, México, C.P. 13219, ID: 30639117",2 Recámaras | 1 Baño | 45 m 2,https://propiedades.com/inmuebles/casa-en-venta-las-arboledas-13219-ciudad-de-mexico-cdmx-las-arboledas-df-30639117#pagina=31&tipos=casas-venta&area=ciudad-de-mexico&pos=44
Ciudad De Mexico,31,"$1,600,000
MXN","Tultepec 61 #61, Col. San Andrés Tetepilco, Iztapalapa, DF / CDMX, México, C.P. 09440, ID: 29476325",2 Recámaras | 2 Baños | 75 m 2,https://propiedades.com/inmuebles/casa-en-venta-tultepec-61-61-san-andres-tetepilco-df-29476325#pagina=31&tipos=casas-venta&area=ciudad-de-mexico&pos=45
Ciudad De Mexico,31,"$15,250,000
MXN","Venta de casa Irrigacion #WHI310679, Col. Irrigación, Miguel Hidalgo, DF / CDMX, México, C.P. 11500, ID: 28571042",6 Recámaras | 5 Baños | 343 m 2,https://propiedades.com/inmuebles/casa-en-venta-irrigacion-whi310679-irrigacion-df-28571042#pagina=31&tipos=casas-venta&area=ciudad-de-mexico&pos=46
Ciudad De Mexico,31,"$25,500,000
MXN","Venta de casa Callejón Chilpa 11, Col. Villa Coyoacán, Coyoacán, DF / CDMX, México, C.P. 04000, ID: 29499010",5 Recámaras | 4 Baños | 446 m 2,https://propiedades.com/inmuebles/casa-en-venta-callejon-chilpa-11-villa-coyoacan-df-29499010#pagina=31&tipos=casas-venta&area=ciudad-de-mexico&pos=47
Ciudad De Mexico,32,"$5,000,000
MXN","Sur 101, Héroes de Churubusco, Ciudad de México, CDMX, Col. Héroes de Churubusco, Iztapalapa, DF / CDMX, México, C.P. 09090, ID: 30263177",4 Recámaras | 3 Baños | 200 m 2,https://propiedades.com/inmuebles/casa-en-venta-sur-101-heroes-de-churubusco-ciudad-de-mexico-cdmx-heroes-de-churubusco-df-30263177#pagina=32&tipos=casas-venta&area=ciudad-de-mexico&pos=1
Ciudad De Mexico,32,"$9,077,214
MXN","Venta de casa en San Lorenzo 909 #909, Col. Del Valle Sur, Benito Juárez, DF / CDMX, México, C.P. 03104, ID: 30152860",2 Recámaras | 1 Baño | 80 m 2,
Ciudad De Mexico,32,"$9,650,000
MXN","Se vende casa Altamirano, Tizapán San Ángel, Loreto y Campamento, 01090 Ciudad de México, CDMX, Col. Loreto, Álvaro Obregón, DF / CDMX, México, C.P. 01090, ID: 30444980",4 Recámaras | 3 Baños | 185 m 2,https://propiedades.com/inmuebles/casa-en-venta-altamirano-tizapan-san-angel-loreto-y-campamento-01090-ciudad-de-mexico-cdmx-loreto-df-30444980#pagina=32&tipos=casas-venta&area=ciudad-de-mexico&pos=3
Ciudad De Mexico,32,"$5,500,000
MXN","Casa disponible en venta en Calz. San Juan de Aragón, Ciudad de México, CDMX, Col. DM Nacional, Gustavo A. Madero, DF / CDMX, México, C.P. 07450, ID: 30739797",3 Recámaras | 3 Baños | 250 m 2,https://propiedades.com/inmuebles/casa-en-venta-calz-san-juan-de-aragon-ciudad-de-mexico-cdmx-dm-nacional-df-30739797#pagina=32&tipos=casas-venta&area=ciudad-de-mexico&pos=4
Ciudad De Mexico,32,"$17,000,000
MXN","Col. San Miguel Ajusco, Tlalpan, DF / CDMX, México, C.P. 14700, ID: 29393393",7 Recámaras | 7 Baños | 759 m 2,https://propiedades.com/inmuebles/casa-en-venta-san-miguel-ajusco-df-29393393#pagina=32&tipos=casas-venta&area=ciudad-de-mexico&pos=5
Ciudad De Mexico,32,"$23,800,000
MXN","Se vende casa en Cuautla 94, Colonia Condesa, Cuauhtémoc, 06140 Ciudad de México, CDMX #94, Col. Condesa, Cuauhtémoc, DF / CDMX, México, C.P. 06140, ID: 30638064",6 Recámaras | 2 Baños | 310 m 2,https://propiedades.com/inmuebles/casa-en-venta-cuautla-94-colonia-condesa-cuauhtemoc-06140-ciudad-de-mexico-cdmx-94-condesa-df-30638064#pagina=32&tipos=casas-venta&area=ciudad-de-mexico&pos=6
Ciudad De Mexico,32,"$18,500,000
MXN","Paseo de Los Ahuehuetes Norte #691, Col. Bosques de las Lomas, Cuajimalpa de Morelos, DF / CDMX, México, C.P. 05120, ID: 29395817",3 Recámaras | 3 Baños | 518 m 2,https://propiedades.com/inmuebles/casa-en-venta-paseo-de-los-ahuehuetes-norte-691-bosques-de-las-lomas-df-29395817#pagina=32&tipos=casas-venta&area=ciudad-de-mexico&pos=7
Ciudad De Mexico,32,"$11,883,000
MXN","Venta de casa Granero, Lomas de San Ángel Inn, 01790 Ciudad de México, CDMX, Col. Lomas de San Ángel Inn, Álvaro Obregón, DF / CDMX, México, C.P. 01790, ID: 30623809",4 Recámaras | 3 Baños | 274 m 2,https://propiedades.com/inmuebles/casa-en-venta-granero-lomas-de-san-angel-inn-01790-ciudad-de-mexico-cdmx-lomas-de-san-angel-inn-df-30623809#pagina=32&tipos=casas-venta&area=ciudad-de-mexico&pos=8
Ciudad De Mexico,32,"$13,200,000
MXN","Casa en venta, avenida toluca, Col. Olivar de los Padres, Álvaro Obregón, DF / CDMX, México, C.P. 01780, ID: 28797275",3 Recámaras | 4 Baños | 336 m 2,https://propiedades.com/inmuebles/casa-en-venta-avenida-toluca-olivar-de-los-padres-df-28797275#pagina=32&tipos=casas-venta&area=ciudad-de-mexico&pos=9
Ciudad De Mexico,32,"$8,995,000
MXN","Se vende casa , Col. Narvarte Poniente, Benito Juárez, DF / CDMX, México, C.P. 03020, ID: 30119399",4 Recámaras | 2 Baños | 315 m 2,https://propiedades.com/inmuebles/casa-en-venta-narvarte-poniente-df-30119399#pagina=32&tipos=casas-venta&area=ciudad-de-mexico&pos=10
Ciudad De Mexico,32,"$9,750,000
MXN","Venta de casa , Col. San Pedro Apóstol, Tlalpan, DF / CDMX, México, C.P. 14070, ID: 28719092",3 Recámaras | 4 Baños | 300 m 2,https://propiedades.com/inmuebles/casa-en-venta-san-pedro-apostol-df-28719092#pagina=32&tipos=casas-venta&area=ciudad-de-mexico&pos=11
Ciudad De Mexico,32,"$24,000,000
MXN","Se vende casa en OCOTEPEC #74, Col. San Jerónimo Lídice, La Magdalena Contreras, DF / CDMX, México, C.P. 10200, ID: 13554429",4 Recámaras | 4 Baños | 642 m 2,https://propiedades.com/inmuebles/casa-en-venta-ocotepec-74-san-jeronimo-lidice-df-13554429#pagina=32&tipos=casas-venta&area=ciudad-de-mexico&pos=12
Ciudad De Mexico,32,"$4,950,000
MXN","Prolongación Ignacio Aldama, San Juan Tepepan, Ciudad de México, CDMX #s/n, Col. San Juan Tepepan, Xochimilco, DF / CDMX, México, C.P. 16020, ID: 30805208",4 Recámaras | 3 Baños | 350 m 2,https://propiedades.com/inmuebles/casa-en-venta-prolongacion-ignacio-aldama-san-juan-tepepan-ciudad-de-mexico-cdmx-sn-san-juan-tepepan-df-30805208#pagina=32&tipos=casas-venta&area=ciudad-de-mexico&pos=13
Ciudad De Mexico,32,"$8,500,000
MXN","Venta de casa en Casma Ciudad de México, CDMX #635, Col. Lindavista Norte, Gustavo A. Madero, DF / CDMX, México, C.P. 07300, ID: 30357949",3 Recámaras | 2 Baños | 245 m 2,https://propiedades.com/inmuebles/casa-en-venta-casma-ciudad-de-mexico-cdmx-635-lindavista-norte-df-30357949#pagina=32&tipos=casas-venta&area=ciudad-de-mexico&pos=14
Ciudad De Mexico,32,"$14,500,000
MXN","Venta de casa en Retorno Crisantemo #47 A, Col. Olivar de los Padres, Álvaro Obregón, DF / CDMX, México, C.P. 01780, ID: 30313352",4 Recámaras | 4 Baños | 425 m 2,https://propiedades.com/inmuebles/casa-en-venta-retorno-crisantemo-47-a-olivar-de-los-padres-df-30313352#pagina=32&tipos=casas-venta&area=ciudad-de-mexico&pos=15
Ciudad De Mexico,32,"$2,600,000
MXN","Casa en venta, Retorno 2Int. 82, Col. Rinconada del Sur, Xochimilco, DF / CDMX, México, C.P. 16059, ID: 30499152",3 Recámaras | 1 Baño | 84 m 2,https://propiedades.com/inmuebles/casa-en-venta-retorno-2-rinconada-del-sur-df-30499152#pagina=32&tipos=casas-venta&area=ciudad-de-mexico&pos=16
Ciudad De Mexico,32,"$3,910,000
MXN",", Col. Ampliación Progreso Nacional, Gustavo A. Madero, DF / CDMX, México, C.P. 07650, ID: 28585181",5 Recámaras | 3 Baños | 383 m 2,https://propiedades.com/inmuebles/casa-en-venta-ampliacion-progreso-nacional-df-28585181#pagina=32&tipos=casas-venta&area=ciudad-de-mexico&pos=17
Ciudad De Mexico,32,"$17,600,000
MXN","Casa en venta disponible en Retornos del Pedregal, Pedregal del Lago, Tlalpan, 14140 Ciudad de México, CDMX #2, Col. Fuentes del Pedregal, Tlalpan, DF / CDMX, México, C.P. 14140, ID: 30622703",4 Recámaras | 5 Baños | 510 m 2,https://propiedades.com/inmuebles/casa-en-venta-retornos-del-pedregal-pedregal-del-lago-tlalpan-14140-ciudad-de-mexico-cdmx-2-fuentes-del-pedregal-df-30622703#pagina=32&tipos=casas-venta&area=ciudad-de-mexico&pos=18
Ciudad De Mexico,32,"$27,000,000
MXN","Venta casa en Bosques de las Lomas, Col. Bosques de las Lomas, Cuajimalpa de Morelos, DF / CDMX, México, C.P. 05120, ID: 29055546",3 Recámaras | 3 Baños | 720 m 2,https://propiedades.com/inmuebles/casa-en-venta-bosques-de-las-lomas-bosques-de-las-lomas-df-29055546#pagina=32&tipos=casas-venta&area=ciudad-de-mexico&pos=19
Ciudad De Mexico,32,"$15,500,000
MXN","Anáhuac, Col. Roma Sur, Cuauhtémoc, DF / CDMX, México, C.P. 06760, ID: 29482716",8 Recámaras | 5 Baños | 462 m 2,https://propiedades.com/inmuebles/casa-en-venta-anahuac-roma-sur-df-29482716#pagina=32&tipos=casas-venta&area=ciudad-de-mexico&pos=20
Ciudad De Mexico,32,"$5,950,000
MXN","Maxcanu 61 #61, Col. Héroes de Padierna, Tlalpan, DF / CDMX, México, C.P. 14200, ID: 29538314",4 Recámaras | 4 Baños | 172 m 2,https://propiedades.com/inmuebles/casa-en-venta-maxcanu-61-61-heroes-de-padierna-df-29538314#pagina=32&tipos=casas-venta&area=ciudad-de-mexico&pos=21
Ciudad De Mexico,32,"$2,510,492
MXN","Se vende casa en Calz. de las Carretas 55, Colina del Sur, Álvaro Obregón, 01430 Ciudad de México, CDMX #55, Col. Colina del Sur, Álvaro Obregón, DF / CDMX, México, C.P. 01430, ID: 30472882",3 Recámaras | 1 Baño | 191 m 2,https://propiedades.com/inmuebles/casa-en-venta-calz-de-las-carretas-55-colina-del-sur-alvaro-obregon-01430-ciudad-de-mexico-cdmx-55-colina-del-sur-df-30472882#pagina=32&tipos=casas-venta&area=ciudad-de-mexico&pos=22
Ciudad De Mexico,32,"$10,000,000
MXN","Venta casa en Álvaro Reséndiz, Col. Presidentes Ejidales 2a Sección, Coyoacán, DF / CDMX, México, C.P. 04470, ID: 29695857",5 Recámaras | 5 Baños | 300 m 2,https://propiedades.com/inmuebles/casa-en-venta-alvaro-resendiz-presidentes-ejidales-2a-seccion-df-29695857#pagina=32&tipos=casas-venta&area=ciudad-de-mexico&pos=23
Ciudad De Mexico,32,"$3,900,000
MXN","Casa en venta disponible en Pedregal de Santo Domingo, Ciudad de México, CDMX, Col. Pedregal de Santo Domingo, Coyoacán, DF / CDMX, México, C.P. 04369, ID: 30489673",4 Recámaras | 4 Baños | 124 m 2,https://propiedades.com/inmuebles/casa-en-venta-pedregal-de-santo-domingo-ciudad-de-mexico-cdmx-pedregal-de-santo-domingo-df-30489673#pagina=32&tipos=casas-venta&area=ciudad-de-mexico&pos=24
Ciudad De Mexico,32,"$9,000,000
MXN","Casa en venta, Narvarte Oriente, 03023 Ciudad de México, CDMX #s/n, Col. Unidad Narvarte IMSS, Benito Juárez, DF / CDMX, México, C.P. 03023, ID: 30404526",3 Recámaras | 2 Baños | 235 m 2,https://propiedades.com/inmuebles/casa-en-venta-narvarte-oriente-03023-ciudad-de-mexico-cdmx-sn-unidad-narvarte-imss-df-30404526#pagina=32&tipos=casas-venta&area=ciudad-de-mexico&pos=25
Ciudad De Mexico,32,"$10,000,000
MXN","Venta de casa Moctezuma 216 #216, Col. Buenavista, Cuauhtémoc, DF / CDMX, México, C.P. 06350, ID: 29920890",4 Recámaras | 1 Baño | 120 m 2,https://propiedades.com/inmuebles/casa-en-venta-moctezuma-216-216-buenavista-df-29920890#pagina=32&tipos=casas-venta&area=ciudad-de-mexico&pos=26
Ciudad De Mexico,32,"$13,500,000
MXN","Frontera #s/n, Col. Roma Norte, Cuauhtémoc, DF / CDMX, México, C.P. 06700, ID: 29295908",4 Recámaras | 3 Baños | 350 m 2,https://propiedades.com/inmuebles/casa-en-venta-frontera-sn-roma-norte-df-29295908#pagina=32&tipos=casas-venta&area=ciudad-de-mexico&pos=27
Ciudad De Mexico,32,"$4,500,000
MXN","ACUEDUCTO, Col. Santo Tomas Ajusco, Tlalpan, DF / CDMX, México, C.P. 14710, ID: 29907952",3 Recámaras | 2 Baños | 340 m 2,https://propiedades.com/inmuebles/casa-en-venta-acueducto-santo-tomas-ajusco-df-29907952#pagina=32&tipos=casas-venta&area=ciudad-de-mexico&pos=28
Ciudad De Mexico,32,"$7,800,000
MXN","Venta de casa en , Col. Del Valle Centro, Benito Juárez, DF / CDMX, México, C.P. 03100, ID: 29888145",3 Recámaras | 2 Baños | 151 m 2,https://propiedades.com/inmuebles/casa-en-venta-del-valle-centro-df-29888145#pagina=32&tipos=casas-venta&area=ciudad-de-mexico&pos=29
Ciudad De Mexico,32,"$25,000,000
MXN","Casa en venta disponible en , Col. La Herradura del Pueblo Tetelpan, Álvaro Obregón, DF / CDMX, México, C.P. 01760, ID: 29559581",4 Recámaras | 4 Baños | 600 m 2,https://propiedades.com/inmuebles/casa-en-venta-la-herradura-del-pueblo-tetelpan-df-29559581#pagina=32&tipos=casas-venta&area=ciudad-de-mexico&pos=30
Ciudad De Mexico,32,"$4,700,000
MXN","Santa Martha Acatitla, 09510 Ciudad de México, CDMX, Col. Santa Martha Acatitla, Iztapalapa, DF / CDMX, México, C.P. 09510, ID: 30338459",7 Recámaras | 5 Baños | 297 m 2,https://propiedades.com/inmuebles/casa-en-venta-santa-martha-acatitla-09510-ciudad-de-mexico-cdmx-santa-martha-acatitla-df-30338459#pagina=32&tipos=casas-venta&area=ciudad-de-mexico&pos=31
Ciudad De Mexico,32,"$8,200,000
MXN","Casa en venta, Ramon Rivera Fedz. 161, Coapa, Presidentes Ejidales 1ra Secc, Coyoacán, 04470 Ciudad de México, CDMX #161, Col. Presidentes Ejidales 1a Sección, Coyoacán, DF / CDMX, México, C.P. 04470, ID: 30241106",3 Recámaras | 3 Baños | 254 m 2,https://propiedades.com/inmuebles/casa-en-venta-ramon-rivera-fedz-161-coapa-presidentes-ejidales-1ra-secc-coyoacan-04470-ciudad-de-mexico-cdmx-161-presidentes-ejidales-1a-seccion-df-30241106#pagina=32&tipos=casas-venta&area=ciudad-de-mexico&pos=32
Ciudad De Mexico,32,"$5,345,736
MXN","Venta casa en Cerrada Jacobo Dale Vuelta, Col. Periodista, Benito Juárez, DF / CDMX, México, C.P. 03620, ID: 29459883",4 Recámaras | 2 Baños | 274 m 2,https://propiedades.com/inmuebles/casa-en-venta-cerrada-jacobo-dale-vuelta-periodista-df-29459883#pagina=32&tipos=casas-venta&area=ciudad-de-mexico&pos=33
Ciudad De Mexico,32,"$4,500,000
MXN","Se vende casa Textitlan, Col. Santa Úrsula Xitla, Tlalpan, DF / CDMX, México, C.P. 14420, ID: 29373170",4 Recámaras | 4 Baños | 214 m 2,https://propiedades.com/inmuebles/casa-en-venta-textitlan-santa-ursula-xitla-df-29373170#pagina=32&tipos=casas-venta&area=ciudad-de-mexico&pos=34
Ciudad De Mexico,32,"$5,900,000
MXN","Casa disponible en venta en Saavedra del Razo #s/n, Col. Los Cipreses, Coyoacán, DF / CDMX, México, C.P. 04830, ID: 30389610",5 Recámaras | 3 Baños | 311 m 2,https://propiedades.com/inmuebles/casa-en-venta-saavedra-del-razo-sn-los-cipreses-df-30389610#pagina=32&tipos=casas-venta&area=ciudad-de-mexico&pos=35
Ciudad De Mexico,32,"$2,500,000
USD","Se vende casa Bosque de las lomas, Col. Bosque de las Lomas, Miguel Hidalgo, DF / CDMX, México, C.P. 11700, ID: 26441426",1 Recámara | 1 Baño | 750 m 2,https://propiedades.com/inmuebles/casa-en-venta-bosque-de-las-lomas-bosque-de-las-lomas-df-26441426#pagina=32&tipos=casas-venta&area=ciudad-de-mexico&pos=36
Ciudad De Mexico,32,"$5,700,000
MXN","Venta de casa Eten #s/n, Col. Lindavista Norte, Gustavo A. Madero, DF / CDMX, México, C.P. 07300, ID: 30096079",3 Recámaras | 2 Baños | 192 m 2,https://propiedades.com/inmuebles/casa-en-venta-eten-sn-lindavista-norte-df-30096079#pagina=32&tipos=casas-venta&area=ciudad-de-mexico&pos=37
Ciudad De Mexico,32,"$8,600,000
MXN","Cjon. del Huerto, Chimalistac, 01070 Ciudad de México, CDMX, Col. Chimalistac, Álvaro Obregón, DF / CDMX, México, C.P. 01070, ID: 30605550",3 Recámaras | 3 Baños | 75 m 2,https://propiedades.com/inmuebles/casa-en-venta-cjon-del-huerto-chimalistac-01070-ciudad-de-mexico-cdmx-chimalistac-df-30605550#pagina=32&tipos=casas-venta&area=ciudad-de-mexico&pos=38
Ciudad De Mexico,32,"$8,500,000
MXN","Se vende casa en Cuicuilco, Col. Letrán Valle, Benito Juárez, DF / CDMX, México, C.P. 03650, ID: 29708618",4 Recámaras | 3 Baños | 200 m 2,https://propiedades.com/inmuebles/casa-en-venta-cuicuilco-letran-valle-df-29708618#pagina=32&tipos=casas-venta&area=ciudad-de-mexico&pos=39
Ciudad De Mexico,32,"$6,200,000
MXN","Venta casa en 3a. Cda. de Tantoco 10, Barrio San Francisco, La Magdalena Contreras, 10500 Ciudad de México, CDMX #10, Col. Barrio San Francisco, La Magdalena Contreras, DF / CDMX, México, C.P. 10500, ID: 30635772",3 Recámaras | 2 Baños | 339 m 2,https://propiedades.com/inmuebles/casa-en-venta-3a-cda-de-tantoco-10-barrio-san-francisco-la-magdalena-contreras-10500-ciudad-de-mexico-cdmx-10-barrio-san-francisco-df-30635772#pagina=32&tipos=casas-venta&area=ciudad-de-mexico&pos=40
Ciudad De Mexico,32,"$4,200,000
MXN","Venta de casa en Canela, Col. Granjas México, Iztacalco, DF / CDMX, México, C.P. 08400, ID: 29483075",6 Recámaras | 6 Baños | 226 m 2,https://propiedades.com/inmuebles/casa-en-venta-canela-granjas-mexico-df-29483075#pagina=32&tipos=casas-venta&area=ciudad-de-mexico&pos=41
Ciudad De Mexico,32,"$2,300,000
MXN","Venta casa en Andador de la foca #Lt 10, Col. San Juan de Aragón, Gustavo A. Madero, DF / CDMX, México, C.P. 07950, ID: 30226158",6 Recámaras | 4 Baños | 132 m 2,https://propiedades.com/inmuebles/casa-en-venta-andador-de-la-foca-lt-10-san-juan-de-aragon-df-30226158#pagina=32&tipos=casas-venta&area=ciudad-de-mexico&pos=42
Ciudad De Mexico,32,"$10,100,000
MXN","Venta de casa Rada 97, Ampliacion Los Alpes, Álvaro Obregón, 01010 Ciudad de México, CDMX, Col. Los Alpes, Álvaro Obregón, DF / CDMX, México, C.P. 01010, ID: 30728539",4 Recámaras | 4 Baños | 246 m 2,https://propiedades.com/inmuebles/casa-en-venta-rada-97-ampliacion-los-alpes-alvaro-obregon-01010-ciudad-de-mexico-cdmx-los-alpes-df-30728539#pagina=32&tipos=casas-venta&area=ciudad-de-mexico&pos=43
Ciudad De Mexico,32,"$12,850,000
MXN","Venta de casa Paseos de Taxqueña, Ciudad de México, CDMX, Col. Paseos de Taxqueña, Coyoacán, DF / CDMX, México, C.P. 04250, ID: 30408007",4 Recámaras | 5 Baños | 300 m 2,https://propiedades.com/inmuebles/casa-en-venta-paseos-de-taxquena-ciudad-de-mexico-cdmx-paseos-de-taxquena-df-30408007#pagina=32&tipos=casas-venta&area=ciudad-de-mexico&pos=44
Ciudad De Mexico,32,"$9,490,000
MXN","Casa en venta disponible en Martin Mendalde, Col del Valle Sur, Ciudad de México, CDMX, Col. Del Valle Sur, Benito Juárez, DF / CDMX, México, C.P. 03104, ID: 30602513",4 Recámaras | 3 Baños | 309 m 2,https://propiedades.com/inmuebles/casa-en-venta-martin-mendalde-col-del-valle-sur-ciudad-de-mexico-cdmx-del-valle-sur-df-30602513#pagina=32&tipos=casas-venta&area=ciudad-de-mexico&pos=45
Ciudad De Mexico,32,"$11,300,000
MXN","Venta de casa en C. Mariano Matamoros 144, San Nicolás Totolapan, La Magdalena Contreras, 10920 Ciudad de México, CDM #144Int. 11, Col. San Nicolás Totolapan, La Magdalena Contreras, DF / CDMX, México, C.P. 10900, ID: 30541950",4 Recámaras | 2 Baños | 300 m 2,https://propiedades.com/inmuebles/casa-en-venta-c-mariano-matamoros-144-san-nicolas-totolapan-la-magdalena-contreras-10920-ciudad-de-mexico-cdm-144-san-nicolas-totolapan-df-30541950#pagina=32&tipos=casas-venta&area=ciudad-de-mexico&pos=46
Ciudad De Mexico,32,"$4,900,000
MXN","Venta de casa Av. Cuitláhuac 15, Cuitlahuac, Azcapotzalco, 02500 Ciudad de México, CDMX #s/n, Col. Unidad Cuitlahuac, Azcapotzalco, DF / CDMX, México, C.P. 02500, ID: 30444592",3 Recámaras | 2 Baños | 190 m 2,https://propiedades.com/inmuebles/casa-en-venta-av-cuitlahuac-15-cuitlahuac-azcapotzalco-02500-ciudad-de-mexico-cdmx-sn-unidad-cuitlahuac-df-30444592#pagina=32&tipos=casas-venta&area=ciudad-de-mexico&pos=47
Ciudad De Mexico,33,"$9,700,000
MXN","Casa en venta, , Col. Toriello Guerra, Tlalpan, DF / CDMX, México, C.P. 14050, ID: 29043029",3 Recámaras | 4 Baños | 300 m 2,https://propiedades.com/inmuebles/casa-en-venta-toriello-guerra-df-29043029#pagina=33&tipos=casas-venta&area=ciudad-de-mexico&pos=1
Ciudad De Mexico,33,"$5,900,000
MXN","Venta de casa Orion 5, Prado Churubusco, Coyoacán, 04230 Ciudad de México, CDMX #5, Col. Prado Churubusco, Coyoacán, DF / CDMX, México, C.P. 04230, ID: 30554539",4 Recámaras | 2 Baños | 240 m 2,https://propiedades.com/inmuebles/casa-en-venta-orion-5-prado-churubusco-coyoacan-04230-ciudad-de-mexico-cdmx-5-prado-churubusco-df-30554539#pagina=33&tipos=casas-venta&area=ciudad-de-mexico&pos=2
Ciudad De Mexico,33,"$1,700,000
USD","Se vende casa Alcazar de Toledo, Col. Lomas de Reforma, Miguel Hidalgo, DF / CDMX, México, C.P. 11930, ID: 30387257",3 Recámaras | 3 Baños | 485 m 2,https://propiedades.com/inmuebles/casa-en-venta-alcazar-de-toledo-lomas-de-reforma-df-30387257#pagina=33&tipos=casas-venta&area=ciudad-de-mexico&pos=3
Ciudad De Mexico,33,"$21,500,000
MXN","Casa en venta disponible en Agua, Col. Jardines del Pedregal, Álvaro Obregón, DF / CDMX, México, C.P. 01900, ID: 27971282",4 Recámaras | 4 Baños | 255 m 2,
Ciudad De Mexico,33,"$2,500,000
MXN","clavel #00Int. 00, Col. Parres El Guarda, Tlalpan, DF / CDMX, México, C.P. 14900, ID: 29021455",5 Recámaras | 3 Baños | 200 m 2,https://propiedades.com/inmuebles/casa-en-venta-clavel-00-parres-el-guarda-df-29021455#pagina=33&tipos=casas-venta&area=ciudad-de-mexico&pos=5
Ciudad De Mexico,33,"$8,000,000
MXN","Casa disponible en venta en Cádiz #s/n, Col. Álamos, Benito Juárez, DF / CDMX, México, C.P. 03400, ID: 30186984",2 Recámaras | 1 Baño | 160 m 2,https://propiedades.com/inmuebles/casa-en-venta-cadiz-sn-alamos-df-30186984#pagina=33&tipos=casas-venta&area=ciudad-de-mexico&pos=6
Ciudad De Mexico,33,"$14,500,000
MXN","Casa disponible en venta en El Molinito #WHI308116, Col. El Molinito, Cuajimalpa de Morelos, DF / CDMX, México, C.P. 05310, ID: 28150505",3 Recámaras | 3 Baños | 403 m 2,https://propiedades.com/inmuebles/casa-en-venta-el-molinito-whi308116-el-molinito-df-28150505#pagina=33&tipos=casas-venta&area=ciudad-de-mexico&pos=7
Ciudad De Mexico,33,"$10,000,000
MXN","Casa en venta, Álvaro Reséndiz 22, Col. Presidentes Ejidales 2a Sección, Coyoacán, DF / CDMX, México, C.P. 04470, ID: 29738284",5 Recámaras | 5 Baños | 300 m 2,https://propiedades.com/inmuebles/casa-en-venta-alvaro-resendiz-22-presidentes-ejidales-2a-seccion-df-29738284#pagina=33&tipos=casas-venta&area=ciudad-de-mexico&pos=8
Ciudad De Mexico,33,"$846,000
MXN","Casa disponible en venta en Av. F.F.C.C. Nacionales, San Mateo, Ciudad de México, CDMX, Col. Kervin, Azcapotzalco, DF / CDMX, México, C.P. 02490, ID: 30385448",2 Recámaras | 1 Baño | 60 m 2,https://propiedades.com/inmuebles/casa-en-venta-av-ffcc-nacionales-san-mateo-ciudad-de-mexico-cdmx-kervin-df-30385448#pagina=33&tipos=casas-venta&area=ciudad-de-mexico&pos=9
Ciudad De Mexico,33,"$12,995,000
MXN","Venta de casa en Sagredo, Col. San José Insurgentes, Benito Juárez, DF / CDMX, México, C.P. 03900, ID: 29530502",3 Recámaras | 3 Baños | 280 m 2,https://propiedades.com/inmuebles/casa-en-venta-sagredo-san-jose-insurgentes-df-29530502#pagina=33&tipos=casas-venta&area=ciudad-de-mexico&pos=10
Ciudad De Mexico,33,"$585,918
MXN","Casa en venta disponible en Vidal Alcocer, Centro, 06020 Ciudad de México, CDMX, Col. Centro (Área 3), Cuauhtémoc, DF / CDMX, México, C.P. 06020, ID: 30387256",2 Recámaras | 1 Baño | 61 m 2,https://propiedades.com/inmuebles/casa-en-venta-vidal-alcocer-centro-06020-ciudad-de-mexico-cdmx-centro-area-3-df-30387256#pagina=33&tipos=casas-venta&area=ciudad-de-mexico&pos=11
Ciudad De Mexico,33,"$3,200,000
MXN","Casa en venta disponible en Av las torres #Mz 20 lt 58, Col. Miguel Hidalgo 1A Sección, Tlalpan, DF / CDMX, México, C.P. 14260, ID: 28605798",4 Recámaras | 3 Baños | 187 m 2,https://propiedades.com/inmuebles/casa-en-venta-av-las-torres-mz-20-lt-58-miguel-hidalgo-1a-seccion-df-28605798#pagina=33&tipos=casas-venta&area=ciudad-de-mexico&pos=12
Ciudad De Mexico,33,"$14,000,000
MXN","Venta casa en Avenida Manuel Gutiérrez Zamora #246Int. 00, Col. Ampliación Alpes, Álvaro Obregón, DF / CDMX, México, C.P. 01710, ID: 29907187",3 Recámaras | 3 Baños | 282 m 2,https://propiedades.com/inmuebles/casa-en-venta-avenida-manuel-gutierrez-zamora-246-ampliacion-alpes-df-29907187#pagina=33&tipos=casas-venta&area=ciudad-de-mexico&pos=13
Ciudad De Mexico,33,"$27,000,000
MXN","Fernando Montes de Oca, Col. Hipódromo Condesa, Cuauhtémoc, DF / CDMX, México, C.P. 06170, ID: 28294933",4 Recámaras | 4 Baños | 126 m 2,https://propiedades.com/inmuebles/casa-en-venta-fernando-montes-de-oca-hipodromo-condesa-df-28294933#pagina=33&tipos=casas-venta&area=ciudad-de-mexico&pos=14
Ciudad De Mexico,33,"$12,499,000
MXN","Venta de casa en Buenaventura #671, Col. Las Tórtolas, Tlalpan, DF / CDMX, México, C.P. 14609, ID: 27418521",2 Recámaras | 2 Baños | 242 m 2,https://propiedades.com/inmuebles/casa-en-venta-buenaventura-671-las-tortolas-df-27418521#pagina=33&tipos=casas-venta&area=ciudad-de-mexico&pos=15
Ciudad De Mexico,33,"$6,000,000
MXN","Casa en venta disponible en De La Barra #24, Col. Acueducto de Guadalupe, Gustavo A. Madero, DF / CDMX, México, C.P. 07279, ID: 28899842",3 Recámaras | 2 Baños | 304 m 2,https://propiedades.com/inmuebles/casa-en-venta-de-la-barra-24-acueducto-de-guadalupe-df-28899842#pagina=33&tipos=casas-venta&area=ciudad-de-mexico&pos=16
Ciudad De Mexico,33,"$49,000,000
MXN","Casa en venta, , Col. Zacayucan Peña Pobre, Tlalpan, DF / CDMX, México, C.P. 14266, ID: 28719145",3 Recámaras | 4 Baños | 600 m 2,https://propiedades.com/inmuebles/casa-en-venta-zacayucan-pena-pobre-df-28719145#pagina=33&tipos=casas-venta&area=ciudad-de-mexico&pos=17
Ciudad De Mexico,33,"$8,500,000
MXN","Venta de casa , Col. Paseos de Taxqueña, Coyoacán, DF / CDMX, México, C.P. 04250, ID: 28623009",5 Recámaras | 6 Baños | 276 m 2,https://propiedades.com/inmuebles/casa-en-venta-paseos-de-taxquena-df-28623009#pagina=33&tipos=casas-venta&area=ciudad-de-mexico&pos=18
Ciudad De Mexico,33,"$2,500,000
MXN","Josefa Ortiz de Domínguez 26, Jalalpa Tepito, Álvaro Obregón, 01296 Ciudad de México, CDMX #26, Col. Jalalpa Tepito, Álvaro Obregón, DF / CDMX, México, C.P. 01296, ID: 30358270",1 Recámara | 1 Baño | 182 m 2,https://propiedades.com/inmuebles/casa-en-venta-josefa-ortiz-de-dominguez-26-jalalpa-tepito-alvaro-obregon-01296-ciudad-de-mexico-cdmx-26-jalalpa-tepito-df-30358270#pagina=33&tipos=casas-venta&area=ciudad-de-mexico&pos=19
Ciudad De Mexico,33,"$13,500,000
MXN","Se vende casa en , Col. Del Valle Centro, Benito Juárez, DF / CDMX, México, C.P. 03100, ID: 29072245",3 Recámaras | 2 Baños | 297 m 2,https://propiedades.com/inmuebles/casa-en-venta-del-valle-centro-df-29072245#pagina=33&tipos=casas-venta&area=ciudad-de-mexico&pos=20
Ciudad De Mexico,33,"$17,000,000
MXN","Venta de casa Calle Cda. de San Jerónim, Col. San Jerónimo Lídice, La Magdalena Contreras, DF / CDMX, México, C.P. 10200, ID: 29258958",3 Recámaras | 4 Baños | 450 m 2,https://propiedades.com/inmuebles/casa-en-venta-calle-cda-de-san-jeronim-san-jeronimo-lidice-df-29258958#pagina=33&tipos=casas-venta&area=ciudad-de-mexico&pos=21
Ciudad De Mexico,33,"$11,650,000
MXN","Se vende casa en Ixcateopan #s/n, Col. Vertiz Narvarte, Benito Juárez, DF / CDMX, México, C.P. 03600, ID: 30036891",4 Recámaras | 2 Baños | 250 m 2,https://propiedades.com/inmuebles/casa-en-venta-ixcateopan-sn-vertiz-narvarte-df-30036891#pagina=33&tipos=casas-venta&area=ciudad-de-mexico&pos=22
Ciudad De Mexico,33,"$9,000,000
MXN","El Ruiseñor, Col. Rosedal, Coyoacán, DF / CDMX, México, C.P. 04330, ID: 30096180",7 Recámaras | 180 m 2,https://propiedades.com/inmuebles/casa-en-venta-el-ruisenor-rosedal-df-30096180#pagina=33&tipos=casas-venta&area=ciudad-de-mexico&pos=23
Ciudad De Mexico,33,"$3,750,000
MXN","Venta casa en Canal de San Juan, Col. Agrícola Oriental, Iztacalco, DF / CDMX, México, C.P. 08500, ID: 28814687",3 Recámaras | 2 Baños | 210 m 2,https://propiedades.com/inmuebles/casa-en-venta-canal-de-san-juan-agricola-oriental-df-28814687#pagina=33&tipos=casas-venta&area=ciudad-de-mexico&pos=24
Ciudad De Mexico,33,"$3,100,000
MXN","Puerto Topolobampo, Col. Ampliación Casas Alemán, Gustavo A. Madero, DF / CDMX, México, C.P. 07580, ID: 29515748",8 Recámaras | 5 Baños | 205 m 2,https://propiedades.com/inmuebles/casa-en-venta-puerto-topolobampo-ampliacion-casas-aleman-df-29515748#pagina=33&tipos=casas-venta&area=ciudad-de-mexico&pos=25
Ciudad De Mexico,33,"$30,000,000
MXN","Se vende casa , Col. Lomas de Chapultepec VII Sección, Miguel Hidalgo, DF / CDMX, México, C.P. 11000, ID: 29622278",5 Recámaras | 5 Baños | 458 m 2,https://propiedades.com/inmuebles/casa-en-venta-lomas-de-chapultepec-vii-seccion-df-29622278#pagina=33&tipos=casas-venta&area=ciudad-de-mexico&pos=26
Ciudad De Mexico,33,"$6,990,000
MXN","Venta casa en Norte 23-A, Ciudad de México, CDMX #20, Col. Planetario Lindavista, Gustavo A. Madero, DF / CDMX, México, C.P. 07739, ID: 30448818",4 Recámaras | 3 Baños | 250 m 2,https://propiedades.com/inmuebles/casa-en-venta-norte-23a-ciudad-de-mexico-cdmx-20-planetario-lindavista-df-30448818#pagina=33&tipos=casas-venta&area=ciudad-de-mexico&pos=27
Ciudad De Mexico,33,"$1,066,277
MXN","Se vende casa en Desierto de los Leones 53 #53, Col. Santa Rosa Xochiac, Cuajimalpa de Morelos, DF / CDMX, México, C.P. 05610, ID: 30152951",2 Recámaras | 1 Baño | 50 m 2,https://propiedades.com/inmuebles/casa-en-venta-desierto-de-los-leones-53-53-santa-rosa-xochiac-df-30152951#pagina=33&tipos=casas-venta&area=ciudad-de-mexico&pos=28
Ciudad De Mexico,33,"$1,701,653
MXN","Venta de casa Calz. de las Bombas 89A, Coapa, Culhuacan CTM IX B, Coyoacán, 04909 Ciudad de México, CDMX #89A, Col. Culhuacán CTM Sección VIII, Coyoacán, DF / CDMX, México, C.P. 04909, ID: 30459593",2 Recámaras | 1 Baño | 170 m 2,https://propiedades.com/inmuebles/casa-en-venta-calz-de-las-bombas-89a-coapa-culhuacan-ctm-ix-b-coyoacan-04909-ciudad-de-mexico-cdmx-89a-culhuacan-ctm-seccion-viii-df-30459593#pagina=33&tipos=casas-venta&area=ciudad-de-mexico&pos=29
Ciudad De Mexico,33,"$3,500,000
MXN","Casa en venta disponible en Patricio Sanz, Col del Valle Centro, Ciudad de México, CDMX, Col. Del Valle Centro, Benito Juárez, DF / CDMX, México, C.P. 03100, ID: 30427373",2 Recámaras | 1 Baño | 85 m 2,https://propiedades.com/inmuebles/casa-en-venta-patricio-sanz-col-del-valle-centro-ciudad-de-mexico-cdmx-del-valle-centro-df-30427373#pagina=33&tipos=casas-venta&area=ciudad-de-mexico&pos=30
Ciudad De Mexico,33,"$11,300,000
MXN","Se vende casa en PRIVADA LAGO, Col. Américas Unidas, Benito Juárez, DF / CDMX, México, C.P. 03610, ID: 28815420",3 Recámaras | 2 Baños | 200 m 2,https://propiedades.com/inmuebles/casa-en-venta-privada-lago-americas-unidas-df-28815420#pagina=33&tipos=casas-venta&area=ciudad-de-mexico&pos=31
Ciudad De Mexico,33,"$12,500,000
MXN","Se vende casa C. Mina 81, Santa María Tepepan, Xochimilco, 16020 Ciudad de México, CDMX #81, Col. San Juan Tepepan, Xochimilco, DF / CDMX, México, C.P. 16020, ID: 30531432",4 Recámaras | 3 Baños | 360 m 2,https://propiedades.com/inmuebles/casa-en-venta-c-mina-81-santa-maria-tepepan-xochimilco-16020-ciudad-de-mexico-cdmx-81-san-juan-tepepan-df-30531432#pagina=33&tipos=casas-venta&area=ciudad-de-mexico&pos=32
Ciudad De Mexico,33,"$3,300,000
MXN","Se vende casa JARDINES DE HORTENCIAS, Col. Jardines de San Lorenzo Tezonco, Iztapalapa, DF / CDMX, México, C.P. 09940, ID: 29700977",7 Recámaras | 3 Baños | 256 m 2,https://propiedades.com/inmuebles/casa-en-venta-jardines-de-hortencias-jardines-de-san-lorenzo-tezonco-df-29700977#pagina=33&tipos=casas-venta&area=ciudad-de-mexico&pos=33
Ciudad De Mexico,33,"$580,000
MXN","poniente 54 #0, Col. Obrero Popular, Azcapotzalco, DF / CDMX, México, C.P. 02840, ID: 29137137",3 Recámaras | 2 Baños | 166 m 2,
Ciudad De Mexico,33,"$45,000,000
MXN","Se vende casa , Col. Jardines del Pedregal, Álvaro Obregón, DF / CDMX, México, C.P. 01900, ID: 28348011",4 Recámaras | 4 Baños | 1100 m 2,https://propiedades.com/inmuebles/casa-en-venta-jardines-del-pedregal-df-28348011#pagina=33&tipos=casas-venta&area=ciudad-de-mexico&pos=35
Ciudad De Mexico,33,"$2,490,000
MXN","Casa en venta disponible en Prolongación 5 de Mayo 3050 #3050, Col. Lomas de Tarango, Álvaro Obregón, DF / CDMX, México, C.P. 01620, ID: 29457976",3 Recámaras | 2 Baños | 90 m 2,https://propiedades.com/inmuebles/casa-en-venta-prolongacion-5-de-mayo-3050-3050-lomas-de-tarango-df-29457976#pagina=33&tipos=casas-venta&area=ciudad-de-mexico&pos=36
Ciudad De Mexico,33,"$2,300,000
MXN","Casa en venta, Nogal 150 #150, Col. Potrerillo, La Magdalena Contreras, DF / CDMX, México, C.P. 10620, ID: 29465269",5 Recámaras | 3 Baños | 150 m 2,https://propiedades.com/inmuebles/casa-en-venta-nogal-150-150-potrerillo-df-29465269#pagina=33&tipos=casas-venta&area=ciudad-de-mexico&pos=37
Ciudad De Mexico,33,"$1,700,000
MXN","Venta de casa en Unidad Nacional #s/n, Col. La Esperanza, Iztapalapa, DF / CDMX, México, C.P. 09910, ID: 30077590",2 Recámaras | 1 Baño | 65 m 2,https://propiedades.com/inmuebles/casa-en-venta-unidad-nacional-sn-la-esperanza-df-30077590#pagina=33&tipos=casas-venta&area=ciudad-de-mexico&pos=38
Ciudad De Mexico,33,"$27,300,000
MXN","Casa en venta, Cascada 351 #351, Col. Jardines del Pedregal, Álvaro Obregón, DF / CDMX, México, C.P. 01900, ID: 30043758",3 Recámaras | 4 Baños | 500 m 2,https://propiedades.com/inmuebles/casa-en-venta-cascada-351-351-jardines-del-pedregal-df-30043758#pagina=33&tipos=casas-venta&area=ciudad-de-mexico&pos=39
Ciudad De Mexico,33,"$3,300,000
MXN","Jdn. Hortensias MZ16 LT58, Jardines de San Lorenzo Tezonco, Iztapalapa, 09940 Ciudad de México, CDMX #A, Col. Jardines de San Lorenzo Tezonco, Iztapalapa, DF / CDMX, México, C.P. 09940, ID: 30517367",7 Recámaras | 4 Baños | 199 m 2,https://propiedades.com/inmuebles/casa-en-venta-jdn-hortensias-mz16-lt58-jardines-de-san-lorenzo-tezonco-iztapalapa-09940-ciudad-de-mexico-cdmx-a-jardines-de-san-lorenzo-tezonco-df-30517367#pagina=33&tipos=casas-venta&area=ciudad-de-mexico&pos=40
Ciudad De Mexico,33,"$2,400,000
MXN","Casa disponible en venta en Segunda Cerrada de Capulin #MZ22Int. lt 6, Col. San Miguel Topilejo, Tlalpan, DF / CDMX, México, C.P. 14500, ID: 29901389",4 Recámaras | 2 Baños | 250 m 2,https://propiedades.com/inmuebles/casa-en-venta-segunda-cerrada-de-capulin-mz22-san-miguel-topilejo-df-29901389#pagina=33&tipos=casas-venta&area=ciudad-de-mexico&pos=41
Ciudad De Mexico,33,"$1,190,029
MXN","Venta de casa en Diego Rivera 26 #26, Col. El Reloj, Coyoacán, DF / CDMX, México, C.P. 04640, ID: 30072512",3 Recámaras | 3 Baños | 220 m 2,https://propiedades.com/inmuebles/casa-en-venta-diego-rivera-26-26-el-reloj-df-30072512#pagina=33&tipos=casas-venta&area=ciudad-de-mexico&pos=42
Ciudad De Mexico,33,"$4,600,000
MXN","Venta de casa Norte 3A #4908, Col. Ampliación Panamericana, Gustavo A. Madero, DF / CDMX, México, C.P. 07770, ID: 26580738",6 Recámaras | 4 Baños | 231 m 2,https://propiedades.com/inmuebles/casa-en-venta-norte-3a-4908-ampliacion-panamericana-df-26580738#pagina=33&tipos=casas-venta&area=ciudad-de-mexico&pos=43
Ciudad De Mexico,33,"$15,000,000
MXN","Venta de casa Altavista 43 #43, Col. Paseo de las Lomas, Álvaro Obregón, DF / CDMX, México, C.P. 01330, ID: 30002070",3 Recámaras | 2 Baños | 250 m 2,https://propiedades.com/inmuebles/casa-en-venta-altavista-43-43-paseo-de-las-lomas-df-30002070#pagina=33&tipos=casas-venta&area=ciudad-de-mexico&pos=44
Ciudad De Mexico,33,"$5,700,000
MXN","Canal Toltengo, Barrio 18, 16034 Ciudad de México, CDMX #13, Col. 18, Xochimilco, DF / CDMX, México, C.P. 16034, ID: 30640124",3 Recámaras | 2 Baños | 230 m 2,
Ciudad De Mexico,33,"$17,500,000
MXN","Venta de casa CERRADA, Col. Lomas de Santa Fe, Álvaro Obregón, DF / CDMX, México, C.P. 01219, ID: 28524292",3 Recámaras | 3 Baños | 453 m 2,https://propiedades.com/inmuebles/casa-en-venta-cerrada-lomas-de-santa-fe-df-28524292#pagina=33&tipos=casas-venta&area=ciudad-de-mexico&pos=46
Ciudad De Mexico,33,"$6,693,000
MXN",", Col. San Jerónimo Lídice, La Magdalena Contreras, DF / CDMX, México, C.P. 10200, ID: 28577524",7 Recámaras | 5 Baños | 288 m 2,https://propiedades.com/inmuebles/casa-en-venta-san-jeronimo-lidice-df-28577524#pagina=33&tipos=casas-venta&area=ciudad-de-mexico&pos=47
Ciudad De Mexico,34,"$19,990,000
MXN","Santa Fe, Paseo de las Lomas, Cuajimalpa de Morelos, 01330 Ciudad de México, CDM #s/n, Col. Paseo de las Lomas, Álvaro Obregón, DF / CDMX, México, C.P. 01330, ID: 30589161",3 Recámaras | 4 Baños | 454 m 2,https://propiedades.com/inmuebles/casa-en-venta-santa-fe-paseo-de-las-lomas-cuajimalpa-de-morelos-01330-ciudad-de-mexico-cdm-sn-paseo-de-las-lomas-df-30589161#pagina=34&tipos=casas-venta&area=ciudad-de-mexico&pos=1
Ciudad De Mexico,34,"$8,950,000
MXN","Venta de casa en Cerro Macuiltepec, Col. Campestre Churubusco, Coyoacán, DF / CDMX, México, C.P. 04200, ID: 28366819",1 Recámara | 1 Baño | 251 m 2,https://propiedades.com/inmuebles/casa-en-venta-cerro-macuiltepec-campestre-churubusco-df-28366819#pagina=34&tipos=casas-venta&area=ciudad-de-mexico&pos=2
Ciudad De Mexico,34,"$3,318,000
MXN","Se vende casa en Hugonotes, Col. Miguel Hidalgo, Tláhuac, DF / CDMX, México, C.P. 13200, ID: 29464405",3 Recámaras | 2 Baños | 267 m 2,https://propiedades.com/inmuebles/casa-en-venta-hugonotes-miguel-hidalgo-df-29464405#pagina=34&tipos=casas-venta&area=ciudad-de-mexico&pos=3
Ciudad De Mexico,34,"$14,750,000
MXN","Casa en venta disponible en Tajín, Col. Vertiz Narvarte, Benito Juárez, DF / CDMX, México, C.P. 03600, ID: 29806021",4 Recámaras | 3 Baños | 385 m 2,https://propiedades.com/inmuebles/casa-en-venta-tajin-vertiz-narvarte-df-29806021#pagina=34&tipos=casas-venta&area=ciudad-de-mexico&pos=4
Ciudad De Mexico,34,"$10,400,000
MXN","Venta de casa Tlatetilpa 7C #7C, Col. Barrio San Lucas, Coyoacán, DF / CDMX, México, C.P. 04030, ID: 29937093",5 Recámaras | 2 Baños | 179 m 2,https://propiedades.com/inmuebles/casa-en-venta-tlatetilpa-7c-7c-barrio-san-lucas-df-29937093#pagina=34&tipos=casas-venta&area=ciudad-de-mexico&pos=5
Ciudad De Mexico,34,"$720,000
MXN","Antonio Ancona #133, Col. Constitución de 1917, Iztapalapa, DF / CDMX, México, C.P. 09260, ID: 30197103",3 Recámaras | 1 Baño | 216 m 2,https://propiedades.com/inmuebles/casa-en-venta-antonio-ancona-133-constitucion-de-1917-df-30197103#pagina=34&tipos=casas-venta&area=ciudad-de-mexico&pos=6
Ciudad De Mexico,34,"$35,000,000
MXN","Camelia #000, Col. San Angel Inn, Álvaro Obregón, DF / CDMX, México, C.P. 01060, ID: 30186205",3 Recámaras | 4 Baños | 475 m 2,https://propiedades.com/inmuebles/casa-en-venta-camelia-000-san-angel-inn-df-30186205#pagina=34&tipos=casas-venta&area=ciudad-de-mexico&pos=7
Ciudad De Mexico,34,"$5,150,000
MXN","Se vende casa en Huehuetán #106, Col. Lomas de Padierna, Tlalpan, DF / CDMX, México, C.P. 14240, ID: 30122264",4 Recámaras | 3 Baños,https://propiedades.com/inmuebles/casa-en-venta-huehuetan-106-lomas-de-padierna-df-30122264#pagina=34&tipos=casas-venta&area=ciudad-de-mexico&pos=8
Ciudad De Mexico,34,"$460,007
MXN","Laurel, Agrícola Pantitlán, 08100 Ciudad de México, CDMX, Col. Agrícola Pantitlan, Iztacalco, DF / CDMX, México, C.P. 08100, ID: 30385439",2 Recámaras | 1 Baño | 60 m 2,https://propiedades.com/inmuebles/casa-en-venta-laurel-agricola-pantitlan-08100-ciudad-de-mexico-cdmx-agricola-pantitlan-df-30385439#pagina=34&tipos=casas-venta&area=ciudad-de-mexico&pos=9
Ciudad De Mexico,34,"$1,850,000
MXN","Casa en venta disponible en Ozoloapan, Col. Los Padres, La Magdalena Contreras, DF / CDMX, México, C.P. 10340, ID: 30208250",5 Recámaras | 2 Baños | 189 m 2,https://propiedades.com/inmuebles/casa-en-venta-ozoloapan-los-padres-df-30208250#pagina=34&tipos=casas-venta&area=ciudad-de-mexico&pos=10
Ciudad De Mexico,34,"$3,300,000
MXN","Se vende casa Jardines de San Lorenzo Tezonco, Ciudad de México, CDMX #0, Col. Jardines de San Lorenzo Tezonco, Iztapalapa, DF / CDMX, México, C.P. 09940, ID: 30407744",7 Recámaras | 3 Baños | 256 m 2,https://propiedades.com/inmuebles/casa-en-venta-jardines-de-san-lorenzo-tezonco-ciudad-de-mexico-cdmx-jardines-de-san-lorenzo-tezonco-df-30407744#pagina=34&tipos=casas-venta&area=ciudad-de-mexico&pos=11
Ciudad De Mexico,34,"$3,800,000
MXN","Se vende casa Rio Nilo 92, Valle de San Lorenzo, Iztapalapa, 09970 Ciudad de México, CDMX #92Int. 01, Col. Valle de San Lorenzo, Iztapalapa, DF / CDMX, México, C.P. 09970, ID: 30626886",4 Recámaras | 2 Baños | 286 m 2,https://propiedades.com/inmuebles/casa-en-venta-rio-nilo-92-valle-de-san-lorenzo-iztapalapa-09970-ciudad-de-mexico-cdmx-92-valle-de-san-lorenzo-df-30626886#pagina=34&tipos=casas-venta&area=ciudad-de-mexico&pos=12
Ciudad De Mexico,34,"$19,000,000
MXN","Venta de casa , Col. Lomas de Santa Fe, Álvaro Obregón, DF / CDMX, México, C.P. 01219, ID: 27234766",3 Recámaras | 3 Baños | 550 m 2,https://propiedades.com/inmuebles/casa-en-venta-lomas-de-santa-fe-df-27234766#pagina=34&tipos=casas-venta&area=ciudad-de-mexico&pos=13
Ciudad De Mexico,34,"$745,000
MXN","Venta casa en Anillo Perif. 83, Constitución de 1917, Iztapalapa, 09260 Ciudad de México, CDMX #83, Col. Constitución de 1917, Iztapalapa, DF / CDMX, México, C.P. 09260, ID: 30459653",4 Recámaras | 2 Baños | 259 m 2,https://propiedades.com/inmuebles/casa-en-venta-anillo-perif-83-constitucion-de-1917-iztapalapa-09260-ciudad-de-mexico-cdmx-83-constitucion-de-1917-df-30459653#pagina=34&tipos=casas-venta&area=ciudad-de-mexico&pos=14
Ciudad De Mexico,34,"$17,161,000
MXN","Venta de casa Anzures, Ciudad de México, CDMX, Col. Anzures, Miguel Hidalgo, DF / CDMX, México, C.P. 11590, ID: 30626467",5 Recámaras | 5 Baños | 156 m 2,
Ciudad De Mexico,34,"$19,000,000
MXN","Se vende casa Camino antiguo al Ajusco 469 #469, Col. Fuentes de Tepepan, Tlalpan, DF / CDMX, México, C.P. 14643, ID: 29882777",3 Recámaras | 3 Baños | 660 m 2,https://propiedades.com/inmuebles/casa-en-venta-camino-antiguo-al-ajusco-469-469-fuentes-de-tepepan-df-29882777#pagina=34&tipos=casas-venta&area=ciudad-de-mexico&pos=16
Ciudad De Mexico,34,"$6,500,000
MXN","Casa en venta disponible en Nte 82-A, San Pedro el Chico, Ciudad de México, CDMX #s/n, Col. San Pedro El Chico, Gustavo A. Madero, DF / CDMX, México, C.P. 07480, ID: 30490657",2 Recámaras | 1 Baño | 234 m 2,https://propiedades.com/inmuebles/casa-en-venta-nte-82a-san-pedro-el-chico-ciudad-de-mexico-cdmx-sn-san-pedro-el-chico-df-30490657#pagina=34&tipos=casas-venta&area=ciudad-de-mexico&pos=17
Ciudad De Mexico,34,"$11,000,000
MXN","Calle 7 #69, Col. San Pedro de los Pinos, Benito Juárez, DF / CDMX, México, C.P. 03800, ID: 30132832",5 Recámaras | 2 Baños | 259 m 2,https://propiedades.com/inmuebles/casa-en-venta-calle-7-69-san-pedro-de-los-pinos-df-30132832#pagina=34&tipos=casas-venta&area=ciudad-de-mexico&pos=18
Ciudad De Mexico,34,"$8,900,000
MXN","Dr. Barragán, Narvarte Oriente, Ciudad de México, CDMX, Col. Narvarte Oriente, Benito Juárez, DF / CDMX, México, C.P. 03023, ID: 30407977",5 Recámaras | 2 Baños | 100 m 2,https://propiedades.com/inmuebles/casa-en-venta-dr-barragan-narvarte-oriente-ciudad-de-mexico-cdmx-narvarte-oriente-df-30407977#pagina=34&tipos=casas-venta&area=ciudad-de-mexico&pos=19
Ciudad De Mexico,34,"$645,000
MXN","Venta casa en Wake 215, Libertad, Azcapotzalco, 02050 Ciudad de México, CDMX #215, Col. Wake, Azcapotzalco, DF / CDMX, México, C.P. 02050, ID: 30388204",2 Recámaras | 1 Baño | 598 m 2,https://propiedades.com/inmuebles/casa-en-venta-wake-215-libertad-azcapotzalco-02050-ciudad-de-mexico-cdmx-215-wake-df-30388204#pagina=34&tipos=casas-venta&area=ciudad-de-mexico&pos=20
Ciudad De Mexico,34,"$19,000,000
MXN","Venta casa en Puente de San Francisco #67Int. Casa 3, Col. Cuadrante de San Francisco, Coyoacán, DF / CDMX, México, C.P. 04320, ID: 28690323",3 Recámaras | 4 Baños | 382 m 2,https://propiedades.com/inmuebles/casa-en-venta-puente-de-san-francisco-67-cuadrante-de-san-francisco-df-28690323#pagina=34&tipos=casas-venta&area=ciudad-de-mexico&pos=21
Ciudad De Mexico,34,"$865,000
MXN","Venta de casa en 313 #0, Col. El Coyol, Gustavo A. Madero, DF / CDMX, México, C.P. 07420, ID: 29137233",3 Recámaras | 2 Baños | 190 m 2,
Ciudad De Mexico,34,"$1,300,000
MXN","Venta de casa República de Costa Rica #134, Col. Centro (Área 6), Cuauhtémoc, DF / CDMX, México, C.P. 06060, ID: 30065619",2 Recámaras | 1 Baño | 52 m 2,https://propiedades.com/inmuebles/casa-en-venta-republica-de-costa-rica-134-centro-area-6-df-30065619#pagina=34&tipos=casas-venta&area=ciudad-de-mexico&pos=23
Ciudad De Mexico,34,"$36,000,000
MXN",", Col. Pedregal de San Francisco, Coyoacán, DF / CDMX, México, C.P. 04320, ID: 27163220",3 Recámaras | 3 Baños | 477 m 2,https://propiedades.com/inmuebles/casa-en-venta-pedregal-de-san-francisco-df-27163220#pagina=34&tipos=casas-venta&area=ciudad-de-mexico&pos=24
Ciudad De Mexico,34,"$1,214,000
MXN","Batallón Ligero de Toluca 78 #78, Col. El Paraíso, Iztapalapa, DF / CDMX, México, C.P. 09230, ID: 29925859",2 Recámaras | 1 Baño | 54 m 2,https://propiedades.com/inmuebles/casa-en-venta-batallon-ligero-de-toluca-78-78-el-paraiso-df-29925859#pagina=34&tipos=casas-venta&area=ciudad-de-mexico&pos=25
Ciudad De Mexico,34,"$8,500,000
MXN","Casa disponible en venta en Casma 635 #635, Col. Lindavista Norte, Gustavo A. Madero, DF / CDMX, México, C.P. 07300, ID: 30154738",3 Recámaras | 3 Baños | 245 m 2,
Ciudad De Mexico,34,"$4,500,000
MXN","Venta casa sola Xochimilco, Col. Lomas de Tonalco, Xochimilco, DF / CDMX, México, C.P. 16410, ID: 27498177",3 Recámaras | 1 Baño | 201 m 2,https://propiedades.com/inmuebles/casa-en-venta-venta-casa-sola-xochimilco-lomas-de-tonalco-df-27498177#pagina=34&tipos=casas-venta&area=ciudad-de-mexico&pos=27
Ciudad De Mexico,34,"$13,800,000
MXN","Se vende casa Pirineos, Col. Portales Norte, Benito Juárez, DF / CDMX, México, C.P. 03303, ID: 29858667",3 Recámaras | 1 Baño | 265 m 2,https://propiedades.com/inmuebles/casa-en-venta-pirineos-portales-norte-df-29858667#pagina=34&tipos=casas-venta&area=ciudad-de-mexico&pos=28
Ciudad De Mexico,34,"$4,150,000
MXN","Venta de casa Norte 90, Col. Gertrudis Sánchez 2a Sección, Gustavo A. Madero, DF / CDMX, México, C.P. 07839, ID: 28523644",5 Recámaras | 2 Baños | 223 m 2,https://propiedades.com/inmuebles/casa-en-venta-norte-90-gertrudis-sanchez-2a-seccion-df-28523644#pagina=34&tipos=casas-venta&area=ciudad-de-mexico&pos=29
Ciudad De Mexico,34,"$16,900,000
MXN","Casa en venta disponible en Gabriel Mancera, Col del Valle Centro, Ciudad de México, CDMX #1342, Col. Del Valle Sur, Benito Juárez, DF / CDMX, México, C.P. 03104, ID: 30541334",8 Recámaras | 4 Baños | 391 m 2,https://propiedades.com/inmuebles/casa-en-venta-gabriel-mancera-col-del-valle-centro-ciudad-de-mexico-cdmx-1342-del-valle-sur-df-30541334#pagina=34&tipos=casas-venta&area=ciudad-de-mexico&pos=30
Ciudad De Mexico,34,"$5,380,000
MXN","Se vende casa en Sur 93 10, El Parque, Venustiano Carranza, 15960 Ciudad de México, CDMX #10, Col. Del Parque, Venustiano Carranza, DF / CDMX, México, C.P. 15960, ID: 30540975",4 Recámaras | 3 Baños | 230 m 2,https://propiedades.com/inmuebles/casa-en-venta-sur-93-10-el-parque-venustiano-carranza-15960-ciudad-de-mexico-cdmx-10-del-parque-df-30540975#pagina=34&tipos=casas-venta&area=ciudad-de-mexico&pos=31
Ciudad De Mexico,34,"$14,000,000
MXN","Venta de casa 2ᵃ Cda. Concepción Beistegui, Narvarte Poniente, 03020 Ciudad de México, CDMX, Col. Narvarte Poniente, Benito Juárez, DF / CDMX, México, C.P. 03020, ID: 30319496",4 Recámaras | 3 Baños | 450 m 2,https://propiedades.com/inmuebles/casa-en-venta-2-cda-concepcion-beistegui-narvarte-poniente-03020-ciudad-de-mexico-cdmx-narvarte-poniente-df-30319496#pagina=34&tipos=casas-venta&area=ciudad-de-mexico&pos=32
Ciudad De Mexico,34,"$8,750,000
MXN",", Col. Reforma Iztaccihuatl Sur, Iztacalco, DF / CDMX, México, C.P. 08840, ID: 29841918",3 Recámaras | 3 Baños | 225 m 2,
Ciudad De Mexico,34,"$10,300,000
MXN","Se vende casa en , Col. Del Valle Centro, Benito Juárez, DF / CDMX, México, C.P. 03100, ID: 29921060",4 Recámaras | 3 Baños | 254 m 2,https://propiedades.com/inmuebles/casa-en-venta-del-valle-centro-df-29921060#pagina=34&tipos=casas-venta&area=ciudad-de-mexico&pos=34
Ciudad De Mexico,34,"$2,058,206
MXN","Se vende casa 3 de Mayo 39 #39, Col. San Juan Xalpa, Iztapalapa, DF / CDMX, México, C.P. 09850, ID: 29925914",3 Recámaras | 1 Baño | 228 m 2,https://propiedades.com/inmuebles/casa-en-venta-3-de-mayo-39-39-san-juan-xalpa-df-29925914#pagina=34&tipos=casas-venta&area=ciudad-de-mexico&pos=35
Ciudad De Mexico,34,"$15,490,000
MXN","Se vende casa Heriberto Frías, Col. Del Valle Centro, Benito Juárez, DF / CDMX, México, C.P. 03100, ID: 29465203",6 Recámaras | 3 Baños | 400 m 2,https://propiedades.com/inmuebles/casa-en-venta-heriberto-frias-del-valle-centro-df-29465203#pagina=34&tipos=casas-venta&area=ciudad-de-mexico&pos=36
Ciudad De Mexico,34,"$4,990,000
MXN",", Col. Héroes de Padierna, Tlalpan, DF / CDMX, México, C.P. 14200, ID: 29225022",4 Recámaras | 2 Baños | 171 m 2,https://propiedades.com/inmuebles/casa-en-venta-heroes-de-padierna-df-29225022#pagina=34&tipos=casas-venta&area=ciudad-de-mexico&pos=37
Ciudad De Mexico,34,"$3,200,000
MXN","Venta casa en Ferrocarril de Cuernavaca #s/n, Col. Chimilli, Tlalpan, DF / CDMX, México, C.P. 14749, ID: 29455016",6 Recámaras | 2 Baños | 115 m 2,https://propiedades.com/inmuebles/casa-en-venta-ferrocarril-de-cuernavaca-sn-chimilli-df-29455016#pagina=34&tipos=casas-venta&area=ciudad-de-mexico&pos=38
Ciudad De Mexico,34,"$13,990,000
MXN","Col. San José Insurgentes, Benito Juárez, DF / CDMX, México, C.P. 03900, ID: 29551543",3 Recámaras | 3 Baños | 297 m 2,https://propiedades.com/inmuebles/casa-en-venta-san-jose-insurgentes-df-29551543#pagina=34&tipos=casas-venta&area=ciudad-de-mexico&pos=39
Ciudad De Mexico,34,"$4,990,000
MXN","Coapa, Culhuacan CTM VII, Ciudad de México, CDMX, Col. Culhuacán CTM Sección VII, Coyoacán, DF / CDMX, México, C.P. 04489, ID: 30448501",6 Recámaras | 3 Baños | 271 m 2,https://propiedades.com/inmuebles/casa-en-venta-coapa-culhuacan-ctm-vii-ciudad-de-mexico-cdmx-culhuacan-ctm-seccion-vii-df-30448501#pagina=34&tipos=casas-venta&area=ciudad-de-mexico&pos=40
Ciudad De Mexico,34,"$2,200,000
USD","Casa en venta, Bosque de Ocotes, Bosques de las Lomas, 05120 Ciudad de México, CDMX #s/n, Col. Bosques de las Lomas, Cuajimalpa de Morelos, DF / CDMX, México, C.P. 05120, ID: 30560778",6 Recámaras | 12 Baños | 1000 m 2,https://propiedades.com/inmuebles/casa-en-venta-bosque-de-ocotes-bosques-de-las-lomas-05120-ciudad-de-mexico-cdmx-sn-bosques-de-las-lomas-df-30560778#pagina=34&tipos=casas-venta&area=ciudad-de-mexico&pos=41
Ciudad De Mexico,34,"$31,000,000
MXN","Venta de casa montaña de carapuca, Col. Jardines en la Montaña, Tlalpan, DF / CDMX, México, C.P. 14210, ID: 28448338",4 Recámaras | 4 Baños | 912 m 2,https://propiedades.com/inmuebles/casa-en-venta-montana-de-carapuca-jardines-en-la-montana-df-28448338#pagina=34&tipos=casas-venta&area=ciudad-de-mexico&pos=42
Ciudad De Mexico,34,"$12,340,000
MXN","Venta de casa en C. Lago Valparaíso 11, Argentina, Miguel Hidalgo, 11270 Ciudad de México, CDMX #11, Col. Argentina Antigua, Miguel Hidalgo, DF / CDMX, México, C.P. 11270, ID: 30659782",3 Recámaras | 1 Baño | 297 m 2,https://propiedades.com/inmuebles/casa-en-venta-c-lago-valparaiso-11-argentina-miguel-hidalgo-11270-ciudad-de-mexico-cdmx-11-argentina-antigua-df-30659782#pagina=34&tipos=casas-venta&area=ciudad-de-mexico&pos=43
Ciudad De Mexico,34,"$8,400,000
MXN","Casa en venta, Desierto de los Leones 5290, Tetelpan, Álvaro Obregón, 01700 Ciudad de México, CDMX, Col. Ocotillos del Pueblo Tetelpan, Álvaro Obregón, DF / CDMX, México, C.P. 01700, ID: 30333739",3 Recámaras | 3 Baños,https://propiedades.com/inmuebles/casa-en-venta-desierto-de-los-leones-5290-tetelpan-alvaro-obregon-01700-ciudad-de-mexico-cdmx-ocotillos-del-pueblo-tetelpan-df-30333739#pagina=34&tipos=casas-venta&area=ciudad-de-mexico&pos=44
Ciudad De Mexico,34,"$29,900,000
MXN","Casa en venta disponible en PASEOS DEL PEDREGAL , Col. Jardines del Pedregal, Álvaro Obregón, DF / CDMX, México, C.P. 01900, ID: 23188209",4 Recámaras | 1 Baño | 500 m 2,https://propiedades.com/inmuebles/casa-en-venta-paseos-del-pedregal-jardines-del-pedregal-df-23188209#pagina=34&tipos=casas-venta&area=ciudad-de-mexico&pos=45
Ciudad De Mexico,34,"$11,800,000
MXN","Casa disponible en venta en , Col. Tetelpan, Álvaro Obregón, DF / CDMX, México, C.P. 01700, ID: 28453043",3 Recámaras | 3 Baños | 420 m 2,https://propiedades.com/inmuebles/casa-en-venta-tetelpan-df-28453043#pagina=34&tipos=casas-venta&area=ciudad-de-mexico&pos=46
Ciudad De Mexico,34,"$5,200,000
MXN","Casa en venta, Charco Azul, Mixcoac, 03910 Ciudad de México, CDMX, Col. Mixcoac, Benito Juárez, DF / CDMX, México, C.P. 03910, ID: 30775149",2 Recámaras | 2 Baños | 100 m 2,https://propiedades.com/inmuebles/casa-en-venta-charco-azul-mixcoac-03910-ciudad-de-mexico-cdmx-mixcoac-df-30775149#pagina=34&tipos=casas-venta&area=ciudad-de-mexico&pos=47
Ciudad De Mexico,35,"$12,000,000
MXN","Casa en venta disponible en Avenida México Coyoacán 40 #40, Col. Santa Cruz Atoyac, Benito Juárez, DF / CDMX, México, C.P. 03310, ID: 29780450",4 Recámaras | 4 Baños | 420 m 2,https://propiedades.com/inmuebles/casa-en-venta-avenida-mexico-coyoacan-40-40-santa-cruz-atoyac-df-29780450#pagina=35&tipos=casas-venta&area=ciudad-de-mexico&pos=1
Ciudad De Mexico,35,"$8,900,000
MXN","Casa disponible en venta en Jardín Balbuena, 15900 Ciudad de México, CDMX, Col. Jardín Balbuena, Venustiano Carranza, DF / CDMX, México, C.P. 15900, ID: 30541307",3 Recámaras | 3 Baños | 260 m 2,https://propiedades.com/inmuebles/casa-en-venta-jardin-balbuena-15900-ciudad-de-mexico-cdmx-jardin-balbuena-df-30541307#pagina=35&tipos=casas-venta&area=ciudad-de-mexico&pos=2
Ciudad De Mexico,35,"$9,000,000
MXN","Venta de casa en , Col. Lindavista Norte, Gustavo A. Madero, DF / CDMX, México, C.P. 07300, ID: 29252142",3 Recámaras | 2 Baños | 240 m 2,https://propiedades.com/inmuebles/casa-en-venta-lindavista-norte-df-29252142#pagina=35&tipos=casas-venta&area=ciudad-de-mexico&pos=3
Ciudad De Mexico,35,"$11,000,000
MXN","Casa en venta disponible en Ixcateopan 87, Vértiz Narvarte, Benito Juárez, 03600 Ciudad de México, CDMX #87, Col. Vertiz Narvarte, Benito Juárez, DF / CDMX, México, C.P. 03600, ID: 30654322",3 Recámaras | 1 Baño | 237 m 2,https://propiedades.com/inmuebles/casa-en-venta-ixcateopan-87-vertiz-narvarte-benito-juarez-03600-ciudad-de-mexico-cdmx-87-vertiz-narvarte-df-30654322#pagina=35&tipos=casas-venta&area=ciudad-de-mexico&pos=4
Ciudad De Mexico,35,"$6,999,000
MXN","Venta casa en , Col. Valle Escondido, Tlalpan, DF / CDMX, México, C.P. 14600, ID: 29831021",4 Recámaras | 4 Baños | 227 m 2,https://propiedades.com/inmuebles/casa-en-venta-valle-escondido-df-29831021#pagina=35&tipos=casas-venta&area=ciudad-de-mexico&pos=5
Ciudad De Mexico,35,"$3,500,000
MXN","Se vende casa en Mesa los Hornos, 14420 Ciudad de México, CDMX, Col. Mesa de los Hornos, Tlalpan, DF / CDMX, México, C.P. 14420, ID: 30385447",2 Recámaras | 2 Baños | 260 m 2,https://propiedades.com/inmuebles/casa-en-venta-mesa-los-hornos-14420-ciudad-de-mexico-cdmx-mesa-de-los-hornos-df-30385447#pagina=35&tipos=casas-venta&area=ciudad-de-mexico&pos=6
Ciudad De Mexico,35,"$1,610,000
MXN","Venta de casa en Magnolias 56, El Rosario, Iztapalapa, 09930 Ciudad de México, CDMX #56, Col. El Rosario, Iztapalapa, DF / CDMX, México, C.P. 09930, ID: 30389923",4 Recámaras | 2 Baños | 211 m 2,https://propiedades.com/inmuebles/casa-en-venta-magnolias-56-el-rosario-iztapalapa-09930-ciudad-de-mexico-cdmx-56-el-rosario-df-30389923#pagina=35&tipos=casas-venta&area=ciudad-de-mexico&pos=7
Ciudad De Mexico,35,"$5,798,500
MXN","Casa disponible en venta en Eduardo Grieg 54, Ex Hipódromo de Peralvillo, Cuauhtémoc, 06250 Ciudad de México, CDMX #54, Col. Ex-Hipódromo de Peralvillo, Cuauhtémoc, DF / CDMX, México, C.P. 06250, ID: 30361350",3 Recámaras | 1 Baño | 160 m 2,https://propiedades.com/inmuebles/casa-en-venta-eduardo-grieg-54-ex-hipodromo-de-peralvillo-cuauhtemoc-06250-ciudad-de-mexico-cdmx-54-exhipodromo-de-peralvillo-df-30361350#pagina=35&tipos=casas-venta&area=ciudad-de-mexico&pos=8
Ciudad De Mexico,35,"$5,980,000
MXN","Casa en venta, Laminadores #239, Col. Trabajadores de Hierro, Azcapotzalco, DF / CDMX, México, C.P. 02650, ID: 6591897",6 Recámaras | 4 Baños | 327 m 2,https://propiedades.com/inmuebles/casa-en-venta-laminadores-239-trabajadores-de-hierro-df-6591897#pagina=35&tipos=casas-venta&area=ciudad-de-mexico&pos=9
Ciudad De Mexico,35,"$58,000,000
MXN","Venta de casa en , Col. Jardines del Pedregal, Álvaro Obregón, DF / CDMX, México, C.P. 01900, ID: 28728519",3 Recámaras | 3 Baños | 813 m 2,https://propiedades.com/inmuebles/casa-en-venta-jardines-del-pedregal-df-28728519#pagina=35&tipos=casas-venta&area=ciudad-de-mexico&pos=10
Ciudad De Mexico,35,"$48,000,000
MXN","Casa en venta, San Ángel Inn, 01060 Ciudad de México, CDMX #s/n, Col. San Angel Inn, Álvaro Obregón, DF / CDMX, México, C.P. 01060, ID: 30401048",3 Recámaras | 3 Baños | 779 m 2,https://propiedades.com/inmuebles/casa-en-venta-san-angel-inn-01060-ciudad-de-mexico-cdmx-sn-san-angel-inn-df-30401048#pagina=35&tipos=casas-venta&area=ciudad-de-mexico&pos=11
Ciudad De Mexico,35,"$7,650,000
MXN","Venta casa en , Col. Clavería, Azcapotzalco, DF / CDMX, México, C.P. 02080, ID: 29645782",4 Recámaras | 4 Baños,
Ciudad De Mexico,35,"$4,900,000
MXN","Casa en venta, Río Niagara 10, Cuauhtémoc, 06500 Ciudad de México, CDMX #10, Col. Cuauhtémoc, Cuauhtémoc, DF / CDMX, México, C.P. 06500, ID: 30467549",2 Recámaras | 1 Baño | 98 m 2,https://propiedades.com/inmuebles/casa-en-venta-rio-niagara-10-cuauhtemoc-06500-ciudad-de-mexico-cdmx-10-cuauhtemoc-df-30467549#pagina=35&tipos=casas-venta&area=ciudad-de-mexico&pos=13
Ciudad De Mexico,35,"$2,452,685
MXN","Se vende casa en Alberto Zamora 151, La Concepción, Coyoacán, 04020 Ciudad de México, CDMX #151, Col. Barrio La Concepción, Coyoacán, DF / CDMX, México, C.P. 04020, ID: 30230308",2 Recámaras | 2 Baños | 125 m 2,https://propiedades.com/inmuebles/casa-en-venta-alberto-zamora-151-la-concepcion-coyoacan-04020-ciudad-de-mexico-cdmx-151-barrio-la-concepcion-df-30230308#pagina=35&tipos=casas-venta&area=ciudad-de-mexico&pos=14
Ciudad De Mexico,35,"$3,108,811
MXN","Venta de casa Cienfuegos 983, Lindavista Nte., Gustavo A. Madero, 07300 Ciudad de México, CDMX #983, Col. Lindavista Norte, Gustavo A. Madero, DF / CDMX, México, C.P. 07300, ID: 30237027",3 Recámaras | 2 Baños | 200 m 2,https://propiedades.com/inmuebles/casa-en-venta-cienfuegos-983-lindavista-nte-gustavo-a-madero-07300-ciudad-de-mexico-cdmx-983-lindavista-norte-df-30237027#pagina=35&tipos=casas-venta&area=ciudad-de-mexico&pos=15
Ciudad De Mexico,35,"$5,950,000
MXN","Casa disponible en venta en Av. Popocatépetl #474Int. 1002, Col. Xoco, Benito Juárez, DF / CDMX, México, C.P. 03330, ID: 28813233",2 Recámaras | 2 Baños | 90 m 2,https://propiedades.com/inmuebles/casa-en-venta-av-popocatepetl-474-xoco-df-28813233#pagina=35&tipos=casas-venta&area=ciudad-de-mexico&pos=16
Ciudad De Mexico,35,"$19,000,000
MXN","Se vende casa en , Col. Bosques de las Lomas, Cuajimalpa de Morelos, DF / CDMX, México, C.P. 05120, ID: 28902919",3 Recámaras | 3 Baños | 584 m 2,https://propiedades.com/inmuebles/casa-en-venta-bosques-de-las-lomas-df-28902919#pagina=35&tipos=casas-venta&area=ciudad-de-mexico&pos=17
Ciudad De Mexico,35,"$700,000
MXN","Calle Cairo 118, Claveria, Azcapotzalco, 02080 Ciudad de México, CDMX #118, Col. Clavería, Azcapotzalco, DF / CDMX, México, C.P. 02080, ID: 30406303",3 Recámaras | 2 Baños | 144 m 2,https://propiedades.com/inmuebles/casa-en-venta-calle-cairo-118-claveria-azcapotzalco-02080-ciudad-de-mexico-cdmx-118-claveria-df-30406303#pagina=35&tipos=casas-venta&area=ciudad-de-mexico&pos=18
Ciudad De Mexico,35,"$10,000,000
MXN","Álvaro Reséndiz #20, Col. Presidentes Ejidales 2a Sección, Coyoacán, DF / CDMX, México, C.P. 04470, ID: 29956503",5 Recámaras | 5 Baños | 300 m 2,https://propiedades.com/inmuebles/casa-en-venta-alvaro-resendiz-20-presidentes-ejidales-2a-seccion-df-29956503#pagina=35&tipos=casas-venta&area=ciudad-de-mexico&pos=19
Ciudad De Mexico,35,"$6,990,000
MXN","Venta de casa en Chiclayo, Lindavista Nte., 07300 Ciudad de México, CDMX #s/n, Col. Lindavista Norte, Gustavo A. Madero, DF / CDMX, México, C.P. 07300, ID: 30782892",3 Recámaras | 2 Baños | 150 m 2,https://propiedades.com/inmuebles/casa-en-venta-chiclayo-lindavista-nte-07300-ciudad-de-mexico-cdmx-sn-lindavista-norte-df-30782892#pagina=35&tipos=casas-venta&area=ciudad-de-mexico&pos=20
Ciudad De Mexico,35,"$2,500,000
MXN","Venta de casa en Josefa Ortiz de Domínguez, Jalalpa Tepito, Ciudad de México, CDMX #26, Col. Ampliación Jalalpa, Álvaro Obregón, DF / CDMX, México, C.P. 01296, ID: 30358277",1 Baño | 182 m 2,https://propiedades.com/inmuebles/casa-en-venta-josefa-ortiz-de-dominguez-jalalpa-tepito-ciudad-de-mexico-cdmx-26-ampliacion-jalalpa-df-30358277#pagina=35&tipos=casas-venta&area=ciudad-de-mexico&pos=21
Ciudad De Mexico,35,"$3,100,000
MXN","Gardenia Norte #1, Col. Lomas de La Era, Álvaro Obregón, DF / CDMX, México, C.P. 01860, ID: 29901169",4 Recámaras | 3 Baños | 175 m 2,https://propiedades.com/inmuebles/casa-en-venta-gardenia-norte-1-lomas-de-la-era-df-29901169#pagina=35&tipos=casas-venta&area=ciudad-de-mexico&pos=22
Ciudad De Mexico,35,"$16,490,000
MXN","Casa en venta, Paseo de Los Ahuehuetes Sur, Col. Bosques de las Lomas, Cuajimalpa de Morelos, DF / CDMX, México, C.P. 05120, ID: 30157852",4 Recámaras | 4 Baños | 726 m 2,https://propiedades.com/inmuebles/casa-en-venta-paseo-de-los-ahuehuetes-sur-bosques-de-las-lomas-df-30157852#pagina=35&tipos=casas-venta&area=ciudad-de-mexico&pos=23
Ciudad De Mexico,35,"$7,300,000
MXN","Venta de casa Canal Recodo #s/n, Col. 18, Xochimilco, DF / CDMX, México, C.P. 16034, ID: 30151641",5 Recámaras | 3 Baños | 363 m 2,https://propiedades.com/inmuebles/casa-en-venta-canal-recodo-sn-18-df-30151641#pagina=35&tipos=casas-venta&area=ciudad-de-mexico&pos=24
Ciudad De Mexico,35,"$11,950,000
MXN","Casa disponible en venta en CASA EN CONDOMINIO CON TERRAZA Y ROOF PRIVADO, Col. Condesa, Cuauhtémoc, DF / CDMX, México, C.P. 06140, ID: 30004591",2 Recámaras | 2 Baños | 128 m 2,https://propiedades.com/inmuebles/casa-en-venta-casa-en-condominio-con-terraza-y-roof-privado-condesa-df-30004591#pagina=35&tipos=casas-venta&area=ciudad-de-mexico&pos=25
Ciudad De Mexico,35,"$21,900,000
MXN","Alborada, Col. Parque del Pedregal, Tlalpan, DF / CDMX, México, C.P. 14010, ID: 27437549",4 Recámaras | 4 Baños | 800 m 2,https://propiedades.com/inmuebles/casa-en-venta-alborada-parque-del-pedregal-df-27437549#pagina=35&tipos=casas-venta&area=ciudad-de-mexico&pos=26
Ciudad De Mexico,35,"$1,850,000
MXN","Se vende casa ozoloapan, Col. Los Padres, La Magdalena Contreras, DF / CDMX, México, C.P. 10340, ID: 30233880",5 Recámaras | 3 Baños | 189 m 2,https://propiedades.com/inmuebles/casa-en-venta-ozoloapan-los-padres-df-30233880#pagina=35&tipos=casas-venta&area=ciudad-de-mexico&pos=27
Ciudad De Mexico,35,"$9,000,000
MXN","Venta de casa en Lindavista, 07340 Ciudad de México, CDMX, Col. San José Ticomán, Gustavo A. Madero, DF / CDMX, México, C.P. 07340, ID: 30372652",4 Recámaras | 3 Baños | 215 m 2,https://propiedades.com/inmuebles/casa-en-venta-lindavista-07340-ciudad-de-mexico-cdmx-san-jose-ticoman-df-30372652#pagina=35&tipos=casas-venta&area=ciudad-de-mexico&pos=28
Ciudad De Mexico,35,"$4,950,000
MXN","Se vende casa en Av San Juan de Aragón III Secc, 07970 Ciudad de México, CDMX, Col. San Juan de Aragón III Sección, Gustavo A. Madero, DF / CDMX, México, C.P. 07970, ID: 30581275",3 Recámaras | 2 Baños | 181 m 2,https://propiedades.com/inmuebles/casa-en-venta-av-san-juan-de-aragon-iii-secc-07970-ciudad-de-mexico-cdmx-san-juan-de-aragon-iii-seccion-df-30581275#pagina=35&tipos=casas-venta&area=ciudad-de-mexico&pos=29
Ciudad De Mexico,35,"$2,270,000
MXN","Venta de casa en And. 9, 3er Parque las Águilas, Álvaro Obregón, 01750 Ciudad de México, CDMX #s/n, Col. Las Aguilas 3er Parque, Álvaro Obregón, DF / CDMX, México, C.P. 01750, ID: 30570156",1 Recámara | 1 Baño | 98 m 2,https://propiedades.com/inmuebles/casa-en-venta-and-9-3er-parque-las-aguilas-alvaro-obregon-01750-ciudad-de-mexico-cdmx-sn-las-aguilas-3er-parque-df-30570156#pagina=35&tipos=casas-venta&area=ciudad-de-mexico&pos=30
Ciudad De Mexico,35,"$7,150,000
MXN","Venta de casa en Rincón del Molino #3, Col. Bosque Residencial del Sur, Xochimilco, DF / CDMX, México, C.P. 16010, ID: 30039875",5 Recámaras | 4 Baños | 302 m 2,https://propiedades.com/inmuebles/casa-en-venta-rincon-del-molino-3-bosque-residencial-del-sur-df-30039875#pagina=35&tipos=casas-venta&area=ciudad-de-mexico&pos=31
Ciudad De Mexico,35,"$5,300,000
MXN","BUGAMBILIA #8, Col. El Rosario, Iztapalapa, DF / CDMX, México, C.P. 09930, ID: 28971469",6 Recámaras | 5 Baños | 301 m 2,https://propiedades.com/inmuebles/casa-en-venta-bugambilia-8-el-rosario-df-28971469#pagina=35&tipos=casas-venta&area=ciudad-de-mexico&pos=32
Ciudad De Mexico,35,"$2,750,000
MXN","Venta casa en Chabacano, San Miguel Teotongo, Ciudad de México, CDMX #s/n, Col. San Miguel Teotongo Sección Guadalupe, Iztapalapa, DF / CDMX, México, C.P. 09630, ID: 30417359",5 Recámaras | 5 Baños | 244 m 2,https://propiedades.com/inmuebles/casa-en-venta-chabacano-san-miguel-teotongo-ciudad-de-mexico-cdmx-sn-san-miguel-teotongo-seccion-guadalupe-df-30417359#pagina=35&tipos=casas-venta&area=ciudad-de-mexico&pos=33
Ciudad De Mexico,35,"$13,100,000
MXN","Venta casa en , Col. Iztaccihuatl, Benito Juárez, DF / CDMX, México, C.P. 03520, ID: 27658950",4 Recámaras | 4 Baños | 446 m 2,https://propiedades.com/inmuebles/casa-en-venta-iztaccihuatl-df-27658950#pagina=35&tipos=casas-venta&area=ciudad-de-mexico&pos=34
Ciudad De Mexico,35,"$1,113,000
MXN","Se vende casa P.º de Sicilia 74, Lomas Estrella 2da Secc, Iztapalapa, 09890 Ciudad de México, CDMX #74, Col. Lomas Estrella, Iztapalapa, DF / CDMX, México, C.P. 09890, ID: 30602482",4 Recámaras | 2 Baños | 60 m 2,https://propiedades.com/inmuebles/casa-en-venta-p-de-sicilia-74-lomas-estrella-2da-secc-iztapalapa-09890-ciudad-de-mexico-cdmx-74-lomas-estrella-df-30602482#pagina=35&tipos=casas-venta&area=ciudad-de-mexico&pos=35
Ciudad De Mexico,35,"$8,600,000
MXN","Casa en venta, , Col. Narvarte Poniente, Benito Juárez, DF / CDMX, México, C.P. 03020, ID: 28789954",6 Recámaras | 1 Baño | 230 m 2,https://propiedades.com/inmuebles/casa-en-venta-narvarte-poniente-df-28789954#pagina=35&tipos=casas-venta&area=ciudad-de-mexico&pos=36
Ciudad De Mexico,35,"$10,900,000
MXN","Se vende casa en , Col. Vertiz Narvarte, Benito Juárez, DF / CDMX, México, C.P. 03600, ID: 27467425",3 Recámaras | 4 Baños | 262 m 2,https://propiedades.com/inmuebles/casa-en-venta-vertiz-narvarte-df-27467425#pagina=35&tipos=casas-venta&area=ciudad-de-mexico&pos=37
Ciudad De Mexico,35,"$8,750,000
MXN","Se vende casa C. 1-C Xochitepetl, Valle de Tepepan, 14646 Ciudad de México, CDMX #s/n, Col. Valle de Tepepan, Tlalpan, DF / CDMX, México, C.P. 14646, ID: 30552398",4 Recámaras | 4 Baños | 305 m 2,
Ciudad De Mexico,35,"$5,750,000
MXN","Casa en venta disponible en Retorno 207, Col. Unidad Modelo, Iztapalapa, DF / CDMX, México, C.P. 09089, ID: 30250542",6 Recámaras | 3 Baños | 256 m 2,https://propiedades.com/inmuebles/casa-en-venta-retorno-207-unidad-modelo-df-30250542#pagina=35&tipos=casas-venta&area=ciudad-de-mexico&pos=39
Ciudad De Mexico,35,"$745,000
MXN","Venta de casa calle diamante #0, Col. Estrella, Gustavo A. Madero, DF / CDMX, México, C.P. 07810, ID: 29136914",3 Recámaras | 2 Baños | 165 m 2,https://propiedades.com/inmuebles/casa-en-venta-calle-diamante-estrella-df-29136914#pagina=35&tipos=casas-venta&area=ciudad-de-mexico&pos=40
Ciudad De Mexico,35,"$2,187,832
MXN","Venta de casa en Calz. de las Bombas 128, Coapa, Coyoacán, 04899 Ciudad de México, CDMX #128, Col. El Parque de Coyoacán, Coyoacán, DF / CDMX, México, C.P. 04899, ID: 30444920",3 Recámaras | 1 Baño | 165 m 2,https://propiedades.com/inmuebles/casa-en-venta-calz-de-las-bombas-128-coapa-coyoacan-04899-ciudad-de-mexico-cdmx-128-el-parque-de-coyoacan-df-30444920#pagina=35&tipos=casas-venta&area=ciudad-de-mexico&pos=41
Ciudad De Mexico,35,"$1,113,000
MXN","Se vende casa P.º de Sicilia 74, Lomas Estrella 2da Secc, Iztapalapa, 09890 Ciudad de México, CDMX #74, Col. Lomas Estrella, Iztapalapa, DF / CDMX, México, C.P. 09890, ID: 30597891",4 Recámaras | 2 Baños | 60 m 2,https://propiedades.com/inmuebles/casa-en-venta-p-de-sicilia-74-lomas-estrella-2da-secc-iztapalapa-09890-ciudad-de-mexico-cdmx-74-lomas-estrella-df-30597891#pagina=35&tipos=casas-venta&area=ciudad-de-mexico&pos=42
Ciudad De Mexico,35,"$14,411,000
MXN","Venta de casa en , Col. Vertiz Narvarte, Benito Juárez, DF / CDMX, México, C.P. 03600, ID: 27464222",3 Recámaras | 3 Baños | 322 m 2,https://propiedades.com/inmuebles/casa-en-venta-vertiz-narvarte-df-27464222#pagina=35&tipos=casas-venta&area=ciudad-de-mexico&pos=43
Ciudad De Mexico,35,"$23,000,000
MXN","Venta de casa en , Col. Santa Fe La Loma, Álvaro Obregón, DF / CDMX, México, C.P. 01376, ID: 29645588",3 Recámaras | 3 Baños,https://propiedades.com/inmuebles/casa-en-venta-santa-fe-la-loma-df-29645588#pagina=35&tipos=casas-venta&area=ciudad-de-mexico&pos=44
Ciudad De Mexico,35,"$13,000,000
MXN","Casa disponible en venta en Jesús Lecuona, Miguel Hidalgo 3ra Secc, Ciudad de México, CDMX #s/n, Col. Miguel Hidalgo 3A Sección, Tlalpan, DF / CDMX, México, C.P. 14250, ID: 30554427",6 Recámaras | 4 Baños | 640 m 2,https://propiedades.com/inmuebles/casa-en-venta-jesus-lecuona-miguel-hidalgo-3ra-secc-ciudad-de-mexico-cdmx-sn-miguel-hidalgo-3a-seccion-df-30554427#pagina=35&tipos=casas-venta&area=ciudad-de-mexico&pos=45
Ciudad De Mexico,35,"$3,900,000
MXN","Se vende casa en Av. Repúblicas, Portales Oriente, 03570 Ciudad de México, CDMX, Col. Portales Oriente, Benito Juárez, DF / CDMX, México, C.P. 03570, ID: 30367173",2 Recámaras | 1 Baño | 85 m 2,https://propiedades.com/inmuebles/casa-en-venta-av-republicas-portales-oriente-03570-ciudad-de-mexico-cdmx-portales-oriente-df-30367173#pagina=35&tipos=casas-venta&area=ciudad-de-mexico&pos=46
Ciudad De Mexico,35,"$890,000
MXN","Casa en venta disponible en villa Cuitláhuac #00, Col. Villa de Aragón, Gustavo A. Madero, DF / CDMX, México, C.P. 07570, ID: 29137100",3 Recámaras | 2 Baños | 122 m 2,
Ciudad De Mexico,36,"$63,000,000
MXN","Se vende casa SIERRA AMATEPEC, Col. Lomas de Chapultepec V Sección, Miguel Hidalgo, DF / CDMX, México, C.P. 11000, ID: 29902124",4 Recámaras | 5 Baños | 850 m 2,https://propiedades.com/inmuebles/casa-en-venta-sierra-amatepec-lomas-de-chapultepec-v-seccion-df-29902124#pagina=36&tipos=casas-venta&area=ciudad-de-mexico&pos=1
Ciudad De Mexico,36,"$12,500,000
MXN","Casa disponible en venta en Boulevard Capri, Col. Lomas Estrella, Iztapalapa, DF / CDMX, México, C.P. 09890, ID: 28113067",5 Recámaras | 4 Baños | 475 m 2,https://propiedades.com/inmuebles/casa-en-venta-boulevard-capri-lomas-estrella-df-28113067#pagina=36&tipos=casas-venta&area=ciudad-de-mexico&pos=2
Ciudad De Mexico,36,"$1,275,420
MXN","Casa en venta disponible en Ejército de Oriente Zona Peñón, 09239 Ciudad de México, CDMX, Col. Ejercito de Oriente Zona Peñon, Iztapalapa, DF / CDMX, México, C.P. 09239, ID: 30272904",2 Recámaras | 2 Baños | 205 m 2,https://propiedades.com/inmuebles/casa-en-venta-ejercito-de-oriente-zona-penon-09239-ciudad-de-mexico-cdmx-ejercito-de-oriente-zona-penon-df-30272904#pagina=36&tipos=casas-venta&area=ciudad-de-mexico&pos=3
Ciudad De Mexico,36,"$12,499,000
MXN","Venta casa en Paseo de las Tórtolas, Col. Colinas del Bosque, Tlalpan, DF / CDMX, México, C.P. 14608, ID: 30120984",5 Recámaras | 5 Baños | 305 m 2,https://propiedades.com/inmuebles/casa-en-venta-paseo-de-las-tortolas-colinas-del-bosque-df-30120984#pagina=36&tipos=casas-venta&area=ciudad-de-mexico&pos=4
Ciudad De Mexico,36,"$1,990,000
MXN","Casa disponible en venta en General Arnulfo R. Gómez #32, Col. Ampliación Caracol, Venustiano Carranza, DF / CDMX, México, C.P. 15650, ID: 30105915",3 Recámaras | 2 Baños | 150 m 2,
Ciudad De Mexico,36,"$11,000,000
MXN","Casa en venta disponible en , Col. Del Valle Sur, Benito Juárez, DF / CDMX, México, C.P. 03104, ID: 29016882",3 Recámaras | 3 Baños | 248 m 2,https://propiedades.com/inmuebles/casa-en-venta-del-valle-sur-df-29016882#pagina=36&tipos=casas-venta&area=ciudad-de-mexico&pos=6
Ciudad De Mexico,36,"$25,700,000
MXN","Venta casa en , Col. Bosques de las Lomas, Cuajimalpa de Morelos, DF / CDMX, México, C.P. 05120, ID: 28835280",4 Recámaras | 4 Baños | 600 m 2,https://propiedades.com/inmuebles/casa-en-venta-bosques-de-las-lomas-df-28835280#pagina=36&tipos=casas-venta&area=ciudad-de-mexico&pos=7
Ciudad De Mexico,36,"$550,000
MXN","C. Roberto Koch, Impi Picos, 08760 Ciudad de México, CDMX, Col. INPI Picos, Iztacalco, DF / CDMX, México, C.P. 08760, ID: 30421093",3 Recámaras | 2 Baños | 250 m 2,https://propiedades.com/inmuebles/casa-en-venta-c-roberto-koch-impi-picos-08760-ciudad-de-mexico-cdmx-inpi-picos-df-30421093#pagina=36&tipos=casas-venta&area=ciudad-de-mexico&pos=8
Ciudad De Mexico,36,"$6,520,000
MXN","Venta casa en Hacienda Temoluco, Coapa, Villa Quietud, 04960 Ciudad de México, CDMX, Col. Villa Quietud, Coyoacán, DF / CDMX, México, C.P. 04960, ID: 30267358",4 Recámaras | 3 Baños | 260 m 2,https://propiedades.com/inmuebles/casa-en-venta-hacienda-temoluco-coapa-villa-quietud-04960-ciudad-de-mexico-cdmx-villa-quietud-df-30267358#pagina=36&tipos=casas-venta&area=ciudad-de-mexico&pos=9
Ciudad De Mexico,36,"$6,065,373
MXN","Se vende casa Dragon 71, Prado Churubusco, Coyoacán, 04230 Ciudad de México, CDMX #71, Col. Prado Churubusco, Coyoacán, DF / CDMX, México, C.P. 04230, ID: 30472893",4 Recámaras | 4 Baños | 536 m 2,https://propiedades.com/inmuebles/casa-en-venta-dragon-71-prado-churubusco-coyoacan-04230-ciudad-de-mexico-cdmx-71-prado-churubusco-df-30472893#pagina=36&tipos=casas-venta&area=ciudad-de-mexico&pos=10
Ciudad De Mexico,36,"$7,600,000
MXN","Venta casa en , Col. San Jerónimo Lídice, La Magdalena Contreras, DF / CDMX, México, C.P. 10200, ID: 28935332",4 Recámaras | 3 Baños | 292 m 2,https://propiedades.com/inmuebles/casa-en-venta-san-jeronimo-lidice-df-28935332#pagina=36&tipos=casas-venta&area=ciudad-de-mexico&pos=11
Ciudad De Mexico,36,"$4,200,000
MXN","Venta casa en C. Encinos, Lomas de San Bernabé, 10350 Ciudad de México, CDMX, Col. Lomas de San Bernabé, La Magdalena Contreras, DF / CDMX, México, C.P. 10350, ID: 30439323",3 Recámaras | 2 Baños | 194 m 2,https://propiedades.com/inmuebles/casa-en-venta-c-encinos-lomas-de-san-bernabe-10350-ciudad-de-mexico-cdmx-lomas-de-san-bernabe-df-30439323#pagina=36&tipos=casas-venta&area=ciudad-de-mexico&pos=12
Ciudad De Mexico,36,"$3,550,000
MXN","Casa en venta disponible en Palmito, Col. El Rosal, La Magdalena Contreras, DF / CDMX, México, C.P. 10600, ID: 29279081",3 Recámaras | 2 Baños | 260 m 2,https://propiedades.com/inmuebles/casa-en-venta-palmito-el-rosal-df-29279081#pagina=36&tipos=casas-venta&area=ciudad-de-mexico&pos=13
Ciudad De Mexico,36,"$84,000,000
MXN","Venta de casa Claudio de Arcineaga, Col. San Mateo Tlaltenango, Cuajimalpa de Morelos, DF / CDMX, México, C.P. 05600, ID: 9582012",3 Recámaras | 3 Baños | 655 m 2,https://propiedades.com/inmuebles/casa-en-venta-claudio-de-arcineaga-san-mateo-tlaltenango-df-9582012#pagina=36&tipos=casas-venta&area=ciudad-de-mexico&pos=14
Ciudad De Mexico,36,"$8,744,000
MXN","Se vende casa Avenida Coyoacán, Col. Del Valle Sur, Benito Juárez, DF / CDMX, México, C.P. 03104, ID: 29976017",3 Recámaras | 2 Baños | 110 m 2,https://propiedades.com/inmuebles/casa-en-venta-avenida-coyoacan-del-valle-sur-df-29976017#pagina=36&tipos=casas-venta&area=ciudad-de-mexico&pos=15
Ciudad De Mexico,36,"$8,500,000
MXN","Guanajuato, Roma Nte., 06700 Ciudad de México, CDMX #181Int. 10, Col. Roma Norte, Cuauhtémoc, DF / CDMX, México, C.P. 06700, ID: 30453549",2 Recámaras | 2 Baños | 100 m 2,https://propiedades.com/inmuebles/casa-en-venta-guanajuato-roma-nte-06700-ciudad-de-mexico-cdmx-181-roma-norte-df-30453549#pagina=36&tipos=casas-venta&area=ciudad-de-mexico&pos=16
Ciudad De Mexico,36,"$16,000,000
MXN","Casa en venta disponible en , Col. Roma Sur, Cuauhtémoc, DF / CDMX, México, C.P. 06760, ID: 30013337",3 Recámaras | 3 Baños | 360 m 2,https://propiedades.com/inmuebles/casa-en-venta-roma-sur-df-30013337#pagina=36&tipos=casas-venta&area=ciudad-de-mexico&pos=17
Ciudad De Mexico,36,"$44,000,000
MXN","Casa en venta disponible en Cerrada Pedregal 72 #72, Col. Barrio Santa Catarina, Coyoacán, DF / CDMX, México, C.P. 04010, ID: 29274947",4 Recámaras | 4 Baños | 923 m 2,https://propiedades.com/inmuebles/casa-en-venta-cerrada-pedregal-72-72-barrio-santa-catarina-df-29274947#pagina=36&tipos=casas-venta&area=ciudad-de-mexico&pos=18
Ciudad De Mexico,36,"$12,500,000
MXN","Casa en venta, Álamos, 03400 Ciudad de México, CDMX #s/n, Col. Álamos, Benito Juárez, DF / CDMX, México, C.P. 03400, ID: 30490622",8 Recámaras | 6 Baños | 465 m 2,https://propiedades.com/inmuebles/casa-en-venta-alamos-03400-ciudad-de-mexico-cdmx-sn-alamos-df-30490622#pagina=36&tipos=casas-venta&area=ciudad-de-mexico&pos=19
Ciudad De Mexico,36,"$490,000
MXN","C. 641, San Juan de Aragón IV Secc, 07979 Ciudad de México, CDMX #s/n, Col. San Juan de Aragón V Sección, Gustavo A. Madero, DF / CDMX, México, C.P. 07979, ID: 30844487",2 Recámaras | 1 Baño | 98 m 2,https://propiedades.com/inmuebles/casa-en-venta-c-641-san-juan-de-aragon-iv-secc-07979-ciudad-de-mexico-cdmx-sn-san-juan-de-aragon-v-seccion-df-30844487#pagina=36&tipos=casas-venta&area=ciudad-de-mexico&pos=20
Ciudad De Mexico,36,"$9,400,000
MXN","Casa en venta, Las Águilas, Col. Las Águilas, Álvaro Obregón, DF / CDMX, México, C.P. 01048, ID: 29539827",3 Recámaras | 3 Baños | 180 m 2,https://propiedades.com/inmuebles/casa-en-venta-las-aguilas-las-aguilas-df-29539827#pagina=36&tipos=casas-venta&area=ciudad-de-mexico&pos=21
Ciudad De Mexico,36,"$12,623,000
MXN","Casa en venta, Granero 15, Lomas de San Ángel Inn, Álvaro Obregón, 01790 Ciudad de México, CDMX #15, Col. Lomas de San Ángel Inn, Álvaro Obregón, DF / CDMX, México, C.P. 01790, ID: 30794679",4 Recámaras | 3 Baños | 275 m 2,https://propiedades.com/inmuebles/casa-en-venta-granero-15-lomas-de-san-angel-inn-alvaro-obregon-01790-ciudad-de-mexico-cdmx-15-lomas-de-san-angel-inn-df-30794679#pagina=36&tipos=casas-venta&area=ciudad-de-mexico&pos=22
Ciudad De Mexico,36,"$39,000,000
MXN","Se vende casa , Col. Bosques de las Lomas, Cuajimalpa de Morelos, DF / CDMX, México, C.P. 05120, ID: 28842333",4 Recámaras | 4 Baños | 769 m 2,https://propiedades.com/inmuebles/casa-en-venta-bosques-de-las-lomas-df-28842333#pagina=36&tipos=casas-venta&area=ciudad-de-mexico&pos=23
Ciudad De Mexico,36,"$2,990,000
MXN","Se vende casa Cansahcab 120, Pedregal de San Nicolás 1ra Secc, Tlalpan, 14100 Ciudad de México, CDMX #111, Col. Pedregal de San Nicolás 1A Sección, Tlalpan, DF / CDMX, México, C.P. 14100, ID: 30327784",5 Recámaras | 2 Baños | 208 m 2,https://propiedades.com/inmuebles/casa-en-venta-cansahcab-120-pedregal-de-san-nicolas-1ra-secc-tlalpan-14100-ciudad-de-mexico-cdmx-111-pedregal-de-san-nicolas-1a-seccion-df-30327784#pagina=36&tipos=casas-venta&area=ciudad-de-mexico&pos=24
Ciudad De Mexico,36,"$69,800,000
MXN",", Col. Lomas de Chapultepec VII Sección, Miguel Hidalgo, DF / CDMX, México, C.P. 11000, ID: 29645654",4 Recámaras | 4 Baños,https://propiedades.com/inmuebles/casa-en-venta-lomas-de-chapultepec-vii-seccion-df-29645654#pagina=36&tipos=casas-venta&area=ciudad-de-mexico&pos=25
Ciudad De Mexico,36,"$8,290,000
MXN","Se vende casa en , Col. Cuajimalpa, Cuajimalpa de Morelos, DF / CDMX, México, C.P. 05000, ID: 29645616",3 Recámaras | 3 Baños | 183 m 2,https://propiedades.com/inmuebles/casa-en-venta-cuajimalpa-df-29645616#pagina=36&tipos=casas-venta&area=ciudad-de-mexico&pos=26
Ciudad De Mexico,36,"$10,257,000
MXN","Venta de casa en Avenida Las Flores 278 #278, Col. Tlacopac, Álvaro Obregón, DF / CDMX, México, C.P. 01049, ID: 29493691",3 Recámaras | 3 Baños | 423 m 2,https://propiedades.com/inmuebles/casa-en-venta-avenida-las-flores-278-278-tlacopac-df-29493691#pagina=36&tipos=casas-venta&area=ciudad-de-mexico&pos=27
Ciudad De Mexico,36,"$8,300,000
MXN","Casa en venta, , Col. Cafetales, Coyoacán, DF / CDMX, México, C.P. 04918, ID: 29604551",3 Recámaras | 3 Baños,https://propiedades.com/inmuebles/casa-en-venta-cafetales-df-29604551#pagina=36&tipos=casas-venta&area=ciudad-de-mexico&pos=28
Ciudad De Mexico,36,"$12,000,000
MXN","Avenida México Coyoacán 60 #60, Col. Santa Cruz Atoyac, Benito Juárez, DF / CDMX, México, C.P. 03310, ID: 29537776",4 Recámaras | 4 Baños | 450 m 2,https://propiedades.com/inmuebles/casa-en-venta-avenida-mexico-coyoacan-60-60-santa-cruz-atoyac-df-29537776#pagina=36&tipos=casas-venta&area=ciudad-de-mexico&pos=29
Ciudad De Mexico,36,"$5,900,000
MXN","Se vende casa Av. Erasmo Castellanos Quinto 382, Educación, Coyoacán, 04400 Ciudad de México, CDMX #382, Col. Educación, Coyoacán, DF / CDMX, México, C.P. 04400, ID: 30460768",4 Recámaras | 3 Baños | 135 m 2,https://propiedades.com/inmuebles/casa-en-venta-av-erasmo-castellanos-quinto-382-educacion-coyoacan-04400-ciudad-de-mexico-cdmx-382-educacion-df-30460768#pagina=36&tipos=casas-venta&area=ciudad-de-mexico&pos=30
Ciudad De Mexico,36,"$4,490,000
MXN","Casa en venta disponible en Tepocatl, Pedregal de Santo Domingo, Coyoacán, 04369 Ciudad de México, CDMX #s/n, Col. Pedregal de Santo Domingo, Coyoacán, DF / CDMX, México, C.P. 04369, ID: 30258690",6 Recámaras | 3 Baños | 200 m 2,https://propiedades.com/inmuebles/casa-en-venta-tepocatl-pedregal-de-santo-domingo-coyoacan-04369-ciudad-de-mexico-cdmx-sn-pedregal-de-santo-domingo-df-30258690#pagina=36&tipos=casas-venta&area=ciudad-de-mexico&pos=31
Ciudad De Mexico,36,"$6,500,000
MXN","Casa en venta disponible en , Col. Jardín Balbuena, Venustiano Carranza, DF / CDMX, México, C.P. 15900, ID: 28719149",3 Recámaras | 2 Baños | 260 m 2,https://propiedades.com/inmuebles/casa-en-venta-jardin-balbuena-df-28719149#pagina=36&tipos=casas-venta&area=ciudad-de-mexico&pos=32
Ciudad De Mexico,36,"$45,000,000
MXN","Venta de casa en Col. Bosques de las Lomas, Cuajimalpa de Morelos, DF / CDMX, México, C.P. 05120, ID: 27082529",4 Recámaras | 5 Baños | 1100 m 2,https://propiedades.com/inmuebles/casa-en-venta-bosques-de-las-lomas-df-27082529#pagina=36&tipos=casas-venta&area=ciudad-de-mexico&pos=33
Ciudad De Mexico,36,"$6,280,000
MXN","Se vende casa Avenida Presidente Plutarco Elías Calles #s/n, Col. Del Carmen, Benito Juárez, DF / CDMX, México, C.P. 03540, ID: 30537907",4 Recámaras | 3 Baños | 298 m 2,https://propiedades.com/inmuebles/casa-en-venta-avenida-presidente-plutarco-elias-calles-sn-del-carmen-df-30537907#pagina=36&tipos=casas-venta&area=ciudad-de-mexico&pos=34
Ciudad De Mexico,36,"$10,648,770
MXN","Casa en venta disponible en Miguel Hidalgo 183 #186, Col. Belisario Domínguez Sección XVI, Tlalpan, DF / CDMX, México, C.P. 14080, ID: 30053022",5 Recámaras | 3 Baños | 300 m 2,https://propiedades.com/inmuebles/casa-en-venta-miguel-hidalgo-183-186-belisario-dominguez-seccion-xvi-df-30053022#pagina=36&tipos=casas-venta&area=ciudad-de-mexico&pos=35
Ciudad De Mexico,36,"$7,200,000
MXN","Av Toluca, Ciudad de México, CDMX #360, Col. Olivar de los Padres, Álvaro Obregón, DF / CDMX, México, C.P. 01780, ID: 30581354",3 Recámaras | 3 Baños | 360 m 2,https://propiedades.com/inmuebles/casa-en-venta-av-toluca-ciudad-de-mexico-cdmx-360-olivar-de-los-padres-df-30581354#pagina=36&tipos=casas-venta&area=ciudad-de-mexico&pos=36
Ciudad De Mexico,36,"$8,400,000
MXN","Se vende casa en , Col. Del Valle Norte, Benito Juárez, DF / CDMX, México, C.P. 03103, ID: 29622276",3 Recámaras | 2 Baños | 222 m 2,https://propiedades.com/inmuebles/casa-en-venta-del-valle-norte-df-29622276#pagina=36&tipos=casas-venta&area=ciudad-de-mexico&pos=37
Ciudad De Mexico,36,"$6,500,000
MXN","Se vende casa en Clara Morales 12, Col. El Mirador, Xochimilco, DF / CDMX, México, C.P. 16060, ID: 29446110",5 Recámaras | 5 Baños | 540 m 2,https://propiedades.com/inmuebles/casa-en-venta-clara-morales-12-el-mirador-df-29446110#pagina=36&tipos=casas-venta&area=ciudad-de-mexico&pos=38
Ciudad De Mexico,36,"$24,900,000
MXN","Se vende casa , Col. Jardines del Pedregal, Álvaro Obregón, DF / CDMX, México, C.P. 01900, ID: 28837906",3 Recámaras | 4 Baños | 652 m 2,https://propiedades.com/inmuebles/casa-en-venta-jardines-del-pedregal-df-28837906#pagina=36&tipos=casas-venta&area=ciudad-de-mexico&pos=39
Ciudad De Mexico,36,"$5,700,000
MXN","Se vende casa en Eten, Ciudad de México, CDMX, Col. Lindavista Sur, Gustavo A. Madero, DF / CDMX, México, C.P. 07300, ID: 30363287",3 Recámaras | 1 Baño | 144 m 2,https://propiedades.com/inmuebles/casa-en-venta-eten-ciudad-de-mexico-cdmx-lindavista-sur-df-30363287#pagina=36&tipos=casas-venta&area=ciudad-de-mexico&pos=40
Ciudad De Mexico,36,"$640,000,000
MXN","Venta de casa Jardín Balbuena #s/n, Col. Jardín Balbuena, Venustiano Carranza, DF / CDMX, México, C.P. 15900, ID: 30619123",3 Recámaras | 2 Baños | 245 m 2,https://propiedades.com/inmuebles/casa-en-venta-jardin-balbuena-sn-jardin-balbuena-df-30619123#pagina=36&tipos=casas-venta&area=ciudad-de-mexico&pos=41
Ciudad De Mexico,36,"$4,500,000
MXN","Nte 58-B 5217, Tablas de San Agustín, Gustavo A. Madero, 07860 Ciudad de México, CDMX #5217, Col. La Joyita, Gustavo A. Madero, DF / CDMX, México, C.P. 07860, ID: 30554712",4 Recámaras | 2 Baños | 242 m 2,https://propiedades.com/inmuebles/casa-en-venta-nte-58b-5217-tablas-de-san-agustin-gustavo-a-madero-07860-ciudad-de-mexico-cdmx-5217-la-joyita-df-30554712#pagina=36&tipos=casas-venta&area=ciudad-de-mexico&pos=42
Ciudad De Mexico,36,"$8,500,000
MXN","Casa disponible en venta en Sur 77 , Col. Ampliación Sinatel, Iztapalapa, DF / CDMX, México, C.P. 09479, ID: 29489217",5 Recámaras | 5 Baños | 136 m 2,https://propiedades.com/inmuebles/casa-en-venta-sur-77-ampliacion-sinatel-df-29489217#pagina=36&tipos=casas-venta&area=ciudad-de-mexico&pos=43
Ciudad De Mexico,36,"$5,900,000
MXN",", Col. Lomas de Padierna, Tlalpan, DF / CDMX, México, C.P. 14240, ID: 29298965",3 Recámaras | 3 Baños | 161 m 2,https://propiedades.com/inmuebles/casa-en-venta-lomas-de-padierna-df-29298965#pagina=36&tipos=casas-venta&area=ciudad-de-mexico&pos=44
Ciudad De Mexico,36,"$4,750,000
MXN","Venta de casa Plan de Dolores 30, San Lorenzo la Cebada, Xochimilco, 16035 Ciudad de México, CDMX #30, Col. San Lorenzo La Cebada, Xochimilco, DF / CDMX, México, C.P. 16035, ID: 30619194",6 Recámaras | 3 Baños | 256 m 2,https://propiedades.com/inmuebles/casa-en-venta-plan-de-dolores-30-san-lorenzo-la-cebada-xochimilco-16035-ciudad-de-mexico-cdmx-30-san-lorenzo-la-cebada-df-30619194#pagina=36&tipos=casas-venta&area=ciudad-de-mexico&pos=45
Ciudad De Mexico,36,"$8,400,000
MXN","Cecilio Robelo, Col. Jardín Balbuena, Venustiano Carranza, DF / CDMX, México, C.P. 15900, ID: 30094441",6 Recámaras | 2 Baños | 310 m 2,https://propiedades.com/inmuebles/casa-en-venta-cecilio-robelo-jardin-balbuena-df-30094441#pagina=36&tipos=casas-venta&area=ciudad-de-mexico&pos=46
Ciudad De Mexico,36,"$1,900,000
USD","Se vende casa , Col. Lomas de Chapultepec VII Sección, Miguel Hidalgo, DF / CDMX, México, C.P. 11000, ID: 29645657",9 Recámaras | 7 Baños | 1000 m 2,https://propiedades.com/inmuebles/casa-en-venta-lomas-de-chapultepec-vii-seccion-df-29645657#pagina=36&tipos=casas-venta&area=ciudad-de-mexico&pos=47
Ciudad De Mexico,37,"$29,900,000
MXN","Venta de casa en Bosque de Ciruelos, Col. Bosque de las Lomas, Miguel Hidalgo, DF / CDMX, México, C.P. 11700, ID: 23113942",4 Recámaras | 6 Baños | 1199 m 2,https://propiedades.com/inmuebles/casa-en-venta-bosque-de-ciruelos-bosque-de-las-lomas-df-23113942#pagina=37&tipos=casas-venta&area=ciudad-de-mexico&pos=1
Ciudad De Mexico,37,"$7,800,000
MXN","Casa en venta, la era #s/n, Col. San Bartolo Ameyalco, Álvaro Obregón, DF / CDMX, México, C.P. 01800, ID: 29418391",4 Recámaras | 3 Baños | 200 m 2,https://propiedades.com/inmuebles/casa-en-venta-la-era-sn-san-bartolo-ameyalco-df-29418391#pagina=37&tipos=casas-venta&area=ciudad-de-mexico&pos=2
Ciudad De Mexico,37,"$4,147,000
MXN","San Nicolás Tetelco, CDMX, Col. San Nicolás Tetelco, Tláhuac, DF / CDMX, México, C.P. 13700, ID: 30576567",6 Recámaras | 3 Baños | 285 m 2,https://propiedades.com/inmuebles/casa-en-venta-san-nicolas-tetelco-cdmx-san-nicolas-tetelco-df-30576567#pagina=37&tipos=casas-venta&area=ciudad-de-mexico&pos=3
Ciudad De Mexico,37,"$4,500,000
MXN","Casa en venta, La Bohemia, Miguel Hidalgo, 13200 Ciudad de México, CDMX, Col. Miguel Hidalgo, Tláhuac, DF / CDMX, México, C.P. 13200, ID: 30854301",3 Recámaras | 3 Baños | 129 m 2,https://propiedades.com/inmuebles/casa-en-venta-la-bohemia-miguel-hidalgo-13200-ciudad-de-mexico-cdmx-miguel-hidalgo-df-30854301#pagina=37&tipos=casas-venta&area=ciudad-de-mexico&pos=4
Ciudad De Mexico,37,"$6,200,000
MXN","Venta de casa , Col. Portales Norte, Benito Juárez, DF / CDMX, México, C.P. 03303, ID: 29826226",3 Recámaras | 3 Baños | 147 m 2,https://propiedades.com/inmuebles/casa-en-venta-portales-norte-df-29826226#pagina=37&tipos=casas-venta&area=ciudad-de-mexico&pos=5
Ciudad De Mexico,37,"$13,600,000
MXN","Venta de casa en , Col. Del Valle Sur, Benito Juárez, DF / CDMX, México, C.P. 03104, ID: 28719159",3 Recámaras | 3 Baños | 298 m 2,https://propiedades.com/inmuebles/casa-en-venta-del-valle-sur-df-28719159#pagina=37&tipos=casas-venta&area=ciudad-de-mexico&pos=6
Ciudad De Mexico,37,"$3,100,000
MXN","Venta casa en Col. Culhuacán CTM Sección IX-A, Coyoacán, DF / CDMX, México, C.P. 04909, ID: 30393819",2 Recámaras | 1 Baño | 80 m 2,https://propiedades.com/inmuebles/casa-en-venta-culhuacan-ctm-seccion-ixa-df-30393819#pagina=37&tipos=casas-venta&area=ciudad-de-mexico&pos=7
Ciudad De Mexico,37,"$7,600,000
MXN","Casa en venta, Ojitlán 33, Cafetales, Cafetales II, Coyoacán, 04918 Ciudad de México, CDMX #33, Col. Cafetales, Coyoacán, DF / CDMX, México, C.P. 04918, ID: 30432170",4 Recámaras | 2 Baños | 279 m 2,https://propiedades.com/inmuebles/casa-en-venta-ojitlan-33-cafetales-cafetales-ii-coyoacan-04918-ciudad-de-mexico-cdmx-33-cafetales-df-30432170#pagina=37&tipos=casas-venta&area=ciudad-de-mexico&pos=8
Ciudad De Mexico,37,"$9,800,000
MXN","Se vende casa en Técnicos y manuales, Col. Lomas Estrella, Iztapalapa, DF / CDMX, México, C.P. 09890, ID: 30414042",250 m 2,https://propiedades.com/inmuebles/casa-en-venta-tecnicos-y-manuales-lomas-estrella-df-30414042#pagina=37&tipos=casas-venta&area=ciudad-de-mexico&pos=9
Ciudad De Mexico,37,"$3,868,220
MXN","Frontera 5, Roma Nte., Cuauhtémoc, 06700 Ciudad de México, CDMX #5Int. 405, Col. Roma Norte, Cuauhtémoc, DF / CDMX, México, C.P. 06700, ID: 30277987",2 Recámaras | 2 Baños | 101 m 2,https://propiedades.com/inmuebles/casa-en-venta-frontera-5-roma-nte-cuauhtemoc-06700-ciudad-de-mexico-cdmx-5-roma-norte-df-30277987#pagina=37&tipos=casas-venta&area=ciudad-de-mexico&pos=10
Ciudad De Mexico,37,"$11,500,000
MXN","Casa en venta, Cda. de Nueces 251, Hogar y Seguridad, Azcapotzalco, 02820 Ciudad de México, CDMX #251, Col. Nueva Santa Maria, Azcapotzalco, DF / CDMX, México, C.P. 02800, ID: 30411800",6 Recámaras | 6 Baños | 200 m 2,https://propiedades.com/inmuebles/casa-en-venta-cda-de-nueces-251-hogar-y-seguridad-azcapotzalco-02820-ciudad-de-mexico-cdmx-251-nueva-santa-maria-df-30411800#pagina=37&tipos=casas-venta&area=ciudad-de-mexico&pos=11
Ciudad De Mexico,37,"$3,000,000
USD",", Col. Bosques de las Lomas, Cuajimalpa de Morelos, DF / CDMX, México, C.P. 05120, ID: 28870155",3 Recámaras | 5 Baños | 608 m 2,https://propiedades.com/inmuebles/casa-en-venta-bosques-de-las-lomas-df-28870155#pagina=37&tipos=casas-venta&area=ciudad-de-mexico&pos=12
Ciudad De Mexico,37,"$28,000,000
MXN","Casa disponible en venta en Piedra #s/n, Col. Jardines del Pedregal, Álvaro Obregón, DF / CDMX, México, C.P. 01900, ID: 29952268",3 Recámaras | 3 Baños | 600 m 2,https://propiedades.com/inmuebles/casa-en-venta-piedra-sn-jardines-del-pedregal-df-29952268#pagina=37&tipos=casas-venta&area=ciudad-de-mexico&pos=13
Ciudad De Mexico,37,"$7,550,000
MXN","Se vende casa en Hacienda La Amazcala Coapa #97, Col. Floresta Coyoacán, Tlalpan, DF / CDMX, México, C.P. 14310, ID: 30724944",3 Recámaras | 3 Baños | 256 m 2,https://propiedades.com/inmuebles/casa-en-venta-hacienda-la-amazcala-coapa-97-floresta-coyoacan-df-30724944#pagina=37&tipos=casas-venta&area=ciudad-de-mexico&pos=14
Ciudad De Mexico,37,"$2,500,000
MXN","Venta de casa en Caporal Andador 13 #18Int. 3, Col. Residencial Villa Coapa, Tlalpan, DF / CDMX, México, C.P. 14390, ID: 30067485",3 Recámaras | 2 Baños | 77 m 2,https://propiedades.com/inmuebles/casa-en-venta-caporal-andador-13-18-residencial-villa-coapa-df-30067485#pagina=37&tipos=casas-venta&area=ciudad-de-mexico&pos=15
Ciudad De Mexico,37,"$4,200,000
MXN","Kilometro 7.5, Picacho-Ajusco, Chimilli, Tlalpan, 14749 Ciudad de México, CDMX, Col. Chimilli, Tlalpan, DF / CDMX, México, C.P. 14749, ID: 30427088",4 Recámaras | 1 Baño | 180 m 2,https://propiedades.com/inmuebles/casa-en-venta-kilometro-75-picachoajusco-chimilli-tlalpan-14749-ciudad-de-mexico-cdmx-chimilli-df-30427088#pagina=37&tipos=casas-venta&area=ciudad-de-mexico&pos=16
Ciudad De Mexico,37,"$10,000,000
MXN","Venta de casa en Álvaro Reséndiz , Col. Presidentes Ejidales 2a Sección, Coyoacán, DF / CDMX, México, C.P. 04470, ID: 29961878",5 Recámaras | 5 Baños | 300 m 2,https://propiedades.com/inmuebles/casa-en-venta-alvaro-resendiz-presidentes-ejidales-2a-seccion-df-29961878#pagina=37&tipos=casas-venta&area=ciudad-de-mexico&pos=17
Ciudad De Mexico,37,"$5,000,000
MXN","Se vende casa Av. Reforma, Año de Juárez, 09780 Ciudad de México, CDMX, Col. Año de Juárez, Iztapalapa, DF / CDMX, México, C.P. 09780, ID: 30774606",3 Recámaras | 2 Baños | 258 m 2,https://propiedades.com/inmuebles/casa-en-venta-av-reforma-ano-de-juarez-09780-ciudad-de-mexico-cdmx-ano-de-juarez-df-30774606#pagina=37&tipos=casas-venta&area=ciudad-de-mexico&pos=18
Ciudad De Mexico,37,"$6,950,000
MXN","Venta de casa Álamos, 03400 Ciudad de México, CDMX, Col. Álamos, Benito Juárez, DF / CDMX, México, C.P. 03400, ID: 30333795",5 Recámaras | 3 Baños | 330 m 2,https://propiedades.com/inmuebles/casa-en-venta-alamos-03400-ciudad-de-mexico-cdmx-alamos-df-30333795#pagina=37&tipos=casas-venta&area=ciudad-de-mexico&pos=19
Ciudad De Mexico,37,"$3,650,200
MXN","Se vende casa en Puerta Grande, 01630 Ciudad de México, CDMX #s/n, Col. Puerta Grande, Álvaro Obregón, DF / CDMX, México, C.P. 01630, ID: 30821795",3 Recámaras | 3 Baños | 112 m 2,https://propiedades.com/inmuebles/casa-en-venta-puerta-grande-01630-ciudad-de-mexico-cdmx-sn-puerta-grande-df-30821795#pagina=37&tipos=casas-venta&area=ciudad-de-mexico&pos=20
Ciudad De Mexico,37,"$640,000
MXN","Venta de casa Av Jardin #0, Col. Tlatilco, Azcapotzalco, DF / CDMX, México, C.P. 02860, ID: 29136907",3 Recámaras | 2 Baños | 149 m 2,
Ciudad De Mexico,37,"$3,980,000
MXN","Rosa #110, Col. San Lorenzo Xicotencatl, Iztapalapa, DF / CDMX, México, C.P. 09130, ID: 30087251",4 Recámaras | 2 Baños | 133 m 2,https://propiedades.com/inmuebles/casa-en-venta-rosa-110-san-lorenzo-xicotencatl-df-30087251#pagina=37&tipos=casas-venta&area=ciudad-de-mexico&pos=22
Ciudad De Mexico,37,"$18,000,000
MXN",", Col. Lomas de Vista Hermosa, Cuajimalpa de Morelos, DF / CDMX, México, C.P. 05100, ID: 29645727",3 Recámaras | 3 Baños | 461 m 2,https://propiedades.com/inmuebles/casa-en-venta-lomas-de-vista-hermosa-df-29645727#pagina=37&tipos=casas-venta&area=ciudad-de-mexico&pos=23
Ciudad De Mexico,37,"$7,300,000
MXN","Casa disponible en venta en Calle 10 #21, Col. San Pedro de los Pinos, Benito Juárez, DF / CDMX, México, C.P. 03800, ID: 27279333",4 Recámaras | 3 Baños | 221 m 2,https://propiedades.com/inmuebles/casa-en-venta-calle-10--21-san-pedro-de-los-pinos-df-27279333#pagina=37&tipos=casas-venta&area=ciudad-de-mexico&pos=24
Ciudad De Mexico,37,"$2,210,000
MXN","Venta de casa Estrella #00Int. 00, Col. Consejo Agrarista Mexicano, Iztapalapa, DF / CDMX, México, C.P. 09760, ID: 29915579",3 Recámaras | 2 Baños | 249 m 2,https://propiedades.com/inmuebles/casa-en-venta-estrella-00-consejo-agrarista-mexicano-df-29915579#pagina=37&tipos=casas-venta&area=ciudad-de-mexico&pos=25
Ciudad De Mexico,37,"$25,500,000
MXN","Venta de casa Paseo de Los Ahuehuetes Norte 1492 #1492, Col. Bosque de las Lomas, Miguel Hidalgo, DF / CDMX, México, C.P. 11700, ID: 29888127",4 Recámaras | 3 Baños | 740 m 2,https://propiedades.com/inmuebles/casa-en-venta-paseo-de-los-ahuehuetes-norte-1492-1492-bosque-de-las-lomas-df-29888127#pagina=37&tipos=casas-venta&area=ciudad-de-mexico&pos=26
Ciudad De Mexico,37,"$2,500,000
USD",", Col. Bosque de las Lomas, Miguel Hidalgo, DF / CDMX, México, C.P. 11700, ID: 29645721",3 Recámaras | 4 Baños | 1 m 2,https://propiedades.com/inmuebles/casa-en-venta-bosque-de-las-lomas-df-29645721#pagina=37&tipos=casas-venta&area=ciudad-de-mexico&pos=27
Ciudad De Mexico,37,"$10,320,000
MXN","Se vende casa Cerro de los remedios #4, Col. Campestre Churubusco, Coyoacán, DF / CDMX, México, C.P. 04200, ID: 29899607",3 Recámaras | 3 Baños | 299 m 2,https://propiedades.com/inmuebles/casa-en-venta-cerro-de-los-remedios-4-campestre-churubusco-df-29899607#pagina=37&tipos=casas-venta&area=ciudad-de-mexico&pos=28
Ciudad De Mexico,37,"$25,000,000
MXN","Casa disponible en venta en Riobamba, Ciudad de México, CDMX, Col. Lindavista Norte, Gustavo A. Madero, DF / CDMX, México, C.P. 07300, ID: 30351640",4 Recámaras | 3 Baños | 432 m 2,https://propiedades.com/inmuebles/casa-en-venta-riobamba-ciudad-de-mexico-cdmx-lindavista-norte-df-30351640#pagina=37&tipos=casas-venta&area=ciudad-de-mexico&pos=29
Ciudad De Mexico,37,"$7,590,000
MXN","Casa disponible en venta en Andres Molina Enriquez, Col. Militar Marte, Iztacalco, DF / CDMX, México, C.P. 08830, ID: 30494108",4 Recámaras | 3 Baños | 301 m 2,https://propiedades.com/inmuebles/casa-en-venta-andres-molina-enriquez-militar-marte-df-30494108#pagina=37&tipos=casas-venta&area=ciudad-de-mexico&pos=30
Ciudad De Mexico,37,"$11,958,800
MXN","Avenida San Bernabé 727 #727Int. 1, Col. San Jerónimo Lídice, La Magdalena Contreras, DF / CDMX, México, C.P. 10200, ID: 30186380",3 Recámaras | 4 Baños | 457 m 2,https://propiedades.com/inmuebles/casa-en-venta-avenida-san-bernabe-727-727-san-jeronimo-lidice-df-30186380#pagina=37&tipos=casas-venta&area=ciudad-de-mexico&pos=31
Ciudad De Mexico,37,"$8,000,000
MXN","Venta de casa en Gómez Palacio 167, Hipódromo Condesa, Cuauhtémoc, 06170 Ciudad de México, CDMX #167, Col. Hipódromo Condesa, Cuauhtémoc, DF / CDMX, México, C.P. 06170, ID: 30333685",7 Recámaras | 4 Baños | 250 m 2,https://propiedades.com/inmuebles/casa-en-venta-gomez-palacio-167-hipodromo-condesa-cuauhtemoc-06170-ciudad-de-mexico-cdmx-167-hipodromo-condesa-df-30333685#pagina=37&tipos=casas-venta&area=ciudad-de-mexico&pos=32
Ciudad De Mexico,37,"$10,500,000
MXN","Casa en venta, Retorno de Abadejos, Col. Puente Colorado, Álvaro Obregón, DF / CDMX, México, C.P. 01730, ID: 29484151",5 Recámaras | 4 Baños | 326 m 2,https://propiedades.com/inmuebles/casa-en-venta-retorno-de-abadejos-puente-colorado-df-29484151#pagina=37&tipos=casas-venta&area=ciudad-de-mexico&pos=33
Ciudad De Mexico,37,"$7,900,000
MXN","Playa Manzanillo, Col. Reforma Iztaccihuatl Sur, Iztacalco, DF / CDMX, México, C.P. 08840, ID: 30068436",4 Recámaras | 2 Baños | 160 m 2,https://propiedades.com/inmuebles/casa-en-venta-playa-manzanillo-reforma-iztaccihuatl-sur-df-30068436#pagina=37&tipos=casas-venta&area=ciudad-de-mexico&pos=34
Ciudad De Mexico,37,"$2,951,160
MXN","Venta de casa San Juan de Aragón #s/n, Col. San Juan de Aragón VI Sección, Gustavo A. Madero, DF / CDMX, México, C.P. 07918, ID: 30595041",2 Recámaras | 1 Baño | 251 m 2,https://propiedades.com/inmuebles/casa-en-venta-san-juan-de-aragon-sn-san-juan-de-aragon-vi-seccion-df-30595041#pagina=37&tipos=casas-venta&area=ciudad-de-mexico&pos=35
Ciudad De Mexico,37,"$2,400,000
MXN","Venta de casa en Segunda Cerrada de Capulin #MZ2, Col. San Miguel Topilejo, Tlalpan, DF / CDMX, México, C.P. 14500, ID: 29932648",4 Recámaras | 2 Baños | 200 m 2,https://propiedades.com/inmuebles/casa-en-venta-segunda-cerrada-de-capulin-mz2-san-miguel-topilejo-df-29932648#pagina=37&tipos=casas-venta&area=ciudad-de-mexico&pos=36
Ciudad De Mexico,37,"$2,900,000
MXN","Casa disponible en venta en C. Central, Pueblo de San Juan de Aragón, 07920 Ciudad de México, CDMX, Col. El Olivo, Gustavo A. Madero, DF / CDMX, México, C.P. 07920, ID: 30721716",3 Recámaras | 2 Baños | 90 m 2,https://propiedades.com/inmuebles/casa-en-venta-c-central-pueblo-de-san-juan-de-aragon-07920-ciudad-de-mexico-cdmx-el-olivo-df-30721716#pagina=37&tipos=casas-venta&area=ciudad-de-mexico&pos=37
Ciudad De Mexico,37,"$990,000
MXN","Venta de casa en Av. Clavería 113, Claveria, Azcapotzalco, 02080 Ciudad de México, CDMX #113, Col. Clavería, Azcapotzalco, DF / CDMX, México, C.P. 02080, ID: 30400393",4 Recámaras | 2 Baños | 360 m 2,https://propiedades.com/inmuebles/casa-en-venta-av-claveria-113-claveria-azcapotzalco-02080-ciudad-de-mexico-cdmx-113-claveria-df-30400393#pagina=37&tipos=casas-venta&area=ciudad-de-mexico&pos=38
Ciudad De Mexico,37,"$12,500,000
MXN","Venta de casa Heroes del 47 #67Int. 0, Col. San Mateo, Coyoacán, DF / CDMX, México, C.P. 04120, ID: 26479473",3 Recámaras | 1 Baño | 193 m 2,https://propiedades.com/inmuebles/casa-en-venta-heroes-del-47-67-san-mateo-df-26479473#pagina=37&tipos=casas-venta&area=ciudad-de-mexico&pos=39
Ciudad De Mexico,37,"$6,250,000
MXN","Se vende casa Playa Tecolutla 575, Reforma Iztaccihuatl Sur, Iztacalco, 08840 Ciudad de México, CDMX #575, Col. Reforma Iztaccihuatl Sur, Iztacalco, DF / CDMX, México, C.P. 08840, ID: 30605059",3 Recámaras | 3 Baños | 307 m 2,
Ciudad De Mexico,37,"$11,999,000
MXN","Avenida San Buenaventura, Col. Las Tórtolas, Tlalpan, DF / CDMX, México, C.P. 14609, ID: 30093738",4 Recámaras | 5 Baños | 305 m 2,https://propiedades.com/inmuebles/casa-en-venta-avenida-san-buenaventura-las-tortolas-df-30093738#pagina=37&tipos=casas-venta&area=ciudad-de-mexico&pos=41
Ciudad De Mexico,37,"$1,149,000
MXN","Venta de casa Cerrada Gabriel Mancera 46 #46, Col. Del Valle Norte, Benito Juárez, DF / CDMX, México, C.P. 03103, ID: 30072136",4 Recámaras | 3 Baños | 280 m 2,https://propiedades.com/inmuebles/casa-en-venta-cerrada-gabriel-mancera-46-46-del-valle-norte-df-30072136#pagina=37&tipos=casas-venta&area=ciudad-de-mexico&pos=42
Ciudad De Mexico,37,"$8,500,000
MXN","Venta de casa en Quetzalcoatl, Col. Peñón de los Baños, Venustiano Carranza, DF / CDMX, México, C.P. 15520, ID: 29820446",4 Recámaras | 1 Baño | 300 m 2,https://propiedades.com/inmuebles/casa-en-venta-quetzalcoatl-penon-de-los-banos-df-29820446#pagina=37&tipos=casas-venta&area=ciudad-de-mexico&pos=43
Ciudad De Mexico,37,"$9,500,000
MXN","Se vende casa C. 27, San Pedro de los Pinos, 03800 Ciudad de México, CDMX, Col. San Pedro de los Pinos, Benito Juárez, DF / CDMX, México, C.P. 03800, ID: 30545617",5 Baños | 459 m 2,https://propiedades.com/inmuebles/casa-en-venta-c-27-san-pedro-de-los-pinos-03800-ciudad-de-mexico-cdmx-san-pedro-de-los-pinos-df-30545617#pagina=37&tipos=casas-venta&area=ciudad-de-mexico&pos=44
Ciudad De Mexico,37,"$7,000,000
MXN","Casa disponible en venta en Matagalpa 1013, Residencial Zacatenco, Gustavo A. Madero, 07369 Ciudad de México, CDMX #1013, Col. Residencial Zacatenco, Gustavo A. Madero, DF / CDMX, México, C.P. 07369, ID: 30581130",4 Recámaras | 2 Baños | 299 m 2,https://propiedades.com/inmuebles/casa-en-venta-matagalpa-1013-residencial-zacatenco-gustavo-a-madero-07369-ciudad-de-mexico-cdmx-1013-residencial-zacatenco-df-30581130#pagina=37&tipos=casas-venta&area=ciudad-de-mexico&pos=45
Ciudad De Mexico,37,"$20,900,000
MXN","Casa disponible en venta en C. José María de Teresa, Campestre, Ciudad de México, CDMX, Col. San Angel, Álvaro Obregón, DF / CDMX, México, C.P. 01000, ID: 30703157",3 Recámaras | 2 Baños | 350 m 2,https://propiedades.com/inmuebles/casa-en-venta-c-jose-maria-de-teresa-campestre-ciudad-de-mexico-cdmx-san-angel-df-30703157#pagina=37&tipos=casas-venta&area=ciudad-de-mexico&pos=46
Ciudad De Mexico,37,"$7,400,000
MXN","Casa en venta, El Greco, Col. Mixcoac, Benito Juárez, DF / CDMX, México, C.P. 03910, ID: 29858850",2 Recámaras | 2 Baños | 175 m 2,https://propiedades.com/inmuebles/casa-en-venta-el-greco-mixcoac-df-29858850#pagina=37&tipos=casas-venta&area=ciudad-de-mexico&pos=47
Ciudad De Mexico,38,"$95,000,000
MXN","Se vende casa , Col. Jardines del Pedregal, Álvaro Obregón, DF / CDMX, México, C.P. 01900, ID: 28700650",4 Recámaras | 4 Baños | 1650 m 2,https://propiedades.com/inmuebles/casa-en-venta-jardines-del-pedregal-df-28700650#pagina=38&tipos=casas-venta&area=ciudad-de-mexico&pos=1
Ciudad De Mexico,38,"$719,000
MXN","Casa disponible en venta en Hacienda de La Condesa 33, Prados del Rosario, Azcapotzalco, 02410 Ciudad de México, CDMX #33, Col. Prados del Rosario, Azcapotzalco, DF / CDMX, México, C.P. 02410, ID: 30388011",3 Recámaras | 2 Baños | 171 m 2,https://propiedades.com/inmuebles/casa-en-venta-hacienda-de-la-condesa-33-prados-del-rosario-azcapotzalco-02410-ciudad-de-mexico-cdmx-33-prados-del-rosario-df-30388011#pagina=38&tipos=casas-venta&area=ciudad-de-mexico&pos=2
Ciudad De Mexico,38,"$3,800,000
MXN","Se vende casa Doctor Arce, Col. Doctores, Cuauhtémoc, DF / CDMX, México, C.P. 06720, ID: 29759996",5 Recámaras | 4 Baños | 230 m 2,https://propiedades.com/inmuebles/casa-en-venta-doctor-arce-doctores-df-29759996#pagina=38&tipos=casas-venta&area=ciudad-de-mexico&pos=3
Ciudad De Mexico,38,"$28,000,000
MXN","Casa en venta disponible en Sierra Vertientes #s/n, Col. Lomas de Chapultepec II Sección, Miguel Hidalgo, DF / CDMX, México, C.P. 11000, ID: 29886613",3 Recámaras | 2 Baños | 370 m 2,https://propiedades.com/inmuebles/casa-en-venta-sierra-vertientes-sn-lomas-de-chapultepec-ii-seccion-df-29886613#pagina=38&tipos=casas-venta&area=ciudad-de-mexico&pos=4
Ciudad De Mexico,38,"$680,000
MXN","Av Río Churubusco #263, Col. Prado Churubusco, Coyoacán, DF / CDMX, México, C.P. 04230, ID: 30230401",2 Recámaras | 1 Baño | 80 m 2,https://propiedades.com/inmuebles/casa-en-venta-av-rio-churubusco-263-prado-churubusco-df-30230401#pagina=38&tipos=casas-venta&area=ciudad-de-mexico&pos=5
Ciudad De Mexico,38,"$7,555,000
MXN","Se vende casa en Lago Argentina 12, Argentina Antigua, Miguel Hidalgo, 11270 Ciudad de México, CDMX #12, Col. Argentina Antigua, Miguel Hidalgo, DF / CDMX, México, C.P. 11270, ID: 30659779",4 Recámaras | 1 Baño | 224 m 2,https://propiedades.com/inmuebles/casa-en-venta-lago-argentina-12-argentina-antigua-miguel-hidalgo-11270-ciudad-de-mexico-cdmx-12-argentina-antigua-df-30659779#pagina=38&tipos=casas-venta&area=ciudad-de-mexico&pos=6
Ciudad De Mexico,38,"$6,000,000
MXN","Se vende casa en Avante, Ciudad de México, CDMX #15 , Col. Avante, Coyoacán, DF / CDMX, México, C.P. 04460, ID: 30844422",3 Recámaras | 1 Baño | 180 m 2,https://propiedades.com/inmuebles/casa-en-venta-avante-ciudad-de-mexico-cdmx-15-avante-df-30844422#pagina=38&tipos=casas-venta&area=ciudad-de-mexico&pos=7
Ciudad De Mexico,38,"$4,800,000
MXN","Casa en venta disponible en Av. de Las Torres 28, Miguel Hidalgo 2da Secc, Tlalpan, 14250 Ciudad de México, CDMX, Col. Miguel Hidalgo 2A Sección, Tlalpan, DF / CDMX, México, C.P. 14250, ID: 30545600",3 Recámaras | 2 Baños | 200 m 2,https://propiedades.com/inmuebles/casa-en-venta-av-de-las-torres-28-miguel-hidalgo-2da-secc-tlalpan-14250-ciudad-de-mexico-cdmx-miguel-hidalgo-2a-seccion-df-30545600#pagina=38&tipos=casas-venta&area=ciudad-de-mexico&pos=8
Ciudad De Mexico,38,"$4,500,000
MXN","escuela naval militar #s/n, Col. San Marcos, Xochimilco, DF / CDMX, México, C.P. 16050, ID: 29418368",3 Recámaras | 2 Baños | 100 m 2,https://propiedades.com/inmuebles/casa-en-venta-escuela-naval-militar-sn-san-marcos-df-29418368#pagina=38&tipos=casas-venta&area=ciudad-de-mexico&pos=9
Ciudad De Mexico,38,"$13,950,000
MXN","Venta de casa , Col. Olivar de los Padres, Álvaro Obregón, DF / CDMX, México, C.P. 01780, ID: 28590310",4 Recámaras | 2 Baños | 436 m 2,
Ciudad De Mexico,38,"$2,000,000
MXN","Humberto G Tamayo #19, Col. Chinampac de Juárez, Iztapalapa, DF / CDMX, México, C.P. 09208, ID: 26198866",4 Recámaras | 3 Baños | 121 m 2,https://propiedades.com/inmuebles/casa-en-venta-humberto-g-tamayo-19-chinampac-de-juarez-df-26198866#pagina=38&tipos=casas-venta&area=ciudad-de-mexico&pos=11
Ciudad De Mexico,38,"$6,750,000
MXN","Venta de casa Norte 172 #172, Col. Pensador Mexicano, Venustiano Carranza, DF / CDMX, México, C.P. 15510, ID: 29700664",5 Recámaras | 3 Baños | 308 m 2,https://propiedades.com/inmuebles/casa-en-venta-norte-172-172-pensador-mexicano-df-29700664#pagina=38&tipos=casas-venta&area=ciudad-de-mexico&pos=12
Ciudad De Mexico,38,"$10,111,000
MXN","Venta de casa en , Col. Ex Hacienda Coapa, Tlalpan, DF / CDMX, México, C.P. 14308, ID: 30192475",3 Recámaras | 2 Baños | 249 m 2,https://propiedades.com/inmuebles/casa-en-venta-ex-hacienda-coapa-df-30192475#pagina=38&tipos=casas-venta&area=ciudad-de-mexico&pos=13
Ciudad De Mexico,38,"$9,390,000
MXN","Se vende casa Callejón del Huerto 82 #82, Col. Chimalistac, Álvaro Obregón, DF / CDMX, México, C.P. 01070, ID: 29873577",3 Recámaras | 3 Baños | 210 m 2,https://propiedades.com/inmuebles/casa-en-venta-callejon-del-huerto-82-82-chimalistac-df-29873577#pagina=38&tipos=casas-venta&area=ciudad-de-mexico&pos=14
Ciudad De Mexico,38,"$4,180,000
MXN","Santos Degollado, Col. Liberales de 1857, Álvaro Obregón, DF / CDMX, México, C.P. 01110, ID: 30007261",4 Recámaras | 3 Baños | 213 m 2,https://propiedades.com/inmuebles/casa-en-venta-santos-degollado-liberales-de-1857-df-30007261#pagina=38&tipos=casas-venta&area=ciudad-de-mexico&pos=15
Ciudad De Mexico,38,"$7,623,000
MXN","Casa disponible en venta en , Col. Santa Úrsula Xitla, Tlalpan, DF / CDMX, México, C.P. 14420, ID: 29623418",3 Recámaras | 2 Baños | 205 m 2,
Ciudad De Mexico,38,"$40,000,000
MXN","Se vende casa en , Col. Lomas de Chapultepec VII Sección, Miguel Hidalgo, DF / CDMX, México, C.P. 11000, ID: 27643455",5 Recámaras | 2 Baños | 501 m 2,https://propiedades.com/inmuebles/casa-en-venta-lomas-de-chapultepec-vii-seccion-df-27643455#pagina=38&tipos=casas-venta&area=ciudad-de-mexico&pos=17
Ciudad De Mexico,38,"$11,445,000
MXN","Se vende casa , Col. Jardín Balbuena, Venustiano Carranza, DF / CDMX, México, C.P. 15900, ID: 29088088",4 Recámaras | 4 Baños,https://propiedades.com/inmuebles/casa-en-venta-jardin-balbuena-df-29088088#pagina=38&tipos=casas-venta&area=ciudad-de-mexico&pos=18
Ciudad De Mexico,38,"$10,728,476
MXN","Casa en venta, Flor de Agua 5, Florida, Benito Juárez, 01030 Ciudad de México, CDMX #5, Col. Florida, Álvaro Obregón, DF / CDMX, México, C.P. 01030, ID: 30237382",4 Recámaras | 2 Baños | 515 m 2,https://propiedades.com/inmuebles/casa-en-venta-flor-de-agua-5-florida-benito-juarez-01030-ciudad-de-mexico-cdmx-5-florida-df-30237382#pagina=38&tipos=casas-venta&area=ciudad-de-mexico&pos=19
Ciudad De Mexico,38,"$13,500,000
MXN","Casa disponible en venta en Uxmal 421, Narvarte Poniente, Benito Juárez, 03020 Ciudad de México, CDMX #421, Col. Narvarte Poniente, Benito Juárez, DF / CDMX, México, C.P. 03020, ID: 30327423",1 Recámara | 1 Baño | 482 m 2,https://propiedades.com/inmuebles/casa-en-venta-uxmal-421-narvarte-poniente-benito-juarez-03020-ciudad-de-mexico-cdmx-421-narvarte-poniente-df-30327423#pagina=38&tipos=casas-venta&area=ciudad-de-mexico&pos=20
Ciudad De Mexico,38,"$10,500,000
MXN","Calzada Guadalupe, Col. Prado Coapa 2A Sección, Tlalpan, DF / CDMX, México, C.P. 14357, ID: 30399069",3 Recámaras | 2 Baños | 240 m 2,https://propiedades.com/inmuebles/casa-en-venta-calzada-guadalupe-prado-coapa-2a-seccion-df-30399069#pagina=38&tipos=casas-venta&area=ciudad-de-mexico&pos=21
Ciudad De Mexico,38,"$15,800,000
MXN","Se vende casa en juan de dios Arias #78, Col. Vista Alegre, Cuauhtémoc, DF / CDMX, México, C.P. 06860, ID: 28789213",7 Recámaras | 2 Baños | 270 m 2,https://propiedades.com/inmuebles/casa-en-venta-juan-de-dios-arias-78-vista-alegre-df-28789213#pagina=38&tipos=casas-venta&area=ciudad-de-mexico&pos=22
Ciudad De Mexico,38,"$10,308,000
MXN","Cerrada Jacobo Dale Vuelta #7Int. 0, Col. Periodista, Benito Juárez, DF / CDMX, México, C.P. 03620, ID: 29925759",3 Recámaras | 3 Baños | 212 m 2,https://propiedades.com/inmuebles/casa-en-venta-cerrada-jacobo-dale-vuelta-7-periodista-df-29925759#pagina=38&tipos=casas-venta&area=ciudad-de-mexico&pos=23
Ciudad De Mexico,38,"$8,860,000
MXN","Venta de casa RAMIRIQUI #1002, Col. Lindavista Norte, Gustavo A. Madero, DF / CDMX, México, C.P. 07300, ID: 28096203",4 Recámaras | 4 Baños | 320 m 2,https://propiedades.com/inmuebles/casa-en-venta-ramiriqui-1002-lindavista-norte-df-28096203#pagina=38&tipos=casas-venta&area=ciudad-de-mexico&pos=24
Ciudad De Mexico,38,"$1,200,000
MXN","VENTA DE CASA EN CALLE ALBERTO TERRONEZ IZTAPALAPA CDMX, Col. Constitución de 1917, Iztapalapa, DF / CDMX, México, C.P. 09260, ID: 30642374",3 Recámaras | 2 Baños | 200 m 2,https://propiedades.com/inmuebles/casa-en-venta-venta-de-casa-en-calle-alberto-terronez-iztapalapa-cdmx-constitucion-de-1917-df-30642374#pagina=38&tipos=casas-venta&area=ciudad-de-mexico&pos=25
Ciudad De Mexico,38,"$5,700,000
MXN","Oriente 229A #123, Col. Agrícola Oriental, Iztacalco, DF / CDMX, México, C.P. 08500, ID: 29166324",9 Recámaras | 6 Baños | 410 m 2,https://propiedades.com/inmuebles/casa-en-venta-oriente-229a-123-agricola-oriental-df-29166324#pagina=38&tipos=casas-venta&area=ciudad-de-mexico&pos=26
Ciudad De Mexico,38,"$5,500,000
MXN","Venta de casa en Arquitectos 56, El Sifón, Iztapalapa, 09400 Ciudad de México, CDMX #s/n, Col. La Viga, Iztapalapa, DF / CDMX, México, C.P. 09400, ID: 30400591",3 Recámaras | 3 Baños | 237 m 2,https://propiedades.com/inmuebles/casa-en-venta-arquitectos-56-el-sifon-iztapalapa-09400-ciudad-de-mexico-cdmx-sn-la-viga-df-30400591#pagina=38&tipos=casas-venta&area=ciudad-de-mexico&pos=27
Ciudad De Mexico,38,"$700,000
MXN","Se vende casa Av. Paseo del Bosque 106, Taxqueña, Coyoacán, 04280 Ciudad de México, CDMX #106, Col. Taxqueña, Coyoacán, DF / CDMX, México, C.P. 04280, ID: 30400421",4 Recámaras | 2 Baños | 299 m 2,https://propiedades.com/inmuebles/casa-en-venta-av-paseo-del-bosque-106-taxquena-coyoacan-04280-ciudad-de-mexico-cdmx-106-taxquena-df-30400421#pagina=38&tipos=casas-venta&area=ciudad-de-mexico&pos=28
Ciudad De Mexico,38,"$9,100,000
MXN","Se vende casa en Patricio Sanz 937 #937, Col. Insurgentes San Borja, Benito Juárez, DF / CDMX, México, C.P. 03100, ID: 29488612",3 Recámaras | 3 Baños | 160 m 2,https://propiedades.com/inmuebles/casa-en-venta-patricio-sanz-937-937-insurgentes-san-borja-df-29488612#pagina=38&tipos=casas-venta&area=ciudad-de-mexico&pos=29
Ciudad De Mexico,38,"$5,310,000
MXN","Se vende casa en Pomuch, Col. Lomas de Padierna, Tlalpan, DF / CDMX, México, C.P. 14240, ID: 30115340",5 Recámaras | 4 Baños | 237 m 2,https://propiedades.com/inmuebles/casa-en-venta-pomuch-lomas-de-padierna-df-30115340#pagina=38&tipos=casas-venta&area=ciudad-de-mexico&pos=30
Ciudad De Mexico,38,"$7,500,000
MXN","Casa en venta, Miguel Aleman, Zona Urbana Ejidal Santa María Aztahuacan, 09570 Ciudad de México, CDMX #s/n, Col. Santa María Aztahuacán, Iztapalapa, DF / CDMX, México, C.P. 09570, ID: 30305077",3 Recámaras | 2 Baños | 873 m 2,https://propiedades.com/inmuebles/casa-en-venta-miguel-aleman-zona-urbana-ejidal-santa-maria-aztahuacan-09570-ciudad-de-mexico-cdmx-sn-santa-maria-aztahuacan-df-30305077#pagina=38&tipos=casas-venta&area=ciudad-de-mexico&pos=31
Ciudad De Mexico,38,"$63,000,000
MXN","Casa en venta disponible en Encantada #10, Col. Del Carmen, Coyoacán, DF / CDMX, México, C.P. 04100, ID: 29313616",9 Recámaras | 6 Baños | 984 m 2,https://propiedades.com/inmuebles/casa-en-venta-encantada-10-del-carmen-df-29313616#pagina=38&tipos=casas-venta&area=ciudad-de-mexico&pos=32
Ciudad De Mexico,38,"$2,950,000
MXN","Calz. Tlahuac - Tulyehualco 8041C, Los Reyes, Tláhuac, 13080 Ciudad de México, CDMX #8041C, Col. Los Reyes, Tláhuac, DF / CDMX, México, C.P. 13080, ID: 30589389",4 Recámaras | 4 Baños | 450 m 2,https://propiedades.com/inmuebles/casa-en-venta-calz-tlahuac-tulyehualco-8041c-los-reyes-tlahuac-13080-ciudad-de-mexico-cdmx-8041c-los-reyes-df-30589389#pagina=38&tipos=casas-venta&area=ciudad-de-mexico&pos=33
Ciudad De Mexico,38,"$4,890,000
MXN","Venta casa en Liras #115, Col. Moctezuma 2a Sección, Venustiano Carranza, DF / CDMX, México, C.P. 15530, ID: 30152922",6 Recámaras | 3 Baños | 286 m 2,https://propiedades.com/inmuebles/casa-en-venta-liras-115-moctezuma-2a-seccion-df-30152922#pagina=38&tipos=casas-venta&area=ciudad-de-mexico&pos=34
Ciudad De Mexico,38,"$2,520,602
MXN","Venta casa en Avenida 499 #133Int. -, Col. San Juan de Aragón VII Sección, Gustavo A. Madero, DF / CDMX, México, C.P. 07910, ID: 30637785",3 Recámaras | 2 Baños | 212 m 2,https://propiedades.com/inmuebles/casa-en-venta-avenida-499-133-san-juan-de-aragon-vii-seccion-df-30637785#pagina=38&tipos=casas-venta&area=ciudad-de-mexico&pos=35
Ciudad De Mexico,38,"$6,000,000
MXN","JAMES COOK #46, Col. Lomas de Capula, Álvaro Obregón, DF / CDMX, México, C.P. 01270, ID: 19477108",6 Recámaras | 5 Baños | 290 m 2,https://propiedades.com/inmuebles/casa-en-venta-james-cook-46-lomas-de-capula-df-19477108#pagina=38&tipos=casas-venta&area=ciudad-de-mexico&pos=36
Ciudad De Mexico,38,"$12,000,000
MXN","Casa en venta, , Col. Del Valle Sur, Benito Juárez, DF / CDMX, México, C.P. 03104, ID: 28789956",4 Recámaras | 3 Baños | 265 m 2,https://propiedades.com/inmuebles/casa-en-venta-del-valle-sur-df-28789956#pagina=38&tipos=casas-venta&area=ciudad-de-mexico&pos=37
Ciudad De Mexico,38,"$31,000,000
MXN","Venta de casa en Fernandez Leal, Col. Barrio La Concepción, Coyoacán, DF / CDMX, México, C.P. 04020, ID: 29725263",4 Recámaras | 4 Baños | 477 m 2,https://propiedades.com/inmuebles/casa-en-venta-fernandez-leal-barrio-la-concepcion-df-29725263#pagina=38&tipos=casas-venta&area=ciudad-de-mexico&pos=38
Ciudad De Mexico,38,"$12,750,000
MXN","Casa disponible en venta en Cto. Fuentes del Pedregal, Fuentes del Pedregal, 14140 Ciudad de México, CDMX, Col. Fuentes del Pedregal, Tlalpan, DF / CDMX, México, C.P. 14140, ID: 30467369",4 Recámaras | 3 Baños | 498 m 2,https://propiedades.com/inmuebles/casa-en-venta-cto-fuentes-del-pedregal-fuentes-del-pedregal-14140-ciudad-de-mexico-cdmx-fuentes-del-pedregal-df-30467369#pagina=38&tipos=casas-venta&area=ciudad-de-mexico&pos=39
Ciudad De Mexico,38,"$600,000
MXN","Se vende casa SAN JUAN DE ARAGON #631, Col. Ex Ejido San Juan de Aragón Sector 33, Gustavo A. Madero, DF / CDMX, México, C.P. 07940, ID: 30105808",3 Recámaras | 2 Baños | 150 m 2,https://propiedades.com/inmuebles/casa-en-venta-san-juan-de-aragon-631-ex-ejido-san-juan-de-aragon-sector-33-df-30105808#pagina=38&tipos=casas-venta&area=ciudad-de-mexico&pos=40
Ciudad De Mexico,38,"$8,995,000
MXN","Se vende casa en Tepeyac Insurgentes, Ciudad de México, CDMX, Col. Tepeyac Insurgentes, Gustavo A. Madero, DF / CDMX, México, C.P. 07020, ID: 30346822",3 Recámaras | 3 Baños | 310 m 2,https://propiedades.com/inmuebles/casa-en-venta-tepeyac-insurgentes-ciudad-de-mexico-cdmx-tepeyac-insurgentes-df-30346822#pagina=38&tipos=casas-venta&area=ciudad-de-mexico&pos=41
Ciudad De Mexico,38,"$810,000
MXN","Se vende casa en Beta 50, Romero de Terreros, Coyoacán, 04310 Ciudad de México, CDMX #50, Col. Monte de Piedad, Coyoacán, DF / CDMX, México, C.P. 04310, ID: 30406277",4 Recámaras | 2 Baños | 390 m 2,https://propiedades.com/inmuebles/casa-en-venta-beta-50-romero-de-terreros-coyoacan-04310-ciudad-de-mexico-cdmx-50-monte-de-piedad-df-30406277#pagina=38&tipos=casas-venta&area=ciudad-de-mexico&pos=42
Ciudad De Mexico,38,"$3,826,765
MXN","Se vende casa en Portales Nte #s/n, Col. Portales Norte, Benito Juárez, DF / CDMX, México, C.P. 03303, ID: 30594978",3 Recámaras | 2 Baños | 181 m 2,https://propiedades.com/inmuebles/casa-en-venta-portales-nte-sn-portales-norte-df-30594978#pagina=38&tipos=casas-venta&area=ciudad-de-mexico&pos=43
Ciudad De Mexico,38,"$2,850,000
MXN","Santa Cruz Xochitepec #s/n, Col. Santa Cruz Xochitepec, Xochimilco, DF / CDMX, México, C.P. 16100, ID: 30595022",3 Recámaras | 2 Baños | 191 m 2,https://propiedades.com/inmuebles/casa-en-venta-santa-cruz-xochitepec-sn-santa-cruz-xochitepec-df-30595022#pagina=38&tipos=casas-venta&area=ciudad-de-mexico&pos=44
Ciudad De Mexico,38,"$7,500,000
MXN","Se vende casa en Cerrada del Pozo, Col. Ocotillos del Pueblo Tetelpan, Álvaro Obregón, DF / CDMX, México, C.P. 01700, ID: 30519418",4 Recámaras | 4 Baños | 207 m 2,https://propiedades.com/inmuebles/casa-en-venta-cerrada-del-pozo-ocotillos-del-pueblo-tetelpan-df-30519418#pagina=38&tipos=casas-venta&area=ciudad-de-mexico&pos=45
Ciudad De Mexico,38,"$7,000,000
MXN","San Ángel Inn, 01060 Ciudad de México, CDMX, Col. San Angel Inn, Álvaro Obregón, DF / CDMX, México, C.P. 01060, ID: 30840177",3 Recámaras | 3 Baños | 126 m 2,https://propiedades.com/inmuebles/casa-en-venta-san-angel-inn-01060-ciudad-de-mexico-cdmx-san-angel-inn-df-30840177#pagina=38&tipos=casas-venta&area=ciudad-de-mexico&pos=46
Ciudad De Mexico,38,"$6,300,000
MXN","Alhelíes 66, Rincón del Mirador I, Tlalpan, 14748 Ciudad de México, CDMX #66, Col. Mirador I, Tlalpan, DF / CDMX, México, C.P. 14748, ID: 30844091",3 Recámaras | 3 Baños | 300 m 2,https://propiedades.com/inmuebles/casa-en-venta-alhelies-66-rincon-del-mirador-i-tlalpan-14748-ciudad-de-mexico-cdmx-66-mirador-i-df-30844091#pagina=38&tipos=casas-venta&area=ciudad-de-mexico&pos=47
Ciudad De Mexico,39,"$6,700,000
MXN","Casa en venta, Hacienda de Corlomé 18 #18, Col. Floresta Coyoacán, Tlalpan, DF / CDMX, México, C.P. 14310, ID: 29759974",3 Recámaras | 2 Baños | 196 m 2,https://propiedades.com/inmuebles/casa-en-venta-hacienda-de-corlome-18-18-floresta-coyoacan-df-29759974#pagina=39&tipos=casas-venta&area=ciudad-de-mexico&pos=1
Ciudad De Mexico,39,"$7,900,000
MXN","Casa en venta, , Col. Narvarte Poniente, Benito Juárez, DF / CDMX, México, C.P. 03020, ID: 30097292",3 Recámaras | 1 Baño | 249 m 2,https://propiedades.com/inmuebles/casa-en-venta-narvarte-poniente-df-30097292#pagina=39&tipos=casas-venta&area=ciudad-de-mexico&pos=2
Ciudad De Mexico,39,"$7,287,068
MXN","Hacienda Mazatepec 104 #104, Col. Granjas Coapa, Tlalpan, DF / CDMX, México, C.P. 14330, ID: 28817729",5 Recámaras | 4 Baños | 207 m 2,https://propiedades.com/inmuebles/casa-en-venta-hacienda-mazatepec-104-104-granjas-coapa-df-28817729#pagina=39&tipos=casas-venta&area=ciudad-de-mexico&pos=3
Ciudad De Mexico,39,"$5,900,000
MXN","Casa disponible en venta en Tekax, Lomas de Padierna, Ciudad de México, CDMX, Col. Lomas de Padierna, Tlalpan, DF / CDMX, México, C.P. 14240, ID: 30237710",3 Recámaras | 2 Baños | 230 m 2,https://propiedades.com/inmuebles/casa-en-venta-tekax-lomas-de-padierna-ciudad-de-mexico-cdmx-lomas-de-padierna-df-30237710#pagina=39&tipos=casas-venta&area=ciudad-de-mexico&pos=4
Ciudad De Mexico,39,"$95,000,000
MXN","Casa en venta, Jardines del Pedregal, 01900 Ciudad de México, CDMX, Col. Jardines del Pedregal, Álvaro Obregón, DF / CDMX, México, C.P. 01900, ID: 30317896",9 Recámaras | 8 Baños | 1200 m 2,https://propiedades.com/inmuebles/casa-en-venta-jardines-del-pedregal-01900-ciudad-de-mexico-cdmx-jardines-del-pedregal-df-30317896#pagina=39&tipos=casas-venta&area=ciudad-de-mexico&pos=5
Ciudad De Mexico,39,"$6,000,000
MXN","Casa en venta disponible en Priv. de Las Flores 108, Los Reyes, 04330 Ciudad de México, CDMX #108, Col. Los Reyes, Coyoacán, DF / CDMX, México, C.P. 04330, ID: 30426891",4 Recámaras | 2 Baños | 167 m 2,https://propiedades.com/inmuebles/casa-en-venta-priv-de-las-flores-108-los-reyes-04330-ciudad-de-mexico-cdmx-108-los-reyes-df-30426891#pagina=39&tipos=casas-venta&area=ciudad-de-mexico&pos=6
Ciudad De Mexico,39,"$1,075,110
MXN","Venta de casa Felix U Gomez 119 #119, Col. Sears Roebuck, Álvaro Obregón, DF / CDMX, México, C.P. 01120, ID: 27637840",4 Recámaras | 3 Baños | 254 m 2,https://propiedades.com/inmuebles/casa-en-venta-felix-u-gomez-119-119-sears-roebuck-df-27637840#pagina=39&tipos=casas-venta&area=ciudad-de-mexico&pos=7
Ciudad De Mexico,39,"$695,000
MXN","Venta de casa C. 1 Eusebio García 45, U.H. Vicente Guerrero, Iztapalapa, 09200 Ciudad de México, CDMX #45, Col. Unidad Vicente Guerrero, Iztapalapa, DF / CDMX, México, C.P. 09200, ID: 30362571",2 Recámaras | 1 Baño | 36 m 2,https://propiedades.com/inmuebles/casa-en-venta-c-1-eusebio-garcia-45-uh-vicente-guerrero-iztapalapa-09200-ciudad-de-mexico-cdmx-45-unidad-vicente-guerrero-df-30362571#pagina=39&tipos=casas-venta&area=ciudad-de-mexico&pos=8
Ciudad De Mexico,39,"$27,500,000
MXN","Venta de casa , Col. Delegación Política Álvaro Obregón, Álvaro Obregón, DF / CDMX, México, C.P. 01159, ID: 29407205",4 Recámaras | 504 m 2,https://propiedades.com/inmuebles/casa-en-venta-delegacion-politica-alvaro-obregon-df-29407205#pagina=39&tipos=casas-venta&area=ciudad-de-mexico&pos=9
Ciudad De Mexico,39,"$47,000,000
MXN","Venta casa en , Col. Lomas de Vista Hermosa, Cuajimalpa de Morelos, DF / CDMX, México, C.P. 05100, ID: 29645729",2 Recámaras | 3 Baños | 850 m 2,https://propiedades.com/inmuebles/casa-en-venta-lomas-de-vista-hermosa-df-29645729#pagina=39&tipos=casas-venta&area=ciudad-de-mexico&pos=10
Ciudad De Mexico,39,"$560,000
MXN","Venta de casa C. Cosechas 235, Valle del Sur, Iztapalapa, 09819 Ciudad de México, CDMX #235, Col. Valle del Sur, Iztapalapa, DF / CDMX, México, C.P. 09819, ID: 30352041",2 Recámaras | 1 Baño | 66 m 2,https://propiedades.com/inmuebles/casa-en-venta-c-cosechas-235-valle-del-sur-iztapalapa-09819-ciudad-de-mexico-cdmx-235-valle-del-sur-df-30352041#pagina=39&tipos=casas-venta&area=ciudad-de-mexico&pos=11
Ciudad De Mexico,39,"$7,900,000
MXN","Venta de casa en Playa Hornos 314, Reforma Iztaccihuatl Nte., Iztacalco, 08810 Ciudad de México, CDMX #314, Col. Reforma Iztaccihuatl Norte, Iztacalco, DF / CDMX, México, C.P. 08810, ID: 30642494",5 Recámaras | 3 Baños | 250 m 2,https://propiedades.com/inmuebles/casa-en-venta-playa-hornos-314-reforma-iztaccihuatl-nte-iztacalco-08810-ciudad-de-mexico-cdmx-314-reforma-iztaccihuatl-norte-df-30642494#pagina=39&tipos=casas-venta&area=ciudad-de-mexico&pos=12
Ciudad De Mexico,39,"$870,000
MXN","Venta de casa Boldo 130, Hogar y Seguridad, Azcapotzalco, 02800 Ciudad de México, CDMX #130, Col. Nueva Santa Maria, Azcapotzalco, DF / CDMX, México, C.P. 02800, ID: 30400520",3 Recámaras | 2 Baños | 224 m 2,https://propiedades.com/inmuebles/casa-en-venta-boldo-130-hogar-y-seguridad-azcapotzalco-02800-ciudad-de-mexico-cdmx-130-nueva-santa-maria-df-30400520#pagina=39&tipos=casas-venta&area=ciudad-de-mexico&pos=13
Ciudad De Mexico,39,"$14,500,000
MXN","Venta de casa en La Joya, Tlalpan, 14630 Ciudad de México, CDMX, Col. La Joya, Tlalpan, DF / CDMX, México, C.P. 14090, ID: 30408015",3 Recámaras | 3 Baños | 300 m 2,https://propiedades.com/inmuebles/casa-en-venta-la-joya-tlalpan-14630-ciudad-de-mexico-cdmx-la-joya-df-30408015#pagina=39&tipos=casas-venta&area=ciudad-de-mexico&pos=14
Ciudad De Mexico,39,"$4,970,000
MXN","Casa en venta disponible en , Col. Lomas de Bezares, Miguel Hidalgo, DF / CDMX, México, C.P. 11910, ID: 28669970",3 Recámaras | 2 Baños | 130 m 2,https://propiedades.com/inmuebles/casa-en-venta-lomas-de-bezares-df-28669970#pagina=39&tipos=casas-venta&area=ciudad-de-mexico&pos=15
Ciudad De Mexico,39,"$89,998,000
MXN","Venta de casa en , Col. Bosques de las Lomas, Cuajimalpa de Morelos, DF / CDMX, México, C.P. 05120, ID: 29645628",3 Recámaras | 5 Baños | 1075 m 2,https://propiedades.com/inmuebles/casa-en-venta-bosques-de-las-lomas-df-29645628#pagina=39&tipos=casas-venta&area=ciudad-de-mexico&pos=16
Ciudad De Mexico,39,"$979,000
MXN","Casa en venta, Moguer, Cerro de la Estrella, 09860 Ciudad de México, CDMX #s/n, Col. Cerro de La Estrella, Iztapalapa, DF / CDMX, México, C.P. 09860, ID: 30533867",4 Recámaras | 3 Baños | 230 m 2,https://propiedades.com/inmuebles/casa-en-venta-moguer-cerro-de-la-estrella-09860-ciudad-de-mexico-cdmx-sn-cerro-de-la-estrella-df-30533867#pagina=39&tipos=casas-venta&area=ciudad-de-mexico&pos=17
Ciudad De Mexico,39,"$10,800,000
MXN","Venta de casa en clavel, Col. San Jerónimo Lídice, La Magdalena Contreras, DF / CDMX, México, C.P. 10200, ID: 28045093",3 Recámaras | 3 Baños | 195 m 2,https://propiedades.com/inmuebles/casa-en-venta-clavel-san-jeronimo-lidice-df-28045093#pagina=39&tipos=casas-venta&area=ciudad-de-mexico&pos=18
Ciudad De Mexico,39,"$3,400,000
MXN","Río Colorado #83, Col. Real del Moral, Iztapalapa, DF / CDMX, México, C.P. 09010, ID: 30031268",2 Recámaras | 1 Baño,https://propiedades.com/inmuebles/casa-en-venta-rio-colorado-83-real-del-moral-df-30031268#pagina=39&tipos=casas-venta&area=ciudad-de-mexico&pos=19
Ciudad De Mexico,39,"$8,200,000
MXN","Lombardia #30, Col. Olivar de los Padres, Álvaro Obregón, DF / CDMX, México, C.P. 01780, ID: 29291774",3 Recámaras | 3 Baños | 368 m 2,https://propiedades.com/inmuebles/casa-en-venta-lombardia-30-olivar-de-los-padres-df-29291774#pagina=39&tipos=casas-venta&area=ciudad-de-mexico&pos=20
Ciudad De Mexico,39,"$2,750,000
MXN","Casa en venta disponible en Cda. Encinos, Ahuehuetes, Ciudad de México, CDMX #s/n, Col. Ahuehuetes, Gustavo A. Madero, DF / CDMX, México, C.P. 07189, ID: 30663860",4 Recámaras | 3 Baños | 143 m 2,https://propiedades.com/inmuebles/casa-en-venta-cda-encinos-ahuehuetes-ciudad-de-mexico-cdmx-sn-ahuehuetes-df-30663860#pagina=39&tipos=casas-venta&area=ciudad-de-mexico&pos=21
Ciudad De Mexico,39,"$77,750,000
MXN",", Col. Bosques de las Lomas, Cuajimalpa de Morelos, DF / CDMX, México, C.P. 05120, ID: 29645635",3 Recámaras | 5 Baños | 1075 m 2,https://propiedades.com/inmuebles/casa-en-venta-bosques-de-las-lomas-df-29645635#pagina=39&tipos=casas-venta&area=ciudad-de-mexico&pos=22
Ciudad De Mexico,39,"$42,000,000
MXN","Venta de casa en Serranía, Jardines del Pedregal de San Ángel, 04500 Ciudad de México, CDMX #s/n, Col. Jardines del Pedregal de San Ángel, Coyoacán, DF / CDMX, México, C.P. 04500, ID: 30616117",4 Recámaras | 4 Baños | 800 m 2,https://propiedades.com/inmuebles/casa-en-venta-serrania-jardines-del-pedregal-de-san-angel-04500-ciudad-de-mexico-cdmx-sn-jardines-del-pedregal-de-san-angel-df-30616117#pagina=39&tipos=casas-venta&area=ciudad-de-mexico&pos=23
Ciudad De Mexico,39,"$3,200,000
MXN","calle 5 #367Int. A, Col. Agrícola Pantitlan, Iztacalco, DF / CDMX, México, C.P. 08100, ID: 30245963",4 Recámaras | 3 Baños | 120 m 2,https://propiedades.com/inmuebles/casa-en-venta-calle-5-367-agricola-pantitlan-df-30245963#pagina=39&tipos=casas-venta&area=ciudad-de-mexico&pos=24
Ciudad De Mexico,39,"$16,500,000
MXN","Casa disponible en venta en Río Pánuco, Col. Cuauhtémoc, Cuauhtémoc, DF / CDMX, México, C.P. 06500, ID: 30105844",5 Recámaras | 3 Baños | 258 m 2,https://propiedades.com/inmuebles/casa-en-venta-rio-panuco-cuauhtemoc-df-30105844#pagina=39&tipos=casas-venta&area=ciudad-de-mexico&pos=25
Ciudad De Mexico,39,"$5,500,000
MXN","Casa en venta, Calle del Portal 26 #26, Col. Jardines del Sur, Xochimilco, DF / CDMX, México, C.P. 16050, ID: 29700625",3 Recámaras | 3 Baños | 200 m 2,https://propiedades.com/inmuebles/casa-en-venta-calle-del-portal-26-26-jardines-del-sur-df-29700625#pagina=39&tipos=casas-venta&area=ciudad-de-mexico&pos=26
Ciudad De Mexico,39,"$1,511,136
MXN","Se vende casa Prol. de I. Zaragoza 171, Romero de Terreros, Coyoacán, 04310 Ciudad de México, CDMX #s/n, Col. Monte de Piedad, Coyoacán, DF / CDMX, México, C.P. 04310, ID: 30602061",3 Recámaras | 2 Baños | 130 m 2,https://propiedades.com/inmuebles/casa-en-venta-prol-de-i-zaragoza-171-romero-de-terreros-coyoacan-04310-ciudad-de-mexico-cdmx-sn-monte-de-piedad-df-30602061#pagina=39&tipos=casas-venta&area=ciudad-de-mexico&pos=27
Ciudad De Mexico,39,"$590,000,000
MXN","Casa disponible en venta en Moctezuma 2da Sección #s/n, Col. Moctezuma 2a Sección, Venustiano Carranza, DF / CDMX, México, C.P. 15530, ID: 30619110",3 Recámaras | 2 Baños | 120 m 2,https://propiedades.com/inmuebles/casa-en-venta-moctezuma-2da-seccion-sn-moctezuma-2a-seccion-df-30619110#pagina=39&tipos=casas-venta&area=ciudad-de-mexico&pos=28
Ciudad De Mexico,39,"$29,900,000
MXN","Venta de casa en PEDREGAL DE SAN FRANCISCOInt. 1, Col. Pedregal de San Francisco, Coyoacán, DF / CDMX, México, C.P. 04320, ID: 28821376",3 Recámaras | 3 Baños | 600 m 2,https://propiedades.com/inmuebles/casa-en-venta-pedregal-de-san-francisco-pedregal-de-san-francisco-df-28821376#pagina=39&tipos=casas-venta&area=ciudad-de-mexico&pos=29
Ciudad De Mexico,39,"$4,100,000
MXN","Campo Huichapo 5, Santo Domingo, Azcapotzalco, 02160 Ciudad de México, CDMX #5, Col. Santo Domingo, Azcapotzalco, DF / CDMX, México, C.P. 02160, ID: 30548266",4 Recámaras | 2 Baños | 221 m 2,https://propiedades.com/inmuebles/casa-en-venta-campo-huichapo-5-santo-domingo-azcapotzalco-02160-ciudad-de-mexico-cdmx-5-santo-domingo-df-30548266#pagina=39&tipos=casas-venta&area=ciudad-de-mexico&pos=30
Ciudad De Mexico,39,"$8,690,000
MXN","Venta casa en Ocotepec, Col. San Jerónimo Lídice, La Magdalena Contreras, DF / CDMX, México, C.P. 10200, ID: 30206090",3 Recámaras | 3 Baños | 317 m 2,https://propiedades.com/inmuebles/casa-en-venta-ocotepec-san-jeronimo-lidice-df-30206090#pagina=39&tipos=casas-venta&area=ciudad-de-mexico&pos=31
Ciudad De Mexico,39,"$11,000,000
MXN","Se vende casa en Miguel Ocaranza #133, Col. Merced Gómez, Álvaro Obregón, DF / CDMX, México, C.P. 01600, ID: 26203996",2 Recámaras | 1 Baño | 243 m 2,https://propiedades.com/inmuebles/casa-en-venta-miguel-ocaranza-133-merced-gomez-df-26203996#pagina=39&tipos=casas-venta&area=ciudad-de-mexico&pos=32
Ciudad De Mexico,39,"$5,245,000
MXN","Venta de casa , Col. Santa Úrsula Xitla, Tlalpan, DF / CDMX, México, C.P. 14420, ID: 30166408",3 Recámaras | 3 Baños | 210 m 2,https://propiedades.com/inmuebles/casa-en-venta-santa-ursula-xitla-df-30166408#pagina=39&tipos=casas-venta&area=ciudad-de-mexico&pos=33
Ciudad De Mexico,39,"$6,500,000
MXN","Hacienda Mayorazgo, Hacienda del Rosario, Ex el Rosario, 02420 Ciudad de México, CDMX, Col. Francisco Villa, Azcapotzalco, DF / CDMX, México, C.P. 02420, ID: 30844419",3 Recámaras | 2 Baños | 190 m 2,https://propiedades.com/inmuebles/casa-en-venta-hacienda-mayorazgo-hacienda-del-rosario-ex-el-rosario-02420-ciudad-de-mexico-cdmx-francisco-villa-df-30844419#pagina=39&tipos=casas-venta&area=ciudad-de-mexico&pos=34
Ciudad De Mexico,39,"$12,000,000
MXN","Casa disponible en venta en Del Río, Toriello Guerra, Ciudad de México, CDMX #s/n, Col. Toriello Guerra, Tlalpan, DF / CDMX, México, C.P. 14050, ID: 30705691",4 Recámaras | 3 Baños | 446 m 2,https://propiedades.com/inmuebles/casa-en-venta-del-rio-toriello-guerra-ciudad-de-mexico-cdmx-sn-toriello-guerra-df-30705691#pagina=39&tipos=casas-venta&area=ciudad-de-mexico&pos=35
Ciudad De Mexico,39,"$7,700,000
MXN","Venta de casa en Playa Tecolutla, Col. Reforma Iztaccihuatl Sur, Iztacalco, DF / CDMX, México, C.P. 08840, ID: 29483055",4 Recámaras | 5 Baños | 260 m 2,https://propiedades.com/inmuebles/casa-en-venta-playa-tecolutla-reforma-iztaccihuatl-sur-df-29483055#pagina=39&tipos=casas-venta&area=ciudad-de-mexico&pos=36
Ciudad De Mexico,39,"$25,000,000
MXN","Casa disponible en venta en circuito de los parques, Col. El Parque de Coyoacán, Coyoacán, DF / CDMX, México, C.P. 04899, ID: 15557437",3 Recámaras | 5 Baños | 450 m 2,https://propiedades.com/inmuebles/casa-en-venta-circuito-de-los-parques-el-parque-de-coyoacan-df-15557437#pagina=39&tipos=casas-venta&area=ciudad-de-mexico&pos=37
Ciudad De Mexico,39,"$4,990,000
USD",", Col. Bosques de las Lomas, Cuajimalpa de Morelos, DF / CDMX, México, C.P. 05120, ID: 28858166",5 Recámaras | 5 Baños | 1400 m 2,https://propiedades.com/inmuebles/casa-en-venta-bosques-de-las-lomas-df-28858166#pagina=39&tipos=casas-venta&area=ciudad-de-mexico&pos=38
Ciudad De Mexico,39,"$12,150,000
MXN","Venta de casa Calle Huatabampo #26, Col. Roma Sur, Cuauhtémoc, DF / CDMX, México, C.P. 06760, ID: 27576664",1 Recámara | 1 Baño | 294 m 2,https://propiedades.com/inmuebles/casa-en-venta-calle-huatabampo-26-roma-sur-df-27576664#pagina=39&tipos=casas-venta&area=ciudad-de-mexico&pos=39
Ciudad De Mexico,39,"$18,999,000
MXN","Venta de casa cerro del hombre, Col. Romero de Terreros, Coyoacán, DF / CDMX, México, C.P. 04310, ID: 25833965",4 Recámaras | 2 Baños | 320 m 2,https://propiedades.com/inmuebles/casa-en-venta-cerro-del-hombre-romero-de-terreros-df-25833965#pagina=39&tipos=casas-venta&area=ciudad-de-mexico&pos=40
Ciudad De Mexico,39,"$33,000,000
MXN","Aristóteles , Col. Polanco IV Sección, Miguel Hidalgo, DF / CDMX, México, C.P. 11550, ID: 29544248",5 Recámaras | 4 Baños | 429 m 2,https://propiedades.com/inmuebles/casa-en-venta-aristoteles-polanco-iv-seccion-df-29544248#pagina=39&tipos=casas-venta&area=ciudad-de-mexico&pos=41
Ciudad De Mexico,39,"$4,050,000
MXN","Venta de casa Av Centenario, Lomas de Tarango, Ciudad de México, CDMX, Col. Lomas de Tarango, Álvaro Obregón, DF / CDMX, México, C.P. 01620, ID: 30427066",3 Recámaras | 1 Baño | 86 m 2,https://propiedades.com/inmuebles/casa-en-venta-av-centenario-lomas-de-tarango-ciudad-de-mexico-cdmx-lomas-de-tarango-df-30427066#pagina=39&tipos=casas-venta&area=ciudad-de-mexico&pos=42
Ciudad De Mexico,39,"$4,970,000
MXN","Casa en venta, , Col. Lomas de Bezares, Miguel Hidalgo, DF / CDMX, México, C.P. 11910, ID: 29645602",3 Recámaras | 2 Baños | 130 m 2,https://propiedades.com/inmuebles/casa-en-venta-lomas-de-bezares-df-29645602#pagina=39&tipos=casas-venta&area=ciudad-de-mexico&pos=43
Ciudad De Mexico,39,"$13,443,076
MXN","San Pedro de los Pinos #s/n, Col. San Pedro de los Pinos, Benito Juárez, DF / CDMX, México, C.P. 03800, ID: 30615443",1 Recámara | 1 Baño | 29 m 2,https://propiedades.com/inmuebles/casa-en-venta-san-pedro-de-los-pinos-sn-san-pedro-de-los-pinos-df-30615443#pagina=39&tipos=casas-venta&area=ciudad-de-mexico&pos=44
Ciudad De Mexico,39,"$1,980,000
MXN","Venta de casa en Cerrada de la felicidad #285, Col. San Miguel Ajusco, Tlalpan, DF / CDMX, México, C.P. 14700, ID: 30220409",2 Recámaras | 1 Baño | 135 m 2,https://propiedades.com/inmuebles/casa-en-venta-cerrada-de-la-felicidad-285-san-miguel-ajusco-df-30220409#pagina=39&tipos=casas-venta&area=ciudad-de-mexico&pos=45
Ciudad De Mexico,39,"$2,950,000
MXN","XOCHITEPANGO #69Int. 6, Col. Tenorios, Iztapalapa, DF / CDMX, México, C.P. 09680, ID: 29925784",3 Recámaras | 1 Baño | 168 m 2,https://propiedades.com/inmuebles/casa-en-venta-xochitepango-69-tenorios-df-29925784#pagina=39&tipos=casas-venta&area=ciudad-de-mexico&pos=46
Ciudad De Mexico,39,"$7,500,000
MXN","Se vende casa ALFREDO BONFIL #s/nInt. 0, Col. Presidentes Ejidales 2a Sección, Coyoacán, DF / CDMX, México, C.P. 04470, ID: 29094225",3 Recámaras | 3 Baños | 185 m 2,https://propiedades.com/inmuebles/casa-en-venta-alfredo-bonfil-sn-presidentes-ejidales-2a-seccion-df-29094225#pagina=39&tipos=casas-venta&area=ciudad-de-mexico&pos=47
Ciudad De Mexico,40,"$18,000,000
MXN","Col. Roma Norte, Cuauhtémoc, DF / CDMX, México, C.P. 06700, ID: 28639818",7 Recámaras | 385 m 2,https://propiedades.com/inmuebles/casa-en-venta-roma-norte-df-28639818#pagina=40&tipos=casas-venta&area=ciudad-de-mexico&pos=1
Ciudad De Mexico,40,"$13,800,000
MXN","Privada Cuauhtemoc #239, Col. Santa María Tepepan, Xochimilco, DF / CDMX, México, C.P. 16020, ID: 28190661",4 Recámaras | 5 Baños | 509 m 2,https://propiedades.com/inmuebles/casa-en-venta-privada-cuauhtemoc-239-santa-maria-tepepan-df-28190661#pagina=40&tipos=casas-venta&area=ciudad-de-mexico&pos=2
Ciudad De Mexico,40,"$7,481,000
MXN",", Col. Cuajimalpa, Cuajimalpa de Morelos, DF / CDMX, México, C.P. 05000, ID: 29669078",4 Recámaras | 3 Baños | 250 m 2,
Ciudad De Mexico,40,"$6,660,000
MXN","Venta casa en Cosmopolita, 02670 Ciudad de México, CDMX, MéxicoInt. 352, Col. Cosmopolita, Azcapotzalco, DF / CDMX, México, C.P. 02670, ID: 30563866",7 Recámaras | 2 Baños | 259 m 2,https://propiedades.com/inmuebles/casa-en-venta-cosmopolita-02670-ciudad-de-mexico-cdmx-mexico-cosmopolita-df-30563866#pagina=40&tipos=casas-venta&area=ciudad-de-mexico&pos=4
Ciudad De Mexico,40,"$5,605,000
MXN","Venta de casa Calle Oriente 176, Col. Moctezuma 2a Sección, Venustiano Carranza, DF / CDMX, México, C.P. 15530, ID: 29483940",4 Recámaras | 3 Baños | 431 m 2,https://propiedades.com/inmuebles/casa-en-venta-calle-oriente-176-moctezuma-2a-seccion-df-29483940#pagina=40&tipos=casas-venta&area=ciudad-de-mexico&pos=5
Ciudad De Mexico,40,"$3,200,000
MXN","Casa disponible en venta en Av 606 #s/n, Col. Tepeyac Insurgentes, Gustavo A. Madero, DF / CDMX, México, C.P. 07020, ID: 29483945",3 Recámaras | 3 Baños | 192 m 2,https://propiedades.com/inmuebles/casa-en-venta-av-606-sn-tepeyac-insurgentes-df-29483945#pagina=40&tipos=casas-venta&area=ciudad-de-mexico&pos=6
Ciudad De Mexico,40,"$6,700,000
MXN","Venta casa en Pedregal de Sta Úrsula, 04600 Ciudad de México, CDMX, Col. Pedregal de Santa Ursula, Coyoacán, DF / CDMX, México, C.P. 04600, ID: 30784602",8 Recámaras | 3 Baños | 305 m 2,https://propiedades.com/inmuebles/casa-en-venta-pedregal-de-sta-ursula-04600-ciudad-de-mexico-cdmx-pedregal-de-santa-ursula-df-30784602#pagina=40&tipos=casas-venta&area=ciudad-de-mexico&pos=7
Ciudad De Mexico,40,"$9,500,000
MXN","Se vende casa Av. Luis Cabrera, San Jerónimo Lídice, Ciudad de México, CDMX, Col. San Jerónimo Lídice, La Magdalena Contreras, DF / CDMX, México, C.P. 10200, ID: 30426901",3 Recámaras | 3 Baños | 161 m 2,https://propiedades.com/inmuebles/casa-en-venta-av-luis-cabrera-san-jeronimo-lidice-ciudad-de-mexico-cdmx-san-jeronimo-lidice-df-30426901#pagina=40&tipos=casas-venta&area=ciudad-de-mexico&pos=8
Ciudad De Mexico,40,"$2,999,000
MXN","Casa disponible en venta en Álamos, 03400 Ciudad de México, CDMXInt. 6, Col. San Luis Tlaxialtemalco, Xochimilco, DF / CDMX, México, C.P. 16610, ID: 30359776",5 Recámaras | 3 Baños | 196 m 2,https://propiedades.com/inmuebles/casa-en-venta-alamos-03400-ciudad-de-mexico-cdmx-san-luis-tlaxialtemalco-df-30359776#pagina=40&tipos=casas-venta&area=ciudad-de-mexico&pos=9
Ciudad De Mexico,40,"$18,999,999
MXN","Venta de casa en lomas de Vistahermosa #236, Col. Lomas de Vista Hermosa, Cuajimalpa de Morelos, DF / CDMX, México, C.P. 05100, ID: 29851218",4 Recámaras | 4 Baños | 410 m 2,https://propiedades.com/inmuebles/casa-en-venta-lomas-de-vistahermosa-236-lomas-de-vista-hermosa-df-29851218#pagina=40&tipos=casas-venta&area=ciudad-de-mexico&pos=10
Ciudad De Mexico,40,"$49,998,000
MXN","Se vende casa , Col. Bosques de las Lomas, Cuajimalpa de Morelos, DF / CDMX, México, C.P. 05120, ID: 29645638",4 Recámaras | 6 Baños | 820 m 2,https://propiedades.com/inmuebles/casa-en-venta-bosques-de-las-lomas-df-29645638#pagina=40&tipos=casas-venta&area=ciudad-de-mexico&pos=11
Ciudad De Mexico,40,"$4,900,000
MXN","Casa en venta disponible en José Nava #46Int. 46, Col. Ampliación Santa Catarina, Tláhuac, DF / CDMX, México, C.P. 13120, ID: 30186204",3 Recámaras | 2 Baños | 214 m 2,https://propiedades.com/inmuebles/casa-en-venta-jose-nava-46-ampliacion-santa-catarina-df-30186204#pagina=40&tipos=casas-venta&area=ciudad-de-mexico&pos=12
Ciudad De Mexico,40,"$6,900,000
MXN","Casa en venta, Tajín 196 #196, Col. Unidad Narvarte IMSS, Benito Juárez, DF / CDMX, México, C.P. 03023, ID: 29493363",2 Recámaras | 1 Baño | 106 m 2,https://propiedades.com/inmuebles/casa-en-venta-tajin-196-196-unidad-narvarte-imss-df-29493363#pagina=40&tipos=casas-venta&area=ciudad-de-mexico&pos=13
Ciudad De Mexico,40,"$6,950,000
MXN","Venta de casa en 1a Cda Camino al Mirador, Col. San Lucas Xochimanca, Xochimilco, DF / CDMX, México, C.P. 16300, ID: 24855960",4 Recámaras | 3 Baños | 490 m 2,https://propiedades.com/inmuebles/casa-en-venta-1a-cda-camino-al-mirador-san-lucas-xochimanca-df-24855960#pagina=40&tipos=casas-venta&area=ciudad-de-mexico&pos=14
Ciudad De Mexico,40,"$6,000,000
MXN","Venta de casa , Col. San Pedro El Chico, Gustavo A. Madero, DF / CDMX, México, C.P. 07480, ID: 29575166",4 Recámaras | 2 Baños | 274 m 2,https://propiedades.com/inmuebles/casa-en-venta-san-pedro-el-chico-df-29575166#pagina=40&tipos=casas-venta&area=ciudad-de-mexico&pos=15
Ciudad De Mexico,40,"$5,093,000
MXN","Venta de casa Cda. de Geólogos 3, El Triunfo, Iztapalapa, 09430 Ciudad de México, CDMX #3, Col. El Triunfo, Iztapalapa, DF / CDMX, México, C.P. 09430, ID: 30324923",2 Recámaras | 1 Baño | 479 m 2,https://propiedades.com/inmuebles/casa-en-venta-cda-de-geologos-3-el-triunfo-iztapalapa-09430-ciudad-de-mexico-cdmx-3-el-triunfo-df-30324923#pagina=40&tipos=casas-venta&area=ciudad-de-mexico&pos=16
Ciudad De Mexico,40,"$20,000,000
MXN","Se vende casa Bosques de las Lomas, Ciudad de México, CDMX, Col. Bosques de las Lomas, Cuajimalpa de Morelos, DF / CDMX, México, C.P. 05120, ID: 30619039",4 Recámaras | 4 Baños | 420 m 2,https://propiedades.com/inmuebles/casa-en-venta-bosques-de-las-lomas-ciudad-de-mexico-cdmx-bosques-de-las-lomas-df-30619039#pagina=40&tipos=casas-venta&area=ciudad-de-mexico&pos=17
Ciudad De Mexico,40,"$7,401,858
MXN","Se vende casa El Greco 48 #48, Col. Mixcoac, Benito Juárez, DF / CDMX, México, C.P. 03910, ID: 29766051",3 Recámaras | 2 Baños | 170 m 2,https://propiedades.com/inmuebles/casa-en-venta-el-greco-48-48-mixcoac-df-29766051#pagina=40&tipos=casas-venta&area=ciudad-de-mexico&pos=18
Ciudad De Mexico,40,"$550,000,000
MXN","Venta de casa Casas Alemán #s/n, Col. Ampliación Casas Alemán, Gustavo A. Madero, DF / CDMX, México, C.P. 07580, ID: 30615478",3 Recámaras | 2 Baños | 70 m 2,https://propiedades.com/inmuebles/casa-en-venta-casas-aleman-sn-ampliacion-casas-aleman-df-30615478#pagina=40&tipos=casas-venta&area=ciudad-de-mexico&pos=19
Ciudad De Mexico,40,"$17,500,000
MXN","Cuautla 102, Colonia Condesa, Cuauhtémoc, 06140 Ciudad de México, CDMX #102, Col. Condesa, Cuauhtémoc, DF / CDMX, México, C.P. 06140, ID: 30464745",5 Recámaras | 3 Baños | 216 m 2,
Ciudad De Mexico,40,"$24,000,000
MXN","Casa en venta, Hermenegildo Galeana #00, Col. Altavista, Álvaro Obregón, DF / CDMX, México, C.P. 01060, ID: 30435795",3 Recámaras | 3 Baños | 566 m 2,https://propiedades.com/inmuebles/casa-en-venta-hermenegildo-galeana-00-altavista-df-30435795#pagina=40&tipos=casas-venta&area=ciudad-de-mexico&pos=21
Ciudad De Mexico,40,"$17,400,000
MXN","Cerrada de la Iliada 6 #6, Col. Lomas Axomiatla, Álvaro Obregón, DF / CDMX, México, C.P. 01820, ID: 29456668",3 Recámaras | 3 Baños | 430 m 2,https://propiedades.com/inmuebles/casa-en-venta-cerrada-de-la-iliada-6-6-lomas-axomiatla-df-29456668#pagina=40&tipos=casas-venta&area=ciudad-de-mexico&pos=22
Ciudad De Mexico,40,"$7,854,000
MXN","Casa en venta disponible en Colina del Sur #s/n, Col. Colina del Sur, Álvaro Obregón, DF / CDMX, México, C.P. 01430, ID: 30594847",3 Recámaras | 2 Baños | 359 m 2,https://propiedades.com/inmuebles/casa-en-venta-colina-del-sur-sn-colina-del-sur-df-30594847#pagina=40&tipos=casas-venta&area=ciudad-de-mexico&pos=23
Ciudad De Mexico,40,"$6,490,000
MXN","Venta de casa en C. San Mateo 53, San Mateo, Azcapotzalco, 02490 Ciudad de México, CDMX #53, Col. San Mateo, Azcapotzalco, DF / CDMX, México, C.P. 02490, ID: 30589252",6 Recámaras | 5 Baños | 300 m 2,https://propiedades.com/inmuebles/casa-en-venta-c-san-mateo-53-san-mateo-azcapotzalco-02490-ciudad-de-mexico-cdmx-53-san-mateo-df-30589252#pagina=40&tipos=casas-venta&area=ciudad-de-mexico&pos=24
Ciudad De Mexico,40,"$9,000,000
MXN","Se vende casa en Celestun #427, Col. Héroes de Padierna, Tlalpan, DF / CDMX, México, C.P. 14200, ID: 29166354",3 Recámaras | 2 Baños | 398 m 2,https://propiedades.com/inmuebles/casa-en-venta-celestun-427-heroes-de-padierna-df-29166354#pagina=40&tipos=casas-venta&area=ciudad-de-mexico&pos=25
Ciudad De Mexico,40,"$16,500,000
MXN","Venta de casa Avenida Paseo del Río, Col. Fortín de Chimalistac, Coyoacán, DF / CDMX, México, C.P. 04319, ID: 29464619",3 Recámaras | 5 Baños | 360 m 2,https://propiedades.com/inmuebles/casa-en-venta-avenida-paseo-del-rio-fortin-de-chimalistac-df-29464619#pagina=40&tipos=casas-venta&area=ciudad-de-mexico&pos=26
Ciudad De Mexico,40,"$41,000,000
MXN","Se vende casa en , Col. Lomas de Chapultepec IV Sección, Miguel Hidalgo, DF / CDMX, México, C.P. 11000, ID: 28669959",3 Recámaras | 3 Baños | 513 m 2,https://propiedades.com/inmuebles/casa-en-venta-lomas-de-chapultepec-iv-seccion-df-28669959#pagina=40&tipos=casas-venta&area=ciudad-de-mexico&pos=27
Ciudad De Mexico,40,"$7,100,000
MXN","Venta de casa en RIO CHURUBUSCO #s/n, Col. Paseos de Churubusco, Iztapalapa, DF / CDMX, México, C.P. 09030, ID: 30490228",3 Recámaras | 1 Baño | 140 m 2,https://propiedades.com/inmuebles/casa-en-venta-rio-churubusco-sn-paseos-de-churubusco-df-30490228#pagina=40&tipos=casas-venta&area=ciudad-de-mexico&pos=28
Ciudad De Mexico,40,"$5,500,000
MXN","Venta casa en Col. Ampliación Daniel Garza, Miguel Hidalgo, DF / CDMX, México, C.P. 11840, ID: 28577974",4 Recámaras | 2 Baños | 185 m 2,https://propiedades.com/inmuebles/casa-en-venta-ampliacion-daniel-garza-df-28577974#pagina=40&tipos=casas-venta&area=ciudad-de-mexico&pos=29
Ciudad De Mexico,40,"$2,350,000
MXN","Se vende casa Fernando Casas Alemán #s/n, Col. Fernando Casas Alemán, Gustavo A. Madero, DF / CDMX, México, C.P. 07960, ID: 30595130",3 Recámaras | 2 Baños | 95 m 2,https://propiedades.com/inmuebles/casa-en-venta-fernando-casas-aleman-sn-fernando-casas-aleman-df-30595130#pagina=40&tipos=casas-venta&area=ciudad-de-mexico&pos=30
Ciudad De Mexico,40,"$20,900,000
MXN","C. José María de Teresa, San Ángel, Ciudad de México, CDMX #s/n, Col. San Angel, Álvaro Obregón, DF / CDMX, México, C.P. 01000, ID: 30416958",3 Recámaras | 2 Baños | 350 m 2,https://propiedades.com/inmuebles/casa-en-venta-c-jose-maria-de-teresa-san-angel-ciudad-de-mexico-cdmx-sn-san-angel-df-30416958#pagina=40&tipos=casas-venta&area=ciudad-de-mexico&pos=31
Ciudad De Mexico,40,"$12,000,000
MXN","Casa en venta, cerra tlapexco #2, Col. Santo Tomas Ajusco, Tlalpan, DF / CDMX, México, C.P. 14710, ID: 29925758",3 Recámaras | 3 Baños | 800 m 2,https://propiedades.com/inmuebles/casa-en-venta-cerra-tlapexco-2-santo-tomas-ajusco-df-29925758#pagina=40&tipos=casas-venta&area=ciudad-de-mexico&pos=32
Ciudad De Mexico,40,"$5,490,000
MXN","Se vende casa en Reforma Iztaccihuatl Nte., 08810 Ciudad de México, CDMX #100, Col. Reforma Iztaccihuatl Norte, Iztacalco, DF / CDMX, México, C.P. 08810, ID: 30489987",2 Recámaras | 1 Baño | 100 m 2,https://propiedades.com/inmuebles/casa-en-venta-reforma-iztaccihuatl-nte-08810-ciudad-de-mexico-cdmx-100-reforma-iztaccihuatl-norte-df-30489987#pagina=40&tipos=casas-venta&area=ciudad-de-mexico&pos=33
Ciudad De Mexico,40,"$5,290,000
MXN","Venta casa en Ejido, Nueva Atzacoalco, Ciudad de México, CDMX, Col. Nueva Atzacoalco, Gustavo A. Madero, DF / CDMX, México, C.P. 07420, ID: 30680465",6 Recámaras | 6 Baños | 390 m 2,https://propiedades.com/inmuebles/casa-en-venta-ejido-nueva-atzacoalco-ciudad-de-mexico-cdmx-nueva-atzacoalco-df-30680465#pagina=40&tipos=casas-venta&area=ciudad-de-mexico&pos=34
Ciudad De Mexico,40,"$6,200,000
MXN","Venta de casa Avenida Toluca, Col. Olivar de los Padres, Álvaro Obregón, DF / CDMX, México, C.P. 01780, ID: 29733393",3 Recámaras | 2 Baños | 202 m 2,https://propiedades.com/inmuebles/casa-en-venta-avenida-toluca-olivar-de-los-padres-df-29733393#pagina=40&tipos=casas-venta&area=ciudad-de-mexico&pos=35
Ciudad De Mexico,40,"$33,000,000
MXN","Casa en venta disponible en Villa Verdun #WHI270586, Col. Villa Verdún, Álvaro Obregón, DF / CDMX, México, C.P. 01810, ID: 20532017",3 Recámaras | 3 Baños | 600 m 2,https://propiedades.com/inmuebles/casa-en-venta-villa-verdun-whi270586-villa-verdun-df-20532017#pagina=40&tipos=casas-venta&area=ciudad-de-mexico&pos=36
Ciudad De Mexico,40,"$3,450,729
MXN","Se vende casa en Saratoga 909, Portales Nte, Benito Juárez, 03300 Ciudad de México, CDMX #909, Col. Portales Sur, Benito Juárez, DF / CDMX, México, C.P. 03300, ID: 30602636",5 Recámaras | 3 Baños | 50 m 2,https://propiedades.com/inmuebles/casa-en-venta-saratoga-909-portales-nte-benito-juarez-03300-ciudad-de-mexico-cdmx-909-portales-sur-df-30602636#pagina=40&tipos=casas-venta&area=ciudad-de-mexico&pos=37
Ciudad De Mexico,40,"$11,000,000
MXN","Coatepec, Roma Sur, 06760 Ciudad de México, CDMX #s/n, Col. Roma Sur, Cuauhtémoc, DF / CDMX, México, C.P. 06760, ID: 30448336",4 Recámaras | 3 Baños | 150 m 2,https://propiedades.com/inmuebles/casa-en-venta-coatepec-roma-sur-06760-ciudad-de-mexico-cdmx-sn-roma-sur-df-30448336#pagina=40&tipos=casas-venta&area=ciudad-de-mexico&pos=38
Ciudad De Mexico,40,"$5,599,999
MXN","Casa en venta disponible en Vitrales, Rinconada del Sur, Ciudad de México, CDMX #s/n, Col. Rinconada del Sur, Xochimilco, DF / CDMX, México, C.P. 16059, ID: 30693935",4 Recámaras | 3 Baños | 200 m 2,https://propiedades.com/inmuebles/casa-en-venta-vitrales-rinconada-del-sur-ciudad-de-mexico-cdmx-sn-rinconada-del-sur-df-30693935#pagina=40&tipos=casas-venta&area=ciudad-de-mexico&pos=39
Ciudad De Mexico,40,"$4,950,000
MXN","Venta de casa en PROSPERIDAD #183, Col. Agrícola Pantitlan, Iztacalco, DF / CDMX, México, C.P. 08100, ID: 29743051",9 Recámaras | 8 Baños | 350 m 2,https://propiedades.com/inmuebles/casa-en-venta-prosperidad-183-agricola-pantitlan-df-29743051#pagina=40&tipos=casas-venta&area=ciudad-de-mexico&pos=40
Ciudad De Mexico,40,"$4,374,400
MXN","Casa en venta disponible en Granjas México #s/n, Col. Granjas México, Iztacalco, DF / CDMX, México, C.P. 08400, ID: 30595160",2 Recámaras | 2 Baños | 170 m 2,https://propiedades.com/inmuebles/casa-en-venta-granjas-mexico-sn-granjas-mexico-df-30595160#pagina=40&tipos=casas-venta&area=ciudad-de-mexico&pos=41
Ciudad De Mexico,40,"$2,999,000
MXN","Se vende casa en Xochimilco, CDMX, Col. San Luis Tlaxialtemalco, Xochimilco, DF / CDMX, México, C.P. 16610, ID: 30235814",5 Recámaras | 2 Baños | 196 m 2,https://propiedades.com/inmuebles/casa-en-venta-xochimilco-cdmx-san-luis-tlaxialtemalco-df-30235814#pagina=40&tipos=casas-venta&area=ciudad-de-mexico&pos=42
Ciudad De Mexico,40,"$4,950,000
MXN","Venta de casa Prosperidad, Col. Agrícola Pantitlan, Iztacalco, DF / CDMX, México, C.P. 08100, ID: 29840553",9 Recámaras | 7 Baños | 180 m 2,https://propiedades.com/inmuebles/casa-en-venta-prosperidad-agricola-pantitlan-df-29840553#pagina=40&tipos=casas-venta&area=ciudad-de-mexico&pos=43
Ciudad De Mexico,40,"$610,000,000
MXN","Casa disponible en venta en Jardín Balbuena #s/n, Col. Jardín Balbuena, Venustiano Carranza, DF / CDMX, México, C.P. 15900, ID: 30619093",3 Recámaras | 2 Baños | 221 m 2,https://propiedades.com/inmuebles/casa-en-venta-jardin-balbuena-sn-jardin-balbuena-df-30619093#pagina=40&tipos=casas-venta&area=ciudad-de-mexico&pos=44
Ciudad De Mexico,40,"$3,790,000
MXN","1er. Andador Aztecas #s/n, Col. El Rosario, Azcapotzalco, DF / CDMX, México, C.P. 02100, ID: 29873760",3 Recámaras | 1 Baño | 220 m 2,https://propiedades.com/inmuebles/casa-en-venta-1er-andador-aztecas-sn-el-rosario-df-29873760#pagina=40&tipos=casas-venta&area=ciudad-de-mexico&pos=45
Ciudad De Mexico,40,"$3,600,000
MXN","Venta casa en Vicente Suárez Hank González, Iztapalapa, 09700 Ciudad de México, CDMX, Col. Carlos Hank Gonzalez, Iztapalapa, DF / CDMX, México, C.P. 09700, ID: 30507472",3 Recámaras | 2 Baños | 100 m 2,https://propiedades.com/inmuebles/casa-en-venta-vicente-suarez-hank-gonzalez-iztapalapa-09700-ciudad-de-mexico-cdmx-carlos-hank-gonzalez-df-30507472#pagina=40&tipos=casas-venta&area=ciudad-de-mexico&pos=46
Ciudad De Mexico,40,"$8,000,000
MXN","Venta de casa en Ignacio Allende #133, Col. Clavería, Azcapotzalco, DF / CDMX, México, C.P. 02080, ID: 30049468",8 Recámaras | 2 Baños | 370 m 2,https://propiedades.com/inmuebles/casa-en-venta-ignacio-allende-133-claveria-df-30049468#pagina=40&tipos=casas-venta&area=ciudad-de-mexico&pos=47
Ciudad De Mexico,41,"$4,800,000
MXN","Cerrada Nicolás Bravo, Col. San Juan Tepepan, Xochimilco, DF / CDMX, México, C.P. 16020, ID: 29409527",3 Recámaras | 2 Baños | 140 m 2,https://propiedades.com/inmuebles/casa-en-venta-cerrada-nicolas-bravo-san-juan-tepepan-df-29409527#pagina=41&tipos=casas-venta&area=ciudad-de-mexico&pos=1
Ciudad De Mexico,41,"$13,500,000
MXN","Se vende casa en Cuitatan, Col. Toriello Guerra, Tlalpan, DF / CDMX, México, C.P. 14050, ID: 27422553",4 Recámaras | 2 Baños | 290 m 2,https://propiedades.com/inmuebles/casa-en-venta-cuitatan-toriello-guerra-df-27422553#pagina=41&tipos=casas-venta&area=ciudad-de-mexico&pos=2
Ciudad De Mexico,41,"$4,300,000
MXN","Cerámica 138 #138, Col. 20 de Noviembre, Venustiano Carranza, DF / CDMX, México, C.P. 15300, ID: 28906324",4 Recámaras | 3 Baños | 190 m 2,https://propiedades.com/inmuebles/casa-en-venta-ceramica-138-138-20-de-noviembre-df-28906324#pagina=41&tipos=casas-venta&area=ciudad-de-mexico&pos=3
Ciudad De Mexico,41,"$26,000,000
MXN","Bosque de pinos , Col. Bosque de las Lomas, Miguel Hidalgo, DF / CDMX, México, C.P. 11700, ID: 29512823",4 Recámaras | 4 Baños | 392 m 2,https://propiedades.com/inmuebles/casa-en-venta-bosque-de-pinos-bosque-de-las-lomas-df-29512823#pagina=41&tipos=casas-venta&area=ciudad-de-mexico&pos=4
Ciudad De Mexico,41,"$2,500,000
MXN","Venta de casa De Caoba #s/n, Col. Tlacoyaque, Álvaro Obregón, DF / CDMX, México, C.P. 01859, ID: 29537911",3 Recámaras | 3 Baños | 145 m 2,https://propiedades.com/inmuebles/casa-en-venta-de-caoba-sn-tlacoyaque-df-29537911#pagina=41&tipos=casas-venta&area=ciudad-de-mexico&pos=5
Ciudad De Mexico,41,"$19,000,000
MXN","Venta de casa Durango 147, Roma Nte., Cuauhtémoc, 06700 Ciudad de México, CDMX #147, Col. Roma Norte, Cuauhtémoc, DF / CDMX, México, C.P. 06700, ID: 30411608",9 Recámaras | 2 Baños | 270 m 2,https://propiedades.com/inmuebles/casa-en-venta-durango-147-roma-nte-cuauhtemoc-06700-ciudad-de-mexico-cdmx-147-roma-norte-df-30411608#pagina=41&tipos=casas-venta&area=ciudad-de-mexico&pos=6
Ciudad De Mexico,41,"$915,000
MXN","Se vende casa Avenida Sur de Los 100 Metros, Col. Magdalena de las Salinas, Gustavo A. Madero, DF / CDMX, México, C.P. 07760, ID: 29723063",4 Recámaras | 3 Baños | 207 m 2,https://propiedades.com/inmuebles/casa-en-venta-avenida-sur-de-los-100-metros-magdalena-de-las-salinas-df-29723063#pagina=41&tipos=casas-venta&area=ciudad-de-mexico&pos=7
Ciudad De Mexico,41,"$7,854,000
MXN","Se vende casa Calzada de las Carretas, Col. Colina del Sur, Álvaro Obregón, DF / CDMX, México, C.P. 01430, ID: 30115243",5 Recámaras | 5 Baños | 359 m 2,https://propiedades.com/inmuebles/casa-en-venta-calzada-de-las-carretas-colina-del-sur-df-30115243#pagina=41&tipos=casas-venta&area=ciudad-de-mexico&pos=8
Ciudad De Mexico,41,"$8,547,770
MXN","Venta de casa en Reforma Iztaccihuatl Sur #s/n, Col. Reforma Iztaccihuatl Sur, Iztacalco, DF / CDMX, México, C.P. 08840, ID: 30595173",4 Recámaras | 3 Baños | 308 m 2,https://propiedades.com/inmuebles/casa-en-venta-reforma-iztaccihuatl-sur-sn-reforma-iztaccihuatl-sur-df-30595173#pagina=41&tipos=casas-venta&area=ciudad-de-mexico&pos=9
Ciudad De Mexico,41,"$35,000,000
MXN","Casa disponible en venta en Callejo Heroes del 57 #s/n, Col. Centro (Área 1), Cuauhtémoc, DF / CDMX, México, C.P. 06000, ID: 29834087",12 Recámaras | 4 Baños | 680 m 2,https://propiedades.com/inmuebles/casa-en-venta-callejo-heroes-del-57-sn-centro-area-1-df-29834087#pagina=41&tipos=casas-venta&area=ciudad-de-mexico&pos=10
Ciudad De Mexico,41,"$2,100,000
USD","Casa disponible en venta en Cda. Lomita 10, Lomas de Bezares, Miguel Hidalgo, 11910 Ciudad de México, CDMX #10, Col. Lomas de Bezares, Miguel Hidalgo, DF / CDMX, México, C.P. 11910, ID: 30544521",3 Recámaras | 3 Baños | 490 m 2,https://propiedades.com/inmuebles/casa-en-venta-cda-lomita-10-lomas-de-bezares-miguel-hidalgo-11910-ciudad-de-mexico-cdmx-10-lomas-de-bezares-df-30544521#pagina=41&tipos=casas-venta&area=ciudad-de-mexico&pos=11
Ciudad De Mexico,41,"$3,990,000
MXN","Se vende casa en Oriente 114, Col. Gabriel Ramos Millán, Iztacalco, DF / CDMX, México, C.P. 08730, ID: 29893940",7 Recámaras | 3 Baños | 280 m 2,https://propiedades.com/inmuebles/casa-en-venta-oriente-114-gabriel-ramos-millan-df-29893940#pagina=41&tipos=casas-venta&area=ciudad-de-mexico&pos=12
Ciudad De Mexico,41,"$1,800,000
MXN","jose joaquin herrera #s/n, Col. Martín Carrera, Gustavo A. Madero, DF / CDMX, México, C.P. 07070, ID: 30554801",3 Recámaras | 2 Baños | 90 m 2,https://propiedades.com/inmuebles/casa-en-venta-jose-joaquin-herrera-sn-martin-carrera-df-30554801#pagina=41&tipos=casas-venta&area=ciudad-de-mexico&pos=13
Ciudad De Mexico,41,"$40,000,000
MXN","Casa disponible en venta en , Col. Bosque de las Lomas, Miguel Hidalgo, DF / CDMX, México, C.P. 11700, ID: 27643454",4 Recámaras | 4 Baños | 950 m 2,https://propiedades.com/inmuebles/casa-en-venta-bosque-de-las-lomas-df-27643454#pagina=41&tipos=casas-venta&area=ciudad-de-mexico&pos=14
Ciudad De Mexico,41,"$4,500,000
MXN","LIRIOS #Manzana 15 , Col. Mirador I, Tlalpan, DF / CDMX, México, C.P. 14748, ID: 30518632",4 Recámaras | 1 Baño | 428 m 2,https://propiedades.com/inmuebles/casa-en-venta-lirios-manzana-15-mirador-i-df-30518632#pagina=41&tipos=casas-venta&area=ciudad-de-mexico&pos=15
Ciudad De Mexico,41,"$3,500,000
MXN","Se vende casa Paranagua 217, San Pedro Zacatenco, Gustavo A. Madero, 07369 Ciudad de México, CDMX #s/n, Col. Residencial Zacatenco, Gustavo A. Madero, DF / CDMX, México, C.P. 07369, ID: 30435626",4 Recámaras | 2 Baños | 307 m 2,https://propiedades.com/inmuebles/casa-en-venta-paranagua-217-san-pedro-zacatenco-gustavo-a-madero-07369-ciudad-de-mexico-cdmx-sn-residencial-zacatenco-df-30435626#pagina=41&tipos=casas-venta&area=ciudad-de-mexico&pos=16
Ciudad De Mexico,41,"$12,800,000
MXN","Casa disponible en venta en Vía Chinampa #200, Col. San Lucas Xochimanca, Xochimilco, DF / CDMX, México, C.P. 16300, ID: 25064554",4 Recámaras | 4 Baños | 400 m 2,https://propiedades.com/inmuebles/casa-en-venta-via-chinampa-200-san-lucas-xochimanca-df-25064554#pagina=41&tipos=casas-venta&area=ciudad-de-mexico&pos=17
Ciudad De Mexico,41,"$6,700,000
MXN","Casa disponible en venta en Calle Manuel Rivera Cambas 4 #54Int. 54, Col. Jardín Balbuena, Venustiano Carranza, DF / CDMX, México, C.P. 15900, ID: 29769854",5 Recámaras | 4 Baños | 162 m 2,https://propiedades.com/inmuebles/casa-en-venta-calle-manuel-rivera-cambas-4-54-jardin-balbuena-df-29769854#pagina=41&tipos=casas-venta&area=ciudad-de-mexico&pos=18
Ciudad De Mexico,41,"$5,900,000
MXN","Matamoros 154, Miguel Hidalgo 2da Secc, Tlalpan, 14260 Ciudad de México, CDMX #154, Col. El Capulín, Tlalpan, DF / CDMX, México, C.P. 14260, ID: 30467499",4 Recámaras | 3 Baños | 205 m 2,https://propiedades.com/inmuebles/casa-en-venta-matamoros-154-miguel-hidalgo-2da-secc-tlalpan-14260-ciudad-de-mexico-cdmx-154-el-capulin-df-30467499#pagina=41&tipos=casas-venta&area=ciudad-de-mexico&pos=19
Ciudad De Mexico,41,"$450,000,000
MXN","San Nicolás II #s/n, Col. San Nicolás 2, Tlalpan, DF / CDMX, México, C.P. 14735, ID: 30619001",2 Recámaras | 1 Baño | 422 m 2,https://propiedades.com/inmuebles/casa-en-venta-san-nicolas-ii-sn-san-nicolas-2-df-30619001#pagina=41&tipos=casas-venta&area=ciudad-de-mexico&pos=20
Ciudad De Mexico,41,"$4,990,000
MXN","Casa disponible en venta en Sur 97-A #551, Col. Sector Popular, Iztapalapa, DF / CDMX, México, C.P. 09060, ID: 29287397",2 Recámaras | 2 Baños | 132 m 2,https://propiedades.com/inmuebles/casa-en-venta-sur-97a-551-sector-popular-df-29287397#pagina=41&tipos=casas-venta&area=ciudad-de-mexico&pos=21
Ciudad De Mexico,41,"$1,650,000
MXN","Se vende casa en Calle Agapando #s/n, Col. Ejidos de San Pedro Mártir, Tlalpan, DF / CDMX, México, C.P. 14640, ID: 29521559",3 Recámaras | 2 Baños | 165 m 2,https://propiedades.com/inmuebles/casa-en-venta-calle-agapando-sn-ejidos-de-san-pedro-martir-df-29521559#pagina=41&tipos=casas-venta&area=ciudad-de-mexico&pos=22
Ciudad De Mexico,41,"$13,000,000
MXN","Cascada, Col. Jardines del Pedregal, Álvaro Obregón, DF / CDMX, México, C.P. 01900, ID: 29738102",4 Recámaras | 3 Baños | 314 m 2,https://propiedades.com/inmuebles/casa-en-venta-cascada-jardines-del-pedregal-df-29738102#pagina=41&tipos=casas-venta&area=ciudad-de-mexico&pos=23
Ciudad De Mexico,41,"$4,500,000
MXN","Venta de casa Horacio Ruiz #209, Col. Ampliación Aviación Civil, Venustiano Carranza, DF / CDMX, México, C.P. 15750, ID: 29166333",12 Recámaras | 6 Baños | 207 m 2,https://propiedades.com/inmuebles/casa-en-venta-horacio-ruiz-209-ampliacion-aviacion-civil-df-29166333#pagina=41&tipos=casas-venta&area=ciudad-de-mexico&pos=24
Ciudad De Mexico,41,"$2,580,000
MXN","Venta de casa Colorines 52, Chimilli, Tlalpan, 14749 Ciudad de México, CDMX #52, Col. Chimilli, Tlalpan, DF / CDMX, México, C.P. 14749, ID: 30541294",3 Recámaras | 1 Baño | 132 m 2,https://propiedades.com/inmuebles/casa-en-venta-colorines-52-chimilli-tlalpan-14749-ciudad-de-mexico-cdmx-52-chimilli-df-30541294#pagina=41&tipos=casas-venta&area=ciudad-de-mexico&pos=25
Ciudad De Mexico,41,"$15,000,000
MXN","Casa disponible en venta en Samuel #s/n, Col. Guadalupe Tepeyac, Gustavo A. Madero, DF / CDMX, México, C.P. 07840, ID: 29738165",7 Recámaras | 3 Baños | 371 m 2,https://propiedades.com/inmuebles/casa-en-venta-samuel-sn-guadalupe-tepeyac-df-29738165#pagina=41&tipos=casas-venta&area=ciudad-de-mexico&pos=26
Ciudad De Mexico,41,"$700,000
MXN","Se vende casa GRGORIO SOSA #0, Col. Consejo Agrarista Mexicano, Iztapalapa, DF / CDMX, México, C.P. 09760, ID: 29137153",3 Recámaras | 2 Baños | 230 m 2,https://propiedades.com/inmuebles/casa-en-venta-grgorio-sosa-consejo-agrarista-mexicano-df-29137153#pagina=41&tipos=casas-venta&area=ciudad-de-mexico&pos=27
Ciudad De Mexico,41,"$7,900,000
MXN","San Bartolo el Chico, 14380 Ciudad de México, CDMX, Col. San Bartolo El Chico, Tlalpan, DF / CDMX, México, C.P. 14380, ID: 30595278",7 Recámaras | 3 Baños | 356 m 2,https://propiedades.com/inmuebles/casa-en-venta-san-bartolo-el-chico-14380-ciudad-de-mexico-cdmx-san-bartolo-el-chico-df-30595278#pagina=41&tipos=casas-venta&area=ciudad-de-mexico&pos=28
Ciudad De Mexico,41,"$21,900,000
MXN","aborada, Col. Parque del Pedregal, Tlalpan, DF / CDMX, México, C.P. 14010, ID: 27437546",4 Recámaras | 4 Baños | 800 m 2,https://propiedades.com/inmuebles/casa-en-venta-aborada-parque-del-pedregal-df-27437546#pagina=41&tipos=casas-venta&area=ciudad-de-mexico&pos=29
Ciudad De Mexico,41,"$820,000
MXN","Venta de casa Cook 71, Euzkadi, Azcapotzalco, 02660 Ciudad de México, CDMX #71, Col. Euzkadi, Azcapotzalco, DF / CDMX, México, C.P. 02660, ID: 30406361",4 Recámaras | 2 Baños | 302 m 2,https://propiedades.com/inmuebles/casa-en-venta-cook-71-euzkadi-azcapotzalco-02660-ciudad-de-mexico-cdmx-71-euzkadi-df-30406361#pagina=41&tipos=casas-venta&area=ciudad-de-mexico&pos=30
Ciudad De Mexico,41,"$28,499,999
MXN","Casa en venta disponible en PEDREGAL NIEBLA #130, Col. Jardines del Pedregal, Álvaro Obregón, DF / CDMX, México, C.P. 01900, ID: 27375655",4 Recámaras | 5 Baños | 850 m 2,https://propiedades.com/inmuebles/casa-en-venta-pedregal-niebla-130-jardines-del-pedregal-df-27375655#pagina=41&tipos=casas-venta&area=ciudad-de-mexico&pos=31
Ciudad De Mexico,41,"$6,250,000
MXN","Venta de casa en Retorno 17, Coapa, Avante, 04460 Ciudad de México, CDMX #24, Col. Avante, Coyoacán, DF / CDMX, México, C.P. 04460, ID: 30427584",5 Recámaras | 3 Baños | 170 m 2,https://propiedades.com/inmuebles/casa-en-venta-retorno-17-coapa-avante-04460-ciudad-de-mexico-cdmx-24-avante-df-30427584#pagina=41&tipos=casas-venta&area=ciudad-de-mexico&pos=32
Ciudad De Mexico,41,"$20,000,000
MXN","Casa en venta, Medellin, Col. Roma Norte, Cuauhtémoc, DF / CDMX, México, C.P. 06700, ID: 30208191",6 Recámaras | 5 Baños | 200 m 2,https://propiedades.com/inmuebles/casa-en-venta-medellin-roma-norte-df-30208191#pagina=41&tipos=casas-venta&area=ciudad-de-mexico&pos=33
Ciudad De Mexico,41,"$19,500,000
MXN","Venta de casa Mérida #s/n, Col. Roma Norte, Cuauhtémoc, DF / CDMX, México, C.P. 06700, ID: 29773326",9 Recámaras | 2 Baños | 225 m 2,https://propiedades.com/inmuebles/casa-en-venta-merida-sn-roma-norte-df-29773326#pagina=41&tipos=casas-venta&area=ciudad-de-mexico&pos=34
Ciudad De Mexico,41,"$3,500,000
MXN","Se vende casa Litografía 222 #222, Col. 20 de Noviembre, Venustiano Carranza, DF / CDMX, México, C.P. 15300, ID: 29776792",3 Recámaras | 2 Baños | 236 m 2,https://propiedades.com/inmuebles/casa-en-venta-litografia-222-222-20-de-noviembre-df-29776792#pagina=41&tipos=casas-venta&area=ciudad-de-mexico&pos=35
Ciudad De Mexico,41,"$13,000,000
MXN","Casa en venta, Ladera, Lomas de Bezares, 11910 Ciudad de México, CDMX, Col. Lomas de Bezares, Miguel Hidalgo, DF / CDMX, México, C.P. 11910, ID: 30407722",3 Recámaras | 5 Baños | 475 m 2,https://propiedades.com/inmuebles/casa-en-venta-ladera-lomas-de-bezares-11910-ciudad-de-mexico-cdmx-lomas-de-bezares-df-30407722#pagina=41&tipos=casas-venta&area=ciudad-de-mexico&pos=36
Ciudad De Mexico,41,"$12,500,000
MXN","Venta casa en 2a de Batan, Col. Lomas de San Ángel Inn, Álvaro Obregón, DF / CDMX, México, C.P. 01790, ID: 29850162",4 Recámaras | 2 Baños | 350 m 2,https://propiedades.com/inmuebles/casa-en-venta-2a-de-batan-lomas-de-san-angel-inn-df-29850162#pagina=41&tipos=casas-venta&area=ciudad-de-mexico&pos=37
Ciudad De Mexico,41,"$2,292,984
MXN","Casa en venta, Loma Bonita #s/n, Col. San Juan Tepeximilpa, Tlalpan, DF / CDMX, México, C.P. 14427, ID: 29881662",4 Recámaras | 2 Baños | 169 m 2,https://propiedades.com/inmuebles/casa-en-venta-loma-bonita-sn-san-juan-tepeximilpa-df-29881662#pagina=41&tipos=casas-venta&area=ciudad-de-mexico&pos=38
Ciudad De Mexico,41,"$3,499,000
MXN","Venta casa en Jose Juan Mendez #s/n, Col. Ejercito de Agua Prieta, Iztapalapa, DF / CDMX, México, C.P. 09578, ID: 30005099",3 Recámaras | 2 Baños | 195 m 2,https://propiedades.com/inmuebles/casa-en-venta-jose-juan-mendez-sn-ejercito-de-agua-prieta-df-30005099#pagina=41&tipos=casas-venta&area=ciudad-de-mexico&pos=39
Ciudad De Mexico,41,"$1,200,000
MXN","VENTA DE CASA EN CALLE MARTHA GUSTAVO A MADERO CDMX #69, Col. Guadalupe Tepeyac, Gustavo A. Madero, DF / CDMX, México, C.P. 07840, ID: 30642413",3 Recámaras | 2 Baños | 200 m 2,https://propiedades.com/inmuebles/casa-en-venta-venta-de-casa-en-calle-martha-gustavo-a-madero-cdmx-69-guadalupe-tepeyac-df-30642413#pagina=41&tipos=casas-venta&area=ciudad-de-mexico&pos=40
Ciudad De Mexico,41,"$3,200,000
MXN","Casa en venta disponible en , Col. San Juan Xalpa, Iztapalapa, DF / CDMX, México, C.P. 09850, ID: 28759315",6 Recámaras | 2 Baños | 228 m 2,https://propiedades.com/inmuebles/casa-en-venta-san-juan-xalpa-df-28759315#pagina=41&tipos=casas-venta&area=ciudad-de-mexico&pos=41
Ciudad De Mexico,41,"$9,900,000
MXN","Casa en venta disponible en Otavalo, Col. Lindavista Norte, Gustavo A. Madero, DF / CDMX, México, C.P. 07300, ID: 26365256",4 Recámaras | 5 Baños | 468 m 2,https://propiedades.com/inmuebles/casa-en-venta-otavalo-lindavista-norte-df-26365256#pagina=41&tipos=casas-venta&area=ciudad-de-mexico&pos=42
Ciudad De Mexico,41,"$62,000,000
MXN","Casa disponible en venta en Paseo de Primaveras #0Int. 0, Col. Lomas de Vista Hermosa, Cuajimalpa de Morelos, DF / CDMX, México, C.P. 05100, ID: 28613157",3 Recámaras | 4 Baños | 740 m 2,https://propiedades.com/inmuebles/casa-en-venta-paseo-de-primaveras-lomas-de-vista-hermosa-df-28613157#pagina=41&tipos=casas-venta&area=ciudad-de-mexico&pos=43
Ciudad De Mexico,41,"$83,000,000
MXN","Casa en venta disponible en Alpes , Col. Lomas de Chapultepec V Sección, Miguel Hidalgo, DF / CDMX, México, C.P. 11000, ID: 30202636",7 Recámaras | 5 Baños | 609 m 2,https://propiedades.com/inmuebles/casa-en-venta-alpes-lomas-de-chapultepec-v-seccion-df-30202636#pagina=41&tipos=casas-venta&area=ciudad-de-mexico&pos=44
Ciudad De Mexico,41,"$12,000,000
MXN","Casa en venta disponible en Matías Romero #390, Col. Del Valle Centro, Benito Juárez, DF / CDMX, México, C.P. 03100, ID: 30444434",4 Recámaras | 3 Baños | 295 m 2,https://propiedades.com/inmuebles/casa-en-venta-matias-romero-390-del-valle-centro-df-30444434#pagina=41&tipos=casas-venta&area=ciudad-de-mexico&pos=45
Ciudad De Mexico,41,"$799,811
MXN","Casa en venta disponible en Nte 58, Mártires de Río Blanco, Ciudad de México, CDMX #1987, Col. Mártires de Río Blanco, Gustavo A. Madero, DF / CDMX, México, C.P. 07880, ID: 30518907",3 Recámaras | 2 Baños | 140 m 2,https://propiedades.com/inmuebles/casa-en-venta-nte-58-martires-de-rio-blanco-ciudad-de-mexico-cdmx-1987-martires-de-rio-blanco-df-30518907#pagina=41&tipos=casas-venta&area=ciudad-de-mexico&pos=46
Ciudad De Mexico,41,"$42,500,000
MXN","Se vende casa , Col. Lomas de Chapultepec V Sección, Miguel Hidalgo, DF / CDMX, México, C.P. 11000, ID: 29004032",3 Recámaras | 3 Baños | 445 m 2,https://propiedades.com/inmuebles/casa-en-venta-lomas-de-chapultepec-v-seccion-df-29004032#pagina=41&tipos=casas-venta&area=ciudad-de-mexico&pos=47
Ciudad De Mexico,42,"$659,700
MXN","Venta casa en Cerrada Francia 6 #6, Col. San Simón Tolnahuac, Cuauhtémoc, DF / CDMX, México, C.P. 06920, ID: 29526690",2 Recámaras | 2 Baños | 135 m 2,https://propiedades.com/inmuebles/casa-en-venta-cerrada-francia-6-6-san-simon-tolnahuac-df-29526690#pagina=42&tipos=casas-venta&area=ciudad-de-mexico&pos=1
Ciudad De Mexico,42,"$2,499,000
MXN","Venta de casa San Isauro, Pedregal de Sta Úrsula, 04600 Ciudad de México, CDMX, Col. Pedregal de Santa Ursula, Coyoacán, DF / CDMX, México, C.P. 04600, ID: 30494456",3 Recámaras | 2 Baños,https://propiedades.com/inmuebles/casa-en-venta-san-isauro-pedregal-de-sta-ursula-04600-ciudad-de-mexico-cdmx-pedregal-de-santa-ursula-df-30494456#pagina=42&tipos=casas-venta&area=ciudad-de-mexico&pos=2
Ciudad De Mexico,42,"$535,000
MXN","Venta de casa Pte 54 3383, Obrero Popular, Azcapotzalco, 02840 Ciudad de México, CDMX #3383, Col. Obrero Popular, Azcapotzalco, DF / CDMX, México, C.P. 02840, ID: 30262569",3 Recámaras | 2 Baños | 166 m 2,https://propiedades.com/inmuebles/casa-en-venta-pte-54-3383-obrero-popular-azcapotzalco-02840-ciudad-de-mexico-cdmx-3383-obrero-popular-df-30262569#pagina=42&tipos=casas-venta&area=ciudad-de-mexico&pos=3
Ciudad De Mexico,42,"$676,811
MXN","Se vende casa Pte 54 3706, Obrero Popular, Azcapotzalco, 02840 Ciudad de México, CDMX #3706, Col. Obrero Popular, Azcapotzalco, DF / CDMX, México, C.P. 02840, ID: 30262665",3 Recámaras | 2 Baños | 166 m 2,https://propiedades.com/inmuebles/casa-en-venta-pte-54-3706-obrero-popular-azcapotzalco-02840-ciudad-de-mexico-cdmx-3706-obrero-popular-df-30262665#pagina=42&tipos=casas-venta&area=ciudad-de-mexico&pos=4
Ciudad De Mexico,42,"$17,500,000
MXN","Casa en venta, cerrada de tijuamaloapan #64, Col. San Andrés Totoltepec, Tlalpan, DF / CDMX, México, C.P. 14400, ID: 29435494",3 Recámaras | 3 Baños | 350 m 2,https://propiedades.com/inmuebles/casa-en-venta-cerrada-de-tijuamaloapan-64-san-andres-totoltepec-df-29435494#pagina=42&tipos=casas-venta&area=ciudad-de-mexico&pos=5
Ciudad De Mexico,42,"$68,000,000
MXN","Se vende casa en Jardines del Pedregal #WHI270611, Col. Jardines del Pedregal, Álvaro Obregón, DF / CDMX, México, C.P. 01900, ID: 20588523",4 Recámaras | 4 Baños | 1080 m 2,https://propiedades.com/inmuebles/casa-en-venta-jardines-del-pedregal-whi270611-jardines-del-pedregal-df-20588523#pagina=42&tipos=casas-venta&area=ciudad-de-mexico&pos=6
Ciudad De Mexico,42,"$21,753,100
MXN","Se vende casa Creston 365 #365 A, Col. Jardines del Pedregal, Álvaro Obregón, DF / CDMX, México, C.P. 01900, ID: 29537768",5 Recámaras | 5 Baños | 763 m 2,https://propiedades.com/inmuebles/casa-en-venta-creston-365-365-a-jardines-del-pedregal-df-29537768#pagina=42&tipos=casas-venta&area=ciudad-de-mexico&pos=7
Ciudad De Mexico,42,"$5,200,000
MXN","Casa en venta, Nubes Nte., Jardines del Pedregal, Álvaro Obregón, 01900 Ciudad de México, CDMX, Col. Jardines del Pedregal, Álvaro Obregón, DF / CDMX, México, C.P. 01900, ID: 30287531",3 Recámaras | 2 Baños | 230 m 2,https://propiedades.com/inmuebles/casa-en-venta-nubes-nte-jardines-del-pedregal-alvaro-obregon-01900-ciudad-de-mexico-cdmx-jardines-del-pedregal-df-30287531#pagina=42&tipos=casas-venta&area=ciudad-de-mexico&pos=8
Ciudad De Mexico,42,"$5,000,000
MXN","Casa en venta disponible en Ing. Vito Alessio, Jacarandas, 09280 Ciudad de México, CDMX, Col. Jacarandas, Iztapalapa, DF / CDMX, México, C.P. 09280, ID: 30367232",6 Recámaras | 6 Baños | 349 m 2,https://propiedades.com/inmuebles/casa-en-venta-ing-vito-alessio-jacarandas-09280-ciudad-de-mexico-cdmx-jacarandas-df-30367232#pagina=42&tipos=casas-venta&area=ciudad-de-mexico&pos=9
Ciudad De Mexico,42,"$5,250,000
MXN","Venta de casa en Álvaro Obregón, Presidentes, Ciudad de México, CDMX #s/n, Col. 2a Ampliación Presidentes, Álvaro Obregón, DF / CDMX, México, C.P. 01299, ID: 30494444",4 Recámaras | 4 Baños | 207 m 2,https://propiedades.com/inmuebles/casa-en-venta-alvaro-obregon-presidentes-ciudad-de-mexico-cdmx-sn-2a-ampliacion-presidentes-df-30494444#pagina=42&tipos=casas-venta&area=ciudad-de-mexico&pos=10
Ciudad De Mexico,42,"$5,800,000
MXN","Venta casa en Cerrada Francisco Comonfort 79 #79, Col. San Francisco Tlaltenco, Tláhuac, DF / CDMX, México, C.P. 13400, ID: 29901066",2 Recámaras | 1 Baño | 250 m 2,
Ciudad De Mexico,42,"$5,500,000
MXN","Col. Cuajimalpa, Cuajimalpa de Morelos, DF / CDMX, México, C.P. 05000, ID: 28941764",3 Recámaras | 2 Baños | 244 m 2,https://propiedades.com/inmuebles/casa-en-venta-cuajimalpa-df-28941764#pagina=42&tipos=casas-venta&area=ciudad-de-mexico&pos=12
Ciudad De Mexico,42,"$8,950,000
MXN","Venta casa en Cda. de La Noria 19, Amp la Noria, Xochimilco, 16030 Ciudad de México, CDMX #19, Col. La Noria, Xochimilco, DF / CDMX, México, C.P. 16030, ID: 30513055",4 Recámaras | 5 Baños | 312 m 2,https://propiedades.com/inmuebles/casa-en-venta-cda-de-la-noria-19-amp-la-noria-xochimilco-16030-ciudad-de-mexico-cdmx-19-la-noria-df-30513055#pagina=42&tipos=casas-venta&area=ciudad-de-mexico&pos=13
Ciudad De Mexico,42,"$1,100,400
MXN","Se vende casa Zaragoza, Buenavista, 06350 Ciudad de México, CDMX, Col. Buenavista, Cuauhtémoc, DF / CDMX, México, C.P. 06350, ID: 30387143",2 Recámaras | 1 Baño | 55 m 2,https://propiedades.com/inmuebles/casa-en-venta-zaragoza-buenavista-06350-ciudad-de-mexico-cdmx-buenavista-df-30387143#pagina=42&tipos=casas-venta&area=ciudad-de-mexico&pos=14
Ciudad De Mexico,42,"$2,200,000
MXN","Venta de casa en 1 ra cerrada de victor rosales 11 #11, Col. Viejo Ejido de Santa Ursula Coapa, Coyoacán, DF / CDMX, México, C.P. 04980, ID: 26534230",4 Recámaras | 2 Baños | 158 m 2,https://propiedades.com/inmuebles/casa-en-venta-1-ra-cerrada-de-victor-rosales-11-11-viejo-ejido-de-santa-ursula-coapa-df-26534230#pagina=42&tipos=casas-venta&area=ciudad-de-mexico&pos=15
Ciudad De Mexico,42,"$3,900,000
MXN","Casa en venta, Privada Comandante Alfonso García Limón #3, Col. Zapotitla, Tláhuac, DF / CDMX, México, C.P. 13310, ID: 30044806",3 Recámaras | 2 Baños | 220 m 2,https://propiedades.com/inmuebles/casa-en-venta-privada-comandante-alfonso-garcia-limon-3-zapotitla-df-30044806#pagina=42&tipos=casas-venta&area=ciudad-de-mexico&pos=16
Ciudad De Mexico,42,"$6,000,000
MXN","Se vende casa en Coyoacán, Ciudad de México, CDMX, Col. Del Carmen, Coyoacán, DF / CDMX, México, C.P. 04100, ID: 30290399",2 Recámaras | 2 Baños,https://propiedades.com/inmuebles/casa-en-venta-coyoacan-ciudad-de-mexico-cdmx-del-carmen-df-30290399#pagina=42&tipos=casas-venta&area=ciudad-de-mexico&pos=17
Ciudad De Mexico,42,"$1,150,000
MXN","Casa en venta, C. Granate 20, Col. Estrella, Gustavo A. Madero, 07810 Ciudad de México, CDMX #20, Col. Estrella, Gustavo A. Madero, DF / CDMX, México, C.P. 07810, ID: 30595109",3 Recámaras | 2 Baños | 200 m 2,https://propiedades.com/inmuebles/casa-en-venta-c-granate-20-col-estrella-gustavo-a-madero-07810-ciudad-de-mexico-cdmx-20-estrella-df-30595109#pagina=42&tipos=casas-venta&area=ciudad-de-mexico&pos=18
Ciudad De Mexico,42,"$17,000,000
MXN","Casa en venta, Avenida San Buenaventura 561 #561, Col. Club de Golf México, Tlalpan, DF / CDMX, México, C.P. 14620, ID: 30057653",4 Recámaras | 4 Baños | 541 m 2,https://propiedades.com/inmuebles/casa-en-venta-avenida-san-buenaventura-561-561-club-de-golf-mexico-df-30057653#pagina=42&tipos=casas-venta&area=ciudad-de-mexico&pos=19
Ciudad De Mexico,42,"$11,000,000
MXN","Coatepec #16, Col. Roma Sur, Cuauhtémoc, DF / CDMX, México, C.P. 06760, ID: 30162037",4 Recámaras | 3 Baños | 150 m 2,https://propiedades.com/inmuebles/casa-en-venta-coatepec-16-roma-sur-df-30162037#pagina=42&tipos=casas-venta&area=ciudad-de-mexico&pos=20
Ciudad De Mexico,42,"$1,520,000
MXN","Venta de casa en Lidia 24, Guadalupe Tepeyac, Gustavo A. Madero, 07840 Ciudad de México, CDMX #24, Col. 7 de Noviembre, Gustavo A. Madero, DF / CDMX, México, C.P. 07840, ID: 30577635",1 Recámara | 1 Baño | 215 m 2,https://propiedades.com/inmuebles/casa-en-venta-lidia-24-guadalupe-tepeyac-gustavo-a-madero-07840-ciudad-de-mexico-cdmx-24-7-de-noviembre-df-30577635#pagina=42&tipos=casas-venta&area=ciudad-de-mexico&pos=21
Ciudad De Mexico,42,"$530,533
MXN","Calle 2, Agrícola Pantitlán, Ciudad de México, CDMX, Col. Agrícola Pantitlan, Iztacalco, DF / CDMX, México, C.P. 08100, ID: 30385443",2 Recámaras | 1 Baño | 55 m 2,https://propiedades.com/inmuebles/casa-en-venta-calle-2-agricola-pantitlan-ciudad-de-mexico-cdmx-agricola-pantitlan-df-30385443#pagina=42&tipos=casas-venta&area=ciudad-de-mexico&pos=22
Ciudad De Mexico,42,"$5,532,788
MXN","Casa disponible en venta en 010203, Col. Roma Norte, Cuauhtémoc, DF / CDMX, México, C.P. 06700, ID: 29388419",,https://propiedades.com/inmuebles/casa-en-venta-010203-roma-norte-df-29388419#pagina=42&tipos=casas-venta&area=ciudad-de-mexico&pos=23
Ciudad De Mexico,42,"$17,650,000
MXN","Venta de casa Tuxpan #s/n, Col. San Jerónimo Aculco, La Magdalena Contreras, DF / CDMX, México, C.P. 10400, ID: 29985647",3 Recámaras | 3 Baños | 440 m 2,https://propiedades.com/inmuebles/casa-en-venta-tuxpan-sn-san-jeronimo-aculco-df-29985647#pagina=42&tipos=casas-venta&area=ciudad-de-mexico&pos=24
Ciudad De Mexico,42,"$150,000,000
MXN","C. de Rosal 227, San Pedro Mártir, Tlalpan, 14650 Ciudad de México, CDMX #227, Col. San Pedro Mártir, Tlalpan, DF / CDMX, México, C.P. 14650, ID: 30463935",4 Recámaras | 1 Baño | 608 m 2,https://propiedades.com/inmuebles/casa-en-venta-c-de-rosal-227-san-pedro-martir-tlalpan-14650-ciudad-de-mexico-cdmx-227-san-pedro-martir-df-30463935#pagina=42&tipos=casas-venta&area=ciudad-de-mexico&pos=25
Ciudad De Mexico,42,"$21,000,000
MXN","Se vende casa en Abasolo #1Int. 10, Col. Valle de Tepepan, Tlalpan, DF / CDMX, México, C.P. 14646, ID: 26500125",1 Recámara | 1 Baño | 500 m 2,https://propiedades.com/inmuebles/casa-en-venta-abasolo-1-valle-de-tepepan-df-26500125#pagina=42&tipos=casas-venta&area=ciudad-de-mexico&pos=26
Ciudad De Mexico,42,"$9,800,000
MXN","Casa en venta, Avenida Tesmic, Col. Texmic, Xochimilco, DF / CDMX, México, C.P. 16340, ID: 29760111",5 Recámaras | 4 Baños | 529 m 2,https://propiedades.com/inmuebles/casa-en-venta-avenida-tesmic-texmic-df-29760111#pagina=42&tipos=casas-venta&area=ciudad-de-mexico&pos=27
Ciudad De Mexico,42,"$35,000,000
MXN","Venta casa en C. El Risco, Jardines del Pedregal, 01900 Ciudad de México, CDMX #s/n, Col. Jardines del Pedregal, Álvaro Obregón, DF / CDMX, México, C.P. 01900, ID: 30255827",4 Recámaras | 4 Baños | 587 m 2,https://propiedades.com/inmuebles/casa-en-venta-c-el-risco-jardines-del-pedregal-01900-ciudad-de-mexico-cdmx-sn-jardines-del-pedregal-df-30255827#pagina=42&tipos=casas-venta&area=ciudad-de-mexico&pos=28
Ciudad De Mexico,42,"$7,100,000
MXN","Casa en venta, Sotero Prieto, Col. Guadalupe Insurgentes, Gustavo A. Madero, DF / CDMX, México, C.P. 07870, ID: 30245885",6 Recámaras | 2 Baños | 258 m 2,https://propiedades.com/inmuebles/casa-en-venta-sotero-prieto-guadalupe-insurgentes-df-30245885#pagina=42&tipos=casas-venta&area=ciudad-de-mexico&pos=29
Ciudad De Mexico,42,"$3,400,000
MXN","Venta de casa en Calle 303, Col. Nueva Atzacoalco, Gustavo A. Madero, DF / CDMX, México, C.P. 07420, ID: 30002100",3 Recámaras | 3 Baños | 200 m 2,https://propiedades.com/inmuebles/casa-en-venta-calle-303-nueva-atzacoalco-df-30002100#pagina=42&tipos=casas-venta&area=ciudad-de-mexico&pos=30
Ciudad De Mexico,42,"$15,900,000
MXN","Venta de casa Lomas de Reforma, 11930 Ciudad de México, CDMX, Col. Lomas de Reforma, Miguel Hidalgo, DF / CDMX, México, C.P. 11930, ID: 30494575",3 Recámaras | 3 Baños | 315 m 2,https://propiedades.com/inmuebles/casa-en-venta-lomas-de-reforma-11930-ciudad-de-mexico-cdmx-lomas-de-reforma-df-30494575#pagina=42&tipos=casas-venta&area=ciudad-de-mexico&pos=31
Ciudad De Mexico,42,"$50,000,000
MXN","Venta casa en Antiguo Camino a Diligencias #s/n, Col. San Andrés Totoltepec, Tlalpan, DF / CDMX, México, C.P. 14400, ID: 29874160",4 Recámaras | 5 Baños | 2000 m 2,https://propiedades.com/inmuebles/casa-en-venta-antiguo-camino-a-diligencias-sn-san-andres-totoltepec-df-29874160#pagina=42&tipos=casas-venta&area=ciudad-de-mexico&pos=32
Ciudad De Mexico,42,"$1,548,374
MXN","Venta de casa en , Col. Jardín Balbuena, Venustiano Carranza, DF / CDMX, México, C.P. 15900, ID: 28945635",4 Recámaras | 3 Baños | 246 m 2,https://propiedades.com/inmuebles/casa-en-venta-jardin-balbuena-df-28945635#pagina=42&tipos=casas-venta&area=ciudad-de-mexico&pos=33
Ciudad De Mexico,42,"$4,000,000
MXN","Sur 73, Asturias, Ciudad de México, CDMX, Col. Ampliación Asturias, Cuauhtémoc, DF / CDMX, México, C.P. 06890, ID: 30505478",4 Recámaras | 3 Baños | 228 m 2,https://propiedades.com/inmuebles/casa-en-venta-sur-73-asturias-ciudad-de-mexico-cdmx-ampliacion-asturias-df-30505478#pagina=42&tipos=casas-venta&area=ciudad-de-mexico&pos=34
Ciudad De Mexico,42,"$17,000,000
MXN",", Col. Lomas de Santa Fe, Álvaro Obregón, DF / CDMX, México, C.P. 01219, ID: 28909041",3 Recámaras | 2 Baños | 420 m 2,https://propiedades.com/inmuebles/casa-en-venta-lomas-de-santa-fe-df-28909041#pagina=42&tipos=casas-venta&area=ciudad-de-mexico&pos=35
Ciudad De Mexico,42,"$18,500,000
MXN","Venta de casa en DEL COLLADO, Col. Parque del Pedregal, Tlalpan, DF / CDMX, México, C.P. 14010, ID: 28825878",3 Recámaras | 3 Baños | 490 m 2,https://propiedades.com/inmuebles/casa-en-venta-del-collado-parque-del-pedregal-df-28825878#pagina=42&tipos=casas-venta&area=ciudad-de-mexico&pos=36
Ciudad De Mexico,42,"$11,000,000
MXN","Venta casa en rosas moreno, Col. San Rafael, Cuauhtémoc, DF / CDMX, México, C.P. 06470, ID: 28062873",2 Recámaras | 1 Baño | 123 m 2,https://propiedades.com/inmuebles/casa-en-venta-rosas-moreno-san-rafael-df-28062873#pagina=42&tipos=casas-venta&area=ciudad-de-mexico&pos=37
Ciudad De Mexico,42,"$3,102,024
USD","Casa en venta disponible en Calle Calderón de la Barca #213, Col. Polanco III Sección, Miguel Hidalgo, DF / CDMX, México, C.P. 11540, ID: 29881931",4 Recámaras | 3 Baños | 626 m 2,https://propiedades.com/inmuebles/casa-en-venta-calle-calderon-de-la-barca-213-polanco-iii-seccion-df-29881931#pagina=42&tipos=casas-venta&area=ciudad-de-mexico&pos=38
Ciudad De Mexico,42,"$3,600,000
MXN","Casa en venta, 2o. Retorno Morelos, Col. Lomas de Zaragoza, Iztapalapa, DF / CDMX, México, C.P. 09620, ID: 29932320",4 Recámaras | 3 Baños | 200 m 2,https://propiedades.com/inmuebles/casa-en-venta-2o-retorno-morelos-lomas-de-zaragoza-df-29932320#pagina=42&tipos=casas-venta&area=ciudad-de-mexico&pos=39
Ciudad De Mexico,42,"$3,950,000
MXN","Casa en venta, Constitución 9, Sta María Aztahuacan, Iztapalapa, 09500 Ciudad de México, CDMX, Col. Ojito de Agua, Iztapalapa, DF / CDMX, México, C.P. 09500, ID: 30486285",2 Recámaras | 1 Baño | 116 m 2,https://propiedades.com/inmuebles/casa-en-venta-constitucion-9-sta-maria-aztahuacan-iztapalapa-09500-ciudad-de-mexico-cdmx-ojito-de-agua-df-30486285#pagina=42&tipos=casas-venta&area=ciudad-de-mexico&pos=40
Ciudad De Mexico,42,"$5,650,000
MXN","Se vende casa Cuajimalpa, Ciudad de México, CDMX, Col. Cuajimalpa, Cuajimalpa de Morelos, DF / CDMX, México, C.P. 05000, ID: 30334014",3 Recámaras | 2 Baños | 200 m 2,https://propiedades.com/inmuebles/casa-en-venta-cuajimalpa-ciudad-de-mexico-cdmx-cuajimalpa-df-30334014#pagina=42&tipos=casas-venta&area=ciudad-de-mexico&pos=41
Ciudad De Mexico,42,"$7,350,000
MXN","Venta de casa Ote 217 #s/n, Col. Paseos de Churubusco, Iztapalapa, DF / CDMX, México, C.P. 09030, ID: 30490426",4 Recámaras | 3 Baños | 160 m 2,https://propiedades.com/inmuebles/casa-en-venta-ote-217-sn-paseos-de-churubusco-df-30490426#pagina=42&tipos=casas-venta&area=ciudad-de-mexico&pos=42
Ciudad De Mexico,42,"$11,000,000
MXN","Venta de casa en Pachuca, Col. Condesa, Cuauhtémoc, DF / CDMX, México, C.P. 06140, ID: 28490472",3 Recámaras | 1 Baño | 330 m 2,https://propiedades.com/inmuebles/casa-en-venta-pachuca-condesa-df-28490472#pagina=42&tipos=casas-venta&area=ciudad-de-mexico&pos=43
Ciudad De Mexico,42,"$7,350,000
MXN","Se vende casa en San Rafael Atlixco, Real del Moral, Ciudad de México, CDMX #s/n, Col. Real del Moral, Iztapalapa, DF / CDMX, México, C.P. 09010, ID: 30531414",4 Recámaras | 3 Baños | 160 m 2,https://propiedades.com/inmuebles/casa-en-venta-san-rafael-atlixco-real-del-moral-ciudad-de-mexico-cdmx-sn-real-del-moral-df-30531414#pagina=42&tipos=casas-venta&area=ciudad-de-mexico&pos=44
Ciudad De Mexico,42,"$12,081,000
MXN","Venta de casa en , Col. Vertiz Narvarte, Benito Juárez, DF / CDMX, México, C.P. 03600, ID: 27464221",4 Recámaras | 3 Baños,https://propiedades.com/inmuebles/casa-en-venta-vertiz-narvarte-df-27464221#pagina=42&tipos=casas-venta&area=ciudad-de-mexico&pos=45
Ciudad De Mexico,42,"$6,500,000
MXN","Se vende casa Arcos Poniente 346 #346, Col. Jardines del Sur, Xochimilco, DF / CDMX, México, C.P. 16050, ID: 27614550",4 Recámaras | 3 Baños | 276 m 2,https://propiedades.com/inmuebles/casa-en-venta-arcos-poniente-346-346-jardines-del-sur-df-27614550#pagina=42&tipos=casas-venta&area=ciudad-de-mexico&pos=46
Ciudad De Mexico,42,"$22,000,000
MXN","Se vende casa en , Col. Lomas de Vista Hermosa, Cuajimalpa de Morelos, DF / CDMX, México, C.P. 05100, ID: 28686578",3 Recámaras | 3 Baños | 429 m 2,https://propiedades.com/inmuebles/casa-en-venta-lomas-de-vista-hermosa-df-28686578#pagina=42&tipos=casas-venta&area=ciudad-de-mexico&pos=47
Ciudad De Mexico,43,"$600,000
MXN","23 #148, Col. Pro-Hogar, Azcapotzalco, DF / CDMX, México, C.P. 02600, ID: 29967369",4 Recámaras | 4 Baños | 222 m 2,
Ciudad De Mexico,43,"$17,000,000
MXN","Av. Extremadura 151, Insurgentes Mixcoac, Benito Juárez, 03730 Ciudad de México, CDMX #151, Col. San Juan, Benito Juárez, DF / CDMX, México, C.P. 03730, ID: 30511541",3 Recámaras | 2 Baños | 400 m 2,https://propiedades.com/inmuebles/casa-en-venta-av-extremadura-151-insurgentes-mixcoac-benito-juarez-03730-ciudad-de-mexico-cdmx-151-san-juan-df-30511541#pagina=43&tipos=casas-venta&area=ciudad-de-mexico&pos=2
Ciudad De Mexico,43,"$6,700,000
MXN","Se vende casa en Ofiuco #21, Col. Prados de Coyoacán, Coyoacán, DF / CDMX, México, C.P. 04810, ID: 30154088",3 Recámaras | 4 Baños | 167 m 2,https://propiedades.com/inmuebles/casa-en-venta-ofiuco-21-prados-de-coyoacan-df-30154088#pagina=43&tipos=casas-venta&area=ciudad-de-mexico&pos=3
Ciudad De Mexico,43,"$670,000
MXN","Casa en venta disponible en Francisco Fernández del Castillo, Nativitas, Ciudad de México, CDMX, Col. Villa de Cortes, Benito Juárez, DF / CDMX, México, C.P. 03530, ID: 30815361",3 Recámaras | 2 Baños | 78 m 2,https://propiedades.com/inmuebles/casa-en-venta-francisco-fernandez-del-castillo-nativitas-ciudad-de-mexico-cdmx-villa-de-cortes-df-30815361#pagina=43&tipos=casas-venta&area=ciudad-de-mexico&pos=4
Ciudad De Mexico,43,"$12,000,000
MXN","Venta de casa Orizaba 25, San Jerónimo Aculco, La Magdalena Contreras, 10400 Ciudad de México, CDMX #25, Col. San Jerónimo Aculco, La Magdalena Contreras, DF / CDMX, México, C.P. 10400, ID: 30660283",1 Recámara | 1 Baño | 360 m 2,https://propiedades.com/inmuebles/casa-en-venta-orizaba-25-san-jeronimo-aculco-la-magdalena-contreras-10400-ciudad-de-mexico-cdmx-25-san-jeronimo-aculco-df-30660283#pagina=43&tipos=casas-venta&area=ciudad-de-mexico&pos=5
Ciudad De Mexico,43,"$76,500,000
MXN","Fuego, Col. Jardines del Pedregal, Álvaro Obregón, DF / CDMX, México, C.P. 01900, ID: 30517261",5 Recámaras | 6 Baños | 970 m 2,https://propiedades.com/inmuebles/casa-en-venta-fuego-jardines-del-pedregal-df-30517261#pagina=43&tipos=casas-venta&area=ciudad-de-mexico&pos=6
Ciudad De Mexico,43,"$4,900,000
MXN","Venta casa en Cerrada Corregidora , Col. Miguel Hidalgo 2A Sección, Tlalpan, DF / CDMX, México, C.P. 14250, ID: 30049455",4 Recámaras | 2 Baños | 335 m 2,https://propiedades.com/inmuebles/casa-en-venta-cerrada-corregidora-miguel-hidalgo-2a-seccion-df-30049455#pagina=43&tipos=casas-venta&area=ciudad-de-mexico&pos=7
Ciudad De Mexico,43,"$6,600,000
MXN","Prolongación Guadalupe Victoria #13, Col. Santo Tomas Ajusco, Tlalpan, DF / CDMX, México, C.P. 14710, ID: 29850160",3 Recámaras | 2 Baños | 450 m 2,https://propiedades.com/inmuebles/casa-en-venta-prolongacion-guadalupe-victoria-13-santo-tomas-ajusco-df-29850160#pagina=43&tipos=casas-venta&area=ciudad-de-mexico&pos=8
Ciudad De Mexico,43,"$3,625,700
MXN","Casa en venta, Cascada 26, Tierra Colorada, Chichicaspatl, Tlalpan, 14108 Ciudad de México, CDMX #26, Col. Chichicaspatl, Tlalpan, DF / CDMX, México, C.P. 14108, ID: 30577723",3 Recámaras | 1 Baño | 230 m 2,https://propiedades.com/inmuebles/casa-en-venta-cascada-26-tierra-colorada-chichicaspatl-tlalpan-14108-ciudad-de-mexico-cdmx-26-chichicaspatl-df-30577723#pagina=43&tipos=casas-venta&area=ciudad-de-mexico&pos=9
Ciudad De Mexico,43,"$1,020,000
MXN","Venta casa en COLONIA MONTEBELLO, Col. San Pedro El Chico, Gustavo A. Madero, DF / CDMX, México, C.P. 07480, ID: 29723058",4 Recámaras | 2 Baños | 179 m 2,https://propiedades.com/inmuebles/casa-en-venta-colonia-montebello-san-pedro-el-chico-df-29723058#pagina=43&tipos=casas-venta&area=ciudad-de-mexico&pos=10
Ciudad De Mexico,43,"$3,900,000
MXN","Casa disponible en venta en , Col. Del Mar, Tláhuac, DF / CDMX, México, C.P. 13270, ID: 29623434",4 Recámaras | 3 Baños | 250 m 2,https://propiedades.com/inmuebles/casa-en-venta-del-mar-df-29623434#pagina=43&tipos=casas-venta&area=ciudad-de-mexico&pos=11
Ciudad De Mexico,43,"$700,000
MXN","Se vende casa en PIÑA #s/n, Col. Nueva Santa Maria, Azcapotzalco, DF / CDMX, México, C.P. 02800, ID: 29893677",4 Recámaras | 2 Baños | 300 m 2,https://propiedades.com/inmuebles/casa-en-venta-pina-sn-nueva-santa-maria-df-29893677#pagina=43&tipos=casas-venta&area=ciudad-de-mexico&pos=12
Ciudad De Mexico,43,"$570,000
MXN","Casa disponible en venta en Don Refugio 16, Coapa, Coapa 2da Secc, Tlalpan, 14326 Ciudad de México, CDMX #16, Col. Tenorios INFONAVIT, Tlalpan, DF / CDMX, México, C.P. 14326, ID: 30404049",4 Recámaras | 2 Baños | 240 m 2,https://propiedades.com/inmuebles/casa-en-venta-don-refugio-16-coapa-coapa-2da-secc-tlalpan-14326-ciudad-de-mexico-cdmx-16-tenorios-infonavit-df-30404049#pagina=43&tipos=casas-venta&area=ciudad-de-mexico&pos=13
Ciudad De Mexico,43,"$11,000,000
MXN",", Col. Vertiz Narvarte, Benito Juárez, DF / CDMX, México, C.P. 03600, ID: 27349694",3 Recámaras | 2 Baños | 170 m 2,https://propiedades.com/inmuebles/casa-en-venta-vertiz-narvarte-df-27349694#pagina=43&tipos=casas-venta&area=ciudad-de-mexico&pos=14
Ciudad De Mexico,43,"$2,400,000
MXN","Venta de casa en Santa Martha Acatitla, Ciudad de México, CDMX #s/n, Col. Santa Martha Acatitla, Iztapalapa, DF / CDMX, México, C.P. 09510, ID: 30577580",3 Recámaras | 1 Baño | 135 m 2,https://propiedades.com/inmuebles/casa-en-venta-santa-martha-acatitla-ciudad-de-mexico-cdmx-sn-santa-martha-acatitla-df-30577580#pagina=43&tipos=casas-venta&area=ciudad-de-mexico&pos=15
Ciudad De Mexico,43,"$4,300,000
MXN","Se vende casa en Valentin Canalizo #92, Col. Martín Carrera, Gustavo A. Madero, DF / CDMX, México, C.P. 07070, ID: 28666420",6 Recámaras | 5 Baños | 300 m 2,https://propiedades.com/inmuebles/casa-en-venta-valentin-canalizo-92-martin-carrera-df-28666420#pagina=43&tipos=casas-venta&area=ciudad-de-mexico&pos=16
Ciudad De Mexico,43,"$47,000,000
MXN","Venta casa en Bosque de Tabachines, Bosques de las Lomas, Ciudad de México, CDMX #152, Col. Bosques de las Lomas, Cuajimalpa de Morelos, DF / CDMX, México, C.P. 05120, ID: 30734116",4 Recámaras | 4 Baños | 640 m 2,https://propiedades.com/inmuebles/casa-en-venta-bosque-de-tabachines-bosques-de-las-lomas-ciudad-de-mexico-cdmx-152-bosques-de-las-lomas-df-30734116#pagina=43&tipos=casas-venta&area=ciudad-de-mexico&pos=17
Ciudad De Mexico,43,"$17,000,000
MXN","00, Col. Colinas del Bosque, Tlalpan, DF / CDMX, México, C.P. 14608, ID: 30087775",3 Recámaras | 4 Baños | 435 m 2,https://propiedades.com/inmuebles/casa-en-venta-00-colinas-del-bosque-df-30087775#pagina=43&tipos=casas-venta&area=ciudad-de-mexico&pos=18
Ciudad De Mexico,43,"$11,000,000
MXN","Anaxagoras #585, Col. Narvarte Poniente, Benito Juárez, DF / CDMX, México, C.P. 03020, ID: 29166361",4 Recámaras | 4 Baños | 350 m 2,https://propiedades.com/inmuebles/casa-en-venta-anaxagoras-585-narvarte-poniente-df-29166361#pagina=43&tipos=casas-venta&area=ciudad-de-mexico&pos=19
Ciudad De Mexico,43,"$595,000
MXN","Venta casa en Poniente 54 3383 #3383, Col. Obrero Popular, Azcapotzalco, DF / CDMX, México, C.P. 02840, ID: 29708444",3 Recámaras | 2 Baños | 140 m 2,
Ciudad De Mexico,43,"$15,500,000
MXN","Venta de casa en Calz. de Tlalpan, Col. Santa Ursula Coapa, Coyoacán, DF / CDMX, México, C.P. 04650, ID: 28813268",25 m 2,https://propiedades.com/inmuebles/casa-en-venta-calz-de-tlalpan-santa-ursula-coapa-df-28813268#pagina=43&tipos=casas-venta&area=ciudad-de-mexico&pos=21
Ciudad De Mexico,43,"$720,000
MXN","Se vende casa C. Frambuesa 128, Nueva Santa María, Azcapotzalco, 02800 Ciudad de México, CDMX #128, Col. Nueva Santa Maria, Azcapotzalco, DF / CDMX, México, C.P. 02800, ID: 30545263",4 Recámaras | 2 Baños | 195 m 2,https://propiedades.com/inmuebles/casa-en-venta-c-frambuesa-128-nueva-santa-maria-azcapotzalco-02800-ciudad-de-mexico-cdmx-128-nueva-santa-maria-df-30545263#pagina=43&tipos=casas-venta&area=ciudad-de-mexico&pos=22
Ciudad De Mexico,43,"$902,577
MXN","Venta de casa en , Col. Victoria de las Democracias, Azcapotzalco, DF / CDMX, México, C.P. 02810, ID: 29137194",3 Recámaras | 2 Baños | 140 m 2,https://propiedades.com/inmuebles/casa-en-venta-victoria-de-las-democracias-df-29137194#pagina=43&tipos=casas-venta&area=ciudad-de-mexico&pos=23
Ciudad De Mexico,43,"$8,500,000
MXN","Venta de casa Calz. de los Misterios, Vallejo, Ciudad de México, CDMX #s/n, Col. Peralvillo, Cuauhtémoc, DF / CDMX, México, C.P. 06220, ID: 30277638",1 Recámara | 1 Baño | 140 m 2,https://propiedades.com/inmuebles/casa-en-venta-calz-de-los-misterios-vallejo-ciudad-de-mexico-cdmx-sn-peralvillo-df-30277638#pagina=43&tipos=casas-venta&area=ciudad-de-mexico&pos=24
Ciudad De Mexico,43,"$8,300,000
MXN","Se vende casa en santander #s/n, Col. Villas de Azcapotzalco, Azcapotzalco, DF / CDMX, México, C.P. 02169, ID: 29408452",3 Recámaras | 2 Baños | 235 m 2,https://propiedades.com/inmuebles/casa-en-venta-santander-sn-villas-de-azcapotzalco-df-29408452#pagina=43&tipos=casas-venta&area=ciudad-de-mexico&pos=25
Ciudad De Mexico,43,"$3,000,000
MXN","Venta de casa en Julian Carrillo #141, Col. Ex-Hipódromo de Peralvillo, Cuauhtémoc, DF / CDMX, México, C.P. 06250, ID: 29546587",2 Recámaras | 2 Baños | 172 m 2,https://propiedades.com/inmuebles/casa-en-venta-julian-carrillo-141-exhipodromo-de-peralvillo-df-29546587#pagina=43&tipos=casas-venta&area=ciudad-de-mexico&pos=26
Ciudad De Mexico,43,"$7,000,000
MXN","Lago Zirahuen #96, Col. Anahuac I Sección, Miguel Hidalgo, DF / CDMX, México, C.P. 11320, ID: 29527195",4 Recámaras | 2 Baños | 266 m 2,https://propiedades.com/inmuebles/casa-en-venta-lago-zirahuen-96-anahuac-i-seccion-df-29527195#pagina=43&tipos=casas-venta&area=ciudad-de-mexico&pos=27
Ciudad De Mexico,43,"$19,500,000
MXN","Venta de casa Amores 1653 #1653, Col. Del Valle Sur, Benito Juárez, DF / CDMX, México, C.P. 03104, ID: 29430406",5 Recámaras | 5 Baños | 340 m 2,https://propiedades.com/inmuebles/casa-en-venta-amores-1653-1653-del-valle-sur-df-29430406#pagina=43&tipos=casas-venta&area=ciudad-de-mexico&pos=28
Ciudad De Mexico,43,"$2,800,000
MXN","Tejones #s/n, Col. Nativitas, Xochimilco, DF / CDMX, México, C.P. 16797, ID: 30395623",3 Recámaras | 2 Baños | 149 m 2,https://propiedades.com/inmuebles/casa-en-venta-tejones-sn-nativitas-df-30395623#pagina=43&tipos=casas-venta&area=ciudad-de-mexico&pos=29
Ciudad De Mexico,43,"$4,250,000
MXN","Venta de casa en Calle Diamante #s/n, Col. Estrella, Gustavo A. Madero, DF / CDMX, México, C.P. 07810, ID: 30162501",2 Recámaras | 1 Baño | 80 m 2,https://propiedades.com/inmuebles/casa-en-venta-calle-diamante-sn-estrella-df-30162501#pagina=43&tipos=casas-venta&area=ciudad-de-mexico&pos=30
Ciudad De Mexico,43,"$710,926
MXN","Casa en venta disponible en Calle 23 148 # , Col. Pro-Hogar, Azcapotzalco, DF / CDMX, México, C.P. 02600, ID: 28730167",4 Recámaras | 3 Baños | 276 m 2,https://propiedades.com/inmuebles/casa-en-venta-calle-23-148--prohogar-df-28730167#pagina=43&tipos=casas-venta&area=ciudad-de-mexico&pos=31
Ciudad De Mexico,43,"$29,000,000
MXN","Se vende casa en tepozteco, Col. Colinas del Bosque, Tlalpan, DF / CDMX, México, C.P. 14608, ID: 27632586",4 Recámaras | 5 Baños | 700 m 2,
Ciudad De Mexico,43,"$7,563,100
MXN","Venta de casa en Hoover #s/n, Col. Presidentes, Álvaro Obregón, DF / CDMX, México, C.P. 01290, ID: 29446071",4 Recámaras | 2 Baños | 480 m 2,https://propiedades.com/inmuebles/casa-en-venta-hoover-sn-presidentes-df-29446071#pagina=43&tipos=casas-venta&area=ciudad-de-mexico&pos=33
Ciudad De Mexico,43,"$2,600,000
MXN","Casa en venta disponible en Av Las Torres, Col. Santiago Tulyehualco, Xochimilco, DF / CDMX, México, C.P. 16700, ID: 28644053",4 Recámaras | 2 Baños | 370 m 2,https://propiedades.com/inmuebles/casa-en-venta-av-las-torres-santiago-tulyehualco-df-28644053#pagina=43&tipos=casas-venta&area=ciudad-de-mexico&pos=34
Ciudad De Mexico,43,"$8,750,000
MXN",", Col. Jardín Balbuena, Venustiano Carranza, DF / CDMX, México, C.P. 15900, ID: 28365630",5 Recámaras | 2 Baños | 216 m 2,https://propiedades.com/inmuebles/casa-en-venta-jardin-balbuena-df-28365630#pagina=43&tipos=casas-venta&area=ciudad-de-mexico&pos=35
Ciudad De Mexico,43,"$25,000,000
MXN",", Col. Polanco IV Sección, Miguel Hidalgo, DF / CDMX, México, C.P. 11550, ID: 29219327",3 Recámaras | 2 Baños | 345 m 2,https://propiedades.com/inmuebles/casa-en-venta-polanco-iv-seccion-df-29219327#pagina=43&tipos=casas-venta&area=ciudad-de-mexico&pos=36
Ciudad De Mexico,43,"$4,100,000
MXN","Casa en venta disponible en Calle Jón Palacio 26 #26, Col. La Asunción, Iztapalapa, DF / CDMX, México, C.P. 09000, ID: 30008155",5 Recámaras | 2 Baños | 260 m 2,https://propiedades.com/inmuebles/casa-en-venta-calle-jon-palacio-26-26-la-asuncion-df-30008155#pagina=43&tipos=casas-venta&area=ciudad-de-mexico&pos=37
Ciudad De Mexico,43,"$612,500
MXN","Casa en venta, LIC. ENRRIQUE A ENRRIQUES #0, Col. Constitución de 1917, Iztapalapa, DF / CDMX, México, C.P. 09260, ID: 29137132",3 Recámaras | 2 Baños | 190 m 2,
Ciudad De Mexico,43,"$8,500,000
MXN","Venta de casa Club Necaxa, Col. Villa Lázaro Cárdenas, Tlalpan, DF / CDMX, México, C.P. 14370, ID: 30018224",5 Recámaras | 4 Baños | 400 m 2,https://propiedades.com/inmuebles/casa-en-venta-club-necaxa-villa-lazaro-cardenas-df-30018224#pagina=43&tipos=casas-venta&area=ciudad-de-mexico&pos=39
Ciudad De Mexico,43,"$5,500,000
MXN","Venta de casa en CERRO MACUILTEPEC #s/n, Col. Campestre Churubusco, Coyoacán, DF / CDMX, México, C.P. 04200, ID: 29423070",3 Recámaras | 2 Baños | 200 m 2,https://propiedades.com/inmuebles/casa-en-venta-cerro-macuiltepec-sn-campestre-churubusco-df-29423070#pagina=43&tipos=casas-venta&area=ciudad-de-mexico&pos=40
Ciudad De Mexico,43,"$6,753,385
MXN","Coscomate 65 #65, Col. Toriello Guerra, Tlalpan, DF / CDMX, México, C.P. 14050, ID: 29932239",3 Recámaras | 3 Baños | 390 m 2,
Ciudad De Mexico,43,"$17,995,000
MXN","Venta de casa en Loma Bonita, San Jerónimo Aculco, 10400 Ciudad de México, CDMX, Col. San Jerónimo Aculco, La Magdalena Contreras, DF / CDMX, México, C.P. 10400, ID: 30435809",4 Recámaras | 4 Baños | 435 m 2,https://propiedades.com/inmuebles/casa-en-venta-loma-bonita-san-jeronimo-aculco-10400-ciudad-de-mexico-cdmx-san-jeronimo-aculco-df-30435809#pagina=43&tipos=casas-venta&area=ciudad-de-mexico&pos=42
Ciudad De Mexico,43,"$3,347,000
MXN","Tizoc, Centro de Azcapotzalco, 02000 Ciudad de México, CDMX, Col. Centro de Azcapotzalco, Azcapotzalco, DF / CDMX, México, C.P. 02000, ID: 30477285",2 Recámaras | 1 Baño | 64 m 2,https://propiedades.com/inmuebles/casa-en-venta-tizoc-centro-de-azcapotzalco-02000-ciudad-de-mexico-cdmx-centro-de-azcapotzalco-df-30477285#pagina=43&tipos=casas-venta&area=ciudad-de-mexico&pos=43
Ciudad De Mexico,43,"$8,900,000
MXN","Playa Tecolutla, Militar Marte, Ciudad de México, CDMX #s/n, Col. Militar Marte, Iztacalco, DF / CDMX, México, C.P. 08830, ID: 30519439",7 Recámaras | 5 Baños | 453 m 2,https://propiedades.com/inmuebles/casa-en-venta-playa-tecolutla-militar-marte-ciudad-de-mexico-cdmx-sn-militar-marte-df-30519439#pagina=43&tipos=casas-venta&area=ciudad-de-mexico&pos=44
Ciudad De Mexico,43,"$11,700,000
MXN","Se vende casa Cuzco #s/n, Col. Lindavista Norte, Gustavo A. Madero, DF / CDMX, México, C.P. 07300, ID: 30208288",4 Recámaras | 3 Baños | 363 m 2,https://propiedades.com/inmuebles/casa-en-venta-cuzco-sn-lindavista-norte-df-30208288#pagina=43&tipos=casas-venta&area=ciudad-de-mexico&pos=45
Ciudad De Mexico,43,"$650,000
MXN","Venta de casa Natal #0, Col. Churubusco Tepeyac, Gustavo A. Madero, DF / CDMX, México, C.P. 07730, ID: 29137115",3 Recámaras | 3 Baños | 200 m 2,https://propiedades.com/inmuebles/casa-en-venta-natal-churubusco-tepeyac-df-29137115#pagina=43&tipos=casas-venta&area=ciudad-de-mexico&pos=46
Ciudad De Mexico,43,"$17,000,000
MXN","Venta de casa Cerrada de las Flores, Col. Ocotillos del Pueblo Tetelpan, Álvaro Obregón, DF / CDMX, México, C.P. 01700, ID: 27437540",3 Recámaras | 2 Baños | 553 m 2,https://propiedades.com/inmuebles/casa-en-venta-cerrada-de-las-flores-ocotillos-del-pueblo-tetelpan-df-27437540#pagina=43&tipos=casas-venta&area=ciudad-de-mexico&pos=47
Ciudad De Mexico,44,"$6,500,000
MXN","Casa disponible en venta en Conkal, Col. Héroes de Padierna, Tlalpan, DF / CDMX, México, C.P. 14200, ID: 28970814",4 Recámaras | 4 Baños | 234 m 2,https://propiedades.com/inmuebles/casa-en-venta-conkal-heroes-de-padierna-df-28970814#pagina=44&tipos=casas-venta&area=ciudad-de-mexico&pos=1
Ciudad De Mexico,44,"$903,807
MXN","Calle Heliópolis 94 #94, Col. Clavería, Azcapotzalco, DF / CDMX, México, C.P. 02080, ID: 30048694",3 Recámaras | 2 Baños | 150 m 2,https://propiedades.com/inmuebles/casa-en-venta-calle-heliopolis-94-94-claveria-df-30048694#pagina=44&tipos=casas-venta&area=ciudad-de-mexico&pos=2
Ciudad De Mexico,44,"$11,480,000
MXN","Casa disponible en venta en Oruro, Col. Lindavista Sur, Gustavo A. Madero, DF / CDMX, México, C.P. 07300, ID: 29475558",4 Recámaras | 2 Baños | 325 m 2,https://propiedades.com/inmuebles/casa-en-venta-oruro-lindavista-sur-df-29475558#pagina=44&tipos=casas-venta&area=ciudad-de-mexico&pos=3
Ciudad De Mexico,44,"$11,500,000
MXN","Avenida Canal de Miramontes 2152 #2152, Col. Avante, Coyoacán, DF / CDMX, México, C.P. 04460, ID: 28001153",9 Recámaras | 5 Baños | 437 m 2,https://propiedades.com/inmuebles/casa-en-venta-avenida-canal-de-miramontes-2152-2152-avante-df-28001153#pagina=44&tipos=casas-venta&area=ciudad-de-mexico&pos=4
Ciudad De Mexico,44,"$7,200,000
MXN","Se vende casa en Marisma 87, Ampliacion Los Alpes, Álvaro Obregón, 01010 Ciudad de México, CDMX #87, Col. Los Alpes, Álvaro Obregón, DF / CDMX, México, C.P. 01010, ID: 30623916",3 Recámaras | 2 Baños | 210 m 2,https://propiedades.com/inmuebles/casa-en-venta-marisma-87-ampliacion-los-alpes-alvaro-obregon-01010-ciudad-de-mexico-cdmx-87-los-alpes-df-30623916#pagina=44&tipos=casas-venta&area=ciudad-de-mexico&pos=5
Ciudad De Mexico,44,"$6,200,000
MXN","San Bartolo el Chico, 14380 Ciudad de México, CDMX #s/n, Col. El Arenal, Xochimilco, DF / CDMX, México, C.P. 16808, ID: 30616121",1 Recámara | 1 Baño | 170 m 2,https://propiedades.com/inmuebles/casa-en-venta-san-bartolo-el-chico-14380-ciudad-de-mexico-cdmx-sn-el-arenal-df-30616121#pagina=44&tipos=casas-venta&area=ciudad-de-mexico&pos=6
Ciudad De Mexico,44,"$829,841
MXN","Casa en venta, Tazmania #0, Col. Cosmopolita, Azcapotzalco, DF / CDMX, México, C.P. 02670, ID: 29137239",3 Recámaras | 2 Baños | 200 m 2,
Ciudad De Mexico,44,"$7,590,000
MXN","Casa en venta disponible en Iztaccihuatl, Ciudad de México, CDMX, Col. Iztaccihuatl, Benito Juárez, DF / CDMX, México, C.P. 03520, ID: 30561055",4 Recámaras | 3 Baños | 301 m 2,https://propiedades.com/inmuebles/casa-en-venta-iztaccihuatl-ciudad-de-mexico-cdmx-iztaccihuatl-df-30561055#pagina=44&tipos=casas-venta&area=ciudad-de-mexico&pos=8
Ciudad De Mexico,44,"$793,501
MXN","Venta casa en Jose Maria Rodriguez #000, Col. Constitución de 1917, Iztapalapa, DF / CDMX, México, C.P. 09260, ID: 29142800",3 Recámaras | 2 Baños | 150 m 2,
Ciudad De Mexico,44,"$950,000
MXN","Venta casa en Gamma 27, Romero de Terreros, Coyoacán, 04310 Ciudad de México, CDMX #27, Col. Monte de Piedad, Coyoacán, DF / CDMX, México, C.P. 04310, ID: 30404054",4 Recámaras | 2 Baños | 310 m 2,https://propiedades.com/inmuebles/casa-en-venta-gamma-27-romero-de-terreros-coyoacan-04310-ciudad-de-mexico-cdmx-27-monte-de-piedad-df-30404054#pagina=44&tipos=casas-venta&area=ciudad-de-mexico&pos=10
Ciudad De Mexico,44,"$4,799,999
MXN","Casa en venta disponible en Avenida 545, Col. San Juan de Aragón II Sección, Gustavo A. Madero, DF / CDMX, México, C.P. 07969, ID: 30434064",4 Recámaras | 2 Baños | 143 m 2,https://propiedades.com/inmuebles/casa-en-venta-avenida-545-san-juan-de-aragon-ii-seccion-df-30434064#pagina=44&tipos=casas-venta&area=ciudad-de-mexico&pos=11
Ciudad De Mexico,44,"$552,000
MXN","Venta de casa en Avenida Río Churubusco 339 # , Col. Granjas Princess, Iztacalco, DF / CDMX, México, C.P. 08400, ID: 28709063",3 Recámaras | 2 Baños | 553 m 2,https://propiedades.com/inmuebles/casa-en-venta-avenida-rio-churubusco-339--granjas-princess-df-28709063#pagina=44&tipos=casas-venta&area=ciudad-de-mexico&pos=12
Ciudad De Mexico,44,"$6,190,000
MXN","Se vende casa en Cl. Ote. 166, Moctezuma 2da Secc, 15530 Ciudad de México, CDMX #s/n, Col. Moctezuma 2a Sección, Venustiano Carranza, DF / CDMX, México, C.P. 15530, ID: 30289361",4 Recámaras | 3 Baños | 399 m 2,https://propiedades.com/inmuebles/casa-en-venta-cl-ote-166-moctezuma-2da-secc-15530-ciudad-de-mexico-cdmx-sn-moctezuma-2a-seccion-df-30289361#pagina=44&tipos=casas-venta&area=ciudad-de-mexico&pos=13
Ciudad De Mexico,44,"$4,990,000
MXN","Venta de casa Cda del Pozo #165, Col. Ocotillos del Pueblo Tetelpan, Álvaro Obregón, DF / CDMX, México, C.P. 01700, ID: 29914399",2 Recámaras | 2 Baños | 155 m 2,https://propiedades.com/inmuebles/casa-en-venta-cda-del-pozo-165-ocotillos-del-pueblo-tetelpan-df-29914399#pagina=44&tipos=casas-venta&area=ciudad-de-mexico&pos=14
Ciudad De Mexico,44,"$1,384,000
MXN",", Col. Siete Maravillas, Gustavo A. Madero, DF / CDMX, México, C.P. 07707, ID: 28960360",4 Recámaras | 3 Baños | 290 m 2,https://propiedades.com/inmuebles/casa-en-venta-siete-maravillas-df-28960360#pagina=44&tipos=casas-venta&area=ciudad-de-mexico&pos=15
Ciudad De Mexico,44,"$37,000,000
MXN",", Col. Insurgentes San Borja, Benito Juárez, DF / CDMX, México, C.P. 03100, ID: 28719146",10 Recámaras | 10 Baños | 450 m 2,https://propiedades.com/inmuebles/casa-en-venta-insurgentes-san-borja-df-28719146#pagina=44&tipos=casas-venta&area=ciudad-de-mexico&pos=16
Ciudad De Mexico,44,"$1,800,000
MXN","Venta casa en Gral. Arnulfo R. Gómez, Amp Caracol, 15650 Ciudad de México, CDMX #s/n, Col. Ampliación Caracol, Venustiano Carranza, DF / CDMX, México, C.P. 15650, ID: 30537325",3 Recámaras | 2 Baños | 221 m 2,https://propiedades.com/inmuebles/casa-en-venta-gral-arnulfo-r-gomez-amp-caracol-15650-ciudad-de-mexico-cdmx-sn-ampliacion-caracol-df-30537325#pagina=44&tipos=casas-venta&area=ciudad-de-mexico&pos=17
Ciudad De Mexico,44,"$9,000,000
MXN","Cali 685 #s/n, Col. Lindavista Norte, Gustavo A. Madero, DF / CDMX, México, C.P. 07300, ID: 29962257",3 Recámaras | 3 Baños | 240 m 2,https://propiedades.com/inmuebles/casa-en-venta-cali-685-sn-lindavista-norte-df-29962257#pagina=44&tipos=casas-venta&area=ciudad-de-mexico&pos=18
Ciudad De Mexico,44,"$850,000
MXN","Casa en venta, C. Heliópolis 106, San Miguel Amantla, Miguel Hidalgo, 02080 Ciudad de México, CDMX #106, Col. Clavería, Azcapotzalco, DF / CDMX, México, C.P. 02080, ID: 30404060",3 Recámaras | 2 Baños | 250 m 2,https://propiedades.com/inmuebles/casa-en-venta-c-heliopolis-106-san-miguel-amantla-miguel-hidalgo-02080-ciudad-de-mexico-cdmx-106-claveria-df-30404060#pagina=44&tipos=casas-venta&area=ciudad-de-mexico&pos=19
Ciudad De Mexico,44,"$8,800,000
MXN","Casa en venta, Pujato #41, Col. Lindavista Norte, Gustavo A. Madero, DF / CDMX, México, C.P. 07300, ID: 29926977",3 Recámaras | 3 Baños | 240 m 2,https://propiedades.com/inmuebles/casa-en-venta-pujato-41-lindavista-norte-df-29926977#pagina=44&tipos=casas-venta&area=ciudad-de-mexico&pos=20
Ciudad De Mexico,44,"$680,000
MXN","Casa en venta, Mocambo #0, Col. Reforma Iztaccihuatl Sur, Iztacalco, DF / CDMX, México, C.P. 08840, ID: 29136932",3 Recámaras | 2 Baños | 142 m 2,https://propiedades.com/inmuebles/casa-en-venta-mocambo-reforma-iztaccihuatl-sur-df-29136932#pagina=44&tipos=casas-venta&area=ciudad-de-mexico&pos=21
Ciudad De Mexico,44,"$1,113,527
MXN","Casa disponible en venta en Aldaco, Col. Centro (Área 1), Cuauhtémoc, DF / CDMX, México, C.P. 06000, ID: 29925962",3 Recámaras | 2 Baños | 55 m 2,https://propiedades.com/inmuebles/casa-en-venta-aldaco-centro-area-1-df-29925962#pagina=44&tipos=casas-venta&area=ciudad-de-mexico&pos=22
Ciudad De Mexico,44,"$888,527
MXN","Venta casa en Hacienda de La Condesa 33 #33, Col. Prados del Rosario, Azcapotzalco, DF / CDMX, México, C.P. 02410, ID: 29747469",3 Recámaras | 1 Baño | 185 m 2,https://propiedades.com/inmuebles/casa-en-venta-hacienda-de-la-condesa-33-33-prados-del-rosario-df-29747469#pagina=44&tipos=casas-venta&area=ciudad-de-mexico&pos=23
Ciudad De Mexico,44,"$8,800,000
MXN","Venta casa en Tajín, Col. Narvarte Poniente, Benito Juárez, DF / CDMX, México, C.P. 03020, ID: 29795663",10 Recámaras | 3 Baños | 360 m 2,https://propiedades.com/inmuebles/casa-en-venta-tajin-narvarte-poniente-df-29795663#pagina=44&tipos=casas-venta&area=ciudad-de-mexico&pos=24
Ciudad De Mexico,44,"$4,680,510
MXN","Venta de casa Hortensia, Col. Ejidos de San Pedro Mártir, Tlalpan, DF / CDMX, México, C.P. 14640, ID: 30052960",2 Recámaras | 1 Baño | 190 m 2,https://propiedades.com/inmuebles/casa-en-venta-hortensia-ejidos-de-san-pedro-martir-df-30052960#pagina=44&tipos=casas-venta&area=ciudad-de-mexico&pos=25
Ciudad De Mexico,44,"$9,000,000
MXN","Prolongación División del Norte, Col. Prado Coapa 1A Sección, Tlalpan, DF / CDMX, México, C.P. 14350, ID: 30399070",4 Recámaras | 2 Baños | 220 m 2,https://propiedades.com/inmuebles/casa-en-venta-prolongacion-division-del-norte-prado-coapa-1a-seccion-df-30399070#pagina=44&tipos=casas-venta&area=ciudad-de-mexico&pos=26
Ciudad De Mexico,44,"$80,000,000
MXN","Venta de casa en Agustín Ahumada Villalón, Col. Lomas de Chapultepec V Sección, Miguel Hidalgo, DF / CDMX, México, C.P. 11000, ID: 29834929",3 Recámaras | 3 Baños | 722 m 2,https://propiedades.com/inmuebles/casa-en-venta-agustin-ahumada-villalon-lomas-de-chapultepec-v-seccion-df-29834929#pagina=44&tipos=casas-venta&area=ciudad-de-mexico&pos=27
Ciudad De Mexico,44,"$120,000,000
MXN","Casa en venta disponible en miguel hidalgo, Col. Lomas de Chapultepec V Sección, Miguel Hidalgo, DF / CDMX, México, C.P. 11000, ID: 29773316",4 Recámaras | 6 Baños | 1400 m 2,https://propiedades.com/inmuebles/casa-en-venta-miguel-hidalgo-lomas-de-chapultepec-v-seccion-df-29773316#pagina=44&tipos=casas-venta&area=ciudad-de-mexico&pos=28
Ciudad De Mexico,44,"$3,600,000
MXN","Se vende casa Estudios Churubusco 44 #44, Col. La Asunción, Iztacalco, DF / CDMX, México, C.P. 08600, ID: 29967525",4 Recámaras | 2 Baños | 154 m 2,https://propiedades.com/inmuebles/casa-en-venta-estudios-churubusco-44-44-la-asuncion-df-29967525#pagina=44&tipos=casas-venta&area=ciudad-de-mexico&pos=29
Ciudad De Mexico,44,"$36,000,000
MXN","Se vende casa Monte Altai 420 #420, Col. Lomas de Chapultepec V Sección, Miguel Hidalgo, DF / CDMX, México, C.P. 11000, ID: 29742629",4 Recámaras | 5 Baños | 600 m 2,https://propiedades.com/inmuebles/casa-en-venta-monte-altai-420-420-lomas-de-chapultepec-v-seccion-df-29742629#pagina=44&tipos=casas-venta&area=ciudad-de-mexico&pos=30
Ciudad De Mexico,44,"$4,830,000
MXN","Afrodita 86, San José Buenavista, Iztapalapa, 09706 Ciudad de México, CDMX #86, Col. San José Buenavista, Iztapalapa, DF / CDMX, México, C.P. 09706, ID: 30693752",4 Recámaras | 4 Baños | 333 m 2,https://propiedades.com/inmuebles/casa-en-venta-afrodita-86-san-jose-buenavista-iztapalapa-09706-ciudad-de-mexico-cdmx-86-san-jose-buenavista-df-30693752#pagina=44&tipos=casas-venta&area=ciudad-de-mexico&pos=31
Ciudad De Mexico,44,"$3,400,000
MXN","Real del Moral, 09010 Ciudad de México, CDMX, Col. Real del Moral, Iztapalapa, DF / CDMX, México, C.P. 09010, ID: 30561284",3 Recámaras | 1 Baño | 74 m 2,https://propiedades.com/inmuebles/casa-en-venta-real-del-moral-09010-ciudad-de-mexico-cdmx-real-del-moral-df-30561284#pagina=44&tipos=casas-venta&area=ciudad-de-mexico&pos=32
Ciudad De Mexico,44,"$11,890,000
MXN","Matagalpa, Col. Residencial Zacatenco, Gustavo A. Madero, DF / CDMX, México, C.P. 07369, ID: 29773284",3 Recámaras | 3 Baños | 300 m 2,https://propiedades.com/inmuebles/casa-en-venta-matagalpa-residencial-zacatenco-df-29773284#pagina=44&tipos=casas-venta&area=ciudad-de-mexico&pos=33
Ciudad De Mexico,44,"$10,000,000
MXN","Calle Otoño 16 #16, Col. Angel Zimbron, Azcapotzalco, DF / CDMX, México, C.P. 02099, ID: 29695996",1 Recámara | 1 Baño | 550 m 2,https://propiedades.com/inmuebles/casa-en-venta-calle-otono-16-16-angel-zimbron-df-29695996#pagina=44&tipos=casas-venta&area=ciudad-de-mexico&pos=34
Ciudad De Mexico,44,"$10,500,000
MXN","Se vende casa en Puno, 07300 Ciudad de México, CDMX #s/n, Col. Lindavista Norte, Gustavo A. Madero, DF / CDMX, México, C.P. 07300, ID: 30386808",4 Recámaras | 3 Baños | 236 m 2,https://propiedades.com/inmuebles/casa-en-venta-puno-07300-ciudad-de-mexico-cdmx-sn-lindavista-norte-df-30386808#pagina=44&tipos=casas-venta&area=ciudad-de-mexico&pos=35
Ciudad De Mexico,44,"$1,290,000
MXN","Casa en venta disponible en , Col. Nueva Santa Maria, Azcapotzalco, DF / CDMX, México, C.P. 02800, ID: 28956472",4 Recámaras | 3 Baños | 250 m 2,https://propiedades.com/inmuebles/casa-en-venta-nueva-santa-maria-df-28956472#pagina=44&tipos=casas-venta&area=ciudad-de-mexico&pos=36
Ciudad De Mexico,44,"$1,080,000
MXN","Venta de casa en , Col. Xaltocan, Xochimilco, DF / CDMX, México, C.P. 16090, ID: 28943187",4 Recámaras | 3 Baños | 140 m 2,https://propiedades.com/inmuebles/casa-en-venta-xaltocan-df-28943187#pagina=44&tipos=casas-venta&area=ciudad-de-mexico&pos=37
Ciudad De Mexico,44,"$1,700,000
MXN","Se vende casa en Av. Tlahuac 1577, UH mirasoles, Iztapalapa, 09790 Ciudad de México, CDMX #1577, Col. San Lorenzo Tezonco, Iztapalapa, DF / CDMX, México, C.P. 09790, ID: 30387270",2 Recámaras | 2 Baños | 65 m 2,https://propiedades.com/inmuebles/casa-en-venta-av-tlahuac-1577-uh-mirasoles-iztapalapa-09790-ciudad-de-mexico-cdmx-1577-san-lorenzo-tezonco-df-30387270#pagina=44&tipos=casas-venta&area=ciudad-de-mexico&pos=38
Ciudad De Mexico,44,"$760,951
MXN","Casa en venta, 625 #0, Col. San Juan de Aragón, Gustavo A. Madero, DF / CDMX, México, C.P. 07950, ID: 29137086",4 Recámaras | 3 Baños | 260 m 2,https://propiedades.com/inmuebles/casa-en-venta-625-san-juan-de-aragon-df-29137086#pagina=44&tipos=casas-venta&area=ciudad-de-mexico&pos=39
Ciudad De Mexico,44,"$8,500,000
MXN","Se vende casa en Rosa de Bengala, Molino de Rosas, 01470 Ciudad de México, CDMX #94, Col. Molino de Rosas, Álvaro Obregón, DF / CDMX, México, C.P. 01470, ID: 30485557",4 Recámaras | 2 Baños | 182 m 2,https://propiedades.com/inmuebles/casa-en-venta-rosa-de-bengala-molino-de-rosas-01470-ciudad-de-mexico-cdmx-94-molino-de-rosas-df-30485557#pagina=44&tipos=casas-venta&area=ciudad-de-mexico&pos=40
Ciudad De Mexico,44,"$799,483
MXN","Casa en venta disponible en AV CUMBRES DE MALTRATA #s/n, Col. Periodista, Benito Juárez, DF / CDMX, México, C.P. 03620, ID: 29980540",4 Recámaras | 2 Baños | 256 m 2,https://propiedades.com/inmuebles/casa-en-venta-av-cumbres-de-maltrata-sn-periodista-df-29980540#pagina=44&tipos=casas-venta&area=ciudad-de-mexico&pos=41
Ciudad De Mexico,44,"$3,500,000
MXN","Se vende casa en Pto. Coatzacoalcos, Col. Ampliación Casas Alemán, Gustavo A. Madero, DF / CDMX, México, C.P. 07580, ID: 29545788",3 Recámaras | 3 Baños | 220 m 2,https://propiedades.com/inmuebles/casa-en-venta-pto-coatzacoalcos-ampliacion-casas-aleman-df-29545788#pagina=44&tipos=casas-venta&area=ciudad-de-mexico&pos=42
Ciudad De Mexico,44,"$1,122,600
MXN","Playa Tambuco 52 #52, Col. Reforma Iztaccihuatl Sur, Iztacalco, DF / CDMX, México, C.P. 08840, ID: 29956508",4 Recámaras | 4 Baños | 225 m 2,https://propiedades.com/inmuebles/casa-en-venta-playa-tambuco-52-52-reforma-iztaccihuatl-sur-df-29956508#pagina=44&tipos=casas-venta&area=ciudad-de-mexico&pos=43
Ciudad De Mexico,44,"$9,500,000
MXN","Venta casa en Chimalcoyotl, Chimalcoyoc, 14630 Ciudad de México, CDMX, Col. Chimalcoyoc, Tlalpan, DF / CDMX, México, C.P. 14630, ID: 30649718",4 Recámaras | 3 Baños | 290 m 2,https://propiedades.com/inmuebles/casa-en-venta-chimalcoyotl-chimalcoyoc-14630-ciudad-de-mexico-cdmx-chimalcoyoc-df-30649718#pagina=44&tipos=casas-venta&area=ciudad-de-mexico&pos=44
Ciudad De Mexico,44,"$10,000,000
MXN","Venta casa en Álvaro Reséndiz, Coapa, Presidentes Ejidales 1ra Secc, 04470 Ciudad de México, CDMX #s/n, Col. Presidentes Ejidales 2a Sección, Coyoacán, DF / CDMX, México, C.P. 04470, ID: 30158449",4 Recámaras | 3 Baños | 300 m 2,https://propiedades.com/inmuebles/casa-en-venta-alvaro-resendiz-coapa-presidentes-ejidales-1ra-secc-04470-ciudad-de-mexico-cdmx-sn-presidentes-ejidales-2a-seccion-df-30158449#pagina=44&tipos=casas-venta&area=ciudad-de-mexico&pos=45
Ciudad De Mexico,44,"$9,800,000
MXN","Venta de casa en C. Hermenegildo Galeana 11, San Jerónimo Lídice, La Magdalena Contreras, 02860 Ciudad de México, CDM #11, Col. Tlatilco, Azcapotzalco, DF / CDMX, México, C.P. 02860, ID: 30605213",3 Recámaras | 2 Baños | 185 m 2,https://propiedades.com/inmuebles/casa-en-venta-c-hermenegildo-galeana-11-san-jeronimo-lidice-la-magdalena-contreras-02860-ciudad-de-mexico-cdm-11-tlatilco-df-30605213#pagina=44&tipos=casas-venta&area=ciudad-de-mexico&pos=46
Ciudad De Mexico,44,"$5,310,000
MXN","Casa en venta disponible en Lomas de Padierna, Ciudad de México, CDMX -VD- #s/n, Col. Lomas de Padierna Sur, Tlalpan, DF / CDMX, México, C.P. 14740, ID: 30439602",4 Recámaras | 4 Baños | 284 m 2,https://propiedades.com/inmuebles/casa-en-venta-lomas-de-padierna-ciudad-de-mexico-cdmx-vd-sn-lomas-de-padierna-sur-df-30439602#pagina=44&tipos=casas-venta&area=ciudad-de-mexico&pos=47
Ciudad De Mexico,45,"$19,000,000
MXN","Casa en venta disponible en Amores, Col del Valle Sur, Ciudad de México, CDMX, Col. Del Valle Centro, Benito Juárez, DF / CDMX, México, C.P. 03100, ID: 30528588",5 Recámaras | 5 Baños | 338 m 2,https://propiedades.com/inmuebles/casa-en-venta-amores-col-del-valle-sur-ciudad-de-mexico-cdmx-del-valle-centro-df-30528588#pagina=45&tipos=casas-venta&area=ciudad-de-mexico&pos=1
Ciudad De Mexico,45,"$2,790,000
USD","Sierra Guadarrama, Col. Lomas de Chapultepec I Sección, Miguel Hidalgo, DF / CDMX, México, C.P. 11000, ID: 20028522",3 Recámaras | 5 Baños | 688 m 2,https://propiedades.com/inmuebles/casa-en-venta-sierra-guadarrama-lomas-de-chapultepec-i-seccion-df-20028522#pagina=45&tipos=casas-venta&area=ciudad-de-mexico&pos=2
Ciudad De Mexico,45,"$817,000
MXN","Casa en venta disponible en Talabarteros #531, Col. Ampliación Michoacana, Venustiano Carranza, DF / CDMX, México, C.P. 15250, ID: 29992072",3 Recámaras | 3 Baños | 126 m 2,https://propiedades.com/inmuebles/casa-en-venta-talabarteros-531-ampliacion-michoacana-df-29992072#pagina=45&tipos=casas-venta&area=ciudad-de-mexico&pos=3
Ciudad De Mexico,45,"$2,949,396
MXN","Venta de casa en C. Sur 105, Popular, Ciudad de México, CDMX #105, Col. Sector Popular, Iztapalapa, DF / CDMX, México, C.P. 09060, ID: 30237249",4 Recámaras | 2 Baños | 245 m 2,https://propiedades.com/inmuebles/casa-en-venta-c-sur-105-popular-ciudad-de-mexico-cdmx-105-sector-popular-df-30237249#pagina=45&tipos=casas-venta&area=ciudad-de-mexico&pos=4
Ciudad De Mexico,45,"$7,800,000
MXN","Venta de casa Manta, Lindavista Sur, Gustavo A. Madero, 07300 Ciudad de México, CDMX, Col. Lindavista Norte, Gustavo A. Madero, DF / CDMX, México, C.P. 07300, ID: 30313183",3 Recámaras | 3 Baños | 250 m 2,https://propiedades.com/inmuebles/casa-en-venta-manta-lindavista-sur-gustavo-a-madero-07300-ciudad-de-mexico-cdmx-lindavista-norte-df-30313183#pagina=45&tipos=casas-venta&area=ciudad-de-mexico&pos=5
Ciudad De Mexico,45,"$29,900,000
MXN","Paseo de las Lomas, 01330 Ciudad de México, CDMX, Col. Paseo de las Lomas, Álvaro Obregón, DF / CDMX, México, C.P. 01330, ID: 30680481",4 Recámaras | 5 Baños | 750 m 2,https://propiedades.com/inmuebles/casa-en-venta-paseo-de-las-lomas-01330-ciudad-de-mexico-cdmx-paseo-de-las-lomas-df-30680481#pagina=45&tipos=casas-venta&area=ciudad-de-mexico&pos=6
Ciudad De Mexico,45,"$15,900,000
MXN","Se vende casa en General Anaya #382, Col. Del Carmen, Coyoacán, DF / CDMX, México, C.P. 04100, ID: 30013173",5 Recámaras | 4 Baños | 215 m 2,
Ciudad De Mexico,45,"$5,290,000
MXN","Se vende casa en Ejido, Pueblo de Santiago Atzacoalco, Ciudad de México, CDMX, Col. Santiago Atzacoalco, Gustavo A. Madero, DF / CDMX, México, C.P. 07040, ID: 30611895",7 Recámaras | 7 Baños | 390 m 2,https://propiedades.com/inmuebles/casa-en-venta-ejido-pueblo-de-santiago-atzacoalco-ciudad-de-mexico-cdmx-santiago-atzacoalco-df-30611895#pagina=45&tipos=casas-venta&area=ciudad-de-mexico&pos=8
Ciudad De Mexico,45,"$12,500,000
MXN","Venta de casa Bartolache, Col. Del Valle Sur, Benito Juárez, DF / CDMX, México, C.P. 03104, ID: 28448326",4 Recámaras | 3 Baños | 317 m 2,https://propiedades.com/inmuebles/casa-en-venta-bartolache-del-valle-sur-df-28448326#pagina=45&tipos=casas-venta&area=ciudad-de-mexico&pos=9
Ciudad De Mexico,45,"$1,063,000
MXN","Venta de casa , Col. Nueva Santa Maria, Azcapotzalco, DF / CDMX, México, C.P. 02800, ID: 28960337",4 Recámaras | 2 Baños | 260 m 2,https://propiedades.com/inmuebles/casa-en-venta-nueva-santa-maria-df-28960337#pagina=45&tipos=casas-venta&area=ciudad-de-mexico&pos=10
Ciudad De Mexico,45,"$4,600,000
MXN","Casa en venta disponible en Conrado Pelayo #67, Col. Miguel Hidalgo, Tláhuac, DF / CDMX, México, C.P. 13200, ID: 28875567",3 Recámaras | 2 Baños | 218 m 2,https://propiedades.com/inmuebles/casa-en-venta-conrado-pelayo-67-miguel-hidalgo-df-28875567#pagina=45&tipos=casas-venta&area=ciudad-de-mexico&pos=11
Ciudad De Mexico,45,"$13,500,000
MXN","Se vende casa Las Águilas, 01710 Ciudad de México, CDMX #156, Col. Las Aguilas 1a Sección, Álvaro Obregón, DF / CDMX, México, C.P. 01750, ID: 30484468",5 Recámaras | 3 Baños | 353 m 2,https://propiedades.com/inmuebles/casa-en-venta-las-aguilas-01710-ciudad-de-mexico-cdmx-156-las-aguilas-1a-seccion-df-30484468#pagina=45&tipos=casas-venta&area=ciudad-de-mexico&pos=12
Ciudad De Mexico,45,"$630,000
MXN","Casa en venta, Piastras #0, Col. Ex Escuela de Tiro, Gustavo A. Madero, DF / CDMX, México, C.P. 07960, ID: 29137073",4 Recámaras | 3 Baños | 315 m 2,https://propiedades.com/inmuebles/casa-en-venta-piastras-ex-escuela-de-tiro-df-29137073#pagina=45&tipos=casas-venta&area=ciudad-de-mexico&pos=13
Ciudad De Mexico,45,"$7,000,000
MXN","Campo Vernet #2, Col. San Antonio, Azcapotzalco, DF / CDMX, México, C.P. 02720, ID: 29527505",3 Recámaras | 3 Baños | 200 m 2,https://propiedades.com/inmuebles/casa-en-venta-campo-vernet-2-san-antonio-df-29527505#pagina=45&tipos=casas-venta&area=ciudad-de-mexico&pos=14
Ciudad De Mexico,45,"$2,283,244
MXN","Tierra Blanca #s/n, Col. San Miguel Teotongo Sección Ranchito, Iztapalapa, DF / CDMX, México, C.P. 09630, ID: 30180521",3 Recámaras | 1 Baño | 276 m 2,https://propiedades.com/inmuebles/casa-en-venta-tierra-blanca-sn-san-miguel-teotongo-seccion-ranchito-df-30180521#pagina=45&tipos=casas-venta&area=ciudad-de-mexico&pos=15
Ciudad De Mexico,45,"$11,130,000
MXN","Se vende casa Progreso, Ciudad de México, CDMX, Col. Progreso Tizapan, Álvaro Obregón, DF / CDMX, México, C.P. 01080, ID: 30519299",7 Recámaras | 5 Baños | 650 m 2,https://propiedades.com/inmuebles/casa-en-venta-progreso-ciudad-de-mexico-cdmx-progreso-tizapan-df-30519299#pagina=45&tipos=casas-venta&area=ciudad-de-mexico&pos=16
Ciudad De Mexico,45,"$6,450,000
MXN","Casa en venta disponible en Lafayette 54, Villa Verdún, Álvaro Obregón, 01729 Ciudad de México, CDMX #s/n, Col. Alcantarilla, Álvaro Obregón, DF / CDMX, México, C.P. 01729, ID: 30561029",4 Recámaras | 4 Baños | 342 m 2,https://propiedades.com/inmuebles/casa-en-venta-lafayette-54-villa-verdun-alvaro-obregon-01729-ciudad-de-mexico-cdmx-sn-alcantarilla-df-30561029#pagina=45&tipos=casas-venta&area=ciudad-de-mexico&pos=17
Ciudad De Mexico,45,"$26,200,000
MXN","Nubes, Col. Jardines del Pedregal, Álvaro Obregón, DF / CDMX, México, C.P. 01900, ID: 29919628",3 Recámaras | 3 Baños | 445 m 2,https://propiedades.com/inmuebles/casa-en-venta-nubes-jardines-del-pedregal-df-29919628#pagina=45&tipos=casas-venta&area=ciudad-de-mexico&pos=18
Ciudad De Mexico,45,"$39,000,000
MXN","Casa en venta disponible en Eulalia, Col. Valle Gómez, Cuauhtémoc, DF / CDMX, México, C.P. 06240, ID: 28490475",5 Recámaras | 4 Baños | 258 m 2,https://propiedades.com/inmuebles/casa-en-venta-eulalia-valle-gomez-df-28490475#pagina=45&tipos=casas-venta&area=ciudad-de-mexico&pos=19
Ciudad De Mexico,45,"$1,100,000
MXN","Se vende casa ROBERTO GOMEZ #317, Col. Escuadrón 201, Iztapalapa, DF / CDMX, México, C.P. 09060, ID: 29179828",4 Recámaras | 3 Baños | 160 m 2,https://propiedades.com/inmuebles/casa-en-venta-roberto-gomez-317-escuadron-201-df-29179828#pagina=45&tipos=casas-venta&area=ciudad-de-mexico&pos=20
Ciudad De Mexico,45,"$28,500,000
MXN","Casa en venta, Roma #21, Col. Juárez, Cuauhtémoc, DF / CDMX, México, C.P. 06600, ID: 30670953",7 Recámaras | 3 Baños | 350 m 2,https://propiedades.com/inmuebles/casa-en-venta-roma-21-juarez-df-30670953#pagina=45&tipos=casas-venta&area=ciudad-de-mexico&pos=21
Ciudad De Mexico,45,"$1,985,000
MXN","Manzana, Col. Santa Cruz Aviación, Venustiano Carranza, DF / CDMX, México, C.P. 15540, ID: 29773291",4 Recámaras | 1 Baño,https://propiedades.com/inmuebles/casa-en-venta-manzana-santa-cruz-aviacion-df-29773291#pagina=45&tipos=casas-venta&area=ciudad-de-mexico&pos=22
Ciudad De Mexico,45,"$5,750,000
MXN","Cerrada Adolfo López Mateos 37 #37Int. 5, Col. Cuajimalpa, Cuajimalpa de Morelos, DF / CDMX, México, C.P. 05000, ID: 29507852",3 Recámaras | 3 Baños | 200 m 2,https://propiedades.com/inmuebles/casa-en-venta-cerrada-adolfo-lopez-mateos-37-37-cuajimalpa-df-29507852#pagina=45&tipos=casas-venta&area=ciudad-de-mexico&pos=23
Ciudad De Mexico,45,"$7,590,000
MXN","playa Caleta, Col. Iztaccihuatl, Benito Juárez, DF / CDMX, México, C.P. 03520, ID: 30589668",4 Recámaras | 3 Baños | 301 m 2,https://propiedades.com/inmuebles/casa-en-venta-playa-caleta-iztaccihuatl-df-30589668#pagina=45&tipos=casas-venta&area=ciudad-de-mexico&pos=24
Ciudad De Mexico,45,"$5,000,000
MXN","Venta de casa en Oriente 112 2705 #2705, Col. Gabriel Ramos Millán Sección Bramadero, Iztacalco, DF / CDMX, México, C.P. 08000, ID: 29869489",6 Recámaras | 4 Baños | 300 m 2,https://propiedades.com/inmuebles/casa-en-venta-oriente-112-2705-2705-gabriel-ramos-millan-seccion-bramadero-df-29869489#pagina=45&tipos=casas-venta&area=ciudad-de-mexico&pos=25
Ciudad De Mexico,45,"$3,000,000
MXN","Venta casa en Narciso Mendoza #Lt8 Mz 53, Col. Miguel Hidalgo 3A Sección, Tlalpan, DF / CDMX, México, C.P. 14250, ID: 30511279",2 Recámaras | 1 Baño,https://propiedades.com/inmuebles/casa-en-venta-narciso-mendoza-lt8-mz-53-miguel-hidalgo-3a-seccion-df-30511279#pagina=45&tipos=casas-venta&area=ciudad-de-mexico&pos=26
Ciudad De Mexico,45,"$3,300,000
MXN","Casa en venta disponible en Retablo 28, San Lorenzo Tezonco, Iztapalapa, 09790 Ciudad de México, CDMX #28, Col. San Lorenzo Tezonco, Iztapalapa, DF / CDMX, México, C.P. 09790, ID: 30324818",5 Recámaras | 4 Baños | 260 m 2,https://propiedades.com/inmuebles/casa-en-venta-retablo-28-san-lorenzo-tezonco-iztapalapa-09790-ciudad-de-mexico-cdmx-28-san-lorenzo-tezonco-df-30324818#pagina=45&tipos=casas-venta&area=ciudad-de-mexico&pos=27
Ciudad De Mexico,45,"$1,076,000
MXN","Se vende casa en NUBIA #121, Col. Clavería, Azcapotzalco, DF / CDMX, México, C.P. 02080, ID: 29179787",4 Recámaras | 3 Baños | 300 m 2,
Ciudad De Mexico,45,"$7,500,000
MXN","Casa en venta, Avenida Insurgentes Norte, Col. Vallejo Poniente, Gustavo A. Madero, DF / CDMX, México, C.P. 07790, ID: 30477431",9 Recámaras | 7 Baños | 429 m 2,https://propiedades.com/inmuebles/casa-en-venta-avenida-insurgentes-norte-vallejo-poniente-df-30477431#pagina=45&tipos=casas-venta&area=ciudad-de-mexico&pos=29
Ciudad De Mexico,45,"$1,204,121
MXN","Casa en venta, Camino Real a Xochimilco #s/n, Col. Ampliación La Noria, Xochimilco, DF / CDMX, México, C.P. 16030, ID: 29729128",3 Recámaras | 2 Baños | 126 m 2,https://propiedades.com/inmuebles/casa-en-venta-camino-real-a-xochimilco-sn-ampliacion-la-noria-df-29729128#pagina=45&tipos=casas-venta&area=ciudad-de-mexico&pos=30
Ciudad De Mexico,45,"$3,990,000
MXN","Se vende casa Calle Tezontitla, Col. San Andrés Totoltepec, Tlalpan, DF / CDMX, México, C.P. 14400, ID: 30011488",3 Recámaras | 2 Baños | 126 m 2,https://propiedades.com/inmuebles/casa-en-venta-calle-tezontitla-san-andres-totoltepec-df-30011488#pagina=45&tipos=casas-venta&area=ciudad-de-mexico&pos=31
Ciudad De Mexico,45,"$16,500,000
MXN","Venta de casa José Ignacio Bartolache 1805, Col del Valle Sur, Benito Juárez, 03104 Ciudad de México, CDMX #1805, Col. Del Valle Centro, Benito Juárez, DF / CDMX, México, C.P. 03100, ID: 30577830",3 Recámaras | 1 Baño | 264 m 2,https://propiedades.com/inmuebles/casa-en-venta-jose-ignacio-bartolache-1805-col-del-valle-sur-benito-juarez-03104-ciudad-de-mexico-cdmx-1805-del-valle-centro-df-30577830#pagina=45&tipos=casas-venta&area=ciudad-de-mexico&pos=32
Ciudad De Mexico,45,"$6,500,000
MXN","Av. del Imán 130, Cantil del Pedregal, Coyoacán, 04730 Ciudad de México, CDMX #130, Col. Cantil del Pedregal, Coyoacán, DF / CDMX, México, C.P. 04730, ID: 30585284",1 Recámara | 1 Baño | 159 m 2,https://propiedades.com/inmuebles/casa-en-venta-av-del-iman-130-cantil-del-pedregal-coyoacan-04730-ciudad-de-mexico-cdmx-130-cantil-del-pedregal-df-30585284#pagina=45&tipos=casas-venta&area=ciudad-de-mexico&pos=33
Ciudad De Mexico,45,"$9,500,000
MXN","Casa en venta, Rosas Moreno, Col. San Rafael, Cuauhtémoc, DF / CDMX, México, C.P. 06470, ID: 29338398",3 Recámaras | 2 Baños | 120 m 2,https://propiedades.com/inmuebles/casa-en-venta-rosas-moreno-san-rafael-df-29338398#pagina=45&tipos=casas-venta&area=ciudad-de-mexico&pos=34
Ciudad De Mexico,45,"$2,500,000
MXN","Venta de casa CERRADA DE SAN FELIPE #s/n, Col. Miguel Hidalgo 2A Sección, Tlalpan, DF / CDMX, México, C.P. 14250, ID: 29809080",4 Recámaras | 4 Baños | 180 m 2,https://propiedades.com/inmuebles/casa-en-venta-cerrada-de-san-felipe-sn-miguel-hidalgo-2a-seccion-df-29809080#pagina=45&tipos=casas-venta&area=ciudad-de-mexico&pos=35
Ciudad De Mexico,45,"$8,500,000
MXN","Casa disponible en venta en Cuicuilco, Letran Valle, 03650 Ciudad de México, CDMX #17, Col. Letrán Valle, Benito Juárez, DF / CDMX, México, C.P. 03650, ID: 30291010",4 Recámaras | 2 Baños | 200 m 2,https://propiedades.com/inmuebles/casa-en-venta-cuicuilco-letran-valle-03650-ciudad-de-mexico-cdmx-17-letran-valle-df-30291010#pagina=45&tipos=casas-venta&area=ciudad-de-mexico&pos=36
Ciudad De Mexico,45,"$1,358,000
MXN","Venta de casa , Col. Delegación Política Gustavo A Madero, Gustavo A. Madero, DF / CDMX, México, C.P. 07059, ID: 28960365",4 Recámaras | 4 Baños | 240 m 2,https://propiedades.com/inmuebles/casa-en-venta-delegacion-politica-gustavo-a-madero-df-28960365#pagina=45&tipos=casas-venta&area=ciudad-de-mexico&pos=37
Ciudad De Mexico,45,"$7,700,000
MXN","Casa en venta disponible en Av. San Jerónimo #1584Int. 11, Col. San Jerónimo Lídice, La Magdalena Contreras, DF / CDMX, México, C.P. 10200, ID: 30255996",5 Recámaras | 3 Baños,https://propiedades.com/inmuebles/casa-en-venta-av-san-jeronimo-1584-san-jeronimo-lidice-df-30255996#pagina=45&tipos=casas-venta&area=ciudad-de-mexico&pos=38
Ciudad De Mexico,45,"$2,800,000
MXN","Venta casa en Guerrero, 06300 Ciudad de México, CDMX, Col. Guerrero, Cuauhtémoc, DF / CDMX, México, C.P. 06300, ID: 30831516",2 Recámaras | 2 Baños | 150 m 2,https://propiedades.com/inmuebles/casa-en-venta-guerrero-06300-ciudad-de-mexico-cdmx-guerrero-df-30831516#pagina=45&tipos=casas-venta&area=ciudad-de-mexico&pos=39
Ciudad De Mexico,45,"$10,200,000
MXN","Se vende casa América, Parque San Andrés, Ciudad de México, CDMX, Col. Parque San Andrés, Coyoacán, DF / CDMX, México, C.P. 04040, ID: 30448805",3 Baños | 358 m 2,https://propiedades.com/inmuebles/casa-en-venta-america-parque-san-andres-ciudad-de-mexico-cdmx-parque-san-andres-df-30448805#pagina=45&tipos=casas-venta&area=ciudad-de-mexico&pos=40
Ciudad De Mexico,45,"$4,600,000
MXN","Venta casa en Av 553, Col. San Juan de Aragón I Sección, Gustavo A. Madero, DF / CDMX, México, C.P. 07969, ID: 29997143",3 Recámaras | 2 Baños | 190 m 2,https://propiedades.com/inmuebles/casa-en-venta-av-553-san-juan-de-aragon-i-seccion-df-29997143#pagina=45&tipos=casas-venta&area=ciudad-de-mexico&pos=41
Ciudad De Mexico,45,"$4,133,700
MXN","Se vende casa 25 de Enero 10, Campamento 2 de Octubre, Iztacalco, 08930 Ciudad de México, CDMX #10, Col. Campamento 2 de Octubre, Iztacalco, DF / CDMX, México, C.P. 08930, ID: 30459628",2 Recámaras | 1 Baño | 300 m 2,https://propiedades.com/inmuebles/casa-en-venta-25-de-enero-10-campamento-2-de-octubre-iztacalco-08930-ciudad-de-mexico-cdmx-10-campamento-2-de-octubre-df-30459628#pagina=45&tipos=casas-venta&area=ciudad-de-mexico&pos=42
Ciudad De Mexico,45,"$1,667,433
MXN","3 de Mayo, Col. San Juan Xalpa, Iztapalapa, DF / CDMX, México, C.P. 09850, ID: 30052950",2 Recámaras | 2 Baños | 228 m 2,https://propiedades.com/inmuebles/casa-en-venta-3-de-mayo-san-juan-xalpa-df-30052950#pagina=45&tipos=casas-venta&area=ciudad-de-mexico&pos=43
Ciudad De Mexico,45,"$24,000,000
MXN","Venta casa en Jardín , Col. San Angel, Álvaro Obregón, DF / CDMX, México, C.P. 01000, ID: 30528601",5 Recámaras | 4 Baños | 538 m 2,https://propiedades.com/inmuebles/casa-en-venta-jardin-san-angel-df-30528601#pagina=45&tipos=casas-venta&area=ciudad-de-mexico&pos=44
Ciudad De Mexico,45,"$17,590,000
MXN","Casa en venta disponible en Bécquer 22, Anzures, Miguel Hidalgo, 11590 Ciudad de México, CDMX #22, Col. Anzures, Miguel Hidalgo, DF / CDMX, México, C.P. 11590, ID: 30273624",3 Recámaras | 3 Baños | 226 m 2,https://propiedades.com/inmuebles/casa-en-venta-becquer-22-anzures-miguel-hidalgo-11590-ciudad-de-mexico-cdmx-22-anzures-df-30273624#pagina=45&tipos=casas-venta&area=ciudad-de-mexico&pos=45
Ciudad De Mexico,45,"$5,000,000
MXN","Venta de casa Dragon 51 #51, Col. Prado Churubusco, Coyoacán, DF / CDMX, México, C.P. 04230, ID: 29729926",3 Recámaras | 1 Baño | 160 m 2,https://propiedades.com/inmuebles/casa-en-venta-dragon-51-51-prado-churubusco-df-29729926#pagina=45&tipos=casas-venta&area=ciudad-de-mexico&pos=46
Ciudad De Mexico,45,"$1,700,000
USD","Casa disponible en venta en Sierra Paracaima, Col. Lomas de Chapultepec I Sección, Miguel Hidalgo, DF / CDMX, México, C.P. 11000, ID: 28628357",4 Recámaras | 4 Baños | 531 m 2,https://propiedades.com/inmuebles/casa-en-venta-sierra-paracaima-lomas-de-chapultepec-i-seccion-df-28628357#pagina=45&tipos=casas-venta&area=ciudad-de-mexico&pos=47
